Month,ID,weight,AssetClass
1969-02,CC,0.0,COMM
1969-02,CT,0.0,COMM
1969-02,DA,0.0,COMM
1969-02,JO,0.0,COMM
1969-02,KC,0.0,COMM
1969-02,LB,0.0,COMM
1969-02,MW,0.0,COMM
1969-02,SB,0.0,COMM
1969-02,ZA,0.0,COMM
1969-02,ZB,0.0,COMM
1969-02,ZC,0.0,COMM
1969-02,ZF,0.0,COMM
1969-02,ZG,0.0,COMM
1969-02,ZI,0.0,COMM
1969-02,ZK,0.0,COMM
1969-02,ZL,0.25,COMM
1969-02,ZM,0.25,COMM
1969-02,ZN,0.0,COMM
1969-02,ZO,0.0,COMM
1969-02,ZP,0.0,COMM
1969-02,ZR,0.0,COMM
1969-02,ZS,0.25,COMM
1969-02,ZT,0.0,COMM
1969-02,ZU,0.0,COMM
1969-02,ZW,0.25,COMM
1969-02,ZZ,0.0,COMM
1969-03,CC,0.0,COMM
1969-03,CT,0.0,COMM
1969-03,DA,0.0,COMM
1969-03,JO,0.0,COMM
1969-03,KC,0.0,COMM
1969-03,LB,0.0,COMM
1969-03,MW,0.0,COMM
1969-03,SB,0.0,COMM
1969-03,ZA,0.0,COMM
1969-03,ZB,0.0,COMM
1969-03,ZC,0.0,COMM
1969-03,ZF,0.0,COMM
1969-03,ZG,0.0,COMM
1969-03,ZI,0.0,COMM
1969-03,ZK,0.0,COMM
1969-03,ZL,0.25,COMM
1969-03,ZM,0.25,COMM
1969-03,ZN,0.0,COMM
1969-03,ZO,0.0,COMM
1969-03,ZP,0.0,COMM
1969-03,ZR,0.0,COMM
1969-03,ZS,0.25,COMM
1969-03,ZT,0.0,COMM
1969-03,ZU,0.0,COMM
1969-03,ZW,0.25,COMM
1969-03,ZZ,0.0,COMM
1969-04,CC,0.0,COMM
1969-04,CT,0.0,COMM
1969-04,DA,0.0,COMM
1969-04,JO,0.0,COMM
1969-04,KC,0.0,COMM
1969-04,LB,0.0,COMM
1969-04,MW,0.0,COMM
1969-04,SB,0.0,COMM
1969-04,ZA,0.0,COMM
1969-04,ZB,0.0,COMM
1969-04,ZC,0.0,COMM
1969-04,ZF,0.0,COMM
1969-04,ZG,0.0,COMM
1969-04,ZI,0.0,COMM
1969-04,ZK,0.0,COMM
1969-04,ZL,0.25,COMM
1969-04,ZM,0.25,COMM
1969-04,ZN,0.0,COMM
1969-04,ZO,0.0,COMM
1969-04,ZP,0.0,COMM
1969-04,ZR,0.0,COMM
1969-04,ZS,0.25,COMM
1969-04,ZT,0.0,COMM
1969-04,ZU,0.0,COMM
1969-04,ZW,0.25,COMM
1969-04,ZZ,0.0,COMM
1969-05,CC,0.0,COMM
1969-05,CT,0.0,COMM
1969-05,DA,0.0,COMM
1969-05,JO,0.0,COMM
1969-05,KC,0.0,COMM
1969-05,LB,0.0,COMM
1969-05,MW,0.0,COMM
1969-05,SB,0.0,COMM
1969-05,ZA,0.0,COMM
1969-05,ZB,0.0,COMM
1969-05,ZC,0.0,COMM
1969-05,ZF,0.0,COMM
1969-05,ZG,0.0,COMM
1969-05,ZI,0.0,COMM
1969-05,ZK,0.0,COMM
1969-05,ZL,0.25,COMM
1969-05,ZM,0.25,COMM
1969-05,ZN,0.0,COMM
1969-05,ZO,0.0,COMM
1969-05,ZP,0.0,COMM
1969-05,ZR,0.0,COMM
1969-05,ZS,0.25,COMM
1969-05,ZT,0.0,COMM
1969-05,ZU,0.0,COMM
1969-05,ZW,0.25,COMM
1969-05,ZZ,0.0,COMM
1969-06,CC,0.0,COMM
1969-06,CT,0.0,COMM
1969-06,DA,0.0,COMM
1969-06,JO,0.0,COMM
1969-06,KC,0.0,COMM
1969-06,LB,0.0,COMM
1969-06,MW,0.0,COMM
1969-06,SB,0.0,COMM
1969-06,ZA,0.0,COMM
1969-06,ZB,0.0,COMM
1969-06,ZC,0.0,COMM
1969-06,ZF,0.0,COMM
1969-06,ZG,0.0,COMM
1969-06,ZI,0.0,COMM
1969-06,ZK,0.0,COMM
1969-06,ZL,0.25,COMM
1969-06,ZM,0.25,COMM
1969-06,ZN,0.0,COMM
1969-06,ZO,0.0,COMM
1969-06,ZP,0.0,COMM
1969-06,ZR,0.0,COMM
1969-06,ZS,0.25,COMM
1969-06,ZT,0.0,COMM
1969-06,ZU,0.0,COMM
1969-06,ZW,0.25,COMM
1969-06,ZZ,0.0,COMM
1969-07,CC,0.0,COMM
1969-07,CT,0.0,COMM
1969-07,DA,0.0,COMM
1969-07,JO,0.0,COMM
1969-07,KC,0.0,COMM
1969-07,LB,0.0,COMM
1969-07,MW,0.0,COMM
1969-07,SB,0.0,COMM
1969-07,ZA,0.0,COMM
1969-07,ZB,0.0,COMM
1969-07,ZC,0.0,COMM
1969-07,ZF,0.0,COMM
1969-07,ZG,0.0,COMM
1969-07,ZI,0.0,COMM
1969-07,ZK,0.0,COMM
1969-07,ZL,0.25,COMM
1969-07,ZM,0.25,COMM
1969-07,ZN,0.0,COMM
1969-07,ZO,0.0,COMM
1969-07,ZP,0.0,COMM
1969-07,ZR,0.0,COMM
1969-07,ZS,0.25,COMM
1969-07,ZT,0.0,COMM
1969-07,ZU,0.0,COMM
1969-07,ZW,0.25,COMM
1969-07,ZZ,0.0,COMM
1969-08,CC,0.0,COMM
1969-08,CT,0.0,COMM
1969-08,DA,0.0,COMM
1969-08,JO,0.0,COMM
1969-08,KC,0.0,COMM
1969-08,LB,0.0,COMM
1969-08,MW,0.0,COMM
1969-08,SB,0.0,COMM
1969-08,ZA,0.0,COMM
1969-08,ZB,0.0,COMM
1969-08,ZC,0.0,COMM
1969-08,ZF,0.0,COMM
1969-08,ZG,0.0,COMM
1969-08,ZI,0.0,COMM
1969-08,ZK,0.0,COMM
1969-08,ZL,0.25,COMM
1969-08,ZM,0.25,COMM
1969-08,ZN,0.0,COMM
1969-08,ZO,0.0,COMM
1969-08,ZP,0.0,COMM
1969-08,ZR,0.0,COMM
1969-08,ZS,0.25,COMM
1969-08,ZT,0.0,COMM
1969-08,ZU,0.0,COMM
1969-08,ZW,0.25,COMM
1969-08,ZZ,0.0,COMM
1969-09,CC,0.0,COMM
1969-09,CT,0.0,COMM
1969-09,DA,0.0,COMM
1969-09,JO,0.0,COMM
1969-09,KC,0.0,COMM
1969-09,LB,0.0,COMM
1969-09,MW,0.0,COMM
1969-09,SB,0.0,COMM
1969-09,ZA,0.0,COMM
1969-09,ZB,0.0,COMM
1969-09,ZC,0.0,COMM
1969-09,ZF,0.0,COMM
1969-09,ZG,0.0,COMM
1969-09,ZI,0.0,COMM
1969-09,ZK,0.0,COMM
1969-09,ZL,0.25,COMM
1969-09,ZM,0.25,COMM
1969-09,ZN,0.0,COMM
1969-09,ZO,0.0,COMM
1969-09,ZP,0.0,COMM
1969-09,ZR,0.0,COMM
1969-09,ZS,0.25,COMM
1969-09,ZT,0.0,COMM
1969-09,ZU,0.0,COMM
1969-09,ZW,0.25,COMM
1969-09,ZZ,0.0,COMM
1969-10,CC,0.0,COMM
1969-10,CT,0.0,COMM
1969-10,DA,0.0,COMM
1969-10,JO,0.0,COMM
1969-10,KC,0.0,COMM
1969-10,LB,0.0,COMM
1969-10,MW,0.0,COMM
1969-10,SB,0.0,COMM
1969-10,ZA,0.0,COMM
1969-10,ZB,0.0,COMM
1969-10,ZC,0.0,COMM
1969-10,ZF,0.0,COMM
1969-10,ZG,0.0,COMM
1969-10,ZI,0.0,COMM
1969-10,ZK,0.0,COMM
1969-10,ZL,0.25,COMM
1969-10,ZM,0.25,COMM
1969-10,ZN,0.0,COMM
1969-10,ZO,0.0,COMM
1969-10,ZP,0.0,COMM
1969-10,ZR,0.0,COMM
1969-10,ZS,0.25,COMM
1969-10,ZT,0.0,COMM
1969-10,ZU,0.0,COMM
1969-10,ZW,0.25,COMM
1969-10,ZZ,0.0,COMM
1969-11,CC,0.0,COMM
1969-11,CT,0.0,COMM
1969-11,DA,0.0,COMM
1969-11,JO,0.0,COMM
1969-11,KC,0.0,COMM
1969-11,LB,0.0,COMM
1969-11,MW,0.0,COMM
1969-11,SB,0.0,COMM
1969-11,ZA,0.0,COMM
1969-11,ZB,0.0,COMM
1969-11,ZC,0.0,COMM
1969-11,ZF,0.0,COMM
1969-11,ZG,0.0,COMM
1969-11,ZI,0.0,COMM
1969-11,ZK,0.0,COMM
1969-11,ZL,0.25,COMM
1969-11,ZM,0.25,COMM
1969-11,ZN,0.0,COMM
1969-11,ZO,0.0,COMM
1969-11,ZP,0.0,COMM
1969-11,ZR,0.0,COMM
1969-11,ZS,0.25,COMM
1969-11,ZT,0.0,COMM
1969-11,ZU,0.0,COMM
1969-11,ZW,0.25,COMM
1969-11,ZZ,0.0,COMM
1969-12,CC,0.0,COMM
1969-12,CT,0.0,COMM
1969-12,DA,0.0,COMM
1969-12,JO,0.0,COMM
1969-12,KC,0.0,COMM
1969-12,LB,0.0,COMM
1969-12,MW,0.0,COMM
1969-12,SB,0.0,COMM
1969-12,ZA,0.0,COMM
1969-12,ZB,0.0,COMM
1969-12,ZC,0.0,COMM
1969-12,ZF,0.0,COMM
1969-12,ZG,0.0,COMM
1969-12,ZI,0.0,COMM
1969-12,ZK,0.0,COMM
1969-12,ZL,0.25,COMM
1969-12,ZM,0.25,COMM
1969-12,ZN,0.0,COMM
1969-12,ZO,0.0,COMM
1969-12,ZP,0.0,COMM
1969-12,ZR,0.0,COMM
1969-12,ZS,0.25,COMM
1969-12,ZT,0.0,COMM
1969-12,ZU,0.0,COMM
1969-12,ZW,0.25,COMM
1969-12,ZZ,0.0,COMM
1970-01,CC,0.0,COMM
1970-01,CT,0.0,COMM
1970-01,DA,0.0,COMM
1970-01,JO,0.0,COMM
1970-01,KC,0.0,COMM
1970-01,LB,0.0,COMM
1970-01,MW,0.0,COMM
1970-01,SB,0.0,COMM
1970-01,ZA,0.0,COMM
1970-01,ZB,0.0,COMM
1970-01,ZC,0.0,COMM
1970-01,ZF,0.0,COMM
1970-01,ZG,0.0,COMM
1970-01,ZI,0.0,COMM
1970-01,ZK,0.0,COMM
1970-01,ZL,0.25,COMM
1970-01,ZM,0.25,COMM
1970-01,ZN,0.0,COMM
1970-01,ZO,0.0,COMM
1970-01,ZP,0.0,COMM
1970-01,ZR,0.0,COMM
1970-01,ZS,0.25,COMM
1970-01,ZT,0.0,COMM
1970-01,ZU,0.0,COMM
1970-01,ZW,0.25,COMM
1970-01,ZZ,0.0,COMM
1970-02,CC,0.0,COMM
1970-02,CT,0.0,COMM
1970-02,DA,0.0,COMM
1970-02,JO,0.0,COMM
1970-02,KC,0.0,COMM
1970-02,LB,0.0,COMM
1970-02,MW,0.0,COMM
1970-02,SB,0.0,COMM
1970-02,ZA,0.0,COMM
1970-02,ZB,0.0,COMM
1970-02,ZC,0.16666666666666666,COMM
1970-02,ZF,0.0,COMM
1970-02,ZG,0.0,COMM
1970-02,ZI,0.0,COMM
1970-02,ZK,0.0,COMM
1970-02,ZL,0.16666666666666666,COMM
1970-02,ZM,0.16666666666666666,COMM
1970-02,ZN,0.0,COMM
1970-02,ZO,0.0,COMM
1970-02,ZP,0.0,COMM
1970-02,ZR,0.0,COMM
1970-02,ZS,0.16666666666666666,COMM
1970-02,ZT,0.0,COMM
1970-02,ZU,0.0,COMM
1970-02,ZW,0.16666666666666666,COMM
1970-02,ZZ,0.16666666666666666,COMM
1970-03,CC,0.0,COMM
1970-03,CT,0.0,COMM
1970-03,DA,0.0,COMM
1970-03,JO,0.0,COMM
1970-03,KC,0.0,COMM
1970-03,LB,0.0,COMM
1970-03,MW,0.0,COMM
1970-03,SB,0.0,COMM
1970-03,ZA,0.0,COMM
1970-03,ZB,0.0,COMM
1970-03,ZC,0.16666666666666666,COMM
1970-03,ZF,0.0,COMM
1970-03,ZG,0.0,COMM
1970-03,ZI,0.0,COMM
1970-03,ZK,0.0,COMM
1970-03,ZL,0.16666666666666666,COMM
1970-03,ZM,0.16666666666666666,COMM
1970-03,ZN,0.0,COMM
1970-03,ZO,0.0,COMM
1970-03,ZP,0.0,COMM
1970-03,ZR,0.0,COMM
1970-03,ZS,0.16666666666666666,COMM
1970-03,ZT,0.0,COMM
1970-03,ZU,0.0,COMM
1970-03,ZW,0.16666666666666666,COMM
1970-03,ZZ,0.16666666666666666,COMM
1970-04,CC,0.0,COMM
1970-04,CT,0.0,COMM
1970-04,DA,0.0,COMM
1970-04,JO,0.0,COMM
1970-04,KC,0.0,COMM
1970-04,LB,0.0,COMM
1970-04,MW,0.0,COMM
1970-04,SB,0.0,COMM
1970-04,ZA,0.0,COMM
1970-04,ZB,0.0,COMM
1970-04,ZC,0.16666666666666666,COMM
1970-04,ZF,0.0,COMM
1970-04,ZG,0.0,COMM
1970-04,ZI,0.0,COMM
1970-04,ZK,0.0,COMM
1970-04,ZL,0.16666666666666666,COMM
1970-04,ZM,0.16666666666666666,COMM
1970-04,ZN,0.0,COMM
1970-04,ZO,0.0,COMM
1970-04,ZP,0.0,COMM
1970-04,ZR,0.0,COMM
1970-04,ZS,0.16666666666666666,COMM
1970-04,ZT,0.0,COMM
1970-04,ZU,0.0,COMM
1970-04,ZW,0.16666666666666666,COMM
1970-04,ZZ,0.16666666666666666,COMM
1970-05,CC,0.0,COMM
1970-05,CT,0.0,COMM
1970-05,DA,0.0,COMM
1970-05,JO,0.0,COMM
1970-05,KC,0.0,COMM
1970-05,LB,0.0,COMM
1970-05,MW,0.0,COMM
1970-05,SB,0.0,COMM
1970-05,ZA,0.0,COMM
1970-05,ZB,0.0,COMM
1970-05,ZC,0.16666666666666666,COMM
1970-05,ZF,0.0,COMM
1970-05,ZG,0.0,COMM
1970-05,ZI,0.0,COMM
1970-05,ZK,0.0,COMM
1970-05,ZL,0.16666666666666666,COMM
1970-05,ZM,0.16666666666666666,COMM
1970-05,ZN,0.0,COMM
1970-05,ZO,0.0,COMM
1970-05,ZP,0.0,COMM
1970-05,ZR,0.0,COMM
1970-05,ZS,0.16666666666666666,COMM
1970-05,ZT,0.0,COMM
1970-05,ZU,0.0,COMM
1970-05,ZW,0.16666666666666666,COMM
1970-05,ZZ,0.16666666666666666,COMM
1970-06,CC,0.0,COMM
1970-06,CT,0.0,COMM
1970-06,DA,0.0,COMM
1970-06,JO,0.0,COMM
1970-06,KC,0.0,COMM
1970-06,LB,0.0,COMM
1970-06,MW,0.0,COMM
1970-06,SB,0.0,COMM
1970-06,ZA,0.0,COMM
1970-06,ZB,0.0,COMM
1970-06,ZC,0.16666666666666666,COMM
1970-06,ZF,0.0,COMM
1970-06,ZG,0.0,COMM
1970-06,ZI,0.0,COMM
1970-06,ZK,0.0,COMM
1970-06,ZL,0.16666666666666666,COMM
1970-06,ZM,0.16666666666666666,COMM
1970-06,ZN,0.0,COMM
1970-06,ZO,0.0,COMM
1970-06,ZP,0.0,COMM
1970-06,ZR,0.0,COMM
1970-06,ZS,0.16666666666666666,COMM
1970-06,ZT,0.0,COMM
1970-06,ZU,0.0,COMM
1970-06,ZW,0.16666666666666666,COMM
1970-06,ZZ,0.16666666666666666,COMM
1970-07,CC,0.0,COMM
1970-07,CT,0.0,COMM
1970-07,DA,0.0,COMM
1970-07,JO,0.0,COMM
1970-07,KC,0.0,COMM
1970-07,LB,0.0,COMM
1970-07,MW,0.0,COMM
1970-07,SB,0.0,COMM
1970-07,ZA,0.0,COMM
1970-07,ZB,0.0,COMM
1970-07,ZC,0.16666666666666666,COMM
1970-07,ZF,0.0,COMM
1970-07,ZG,0.0,COMM
1970-07,ZI,0.0,COMM
1970-07,ZK,0.0,COMM
1970-07,ZL,0.16666666666666666,COMM
1970-07,ZM,0.16666666666666666,COMM
1970-07,ZN,0.0,COMM
1970-07,ZO,0.0,COMM
1970-07,ZP,0.0,COMM
1970-07,ZR,0.0,COMM
1970-07,ZS,0.16666666666666666,COMM
1970-07,ZT,0.0,COMM
1970-07,ZU,0.0,COMM
1970-07,ZW,0.16666666666666666,COMM
1970-07,ZZ,0.16666666666666666,COMM
1970-08,CC,0.0,COMM
1970-08,CT,0.0,COMM
1970-08,DA,0.0,COMM
1970-08,JO,0.0,COMM
1970-08,KC,0.0,COMM
1970-08,LB,0.0,COMM
1970-08,MW,0.0,COMM
1970-08,SB,0.0,COMM
1970-08,ZA,0.0,COMM
1970-08,ZB,0.0,COMM
1970-08,ZC,0.16666666666666666,COMM
1970-08,ZF,0.0,COMM
1970-08,ZG,0.0,COMM
1970-08,ZI,0.0,COMM
1970-08,ZK,0.0,COMM
1970-08,ZL,0.16666666666666666,COMM
1970-08,ZM,0.16666666666666666,COMM
1970-08,ZN,0.0,COMM
1970-08,ZO,0.0,COMM
1970-08,ZP,0.0,COMM
1970-08,ZR,0.0,COMM
1970-08,ZS,0.16666666666666666,COMM
1970-08,ZT,0.0,COMM
1970-08,ZU,0.0,COMM
1970-08,ZW,0.16666666666666666,COMM
1970-08,ZZ,0.16666666666666666,COMM
1970-09,CC,0.0,COMM
1970-09,CT,0.0,COMM
1970-09,DA,0.0,COMM
1970-09,JO,0.0,COMM
1970-09,KC,0.0,COMM
1970-09,LB,0.0,COMM
1970-09,MW,0.0,COMM
1970-09,SB,0.0,COMM
1970-09,ZA,0.0,COMM
1970-09,ZB,0.0,COMM
1970-09,ZC,0.16666666666666666,COMM
1970-09,ZF,0.0,COMM
1970-09,ZG,0.0,COMM
1970-09,ZI,0.0,COMM
1970-09,ZK,0.0,COMM
1970-09,ZL,0.16666666666666666,COMM
1970-09,ZM,0.16666666666666666,COMM
1970-09,ZN,0.0,COMM
1970-09,ZO,0.0,COMM
1970-09,ZP,0.0,COMM
1970-09,ZR,0.0,COMM
1970-09,ZS,0.16666666666666666,COMM
1970-09,ZT,0.0,COMM
1970-09,ZU,0.0,COMM
1970-09,ZW,0.16666666666666666,COMM
1970-09,ZZ,0.16666666666666666,COMM
1970-10,CC,0.0,COMM
1970-10,CT,0.0,COMM
1970-10,DA,0.0,COMM
1970-10,JO,0.0,COMM
1970-10,KC,0.0,COMM
1970-10,LB,0.0,COMM
1970-10,MW,0.0,COMM
1970-10,SB,0.0,COMM
1970-10,ZA,0.0,COMM
1970-10,ZB,0.0,COMM
1970-10,ZC,0.16666666666666666,COMM
1970-10,ZF,0.0,COMM
1970-10,ZG,0.0,COMM
1970-10,ZI,0.0,COMM
1970-10,ZK,0.0,COMM
1970-10,ZL,0.16666666666666666,COMM
1970-10,ZM,0.16666666666666666,COMM
1970-10,ZN,0.0,COMM
1970-10,ZO,0.0,COMM
1970-10,ZP,0.0,COMM
1970-10,ZR,0.0,COMM
1970-10,ZS,0.16666666666666666,COMM
1970-10,ZT,0.0,COMM
1970-10,ZU,0.0,COMM
1970-10,ZW,0.16666666666666666,COMM
1970-10,ZZ,0.16666666666666666,COMM
1970-11,CC,0.0,COMM
1970-11,CT,0.0,COMM
1970-11,DA,0.0,COMM
1970-11,JO,0.0,COMM
1970-11,KC,0.0,COMM
1970-11,LB,0.0,COMM
1970-11,MW,0.0,COMM
1970-11,SB,0.0,COMM
1970-11,ZA,0.0,COMM
1970-11,ZB,0.0,COMM
1970-11,ZC,0.16666666666666666,COMM
1970-11,ZF,0.0,COMM
1970-11,ZG,0.0,COMM
1970-11,ZI,0.0,COMM
1970-11,ZK,0.0,COMM
1970-11,ZL,0.16666666666666666,COMM
1970-11,ZM,0.16666666666666666,COMM
1970-11,ZN,0.0,COMM
1970-11,ZO,0.0,COMM
1970-11,ZP,0.0,COMM
1970-11,ZR,0.0,COMM
1970-11,ZS,0.16666666666666666,COMM
1970-11,ZT,0.0,COMM
1970-11,ZU,0.0,COMM
1970-11,ZW,0.16666666666666666,COMM
1970-11,ZZ,0.16666666666666666,COMM
1970-12,CC,0.0,COMM
1970-12,CT,0.0,COMM
1970-12,DA,0.0,COMM
1970-12,JO,0.0,COMM
1970-12,KC,0.0,COMM
1970-12,LB,0.0,COMM
1970-12,MW,0.0,COMM
1970-12,SB,0.0,COMM
1970-12,ZA,0.0,COMM
1970-12,ZB,0.0,COMM
1970-12,ZC,0.16666666666666666,COMM
1970-12,ZF,0.0,COMM
1970-12,ZG,0.0,COMM
1970-12,ZI,0.0,COMM
1970-12,ZK,0.0,COMM
1970-12,ZL,0.16666666666666666,COMM
1970-12,ZM,0.16666666666666666,COMM
1970-12,ZN,0.0,COMM
1970-12,ZO,0.0,COMM
1970-12,ZP,0.0,COMM
1970-12,ZR,0.0,COMM
1970-12,ZS,0.16666666666666666,COMM
1970-12,ZT,0.0,COMM
1970-12,ZU,0.0,COMM
1970-12,ZW,0.16666666666666666,COMM
1970-12,ZZ,0.16666666666666666,COMM
1971-01,CC,0.0,COMM
1971-01,CT,0.0,COMM
1971-01,DA,0.0,COMM
1971-01,JO,0.0,COMM
1971-01,KC,0.0,COMM
1971-01,LB,0.0,COMM
1971-01,MW,0.0,COMM
1971-01,SB,0.0,COMM
1971-01,ZA,0.0,COMM
1971-01,ZB,0.0,COMM
1971-01,ZC,0.16666666666666666,COMM
1971-01,ZF,0.0,COMM
1971-01,ZG,0.0,COMM
1971-01,ZI,0.0,COMM
1971-01,ZK,0.0,COMM
1971-01,ZL,0.16666666666666666,COMM
1971-01,ZM,0.16666666666666666,COMM
1971-01,ZN,0.0,COMM
1971-01,ZO,0.0,COMM
1971-01,ZP,0.0,COMM
1971-01,ZR,0.0,COMM
1971-01,ZS,0.16666666666666666,COMM
1971-01,ZT,0.0,COMM
1971-01,ZU,0.0,COMM
1971-01,ZW,0.16666666666666666,COMM
1971-01,ZZ,0.16666666666666666,COMM
1971-02,CC,0.0,COMM
1971-02,CT,0.0,COMM
1971-02,DA,0.0,COMM
1971-02,JO,0.0,COMM
1971-02,KC,0.0,COMM
1971-02,LB,0.0,COMM
1971-02,MW,0.0,COMM
1971-02,SB,0.0,COMM
1971-02,ZA,0.0,COMM
1971-02,ZB,0.0,COMM
1971-02,ZC,0.14285714285714285,COMM
1971-02,ZF,0.0,COMM
1971-02,ZG,0.0,COMM
1971-02,ZI,0.0,COMM
1971-02,ZK,0.0,COMM
1971-02,ZL,0.14285714285714285,COMM
1971-02,ZM,0.14285714285714285,COMM
1971-02,ZN,0.0,COMM
1971-02,ZO,0.0,COMM
1971-02,ZP,0.0,COMM
1971-02,ZR,0.0,COMM
1971-02,ZS,0.14285714285714285,COMM
1971-02,ZT,0.14285714285714285,COMM
1971-02,ZU,0.0,COMM
1971-02,ZW,0.14285714285714285,COMM
1971-02,ZZ,0.14285714285714285,COMM
1971-03,CC,0.0,COMM
1971-03,CT,0.0,COMM
1971-03,DA,0.0,COMM
1971-03,JO,0.0,COMM
1971-03,KC,0.0,COMM
1971-03,LB,0.0,COMM
1971-03,MW,0.0,COMM
1971-03,SB,0.0,COMM
1971-03,ZA,0.0,COMM
1971-03,ZB,0.0,COMM
1971-03,ZC,0.14285714285714285,COMM
1971-03,ZF,0.0,COMM
1971-03,ZG,0.0,COMM
1971-03,ZI,0.0,COMM
1971-03,ZK,0.0,COMM
1971-03,ZL,0.14285714285714285,COMM
1971-03,ZM,0.14285714285714285,COMM
1971-03,ZN,0.0,COMM
1971-03,ZO,0.0,COMM
1971-03,ZP,0.0,COMM
1971-03,ZR,0.0,COMM
1971-03,ZS,0.14285714285714285,COMM
1971-03,ZT,0.14285714285714285,COMM
1971-03,ZU,0.0,COMM
1971-03,ZW,0.14285714285714285,COMM
1971-03,ZZ,0.14285714285714285,COMM
1971-04,CC,0.0,COMM
1971-04,CT,0.0,COMM
1971-04,DA,0.0,COMM
1971-04,JO,0.0,COMM
1971-04,KC,0.0,COMM
1971-04,LB,0.0,COMM
1971-04,MW,0.0,COMM
1971-04,SB,0.0,COMM
1971-04,ZA,0.0,COMM
1971-04,ZB,0.0,COMM
1971-04,ZC,0.14285714285714285,COMM
1971-04,ZF,0.0,COMM
1971-04,ZG,0.0,COMM
1971-04,ZI,0.0,COMM
1971-04,ZK,0.0,COMM
1971-04,ZL,0.14285714285714285,COMM
1971-04,ZM,0.14285714285714285,COMM
1971-04,ZN,0.0,COMM
1971-04,ZO,0.0,COMM
1971-04,ZP,0.0,COMM
1971-04,ZR,0.0,COMM
1971-04,ZS,0.14285714285714285,COMM
1971-04,ZT,0.14285714285714285,COMM
1971-04,ZU,0.0,COMM
1971-04,ZW,0.14285714285714285,COMM
1971-04,ZZ,0.14285714285714285,COMM
1971-05,CC,0.0,COMM
1971-05,CT,0.0,COMM
1971-05,DA,0.0,COMM
1971-05,JO,0.0,COMM
1971-05,KC,0.0,COMM
1971-05,LB,0.0,COMM
1971-05,MW,0.0,COMM
1971-05,SB,0.0,COMM
1971-05,ZA,0.0,COMM
1971-05,ZB,0.0,COMM
1971-05,ZC,0.14285714285714285,COMM
1971-05,ZF,0.0,COMM
1971-05,ZG,0.0,COMM
1971-05,ZI,0.0,COMM
1971-05,ZK,0.0,COMM
1971-05,ZL,0.14285714285714285,COMM
1971-05,ZM,0.14285714285714285,COMM
1971-05,ZN,0.0,COMM
1971-05,ZO,0.0,COMM
1971-05,ZP,0.0,COMM
1971-05,ZR,0.0,COMM
1971-05,ZS,0.14285714285714285,COMM
1971-05,ZT,0.14285714285714285,COMM
1971-05,ZU,0.0,COMM
1971-05,ZW,0.14285714285714285,COMM
1971-05,ZZ,0.14285714285714285,COMM
1971-06,CC,0.0,COMM
1971-06,CT,0.0,COMM
1971-06,DA,0.0,COMM
1971-06,JO,0.0,COMM
1971-06,KC,0.0,COMM
1971-06,LB,0.0,COMM
1971-06,MW,0.0,COMM
1971-06,SB,0.0,COMM
1971-06,ZA,0.0,COMM
1971-06,ZB,0.0,COMM
1971-06,ZC,0.14285714285714285,COMM
1971-06,ZF,0.0,COMM
1971-06,ZG,0.0,COMM
1971-06,ZI,0.0,COMM
1971-06,ZK,0.0,COMM
1971-06,ZL,0.14285714285714285,COMM
1971-06,ZM,0.14285714285714285,COMM
1971-06,ZN,0.0,COMM
1971-06,ZO,0.0,COMM
1971-06,ZP,0.0,COMM
1971-06,ZR,0.0,COMM
1971-06,ZS,0.14285714285714285,COMM
1971-06,ZT,0.14285714285714285,COMM
1971-06,ZU,0.0,COMM
1971-06,ZW,0.14285714285714285,COMM
1971-06,ZZ,0.14285714285714285,COMM
1971-07,CC,0.0,COMM
1971-07,CT,0.0,COMM
1971-07,DA,0.0,COMM
1971-07,JO,0.0,COMM
1971-07,KC,0.0,COMM
1971-07,LB,0.0,COMM
1971-07,MW,0.0,COMM
1971-07,SB,0.0,COMM
1971-07,ZA,0.0,COMM
1971-07,ZB,0.0,COMM
1971-07,ZC,0.14285714285714285,COMM
1971-07,ZF,0.0,COMM
1971-07,ZG,0.0,COMM
1971-07,ZI,0.0,COMM
1971-07,ZK,0.0,COMM
1971-07,ZL,0.14285714285714285,COMM
1971-07,ZM,0.14285714285714285,COMM
1971-07,ZN,0.0,COMM
1971-07,ZO,0.0,COMM
1971-07,ZP,0.0,COMM
1971-07,ZR,0.0,COMM
1971-07,ZS,0.14285714285714285,COMM
1971-07,ZT,0.14285714285714285,COMM
1971-07,ZU,0.0,COMM
1971-07,ZW,0.14285714285714285,COMM
1971-07,ZZ,0.14285714285714285,COMM
1971-08,CC,0.0,COMM
1971-08,CT,0.0,COMM
1971-08,DA,0.0,COMM
1971-08,JO,0.0,COMM
1971-08,KC,0.0,COMM
1971-08,LB,0.0,COMM
1971-08,MW,0.0,COMM
1971-08,SB,0.0,COMM
1971-08,ZA,0.0,COMM
1971-08,ZB,0.0,COMM
1971-08,ZC,0.14285714285714285,COMM
1971-08,ZF,0.0,COMM
1971-08,ZG,0.0,COMM
1971-08,ZI,0.0,COMM
1971-08,ZK,0.0,COMM
1971-08,ZL,0.14285714285714285,COMM
1971-08,ZM,0.14285714285714285,COMM
1971-08,ZN,0.0,COMM
1971-08,ZO,0.0,COMM
1971-08,ZP,0.0,COMM
1971-08,ZR,0.0,COMM
1971-08,ZS,0.14285714285714285,COMM
1971-08,ZT,0.14285714285714285,COMM
1971-08,ZU,0.0,COMM
1971-08,ZW,0.14285714285714285,COMM
1971-08,ZZ,0.14285714285714285,COMM
1971-09,CC,0.0,COMM
1971-09,CT,0.0,COMM
1971-09,DA,0.0,COMM
1971-09,JO,0.0,COMM
1971-09,KC,0.0,COMM
1971-09,LB,0.0,COMM
1971-09,MW,0.0,COMM
1971-09,SB,0.0,COMM
1971-09,ZA,0.0,COMM
1971-09,ZB,0.0,COMM
1971-09,ZC,0.14285714285714285,COMM
1971-09,ZF,0.0,COMM
1971-09,ZG,0.0,COMM
1971-09,ZI,0.0,COMM
1971-09,ZK,0.0,COMM
1971-09,ZL,0.14285714285714285,COMM
1971-09,ZM,0.14285714285714285,COMM
1971-09,ZN,0.0,COMM
1971-09,ZO,0.0,COMM
1971-09,ZP,0.0,COMM
1971-09,ZR,0.0,COMM
1971-09,ZS,0.14285714285714285,COMM
1971-09,ZT,0.14285714285714285,COMM
1971-09,ZU,0.0,COMM
1971-09,ZW,0.14285714285714285,COMM
1971-09,ZZ,0.14285714285714285,COMM
1971-10,CC,0.0,COMM
1971-10,CT,0.0,COMM
1971-10,DA,0.0,COMM
1971-10,JO,0.0,COMM
1971-10,KC,0.0,COMM
1971-10,LB,0.0,COMM
1971-10,MW,0.0,COMM
1971-10,SB,0.0,COMM
1971-10,ZA,0.0,COMM
1971-10,ZB,0.0,COMM
1971-10,ZC,0.14285714285714285,COMM
1971-10,ZF,0.0,COMM
1971-10,ZG,0.0,COMM
1971-10,ZI,0.0,COMM
1971-10,ZK,0.0,COMM
1971-10,ZL,0.14285714285714285,COMM
1971-10,ZM,0.14285714285714285,COMM
1971-10,ZN,0.0,COMM
1971-10,ZO,0.0,COMM
1971-10,ZP,0.0,COMM
1971-10,ZR,0.0,COMM
1971-10,ZS,0.14285714285714285,COMM
1971-10,ZT,0.14285714285714285,COMM
1971-10,ZU,0.0,COMM
1971-10,ZW,0.14285714285714285,COMM
1971-10,ZZ,0.14285714285714285,COMM
1971-11,CC,0.0,COMM
1971-11,CT,0.0,COMM
1971-11,DA,0.0,COMM
1971-11,JO,0.0,COMM
1971-11,KC,0.0,COMM
1971-11,LB,0.0,COMM
1971-11,MW,0.0,COMM
1971-11,SB,0.0,COMM
1971-11,ZA,0.0,COMM
1971-11,ZB,0.0,COMM
1971-11,ZC,0.14285714285714285,COMM
1971-11,ZF,0.0,COMM
1971-11,ZG,0.0,COMM
1971-11,ZI,0.0,COMM
1971-11,ZK,0.0,COMM
1971-11,ZL,0.14285714285714285,COMM
1971-11,ZM,0.14285714285714285,COMM
1971-11,ZN,0.0,COMM
1971-11,ZO,0.0,COMM
1971-11,ZP,0.0,COMM
1971-11,ZR,0.0,COMM
1971-11,ZS,0.14285714285714285,COMM
1971-11,ZT,0.14285714285714285,COMM
1971-11,ZU,0.0,COMM
1971-11,ZW,0.14285714285714285,COMM
1971-11,ZZ,0.14285714285714285,COMM
1971-12,CC,0.0,COMM
1971-12,CT,0.0,COMM
1971-12,DA,0.0,COMM
1971-12,JO,0.0,COMM
1971-12,KC,0.0,COMM
1971-12,LB,0.0,COMM
1971-12,MW,0.0,COMM
1971-12,SB,0.0,COMM
1971-12,ZA,0.0,COMM
1971-12,ZB,0.0,COMM
1971-12,ZC,0.14285714285714285,COMM
1971-12,ZF,0.0,COMM
1971-12,ZG,0.0,COMM
1971-12,ZI,0.0,COMM
1971-12,ZK,0.0,COMM
1971-12,ZL,0.14285714285714285,COMM
1971-12,ZM,0.14285714285714285,COMM
1971-12,ZN,0.0,COMM
1971-12,ZO,0.0,COMM
1971-12,ZP,0.0,COMM
1971-12,ZR,0.0,COMM
1971-12,ZS,0.14285714285714285,COMM
1971-12,ZT,0.14285714285714285,COMM
1971-12,ZU,0.0,COMM
1971-12,ZW,0.14285714285714285,COMM
1971-12,ZZ,0.14285714285714285,COMM
1972-01,CC,0.0,COMM
1972-01,CT,0.0,COMM
1972-01,DA,0.0,COMM
1972-01,JO,0.0,COMM
1972-01,KC,0.0,COMM
1972-01,LB,0.0,COMM
1972-01,MW,0.0,COMM
1972-01,SB,0.0,COMM
1972-01,ZA,0.0,COMM
1972-01,ZB,0.0,COMM
1972-01,ZC,0.14285714285714285,COMM
1972-01,ZF,0.0,COMM
1972-01,ZG,0.0,COMM
1972-01,ZI,0.0,COMM
1972-01,ZK,0.0,COMM
1972-01,ZL,0.14285714285714285,COMM
1972-01,ZM,0.14285714285714285,COMM
1972-01,ZN,0.0,COMM
1972-01,ZO,0.0,COMM
1972-01,ZP,0.0,COMM
1972-01,ZR,0.0,COMM
1972-01,ZS,0.14285714285714285,COMM
1972-01,ZT,0.14285714285714285,COMM
1972-01,ZU,0.0,COMM
1972-01,ZW,0.14285714285714285,COMM
1972-01,ZZ,0.14285714285714285,COMM
1972-02,CC,0.0,COMM
1972-02,CT,0.0,COMM
1972-02,DA,0.0,COMM
1972-02,JO,0.0,COMM
1972-02,KC,0.0,COMM
1972-02,LB,0.0,COMM
1972-02,MW,0.0,COMM
1972-02,SB,0.0,COMM
1972-02,ZA,0.0,COMM
1972-02,ZB,0.0,COMM
1972-02,ZC,0.14285714285714285,COMM
1972-02,ZF,0.0,COMM
1972-02,ZG,0.0,COMM
1972-02,ZI,0.0,COMM
1972-02,ZK,0.0,COMM
1972-02,ZL,0.14285714285714285,COMM
1972-02,ZM,0.14285714285714285,COMM
1972-02,ZN,0.0,COMM
1972-02,ZO,0.0,COMM
1972-02,ZP,0.0,COMM
1972-02,ZR,0.0,COMM
1972-02,ZS,0.14285714285714285,COMM
1972-02,ZT,0.14285714285714285,COMM
1972-02,ZU,0.0,COMM
1972-02,ZW,0.14285714285714285,COMM
1972-02,ZZ,0.14285714285714285,COMM
1972-03,CC,0.0,COMM
1972-03,CT,0.0,COMM
1972-03,DA,0.0,COMM
1972-03,JO,0.0,COMM
1972-03,KC,0.0,COMM
1972-03,LB,0.0,COMM
1972-03,MW,0.0,COMM
1972-03,SB,0.0,COMM
1972-03,ZA,0.0,COMM
1972-03,ZB,0.0,COMM
1972-03,ZC,0.14285714285714285,COMM
1972-03,ZF,0.0,COMM
1972-03,ZG,0.0,COMM
1972-03,ZI,0.0,COMM
1972-03,ZK,0.0,COMM
1972-03,ZL,0.14285714285714285,COMM
1972-03,ZM,0.14285714285714285,COMM
1972-03,ZN,0.0,COMM
1972-03,ZO,0.0,COMM
1972-03,ZP,0.0,COMM
1972-03,ZR,0.0,COMM
1972-03,ZS,0.14285714285714285,COMM
1972-03,ZT,0.14285714285714285,COMM
1972-03,ZU,0.0,COMM
1972-03,ZW,0.14285714285714285,COMM
1972-03,ZZ,0.14285714285714285,COMM
1972-04,CC,0.0,COMM
1972-04,CT,0.0,COMM
1972-04,DA,0.0,COMM
1972-04,JO,0.0,COMM
1972-04,KC,0.0,COMM
1972-04,LB,0.0,COMM
1972-04,MW,0.0,COMM
1972-04,SB,0.0,COMM
1972-04,ZA,0.0,COMM
1972-04,ZB,0.0,COMM
1972-04,ZC,0.14285714285714285,COMM
1972-04,ZF,0.0,COMM
1972-04,ZG,0.0,COMM
1972-04,ZI,0.0,COMM
1972-04,ZK,0.0,COMM
1972-04,ZL,0.14285714285714285,COMM
1972-04,ZM,0.14285714285714285,COMM
1972-04,ZN,0.0,COMM
1972-04,ZO,0.0,COMM
1972-04,ZP,0.0,COMM
1972-04,ZR,0.0,COMM
1972-04,ZS,0.14285714285714285,COMM
1972-04,ZT,0.14285714285714285,COMM
1972-04,ZU,0.0,COMM
1972-04,ZW,0.14285714285714285,COMM
1972-04,ZZ,0.14285714285714285,COMM
1972-05,CC,0.0,COMM
1972-05,CT,0.0,COMM
1972-05,DA,0.0,COMM
1972-05,JO,0.0,COMM
1972-05,KC,0.0,COMM
1972-05,LB,0.0,COMM
1972-05,MW,0.0,COMM
1972-05,SB,0.0,COMM
1972-05,ZA,0.0,COMM
1972-05,ZB,0.0,COMM
1972-05,ZC,0.14285714285714285,COMM
1972-05,ZF,0.0,COMM
1972-05,ZG,0.0,COMM
1972-05,ZI,0.0,COMM
1972-05,ZK,0.0,COMM
1972-05,ZL,0.14285714285714285,COMM
1972-05,ZM,0.14285714285714285,COMM
1972-05,ZN,0.0,COMM
1972-05,ZO,0.0,COMM
1972-05,ZP,0.0,COMM
1972-05,ZR,0.0,COMM
1972-05,ZS,0.14285714285714285,COMM
1972-05,ZT,0.14285714285714285,COMM
1972-05,ZU,0.0,COMM
1972-05,ZW,0.14285714285714285,COMM
1972-05,ZZ,0.14285714285714285,COMM
1972-06,CC,0.0,COMM
1972-06,CT,0.0,COMM
1972-06,DA,0.0,COMM
1972-06,JO,0.0,COMM
1972-06,KC,0.0,COMM
1972-06,LB,0.0,COMM
1972-06,MW,0.0,COMM
1972-06,SB,0.0,COMM
1972-06,ZA,0.0,COMM
1972-06,ZB,0.0,COMM
1972-06,ZC,0.14285714285714285,COMM
1972-06,ZF,0.0,COMM
1972-06,ZG,0.0,COMM
1972-06,ZI,0.0,COMM
1972-06,ZK,0.0,COMM
1972-06,ZL,0.14285714285714285,COMM
1972-06,ZM,0.14285714285714285,COMM
1972-06,ZN,0.0,COMM
1972-06,ZO,0.0,COMM
1972-06,ZP,0.0,COMM
1972-06,ZR,0.0,COMM
1972-06,ZS,0.14285714285714285,COMM
1972-06,ZT,0.14285714285714285,COMM
1972-06,ZU,0.0,COMM
1972-06,ZW,0.14285714285714285,COMM
1972-06,ZZ,0.14285714285714285,COMM
1972-07,CC,0.0,COMM
1972-07,CT,0.0,COMM
1972-07,DA,0.0,COMM
1972-07,JO,0.0,COMM
1972-07,KC,0.0,COMM
1972-07,LB,0.0,COMM
1972-07,MW,0.0,COMM
1972-07,SB,0.0,COMM
1972-07,ZA,0.0,COMM
1972-07,ZB,0.0,COMM
1972-07,ZC,0.14285714285714285,COMM
1972-07,ZF,0.0,COMM
1972-07,ZG,0.0,COMM
1972-07,ZI,0.0,COMM
1972-07,ZK,0.0,COMM
1972-07,ZL,0.14285714285714285,COMM
1972-07,ZM,0.14285714285714285,COMM
1972-07,ZN,0.0,COMM
1972-07,ZO,0.0,COMM
1972-07,ZP,0.0,COMM
1972-07,ZR,0.0,COMM
1972-07,ZS,0.14285714285714285,COMM
1972-07,ZT,0.14285714285714285,COMM
1972-07,ZU,0.0,COMM
1972-07,ZW,0.14285714285714285,COMM
1972-07,ZZ,0.14285714285714285,COMM
1972-08,CC,0.0,COMM
1972-08,CT,0.0,COMM
1972-08,DA,0.0,COMM
1972-08,JO,0.0,COMM
1972-08,KC,0.0,COMM
1972-08,LB,0.0,COMM
1972-08,MW,0.0,COMM
1972-08,SB,0.0,COMM
1972-08,ZA,0.0,COMM
1972-08,ZB,0.0,COMM
1972-08,ZC,0.14285714285714285,COMM
1972-08,ZF,0.0,COMM
1972-08,ZG,0.0,COMM
1972-08,ZI,0.0,COMM
1972-08,ZK,0.0,COMM
1972-08,ZL,0.14285714285714285,COMM
1972-08,ZM,0.14285714285714285,COMM
1972-08,ZN,0.0,COMM
1972-08,ZO,0.0,COMM
1972-08,ZP,0.0,COMM
1972-08,ZR,0.0,COMM
1972-08,ZS,0.14285714285714285,COMM
1972-08,ZT,0.14285714285714285,COMM
1972-08,ZU,0.0,COMM
1972-08,ZW,0.14285714285714285,COMM
1972-08,ZZ,0.14285714285714285,COMM
1972-09,CC,0.0,COMM
1972-09,CT,0.0,COMM
1972-09,DA,0.0,COMM
1972-09,JO,0.0,COMM
1972-09,KC,0.0,COMM
1972-09,LB,0.0,COMM
1972-09,MW,0.0,COMM
1972-09,SB,0.0,COMM
1972-09,ZA,0.0,COMM
1972-09,ZB,0.0,COMM
1972-09,ZC,0.14285714285714285,COMM
1972-09,ZF,0.0,COMM
1972-09,ZG,0.0,COMM
1972-09,ZI,0.0,COMM
1972-09,ZK,0.0,COMM
1972-09,ZL,0.14285714285714285,COMM
1972-09,ZM,0.14285714285714285,COMM
1972-09,ZN,0.0,COMM
1972-09,ZO,0.0,COMM
1972-09,ZP,0.0,COMM
1972-09,ZR,0.0,COMM
1972-09,ZS,0.14285714285714285,COMM
1972-09,ZT,0.14285714285714285,COMM
1972-09,ZU,0.0,COMM
1972-09,ZW,0.14285714285714285,COMM
1972-09,ZZ,0.14285714285714285,COMM
1972-10,CC,0.0,COMM
1972-10,CT,0.0,COMM
1972-10,DA,0.0,COMM
1972-10,JO,0.0,COMM
1972-10,KC,0.0,COMM
1972-10,LB,0.0,COMM
1972-10,MW,0.0,COMM
1972-10,SB,0.0,COMM
1972-10,ZA,0.0,COMM
1972-10,ZB,0.0,COMM
1972-10,ZC,0.14285714285714285,COMM
1972-10,ZF,0.0,COMM
1972-10,ZG,0.0,COMM
1972-10,ZI,0.0,COMM
1972-10,ZK,0.0,COMM
1972-10,ZL,0.14285714285714285,COMM
1972-10,ZM,0.14285714285714285,COMM
1972-10,ZN,0.0,COMM
1972-10,ZO,0.0,COMM
1972-10,ZP,0.0,COMM
1972-10,ZR,0.0,COMM
1972-10,ZS,0.14285714285714285,COMM
1972-10,ZT,0.14285714285714285,COMM
1972-10,ZU,0.0,COMM
1972-10,ZW,0.14285714285714285,COMM
1972-10,ZZ,0.14285714285714285,COMM
1972-11,CC,0.0,COMM
1972-11,CT,0.0,COMM
1972-11,DA,0.0,COMM
1972-11,JO,0.0,COMM
1972-11,KC,0.0,COMM
1972-11,LB,0.0,COMM
1972-11,MW,0.0,COMM
1972-11,SB,0.0,COMM
1972-11,ZA,0.0,COMM
1972-11,ZB,0.0,COMM
1972-11,ZC,0.14285714285714285,COMM
1972-11,ZF,0.0,COMM
1972-11,ZG,0.0,COMM
1972-11,ZI,0.0,COMM
1972-11,ZK,0.0,COMM
1972-11,ZL,0.14285714285714285,COMM
1972-11,ZM,0.14285714285714285,COMM
1972-11,ZN,0.0,COMM
1972-11,ZO,0.0,COMM
1972-11,ZP,0.0,COMM
1972-11,ZR,0.0,COMM
1972-11,ZS,0.14285714285714285,COMM
1972-11,ZT,0.14285714285714285,COMM
1972-11,ZU,0.0,COMM
1972-11,ZW,0.14285714285714285,COMM
1972-11,ZZ,0.14285714285714285,COMM
1972-12,CC,0.0,COMM
1972-12,CT,0.0,COMM
1972-12,DA,0.0,COMM
1972-12,JO,0.0,COMM
1972-12,KC,0.0,COMM
1972-12,LB,0.0,COMM
1972-12,MW,0.0,COMM
1972-12,SB,0.0,COMM
1972-12,ZA,0.0,COMM
1972-12,ZB,0.0,COMM
1972-12,ZC,0.14285714285714285,COMM
1972-12,ZF,0.0,COMM
1972-12,ZG,0.0,COMM
1972-12,ZI,0.0,COMM
1972-12,ZK,0.0,COMM
1972-12,ZL,0.14285714285714285,COMM
1972-12,ZM,0.14285714285714285,COMM
1972-12,ZN,0.0,COMM
1972-12,ZO,0.0,COMM
1972-12,ZP,0.0,COMM
1972-12,ZR,0.0,COMM
1972-12,ZS,0.14285714285714285,COMM
1972-12,ZT,0.14285714285714285,COMM
1972-12,ZU,0.0,COMM
1972-12,ZW,0.14285714285714285,COMM
1972-12,ZZ,0.14285714285714285,COMM
1973-01,CC,0.0,COMM
1973-01,CT,0.0,COMM
1973-01,DA,0.0,COMM
1973-01,JO,0.0,COMM
1973-01,KC,0.0,COMM
1973-01,LB,0.0,COMM
1973-01,MW,0.0,COMM
1973-01,SB,0.0,COMM
1973-01,ZA,0.0,COMM
1973-01,ZB,0.0,COMM
1973-01,ZC,0.14285714285714285,COMM
1973-01,ZF,0.0,COMM
1973-01,ZG,0.0,COMM
1973-01,ZI,0.0,COMM
1973-01,ZK,0.0,COMM
1973-01,ZL,0.14285714285714285,COMM
1973-01,ZM,0.14285714285714285,COMM
1973-01,ZN,0.0,COMM
1973-01,ZO,0.0,COMM
1973-01,ZP,0.0,COMM
1973-01,ZR,0.0,COMM
1973-01,ZS,0.14285714285714285,COMM
1973-01,ZT,0.14285714285714285,COMM
1973-01,ZU,0.0,COMM
1973-01,ZW,0.14285714285714285,COMM
1973-01,ZZ,0.14285714285714285,COMM
1973-02,CC,0.0,COMM
1973-02,CT,0.09090909090909091,COMM
1973-02,DA,0.0,COMM
1973-02,JO,0.09090909090909091,COMM
1973-02,KC,0.0,COMM
1973-02,LB,0.0,COMM
1973-02,MW,0.0,COMM
1973-02,SB,0.0,COMM
1973-02,ZA,0.0,COMM
1973-02,ZB,0.0,COMM
1973-02,ZC,0.09090909090909091,COMM
1973-02,ZF,0.0,COMM
1973-02,ZG,0.0,COMM
1973-02,ZI,0.09090909090909091,COMM
1973-02,ZK,0.0,COMM
1973-02,ZL,0.09090909090909091,COMM
1973-02,ZM,0.09090909090909091,COMM
1973-02,ZN,0.0,COMM
1973-02,ZO,0.0,COMM
1973-02,ZP,0.09090909090909091,COMM
1973-02,ZR,0.0,COMM
1973-02,ZS,0.09090909090909091,COMM
1973-02,ZT,0.09090909090909091,COMM
1973-02,ZU,0.0,COMM
1973-02,ZW,0.09090909090909091,COMM
1973-02,ZZ,0.09090909090909091,COMM
1973-03,CC,0.0,COMM
1973-03,CT,0.09090909090909091,COMM
1973-03,DA,0.0,COMM
1973-03,JO,0.09090909090909091,COMM
1973-03,KC,0.0,COMM
1973-03,LB,0.0,COMM
1973-03,MW,0.0,COMM
1973-03,SB,0.0,COMM
1973-03,ZA,0.0,COMM
1973-03,ZB,0.0,COMM
1973-03,ZC,0.09090909090909091,COMM
1973-03,ZF,0.0,COMM
1973-03,ZG,0.0,COMM
1973-03,ZI,0.09090909090909091,COMM
1973-03,ZK,0.0,COMM
1973-03,ZL,0.09090909090909091,COMM
1973-03,ZM,0.09090909090909091,COMM
1973-03,ZN,0.0,COMM
1973-03,ZO,0.0,COMM
1973-03,ZP,0.09090909090909091,COMM
1973-03,ZR,0.0,COMM
1973-03,ZS,0.09090909090909091,COMM
1973-03,ZT,0.09090909090909091,COMM
1973-03,ZU,0.0,COMM
1973-03,ZW,0.09090909090909091,COMM
1973-03,ZZ,0.09090909090909091,COMM
1973-04,CC,0.0,COMM
1973-04,CT,0.09090909090909091,COMM
1973-04,DA,0.0,COMM
1973-04,JO,0.09090909090909091,COMM
1973-04,KC,0.0,COMM
1973-04,LB,0.0,COMM
1973-04,MW,0.0,COMM
1973-04,SB,0.0,COMM
1973-04,ZA,0.0,COMM
1973-04,ZB,0.0,COMM
1973-04,ZC,0.09090909090909091,COMM
1973-04,ZF,0.0,COMM
1973-04,ZG,0.0,COMM
1973-04,ZI,0.09090909090909091,COMM
1973-04,ZK,0.0,COMM
1973-04,ZL,0.09090909090909091,COMM
1973-04,ZM,0.09090909090909091,COMM
1973-04,ZN,0.0,COMM
1973-04,ZO,0.0,COMM
1973-04,ZP,0.09090909090909091,COMM
1973-04,ZR,0.0,COMM
1973-04,ZS,0.09090909090909091,COMM
1973-04,ZT,0.09090909090909091,COMM
1973-04,ZU,0.0,COMM
1973-04,ZW,0.09090909090909091,COMM
1973-04,ZZ,0.09090909090909091,COMM
1973-05,CC,0.0,COMM
1973-05,CT,0.09090909090909091,COMM
1973-05,DA,0.0,COMM
1973-05,JO,0.09090909090909091,COMM
1973-05,KC,0.0,COMM
1973-05,LB,0.0,COMM
1973-05,MW,0.0,COMM
1973-05,SB,0.0,COMM
1973-05,ZA,0.0,COMM
1973-05,ZB,0.0,COMM
1973-05,ZC,0.09090909090909091,COMM
1973-05,ZF,0.0,COMM
1973-05,ZG,0.0,COMM
1973-05,ZI,0.09090909090909091,COMM
1973-05,ZK,0.0,COMM
1973-05,ZL,0.09090909090909091,COMM
1973-05,ZM,0.09090909090909091,COMM
1973-05,ZN,0.0,COMM
1973-05,ZO,0.0,COMM
1973-05,ZP,0.09090909090909091,COMM
1973-05,ZR,0.0,COMM
1973-05,ZS,0.09090909090909091,COMM
1973-05,ZT,0.09090909090909091,COMM
1973-05,ZU,0.0,COMM
1973-05,ZW,0.09090909090909091,COMM
1973-05,ZZ,0.09090909090909091,COMM
1973-06,CC,0.0,COMM
1973-06,CT,0.09090909090909091,COMM
1973-06,DA,0.0,COMM
1973-06,JO,0.09090909090909091,COMM
1973-06,KC,0.0,COMM
1973-06,LB,0.0,COMM
1973-06,MW,0.0,COMM
1973-06,SB,0.0,COMM
1973-06,ZA,0.0,COMM
1973-06,ZB,0.0,COMM
1973-06,ZC,0.09090909090909091,COMM
1973-06,ZF,0.0,COMM
1973-06,ZG,0.0,COMM
1973-06,ZI,0.09090909090909091,COMM
1973-06,ZK,0.0,COMM
1973-06,ZL,0.09090909090909091,COMM
1973-06,ZM,0.09090909090909091,COMM
1973-06,ZN,0.0,COMM
1973-06,ZO,0.0,COMM
1973-06,ZP,0.09090909090909091,COMM
1973-06,ZR,0.0,COMM
1973-06,ZS,0.09090909090909091,COMM
1973-06,ZT,0.09090909090909091,COMM
1973-06,ZU,0.0,COMM
1973-06,ZW,0.09090909090909091,COMM
1973-06,ZZ,0.09090909090909091,COMM
1973-07,CC,0.0,COMM
1973-07,CT,0.09090909090909091,COMM
1973-07,DA,0.0,COMM
1973-07,JO,0.09090909090909091,COMM
1973-07,KC,0.0,COMM
1973-07,LB,0.0,COMM
1973-07,MW,0.0,COMM
1973-07,SB,0.0,COMM
1973-07,ZA,0.0,COMM
1973-07,ZB,0.0,COMM
1973-07,ZC,0.09090909090909091,COMM
1973-07,ZF,0.0,COMM
1973-07,ZG,0.0,COMM
1973-07,ZI,0.09090909090909091,COMM
1973-07,ZK,0.0,COMM
1973-07,ZL,0.09090909090909091,COMM
1973-07,ZM,0.09090909090909091,COMM
1973-07,ZN,0.0,COMM
1973-07,ZO,0.0,COMM
1973-07,ZP,0.09090909090909091,COMM
1973-07,ZR,0.0,COMM
1973-07,ZS,0.09090909090909091,COMM
1973-07,ZT,0.09090909090909091,COMM
1973-07,ZU,0.0,COMM
1973-07,ZW,0.09090909090909091,COMM
1973-07,ZZ,0.09090909090909091,COMM
1973-08,CC,0.0,COMM
1973-08,CT,0.09090909090909091,COMM
1973-08,DA,0.0,COMM
1973-08,JO,0.09090909090909091,COMM
1973-08,KC,0.0,COMM
1973-08,LB,0.0,COMM
1973-08,MW,0.0,COMM
1973-08,SB,0.0,COMM
1973-08,ZA,0.0,COMM
1973-08,ZB,0.0,COMM
1973-08,ZC,0.09090909090909091,COMM
1973-08,ZF,0.0,COMM
1973-08,ZG,0.0,COMM
1973-08,ZI,0.09090909090909091,COMM
1973-08,ZK,0.0,COMM
1973-08,ZL,0.09090909090909091,COMM
1973-08,ZM,0.09090909090909091,COMM
1973-08,ZN,0.0,COMM
1973-08,ZO,0.0,COMM
1973-08,ZP,0.09090909090909091,COMM
1973-08,ZR,0.0,COMM
1973-08,ZS,0.09090909090909091,COMM
1973-08,ZT,0.09090909090909091,COMM
1973-08,ZU,0.0,COMM
1973-08,ZW,0.09090909090909091,COMM
1973-08,ZZ,0.09090909090909091,COMM
1973-09,CC,0.0,COMM
1973-09,CT,0.09090909090909091,COMM
1973-09,DA,0.0,COMM
1973-09,JO,0.09090909090909091,COMM
1973-09,KC,0.0,COMM
1973-09,LB,0.0,COMM
1973-09,MW,0.0,COMM
1973-09,SB,0.0,COMM
1973-09,ZA,0.0,COMM
1973-09,ZB,0.0,COMM
1973-09,ZC,0.09090909090909091,COMM
1973-09,ZF,0.0,COMM
1973-09,ZG,0.0,COMM
1973-09,ZI,0.09090909090909091,COMM
1973-09,ZK,0.0,COMM
1973-09,ZL,0.09090909090909091,COMM
1973-09,ZM,0.09090909090909091,COMM
1973-09,ZN,0.0,COMM
1973-09,ZO,0.0,COMM
1973-09,ZP,0.09090909090909091,COMM
1973-09,ZR,0.0,COMM
1973-09,ZS,0.09090909090909091,COMM
1973-09,ZT,0.09090909090909091,COMM
1973-09,ZU,0.0,COMM
1973-09,ZW,0.09090909090909091,COMM
1973-09,ZZ,0.09090909090909091,COMM
1973-10,CC,0.0,COMM
1973-10,CT,0.09090909090909091,COMM
1973-10,DA,0.0,COMM
1973-10,JO,0.09090909090909091,COMM
1973-10,KC,0.0,COMM
1973-10,LB,0.0,COMM
1973-10,MW,0.0,COMM
1973-10,SB,0.0,COMM
1973-10,ZA,0.0,COMM
1973-10,ZB,0.0,COMM
1973-10,ZC,0.09090909090909091,COMM
1973-10,ZF,0.0,COMM
1973-10,ZG,0.0,COMM
1973-10,ZI,0.09090909090909091,COMM
1973-10,ZK,0.0,COMM
1973-10,ZL,0.09090909090909091,COMM
1973-10,ZM,0.09090909090909091,COMM
1973-10,ZN,0.0,COMM
1973-10,ZO,0.0,COMM
1973-10,ZP,0.09090909090909091,COMM
1973-10,ZR,0.0,COMM
1973-10,ZS,0.09090909090909091,COMM
1973-10,ZT,0.09090909090909091,COMM
1973-10,ZU,0.0,COMM
1973-10,ZW,0.09090909090909091,COMM
1973-10,ZZ,0.09090909090909091,COMM
1973-11,CC,0.0,COMM
1973-11,CT,0.09090909090909091,COMM
1973-11,DA,0.0,COMM
1973-11,JO,0.09090909090909091,COMM
1973-11,KC,0.0,COMM
1973-11,LB,0.0,COMM
1973-11,MW,0.0,COMM
1973-11,SB,0.0,COMM
1973-11,ZA,0.0,COMM
1973-11,ZB,0.0,COMM
1973-11,ZC,0.09090909090909091,COMM
1973-11,ZF,0.0,COMM
1973-11,ZG,0.0,COMM
1973-11,ZI,0.09090909090909091,COMM
1973-11,ZK,0.0,COMM
1973-11,ZL,0.09090909090909091,COMM
1973-11,ZM,0.09090909090909091,COMM
1973-11,ZN,0.0,COMM
1973-11,ZO,0.0,COMM
1973-11,ZP,0.09090909090909091,COMM
1973-11,ZR,0.0,COMM
1973-11,ZS,0.09090909090909091,COMM
1973-11,ZT,0.09090909090909091,COMM
1973-11,ZU,0.0,COMM
1973-11,ZW,0.09090909090909091,COMM
1973-11,ZZ,0.09090909090909091,COMM
1973-12,CC,0.0,COMM
1973-12,CT,0.09090909090909091,COMM
1973-12,DA,0.0,COMM
1973-12,JO,0.09090909090909091,COMM
1973-12,KC,0.0,COMM
1973-12,LB,0.0,COMM
1973-12,MW,0.0,COMM
1973-12,SB,0.0,COMM
1973-12,ZA,0.0,COMM
1973-12,ZB,0.0,COMM
1973-12,ZC,0.09090909090909091,COMM
1973-12,ZF,0.0,COMM
1973-12,ZG,0.0,COMM
1973-12,ZI,0.09090909090909091,COMM
1973-12,ZK,0.0,COMM
1973-12,ZL,0.09090909090909091,COMM
1973-12,ZM,0.09090909090909091,COMM
1973-12,ZN,0.0,COMM
1973-12,ZO,0.0,COMM
1973-12,ZP,0.09090909090909091,COMM
1973-12,ZR,0.0,COMM
1973-12,ZS,0.09090909090909091,COMM
1973-12,ZT,0.09090909090909091,COMM
1973-12,ZU,0.0,COMM
1973-12,ZW,0.09090909090909091,COMM
1973-12,ZZ,0.09090909090909091,COMM
1974-01,CC,0.0,COMM
1974-01,CT,0.09090909090909091,COMM
1974-01,DA,0.0,COMM
1974-01,JO,0.09090909090909091,COMM
1974-01,KC,0.0,COMM
1974-01,LB,0.0,COMM
1974-01,MW,0.0,COMM
1974-01,SB,0.0,COMM
1974-01,ZA,0.0,COMM
1974-01,ZB,0.0,COMM
1974-01,ZC,0.09090909090909091,COMM
1974-01,ZF,0.0,COMM
1974-01,ZG,0.0,COMM
1974-01,ZI,0.09090909090909091,COMM
1974-01,ZK,0.0,COMM
1974-01,ZL,0.09090909090909091,COMM
1974-01,ZM,0.09090909090909091,COMM
1974-01,ZN,0.0,COMM
1974-01,ZO,0.0,COMM
1974-01,ZP,0.09090909090909091,COMM
1974-01,ZR,0.0,COMM
1974-01,ZS,0.09090909090909091,COMM
1974-01,ZT,0.09090909090909091,COMM
1974-01,ZU,0.0,COMM
1974-01,ZW,0.09090909090909091,COMM
1974-01,ZZ,0.09090909090909091,COMM
1974-02,CC,0.0,COMM
1974-02,CT,0.07692307692307693,COMM
1974-02,DA,0.0,COMM
1974-02,JO,0.07692307692307693,COMM
1974-02,KC,0.07692307692307693,COMM
1974-02,LB,0.07692307692307693,COMM
1974-02,MW,0.0,COMM
1974-02,SB,0.0,COMM
1974-02,ZA,0.0,COMM
1974-02,ZB,0.0,COMM
1974-02,ZC,0.07692307692307693,COMM
1974-02,ZF,0.0,COMM
1974-02,ZG,0.0,COMM
1974-02,ZI,0.07692307692307693,COMM
1974-02,ZK,0.0,COMM
1974-02,ZL,0.07692307692307693,COMM
1974-02,ZM,0.07692307692307693,COMM
1974-02,ZN,0.0,COMM
1974-02,ZO,0.0,COMM
1974-02,ZP,0.07692307692307693,COMM
1974-02,ZR,0.0,COMM
1974-02,ZS,0.07692307692307693,COMM
1974-02,ZT,0.07692307692307693,COMM
1974-02,ZU,0.0,COMM
1974-02,ZW,0.07692307692307693,COMM
1974-02,ZZ,0.07692307692307693,COMM
1974-03,CC,0.0,COMM
1974-03,CT,0.07692307692307693,COMM
1974-03,DA,0.0,COMM
1974-03,JO,0.07692307692307693,COMM
1974-03,KC,0.07692307692307693,COMM
1974-03,LB,0.07692307692307693,COMM
1974-03,MW,0.0,COMM
1974-03,SB,0.0,COMM
1974-03,ZA,0.0,COMM
1974-03,ZB,0.0,COMM
1974-03,ZC,0.07692307692307693,COMM
1974-03,ZF,0.0,COMM
1974-03,ZG,0.0,COMM
1974-03,ZI,0.07692307692307693,COMM
1974-03,ZK,0.0,COMM
1974-03,ZL,0.07692307692307693,COMM
1974-03,ZM,0.07692307692307693,COMM
1974-03,ZN,0.0,COMM
1974-03,ZO,0.0,COMM
1974-03,ZP,0.07692307692307693,COMM
1974-03,ZR,0.0,COMM
1974-03,ZS,0.07692307692307693,COMM
1974-03,ZT,0.07692307692307693,COMM
1974-03,ZU,0.0,COMM
1974-03,ZW,0.07692307692307693,COMM
1974-03,ZZ,0.07692307692307693,COMM
1974-04,CC,0.0,COMM
1974-04,CT,0.07692307692307693,COMM
1974-04,DA,0.0,COMM
1974-04,JO,0.07692307692307693,COMM
1974-04,KC,0.07692307692307693,COMM
1974-04,LB,0.07692307692307693,COMM
1974-04,MW,0.0,COMM
1974-04,SB,0.0,COMM
1974-04,ZA,0.0,COMM
1974-04,ZB,0.0,COMM
1974-04,ZC,0.07692307692307693,COMM
1974-04,ZF,0.0,COMM
1974-04,ZG,0.0,COMM
1974-04,ZI,0.07692307692307693,COMM
1974-04,ZK,0.0,COMM
1974-04,ZL,0.07692307692307693,COMM
1974-04,ZM,0.07692307692307693,COMM
1974-04,ZN,0.0,COMM
1974-04,ZO,0.0,COMM
1974-04,ZP,0.07692307692307693,COMM
1974-04,ZR,0.0,COMM
1974-04,ZS,0.07692307692307693,COMM
1974-04,ZT,0.07692307692307693,COMM
1974-04,ZU,0.0,COMM
1974-04,ZW,0.07692307692307693,COMM
1974-04,ZZ,0.07692307692307693,COMM
1974-05,CC,0.0,COMM
1974-05,CT,0.07692307692307693,COMM
1974-05,DA,0.0,COMM
1974-05,JO,0.07692307692307693,COMM
1974-05,KC,0.07692307692307693,COMM
1974-05,LB,0.07692307692307693,COMM
1974-05,MW,0.0,COMM
1974-05,SB,0.0,COMM
1974-05,ZA,0.0,COMM
1974-05,ZB,0.0,COMM
1974-05,ZC,0.07692307692307693,COMM
1974-05,ZF,0.0,COMM
1974-05,ZG,0.0,COMM
1974-05,ZI,0.07692307692307693,COMM
1974-05,ZK,0.0,COMM
1974-05,ZL,0.07692307692307693,COMM
1974-05,ZM,0.07692307692307693,COMM
1974-05,ZN,0.0,COMM
1974-05,ZO,0.0,COMM
1974-05,ZP,0.07692307692307693,COMM
1974-05,ZR,0.0,COMM
1974-05,ZS,0.07692307692307693,COMM
1974-05,ZT,0.07692307692307693,COMM
1974-05,ZU,0.0,COMM
1974-05,ZW,0.07692307692307693,COMM
1974-05,ZZ,0.07692307692307693,COMM
1974-06,CC,0.0,COMM
1974-06,CT,0.07692307692307693,COMM
1974-06,DA,0.0,COMM
1974-06,JO,0.07692307692307693,COMM
1974-06,KC,0.07692307692307693,COMM
1974-06,LB,0.07692307692307693,COMM
1974-06,MW,0.0,COMM
1974-06,SB,0.0,COMM
1974-06,ZA,0.0,COMM
1974-06,ZB,0.0,COMM
1974-06,ZC,0.07692307692307693,COMM
1974-06,ZF,0.0,COMM
1974-06,ZG,0.0,COMM
1974-06,ZI,0.07692307692307693,COMM
1974-06,ZK,0.0,COMM
1974-06,ZL,0.07692307692307693,COMM
1974-06,ZM,0.07692307692307693,COMM
1974-06,ZN,0.0,COMM
1974-06,ZO,0.0,COMM
1974-06,ZP,0.07692307692307693,COMM
1974-06,ZR,0.0,COMM
1974-06,ZS,0.07692307692307693,COMM
1974-06,ZT,0.07692307692307693,COMM
1974-06,ZU,0.0,COMM
1974-06,ZW,0.07692307692307693,COMM
1974-06,ZZ,0.07692307692307693,COMM
1974-07,CC,0.0,COMM
1974-07,CT,0.07692307692307693,COMM
1974-07,DA,0.0,COMM
1974-07,JO,0.07692307692307693,COMM
1974-07,KC,0.07692307692307693,COMM
1974-07,LB,0.07692307692307693,COMM
1974-07,MW,0.0,COMM
1974-07,SB,0.0,COMM
1974-07,ZA,0.0,COMM
1974-07,ZB,0.0,COMM
1974-07,ZC,0.07692307692307693,COMM
1974-07,ZF,0.0,COMM
1974-07,ZG,0.0,COMM
1974-07,ZI,0.07692307692307693,COMM
1974-07,ZK,0.0,COMM
1974-07,ZL,0.07692307692307693,COMM
1974-07,ZM,0.07692307692307693,COMM
1974-07,ZN,0.0,COMM
1974-07,ZO,0.0,COMM
1974-07,ZP,0.07692307692307693,COMM
1974-07,ZR,0.0,COMM
1974-07,ZS,0.07692307692307693,COMM
1974-07,ZT,0.07692307692307693,COMM
1974-07,ZU,0.0,COMM
1974-07,ZW,0.07692307692307693,COMM
1974-07,ZZ,0.07692307692307693,COMM
1974-08,CC,0.0,COMM
1974-08,CT,0.07692307692307693,COMM
1974-08,DA,0.0,COMM
1974-08,JO,0.07692307692307693,COMM
1974-08,KC,0.07692307692307693,COMM
1974-08,LB,0.07692307692307693,COMM
1974-08,MW,0.0,COMM
1974-08,SB,0.0,COMM
1974-08,ZA,0.0,COMM
1974-08,ZB,0.0,COMM
1974-08,ZC,0.07692307692307693,COMM
1974-08,ZF,0.0,COMM
1974-08,ZG,0.0,COMM
1974-08,ZI,0.07692307692307693,COMM
1974-08,ZK,0.0,COMM
1974-08,ZL,0.07692307692307693,COMM
1974-08,ZM,0.07692307692307693,COMM
1974-08,ZN,0.0,COMM
1974-08,ZO,0.0,COMM
1974-08,ZP,0.07692307692307693,COMM
1974-08,ZR,0.0,COMM
1974-08,ZS,0.07692307692307693,COMM
1974-08,ZT,0.07692307692307693,COMM
1974-08,ZU,0.0,COMM
1974-08,ZW,0.07692307692307693,COMM
1974-08,ZZ,0.07692307692307693,COMM
1974-09,CC,0.0,COMM
1974-09,CT,0.07692307692307693,COMM
1974-09,DA,0.0,COMM
1974-09,JO,0.07692307692307693,COMM
1974-09,KC,0.07692307692307693,COMM
1974-09,LB,0.07692307692307693,COMM
1974-09,MW,0.0,COMM
1974-09,SB,0.0,COMM
1974-09,ZA,0.0,COMM
1974-09,ZB,0.0,COMM
1974-09,ZC,0.07692307692307693,COMM
1974-09,ZF,0.0,COMM
1974-09,ZG,0.0,COMM
1974-09,ZI,0.07692307692307693,COMM
1974-09,ZK,0.0,COMM
1974-09,ZL,0.07692307692307693,COMM
1974-09,ZM,0.07692307692307693,COMM
1974-09,ZN,0.0,COMM
1974-09,ZO,0.0,COMM
1974-09,ZP,0.07692307692307693,COMM
1974-09,ZR,0.0,COMM
1974-09,ZS,0.07692307692307693,COMM
1974-09,ZT,0.07692307692307693,COMM
1974-09,ZU,0.0,COMM
1974-09,ZW,0.07692307692307693,COMM
1974-09,ZZ,0.07692307692307693,COMM
1974-10,CC,0.0,COMM
1974-10,CT,0.07692307692307693,COMM
1974-10,DA,0.0,COMM
1974-10,JO,0.07692307692307693,COMM
1974-10,KC,0.07692307692307693,COMM
1974-10,LB,0.07692307692307693,COMM
1974-10,MW,0.0,COMM
1974-10,SB,0.0,COMM
1974-10,ZA,0.0,COMM
1974-10,ZB,0.0,COMM
1974-10,ZC,0.07692307692307693,COMM
1974-10,ZF,0.0,COMM
1974-10,ZG,0.0,COMM
1974-10,ZI,0.07692307692307693,COMM
1974-10,ZK,0.0,COMM
1974-10,ZL,0.07692307692307693,COMM
1974-10,ZM,0.07692307692307693,COMM
1974-10,ZN,0.0,COMM
1974-10,ZO,0.0,COMM
1974-10,ZP,0.07692307692307693,COMM
1974-10,ZR,0.0,COMM
1974-10,ZS,0.07692307692307693,COMM
1974-10,ZT,0.07692307692307693,COMM
1974-10,ZU,0.0,COMM
1974-10,ZW,0.07692307692307693,COMM
1974-10,ZZ,0.07692307692307693,COMM
1974-11,CC,0.0,COMM
1974-11,CT,0.07692307692307693,COMM
1974-11,DA,0.0,COMM
1974-11,JO,0.07692307692307693,COMM
1974-11,KC,0.07692307692307693,COMM
1974-11,LB,0.07692307692307693,COMM
1974-11,MW,0.0,COMM
1974-11,SB,0.0,COMM
1974-11,ZA,0.0,COMM
1974-11,ZB,0.0,COMM
1974-11,ZC,0.07692307692307693,COMM
1974-11,ZF,0.0,COMM
1974-11,ZG,0.0,COMM
1974-11,ZI,0.07692307692307693,COMM
1974-11,ZK,0.0,COMM
1974-11,ZL,0.07692307692307693,COMM
1974-11,ZM,0.07692307692307693,COMM
1974-11,ZN,0.0,COMM
1974-11,ZO,0.0,COMM
1974-11,ZP,0.07692307692307693,COMM
1974-11,ZR,0.0,COMM
1974-11,ZS,0.07692307692307693,COMM
1974-11,ZT,0.07692307692307693,COMM
1974-11,ZU,0.0,COMM
1974-11,ZW,0.07692307692307693,COMM
1974-11,ZZ,0.07692307692307693,COMM
1974-12,CC,0.0,COMM
1974-12,CT,0.07692307692307693,COMM
1974-12,DA,0.0,COMM
1974-12,JO,0.07692307692307693,COMM
1974-12,KC,0.07692307692307693,COMM
1974-12,LB,0.07692307692307693,COMM
1974-12,MW,0.0,COMM
1974-12,SB,0.0,COMM
1974-12,ZA,0.0,COMM
1974-12,ZB,0.0,COMM
1974-12,ZC,0.07692307692307693,COMM
1974-12,ZF,0.0,COMM
1974-12,ZG,0.0,COMM
1974-12,ZI,0.07692307692307693,COMM
1974-12,ZK,0.0,COMM
1974-12,ZL,0.07692307692307693,COMM
1974-12,ZM,0.07692307692307693,COMM
1974-12,ZN,0.0,COMM
1974-12,ZO,0.0,COMM
1974-12,ZP,0.07692307692307693,COMM
1974-12,ZR,0.0,COMM
1974-12,ZS,0.07692307692307693,COMM
1974-12,ZT,0.07692307692307693,COMM
1974-12,ZU,0.0,COMM
1974-12,ZW,0.07692307692307693,COMM
1974-12,ZZ,0.07692307692307693,COMM
1975-01,CC,0.0,COMM
1975-01,CT,0.07692307692307693,COMM
1975-01,DA,0.0,COMM
1975-01,JO,0.07692307692307693,COMM
1975-01,KC,0.07692307692307693,COMM
1975-01,LB,0.07692307692307693,COMM
1975-01,MW,0.0,COMM
1975-01,SB,0.0,COMM
1975-01,ZA,0.0,COMM
1975-01,ZB,0.0,COMM
1975-01,ZC,0.07692307692307693,COMM
1975-01,ZF,0.0,COMM
1975-01,ZG,0.0,COMM
1975-01,ZI,0.07692307692307693,COMM
1975-01,ZK,0.0,COMM
1975-01,ZL,0.07692307692307693,COMM
1975-01,ZM,0.07692307692307693,COMM
1975-01,ZN,0.0,COMM
1975-01,ZO,0.0,COMM
1975-01,ZP,0.07692307692307693,COMM
1975-01,ZR,0.0,COMM
1975-01,ZS,0.07692307692307693,COMM
1975-01,ZT,0.07692307692307693,COMM
1975-01,ZU,0.0,COMM
1975-01,ZW,0.07692307692307693,COMM
1975-01,ZZ,0.07692307692307693,COMM
1975-02,CC,0.0,COMM
1975-02,CT,0.0625,COMM
1975-02,DA,0.0,COMM
1975-02,JO,0.0625,COMM
1975-02,KC,0.0625,COMM
1975-02,LB,0.0625,COMM
1975-02,MW,0.0,COMM
1975-02,SB,0.0625,COMM
1975-02,ZA,0.0,COMM
1975-02,ZB,0.0,COMM
1975-02,ZC,0.0625,COMM
1975-02,ZF,0.0,COMM
1975-02,ZG,0.0625,COMM
1975-02,ZI,0.0625,COMM
1975-02,ZK,0.0,COMM
1975-02,ZL,0.0625,COMM
1975-02,ZM,0.0625,COMM
1975-02,ZN,0.0,COMM
1975-02,ZO,0.0625,COMM
1975-02,ZP,0.0625,COMM
1975-02,ZR,0.0,COMM
1975-02,ZS,0.0625,COMM
1975-02,ZT,0.0625,COMM
1975-02,ZU,0.0,COMM
1975-02,ZW,0.0625,COMM
1975-02,ZZ,0.0625,COMM
1975-03,CC,0.0,COMM
1975-03,CT,0.0625,COMM
1975-03,DA,0.0,COMM
1975-03,JO,0.0625,COMM
1975-03,KC,0.0625,COMM
1975-03,LB,0.0625,COMM
1975-03,MW,0.0,COMM
1975-03,SB,0.0625,COMM
1975-03,ZA,0.0,COMM
1975-03,ZB,0.0,COMM
1975-03,ZC,0.0625,COMM
1975-03,ZF,0.0,COMM
1975-03,ZG,0.0625,COMM
1975-03,ZI,0.0625,COMM
1975-03,ZK,0.0,COMM
1975-03,ZL,0.0625,COMM
1975-03,ZM,0.0625,COMM
1975-03,ZN,0.0,COMM
1975-03,ZO,0.0625,COMM
1975-03,ZP,0.0625,COMM
1975-03,ZR,0.0,COMM
1975-03,ZS,0.0625,COMM
1975-03,ZT,0.0625,COMM
1975-03,ZU,0.0,COMM
1975-03,ZW,0.0625,COMM
1975-03,ZZ,0.0625,COMM
1975-04,CC,0.0,COMM
1975-04,CT,0.0625,COMM
1975-04,DA,0.0,COMM
1975-04,JO,0.0625,COMM
1975-04,KC,0.0625,COMM
1975-04,LB,0.0625,COMM
1975-04,MW,0.0,COMM
1975-04,SB,0.0625,COMM
1975-04,ZA,0.0,COMM
1975-04,ZB,0.0,COMM
1975-04,ZC,0.0625,COMM
1975-04,ZF,0.0,COMM
1975-04,ZG,0.0625,COMM
1975-04,ZI,0.0625,COMM
1975-04,ZK,0.0,COMM
1975-04,ZL,0.0625,COMM
1975-04,ZM,0.0625,COMM
1975-04,ZN,0.0,COMM
1975-04,ZO,0.0625,COMM
1975-04,ZP,0.0625,COMM
1975-04,ZR,0.0,COMM
1975-04,ZS,0.0625,COMM
1975-04,ZT,0.0625,COMM
1975-04,ZU,0.0,COMM
1975-04,ZW,0.0625,COMM
1975-04,ZZ,0.0625,COMM
1975-05,CC,0.0,COMM
1975-05,CT,0.0625,COMM
1975-05,DA,0.0,COMM
1975-05,JO,0.0625,COMM
1975-05,KC,0.0625,COMM
1975-05,LB,0.0625,COMM
1975-05,MW,0.0,COMM
1975-05,SB,0.0625,COMM
1975-05,ZA,0.0,COMM
1975-05,ZB,0.0,COMM
1975-05,ZC,0.0625,COMM
1975-05,ZF,0.0,COMM
1975-05,ZG,0.0625,COMM
1975-05,ZI,0.0625,COMM
1975-05,ZK,0.0,COMM
1975-05,ZL,0.0625,COMM
1975-05,ZM,0.0625,COMM
1975-05,ZN,0.0,COMM
1975-05,ZO,0.0625,COMM
1975-05,ZP,0.0625,COMM
1975-05,ZR,0.0,COMM
1975-05,ZS,0.0625,COMM
1975-05,ZT,0.0625,COMM
1975-05,ZU,0.0,COMM
1975-05,ZW,0.0625,COMM
1975-05,ZZ,0.0625,COMM
1975-06,CC,0.0,COMM
1975-06,CT,0.0625,COMM
1975-06,DA,0.0,COMM
1975-06,JO,0.0625,COMM
1975-06,KC,0.0625,COMM
1975-06,LB,0.0625,COMM
1975-06,MW,0.0,COMM
1975-06,SB,0.0625,COMM
1975-06,ZA,0.0,COMM
1975-06,ZB,0.0,COMM
1975-06,ZC,0.0625,COMM
1975-06,ZF,0.0,COMM
1975-06,ZG,0.0625,COMM
1975-06,ZI,0.0625,COMM
1975-06,ZK,0.0,COMM
1975-06,ZL,0.0625,COMM
1975-06,ZM,0.0625,COMM
1975-06,ZN,0.0,COMM
1975-06,ZO,0.0625,COMM
1975-06,ZP,0.0625,COMM
1975-06,ZR,0.0,COMM
1975-06,ZS,0.0625,COMM
1975-06,ZT,0.0625,COMM
1975-06,ZU,0.0,COMM
1975-06,ZW,0.0625,COMM
1975-06,ZZ,0.0625,COMM
1975-07,CC,0.0,COMM
1975-07,CT,0.0625,COMM
1975-07,DA,0.0,COMM
1975-07,JO,0.0625,COMM
1975-07,KC,0.0625,COMM
1975-07,LB,0.0625,COMM
1975-07,MW,0.0,COMM
1975-07,SB,0.0625,COMM
1975-07,ZA,0.0,COMM
1975-07,ZB,0.0,COMM
1975-07,ZC,0.0625,COMM
1975-07,ZF,0.0,COMM
1975-07,ZG,0.0625,COMM
1975-07,ZI,0.0625,COMM
1975-07,ZK,0.0,COMM
1975-07,ZL,0.0625,COMM
1975-07,ZM,0.0625,COMM
1975-07,ZN,0.0,COMM
1975-07,ZO,0.0625,COMM
1975-07,ZP,0.0625,COMM
1975-07,ZR,0.0,COMM
1975-07,ZS,0.0625,COMM
1975-07,ZT,0.0625,COMM
1975-07,ZU,0.0,COMM
1975-07,ZW,0.0625,COMM
1975-07,ZZ,0.0625,COMM
1975-08,CC,0.0,COMM
1975-08,CT,0.0625,COMM
1975-08,DA,0.0,COMM
1975-08,JO,0.0625,COMM
1975-08,KC,0.0625,COMM
1975-08,LB,0.0625,COMM
1975-08,MW,0.0,COMM
1975-08,SB,0.0625,COMM
1975-08,ZA,0.0,COMM
1975-08,ZB,0.0,COMM
1975-08,ZC,0.0625,COMM
1975-08,ZF,0.0,COMM
1975-08,ZG,0.0625,COMM
1975-08,ZI,0.0625,COMM
1975-08,ZK,0.0,COMM
1975-08,ZL,0.0625,COMM
1975-08,ZM,0.0625,COMM
1975-08,ZN,0.0,COMM
1975-08,ZO,0.0625,COMM
1975-08,ZP,0.0625,COMM
1975-08,ZR,0.0,COMM
1975-08,ZS,0.0625,COMM
1975-08,ZT,0.0625,COMM
1975-08,ZU,0.0,COMM
1975-08,ZW,0.0625,COMM
1975-08,ZZ,0.0625,COMM
1975-09,CC,0.0,COMM
1975-09,CT,0.0625,COMM
1975-09,DA,0.0,COMM
1975-09,JO,0.0625,COMM
1975-09,KC,0.0625,COMM
1975-09,LB,0.0625,COMM
1975-09,MW,0.0,COMM
1975-09,SB,0.0625,COMM
1975-09,ZA,0.0,COMM
1975-09,ZB,0.0,COMM
1975-09,ZC,0.0625,COMM
1975-09,ZF,0.0,COMM
1975-09,ZG,0.0625,COMM
1975-09,ZI,0.0625,COMM
1975-09,ZK,0.0,COMM
1975-09,ZL,0.0625,COMM
1975-09,ZM,0.0625,COMM
1975-09,ZN,0.0,COMM
1975-09,ZO,0.0625,COMM
1975-09,ZP,0.0625,COMM
1975-09,ZR,0.0,COMM
1975-09,ZS,0.0625,COMM
1975-09,ZT,0.0625,COMM
1975-09,ZU,0.0,COMM
1975-09,ZW,0.0625,COMM
1975-09,ZZ,0.0625,COMM
1975-10,CC,0.0,COMM
1975-10,CT,0.0625,COMM
1975-10,DA,0.0,COMM
1975-10,JO,0.0625,COMM
1975-10,KC,0.0625,COMM
1975-10,LB,0.0625,COMM
1975-10,MW,0.0,COMM
1975-10,SB,0.0625,COMM
1975-10,ZA,0.0,COMM
1975-10,ZB,0.0,COMM
1975-10,ZC,0.0625,COMM
1975-10,ZF,0.0,COMM
1975-10,ZG,0.0625,COMM
1975-10,ZI,0.0625,COMM
1975-10,ZK,0.0,COMM
1975-10,ZL,0.0625,COMM
1975-10,ZM,0.0625,COMM
1975-10,ZN,0.0,COMM
1975-10,ZO,0.0625,COMM
1975-10,ZP,0.0625,COMM
1975-10,ZR,0.0,COMM
1975-10,ZS,0.0625,COMM
1975-10,ZT,0.0625,COMM
1975-10,ZU,0.0,COMM
1975-10,ZW,0.0625,COMM
1975-10,ZZ,0.0625,COMM
1975-11,CC,0.0,COMM
1975-11,CT,0.0625,COMM
1975-11,DA,0.0,COMM
1975-11,JO,0.0625,COMM
1975-11,KC,0.0625,COMM
1975-11,LB,0.0625,COMM
1975-11,MW,0.0,COMM
1975-11,SB,0.0625,COMM
1975-11,ZA,0.0,COMM
1975-11,ZB,0.0,COMM
1975-11,ZC,0.0625,COMM
1975-11,ZF,0.0,COMM
1975-11,ZG,0.0625,COMM
1975-11,ZI,0.0625,COMM
1975-11,ZK,0.0,COMM
1975-11,ZL,0.0625,COMM
1975-11,ZM,0.0625,COMM
1975-11,ZN,0.0,COMM
1975-11,ZO,0.0625,COMM
1975-11,ZP,0.0625,COMM
1975-11,ZR,0.0,COMM
1975-11,ZS,0.0625,COMM
1975-11,ZT,0.0625,COMM
1975-11,ZU,0.0,COMM
1975-11,ZW,0.0625,COMM
1975-11,ZZ,0.0625,COMM
1975-12,CC,0.0,COMM
1975-12,CT,0.0625,COMM
1975-12,DA,0.0,COMM
1975-12,JO,0.0625,COMM
1975-12,KC,0.0625,COMM
1975-12,LB,0.0625,COMM
1975-12,MW,0.0,COMM
1975-12,SB,0.0625,COMM
1975-12,ZA,0.0,COMM
1975-12,ZB,0.0,COMM
1975-12,ZC,0.0625,COMM
1975-12,ZF,0.0,COMM
1975-12,ZG,0.0625,COMM
1975-12,ZI,0.0625,COMM
1975-12,ZK,0.0,COMM
1975-12,ZL,0.0625,COMM
1975-12,ZM,0.0625,COMM
1975-12,ZN,0.0,COMM
1975-12,ZO,0.0625,COMM
1975-12,ZP,0.0625,COMM
1975-12,ZR,0.0,COMM
1975-12,ZS,0.0625,COMM
1975-12,ZT,0.0625,COMM
1975-12,ZU,0.0,COMM
1975-12,ZW,0.0625,COMM
1975-12,ZZ,0.0625,COMM
1976-01,CC,0.0,COMM
1976-01,CT,0.0625,COMM
1976-01,DA,0.0,COMM
1976-01,JO,0.0625,COMM
1976-01,KC,0.0625,COMM
1976-01,LB,0.0625,COMM
1976-01,MW,0.0,COMM
1976-01,SB,0.0625,COMM
1976-01,ZA,0.0,COMM
1976-01,ZB,0.0,COMM
1976-01,ZC,0.0625,COMM
1976-01,ZF,0.0,COMM
1976-01,ZG,0.0625,COMM
1976-01,ZI,0.0625,COMM
1976-01,ZK,0.0,COMM
1976-01,ZL,0.0625,COMM
1976-01,ZM,0.0625,COMM
1976-01,ZN,0.0,COMM
1976-01,ZO,0.0625,COMM
1976-01,ZP,0.0625,COMM
1976-01,ZR,0.0,COMM
1976-01,ZS,0.0625,COMM
1976-01,ZT,0.0625,COMM
1976-01,ZU,0.0,COMM
1976-01,ZW,0.0625,COMM
1976-01,ZZ,0.0625,COMM
1976-02,CC,0.0,COMM
1976-02,CT,0.0625,COMM
1976-02,DA,0.0,COMM
1976-02,JO,0.0625,COMM
1976-02,KC,0.0625,COMM
1976-02,LB,0.0625,COMM
1976-02,MW,0.0,COMM
1976-02,SB,0.0625,COMM
1976-02,ZA,0.0,COMM
1976-02,ZB,0.0,COMM
1976-02,ZC,0.0625,COMM
1976-02,ZF,0.0,COMM
1976-02,ZG,0.0625,COMM
1976-02,ZI,0.0625,COMM
1976-02,ZK,0.0,COMM
1976-02,ZL,0.0625,COMM
1976-02,ZM,0.0625,COMM
1976-02,ZN,0.0,COMM
1976-02,ZO,0.0625,COMM
1976-02,ZP,0.0625,COMM
1976-02,ZR,0.0,COMM
1976-02,ZS,0.0625,COMM
1976-02,ZT,0.0625,COMM
1976-02,ZU,0.0,COMM
1976-02,ZW,0.0625,COMM
1976-02,ZZ,0.0625,COMM
1976-03,CC,0.0,COMM
1976-03,CT,0.0625,COMM
1976-03,DA,0.0,COMM
1976-03,JO,0.0625,COMM
1976-03,KC,0.0625,COMM
1976-03,LB,0.0625,COMM
1976-03,MW,0.0,COMM
1976-03,SB,0.0625,COMM
1976-03,ZA,0.0,COMM
1976-03,ZB,0.0,COMM
1976-03,ZC,0.0625,COMM
1976-03,ZF,0.0,COMM
1976-03,ZG,0.0625,COMM
1976-03,ZI,0.0625,COMM
1976-03,ZK,0.0,COMM
1976-03,ZL,0.0625,COMM
1976-03,ZM,0.0625,COMM
1976-03,ZN,0.0,COMM
1976-03,ZO,0.0625,COMM
1976-03,ZP,0.0625,COMM
1976-03,ZR,0.0,COMM
1976-03,ZS,0.0625,COMM
1976-03,ZT,0.0625,COMM
1976-03,ZU,0.0,COMM
1976-03,ZW,0.0625,COMM
1976-03,ZZ,0.0625,COMM
1976-04,CC,0.0,COMM
1976-04,CT,0.0625,COMM
1976-04,DA,0.0,COMM
1976-04,JO,0.0625,COMM
1976-04,KC,0.0625,COMM
1976-04,LB,0.0625,COMM
1976-04,MW,0.0,COMM
1976-04,SB,0.0625,COMM
1976-04,ZA,0.0,COMM
1976-04,ZB,0.0,COMM
1976-04,ZC,0.0625,COMM
1976-04,ZF,0.0,COMM
1976-04,ZG,0.0625,COMM
1976-04,ZI,0.0625,COMM
1976-04,ZK,0.0,COMM
1976-04,ZL,0.0625,COMM
1976-04,ZM,0.0625,COMM
1976-04,ZN,0.0,COMM
1976-04,ZO,0.0625,COMM
1976-04,ZP,0.0625,COMM
1976-04,ZR,0.0,COMM
1976-04,ZS,0.0625,COMM
1976-04,ZT,0.0625,COMM
1976-04,ZU,0.0,COMM
1976-04,ZW,0.0625,COMM
1976-04,ZZ,0.0625,COMM
1976-05,CC,0.0,COMM
1976-05,CT,0.0625,COMM
1976-05,DA,0.0,COMM
1976-05,JO,0.0625,COMM
1976-05,KC,0.0625,COMM
1976-05,LB,0.0625,COMM
1976-05,MW,0.0,COMM
1976-05,SB,0.0625,COMM
1976-05,ZA,0.0,COMM
1976-05,ZB,0.0,COMM
1976-05,ZC,0.0625,COMM
1976-05,ZF,0.0,COMM
1976-05,ZG,0.0625,COMM
1976-05,ZI,0.0625,COMM
1976-05,ZK,0.0,COMM
1976-05,ZL,0.0625,COMM
1976-05,ZM,0.0625,COMM
1976-05,ZN,0.0,COMM
1976-05,ZO,0.0625,COMM
1976-05,ZP,0.0625,COMM
1976-05,ZR,0.0,COMM
1976-05,ZS,0.0625,COMM
1976-05,ZT,0.0625,COMM
1976-05,ZU,0.0,COMM
1976-05,ZW,0.0625,COMM
1976-05,ZZ,0.0625,COMM
1976-06,CC,0.0,COMM
1976-06,CT,0.0625,COMM
1976-06,DA,0.0,COMM
1976-06,JO,0.0625,COMM
1976-06,KC,0.0625,COMM
1976-06,LB,0.0625,COMM
1976-06,MW,0.0,COMM
1976-06,SB,0.0625,COMM
1976-06,ZA,0.0,COMM
1976-06,ZB,0.0,COMM
1976-06,ZC,0.0625,COMM
1976-06,ZF,0.0,COMM
1976-06,ZG,0.0625,COMM
1976-06,ZI,0.0625,COMM
1976-06,ZK,0.0,COMM
1976-06,ZL,0.0625,COMM
1976-06,ZM,0.0625,COMM
1976-06,ZN,0.0,COMM
1976-06,ZO,0.0625,COMM
1976-06,ZP,0.0625,COMM
1976-06,ZR,0.0,COMM
1976-06,ZS,0.0625,COMM
1976-06,ZT,0.0625,COMM
1976-06,ZU,0.0,COMM
1976-06,ZW,0.0625,COMM
1976-06,ZZ,0.0625,COMM
1976-07,CC,0.0,COMM
1976-07,CT,0.0625,COMM
1976-07,DA,0.0,COMM
1976-07,JO,0.0625,COMM
1976-07,KC,0.0625,COMM
1976-07,LB,0.0625,COMM
1976-07,MW,0.0,COMM
1976-07,SB,0.0625,COMM
1976-07,ZA,0.0,COMM
1976-07,ZB,0.0,COMM
1976-07,ZC,0.0625,COMM
1976-07,ZF,0.0,COMM
1976-07,ZG,0.0625,COMM
1976-07,ZI,0.0625,COMM
1976-07,ZK,0.0,COMM
1976-07,ZL,0.0625,COMM
1976-07,ZM,0.0625,COMM
1976-07,ZN,0.0,COMM
1976-07,ZO,0.0625,COMM
1976-07,ZP,0.0625,COMM
1976-07,ZR,0.0,COMM
1976-07,ZS,0.0625,COMM
1976-07,ZT,0.0625,COMM
1976-07,ZU,0.0,COMM
1976-07,ZW,0.0625,COMM
1976-07,ZZ,0.0625,COMM
1976-08,CC,0.0,COMM
1976-08,CT,0.0625,COMM
1976-08,DA,0.0,COMM
1976-08,JO,0.0625,COMM
1976-08,KC,0.0625,COMM
1976-08,LB,0.0625,COMM
1976-08,MW,0.0,COMM
1976-08,SB,0.0625,COMM
1976-08,ZA,0.0,COMM
1976-08,ZB,0.0,COMM
1976-08,ZC,0.0625,COMM
1976-08,ZF,0.0,COMM
1976-08,ZG,0.0625,COMM
1976-08,ZI,0.0625,COMM
1976-08,ZK,0.0,COMM
1976-08,ZL,0.0625,COMM
1976-08,ZM,0.0625,COMM
1976-08,ZN,0.0,COMM
1976-08,ZO,0.0625,COMM
1976-08,ZP,0.0625,COMM
1976-08,ZR,0.0,COMM
1976-08,ZS,0.0625,COMM
1976-08,ZT,0.0625,COMM
1976-08,ZU,0.0,COMM
1976-08,ZW,0.0625,COMM
1976-08,ZZ,0.0625,COMM
1976-09,CC,0.0,COMM
1976-09,CT,0.0625,COMM
1976-09,DA,0.0,COMM
1976-09,JO,0.0625,COMM
1976-09,KC,0.0625,COMM
1976-09,LB,0.0625,COMM
1976-09,MW,0.0,COMM
1976-09,SB,0.0625,COMM
1976-09,ZA,0.0,COMM
1976-09,ZB,0.0,COMM
1976-09,ZC,0.0625,COMM
1976-09,ZF,0.0,COMM
1976-09,ZG,0.0625,COMM
1976-09,ZI,0.0625,COMM
1976-09,ZK,0.0,COMM
1976-09,ZL,0.0625,COMM
1976-09,ZM,0.0625,COMM
1976-09,ZN,0.0,COMM
1976-09,ZO,0.0625,COMM
1976-09,ZP,0.0625,COMM
1976-09,ZR,0.0,COMM
1976-09,ZS,0.0625,COMM
1976-09,ZT,0.0625,COMM
1976-09,ZU,0.0,COMM
1976-09,ZW,0.0625,COMM
1976-09,ZZ,0.0625,COMM
1976-10,CC,0.0,COMM
1976-10,CT,0.0625,COMM
1976-10,DA,0.0,COMM
1976-10,JO,0.0625,COMM
1976-10,KC,0.0625,COMM
1976-10,LB,0.0625,COMM
1976-10,MW,0.0,COMM
1976-10,SB,0.0625,COMM
1976-10,ZA,0.0,COMM
1976-10,ZB,0.0,COMM
1976-10,ZC,0.0625,COMM
1976-10,ZF,0.0,COMM
1976-10,ZG,0.0625,COMM
1976-10,ZI,0.0625,COMM
1976-10,ZK,0.0,COMM
1976-10,ZL,0.0625,COMM
1976-10,ZM,0.0625,COMM
1976-10,ZN,0.0,COMM
1976-10,ZO,0.0625,COMM
1976-10,ZP,0.0625,COMM
1976-10,ZR,0.0,COMM
1976-10,ZS,0.0625,COMM
1976-10,ZT,0.0625,COMM
1976-10,ZU,0.0,COMM
1976-10,ZW,0.0625,COMM
1976-10,ZZ,0.0625,COMM
1976-11,CC,0.0,COMM
1976-11,CT,0.0625,COMM
1976-11,DA,0.0,COMM
1976-11,JO,0.0625,COMM
1976-11,KC,0.0625,COMM
1976-11,LB,0.0625,COMM
1976-11,MW,0.0,COMM
1976-11,SB,0.0625,COMM
1976-11,ZA,0.0,COMM
1976-11,ZB,0.0,COMM
1976-11,ZC,0.0625,COMM
1976-11,ZF,0.0,COMM
1976-11,ZG,0.0625,COMM
1976-11,ZI,0.0625,COMM
1976-11,ZK,0.0,COMM
1976-11,ZL,0.0625,COMM
1976-11,ZM,0.0625,COMM
1976-11,ZN,0.0,COMM
1976-11,ZO,0.0625,COMM
1976-11,ZP,0.0625,COMM
1976-11,ZR,0.0,COMM
1976-11,ZS,0.0625,COMM
1976-11,ZT,0.0625,COMM
1976-11,ZU,0.0,COMM
1976-11,ZW,0.0625,COMM
1976-11,ZZ,0.0625,COMM
1976-12,CC,0.0,COMM
1976-12,CT,0.0625,COMM
1976-12,DA,0.0,COMM
1976-12,JO,0.0625,COMM
1976-12,KC,0.0625,COMM
1976-12,LB,0.0625,COMM
1976-12,MW,0.0,COMM
1976-12,SB,0.0625,COMM
1976-12,ZA,0.0,COMM
1976-12,ZB,0.0,COMM
1976-12,ZC,0.0625,COMM
1976-12,ZF,0.0,COMM
1976-12,ZG,0.0625,COMM
1976-12,ZI,0.0625,COMM
1976-12,ZK,0.0,COMM
1976-12,ZL,0.0625,COMM
1976-12,ZM,0.0625,COMM
1976-12,ZN,0.0,COMM
1976-12,ZO,0.0625,COMM
1976-12,ZP,0.0625,COMM
1976-12,ZR,0.0,COMM
1976-12,ZS,0.0625,COMM
1976-12,ZT,0.0625,COMM
1976-12,ZU,0.0,COMM
1976-12,ZW,0.0625,COMM
1976-12,ZZ,0.0625,COMM
1977-01,CC,0.0,COMM
1977-01,CT,0.0625,COMM
1977-01,DA,0.0,COMM
1977-01,JO,0.0625,COMM
1977-01,KC,0.0625,COMM
1977-01,LB,0.0625,COMM
1977-01,MW,0.0,COMM
1977-01,SB,0.0625,COMM
1977-01,ZA,0.0,COMM
1977-01,ZB,0.0,COMM
1977-01,ZC,0.0625,COMM
1977-01,ZF,0.0,COMM
1977-01,ZG,0.0625,COMM
1977-01,ZI,0.0625,COMM
1977-01,ZK,0.0,COMM
1977-01,ZL,0.0625,COMM
1977-01,ZM,0.0625,COMM
1977-01,ZN,0.0,COMM
1977-01,ZO,0.0625,COMM
1977-01,ZP,0.0625,COMM
1977-01,ZR,0.0,COMM
1977-01,ZS,0.0625,COMM
1977-01,ZT,0.0625,COMM
1977-01,ZU,0.0,COMM
1977-01,ZW,0.0625,COMM
1977-01,ZZ,0.0625,COMM
1977-02,CC,0.0,COMM
1977-02,CT,0.0625,COMM
1977-02,DA,0.0,COMM
1977-02,JO,0.0625,COMM
1977-02,KC,0.0625,COMM
1977-02,LB,0.0625,COMM
1977-02,MW,0.0,COMM
1977-02,SB,0.0625,COMM
1977-02,ZA,0.0,COMM
1977-02,ZB,0.0,COMM
1977-02,ZC,0.0625,COMM
1977-02,ZF,0.0,COMM
1977-02,ZG,0.0625,COMM
1977-02,ZI,0.0625,COMM
1977-02,ZK,0.0,COMM
1977-02,ZL,0.0625,COMM
1977-02,ZM,0.0625,COMM
1977-02,ZN,0.0,COMM
1977-02,ZO,0.0625,COMM
1977-02,ZP,0.0625,COMM
1977-02,ZR,0.0,COMM
1977-02,ZS,0.0625,COMM
1977-02,ZT,0.0625,COMM
1977-02,ZU,0.0,COMM
1977-02,ZW,0.0625,COMM
1977-02,ZZ,0.0625,COMM
1977-03,CC,0.0,COMM
1977-03,CT,0.0625,COMM
1977-03,DA,0.0,COMM
1977-03,JO,0.0625,COMM
1977-03,KC,0.0625,COMM
1977-03,LB,0.0625,COMM
1977-03,MW,0.0,COMM
1977-03,SB,0.0625,COMM
1977-03,ZA,0.0,COMM
1977-03,ZB,0.0,COMM
1977-03,ZC,0.0625,COMM
1977-03,ZF,0.0,COMM
1977-03,ZG,0.0625,COMM
1977-03,ZI,0.0625,COMM
1977-03,ZK,0.0,COMM
1977-03,ZL,0.0625,COMM
1977-03,ZM,0.0625,COMM
1977-03,ZN,0.0,COMM
1977-03,ZO,0.0625,COMM
1977-03,ZP,0.0625,COMM
1977-03,ZR,0.0,COMM
1977-03,ZS,0.0625,COMM
1977-03,ZT,0.0625,COMM
1977-03,ZU,0.0,COMM
1977-03,ZW,0.0625,COMM
1977-03,ZZ,0.0625,COMM
1977-04,CC,0.0,COMM
1977-04,CT,0.0625,COMM
1977-04,DA,0.0,COMM
1977-04,JO,0.0625,COMM
1977-04,KC,0.0625,COMM
1977-04,LB,0.0625,COMM
1977-04,MW,0.0,COMM
1977-04,SB,0.0625,COMM
1977-04,ZA,0.0,COMM
1977-04,ZB,0.0,COMM
1977-04,ZC,0.0625,COMM
1977-04,ZF,0.0,COMM
1977-04,ZG,0.0625,COMM
1977-04,ZI,0.0625,COMM
1977-04,ZK,0.0,COMM
1977-04,ZL,0.0625,COMM
1977-04,ZM,0.0625,COMM
1977-04,ZN,0.0,COMM
1977-04,ZO,0.0625,COMM
1977-04,ZP,0.0625,COMM
1977-04,ZR,0.0,COMM
1977-04,ZS,0.0625,COMM
1977-04,ZT,0.0625,COMM
1977-04,ZU,0.0,COMM
1977-04,ZW,0.0625,COMM
1977-04,ZZ,0.0625,COMM
1977-05,CC,0.0,COMM
1977-05,CT,0.0625,COMM
1977-05,DA,0.0,COMM
1977-05,JO,0.0625,COMM
1977-05,KC,0.0625,COMM
1977-05,LB,0.0625,COMM
1977-05,MW,0.0,COMM
1977-05,SB,0.0625,COMM
1977-05,ZA,0.0,COMM
1977-05,ZB,0.0,COMM
1977-05,ZC,0.0625,COMM
1977-05,ZF,0.0,COMM
1977-05,ZG,0.0625,COMM
1977-05,ZI,0.0625,COMM
1977-05,ZK,0.0,COMM
1977-05,ZL,0.0625,COMM
1977-05,ZM,0.0625,COMM
1977-05,ZN,0.0,COMM
1977-05,ZO,0.0625,COMM
1977-05,ZP,0.0625,COMM
1977-05,ZR,0.0,COMM
1977-05,ZS,0.0625,COMM
1977-05,ZT,0.0625,COMM
1977-05,ZU,0.0,COMM
1977-05,ZW,0.0625,COMM
1977-05,ZZ,0.0625,COMM
1977-06,CC,0.0,COMM
1977-06,CT,0.0625,COMM
1977-06,DA,0.0,COMM
1977-06,JO,0.0625,COMM
1977-06,KC,0.0625,COMM
1977-06,LB,0.0625,COMM
1977-06,MW,0.0,COMM
1977-06,SB,0.0625,COMM
1977-06,ZA,0.0,COMM
1977-06,ZB,0.0,COMM
1977-06,ZC,0.0625,COMM
1977-06,ZF,0.0,COMM
1977-06,ZG,0.0625,COMM
1977-06,ZI,0.0625,COMM
1977-06,ZK,0.0,COMM
1977-06,ZL,0.0625,COMM
1977-06,ZM,0.0625,COMM
1977-06,ZN,0.0,COMM
1977-06,ZO,0.0625,COMM
1977-06,ZP,0.0625,COMM
1977-06,ZR,0.0,COMM
1977-06,ZS,0.0625,COMM
1977-06,ZT,0.0625,COMM
1977-06,ZU,0.0,COMM
1977-06,ZW,0.0625,COMM
1977-06,ZZ,0.0625,COMM
1977-07,CC,0.0,COMM
1977-07,CT,0.0625,COMM
1977-07,DA,0.0,COMM
1977-07,JO,0.0625,COMM
1977-07,KC,0.0625,COMM
1977-07,LB,0.0625,COMM
1977-07,MW,0.0,COMM
1977-07,SB,0.0625,COMM
1977-07,ZA,0.0,COMM
1977-07,ZB,0.0,COMM
1977-07,ZC,0.0625,COMM
1977-07,ZF,0.0,COMM
1977-07,ZG,0.0625,COMM
1977-07,ZI,0.0625,COMM
1977-07,ZK,0.0,COMM
1977-07,ZL,0.0625,COMM
1977-07,ZM,0.0625,COMM
1977-07,ZN,0.0,COMM
1977-07,ZO,0.0625,COMM
1977-07,ZP,0.0625,COMM
1977-07,ZR,0.0,COMM
1977-07,ZS,0.0625,COMM
1977-07,ZT,0.0625,COMM
1977-07,ZU,0.0,COMM
1977-07,ZW,0.0625,COMM
1977-07,ZZ,0.0625,COMM
1977-08,CC,0.0,COMM
1977-08,CT,0.0625,COMM
1977-08,DA,0.0,COMM
1977-08,JO,0.0625,COMM
1977-08,KC,0.0625,COMM
1977-08,LB,0.0625,COMM
1977-08,MW,0.0,COMM
1977-08,SB,0.0625,COMM
1977-08,ZA,0.0,COMM
1977-08,ZB,0.0,COMM
1977-08,ZC,0.0625,COMM
1977-08,ZF,0.0,COMM
1977-08,ZG,0.0625,COMM
1977-08,ZI,0.0625,COMM
1977-08,ZK,0.0,COMM
1977-08,ZL,0.0625,COMM
1977-08,ZM,0.0625,COMM
1977-08,ZN,0.0,COMM
1977-08,ZO,0.0625,COMM
1977-08,ZP,0.0625,COMM
1977-08,ZR,0.0,COMM
1977-08,ZS,0.0625,COMM
1977-08,ZT,0.0625,COMM
1977-08,ZU,0.0,COMM
1977-08,ZW,0.0625,COMM
1977-08,ZZ,0.0625,COMM
1977-09,CC,0.0,COMM
1977-09,CT,0.0625,COMM
1977-09,DA,0.0,COMM
1977-09,JO,0.0625,COMM
1977-09,KC,0.0625,COMM
1977-09,LB,0.0625,COMM
1977-09,MW,0.0,COMM
1977-09,SB,0.0625,COMM
1977-09,ZA,0.0,COMM
1977-09,ZB,0.0,COMM
1977-09,ZC,0.0625,COMM
1977-09,ZF,0.0,COMM
1977-09,ZG,0.0625,COMM
1977-09,ZI,0.0625,COMM
1977-09,ZK,0.0,COMM
1977-09,ZL,0.0625,COMM
1977-09,ZM,0.0625,COMM
1977-09,ZN,0.0,COMM
1977-09,ZO,0.0625,COMM
1977-09,ZP,0.0625,COMM
1977-09,ZR,0.0,COMM
1977-09,ZS,0.0625,COMM
1977-09,ZT,0.0625,COMM
1977-09,ZU,0.0,COMM
1977-09,ZW,0.0625,COMM
1977-09,ZZ,0.0625,COMM
1977-10,CC,0.0,COMM
1977-10,CT,0.0625,COMM
1977-10,DA,0.0,COMM
1977-10,JO,0.0625,COMM
1977-10,KC,0.0625,COMM
1977-10,LB,0.0625,COMM
1977-10,MW,0.0,COMM
1977-10,SB,0.0625,COMM
1977-10,ZA,0.0,COMM
1977-10,ZB,0.0,COMM
1977-10,ZC,0.0625,COMM
1977-10,ZF,0.0,COMM
1977-10,ZG,0.0625,COMM
1977-10,ZI,0.0625,COMM
1977-10,ZK,0.0,COMM
1977-10,ZL,0.0625,COMM
1977-10,ZM,0.0625,COMM
1977-10,ZN,0.0,COMM
1977-10,ZO,0.0625,COMM
1977-10,ZP,0.0625,COMM
1977-10,ZR,0.0,COMM
1977-10,ZS,0.0625,COMM
1977-10,ZT,0.0625,COMM
1977-10,ZU,0.0,COMM
1977-10,ZW,0.0625,COMM
1977-10,ZZ,0.0625,COMM
1977-11,CC,0.0,COMM
1977-11,CT,0.0625,COMM
1977-11,DA,0.0,COMM
1977-11,JO,0.0625,COMM
1977-11,KC,0.0625,COMM
1977-11,LB,0.0625,COMM
1977-11,MW,0.0,COMM
1977-11,SB,0.0625,COMM
1977-11,ZA,0.0,COMM
1977-11,ZB,0.0,COMM
1977-11,ZC,0.0625,COMM
1977-11,ZF,0.0,COMM
1977-11,ZG,0.0625,COMM
1977-11,ZI,0.0625,COMM
1977-11,ZK,0.0,COMM
1977-11,ZL,0.0625,COMM
1977-11,ZM,0.0625,COMM
1977-11,ZN,0.0,COMM
1977-11,ZO,0.0625,COMM
1977-11,ZP,0.0625,COMM
1977-11,ZR,0.0,COMM
1977-11,ZS,0.0625,COMM
1977-11,ZT,0.0625,COMM
1977-11,ZU,0.0,COMM
1977-11,ZW,0.0625,COMM
1977-11,ZZ,0.0625,COMM
1977-12,CC,0.0,COMM
1977-12,CT,0.0625,COMM
1977-12,DA,0.0,COMM
1977-12,JO,0.0625,COMM
1977-12,KC,0.0625,COMM
1977-12,LB,0.0625,COMM
1977-12,MW,0.0,COMM
1977-12,SB,0.0625,COMM
1977-12,ZA,0.0,COMM
1977-12,ZB,0.0,COMM
1977-12,ZC,0.0625,COMM
1977-12,ZF,0.0,COMM
1977-12,ZG,0.0625,COMM
1977-12,ZI,0.0625,COMM
1977-12,ZK,0.0,COMM
1977-12,ZL,0.0625,COMM
1977-12,ZM,0.0625,COMM
1977-12,ZN,0.0,COMM
1977-12,ZO,0.0625,COMM
1977-12,ZP,0.0625,COMM
1977-12,ZR,0.0,COMM
1977-12,ZS,0.0625,COMM
1977-12,ZT,0.0625,COMM
1977-12,ZU,0.0,COMM
1977-12,ZW,0.0625,COMM
1977-12,ZZ,0.0625,COMM
1978-01,CC,0.0,COMM
1978-01,CT,0.0625,COMM
1978-01,DA,0.0,COMM
1978-01,JO,0.0625,COMM
1978-01,KC,0.0625,COMM
1978-01,LB,0.0625,COMM
1978-01,MW,0.0,COMM
1978-01,SB,0.0625,COMM
1978-01,ZA,0.0,COMM
1978-01,ZB,0.0,COMM
1978-01,ZC,0.0625,COMM
1978-01,ZF,0.0,COMM
1978-01,ZG,0.0625,COMM
1978-01,ZI,0.0625,COMM
1978-01,ZK,0.0,COMM
1978-01,ZL,0.0625,COMM
1978-01,ZM,0.0625,COMM
1978-01,ZN,0.0,COMM
1978-01,ZO,0.0625,COMM
1978-01,ZP,0.0625,COMM
1978-01,ZR,0.0,COMM
1978-01,ZS,0.0625,COMM
1978-01,ZT,0.0625,COMM
1978-01,ZU,0.0,COMM
1978-01,ZW,0.0625,COMM
1978-01,ZZ,0.0625,COMM
1978-02,CC,0.0,COMM
1978-02,CT,0.058823529411764705,COMM
1978-02,DA,0.0,COMM
1978-02,JO,0.058823529411764705,COMM
1978-02,KC,0.058823529411764705,COMM
1978-02,LB,0.058823529411764705,COMM
1978-02,MW,0.0,COMM
1978-02,SB,0.058823529411764705,COMM
1978-02,ZA,0.0,COMM
1978-02,ZB,0.0,COMM
1978-02,ZC,0.058823529411764705,COMM
1978-02,ZF,0.058823529411764705,COMM
1978-02,ZG,0.058823529411764705,COMM
1978-02,ZI,0.058823529411764705,COMM
1978-02,ZK,0.0,COMM
1978-02,ZL,0.058823529411764705,COMM
1978-02,ZM,0.058823529411764705,COMM
1978-02,ZN,0.0,COMM
1978-02,ZO,0.058823529411764705,COMM
1978-02,ZP,0.058823529411764705,COMM
1978-02,ZR,0.0,COMM
1978-02,ZS,0.058823529411764705,COMM
1978-02,ZT,0.058823529411764705,COMM
1978-02,ZU,0.0,COMM
1978-02,ZW,0.058823529411764705,COMM
1978-02,ZZ,0.058823529411764705,COMM
1978-03,CC,0.0,COMM
1978-03,CT,0.058823529411764705,COMM
1978-03,DA,0.0,COMM
1978-03,JO,0.058823529411764705,COMM
1978-03,KC,0.058823529411764705,COMM
1978-03,LB,0.058823529411764705,COMM
1978-03,MW,0.0,COMM
1978-03,SB,0.058823529411764705,COMM
1978-03,ZA,0.0,COMM
1978-03,ZB,0.0,COMM
1978-03,ZC,0.058823529411764705,COMM
1978-03,ZF,0.058823529411764705,COMM
1978-03,ZG,0.058823529411764705,COMM
1978-03,ZI,0.058823529411764705,COMM
1978-03,ZK,0.0,COMM
1978-03,ZL,0.058823529411764705,COMM
1978-03,ZM,0.058823529411764705,COMM
1978-03,ZN,0.0,COMM
1978-03,ZO,0.058823529411764705,COMM
1978-03,ZP,0.058823529411764705,COMM
1978-03,ZR,0.0,COMM
1978-03,ZS,0.058823529411764705,COMM
1978-03,ZT,0.058823529411764705,COMM
1978-03,ZU,0.0,COMM
1978-03,ZW,0.058823529411764705,COMM
1978-03,ZZ,0.058823529411764705,COMM
1978-04,CC,0.0,COMM
1978-04,CT,0.058823529411764705,COMM
1978-04,DA,0.0,COMM
1978-04,JO,0.058823529411764705,COMM
1978-04,KC,0.058823529411764705,COMM
1978-04,LB,0.058823529411764705,COMM
1978-04,MW,0.0,COMM
1978-04,SB,0.058823529411764705,COMM
1978-04,ZA,0.0,COMM
1978-04,ZB,0.0,COMM
1978-04,ZC,0.058823529411764705,COMM
1978-04,ZF,0.058823529411764705,COMM
1978-04,ZG,0.058823529411764705,COMM
1978-04,ZI,0.058823529411764705,COMM
1978-04,ZK,0.0,COMM
1978-04,ZL,0.058823529411764705,COMM
1978-04,ZM,0.058823529411764705,COMM
1978-04,ZN,0.0,COMM
1978-04,ZO,0.058823529411764705,COMM
1978-04,ZP,0.058823529411764705,COMM
1978-04,ZR,0.0,COMM
1978-04,ZS,0.058823529411764705,COMM
1978-04,ZT,0.058823529411764705,COMM
1978-04,ZU,0.0,COMM
1978-04,ZW,0.058823529411764705,COMM
1978-04,ZZ,0.058823529411764705,COMM
1978-05,CC,0.0,COMM
1978-05,CT,0.058823529411764705,COMM
1978-05,DA,0.0,COMM
1978-05,JO,0.058823529411764705,COMM
1978-05,KC,0.058823529411764705,COMM
1978-05,LB,0.058823529411764705,COMM
1978-05,MW,0.0,COMM
1978-05,SB,0.058823529411764705,COMM
1978-05,ZA,0.0,COMM
1978-05,ZB,0.0,COMM
1978-05,ZC,0.058823529411764705,COMM
1978-05,ZF,0.058823529411764705,COMM
1978-05,ZG,0.058823529411764705,COMM
1978-05,ZI,0.058823529411764705,COMM
1978-05,ZK,0.0,COMM
1978-05,ZL,0.058823529411764705,COMM
1978-05,ZM,0.058823529411764705,COMM
1978-05,ZN,0.0,COMM
1978-05,ZO,0.058823529411764705,COMM
1978-05,ZP,0.058823529411764705,COMM
1978-05,ZR,0.0,COMM
1978-05,ZS,0.058823529411764705,COMM
1978-05,ZT,0.058823529411764705,COMM
1978-05,ZU,0.0,COMM
1978-05,ZW,0.058823529411764705,COMM
1978-05,ZZ,0.058823529411764705,COMM
1978-06,CC,0.0,COMM
1978-06,CT,0.058823529411764705,COMM
1978-06,DA,0.0,COMM
1978-06,JO,0.058823529411764705,COMM
1978-06,KC,0.058823529411764705,COMM
1978-06,LB,0.058823529411764705,COMM
1978-06,MW,0.0,COMM
1978-06,SB,0.058823529411764705,COMM
1978-06,ZA,0.0,COMM
1978-06,ZB,0.0,COMM
1978-06,ZC,0.058823529411764705,COMM
1978-06,ZF,0.058823529411764705,COMM
1978-06,ZG,0.058823529411764705,COMM
1978-06,ZI,0.058823529411764705,COMM
1978-06,ZK,0.0,COMM
1978-06,ZL,0.058823529411764705,COMM
1978-06,ZM,0.058823529411764705,COMM
1978-06,ZN,0.0,COMM
1978-06,ZO,0.058823529411764705,COMM
1978-06,ZP,0.058823529411764705,COMM
1978-06,ZR,0.0,COMM
1978-06,ZS,0.058823529411764705,COMM
1978-06,ZT,0.058823529411764705,COMM
1978-06,ZU,0.0,COMM
1978-06,ZW,0.058823529411764705,COMM
1978-06,ZZ,0.058823529411764705,COMM
1978-07,CC,0.0,COMM
1978-07,CT,0.058823529411764705,COMM
1978-07,DA,0.0,COMM
1978-07,JO,0.058823529411764705,COMM
1978-07,KC,0.058823529411764705,COMM
1978-07,LB,0.058823529411764705,COMM
1978-07,MW,0.0,COMM
1978-07,SB,0.058823529411764705,COMM
1978-07,ZA,0.0,COMM
1978-07,ZB,0.0,COMM
1978-07,ZC,0.058823529411764705,COMM
1978-07,ZF,0.058823529411764705,COMM
1978-07,ZG,0.058823529411764705,COMM
1978-07,ZI,0.058823529411764705,COMM
1978-07,ZK,0.0,COMM
1978-07,ZL,0.058823529411764705,COMM
1978-07,ZM,0.058823529411764705,COMM
1978-07,ZN,0.0,COMM
1978-07,ZO,0.058823529411764705,COMM
1978-07,ZP,0.058823529411764705,COMM
1978-07,ZR,0.0,COMM
1978-07,ZS,0.058823529411764705,COMM
1978-07,ZT,0.058823529411764705,COMM
1978-07,ZU,0.0,COMM
1978-07,ZW,0.058823529411764705,COMM
1978-07,ZZ,0.058823529411764705,COMM
1978-08,CC,0.0,COMM
1978-08,CT,0.058823529411764705,COMM
1978-08,DA,0.0,COMM
1978-08,JO,0.058823529411764705,COMM
1978-08,KC,0.058823529411764705,COMM
1978-08,LB,0.058823529411764705,COMM
1978-08,MW,0.0,COMM
1978-08,SB,0.058823529411764705,COMM
1978-08,ZA,0.0,COMM
1978-08,ZB,0.0,COMM
1978-08,ZC,0.058823529411764705,COMM
1978-08,ZF,0.058823529411764705,COMM
1978-08,ZG,0.058823529411764705,COMM
1978-08,ZI,0.058823529411764705,COMM
1978-08,ZK,0.0,COMM
1978-08,ZL,0.058823529411764705,COMM
1978-08,ZM,0.058823529411764705,COMM
1978-08,ZN,0.0,COMM
1978-08,ZO,0.058823529411764705,COMM
1978-08,ZP,0.058823529411764705,COMM
1978-08,ZR,0.0,COMM
1978-08,ZS,0.058823529411764705,COMM
1978-08,ZT,0.058823529411764705,COMM
1978-08,ZU,0.0,COMM
1978-08,ZW,0.058823529411764705,COMM
1978-08,ZZ,0.058823529411764705,COMM
1978-09,CC,0.0,COMM
1978-09,CT,0.058823529411764705,COMM
1978-09,DA,0.0,COMM
1978-09,JO,0.058823529411764705,COMM
1978-09,KC,0.058823529411764705,COMM
1978-09,LB,0.058823529411764705,COMM
1978-09,MW,0.0,COMM
1978-09,SB,0.058823529411764705,COMM
1978-09,ZA,0.0,COMM
1978-09,ZB,0.0,COMM
1978-09,ZC,0.058823529411764705,COMM
1978-09,ZF,0.058823529411764705,COMM
1978-09,ZG,0.058823529411764705,COMM
1978-09,ZI,0.058823529411764705,COMM
1978-09,ZK,0.0,COMM
1978-09,ZL,0.058823529411764705,COMM
1978-09,ZM,0.058823529411764705,COMM
1978-09,ZN,0.0,COMM
1978-09,ZO,0.058823529411764705,COMM
1978-09,ZP,0.058823529411764705,COMM
1978-09,ZR,0.0,COMM
1978-09,ZS,0.058823529411764705,COMM
1978-09,ZT,0.058823529411764705,COMM
1978-09,ZU,0.0,COMM
1978-09,ZW,0.058823529411764705,COMM
1978-09,ZZ,0.058823529411764705,COMM
1978-10,CC,0.0,COMM
1978-10,CT,0.058823529411764705,COMM
1978-10,DA,0.0,COMM
1978-10,JO,0.058823529411764705,COMM
1978-10,KC,0.058823529411764705,COMM
1978-10,LB,0.058823529411764705,COMM
1978-10,MW,0.0,COMM
1978-10,SB,0.058823529411764705,COMM
1978-10,ZA,0.0,COMM
1978-10,ZB,0.0,COMM
1978-10,ZC,0.058823529411764705,COMM
1978-10,ZF,0.058823529411764705,COMM
1978-10,ZG,0.058823529411764705,COMM
1978-10,ZI,0.058823529411764705,COMM
1978-10,ZK,0.0,COMM
1978-10,ZL,0.058823529411764705,COMM
1978-10,ZM,0.058823529411764705,COMM
1978-10,ZN,0.0,COMM
1978-10,ZO,0.058823529411764705,COMM
1978-10,ZP,0.058823529411764705,COMM
1978-10,ZR,0.0,COMM
1978-10,ZS,0.058823529411764705,COMM
1978-10,ZT,0.058823529411764705,COMM
1978-10,ZU,0.0,COMM
1978-10,ZW,0.058823529411764705,COMM
1978-10,ZZ,0.058823529411764705,COMM
1978-11,CC,0.0,COMM
1978-11,CT,0.058823529411764705,COMM
1978-11,DA,0.0,COMM
1978-11,JO,0.058823529411764705,COMM
1978-11,KC,0.058823529411764705,COMM
1978-11,LB,0.058823529411764705,COMM
1978-11,MW,0.0,COMM
1978-11,SB,0.058823529411764705,COMM
1978-11,ZA,0.0,COMM
1978-11,ZB,0.0,COMM
1978-11,ZC,0.058823529411764705,COMM
1978-11,ZF,0.058823529411764705,COMM
1978-11,ZG,0.058823529411764705,COMM
1978-11,ZI,0.058823529411764705,COMM
1978-11,ZK,0.0,COMM
1978-11,ZL,0.058823529411764705,COMM
1978-11,ZM,0.058823529411764705,COMM
1978-11,ZN,0.0,COMM
1978-11,ZO,0.058823529411764705,COMM
1978-11,ZP,0.058823529411764705,COMM
1978-11,ZR,0.0,COMM
1978-11,ZS,0.058823529411764705,COMM
1978-11,ZT,0.058823529411764705,COMM
1978-11,ZU,0.0,COMM
1978-11,ZW,0.058823529411764705,COMM
1978-11,ZZ,0.058823529411764705,COMM
1978-12,CC,0.0,COMM
1978-12,CT,0.058823529411764705,COMM
1978-12,DA,0.0,COMM
1978-12,JO,0.058823529411764705,COMM
1978-12,KC,0.058823529411764705,COMM
1978-12,LB,0.058823529411764705,COMM
1978-12,MW,0.0,COMM
1978-12,SB,0.058823529411764705,COMM
1978-12,ZA,0.0,COMM
1978-12,ZB,0.0,COMM
1978-12,ZC,0.058823529411764705,COMM
1978-12,ZF,0.058823529411764705,COMM
1978-12,ZG,0.058823529411764705,COMM
1978-12,ZI,0.058823529411764705,COMM
1978-12,ZK,0.0,COMM
1978-12,ZL,0.058823529411764705,COMM
1978-12,ZM,0.058823529411764705,COMM
1978-12,ZN,0.0,COMM
1978-12,ZO,0.058823529411764705,COMM
1978-12,ZP,0.058823529411764705,COMM
1978-12,ZR,0.0,COMM
1978-12,ZS,0.058823529411764705,COMM
1978-12,ZT,0.058823529411764705,COMM
1978-12,ZU,0.0,COMM
1978-12,ZW,0.058823529411764705,COMM
1978-12,ZZ,0.058823529411764705,COMM
1979-01,CC,0.0,COMM
1979-01,CT,0.058823529411764705,COMM
1979-01,DA,0.0,COMM
1979-01,JO,0.058823529411764705,COMM
1979-01,KC,0.058823529411764705,COMM
1979-01,LB,0.058823529411764705,COMM
1979-01,MW,0.0,COMM
1979-01,SB,0.058823529411764705,COMM
1979-01,ZA,0.0,COMM
1979-01,ZB,0.0,COMM
1979-01,ZC,0.058823529411764705,COMM
1979-01,ZF,0.058823529411764705,COMM
1979-01,ZG,0.058823529411764705,COMM
1979-01,ZI,0.058823529411764705,COMM
1979-01,ZK,0.0,COMM
1979-01,ZL,0.058823529411764705,COMM
1979-01,ZM,0.058823529411764705,COMM
1979-01,ZN,0.0,COMM
1979-01,ZO,0.058823529411764705,COMM
1979-01,ZP,0.058823529411764705,COMM
1979-01,ZR,0.0,COMM
1979-01,ZS,0.058823529411764705,COMM
1979-01,ZT,0.058823529411764705,COMM
1979-01,ZU,0.0,COMM
1979-01,ZW,0.058823529411764705,COMM
1979-01,ZZ,0.058823529411764705,COMM
1979-02,CC,0.0,COMM
1979-02,CT,0.058823529411764705,COMM
1979-02,DA,0.0,COMM
1979-02,JO,0.058823529411764705,COMM
1979-02,KC,0.058823529411764705,COMM
1979-02,LB,0.058823529411764705,COMM
1979-02,MW,0.0,COMM
1979-02,SB,0.058823529411764705,COMM
1979-02,ZA,0.0,COMM
1979-02,ZB,0.0,COMM
1979-02,ZC,0.058823529411764705,COMM
1979-02,ZF,0.058823529411764705,COMM
1979-02,ZG,0.058823529411764705,COMM
1979-02,ZI,0.058823529411764705,COMM
1979-02,ZK,0.0,COMM
1979-02,ZL,0.058823529411764705,COMM
1979-02,ZM,0.058823529411764705,COMM
1979-02,ZN,0.0,COMM
1979-02,ZO,0.058823529411764705,COMM
1979-02,ZP,0.058823529411764705,COMM
1979-02,ZR,0.0,COMM
1979-02,ZS,0.058823529411764705,COMM
1979-02,ZT,0.058823529411764705,COMM
1979-02,ZU,0.0,COMM
1979-02,ZW,0.058823529411764705,COMM
1979-02,ZZ,0.058823529411764705,COMM
1979-03,CC,0.0,COMM
1979-03,CT,0.058823529411764705,COMM
1979-03,DA,0.0,COMM
1979-03,JO,0.058823529411764705,COMM
1979-03,KC,0.058823529411764705,COMM
1979-03,LB,0.058823529411764705,COMM
1979-03,MW,0.0,COMM
1979-03,SB,0.058823529411764705,COMM
1979-03,ZA,0.0,COMM
1979-03,ZB,0.0,COMM
1979-03,ZC,0.058823529411764705,COMM
1979-03,ZF,0.058823529411764705,COMM
1979-03,ZG,0.058823529411764705,COMM
1979-03,ZI,0.058823529411764705,COMM
1979-03,ZK,0.0,COMM
1979-03,ZL,0.058823529411764705,COMM
1979-03,ZM,0.058823529411764705,COMM
1979-03,ZN,0.0,COMM
1979-03,ZO,0.058823529411764705,COMM
1979-03,ZP,0.058823529411764705,COMM
1979-03,ZR,0.0,COMM
1979-03,ZS,0.058823529411764705,COMM
1979-03,ZT,0.058823529411764705,COMM
1979-03,ZU,0.0,COMM
1979-03,ZW,0.058823529411764705,COMM
1979-03,ZZ,0.058823529411764705,COMM
1979-04,CC,0.0,COMM
1979-04,CT,0.058823529411764705,COMM
1979-04,DA,0.0,COMM
1979-04,JO,0.058823529411764705,COMM
1979-04,KC,0.058823529411764705,COMM
1979-04,LB,0.058823529411764705,COMM
1979-04,MW,0.0,COMM
1979-04,SB,0.058823529411764705,COMM
1979-04,ZA,0.0,COMM
1979-04,ZB,0.0,COMM
1979-04,ZC,0.058823529411764705,COMM
1979-04,ZF,0.058823529411764705,COMM
1979-04,ZG,0.058823529411764705,COMM
1979-04,ZI,0.058823529411764705,COMM
1979-04,ZK,0.0,COMM
1979-04,ZL,0.058823529411764705,COMM
1979-04,ZM,0.058823529411764705,COMM
1979-04,ZN,0.0,COMM
1979-04,ZO,0.058823529411764705,COMM
1979-04,ZP,0.058823529411764705,COMM
1979-04,ZR,0.0,COMM
1979-04,ZS,0.058823529411764705,COMM
1979-04,ZT,0.058823529411764705,COMM
1979-04,ZU,0.0,COMM
1979-04,ZW,0.058823529411764705,COMM
1979-04,ZZ,0.058823529411764705,COMM
1979-05,CC,0.0,COMM
1979-05,CT,0.058823529411764705,COMM
1979-05,DA,0.0,COMM
1979-05,JO,0.058823529411764705,COMM
1979-05,KC,0.058823529411764705,COMM
1979-05,LB,0.058823529411764705,COMM
1979-05,MW,0.0,COMM
1979-05,SB,0.058823529411764705,COMM
1979-05,ZA,0.0,COMM
1979-05,ZB,0.0,COMM
1979-05,ZC,0.058823529411764705,COMM
1979-05,ZF,0.058823529411764705,COMM
1979-05,ZG,0.058823529411764705,COMM
1979-05,ZI,0.058823529411764705,COMM
1979-05,ZK,0.0,COMM
1979-05,ZL,0.058823529411764705,COMM
1979-05,ZM,0.058823529411764705,COMM
1979-05,ZN,0.0,COMM
1979-05,ZO,0.058823529411764705,COMM
1979-05,ZP,0.058823529411764705,COMM
1979-05,ZR,0.0,COMM
1979-05,ZS,0.058823529411764705,COMM
1979-05,ZT,0.058823529411764705,COMM
1979-05,ZU,0.0,COMM
1979-05,ZW,0.058823529411764705,COMM
1979-05,ZZ,0.058823529411764705,COMM
1979-06,CC,0.0,COMM
1979-06,CT,0.058823529411764705,COMM
1979-06,DA,0.0,COMM
1979-06,JO,0.058823529411764705,COMM
1979-06,KC,0.058823529411764705,COMM
1979-06,LB,0.058823529411764705,COMM
1979-06,MW,0.0,COMM
1979-06,SB,0.058823529411764705,COMM
1979-06,ZA,0.0,COMM
1979-06,ZB,0.0,COMM
1979-06,ZC,0.058823529411764705,COMM
1979-06,ZF,0.058823529411764705,COMM
1979-06,ZG,0.058823529411764705,COMM
1979-06,ZI,0.058823529411764705,COMM
1979-06,ZK,0.0,COMM
1979-06,ZL,0.058823529411764705,COMM
1979-06,ZM,0.058823529411764705,COMM
1979-06,ZN,0.0,COMM
1979-06,ZO,0.058823529411764705,COMM
1979-06,ZP,0.058823529411764705,COMM
1979-06,ZR,0.0,COMM
1979-06,ZS,0.058823529411764705,COMM
1979-06,ZT,0.058823529411764705,COMM
1979-06,ZU,0.0,COMM
1979-06,ZW,0.058823529411764705,COMM
1979-06,ZZ,0.058823529411764705,COMM
1979-07,CC,0.0,COMM
1979-07,CT,0.058823529411764705,COMM
1979-07,DA,0.0,COMM
1979-07,JO,0.058823529411764705,COMM
1979-07,KC,0.058823529411764705,COMM
1979-07,LB,0.058823529411764705,COMM
1979-07,MW,0.0,COMM
1979-07,SB,0.058823529411764705,COMM
1979-07,ZA,0.0,COMM
1979-07,ZB,0.0,COMM
1979-07,ZC,0.058823529411764705,COMM
1979-07,ZF,0.058823529411764705,COMM
1979-07,ZG,0.058823529411764705,COMM
1979-07,ZI,0.058823529411764705,COMM
1979-07,ZK,0.0,COMM
1979-07,ZL,0.058823529411764705,COMM
1979-07,ZM,0.058823529411764705,COMM
1979-07,ZN,0.0,COMM
1979-07,ZO,0.058823529411764705,COMM
1979-07,ZP,0.058823529411764705,COMM
1979-07,ZR,0.0,COMM
1979-07,ZS,0.058823529411764705,COMM
1979-07,ZT,0.058823529411764705,COMM
1979-07,ZU,0.0,COMM
1979-07,ZW,0.058823529411764705,COMM
1979-07,ZZ,0.058823529411764705,COMM
1979-08,CC,0.0,COMM
1979-08,CT,0.058823529411764705,COMM
1979-08,DA,0.0,COMM
1979-08,JO,0.058823529411764705,COMM
1979-08,KC,0.058823529411764705,COMM
1979-08,LB,0.058823529411764705,COMM
1979-08,MW,0.0,COMM
1979-08,SB,0.058823529411764705,COMM
1979-08,ZA,0.0,COMM
1979-08,ZB,0.0,COMM
1979-08,ZC,0.058823529411764705,COMM
1979-08,ZF,0.058823529411764705,COMM
1979-08,ZG,0.058823529411764705,COMM
1979-08,ZI,0.058823529411764705,COMM
1979-08,ZK,0.0,COMM
1979-08,ZL,0.058823529411764705,COMM
1979-08,ZM,0.058823529411764705,COMM
1979-08,ZN,0.0,COMM
1979-08,ZO,0.058823529411764705,COMM
1979-08,ZP,0.058823529411764705,COMM
1979-08,ZR,0.0,COMM
1979-08,ZS,0.058823529411764705,COMM
1979-08,ZT,0.058823529411764705,COMM
1979-08,ZU,0.0,COMM
1979-08,ZW,0.058823529411764705,COMM
1979-08,ZZ,0.058823529411764705,COMM
1979-09,CC,0.0,COMM
1979-09,CT,0.058823529411764705,COMM
1979-09,DA,0.0,COMM
1979-09,JO,0.058823529411764705,COMM
1979-09,KC,0.058823529411764705,COMM
1979-09,LB,0.058823529411764705,COMM
1979-09,MW,0.0,COMM
1979-09,SB,0.058823529411764705,COMM
1979-09,ZA,0.0,COMM
1979-09,ZB,0.0,COMM
1979-09,ZC,0.058823529411764705,COMM
1979-09,ZF,0.058823529411764705,COMM
1979-09,ZG,0.058823529411764705,COMM
1979-09,ZI,0.058823529411764705,COMM
1979-09,ZK,0.0,COMM
1979-09,ZL,0.058823529411764705,COMM
1979-09,ZM,0.058823529411764705,COMM
1979-09,ZN,0.0,COMM
1979-09,ZO,0.058823529411764705,COMM
1979-09,ZP,0.058823529411764705,COMM
1979-09,ZR,0.0,COMM
1979-09,ZS,0.058823529411764705,COMM
1979-09,ZT,0.058823529411764705,COMM
1979-09,ZU,0.0,COMM
1979-09,ZW,0.058823529411764705,COMM
1979-09,ZZ,0.058823529411764705,COMM
1979-10,CC,0.0,COMM
1979-10,CT,0.058823529411764705,COMM
1979-10,DA,0.0,COMM
1979-10,JO,0.058823529411764705,COMM
1979-10,KC,0.058823529411764705,COMM
1979-10,LB,0.058823529411764705,COMM
1979-10,MW,0.0,COMM
1979-10,SB,0.058823529411764705,COMM
1979-10,ZA,0.0,COMM
1979-10,ZB,0.0,COMM
1979-10,ZC,0.058823529411764705,COMM
1979-10,ZF,0.058823529411764705,COMM
1979-10,ZG,0.058823529411764705,COMM
1979-10,ZI,0.058823529411764705,COMM
1979-10,ZK,0.0,COMM
1979-10,ZL,0.058823529411764705,COMM
1979-10,ZM,0.058823529411764705,COMM
1979-10,ZN,0.0,COMM
1979-10,ZO,0.058823529411764705,COMM
1979-10,ZP,0.058823529411764705,COMM
1979-10,ZR,0.0,COMM
1979-10,ZS,0.058823529411764705,COMM
1979-10,ZT,0.058823529411764705,COMM
1979-10,ZU,0.0,COMM
1979-10,ZW,0.058823529411764705,COMM
1979-10,ZZ,0.058823529411764705,COMM
1979-11,CC,0.0,COMM
1979-11,CT,0.058823529411764705,COMM
1979-11,DA,0.0,COMM
1979-11,JO,0.058823529411764705,COMM
1979-11,KC,0.058823529411764705,COMM
1979-11,LB,0.058823529411764705,COMM
1979-11,MW,0.0,COMM
1979-11,SB,0.058823529411764705,COMM
1979-11,ZA,0.0,COMM
1979-11,ZB,0.0,COMM
1979-11,ZC,0.058823529411764705,COMM
1979-11,ZF,0.058823529411764705,COMM
1979-11,ZG,0.058823529411764705,COMM
1979-11,ZI,0.058823529411764705,COMM
1979-11,ZK,0.0,COMM
1979-11,ZL,0.058823529411764705,COMM
1979-11,ZM,0.058823529411764705,COMM
1979-11,ZN,0.0,COMM
1979-11,ZO,0.058823529411764705,COMM
1979-11,ZP,0.058823529411764705,COMM
1979-11,ZR,0.0,COMM
1979-11,ZS,0.058823529411764705,COMM
1979-11,ZT,0.058823529411764705,COMM
1979-11,ZU,0.0,COMM
1979-11,ZW,0.058823529411764705,COMM
1979-11,ZZ,0.058823529411764705,COMM
1979-12,CC,0.0,COMM
1979-12,CT,0.058823529411764705,COMM
1979-12,DA,0.0,COMM
1979-12,JO,0.058823529411764705,COMM
1979-12,KC,0.058823529411764705,COMM
1979-12,LB,0.058823529411764705,COMM
1979-12,MW,0.0,COMM
1979-12,SB,0.058823529411764705,COMM
1979-12,ZA,0.0,COMM
1979-12,ZB,0.0,COMM
1979-12,ZC,0.058823529411764705,COMM
1979-12,ZF,0.058823529411764705,COMM
1979-12,ZG,0.058823529411764705,COMM
1979-12,ZI,0.058823529411764705,COMM
1979-12,ZK,0.0,COMM
1979-12,ZL,0.058823529411764705,COMM
1979-12,ZM,0.058823529411764705,COMM
1979-12,ZN,0.0,COMM
1979-12,ZO,0.058823529411764705,COMM
1979-12,ZP,0.058823529411764705,COMM
1979-12,ZR,0.0,COMM
1979-12,ZS,0.058823529411764705,COMM
1979-12,ZT,0.058823529411764705,COMM
1979-12,ZU,0.0,COMM
1979-12,ZW,0.058823529411764705,COMM
1979-12,ZZ,0.058823529411764705,COMM
1980-01,CC,0.0,COMM
1980-01,CT,0.058823529411764705,COMM
1980-01,DA,0.0,COMM
1980-01,JO,0.058823529411764705,COMM
1980-01,KC,0.058823529411764705,COMM
1980-01,LB,0.058823529411764705,COMM
1980-01,MW,0.0,COMM
1980-01,SB,0.058823529411764705,COMM
1980-01,ZA,0.0,COMM
1980-01,ZB,0.0,COMM
1980-01,ZC,0.058823529411764705,COMM
1980-01,ZF,0.058823529411764705,COMM
1980-01,ZG,0.058823529411764705,COMM
1980-01,ZI,0.058823529411764705,COMM
1980-01,ZK,0.0,COMM
1980-01,ZL,0.058823529411764705,COMM
1980-01,ZM,0.058823529411764705,COMM
1980-01,ZN,0.0,COMM
1980-01,ZO,0.058823529411764705,COMM
1980-01,ZP,0.058823529411764705,COMM
1980-01,ZR,0.0,COMM
1980-01,ZS,0.058823529411764705,COMM
1980-01,ZT,0.058823529411764705,COMM
1980-01,ZU,0.0,COMM
1980-01,ZW,0.058823529411764705,COMM
1980-01,ZZ,0.058823529411764705,COMM
1980-02,CC,0.0,COMM
1980-02,CT,0.058823529411764705,COMM
1980-02,DA,0.0,COMM
1980-02,JO,0.058823529411764705,COMM
1980-02,KC,0.058823529411764705,COMM
1980-02,LB,0.058823529411764705,COMM
1980-02,MW,0.0,COMM
1980-02,SB,0.058823529411764705,COMM
1980-02,ZA,0.0,COMM
1980-02,ZB,0.0,COMM
1980-02,ZC,0.058823529411764705,COMM
1980-02,ZF,0.058823529411764705,COMM
1980-02,ZG,0.058823529411764705,COMM
1980-02,ZI,0.058823529411764705,COMM
1980-02,ZK,0.0,COMM
1980-02,ZL,0.058823529411764705,COMM
1980-02,ZM,0.058823529411764705,COMM
1980-02,ZN,0.0,COMM
1980-02,ZO,0.058823529411764705,COMM
1980-02,ZP,0.058823529411764705,COMM
1980-02,ZR,0.0,COMM
1980-02,ZS,0.058823529411764705,COMM
1980-02,ZT,0.058823529411764705,COMM
1980-02,ZU,0.0,COMM
1980-02,ZW,0.058823529411764705,COMM
1980-02,ZZ,0.058823529411764705,COMM
1980-03,CC,0.0,COMM
1980-03,CT,0.058823529411764705,COMM
1980-03,DA,0.0,COMM
1980-03,JO,0.058823529411764705,COMM
1980-03,KC,0.058823529411764705,COMM
1980-03,LB,0.058823529411764705,COMM
1980-03,MW,0.0,COMM
1980-03,SB,0.058823529411764705,COMM
1980-03,ZA,0.0,COMM
1980-03,ZB,0.0,COMM
1980-03,ZC,0.058823529411764705,COMM
1980-03,ZF,0.058823529411764705,COMM
1980-03,ZG,0.058823529411764705,COMM
1980-03,ZI,0.058823529411764705,COMM
1980-03,ZK,0.0,COMM
1980-03,ZL,0.058823529411764705,COMM
1980-03,ZM,0.058823529411764705,COMM
1980-03,ZN,0.0,COMM
1980-03,ZO,0.058823529411764705,COMM
1980-03,ZP,0.058823529411764705,COMM
1980-03,ZR,0.0,COMM
1980-03,ZS,0.058823529411764705,COMM
1980-03,ZT,0.058823529411764705,COMM
1980-03,ZU,0.0,COMM
1980-03,ZW,0.058823529411764705,COMM
1980-03,ZZ,0.058823529411764705,COMM
1980-04,CC,0.0,COMM
1980-04,CT,0.058823529411764705,COMM
1980-04,DA,0.0,COMM
1980-04,JO,0.058823529411764705,COMM
1980-04,KC,0.058823529411764705,COMM
1980-04,LB,0.058823529411764705,COMM
1980-04,MW,0.0,COMM
1980-04,SB,0.058823529411764705,COMM
1980-04,ZA,0.0,COMM
1980-04,ZB,0.0,COMM
1980-04,ZC,0.058823529411764705,COMM
1980-04,ZF,0.058823529411764705,COMM
1980-04,ZG,0.058823529411764705,COMM
1980-04,ZI,0.058823529411764705,COMM
1980-04,ZK,0.0,COMM
1980-04,ZL,0.058823529411764705,COMM
1980-04,ZM,0.058823529411764705,COMM
1980-04,ZN,0.0,COMM
1980-04,ZO,0.058823529411764705,COMM
1980-04,ZP,0.058823529411764705,COMM
1980-04,ZR,0.0,COMM
1980-04,ZS,0.058823529411764705,COMM
1980-04,ZT,0.058823529411764705,COMM
1980-04,ZU,0.0,COMM
1980-04,ZW,0.058823529411764705,COMM
1980-04,ZZ,0.058823529411764705,COMM
1980-05,CC,0.0,COMM
1980-05,CT,0.058823529411764705,COMM
1980-05,DA,0.0,COMM
1980-05,JO,0.058823529411764705,COMM
1980-05,KC,0.058823529411764705,COMM
1980-05,LB,0.058823529411764705,COMM
1980-05,MW,0.0,COMM
1980-05,SB,0.058823529411764705,COMM
1980-05,ZA,0.0,COMM
1980-05,ZB,0.0,COMM
1980-05,ZC,0.058823529411764705,COMM
1980-05,ZF,0.058823529411764705,COMM
1980-05,ZG,0.058823529411764705,COMM
1980-05,ZI,0.058823529411764705,COMM
1980-05,ZK,0.0,COMM
1980-05,ZL,0.058823529411764705,COMM
1980-05,ZM,0.058823529411764705,COMM
1980-05,ZN,0.0,COMM
1980-05,ZO,0.058823529411764705,COMM
1980-05,ZP,0.058823529411764705,COMM
1980-05,ZR,0.0,COMM
1980-05,ZS,0.058823529411764705,COMM
1980-05,ZT,0.058823529411764705,COMM
1980-05,ZU,0.0,COMM
1980-05,ZW,0.058823529411764705,COMM
1980-05,ZZ,0.058823529411764705,COMM
1980-06,CC,0.0,COMM
1980-06,CT,0.058823529411764705,COMM
1980-06,DA,0.0,COMM
1980-06,JO,0.058823529411764705,COMM
1980-06,KC,0.058823529411764705,COMM
1980-06,LB,0.058823529411764705,COMM
1980-06,MW,0.0,COMM
1980-06,SB,0.058823529411764705,COMM
1980-06,ZA,0.0,COMM
1980-06,ZB,0.0,COMM
1980-06,ZC,0.058823529411764705,COMM
1980-06,ZF,0.058823529411764705,COMM
1980-06,ZG,0.058823529411764705,COMM
1980-06,ZI,0.058823529411764705,COMM
1980-06,ZK,0.0,COMM
1980-06,ZL,0.058823529411764705,COMM
1980-06,ZM,0.058823529411764705,COMM
1980-06,ZN,0.0,COMM
1980-06,ZO,0.058823529411764705,COMM
1980-06,ZP,0.058823529411764705,COMM
1980-06,ZR,0.0,COMM
1980-06,ZS,0.058823529411764705,COMM
1980-06,ZT,0.058823529411764705,COMM
1980-06,ZU,0.0,COMM
1980-06,ZW,0.058823529411764705,COMM
1980-06,ZZ,0.058823529411764705,COMM
1980-07,CC,0.0,COMM
1980-07,CT,0.058823529411764705,COMM
1980-07,DA,0.0,COMM
1980-07,JO,0.058823529411764705,COMM
1980-07,KC,0.058823529411764705,COMM
1980-07,LB,0.058823529411764705,COMM
1980-07,MW,0.0,COMM
1980-07,SB,0.058823529411764705,COMM
1980-07,ZA,0.0,COMM
1980-07,ZB,0.0,COMM
1980-07,ZC,0.058823529411764705,COMM
1980-07,ZF,0.058823529411764705,COMM
1980-07,ZG,0.058823529411764705,COMM
1980-07,ZI,0.058823529411764705,COMM
1980-07,ZK,0.0,COMM
1980-07,ZL,0.058823529411764705,COMM
1980-07,ZM,0.058823529411764705,COMM
1980-07,ZN,0.0,COMM
1980-07,ZO,0.058823529411764705,COMM
1980-07,ZP,0.058823529411764705,COMM
1980-07,ZR,0.0,COMM
1980-07,ZS,0.058823529411764705,COMM
1980-07,ZT,0.058823529411764705,COMM
1980-07,ZU,0.0,COMM
1980-07,ZW,0.058823529411764705,COMM
1980-07,ZZ,0.058823529411764705,COMM
1980-08,CC,0.0,COMM
1980-08,CT,0.058823529411764705,COMM
1980-08,DA,0.0,COMM
1980-08,JO,0.058823529411764705,COMM
1980-08,KC,0.058823529411764705,COMM
1980-08,LB,0.058823529411764705,COMM
1980-08,MW,0.0,COMM
1980-08,SB,0.058823529411764705,COMM
1980-08,ZA,0.0,COMM
1980-08,ZB,0.0,COMM
1980-08,ZC,0.058823529411764705,COMM
1980-08,ZF,0.058823529411764705,COMM
1980-08,ZG,0.058823529411764705,COMM
1980-08,ZI,0.058823529411764705,COMM
1980-08,ZK,0.0,COMM
1980-08,ZL,0.058823529411764705,COMM
1980-08,ZM,0.058823529411764705,COMM
1980-08,ZN,0.0,COMM
1980-08,ZO,0.058823529411764705,COMM
1980-08,ZP,0.058823529411764705,COMM
1980-08,ZR,0.0,COMM
1980-08,ZS,0.058823529411764705,COMM
1980-08,ZT,0.058823529411764705,COMM
1980-08,ZU,0.0,COMM
1980-08,ZW,0.058823529411764705,COMM
1980-08,ZZ,0.058823529411764705,COMM
1980-09,CC,0.0,COMM
1980-09,CT,0.058823529411764705,COMM
1980-09,DA,0.0,COMM
1980-09,JO,0.058823529411764705,COMM
1980-09,KC,0.058823529411764705,COMM
1980-09,LB,0.058823529411764705,COMM
1980-09,MW,0.0,COMM
1980-09,SB,0.058823529411764705,COMM
1980-09,ZA,0.0,COMM
1980-09,ZB,0.0,COMM
1980-09,ZC,0.058823529411764705,COMM
1980-09,ZF,0.058823529411764705,COMM
1980-09,ZG,0.058823529411764705,COMM
1980-09,ZI,0.058823529411764705,COMM
1980-09,ZK,0.0,COMM
1980-09,ZL,0.058823529411764705,COMM
1980-09,ZM,0.058823529411764705,COMM
1980-09,ZN,0.0,COMM
1980-09,ZO,0.058823529411764705,COMM
1980-09,ZP,0.058823529411764705,COMM
1980-09,ZR,0.0,COMM
1980-09,ZS,0.058823529411764705,COMM
1980-09,ZT,0.058823529411764705,COMM
1980-09,ZU,0.0,COMM
1980-09,ZW,0.058823529411764705,COMM
1980-09,ZZ,0.058823529411764705,COMM
1980-10,CC,0.0,COMM
1980-10,CT,0.058823529411764705,COMM
1980-10,DA,0.0,COMM
1980-10,JO,0.058823529411764705,COMM
1980-10,KC,0.058823529411764705,COMM
1980-10,LB,0.058823529411764705,COMM
1980-10,MW,0.0,COMM
1980-10,SB,0.058823529411764705,COMM
1980-10,ZA,0.0,COMM
1980-10,ZB,0.0,COMM
1980-10,ZC,0.058823529411764705,COMM
1980-10,ZF,0.058823529411764705,COMM
1980-10,ZG,0.058823529411764705,COMM
1980-10,ZI,0.058823529411764705,COMM
1980-10,ZK,0.0,COMM
1980-10,ZL,0.058823529411764705,COMM
1980-10,ZM,0.058823529411764705,COMM
1980-10,ZN,0.0,COMM
1980-10,ZO,0.058823529411764705,COMM
1980-10,ZP,0.058823529411764705,COMM
1980-10,ZR,0.0,COMM
1980-10,ZS,0.058823529411764705,COMM
1980-10,ZT,0.058823529411764705,COMM
1980-10,ZU,0.0,COMM
1980-10,ZW,0.058823529411764705,COMM
1980-10,ZZ,0.058823529411764705,COMM
1980-11,CC,0.0,COMM
1980-11,CT,0.058823529411764705,COMM
1980-11,DA,0.0,COMM
1980-11,JO,0.058823529411764705,COMM
1980-11,KC,0.058823529411764705,COMM
1980-11,LB,0.058823529411764705,COMM
1980-11,MW,0.0,COMM
1980-11,SB,0.058823529411764705,COMM
1980-11,ZA,0.0,COMM
1980-11,ZB,0.0,COMM
1980-11,ZC,0.058823529411764705,COMM
1980-11,ZF,0.058823529411764705,COMM
1980-11,ZG,0.058823529411764705,COMM
1980-11,ZI,0.058823529411764705,COMM
1980-11,ZK,0.0,COMM
1980-11,ZL,0.058823529411764705,COMM
1980-11,ZM,0.058823529411764705,COMM
1980-11,ZN,0.0,COMM
1980-11,ZO,0.058823529411764705,COMM
1980-11,ZP,0.058823529411764705,COMM
1980-11,ZR,0.0,COMM
1980-11,ZS,0.058823529411764705,COMM
1980-11,ZT,0.058823529411764705,COMM
1980-11,ZU,0.0,COMM
1980-11,ZW,0.058823529411764705,COMM
1980-11,ZZ,0.058823529411764705,COMM
1980-12,CC,0.0,COMM
1980-12,CT,0.058823529411764705,COMM
1980-12,DA,0.0,COMM
1980-12,JO,0.058823529411764705,COMM
1980-12,KC,0.058823529411764705,COMM
1980-12,LB,0.058823529411764705,COMM
1980-12,MW,0.0,COMM
1980-12,SB,0.058823529411764705,COMM
1980-12,ZA,0.0,COMM
1980-12,ZB,0.0,COMM
1980-12,ZC,0.058823529411764705,COMM
1980-12,ZF,0.058823529411764705,COMM
1980-12,ZG,0.058823529411764705,COMM
1980-12,ZI,0.058823529411764705,COMM
1980-12,ZK,0.0,COMM
1980-12,ZL,0.058823529411764705,COMM
1980-12,ZM,0.058823529411764705,COMM
1980-12,ZN,0.0,COMM
1980-12,ZO,0.058823529411764705,COMM
1980-12,ZP,0.058823529411764705,COMM
1980-12,ZR,0.0,COMM
1980-12,ZS,0.058823529411764705,COMM
1980-12,ZT,0.058823529411764705,COMM
1980-12,ZU,0.0,COMM
1980-12,ZW,0.058823529411764705,COMM
1980-12,ZZ,0.058823529411764705,COMM
1981-01,CC,0.0,COMM
1981-01,CT,0.058823529411764705,COMM
1981-01,DA,0.0,COMM
1981-01,JO,0.058823529411764705,COMM
1981-01,KC,0.058823529411764705,COMM
1981-01,LB,0.058823529411764705,COMM
1981-01,MW,0.0,COMM
1981-01,SB,0.058823529411764705,COMM
1981-01,ZA,0.0,COMM
1981-01,ZB,0.0,COMM
1981-01,ZC,0.058823529411764705,COMM
1981-01,ZF,0.058823529411764705,COMM
1981-01,ZG,0.058823529411764705,COMM
1981-01,ZI,0.058823529411764705,COMM
1981-01,ZK,0.0,COMM
1981-01,ZL,0.058823529411764705,COMM
1981-01,ZM,0.058823529411764705,COMM
1981-01,ZN,0.0,COMM
1981-01,ZO,0.058823529411764705,COMM
1981-01,ZP,0.058823529411764705,COMM
1981-01,ZR,0.0,COMM
1981-01,ZS,0.058823529411764705,COMM
1981-01,ZT,0.058823529411764705,COMM
1981-01,ZU,0.0,COMM
1981-01,ZW,0.058823529411764705,COMM
1981-01,ZZ,0.058823529411764705,COMM
1981-02,CC,0.05263157894736842,COMM
1981-02,CT,0.05263157894736842,COMM
1981-02,DA,0.0,COMM
1981-02,JO,0.05263157894736842,COMM
1981-02,KC,0.05263157894736842,COMM
1981-02,LB,0.05263157894736842,COMM
1981-02,MW,0.05263157894736842,COMM
1981-02,SB,0.05263157894736842,COMM
1981-02,ZA,0.0,COMM
1981-02,ZB,0.0,COMM
1981-02,ZC,0.05263157894736842,COMM
1981-02,ZF,0.05263157894736842,COMM
1981-02,ZG,0.05263157894736842,COMM
1981-02,ZI,0.05263157894736842,COMM
1981-02,ZK,0.0,COMM
1981-02,ZL,0.05263157894736842,COMM
1981-02,ZM,0.05263157894736842,COMM
1981-02,ZN,0.0,COMM
1981-02,ZO,0.05263157894736842,COMM
1981-02,ZP,0.05263157894736842,COMM
1981-02,ZR,0.0,COMM
1981-02,ZS,0.05263157894736842,COMM
1981-02,ZT,0.05263157894736842,COMM
1981-02,ZU,0.0,COMM
1981-02,ZW,0.05263157894736842,COMM
1981-02,ZZ,0.05263157894736842,COMM
1981-03,CC,0.05263157894736842,COMM
1981-03,CT,0.05263157894736842,COMM
1981-03,DA,0.0,COMM
1981-03,JO,0.05263157894736842,COMM
1981-03,KC,0.05263157894736842,COMM
1981-03,LB,0.05263157894736842,COMM
1981-03,MW,0.05263157894736842,COMM
1981-03,SB,0.05263157894736842,COMM
1981-03,ZA,0.0,COMM
1981-03,ZB,0.0,COMM
1981-03,ZC,0.05263157894736842,COMM
1981-03,ZF,0.05263157894736842,COMM
1981-03,ZG,0.05263157894736842,COMM
1981-03,ZI,0.05263157894736842,COMM
1981-03,ZK,0.0,COMM
1981-03,ZL,0.05263157894736842,COMM
1981-03,ZM,0.05263157894736842,COMM
1981-03,ZN,0.0,COMM
1981-03,ZO,0.05263157894736842,COMM
1981-03,ZP,0.05263157894736842,COMM
1981-03,ZR,0.0,COMM
1981-03,ZS,0.05263157894736842,COMM
1981-03,ZT,0.05263157894736842,COMM
1981-03,ZU,0.0,COMM
1981-03,ZW,0.05263157894736842,COMM
1981-03,ZZ,0.05263157894736842,COMM
1981-04,CC,0.05263157894736842,COMM
1981-04,CT,0.05263157894736842,COMM
1981-04,DA,0.0,COMM
1981-04,JO,0.05263157894736842,COMM
1981-04,KC,0.05263157894736842,COMM
1981-04,LB,0.05263157894736842,COMM
1981-04,MW,0.05263157894736842,COMM
1981-04,SB,0.05263157894736842,COMM
1981-04,ZA,0.0,COMM
1981-04,ZB,0.0,COMM
1981-04,ZC,0.05263157894736842,COMM
1981-04,ZF,0.05263157894736842,COMM
1981-04,ZG,0.05263157894736842,COMM
1981-04,ZI,0.05263157894736842,COMM
1981-04,ZK,0.0,COMM
1981-04,ZL,0.05263157894736842,COMM
1981-04,ZM,0.05263157894736842,COMM
1981-04,ZN,0.0,COMM
1981-04,ZO,0.05263157894736842,COMM
1981-04,ZP,0.05263157894736842,COMM
1981-04,ZR,0.0,COMM
1981-04,ZS,0.05263157894736842,COMM
1981-04,ZT,0.05263157894736842,COMM
1981-04,ZU,0.0,COMM
1981-04,ZW,0.05263157894736842,COMM
1981-04,ZZ,0.05263157894736842,COMM
1981-05,CC,0.05263157894736842,COMM
1981-05,CT,0.05263157894736842,COMM
1981-05,DA,0.0,COMM
1981-05,JO,0.05263157894736842,COMM
1981-05,KC,0.05263157894736842,COMM
1981-05,LB,0.05263157894736842,COMM
1981-05,MW,0.05263157894736842,COMM
1981-05,SB,0.05263157894736842,COMM
1981-05,ZA,0.0,COMM
1981-05,ZB,0.0,COMM
1981-05,ZC,0.05263157894736842,COMM
1981-05,ZF,0.05263157894736842,COMM
1981-05,ZG,0.05263157894736842,COMM
1981-05,ZI,0.05263157894736842,COMM
1981-05,ZK,0.0,COMM
1981-05,ZL,0.05263157894736842,COMM
1981-05,ZM,0.05263157894736842,COMM
1981-05,ZN,0.0,COMM
1981-05,ZO,0.05263157894736842,COMM
1981-05,ZP,0.05263157894736842,COMM
1981-05,ZR,0.0,COMM
1981-05,ZS,0.05263157894736842,COMM
1981-05,ZT,0.05263157894736842,COMM
1981-05,ZU,0.0,COMM
1981-05,ZW,0.05263157894736842,COMM
1981-05,ZZ,0.05263157894736842,COMM
1981-06,CC,0.05263157894736842,COMM
1981-06,CT,0.05263157894736842,COMM
1981-06,DA,0.0,COMM
1981-06,JO,0.05263157894736842,COMM
1981-06,KC,0.05263157894736842,COMM
1981-06,LB,0.05263157894736842,COMM
1981-06,MW,0.05263157894736842,COMM
1981-06,SB,0.05263157894736842,COMM
1981-06,ZA,0.0,COMM
1981-06,ZB,0.0,COMM
1981-06,ZC,0.05263157894736842,COMM
1981-06,ZF,0.05263157894736842,COMM
1981-06,ZG,0.05263157894736842,COMM
1981-06,ZI,0.05263157894736842,COMM
1981-06,ZK,0.0,COMM
1981-06,ZL,0.05263157894736842,COMM
1981-06,ZM,0.05263157894736842,COMM
1981-06,ZN,0.0,COMM
1981-06,ZO,0.05263157894736842,COMM
1981-06,ZP,0.05263157894736842,COMM
1981-06,ZR,0.0,COMM
1981-06,ZS,0.05263157894736842,COMM
1981-06,ZT,0.05263157894736842,COMM
1981-06,ZU,0.0,COMM
1981-06,ZW,0.05263157894736842,COMM
1981-06,ZZ,0.05263157894736842,COMM
1981-07,CC,0.05263157894736842,COMM
1981-07,CT,0.05263157894736842,COMM
1981-07,DA,0.0,COMM
1981-07,JO,0.05263157894736842,COMM
1981-07,KC,0.05263157894736842,COMM
1981-07,LB,0.05263157894736842,COMM
1981-07,MW,0.05263157894736842,COMM
1981-07,SB,0.05263157894736842,COMM
1981-07,ZA,0.0,COMM
1981-07,ZB,0.0,COMM
1981-07,ZC,0.05263157894736842,COMM
1981-07,ZF,0.05263157894736842,COMM
1981-07,ZG,0.05263157894736842,COMM
1981-07,ZI,0.05263157894736842,COMM
1981-07,ZK,0.0,COMM
1981-07,ZL,0.05263157894736842,COMM
1981-07,ZM,0.05263157894736842,COMM
1981-07,ZN,0.0,COMM
1981-07,ZO,0.05263157894736842,COMM
1981-07,ZP,0.05263157894736842,COMM
1981-07,ZR,0.0,COMM
1981-07,ZS,0.05263157894736842,COMM
1981-07,ZT,0.05263157894736842,COMM
1981-07,ZU,0.0,COMM
1981-07,ZW,0.05263157894736842,COMM
1981-07,ZZ,0.05263157894736842,COMM
1981-08,CC,0.05263157894736842,COMM
1981-08,CT,0.05263157894736842,COMM
1981-08,DA,0.0,COMM
1981-08,JO,0.05263157894736842,COMM
1981-08,KC,0.05263157894736842,COMM
1981-08,LB,0.05263157894736842,COMM
1981-08,MW,0.05263157894736842,COMM
1981-08,SB,0.05263157894736842,COMM
1981-08,ZA,0.0,COMM
1981-08,ZB,0.0,COMM
1981-08,ZC,0.05263157894736842,COMM
1981-08,ZF,0.05263157894736842,COMM
1981-08,ZG,0.05263157894736842,COMM
1981-08,ZI,0.05263157894736842,COMM
1981-08,ZK,0.0,COMM
1981-08,ZL,0.05263157894736842,COMM
1981-08,ZM,0.05263157894736842,COMM
1981-08,ZN,0.0,COMM
1981-08,ZO,0.05263157894736842,COMM
1981-08,ZP,0.05263157894736842,COMM
1981-08,ZR,0.0,COMM
1981-08,ZS,0.05263157894736842,COMM
1981-08,ZT,0.05263157894736842,COMM
1981-08,ZU,0.0,COMM
1981-08,ZW,0.05263157894736842,COMM
1981-08,ZZ,0.05263157894736842,COMM
1981-09,CC,0.05263157894736842,COMM
1981-09,CT,0.05263157894736842,COMM
1981-09,DA,0.0,COMM
1981-09,JO,0.05263157894736842,COMM
1981-09,KC,0.05263157894736842,COMM
1981-09,LB,0.05263157894736842,COMM
1981-09,MW,0.05263157894736842,COMM
1981-09,SB,0.05263157894736842,COMM
1981-09,ZA,0.0,COMM
1981-09,ZB,0.0,COMM
1981-09,ZC,0.05263157894736842,COMM
1981-09,ZF,0.05263157894736842,COMM
1981-09,ZG,0.05263157894736842,COMM
1981-09,ZI,0.05263157894736842,COMM
1981-09,ZK,0.0,COMM
1981-09,ZL,0.05263157894736842,COMM
1981-09,ZM,0.05263157894736842,COMM
1981-09,ZN,0.0,COMM
1981-09,ZO,0.05263157894736842,COMM
1981-09,ZP,0.05263157894736842,COMM
1981-09,ZR,0.0,COMM
1981-09,ZS,0.05263157894736842,COMM
1981-09,ZT,0.05263157894736842,COMM
1981-09,ZU,0.0,COMM
1981-09,ZW,0.05263157894736842,COMM
1981-09,ZZ,0.05263157894736842,COMM
1981-10,CC,0.05263157894736842,COMM
1981-10,CT,0.05263157894736842,COMM
1981-10,DA,0.0,COMM
1981-10,JO,0.05263157894736842,COMM
1981-10,KC,0.05263157894736842,COMM
1981-10,LB,0.05263157894736842,COMM
1981-10,MW,0.05263157894736842,COMM
1981-10,SB,0.05263157894736842,COMM
1981-10,ZA,0.0,COMM
1981-10,ZB,0.0,COMM
1981-10,ZC,0.05263157894736842,COMM
1981-10,ZF,0.05263157894736842,COMM
1981-10,ZG,0.05263157894736842,COMM
1981-10,ZI,0.05263157894736842,COMM
1981-10,ZK,0.0,COMM
1981-10,ZL,0.05263157894736842,COMM
1981-10,ZM,0.05263157894736842,COMM
1981-10,ZN,0.0,COMM
1981-10,ZO,0.05263157894736842,COMM
1981-10,ZP,0.05263157894736842,COMM
1981-10,ZR,0.0,COMM
1981-10,ZS,0.05263157894736842,COMM
1981-10,ZT,0.05263157894736842,COMM
1981-10,ZU,0.0,COMM
1981-10,ZW,0.05263157894736842,COMM
1981-10,ZZ,0.05263157894736842,COMM
1981-11,CC,0.05263157894736842,COMM
1981-11,CT,0.05263157894736842,COMM
1981-11,DA,0.0,COMM
1981-11,JO,0.05263157894736842,COMM
1981-11,KC,0.05263157894736842,COMM
1981-11,LB,0.05263157894736842,COMM
1981-11,MW,0.05263157894736842,COMM
1981-11,SB,0.05263157894736842,COMM
1981-11,ZA,0.0,COMM
1981-11,ZB,0.0,COMM
1981-11,ZC,0.05263157894736842,COMM
1981-11,ZF,0.05263157894736842,COMM
1981-11,ZG,0.05263157894736842,COMM
1981-11,ZI,0.05263157894736842,COMM
1981-11,ZK,0.0,COMM
1981-11,ZL,0.05263157894736842,COMM
1981-11,ZM,0.05263157894736842,COMM
1981-11,ZN,0.0,COMM
1981-11,ZO,0.05263157894736842,COMM
1981-11,ZP,0.05263157894736842,COMM
1981-11,ZR,0.0,COMM
1981-11,ZS,0.05263157894736842,COMM
1981-11,ZT,0.05263157894736842,COMM
1981-11,ZU,0.0,COMM
1981-11,ZW,0.05263157894736842,COMM
1981-11,ZZ,0.05263157894736842,COMM
1981-12,CC,0.05263157894736842,COMM
1981-12,CT,0.05263157894736842,COMM
1981-12,DA,0.0,COMM
1981-12,JO,0.05263157894736842,COMM
1981-12,KC,0.05263157894736842,COMM
1981-12,LB,0.05263157894736842,COMM
1981-12,MW,0.05263157894736842,COMM
1981-12,SB,0.05263157894736842,COMM
1981-12,ZA,0.0,COMM
1981-12,ZB,0.0,COMM
1981-12,ZC,0.05263157894736842,COMM
1981-12,ZF,0.05263157894736842,COMM
1981-12,ZG,0.05263157894736842,COMM
1981-12,ZI,0.05263157894736842,COMM
1981-12,ZK,0.0,COMM
1981-12,ZL,0.05263157894736842,COMM
1981-12,ZM,0.05263157894736842,COMM
1981-12,ZN,0.0,COMM
1981-12,ZO,0.05263157894736842,COMM
1981-12,ZP,0.05263157894736842,COMM
1981-12,ZR,0.0,COMM
1981-12,ZS,0.05263157894736842,COMM
1981-12,ZT,0.05263157894736842,COMM
1981-12,ZU,0.0,COMM
1981-12,ZW,0.05263157894736842,COMM
1981-12,ZZ,0.05263157894736842,COMM
1982-01,CC,0.05263157894736842,COMM
1982-01,CT,0.05263157894736842,COMM
1982-01,DA,0.0,COMM
1982-01,JO,0.05263157894736842,COMM
1982-01,KC,0.05263157894736842,COMM
1982-01,LB,0.05263157894736842,COMM
1982-01,MW,0.05263157894736842,COMM
1982-01,SB,0.05263157894736842,COMM
1982-01,ZA,0.0,COMM
1982-01,ZB,0.0,COMM
1982-01,ZC,0.05263157894736842,COMM
1982-01,ZF,0.05263157894736842,COMM
1982-01,ZG,0.05263157894736842,COMM
1982-01,ZI,0.05263157894736842,COMM
1982-01,ZK,0.0,COMM
1982-01,ZL,0.05263157894736842,COMM
1982-01,ZM,0.05263157894736842,COMM
1982-01,ZN,0.0,COMM
1982-01,ZO,0.05263157894736842,COMM
1982-01,ZP,0.05263157894736842,COMM
1982-01,ZR,0.0,COMM
1982-01,ZS,0.05263157894736842,COMM
1982-01,ZT,0.05263157894736842,COMM
1982-01,ZU,0.0,COMM
1982-01,ZW,0.05263157894736842,COMM
1982-01,ZZ,0.05263157894736842,COMM
1982-02,CC,0.05263157894736842,COMM
1982-02,CT,0.05263157894736842,COMM
1982-02,DA,0.0,COMM
1982-02,JO,0.05263157894736842,COMM
1982-02,KC,0.05263157894736842,COMM
1982-02,LB,0.05263157894736842,COMM
1982-02,MW,0.05263157894736842,COMM
1982-02,SB,0.05263157894736842,COMM
1982-02,ZA,0.0,COMM
1982-02,ZB,0.0,COMM
1982-02,ZC,0.05263157894736842,COMM
1982-02,ZF,0.05263157894736842,COMM
1982-02,ZG,0.05263157894736842,COMM
1982-02,ZI,0.05263157894736842,COMM
1982-02,ZK,0.0,COMM
1982-02,ZL,0.05263157894736842,COMM
1982-02,ZM,0.05263157894736842,COMM
1982-02,ZN,0.0,COMM
1982-02,ZO,0.05263157894736842,COMM
1982-02,ZP,0.05263157894736842,COMM
1982-02,ZR,0.0,COMM
1982-02,ZS,0.05263157894736842,COMM
1982-02,ZT,0.05263157894736842,COMM
1982-02,ZU,0.0,COMM
1982-02,ZW,0.05263157894736842,COMM
1982-02,ZZ,0.05263157894736842,COMM
1982-03,CC,0.05263157894736842,COMM
1982-03,CT,0.05263157894736842,COMM
1982-03,DA,0.0,COMM
1982-03,JO,0.05263157894736842,COMM
1982-03,KC,0.05263157894736842,COMM
1982-03,LB,0.05263157894736842,COMM
1982-03,MW,0.05263157894736842,COMM
1982-03,SB,0.05263157894736842,COMM
1982-03,ZA,0.0,COMM
1982-03,ZB,0.0,COMM
1982-03,ZC,0.05263157894736842,COMM
1982-03,ZF,0.05263157894736842,COMM
1982-03,ZG,0.05263157894736842,COMM
1982-03,ZI,0.05263157894736842,COMM
1982-03,ZK,0.0,COMM
1982-03,ZL,0.05263157894736842,COMM
1982-03,ZM,0.05263157894736842,COMM
1982-03,ZN,0.0,COMM
1982-03,ZO,0.05263157894736842,COMM
1982-03,ZP,0.05263157894736842,COMM
1982-03,ZR,0.0,COMM
1982-03,ZS,0.05263157894736842,COMM
1982-03,ZT,0.05263157894736842,COMM
1982-03,ZU,0.0,COMM
1982-03,ZW,0.05263157894736842,COMM
1982-03,ZZ,0.05263157894736842,COMM
1982-04,CC,0.05263157894736842,COMM
1982-04,CT,0.05263157894736842,COMM
1982-04,DA,0.0,COMM
1982-04,JO,0.05263157894736842,COMM
1982-04,KC,0.05263157894736842,COMM
1982-04,LB,0.05263157894736842,COMM
1982-04,MW,0.05263157894736842,COMM
1982-04,SB,0.05263157894736842,COMM
1982-04,ZA,0.0,COMM
1982-04,ZB,0.0,COMM
1982-04,ZC,0.05263157894736842,COMM
1982-04,ZF,0.05263157894736842,COMM
1982-04,ZG,0.05263157894736842,COMM
1982-04,ZI,0.05263157894736842,COMM
1982-04,ZK,0.0,COMM
1982-04,ZL,0.05263157894736842,COMM
1982-04,ZM,0.05263157894736842,COMM
1982-04,ZN,0.0,COMM
1982-04,ZO,0.05263157894736842,COMM
1982-04,ZP,0.05263157894736842,COMM
1982-04,ZR,0.0,COMM
1982-04,ZS,0.05263157894736842,COMM
1982-04,ZT,0.05263157894736842,COMM
1982-04,ZU,0.0,COMM
1982-04,ZW,0.05263157894736842,COMM
1982-04,ZZ,0.05263157894736842,COMM
1982-05,CC,0.05263157894736842,COMM
1982-05,CT,0.05263157894736842,COMM
1982-05,DA,0.0,COMM
1982-05,JO,0.05263157894736842,COMM
1982-05,KC,0.05263157894736842,COMM
1982-05,LB,0.05263157894736842,COMM
1982-05,MW,0.05263157894736842,COMM
1982-05,SB,0.05263157894736842,COMM
1982-05,ZA,0.0,COMM
1982-05,ZB,0.0,COMM
1982-05,ZC,0.05263157894736842,COMM
1982-05,ZF,0.05263157894736842,COMM
1982-05,ZG,0.05263157894736842,COMM
1982-05,ZI,0.05263157894736842,COMM
1982-05,ZK,0.0,COMM
1982-05,ZL,0.05263157894736842,COMM
1982-05,ZM,0.05263157894736842,COMM
1982-05,ZN,0.0,COMM
1982-05,ZO,0.05263157894736842,COMM
1982-05,ZP,0.05263157894736842,COMM
1982-05,ZR,0.0,COMM
1982-05,ZS,0.05263157894736842,COMM
1982-05,ZT,0.05263157894736842,COMM
1982-05,ZU,0.0,COMM
1982-05,ZW,0.05263157894736842,COMM
1982-05,ZZ,0.05263157894736842,COMM
1982-06,CC,0.05263157894736842,COMM
1982-06,CT,0.05263157894736842,COMM
1982-06,DA,0.0,COMM
1982-06,JO,0.05263157894736842,COMM
1982-06,KC,0.05263157894736842,COMM
1982-06,LB,0.05263157894736842,COMM
1982-06,MW,0.05263157894736842,COMM
1982-06,SB,0.05263157894736842,COMM
1982-06,ZA,0.0,COMM
1982-06,ZB,0.0,COMM
1982-06,ZC,0.05263157894736842,COMM
1982-06,ZF,0.05263157894736842,COMM
1982-06,ZG,0.05263157894736842,COMM
1982-06,ZI,0.05263157894736842,COMM
1982-06,ZK,0.0,COMM
1982-06,ZL,0.05263157894736842,COMM
1982-06,ZM,0.05263157894736842,COMM
1982-06,ZN,0.0,COMM
1982-06,ZO,0.05263157894736842,COMM
1982-06,ZP,0.05263157894736842,COMM
1982-06,ZR,0.0,COMM
1982-06,ZS,0.05263157894736842,COMM
1982-06,ZT,0.05263157894736842,COMM
1982-06,ZU,0.0,COMM
1982-06,ZW,0.05263157894736842,COMM
1982-06,ZZ,0.05263157894736842,COMM
1982-07,CC,0.05263157894736842,COMM
1982-07,CT,0.05263157894736842,COMM
1982-07,DA,0.0,COMM
1982-07,JO,0.05263157894736842,COMM
1982-07,KC,0.05263157894736842,COMM
1982-07,LB,0.05263157894736842,COMM
1982-07,MW,0.05263157894736842,COMM
1982-07,SB,0.05263157894736842,COMM
1982-07,ZA,0.0,COMM
1982-07,ZB,0.0,COMM
1982-07,ZC,0.05263157894736842,COMM
1982-07,ZF,0.05263157894736842,COMM
1982-07,ZG,0.05263157894736842,COMM
1982-07,ZI,0.05263157894736842,COMM
1982-07,ZK,0.0,COMM
1982-07,ZL,0.05263157894736842,COMM
1982-07,ZM,0.05263157894736842,COMM
1982-07,ZN,0.0,COMM
1982-07,ZO,0.05263157894736842,COMM
1982-07,ZP,0.05263157894736842,COMM
1982-07,ZR,0.0,COMM
1982-07,ZS,0.05263157894736842,COMM
1982-07,ZT,0.05263157894736842,COMM
1982-07,ZU,0.0,COMM
1982-07,ZW,0.05263157894736842,COMM
1982-07,ZZ,0.05263157894736842,COMM
1982-08,CC,0.05263157894736842,COMM
1982-08,CT,0.05263157894736842,COMM
1982-08,DA,0.0,COMM
1982-08,JO,0.05263157894736842,COMM
1982-08,KC,0.05263157894736842,COMM
1982-08,LB,0.05263157894736842,COMM
1982-08,MW,0.05263157894736842,COMM
1982-08,SB,0.05263157894736842,COMM
1982-08,ZA,0.0,COMM
1982-08,ZB,0.0,COMM
1982-08,ZC,0.05263157894736842,COMM
1982-08,ZF,0.05263157894736842,COMM
1982-08,ZG,0.05263157894736842,COMM
1982-08,ZI,0.05263157894736842,COMM
1982-08,ZK,0.0,COMM
1982-08,ZL,0.05263157894736842,COMM
1982-08,ZM,0.05263157894736842,COMM
1982-08,ZN,0.0,COMM
1982-08,ZO,0.05263157894736842,COMM
1982-08,ZP,0.05263157894736842,COMM
1982-08,ZR,0.0,COMM
1982-08,ZS,0.05263157894736842,COMM
1982-08,ZT,0.05263157894736842,COMM
1982-08,ZU,0.0,COMM
1982-08,ZW,0.05263157894736842,COMM
1982-08,ZZ,0.05263157894736842,COMM
1982-09,CC,0.05263157894736842,COMM
1982-09,CT,0.05263157894736842,COMM
1982-09,DA,0.0,COMM
1982-09,JO,0.05263157894736842,COMM
1982-09,KC,0.05263157894736842,COMM
1982-09,LB,0.05263157894736842,COMM
1982-09,MW,0.05263157894736842,COMM
1982-09,SB,0.05263157894736842,COMM
1982-09,ZA,0.0,COMM
1982-09,ZB,0.0,COMM
1982-09,ZC,0.05263157894736842,COMM
1982-09,ZF,0.05263157894736842,COMM
1982-09,ZG,0.05263157894736842,COMM
1982-09,ZI,0.05263157894736842,COMM
1982-09,ZK,0.0,COMM
1982-09,ZL,0.05263157894736842,COMM
1982-09,ZM,0.05263157894736842,COMM
1982-09,ZN,0.0,COMM
1982-09,ZO,0.05263157894736842,COMM
1982-09,ZP,0.05263157894736842,COMM
1982-09,ZR,0.0,COMM
1982-09,ZS,0.05263157894736842,COMM
1982-09,ZT,0.05263157894736842,COMM
1982-09,ZU,0.0,COMM
1982-09,ZW,0.05263157894736842,COMM
1982-09,ZZ,0.05263157894736842,COMM
1982-10,CC,0.05263157894736842,COMM
1982-10,CT,0.05263157894736842,COMM
1982-10,DA,0.0,COMM
1982-10,JO,0.05263157894736842,COMM
1982-10,KC,0.05263157894736842,COMM
1982-10,LB,0.05263157894736842,COMM
1982-10,MW,0.05263157894736842,COMM
1982-10,SB,0.05263157894736842,COMM
1982-10,ZA,0.0,COMM
1982-10,ZB,0.0,COMM
1982-10,ZC,0.05263157894736842,COMM
1982-10,ZF,0.05263157894736842,COMM
1982-10,ZG,0.05263157894736842,COMM
1982-10,ZI,0.05263157894736842,COMM
1982-10,ZK,0.0,COMM
1982-10,ZL,0.05263157894736842,COMM
1982-10,ZM,0.05263157894736842,COMM
1982-10,ZN,0.0,COMM
1982-10,ZO,0.05263157894736842,COMM
1982-10,ZP,0.05263157894736842,COMM
1982-10,ZR,0.0,COMM
1982-10,ZS,0.05263157894736842,COMM
1982-10,ZT,0.05263157894736842,COMM
1982-10,ZU,0.0,COMM
1982-10,ZW,0.05263157894736842,COMM
1982-10,ZZ,0.05263157894736842,COMM
1982-11,CC,0.05263157894736842,COMM
1982-11,CT,0.05263157894736842,COMM
1982-11,DA,0.0,COMM
1982-11,JO,0.05263157894736842,COMM
1982-11,KC,0.05263157894736842,COMM
1982-11,LB,0.05263157894736842,COMM
1982-11,MW,0.05263157894736842,COMM
1982-11,SB,0.05263157894736842,COMM
1982-11,ZA,0.0,COMM
1982-11,ZB,0.0,COMM
1982-11,ZC,0.05263157894736842,COMM
1982-11,ZF,0.05263157894736842,COMM
1982-11,ZG,0.05263157894736842,COMM
1982-11,ZI,0.05263157894736842,COMM
1982-11,ZK,0.0,COMM
1982-11,ZL,0.05263157894736842,COMM
1982-11,ZM,0.05263157894736842,COMM
1982-11,ZN,0.0,COMM
1982-11,ZO,0.05263157894736842,COMM
1982-11,ZP,0.05263157894736842,COMM
1982-11,ZR,0.0,COMM
1982-11,ZS,0.05263157894736842,COMM
1982-11,ZT,0.05263157894736842,COMM
1982-11,ZU,0.0,COMM
1982-11,ZW,0.05263157894736842,COMM
1982-11,ZZ,0.05263157894736842,COMM
1982-12,CC,0.05263157894736842,COMM
1982-12,CT,0.05263157894736842,COMM
1982-12,DA,0.0,COMM
1982-12,JO,0.05263157894736842,COMM
1982-12,KC,0.05263157894736842,COMM
1982-12,LB,0.05263157894736842,COMM
1982-12,MW,0.05263157894736842,COMM
1982-12,SB,0.05263157894736842,COMM
1982-12,ZA,0.0,COMM
1982-12,ZB,0.0,COMM
1982-12,ZC,0.05263157894736842,COMM
1982-12,ZF,0.05263157894736842,COMM
1982-12,ZG,0.05263157894736842,COMM
1982-12,ZI,0.05263157894736842,COMM
1982-12,ZK,0.0,COMM
1982-12,ZL,0.05263157894736842,COMM
1982-12,ZM,0.05263157894736842,COMM
1982-12,ZN,0.0,COMM
1982-12,ZO,0.05263157894736842,COMM
1982-12,ZP,0.05263157894736842,COMM
1982-12,ZR,0.0,COMM
1982-12,ZS,0.05263157894736842,COMM
1982-12,ZT,0.05263157894736842,COMM
1982-12,ZU,0.0,COMM
1982-12,ZW,0.05263157894736842,COMM
1982-12,ZZ,0.05263157894736842,COMM
1983-01,CC,0.05263157894736842,COMM
1983-01,CT,0.05263157894736842,COMM
1983-01,DA,0.0,COMM
1983-01,JO,0.05263157894736842,COMM
1983-01,KC,0.05263157894736842,COMM
1983-01,LB,0.05263157894736842,COMM
1983-01,MW,0.05263157894736842,COMM
1983-01,SB,0.05263157894736842,COMM
1983-01,ZA,0.0,COMM
1983-01,ZB,0.0,COMM
1983-01,ZC,0.05263157894736842,COMM
1983-01,ZF,0.05263157894736842,COMM
1983-01,ZG,0.05263157894736842,COMM
1983-01,ZI,0.05263157894736842,COMM
1983-01,ZK,0.0,COMM
1983-01,ZL,0.05263157894736842,COMM
1983-01,ZM,0.05263157894736842,COMM
1983-01,ZN,0.0,COMM
1983-01,ZO,0.05263157894736842,COMM
1983-01,ZP,0.05263157894736842,COMM
1983-01,ZR,0.0,COMM
1983-01,ZS,0.05263157894736842,COMM
1983-01,ZT,0.05263157894736842,COMM
1983-01,ZU,0.0,COMM
1983-01,ZW,0.05263157894736842,COMM
1983-01,ZZ,0.05263157894736842,COMM
1983-02,CC,0.05,COMM
1983-02,CT,0.05,COMM
1983-02,DA,0.0,COMM
1983-02,JO,0.05,COMM
1983-02,KC,0.05,COMM
1983-02,LB,0.05,COMM
1983-02,MW,0.05,COMM
1983-02,SB,0.05,COMM
1983-02,ZA,0.05,COMM
1983-02,ZB,0.0,COMM
1983-02,ZC,0.05,COMM
1983-02,ZF,0.05,COMM
1983-02,ZG,0.05,COMM
1983-02,ZI,0.05,COMM
1983-02,ZK,0.0,COMM
1983-02,ZL,0.05,COMM
1983-02,ZM,0.05,COMM
1983-02,ZN,0.0,COMM
1983-02,ZO,0.05,COMM
1983-02,ZP,0.05,COMM
1983-02,ZR,0.0,COMM
1983-02,ZS,0.05,COMM
1983-02,ZT,0.05,COMM
1983-02,ZU,0.0,COMM
1983-02,ZW,0.05,COMM
1983-02,ZZ,0.05,COMM
1983-03,CC,0.05,COMM
1983-03,CT,0.05,COMM
1983-03,DA,0.0,COMM
1983-03,JO,0.05,COMM
1983-03,KC,0.05,COMM
1983-03,LB,0.05,COMM
1983-03,MW,0.05,COMM
1983-03,SB,0.05,COMM
1983-03,ZA,0.05,COMM
1983-03,ZB,0.0,COMM
1983-03,ZC,0.05,COMM
1983-03,ZF,0.05,COMM
1983-03,ZG,0.05,COMM
1983-03,ZI,0.05,COMM
1983-03,ZK,0.0,COMM
1983-03,ZL,0.05,COMM
1983-03,ZM,0.05,COMM
1983-03,ZN,0.0,COMM
1983-03,ZO,0.05,COMM
1983-03,ZP,0.05,COMM
1983-03,ZR,0.0,COMM
1983-03,ZS,0.05,COMM
1983-03,ZT,0.05,COMM
1983-03,ZU,0.0,COMM
1983-03,ZW,0.05,COMM
1983-03,ZZ,0.05,COMM
1983-04,CC,0.05,COMM
1983-04,CT,0.05,COMM
1983-04,DA,0.0,COMM
1983-04,JO,0.05,COMM
1983-04,KC,0.05,COMM
1983-04,LB,0.05,COMM
1983-04,MW,0.05,COMM
1983-04,SB,0.05,COMM
1983-04,ZA,0.05,COMM
1983-04,ZB,0.0,COMM
1983-04,ZC,0.05,COMM
1983-04,ZF,0.05,COMM
1983-04,ZG,0.05,COMM
1983-04,ZI,0.05,COMM
1983-04,ZK,0.0,COMM
1983-04,ZL,0.05,COMM
1983-04,ZM,0.05,COMM
1983-04,ZN,0.0,COMM
1983-04,ZO,0.05,COMM
1983-04,ZP,0.05,COMM
1983-04,ZR,0.0,COMM
1983-04,ZS,0.05,COMM
1983-04,ZT,0.05,COMM
1983-04,ZU,0.0,COMM
1983-04,ZW,0.05,COMM
1983-04,ZZ,0.05,COMM
1983-05,CC,0.05,COMM
1983-05,CT,0.05,COMM
1983-05,DA,0.0,COMM
1983-05,JO,0.05,COMM
1983-05,KC,0.05,COMM
1983-05,LB,0.05,COMM
1983-05,MW,0.05,COMM
1983-05,SB,0.05,COMM
1983-05,ZA,0.05,COMM
1983-05,ZB,0.0,COMM
1983-05,ZC,0.05,COMM
1983-05,ZF,0.05,COMM
1983-05,ZG,0.05,COMM
1983-05,ZI,0.05,COMM
1983-05,ZK,0.0,COMM
1983-05,ZL,0.05,COMM
1983-05,ZM,0.05,COMM
1983-05,ZN,0.0,COMM
1983-05,ZO,0.05,COMM
1983-05,ZP,0.05,COMM
1983-05,ZR,0.0,COMM
1983-05,ZS,0.05,COMM
1983-05,ZT,0.05,COMM
1983-05,ZU,0.0,COMM
1983-05,ZW,0.05,COMM
1983-05,ZZ,0.05,COMM
1983-06,CC,0.05,COMM
1983-06,CT,0.05,COMM
1983-06,DA,0.0,COMM
1983-06,JO,0.05,COMM
1983-06,KC,0.05,COMM
1983-06,LB,0.05,COMM
1983-06,MW,0.05,COMM
1983-06,SB,0.05,COMM
1983-06,ZA,0.05,COMM
1983-06,ZB,0.0,COMM
1983-06,ZC,0.05,COMM
1983-06,ZF,0.05,COMM
1983-06,ZG,0.05,COMM
1983-06,ZI,0.05,COMM
1983-06,ZK,0.0,COMM
1983-06,ZL,0.05,COMM
1983-06,ZM,0.05,COMM
1983-06,ZN,0.0,COMM
1983-06,ZO,0.05,COMM
1983-06,ZP,0.05,COMM
1983-06,ZR,0.0,COMM
1983-06,ZS,0.05,COMM
1983-06,ZT,0.05,COMM
1983-06,ZU,0.0,COMM
1983-06,ZW,0.05,COMM
1983-06,ZZ,0.05,COMM
1983-07,CC,0.05,COMM
1983-07,CT,0.05,COMM
1983-07,DA,0.0,COMM
1983-07,JO,0.05,COMM
1983-07,KC,0.05,COMM
1983-07,LB,0.05,COMM
1983-07,MW,0.05,COMM
1983-07,SB,0.05,COMM
1983-07,ZA,0.05,COMM
1983-07,ZB,0.0,COMM
1983-07,ZC,0.05,COMM
1983-07,ZF,0.05,COMM
1983-07,ZG,0.05,COMM
1983-07,ZI,0.05,COMM
1983-07,ZK,0.0,COMM
1983-07,ZL,0.05,COMM
1983-07,ZM,0.05,COMM
1983-07,ZN,0.0,COMM
1983-07,ZO,0.05,COMM
1983-07,ZP,0.05,COMM
1983-07,ZR,0.0,COMM
1983-07,ZS,0.05,COMM
1983-07,ZT,0.05,COMM
1983-07,ZU,0.0,COMM
1983-07,ZW,0.05,COMM
1983-07,ZZ,0.05,COMM
1983-08,CC,0.05,COMM
1983-08,CT,0.05,COMM
1983-08,DA,0.0,COMM
1983-08,JO,0.05,COMM
1983-08,KC,0.05,COMM
1983-08,LB,0.05,COMM
1983-08,MW,0.05,COMM
1983-08,SB,0.05,COMM
1983-08,ZA,0.05,COMM
1983-08,ZB,0.0,COMM
1983-08,ZC,0.05,COMM
1983-08,ZF,0.05,COMM
1983-08,ZG,0.05,COMM
1983-08,ZI,0.05,COMM
1983-08,ZK,0.0,COMM
1983-08,ZL,0.05,COMM
1983-08,ZM,0.05,COMM
1983-08,ZN,0.0,COMM
1983-08,ZO,0.05,COMM
1983-08,ZP,0.05,COMM
1983-08,ZR,0.0,COMM
1983-08,ZS,0.05,COMM
1983-08,ZT,0.05,COMM
1983-08,ZU,0.0,COMM
1983-08,ZW,0.05,COMM
1983-08,ZZ,0.05,COMM
1983-09,CC,0.05,COMM
1983-09,CT,0.05,COMM
1983-09,DA,0.0,COMM
1983-09,JO,0.05,COMM
1983-09,KC,0.05,COMM
1983-09,LB,0.05,COMM
1983-09,MW,0.05,COMM
1983-09,SB,0.05,COMM
1983-09,ZA,0.05,COMM
1983-09,ZB,0.0,COMM
1983-09,ZC,0.05,COMM
1983-09,ZF,0.05,COMM
1983-09,ZG,0.05,COMM
1983-09,ZI,0.05,COMM
1983-09,ZK,0.0,COMM
1983-09,ZL,0.05,COMM
1983-09,ZM,0.05,COMM
1983-09,ZN,0.0,COMM
1983-09,ZO,0.05,COMM
1983-09,ZP,0.05,COMM
1983-09,ZR,0.0,COMM
1983-09,ZS,0.05,COMM
1983-09,ZT,0.05,COMM
1983-09,ZU,0.0,COMM
1983-09,ZW,0.05,COMM
1983-09,ZZ,0.05,COMM
1983-10,CC,0.05,COMM
1983-10,CT,0.05,COMM
1983-10,DA,0.0,COMM
1983-10,JO,0.05,COMM
1983-10,KC,0.05,COMM
1983-10,LB,0.05,COMM
1983-10,MW,0.05,COMM
1983-10,SB,0.05,COMM
1983-10,ZA,0.05,COMM
1983-10,ZB,0.0,COMM
1983-10,ZC,0.05,COMM
1983-10,ZF,0.05,COMM
1983-10,ZG,0.05,COMM
1983-10,ZI,0.05,COMM
1983-10,ZK,0.0,COMM
1983-10,ZL,0.05,COMM
1983-10,ZM,0.05,COMM
1983-10,ZN,0.0,COMM
1983-10,ZO,0.05,COMM
1983-10,ZP,0.05,COMM
1983-10,ZR,0.0,COMM
1983-10,ZS,0.05,COMM
1983-10,ZT,0.05,COMM
1983-10,ZU,0.0,COMM
1983-10,ZW,0.05,COMM
1983-10,ZZ,0.05,COMM
1983-11,CC,0.05,COMM
1983-11,CT,0.05,COMM
1983-11,DA,0.0,COMM
1983-11,JO,0.05,COMM
1983-11,KC,0.05,COMM
1983-11,LB,0.05,COMM
1983-11,MW,0.05,COMM
1983-11,SB,0.05,COMM
1983-11,ZA,0.05,COMM
1983-11,ZB,0.0,COMM
1983-11,ZC,0.05,COMM
1983-11,ZF,0.05,COMM
1983-11,ZG,0.05,COMM
1983-11,ZI,0.05,COMM
1983-11,ZK,0.0,COMM
1983-11,ZL,0.05,COMM
1983-11,ZM,0.05,COMM
1983-11,ZN,0.0,COMM
1983-11,ZO,0.05,COMM
1983-11,ZP,0.05,COMM
1983-11,ZR,0.0,COMM
1983-11,ZS,0.05,COMM
1983-11,ZT,0.05,COMM
1983-11,ZU,0.0,COMM
1983-11,ZW,0.05,COMM
1983-11,ZZ,0.05,COMM
1983-12,CC,0.05,COMM
1983-12,CT,0.05,COMM
1983-12,DA,0.0,COMM
1983-12,JO,0.05,COMM
1983-12,KC,0.05,COMM
1983-12,LB,0.05,COMM
1983-12,MW,0.05,COMM
1983-12,SB,0.05,COMM
1983-12,ZA,0.05,COMM
1983-12,ZB,0.0,COMM
1983-12,ZC,0.05,COMM
1983-12,ZF,0.05,COMM
1983-12,ZG,0.05,COMM
1983-12,ZI,0.05,COMM
1983-12,ZK,0.0,COMM
1983-12,ZL,0.05,COMM
1983-12,ZM,0.05,COMM
1983-12,ZN,0.0,COMM
1983-12,ZO,0.05,COMM
1983-12,ZP,0.05,COMM
1983-12,ZR,0.0,COMM
1983-12,ZS,0.05,COMM
1983-12,ZT,0.05,COMM
1983-12,ZU,0.0,COMM
1983-12,ZW,0.05,COMM
1983-12,ZZ,0.05,COMM
1984-01,CC,0.05,COMM
1984-01,CT,0.05,COMM
1984-01,DA,0.0,COMM
1984-01,JO,0.05,COMM
1984-01,KC,0.05,COMM
1984-01,LB,0.05,COMM
1984-01,MW,0.05,COMM
1984-01,SB,0.05,COMM
1984-01,ZA,0.05,COMM
1984-01,ZB,0.0,COMM
1984-01,ZC,0.05,COMM
1984-01,ZF,0.05,COMM
1984-01,ZG,0.05,COMM
1984-01,ZI,0.05,COMM
1984-01,ZK,0.0,COMM
1984-01,ZL,0.05,COMM
1984-01,ZM,0.05,COMM
1984-01,ZN,0.0,COMM
1984-01,ZO,0.05,COMM
1984-01,ZP,0.05,COMM
1984-01,ZR,0.0,COMM
1984-01,ZS,0.05,COMM
1984-01,ZT,0.05,COMM
1984-01,ZU,0.0,COMM
1984-01,ZW,0.05,COMM
1984-01,ZZ,0.05,COMM
1984-02,CC,0.047619047619047616,COMM
1984-02,CT,0.047619047619047616,COMM
1984-02,DA,0.0,COMM
1984-02,JO,0.047619047619047616,COMM
1984-02,KC,0.047619047619047616,COMM
1984-02,LB,0.047619047619047616,COMM
1984-02,MW,0.047619047619047616,COMM
1984-02,SB,0.047619047619047616,COMM
1984-02,ZA,0.047619047619047616,COMM
1984-02,ZB,0.0,COMM
1984-02,ZC,0.047619047619047616,COMM
1984-02,ZF,0.047619047619047616,COMM
1984-02,ZG,0.047619047619047616,COMM
1984-02,ZI,0.047619047619047616,COMM
1984-02,ZK,0.0,COMM
1984-02,ZL,0.047619047619047616,COMM
1984-02,ZM,0.047619047619047616,COMM
1984-02,ZN,0.0,COMM
1984-02,ZO,0.047619047619047616,COMM
1984-02,ZP,0.047619047619047616,COMM
1984-02,ZR,0.0,COMM
1984-02,ZS,0.047619047619047616,COMM
1984-02,ZT,0.047619047619047616,COMM
1984-02,ZU,0.047619047619047616,COMM
1984-02,ZW,0.047619047619047616,COMM
1984-02,ZZ,0.047619047619047616,COMM
1984-03,CC,0.047619047619047616,COMM
1984-03,CT,0.047619047619047616,COMM
1984-03,DA,0.0,COMM
1984-03,JO,0.047619047619047616,COMM
1984-03,KC,0.047619047619047616,COMM
1984-03,LB,0.047619047619047616,COMM
1984-03,MW,0.047619047619047616,COMM
1984-03,SB,0.047619047619047616,COMM
1984-03,ZA,0.047619047619047616,COMM
1984-03,ZB,0.0,COMM
1984-03,ZC,0.047619047619047616,COMM
1984-03,ZF,0.047619047619047616,COMM
1984-03,ZG,0.047619047619047616,COMM
1984-03,ZI,0.047619047619047616,COMM
1984-03,ZK,0.0,COMM
1984-03,ZL,0.047619047619047616,COMM
1984-03,ZM,0.047619047619047616,COMM
1984-03,ZN,0.0,COMM
1984-03,ZO,0.047619047619047616,COMM
1984-03,ZP,0.047619047619047616,COMM
1984-03,ZR,0.0,COMM
1984-03,ZS,0.047619047619047616,COMM
1984-03,ZT,0.047619047619047616,COMM
1984-03,ZU,0.047619047619047616,COMM
1984-03,ZW,0.047619047619047616,COMM
1984-03,ZZ,0.047619047619047616,COMM
1984-04,CC,0.047619047619047616,COMM
1984-04,CT,0.047619047619047616,COMM
1984-04,DA,0.0,COMM
1984-04,JO,0.047619047619047616,COMM
1984-04,KC,0.047619047619047616,COMM
1984-04,LB,0.047619047619047616,COMM
1984-04,MW,0.047619047619047616,COMM
1984-04,SB,0.047619047619047616,COMM
1984-04,ZA,0.047619047619047616,COMM
1984-04,ZB,0.0,COMM
1984-04,ZC,0.047619047619047616,COMM
1984-04,ZF,0.047619047619047616,COMM
1984-04,ZG,0.047619047619047616,COMM
1984-04,ZI,0.047619047619047616,COMM
1984-04,ZK,0.0,COMM
1984-04,ZL,0.047619047619047616,COMM
1984-04,ZM,0.047619047619047616,COMM
1984-04,ZN,0.0,COMM
1984-04,ZO,0.047619047619047616,COMM
1984-04,ZP,0.047619047619047616,COMM
1984-04,ZR,0.0,COMM
1984-04,ZS,0.047619047619047616,COMM
1984-04,ZT,0.047619047619047616,COMM
1984-04,ZU,0.047619047619047616,COMM
1984-04,ZW,0.047619047619047616,COMM
1984-04,ZZ,0.047619047619047616,COMM
1984-05,CC,0.047619047619047616,COMM
1984-05,CT,0.047619047619047616,COMM
1984-05,DA,0.0,COMM
1984-05,JO,0.047619047619047616,COMM
1984-05,KC,0.047619047619047616,COMM
1984-05,LB,0.047619047619047616,COMM
1984-05,MW,0.047619047619047616,COMM
1984-05,SB,0.047619047619047616,COMM
1984-05,ZA,0.047619047619047616,COMM
1984-05,ZB,0.0,COMM
1984-05,ZC,0.047619047619047616,COMM
1984-05,ZF,0.047619047619047616,COMM
1984-05,ZG,0.047619047619047616,COMM
1984-05,ZI,0.047619047619047616,COMM
1984-05,ZK,0.0,COMM
1984-05,ZL,0.047619047619047616,COMM
1984-05,ZM,0.047619047619047616,COMM
1984-05,ZN,0.0,COMM
1984-05,ZO,0.047619047619047616,COMM
1984-05,ZP,0.047619047619047616,COMM
1984-05,ZR,0.0,COMM
1984-05,ZS,0.047619047619047616,COMM
1984-05,ZT,0.047619047619047616,COMM
1984-05,ZU,0.047619047619047616,COMM
1984-05,ZW,0.047619047619047616,COMM
1984-05,ZZ,0.047619047619047616,COMM
1984-06,CC,0.047619047619047616,COMM
1984-06,CT,0.047619047619047616,COMM
1984-06,DA,0.0,COMM
1984-06,JO,0.047619047619047616,COMM
1984-06,KC,0.047619047619047616,COMM
1984-06,LB,0.047619047619047616,COMM
1984-06,MW,0.047619047619047616,COMM
1984-06,SB,0.047619047619047616,COMM
1984-06,ZA,0.047619047619047616,COMM
1984-06,ZB,0.0,COMM
1984-06,ZC,0.047619047619047616,COMM
1984-06,ZF,0.047619047619047616,COMM
1984-06,ZG,0.047619047619047616,COMM
1984-06,ZI,0.047619047619047616,COMM
1984-06,ZK,0.0,COMM
1984-06,ZL,0.047619047619047616,COMM
1984-06,ZM,0.047619047619047616,COMM
1984-06,ZN,0.0,COMM
1984-06,ZO,0.047619047619047616,COMM
1984-06,ZP,0.047619047619047616,COMM
1984-06,ZR,0.0,COMM
1984-06,ZS,0.047619047619047616,COMM
1984-06,ZT,0.047619047619047616,COMM
1984-06,ZU,0.047619047619047616,COMM
1984-06,ZW,0.047619047619047616,COMM
1984-06,ZZ,0.047619047619047616,COMM
1984-07,CC,0.047619047619047616,COMM
1984-07,CT,0.047619047619047616,COMM
1984-07,DA,0.0,COMM
1984-07,JO,0.047619047619047616,COMM
1984-07,KC,0.047619047619047616,COMM
1984-07,LB,0.047619047619047616,COMM
1984-07,MW,0.047619047619047616,COMM
1984-07,SB,0.047619047619047616,COMM
1984-07,ZA,0.047619047619047616,COMM
1984-07,ZB,0.0,COMM
1984-07,ZC,0.047619047619047616,COMM
1984-07,ZF,0.047619047619047616,COMM
1984-07,ZG,0.047619047619047616,COMM
1984-07,ZI,0.047619047619047616,COMM
1984-07,ZK,0.0,COMM
1984-07,ZL,0.047619047619047616,COMM
1984-07,ZM,0.047619047619047616,COMM
1984-07,ZN,0.0,COMM
1984-07,ZO,0.047619047619047616,COMM
1984-07,ZP,0.047619047619047616,COMM
1984-07,ZR,0.0,COMM
1984-07,ZS,0.047619047619047616,COMM
1984-07,ZT,0.047619047619047616,COMM
1984-07,ZU,0.047619047619047616,COMM
1984-07,ZW,0.047619047619047616,COMM
1984-07,ZZ,0.047619047619047616,COMM
1984-08,CC,0.047619047619047616,COMM
1984-08,CT,0.047619047619047616,COMM
1984-08,DA,0.0,COMM
1984-08,JO,0.047619047619047616,COMM
1984-08,KC,0.047619047619047616,COMM
1984-08,LB,0.047619047619047616,COMM
1984-08,MW,0.047619047619047616,COMM
1984-08,SB,0.047619047619047616,COMM
1984-08,ZA,0.047619047619047616,COMM
1984-08,ZB,0.0,COMM
1984-08,ZC,0.047619047619047616,COMM
1984-08,ZF,0.047619047619047616,COMM
1984-08,ZG,0.047619047619047616,COMM
1984-08,ZI,0.047619047619047616,COMM
1984-08,ZK,0.0,COMM
1984-08,ZL,0.047619047619047616,COMM
1984-08,ZM,0.047619047619047616,COMM
1984-08,ZN,0.0,COMM
1984-08,ZO,0.047619047619047616,COMM
1984-08,ZP,0.047619047619047616,COMM
1984-08,ZR,0.0,COMM
1984-08,ZS,0.047619047619047616,COMM
1984-08,ZT,0.047619047619047616,COMM
1984-08,ZU,0.047619047619047616,COMM
1984-08,ZW,0.047619047619047616,COMM
1984-08,ZZ,0.047619047619047616,COMM
1984-09,CC,0.047619047619047616,COMM
1984-09,CT,0.047619047619047616,COMM
1984-09,DA,0.0,COMM
1984-09,JO,0.047619047619047616,COMM
1984-09,KC,0.047619047619047616,COMM
1984-09,LB,0.047619047619047616,COMM
1984-09,MW,0.047619047619047616,COMM
1984-09,SB,0.047619047619047616,COMM
1984-09,ZA,0.047619047619047616,COMM
1984-09,ZB,0.0,COMM
1984-09,ZC,0.047619047619047616,COMM
1984-09,ZF,0.047619047619047616,COMM
1984-09,ZG,0.047619047619047616,COMM
1984-09,ZI,0.047619047619047616,COMM
1984-09,ZK,0.0,COMM
1984-09,ZL,0.047619047619047616,COMM
1984-09,ZM,0.047619047619047616,COMM
1984-09,ZN,0.0,COMM
1984-09,ZO,0.047619047619047616,COMM
1984-09,ZP,0.047619047619047616,COMM
1984-09,ZR,0.0,COMM
1984-09,ZS,0.047619047619047616,COMM
1984-09,ZT,0.047619047619047616,COMM
1984-09,ZU,0.047619047619047616,COMM
1984-09,ZW,0.047619047619047616,COMM
1984-09,ZZ,0.047619047619047616,COMM
1984-10,CC,0.047619047619047616,COMM
1984-10,CT,0.047619047619047616,COMM
1984-10,DA,0.0,COMM
1984-10,JO,0.047619047619047616,COMM
1984-10,KC,0.047619047619047616,COMM
1984-10,LB,0.047619047619047616,COMM
1984-10,MW,0.047619047619047616,COMM
1984-10,SB,0.047619047619047616,COMM
1984-10,ZA,0.047619047619047616,COMM
1984-10,ZB,0.0,COMM
1984-10,ZC,0.047619047619047616,COMM
1984-10,ZF,0.047619047619047616,COMM
1984-10,ZG,0.047619047619047616,COMM
1984-10,ZI,0.047619047619047616,COMM
1984-10,ZK,0.0,COMM
1984-10,ZL,0.047619047619047616,COMM
1984-10,ZM,0.047619047619047616,COMM
1984-10,ZN,0.0,COMM
1984-10,ZO,0.047619047619047616,COMM
1984-10,ZP,0.047619047619047616,COMM
1984-10,ZR,0.0,COMM
1984-10,ZS,0.047619047619047616,COMM
1984-10,ZT,0.047619047619047616,COMM
1984-10,ZU,0.047619047619047616,COMM
1984-10,ZW,0.047619047619047616,COMM
1984-10,ZZ,0.047619047619047616,COMM
1984-11,CC,0.047619047619047616,COMM
1984-11,CT,0.047619047619047616,COMM
1984-11,DA,0.0,COMM
1984-11,JO,0.047619047619047616,COMM
1984-11,KC,0.047619047619047616,COMM
1984-11,LB,0.047619047619047616,COMM
1984-11,MW,0.047619047619047616,COMM
1984-11,SB,0.047619047619047616,COMM
1984-11,ZA,0.047619047619047616,COMM
1984-11,ZB,0.0,COMM
1984-11,ZC,0.047619047619047616,COMM
1984-11,ZF,0.047619047619047616,COMM
1984-11,ZG,0.047619047619047616,COMM
1984-11,ZI,0.047619047619047616,COMM
1984-11,ZK,0.0,COMM
1984-11,ZL,0.047619047619047616,COMM
1984-11,ZM,0.047619047619047616,COMM
1984-11,ZN,0.0,COMM
1984-11,ZO,0.047619047619047616,COMM
1984-11,ZP,0.047619047619047616,COMM
1984-11,ZR,0.0,COMM
1984-11,ZS,0.047619047619047616,COMM
1984-11,ZT,0.047619047619047616,COMM
1984-11,ZU,0.047619047619047616,COMM
1984-11,ZW,0.047619047619047616,COMM
1984-11,ZZ,0.047619047619047616,COMM
1984-12,CC,0.047619047619047616,COMM
1984-12,CT,0.047619047619047616,COMM
1984-12,DA,0.0,COMM
1984-12,JO,0.047619047619047616,COMM
1984-12,KC,0.047619047619047616,COMM
1984-12,LB,0.047619047619047616,COMM
1984-12,MW,0.047619047619047616,COMM
1984-12,SB,0.047619047619047616,COMM
1984-12,ZA,0.047619047619047616,COMM
1984-12,ZB,0.0,COMM
1984-12,ZC,0.047619047619047616,COMM
1984-12,ZF,0.047619047619047616,COMM
1984-12,ZG,0.047619047619047616,COMM
1984-12,ZI,0.047619047619047616,COMM
1984-12,ZK,0.0,COMM
1984-12,ZL,0.047619047619047616,COMM
1984-12,ZM,0.047619047619047616,COMM
1984-12,ZN,0.0,COMM
1984-12,ZO,0.047619047619047616,COMM
1984-12,ZP,0.047619047619047616,COMM
1984-12,ZR,0.0,COMM
1984-12,ZS,0.047619047619047616,COMM
1984-12,ZT,0.047619047619047616,COMM
1984-12,ZU,0.047619047619047616,COMM
1984-12,ZW,0.047619047619047616,COMM
1984-12,ZZ,0.047619047619047616,COMM
1985-01,CC,0.047619047619047616,COMM
1985-01,CT,0.047619047619047616,COMM
1985-01,DA,0.0,COMM
1985-01,JO,0.047619047619047616,COMM
1985-01,KC,0.047619047619047616,COMM
1985-01,LB,0.047619047619047616,COMM
1985-01,MW,0.047619047619047616,COMM
1985-01,SB,0.047619047619047616,COMM
1985-01,ZA,0.047619047619047616,COMM
1985-01,ZB,0.0,COMM
1985-01,ZC,0.047619047619047616,COMM
1985-01,ZF,0.047619047619047616,COMM
1985-01,ZG,0.047619047619047616,COMM
1985-01,ZI,0.047619047619047616,COMM
1985-01,ZK,0.0,COMM
1985-01,ZL,0.047619047619047616,COMM
1985-01,ZM,0.047619047619047616,COMM
1985-01,ZN,0.0,COMM
1985-01,ZO,0.047619047619047616,COMM
1985-01,ZP,0.047619047619047616,COMM
1985-01,ZR,0.0,COMM
1985-01,ZS,0.047619047619047616,COMM
1985-01,ZT,0.047619047619047616,COMM
1985-01,ZU,0.047619047619047616,COMM
1985-01,ZW,0.047619047619047616,COMM
1985-01,ZZ,0.047619047619047616,COMM
1985-02,CC,0.045454545454545456,COMM
1985-02,CT,0.045454545454545456,COMM
1985-02,DA,0.0,COMM
1985-02,JO,0.045454545454545456,COMM
1985-02,KC,0.045454545454545456,COMM
1985-02,LB,0.045454545454545456,COMM
1985-02,MW,0.045454545454545456,COMM
1985-02,SB,0.045454545454545456,COMM
1985-02,ZA,0.045454545454545456,COMM
1985-02,ZB,0.045454545454545456,COMM
1985-02,ZC,0.045454545454545456,COMM
1985-02,ZF,0.045454545454545456,COMM
1985-02,ZG,0.045454545454545456,COMM
1985-02,ZI,0.045454545454545456,COMM
1985-02,ZK,0.0,COMM
1985-02,ZL,0.045454545454545456,COMM
1985-02,ZM,0.045454545454545456,COMM
1985-02,ZN,0.0,COMM
1985-02,ZO,0.045454545454545456,COMM
1985-02,ZP,0.045454545454545456,COMM
1985-02,ZR,0.0,COMM
1985-02,ZS,0.045454545454545456,COMM
1985-02,ZT,0.045454545454545456,COMM
1985-02,ZU,0.045454545454545456,COMM
1985-02,ZW,0.045454545454545456,COMM
1985-02,ZZ,0.045454545454545456,COMM
1985-03,CC,0.045454545454545456,COMM
1985-03,CT,0.045454545454545456,COMM
1985-03,DA,0.0,COMM
1985-03,JO,0.045454545454545456,COMM
1985-03,KC,0.045454545454545456,COMM
1985-03,LB,0.045454545454545456,COMM
1985-03,MW,0.045454545454545456,COMM
1985-03,SB,0.045454545454545456,COMM
1985-03,ZA,0.045454545454545456,COMM
1985-03,ZB,0.045454545454545456,COMM
1985-03,ZC,0.045454545454545456,COMM
1985-03,ZF,0.045454545454545456,COMM
1985-03,ZG,0.045454545454545456,COMM
1985-03,ZI,0.045454545454545456,COMM
1985-03,ZK,0.0,COMM
1985-03,ZL,0.045454545454545456,COMM
1985-03,ZM,0.045454545454545456,COMM
1985-03,ZN,0.0,COMM
1985-03,ZO,0.045454545454545456,COMM
1985-03,ZP,0.045454545454545456,COMM
1985-03,ZR,0.0,COMM
1985-03,ZS,0.045454545454545456,COMM
1985-03,ZT,0.045454545454545456,COMM
1985-03,ZU,0.045454545454545456,COMM
1985-03,ZW,0.045454545454545456,COMM
1985-03,ZZ,0.045454545454545456,COMM
1985-04,CC,0.045454545454545456,COMM
1985-04,CT,0.045454545454545456,COMM
1985-04,DA,0.0,COMM
1985-04,JO,0.045454545454545456,COMM
1985-04,KC,0.045454545454545456,COMM
1985-04,LB,0.045454545454545456,COMM
1985-04,MW,0.045454545454545456,COMM
1985-04,SB,0.045454545454545456,COMM
1985-04,ZA,0.045454545454545456,COMM
1985-04,ZB,0.045454545454545456,COMM
1985-04,ZC,0.045454545454545456,COMM
1985-04,ZF,0.045454545454545456,COMM
1985-04,ZG,0.045454545454545456,COMM
1985-04,ZI,0.045454545454545456,COMM
1985-04,ZK,0.0,COMM
1985-04,ZL,0.045454545454545456,COMM
1985-04,ZM,0.045454545454545456,COMM
1985-04,ZN,0.0,COMM
1985-04,ZO,0.045454545454545456,COMM
1985-04,ZP,0.045454545454545456,COMM
1985-04,ZR,0.0,COMM
1985-04,ZS,0.045454545454545456,COMM
1985-04,ZT,0.045454545454545456,COMM
1985-04,ZU,0.045454545454545456,COMM
1985-04,ZW,0.045454545454545456,COMM
1985-04,ZZ,0.045454545454545456,COMM
1985-05,CC,0.045454545454545456,COMM
1985-05,CT,0.045454545454545456,COMM
1985-05,DA,0.0,COMM
1985-05,JO,0.045454545454545456,COMM
1985-05,KC,0.045454545454545456,COMM
1985-05,LB,0.045454545454545456,COMM
1985-05,MW,0.045454545454545456,COMM
1985-05,SB,0.045454545454545456,COMM
1985-05,ZA,0.045454545454545456,COMM
1985-05,ZB,0.045454545454545456,COMM
1985-05,ZC,0.045454545454545456,COMM
1985-05,ZF,0.045454545454545456,COMM
1985-05,ZG,0.045454545454545456,COMM
1985-05,ZI,0.045454545454545456,COMM
1985-05,ZK,0.0,COMM
1985-05,ZL,0.045454545454545456,COMM
1985-05,ZM,0.045454545454545456,COMM
1985-05,ZN,0.0,COMM
1985-05,ZO,0.045454545454545456,COMM
1985-05,ZP,0.045454545454545456,COMM
1985-05,ZR,0.0,COMM
1985-05,ZS,0.045454545454545456,COMM
1985-05,ZT,0.045454545454545456,COMM
1985-05,ZU,0.045454545454545456,COMM
1985-05,ZW,0.045454545454545456,COMM
1985-05,ZZ,0.045454545454545456,COMM
1985-06,CC,0.045454545454545456,COMM
1985-06,CT,0.045454545454545456,COMM
1985-06,DA,0.0,COMM
1985-06,JO,0.045454545454545456,COMM
1985-06,KC,0.045454545454545456,COMM
1985-06,LB,0.045454545454545456,COMM
1985-06,MW,0.045454545454545456,COMM
1985-06,SB,0.045454545454545456,COMM
1985-06,ZA,0.045454545454545456,COMM
1985-06,ZB,0.045454545454545456,COMM
1985-06,ZC,0.045454545454545456,COMM
1985-06,ZF,0.045454545454545456,COMM
1985-06,ZG,0.045454545454545456,COMM
1985-06,ZI,0.045454545454545456,COMM
1985-06,ZK,0.0,COMM
1985-06,ZL,0.045454545454545456,COMM
1985-06,ZM,0.045454545454545456,COMM
1985-06,ZN,0.0,COMM
1985-06,ZO,0.045454545454545456,COMM
1985-06,ZP,0.045454545454545456,COMM
1985-06,ZR,0.0,COMM
1985-06,ZS,0.045454545454545456,COMM
1985-06,ZT,0.045454545454545456,COMM
1985-06,ZU,0.045454545454545456,COMM
1985-06,ZW,0.045454545454545456,COMM
1985-06,ZZ,0.045454545454545456,COMM
1985-07,CC,0.045454545454545456,COMM
1985-07,CT,0.045454545454545456,COMM
1985-07,DA,0.0,COMM
1985-07,JO,0.045454545454545456,COMM
1985-07,KC,0.045454545454545456,COMM
1985-07,LB,0.045454545454545456,COMM
1985-07,MW,0.045454545454545456,COMM
1985-07,SB,0.045454545454545456,COMM
1985-07,ZA,0.045454545454545456,COMM
1985-07,ZB,0.045454545454545456,COMM
1985-07,ZC,0.045454545454545456,COMM
1985-07,ZF,0.045454545454545456,COMM
1985-07,ZG,0.045454545454545456,COMM
1985-07,ZI,0.045454545454545456,COMM
1985-07,ZK,0.0,COMM
1985-07,ZL,0.045454545454545456,COMM
1985-07,ZM,0.045454545454545456,COMM
1985-07,ZN,0.0,COMM
1985-07,ZO,0.045454545454545456,COMM
1985-07,ZP,0.045454545454545456,COMM
1985-07,ZR,0.0,COMM
1985-07,ZS,0.045454545454545456,COMM
1985-07,ZT,0.045454545454545456,COMM
1985-07,ZU,0.045454545454545456,COMM
1985-07,ZW,0.045454545454545456,COMM
1985-07,ZZ,0.045454545454545456,COMM
1985-08,CC,0.045454545454545456,COMM
1985-08,CT,0.045454545454545456,COMM
1985-08,DA,0.0,COMM
1985-08,JO,0.045454545454545456,COMM
1985-08,KC,0.045454545454545456,COMM
1985-08,LB,0.045454545454545456,COMM
1985-08,MW,0.045454545454545456,COMM
1985-08,SB,0.045454545454545456,COMM
1985-08,ZA,0.045454545454545456,COMM
1985-08,ZB,0.045454545454545456,COMM
1985-08,ZC,0.045454545454545456,COMM
1985-08,ZF,0.045454545454545456,COMM
1985-08,ZG,0.045454545454545456,COMM
1985-08,ZI,0.045454545454545456,COMM
1985-08,ZK,0.0,COMM
1985-08,ZL,0.045454545454545456,COMM
1985-08,ZM,0.045454545454545456,COMM
1985-08,ZN,0.0,COMM
1985-08,ZO,0.045454545454545456,COMM
1985-08,ZP,0.045454545454545456,COMM
1985-08,ZR,0.0,COMM
1985-08,ZS,0.045454545454545456,COMM
1985-08,ZT,0.045454545454545456,COMM
1985-08,ZU,0.045454545454545456,COMM
1985-08,ZW,0.045454545454545456,COMM
1985-08,ZZ,0.045454545454545456,COMM
1985-09,CC,0.045454545454545456,COMM
1985-09,CT,0.045454545454545456,COMM
1985-09,DA,0.0,COMM
1985-09,JO,0.045454545454545456,COMM
1985-09,KC,0.045454545454545456,COMM
1985-09,LB,0.045454545454545456,COMM
1985-09,MW,0.045454545454545456,COMM
1985-09,SB,0.045454545454545456,COMM
1985-09,ZA,0.045454545454545456,COMM
1985-09,ZB,0.045454545454545456,COMM
1985-09,ZC,0.045454545454545456,COMM
1985-09,ZF,0.045454545454545456,COMM
1985-09,ZG,0.045454545454545456,COMM
1985-09,ZI,0.045454545454545456,COMM
1985-09,ZK,0.0,COMM
1985-09,ZL,0.045454545454545456,COMM
1985-09,ZM,0.045454545454545456,COMM
1985-09,ZN,0.0,COMM
1985-09,ZO,0.045454545454545456,COMM
1985-09,ZP,0.045454545454545456,COMM
1985-09,ZR,0.0,COMM
1985-09,ZS,0.045454545454545456,COMM
1985-09,ZT,0.045454545454545456,COMM
1985-09,ZU,0.045454545454545456,COMM
1985-09,ZW,0.045454545454545456,COMM
1985-09,ZZ,0.045454545454545456,COMM
1985-10,CC,0.045454545454545456,COMM
1985-10,CT,0.045454545454545456,COMM
1985-10,DA,0.0,COMM
1985-10,JO,0.045454545454545456,COMM
1985-10,KC,0.045454545454545456,COMM
1985-10,LB,0.045454545454545456,COMM
1985-10,MW,0.045454545454545456,COMM
1985-10,SB,0.045454545454545456,COMM
1985-10,ZA,0.045454545454545456,COMM
1985-10,ZB,0.045454545454545456,COMM
1985-10,ZC,0.045454545454545456,COMM
1985-10,ZF,0.045454545454545456,COMM
1985-10,ZG,0.045454545454545456,COMM
1985-10,ZI,0.045454545454545456,COMM
1985-10,ZK,0.0,COMM
1985-10,ZL,0.045454545454545456,COMM
1985-10,ZM,0.045454545454545456,COMM
1985-10,ZN,0.0,COMM
1985-10,ZO,0.045454545454545456,COMM
1985-10,ZP,0.045454545454545456,COMM
1985-10,ZR,0.0,COMM
1985-10,ZS,0.045454545454545456,COMM
1985-10,ZT,0.045454545454545456,COMM
1985-10,ZU,0.045454545454545456,COMM
1985-10,ZW,0.045454545454545456,COMM
1985-10,ZZ,0.045454545454545456,COMM
1985-11,CC,0.045454545454545456,COMM
1985-11,CT,0.045454545454545456,COMM
1985-11,DA,0.0,COMM
1985-11,JO,0.045454545454545456,COMM
1985-11,KC,0.045454545454545456,COMM
1985-11,LB,0.045454545454545456,COMM
1985-11,MW,0.045454545454545456,COMM
1985-11,SB,0.045454545454545456,COMM
1985-11,ZA,0.045454545454545456,COMM
1985-11,ZB,0.045454545454545456,COMM
1985-11,ZC,0.045454545454545456,COMM
1985-11,ZF,0.045454545454545456,COMM
1985-11,ZG,0.045454545454545456,COMM
1985-11,ZI,0.045454545454545456,COMM
1985-11,ZK,0.0,COMM
1985-11,ZL,0.045454545454545456,COMM
1985-11,ZM,0.045454545454545456,COMM
1985-11,ZN,0.0,COMM
1985-11,ZO,0.045454545454545456,COMM
1985-11,ZP,0.045454545454545456,COMM
1985-11,ZR,0.0,COMM
1985-11,ZS,0.045454545454545456,COMM
1985-11,ZT,0.045454545454545456,COMM
1985-11,ZU,0.045454545454545456,COMM
1985-11,ZW,0.045454545454545456,COMM
1985-11,ZZ,0.045454545454545456,COMM
1985-12,CC,0.045454545454545456,COMM
1985-12,CT,0.045454545454545456,COMM
1985-12,DA,0.0,COMM
1985-12,JO,0.045454545454545456,COMM
1985-12,KC,0.045454545454545456,COMM
1985-12,LB,0.045454545454545456,COMM
1985-12,MW,0.045454545454545456,COMM
1985-12,SB,0.045454545454545456,COMM
1985-12,ZA,0.045454545454545456,COMM
1985-12,ZB,0.045454545454545456,COMM
1985-12,ZC,0.045454545454545456,COMM
1985-12,ZF,0.045454545454545456,COMM
1985-12,ZG,0.045454545454545456,COMM
1985-12,ZI,0.045454545454545456,COMM
1985-12,ZK,0.0,COMM
1985-12,ZL,0.045454545454545456,COMM
1985-12,ZM,0.045454545454545456,COMM
1985-12,ZN,0.0,COMM
1985-12,ZO,0.045454545454545456,COMM
1985-12,ZP,0.045454545454545456,COMM
1985-12,ZR,0.0,COMM
1985-12,ZS,0.045454545454545456,COMM
1985-12,ZT,0.045454545454545456,COMM
1985-12,ZU,0.045454545454545456,COMM
1985-12,ZW,0.045454545454545456,COMM
1985-12,ZZ,0.045454545454545456,COMM
1986-01,CC,0.045454545454545456,COMM
1986-01,CT,0.045454545454545456,COMM
1986-01,DA,0.0,COMM
1986-01,JO,0.045454545454545456,COMM
1986-01,KC,0.045454545454545456,COMM
1986-01,LB,0.045454545454545456,COMM
1986-01,MW,0.045454545454545456,COMM
1986-01,SB,0.045454545454545456,COMM
1986-01,ZA,0.045454545454545456,COMM
1986-01,ZB,0.045454545454545456,COMM
1986-01,ZC,0.045454545454545456,COMM
1986-01,ZF,0.045454545454545456,COMM
1986-01,ZG,0.045454545454545456,COMM
1986-01,ZI,0.045454545454545456,COMM
1986-01,ZK,0.0,COMM
1986-01,ZL,0.045454545454545456,COMM
1986-01,ZM,0.045454545454545456,COMM
1986-01,ZN,0.0,COMM
1986-01,ZO,0.045454545454545456,COMM
1986-01,ZP,0.045454545454545456,COMM
1986-01,ZR,0.0,COMM
1986-01,ZS,0.045454545454545456,COMM
1986-01,ZT,0.045454545454545456,COMM
1986-01,ZU,0.045454545454545456,COMM
1986-01,ZW,0.045454545454545456,COMM
1986-01,ZZ,0.045454545454545456,COMM
1986-02,CC,0.045454545454545456,COMM
1986-02,CT,0.045454545454545456,COMM
1986-02,DA,0.0,COMM
1986-02,JO,0.045454545454545456,COMM
1986-02,KC,0.045454545454545456,COMM
1986-02,LB,0.045454545454545456,COMM
1986-02,MW,0.045454545454545456,COMM
1986-02,SB,0.045454545454545456,COMM
1986-02,ZA,0.045454545454545456,COMM
1986-02,ZB,0.045454545454545456,COMM
1986-02,ZC,0.045454545454545456,COMM
1986-02,ZF,0.045454545454545456,COMM
1986-02,ZG,0.045454545454545456,COMM
1986-02,ZI,0.045454545454545456,COMM
1986-02,ZK,0.0,COMM
1986-02,ZL,0.045454545454545456,COMM
1986-02,ZM,0.045454545454545456,COMM
1986-02,ZN,0.0,COMM
1986-02,ZO,0.045454545454545456,COMM
1986-02,ZP,0.045454545454545456,COMM
1986-02,ZR,0.0,COMM
1986-02,ZS,0.045454545454545456,COMM
1986-02,ZT,0.045454545454545456,COMM
1986-02,ZU,0.045454545454545456,COMM
1986-02,ZW,0.045454545454545456,COMM
1986-02,ZZ,0.045454545454545456,COMM
1986-03,CC,0.045454545454545456,COMM
1986-03,CT,0.045454545454545456,COMM
1986-03,DA,0.0,COMM
1986-03,JO,0.045454545454545456,COMM
1986-03,KC,0.045454545454545456,COMM
1986-03,LB,0.045454545454545456,COMM
1986-03,MW,0.045454545454545456,COMM
1986-03,SB,0.045454545454545456,COMM
1986-03,ZA,0.045454545454545456,COMM
1986-03,ZB,0.045454545454545456,COMM
1986-03,ZC,0.045454545454545456,COMM
1986-03,ZF,0.045454545454545456,COMM
1986-03,ZG,0.045454545454545456,COMM
1986-03,ZI,0.045454545454545456,COMM
1986-03,ZK,0.0,COMM
1986-03,ZL,0.045454545454545456,COMM
1986-03,ZM,0.045454545454545456,COMM
1986-03,ZN,0.0,COMM
1986-03,ZO,0.045454545454545456,COMM
1986-03,ZP,0.045454545454545456,COMM
1986-03,ZR,0.0,COMM
1986-03,ZS,0.045454545454545456,COMM
1986-03,ZT,0.045454545454545456,COMM
1986-03,ZU,0.045454545454545456,COMM
1986-03,ZW,0.045454545454545456,COMM
1986-03,ZZ,0.045454545454545456,COMM
1986-04,CC,0.045454545454545456,COMM
1986-04,CT,0.045454545454545456,COMM
1986-04,DA,0.0,COMM
1986-04,JO,0.045454545454545456,COMM
1986-04,KC,0.045454545454545456,COMM
1986-04,LB,0.045454545454545456,COMM
1986-04,MW,0.045454545454545456,COMM
1986-04,SB,0.045454545454545456,COMM
1986-04,ZA,0.045454545454545456,COMM
1986-04,ZB,0.045454545454545456,COMM
1986-04,ZC,0.045454545454545456,COMM
1986-04,ZF,0.045454545454545456,COMM
1986-04,ZG,0.045454545454545456,COMM
1986-04,ZI,0.045454545454545456,COMM
1986-04,ZK,0.0,COMM
1986-04,ZL,0.045454545454545456,COMM
1986-04,ZM,0.045454545454545456,COMM
1986-04,ZN,0.0,COMM
1986-04,ZO,0.045454545454545456,COMM
1986-04,ZP,0.045454545454545456,COMM
1986-04,ZR,0.0,COMM
1986-04,ZS,0.045454545454545456,COMM
1986-04,ZT,0.045454545454545456,COMM
1986-04,ZU,0.045454545454545456,COMM
1986-04,ZW,0.045454545454545456,COMM
1986-04,ZZ,0.045454545454545456,COMM
1986-05,CC,0.045454545454545456,COMM
1986-05,CT,0.045454545454545456,COMM
1986-05,DA,0.0,COMM
1986-05,JO,0.045454545454545456,COMM
1986-05,KC,0.045454545454545456,COMM
1986-05,LB,0.045454545454545456,COMM
1986-05,MW,0.045454545454545456,COMM
1986-05,SB,0.045454545454545456,COMM
1986-05,ZA,0.045454545454545456,COMM
1986-05,ZB,0.045454545454545456,COMM
1986-05,ZC,0.045454545454545456,COMM
1986-05,ZF,0.045454545454545456,COMM
1986-05,ZG,0.045454545454545456,COMM
1986-05,ZI,0.045454545454545456,COMM
1986-05,ZK,0.0,COMM
1986-05,ZL,0.045454545454545456,COMM
1986-05,ZM,0.045454545454545456,COMM
1986-05,ZN,0.0,COMM
1986-05,ZO,0.045454545454545456,COMM
1986-05,ZP,0.045454545454545456,COMM
1986-05,ZR,0.0,COMM
1986-05,ZS,0.045454545454545456,COMM
1986-05,ZT,0.045454545454545456,COMM
1986-05,ZU,0.045454545454545456,COMM
1986-05,ZW,0.045454545454545456,COMM
1986-05,ZZ,0.045454545454545456,COMM
1986-06,CC,0.045454545454545456,COMM
1986-06,CT,0.045454545454545456,COMM
1986-06,DA,0.0,COMM
1986-06,JO,0.045454545454545456,COMM
1986-06,KC,0.045454545454545456,COMM
1986-06,LB,0.045454545454545456,COMM
1986-06,MW,0.045454545454545456,COMM
1986-06,SB,0.045454545454545456,COMM
1986-06,ZA,0.045454545454545456,COMM
1986-06,ZB,0.045454545454545456,COMM
1986-06,ZC,0.045454545454545456,COMM
1986-06,ZF,0.045454545454545456,COMM
1986-06,ZG,0.045454545454545456,COMM
1986-06,ZI,0.045454545454545456,COMM
1986-06,ZK,0.0,COMM
1986-06,ZL,0.045454545454545456,COMM
1986-06,ZM,0.045454545454545456,COMM
1986-06,ZN,0.0,COMM
1986-06,ZO,0.045454545454545456,COMM
1986-06,ZP,0.045454545454545456,COMM
1986-06,ZR,0.0,COMM
1986-06,ZS,0.045454545454545456,COMM
1986-06,ZT,0.045454545454545456,COMM
1986-06,ZU,0.045454545454545456,COMM
1986-06,ZW,0.045454545454545456,COMM
1986-06,ZZ,0.045454545454545456,COMM
1986-07,CC,0.045454545454545456,COMM
1986-07,CT,0.045454545454545456,COMM
1986-07,DA,0.0,COMM
1986-07,JO,0.045454545454545456,COMM
1986-07,KC,0.045454545454545456,COMM
1986-07,LB,0.045454545454545456,COMM
1986-07,MW,0.045454545454545456,COMM
1986-07,SB,0.045454545454545456,COMM
1986-07,ZA,0.045454545454545456,COMM
1986-07,ZB,0.045454545454545456,COMM
1986-07,ZC,0.045454545454545456,COMM
1986-07,ZF,0.045454545454545456,COMM
1986-07,ZG,0.045454545454545456,COMM
1986-07,ZI,0.045454545454545456,COMM
1986-07,ZK,0.0,COMM
1986-07,ZL,0.045454545454545456,COMM
1986-07,ZM,0.045454545454545456,COMM
1986-07,ZN,0.0,COMM
1986-07,ZO,0.045454545454545456,COMM
1986-07,ZP,0.045454545454545456,COMM
1986-07,ZR,0.0,COMM
1986-07,ZS,0.045454545454545456,COMM
1986-07,ZT,0.045454545454545456,COMM
1986-07,ZU,0.045454545454545456,COMM
1986-07,ZW,0.045454545454545456,COMM
1986-07,ZZ,0.045454545454545456,COMM
1986-08,CC,0.045454545454545456,COMM
1986-08,CT,0.045454545454545456,COMM
1986-08,DA,0.0,COMM
1986-08,JO,0.045454545454545456,COMM
1986-08,KC,0.045454545454545456,COMM
1986-08,LB,0.045454545454545456,COMM
1986-08,MW,0.045454545454545456,COMM
1986-08,SB,0.045454545454545456,COMM
1986-08,ZA,0.045454545454545456,COMM
1986-08,ZB,0.045454545454545456,COMM
1986-08,ZC,0.045454545454545456,COMM
1986-08,ZF,0.045454545454545456,COMM
1986-08,ZG,0.045454545454545456,COMM
1986-08,ZI,0.045454545454545456,COMM
1986-08,ZK,0.0,COMM
1986-08,ZL,0.045454545454545456,COMM
1986-08,ZM,0.045454545454545456,COMM
1986-08,ZN,0.0,COMM
1986-08,ZO,0.045454545454545456,COMM
1986-08,ZP,0.045454545454545456,COMM
1986-08,ZR,0.0,COMM
1986-08,ZS,0.045454545454545456,COMM
1986-08,ZT,0.045454545454545456,COMM
1986-08,ZU,0.045454545454545456,COMM
1986-08,ZW,0.045454545454545456,COMM
1986-08,ZZ,0.045454545454545456,COMM
1986-09,CC,0.045454545454545456,COMM
1986-09,CT,0.045454545454545456,COMM
1986-09,DA,0.0,COMM
1986-09,JO,0.045454545454545456,COMM
1986-09,KC,0.045454545454545456,COMM
1986-09,LB,0.045454545454545456,COMM
1986-09,MW,0.045454545454545456,COMM
1986-09,SB,0.045454545454545456,COMM
1986-09,ZA,0.045454545454545456,COMM
1986-09,ZB,0.045454545454545456,COMM
1986-09,ZC,0.045454545454545456,COMM
1986-09,ZF,0.045454545454545456,COMM
1986-09,ZG,0.045454545454545456,COMM
1986-09,ZI,0.045454545454545456,COMM
1986-09,ZK,0.0,COMM
1986-09,ZL,0.045454545454545456,COMM
1986-09,ZM,0.045454545454545456,COMM
1986-09,ZN,0.0,COMM
1986-09,ZO,0.045454545454545456,COMM
1986-09,ZP,0.045454545454545456,COMM
1986-09,ZR,0.0,COMM
1986-09,ZS,0.045454545454545456,COMM
1986-09,ZT,0.045454545454545456,COMM
1986-09,ZU,0.045454545454545456,COMM
1986-09,ZW,0.045454545454545456,COMM
1986-09,ZZ,0.045454545454545456,COMM
1986-10,CC,0.045454545454545456,COMM
1986-10,CT,0.045454545454545456,COMM
1986-10,DA,0.0,COMM
1986-10,JO,0.045454545454545456,COMM
1986-10,KC,0.045454545454545456,COMM
1986-10,LB,0.045454545454545456,COMM
1986-10,MW,0.045454545454545456,COMM
1986-10,SB,0.045454545454545456,COMM
1986-10,ZA,0.045454545454545456,COMM
1986-10,ZB,0.045454545454545456,COMM
1986-10,ZC,0.045454545454545456,COMM
1986-10,ZF,0.045454545454545456,COMM
1986-10,ZG,0.045454545454545456,COMM
1986-10,ZI,0.045454545454545456,COMM
1986-10,ZK,0.0,COMM
1986-10,ZL,0.045454545454545456,COMM
1986-10,ZM,0.045454545454545456,COMM
1986-10,ZN,0.0,COMM
1986-10,ZO,0.045454545454545456,COMM
1986-10,ZP,0.045454545454545456,COMM
1986-10,ZR,0.0,COMM
1986-10,ZS,0.045454545454545456,COMM
1986-10,ZT,0.045454545454545456,COMM
1986-10,ZU,0.045454545454545456,COMM
1986-10,ZW,0.045454545454545456,COMM
1986-10,ZZ,0.045454545454545456,COMM
1986-11,CC,0.045454545454545456,COMM
1986-11,CT,0.045454545454545456,COMM
1986-11,DA,0.0,COMM
1986-11,JO,0.045454545454545456,COMM
1986-11,KC,0.045454545454545456,COMM
1986-11,LB,0.045454545454545456,COMM
1986-11,MW,0.045454545454545456,COMM
1986-11,SB,0.045454545454545456,COMM
1986-11,ZA,0.045454545454545456,COMM
1986-11,ZB,0.045454545454545456,COMM
1986-11,ZC,0.045454545454545456,COMM
1986-11,ZF,0.045454545454545456,COMM
1986-11,ZG,0.045454545454545456,COMM
1986-11,ZI,0.045454545454545456,COMM
1986-11,ZK,0.0,COMM
1986-11,ZL,0.045454545454545456,COMM
1986-11,ZM,0.045454545454545456,COMM
1986-11,ZN,0.0,COMM
1986-11,ZO,0.045454545454545456,COMM
1986-11,ZP,0.045454545454545456,COMM
1986-11,ZR,0.0,COMM
1986-11,ZS,0.045454545454545456,COMM
1986-11,ZT,0.045454545454545456,COMM
1986-11,ZU,0.045454545454545456,COMM
1986-11,ZW,0.045454545454545456,COMM
1986-11,ZZ,0.045454545454545456,COMM
1986-12,CC,0.045454545454545456,COMM
1986-12,CT,0.045454545454545456,COMM
1986-12,DA,0.0,COMM
1986-12,JO,0.045454545454545456,COMM
1986-12,KC,0.045454545454545456,COMM
1986-12,LB,0.045454545454545456,COMM
1986-12,MW,0.045454545454545456,COMM
1986-12,SB,0.045454545454545456,COMM
1986-12,ZA,0.045454545454545456,COMM
1986-12,ZB,0.045454545454545456,COMM
1986-12,ZC,0.045454545454545456,COMM
1986-12,ZF,0.045454545454545456,COMM
1986-12,ZG,0.045454545454545456,COMM
1986-12,ZI,0.045454545454545456,COMM
1986-12,ZK,0.0,COMM
1986-12,ZL,0.045454545454545456,COMM
1986-12,ZM,0.045454545454545456,COMM
1986-12,ZN,0.0,COMM
1986-12,ZO,0.045454545454545456,COMM
1986-12,ZP,0.045454545454545456,COMM
1986-12,ZR,0.0,COMM
1986-12,ZS,0.045454545454545456,COMM
1986-12,ZT,0.045454545454545456,COMM
1986-12,ZU,0.045454545454545456,COMM
1986-12,ZW,0.045454545454545456,COMM
1986-12,ZZ,0.045454545454545456,COMM
1987-01,CC,0.045454545454545456,COMM
1987-01,CT,0.045454545454545456,COMM
1987-01,DA,0.0,COMM
1987-01,JO,0.045454545454545456,COMM
1987-01,KC,0.045454545454545456,COMM
1987-01,LB,0.045454545454545456,COMM
1987-01,MW,0.045454545454545456,COMM
1987-01,SB,0.045454545454545456,COMM
1987-01,ZA,0.045454545454545456,COMM
1987-01,ZB,0.045454545454545456,COMM
1987-01,ZC,0.045454545454545456,COMM
1987-01,ZF,0.045454545454545456,COMM
1987-01,ZG,0.045454545454545456,COMM
1987-01,ZI,0.045454545454545456,COMM
1987-01,ZK,0.0,COMM
1987-01,ZL,0.045454545454545456,COMM
1987-01,ZM,0.045454545454545456,COMM
1987-01,ZN,0.0,COMM
1987-01,ZO,0.045454545454545456,COMM
1987-01,ZP,0.045454545454545456,COMM
1987-01,ZR,0.0,COMM
1987-01,ZS,0.045454545454545456,COMM
1987-01,ZT,0.045454545454545456,COMM
1987-01,ZU,0.045454545454545456,COMM
1987-01,ZW,0.045454545454545456,COMM
1987-01,ZZ,0.045454545454545456,COMM
1987-02,CC,0.043478260869565216,COMM
1987-02,CT,0.043478260869565216,COMM
1987-02,DA,0.0,COMM
1987-02,JO,0.043478260869565216,COMM
1987-02,KC,0.043478260869565216,COMM
1987-02,LB,0.043478260869565216,COMM
1987-02,MW,0.043478260869565216,COMM
1987-02,SB,0.043478260869565216,COMM
1987-02,ZA,0.043478260869565216,COMM
1987-02,ZB,0.043478260869565216,COMM
1987-02,ZC,0.043478260869565216,COMM
1987-02,ZF,0.043478260869565216,COMM
1987-02,ZG,0.043478260869565216,COMM
1987-02,ZI,0.043478260869565216,COMM
1987-02,ZK,0.0,COMM
1987-02,ZL,0.043478260869565216,COMM
1987-02,ZM,0.043478260869565216,COMM
1987-02,ZN,0.0,COMM
1987-02,ZO,0.043478260869565216,COMM
1987-02,ZP,0.043478260869565216,COMM
1987-02,ZR,0.043478260869565216,COMM
1987-02,ZS,0.043478260869565216,COMM
1987-02,ZT,0.043478260869565216,COMM
1987-02,ZU,0.043478260869565216,COMM
1987-02,ZW,0.043478260869565216,COMM
1987-02,ZZ,0.043478260869565216,COMM
1987-03,CC,0.043478260869565216,COMM
1987-03,CT,0.043478260869565216,COMM
1987-03,DA,0.0,COMM
1987-03,JO,0.043478260869565216,COMM
1987-03,KC,0.043478260869565216,COMM
1987-03,LB,0.043478260869565216,COMM
1987-03,MW,0.043478260869565216,COMM
1987-03,SB,0.043478260869565216,COMM
1987-03,ZA,0.043478260869565216,COMM
1987-03,ZB,0.043478260869565216,COMM
1987-03,ZC,0.043478260869565216,COMM
1987-03,ZF,0.043478260869565216,COMM
1987-03,ZG,0.043478260869565216,COMM
1987-03,ZI,0.043478260869565216,COMM
1987-03,ZK,0.0,COMM
1987-03,ZL,0.043478260869565216,COMM
1987-03,ZM,0.043478260869565216,COMM
1987-03,ZN,0.0,COMM
1987-03,ZO,0.043478260869565216,COMM
1987-03,ZP,0.043478260869565216,COMM
1987-03,ZR,0.043478260869565216,COMM
1987-03,ZS,0.043478260869565216,COMM
1987-03,ZT,0.043478260869565216,COMM
1987-03,ZU,0.043478260869565216,COMM
1987-03,ZW,0.043478260869565216,COMM
1987-03,ZZ,0.043478260869565216,COMM
1987-04,CC,0.043478260869565216,COMM
1987-04,CT,0.043478260869565216,COMM
1987-04,DA,0.0,COMM
1987-04,JO,0.043478260869565216,COMM
1987-04,KC,0.043478260869565216,COMM
1987-04,LB,0.043478260869565216,COMM
1987-04,MW,0.043478260869565216,COMM
1987-04,SB,0.043478260869565216,COMM
1987-04,ZA,0.043478260869565216,COMM
1987-04,ZB,0.043478260869565216,COMM
1987-04,ZC,0.043478260869565216,COMM
1987-04,ZF,0.043478260869565216,COMM
1987-04,ZG,0.043478260869565216,COMM
1987-04,ZI,0.043478260869565216,COMM
1987-04,ZK,0.0,COMM
1987-04,ZL,0.043478260869565216,COMM
1987-04,ZM,0.043478260869565216,COMM
1987-04,ZN,0.0,COMM
1987-04,ZO,0.043478260869565216,COMM
1987-04,ZP,0.043478260869565216,COMM
1987-04,ZR,0.043478260869565216,COMM
1987-04,ZS,0.043478260869565216,COMM
1987-04,ZT,0.043478260869565216,COMM
1987-04,ZU,0.043478260869565216,COMM
1987-04,ZW,0.043478260869565216,COMM
1987-04,ZZ,0.043478260869565216,COMM
1987-05,CC,0.043478260869565216,COMM
1987-05,CT,0.043478260869565216,COMM
1987-05,DA,0.0,COMM
1987-05,JO,0.043478260869565216,COMM
1987-05,KC,0.043478260869565216,COMM
1987-05,LB,0.043478260869565216,COMM
1987-05,MW,0.043478260869565216,COMM
1987-05,SB,0.043478260869565216,COMM
1987-05,ZA,0.043478260869565216,COMM
1987-05,ZB,0.043478260869565216,COMM
1987-05,ZC,0.043478260869565216,COMM
1987-05,ZF,0.043478260869565216,COMM
1987-05,ZG,0.043478260869565216,COMM
1987-05,ZI,0.043478260869565216,COMM
1987-05,ZK,0.0,COMM
1987-05,ZL,0.043478260869565216,COMM
1987-05,ZM,0.043478260869565216,COMM
1987-05,ZN,0.0,COMM
1987-05,ZO,0.043478260869565216,COMM
1987-05,ZP,0.043478260869565216,COMM
1987-05,ZR,0.043478260869565216,COMM
1987-05,ZS,0.043478260869565216,COMM
1987-05,ZT,0.043478260869565216,COMM
1987-05,ZU,0.043478260869565216,COMM
1987-05,ZW,0.043478260869565216,COMM
1987-05,ZZ,0.043478260869565216,COMM
1987-06,CC,0.043478260869565216,COMM
1987-06,CT,0.043478260869565216,COMM
1987-06,DA,0.0,COMM
1987-06,JO,0.043478260869565216,COMM
1987-06,KC,0.043478260869565216,COMM
1987-06,LB,0.043478260869565216,COMM
1987-06,MW,0.043478260869565216,COMM
1987-06,SB,0.043478260869565216,COMM
1987-06,ZA,0.043478260869565216,COMM
1987-06,ZB,0.043478260869565216,COMM
1987-06,ZC,0.043478260869565216,COMM
1987-06,ZF,0.043478260869565216,COMM
1987-06,ZG,0.043478260869565216,COMM
1987-06,ZI,0.043478260869565216,COMM
1987-06,ZK,0.0,COMM
1987-06,ZL,0.043478260869565216,COMM
1987-06,ZM,0.043478260869565216,COMM
1987-06,ZN,0.0,COMM
1987-06,ZO,0.043478260869565216,COMM
1987-06,ZP,0.043478260869565216,COMM
1987-06,ZR,0.043478260869565216,COMM
1987-06,ZS,0.043478260869565216,COMM
1987-06,ZT,0.043478260869565216,COMM
1987-06,ZU,0.043478260869565216,COMM
1987-06,ZW,0.043478260869565216,COMM
1987-06,ZZ,0.043478260869565216,COMM
1987-07,CC,0.043478260869565216,COMM
1987-07,CT,0.043478260869565216,COMM
1987-07,DA,0.0,COMM
1987-07,JO,0.043478260869565216,COMM
1987-07,KC,0.043478260869565216,COMM
1987-07,LB,0.043478260869565216,COMM
1987-07,MW,0.043478260869565216,COMM
1987-07,SB,0.043478260869565216,COMM
1987-07,ZA,0.043478260869565216,COMM
1987-07,ZB,0.043478260869565216,COMM
1987-07,ZC,0.043478260869565216,COMM
1987-07,ZF,0.043478260869565216,COMM
1987-07,ZG,0.043478260869565216,COMM
1987-07,ZI,0.043478260869565216,COMM
1987-07,ZK,0.0,COMM
1987-07,ZL,0.043478260869565216,COMM
1987-07,ZM,0.043478260869565216,COMM
1987-07,ZN,0.0,COMM
1987-07,ZO,0.043478260869565216,COMM
1987-07,ZP,0.043478260869565216,COMM
1987-07,ZR,0.043478260869565216,COMM
1987-07,ZS,0.043478260869565216,COMM
1987-07,ZT,0.043478260869565216,COMM
1987-07,ZU,0.043478260869565216,COMM
1987-07,ZW,0.043478260869565216,COMM
1987-07,ZZ,0.043478260869565216,COMM
1987-08,CC,0.043478260869565216,COMM
1987-08,CT,0.043478260869565216,COMM
1987-08,DA,0.0,COMM
1987-08,JO,0.043478260869565216,COMM
1987-08,KC,0.043478260869565216,COMM
1987-08,LB,0.043478260869565216,COMM
1987-08,MW,0.043478260869565216,COMM
1987-08,SB,0.043478260869565216,COMM
1987-08,ZA,0.043478260869565216,COMM
1987-08,ZB,0.043478260869565216,COMM
1987-08,ZC,0.043478260869565216,COMM
1987-08,ZF,0.043478260869565216,COMM
1987-08,ZG,0.043478260869565216,COMM
1987-08,ZI,0.043478260869565216,COMM
1987-08,ZK,0.0,COMM
1987-08,ZL,0.043478260869565216,COMM
1987-08,ZM,0.043478260869565216,COMM
1987-08,ZN,0.0,COMM
1987-08,ZO,0.043478260869565216,COMM
1987-08,ZP,0.043478260869565216,COMM
1987-08,ZR,0.043478260869565216,COMM
1987-08,ZS,0.043478260869565216,COMM
1987-08,ZT,0.043478260869565216,COMM
1987-08,ZU,0.043478260869565216,COMM
1987-08,ZW,0.043478260869565216,COMM
1987-08,ZZ,0.043478260869565216,COMM
1987-09,CC,0.043478260869565216,COMM
1987-09,CT,0.043478260869565216,COMM
1987-09,DA,0.0,COMM
1987-09,JO,0.043478260869565216,COMM
1987-09,KC,0.043478260869565216,COMM
1987-09,LB,0.043478260869565216,COMM
1987-09,MW,0.043478260869565216,COMM
1987-09,SB,0.043478260869565216,COMM
1987-09,ZA,0.043478260869565216,COMM
1987-09,ZB,0.043478260869565216,COMM
1987-09,ZC,0.043478260869565216,COMM
1987-09,ZF,0.043478260869565216,COMM
1987-09,ZG,0.043478260869565216,COMM
1987-09,ZI,0.043478260869565216,COMM
1987-09,ZK,0.0,COMM
1987-09,ZL,0.043478260869565216,COMM
1987-09,ZM,0.043478260869565216,COMM
1987-09,ZN,0.0,COMM
1987-09,ZO,0.043478260869565216,COMM
1987-09,ZP,0.043478260869565216,COMM
1987-09,ZR,0.043478260869565216,COMM
1987-09,ZS,0.043478260869565216,COMM
1987-09,ZT,0.043478260869565216,COMM
1987-09,ZU,0.043478260869565216,COMM
1987-09,ZW,0.043478260869565216,COMM
1987-09,ZZ,0.043478260869565216,COMM
1987-10,CC,0.043478260869565216,COMM
1987-10,CT,0.043478260869565216,COMM
1987-10,DA,0.0,COMM
1987-10,JO,0.043478260869565216,COMM
1987-10,KC,0.043478260869565216,COMM
1987-10,LB,0.043478260869565216,COMM
1987-10,MW,0.043478260869565216,COMM
1987-10,SB,0.043478260869565216,COMM
1987-10,ZA,0.043478260869565216,COMM
1987-10,ZB,0.043478260869565216,COMM
1987-10,ZC,0.043478260869565216,COMM
1987-10,ZF,0.043478260869565216,COMM
1987-10,ZG,0.043478260869565216,COMM
1987-10,ZI,0.043478260869565216,COMM
1987-10,ZK,0.0,COMM
1987-10,ZL,0.043478260869565216,COMM
1987-10,ZM,0.043478260869565216,COMM
1987-10,ZN,0.0,COMM
1987-10,ZO,0.043478260869565216,COMM
1987-10,ZP,0.043478260869565216,COMM
1987-10,ZR,0.043478260869565216,COMM
1987-10,ZS,0.043478260869565216,COMM
1987-10,ZT,0.043478260869565216,COMM
1987-10,ZU,0.043478260869565216,COMM
1987-10,ZW,0.043478260869565216,COMM
1987-10,ZZ,0.043478260869565216,COMM
1987-11,CC,0.043478260869565216,COMM
1987-11,CT,0.043478260869565216,COMM
1987-11,DA,0.0,COMM
1987-11,JO,0.043478260869565216,COMM
1987-11,KC,0.043478260869565216,COMM
1987-11,LB,0.043478260869565216,COMM
1987-11,MW,0.043478260869565216,COMM
1987-11,SB,0.043478260869565216,COMM
1987-11,ZA,0.043478260869565216,COMM
1987-11,ZB,0.043478260869565216,COMM
1987-11,ZC,0.043478260869565216,COMM
1987-11,ZF,0.043478260869565216,COMM
1987-11,ZG,0.043478260869565216,COMM
1987-11,ZI,0.043478260869565216,COMM
1987-11,ZK,0.0,COMM
1987-11,ZL,0.043478260869565216,COMM
1987-11,ZM,0.043478260869565216,COMM
1987-11,ZN,0.0,COMM
1987-11,ZO,0.043478260869565216,COMM
1987-11,ZP,0.043478260869565216,COMM
1987-11,ZR,0.043478260869565216,COMM
1987-11,ZS,0.043478260869565216,COMM
1987-11,ZT,0.043478260869565216,COMM
1987-11,ZU,0.043478260869565216,COMM
1987-11,ZW,0.043478260869565216,COMM
1987-11,ZZ,0.043478260869565216,COMM
1987-12,CC,0.043478260869565216,COMM
1987-12,CT,0.043478260869565216,COMM
1987-12,DA,0.0,COMM
1987-12,JO,0.043478260869565216,COMM
1987-12,KC,0.043478260869565216,COMM
1987-12,LB,0.043478260869565216,COMM
1987-12,MW,0.043478260869565216,COMM
1987-12,SB,0.043478260869565216,COMM
1987-12,ZA,0.043478260869565216,COMM
1987-12,ZB,0.043478260869565216,COMM
1987-12,ZC,0.043478260869565216,COMM
1987-12,ZF,0.043478260869565216,COMM
1987-12,ZG,0.043478260869565216,COMM
1987-12,ZI,0.043478260869565216,COMM
1987-12,ZK,0.0,COMM
1987-12,ZL,0.043478260869565216,COMM
1987-12,ZM,0.043478260869565216,COMM
1987-12,ZN,0.0,COMM
1987-12,ZO,0.043478260869565216,COMM
1987-12,ZP,0.043478260869565216,COMM
1987-12,ZR,0.043478260869565216,COMM
1987-12,ZS,0.043478260869565216,COMM
1987-12,ZT,0.043478260869565216,COMM
1987-12,ZU,0.043478260869565216,COMM
1987-12,ZW,0.043478260869565216,COMM
1987-12,ZZ,0.043478260869565216,COMM
1988-01,CC,0.043478260869565216,COMM
1988-01,CT,0.043478260869565216,COMM
1988-01,DA,0.0,COMM
1988-01,JO,0.043478260869565216,COMM
1988-01,KC,0.043478260869565216,COMM
1988-01,LB,0.043478260869565216,COMM
1988-01,MW,0.043478260869565216,COMM
1988-01,SB,0.043478260869565216,COMM
1988-01,ZA,0.043478260869565216,COMM
1988-01,ZB,0.043478260869565216,COMM
1988-01,ZC,0.043478260869565216,COMM
1988-01,ZF,0.043478260869565216,COMM
1988-01,ZG,0.043478260869565216,COMM
1988-01,ZI,0.043478260869565216,COMM
1988-01,ZK,0.0,COMM
1988-01,ZL,0.043478260869565216,COMM
1988-01,ZM,0.043478260869565216,COMM
1988-01,ZN,0.0,COMM
1988-01,ZO,0.043478260869565216,COMM
1988-01,ZP,0.043478260869565216,COMM
1988-01,ZR,0.043478260869565216,COMM
1988-01,ZS,0.043478260869565216,COMM
1988-01,ZT,0.043478260869565216,COMM
1988-01,ZU,0.043478260869565216,COMM
1988-01,ZW,0.043478260869565216,COMM
1988-01,ZZ,0.043478260869565216,COMM
1988-02,CC,0.043478260869565216,COMM
1988-02,CT,0.043478260869565216,COMM
1988-02,DA,0.0,COMM
1988-02,JO,0.043478260869565216,COMM
1988-02,KC,0.043478260869565216,COMM
1988-02,LB,0.043478260869565216,COMM
1988-02,MW,0.043478260869565216,COMM
1988-02,SB,0.043478260869565216,COMM
1988-02,ZA,0.043478260869565216,COMM
1988-02,ZB,0.043478260869565216,COMM
1988-02,ZC,0.043478260869565216,COMM
1988-02,ZF,0.043478260869565216,COMM
1988-02,ZG,0.043478260869565216,COMM
1988-02,ZI,0.043478260869565216,COMM
1988-02,ZK,0.0,COMM
1988-02,ZL,0.043478260869565216,COMM
1988-02,ZM,0.043478260869565216,COMM
1988-02,ZN,0.0,COMM
1988-02,ZO,0.043478260869565216,COMM
1988-02,ZP,0.043478260869565216,COMM
1988-02,ZR,0.043478260869565216,COMM
1988-02,ZS,0.043478260869565216,COMM
1988-02,ZT,0.043478260869565216,COMM
1988-02,ZU,0.043478260869565216,COMM
1988-02,ZW,0.043478260869565216,COMM
1988-02,ZZ,0.043478260869565216,COMM
1988-03,CC,0.043478260869565216,COMM
1988-03,CT,0.043478260869565216,COMM
1988-03,DA,0.0,COMM
1988-03,JO,0.043478260869565216,COMM
1988-03,KC,0.043478260869565216,COMM
1988-03,LB,0.043478260869565216,COMM
1988-03,MW,0.043478260869565216,COMM
1988-03,SB,0.043478260869565216,COMM
1988-03,ZA,0.043478260869565216,COMM
1988-03,ZB,0.043478260869565216,COMM
1988-03,ZC,0.043478260869565216,COMM
1988-03,ZF,0.043478260869565216,COMM
1988-03,ZG,0.043478260869565216,COMM
1988-03,ZI,0.043478260869565216,COMM
1988-03,ZK,0.0,COMM
1988-03,ZL,0.043478260869565216,COMM
1988-03,ZM,0.043478260869565216,COMM
1988-03,ZN,0.0,COMM
1988-03,ZO,0.043478260869565216,COMM
1988-03,ZP,0.043478260869565216,COMM
1988-03,ZR,0.043478260869565216,COMM
1988-03,ZS,0.043478260869565216,COMM
1988-03,ZT,0.043478260869565216,COMM
1988-03,ZU,0.043478260869565216,COMM
1988-03,ZW,0.043478260869565216,COMM
1988-03,ZZ,0.043478260869565216,COMM
1988-04,CC,0.043478260869565216,COMM
1988-04,CT,0.043478260869565216,COMM
1988-04,DA,0.0,COMM
1988-04,JO,0.043478260869565216,COMM
1988-04,KC,0.043478260869565216,COMM
1988-04,LB,0.043478260869565216,COMM
1988-04,MW,0.043478260869565216,COMM
1988-04,SB,0.043478260869565216,COMM
1988-04,ZA,0.043478260869565216,COMM
1988-04,ZB,0.043478260869565216,COMM
1988-04,ZC,0.043478260869565216,COMM
1988-04,ZF,0.043478260869565216,COMM
1988-04,ZG,0.043478260869565216,COMM
1988-04,ZI,0.043478260869565216,COMM
1988-04,ZK,0.0,COMM
1988-04,ZL,0.043478260869565216,COMM
1988-04,ZM,0.043478260869565216,COMM
1988-04,ZN,0.0,COMM
1988-04,ZO,0.043478260869565216,COMM
1988-04,ZP,0.043478260869565216,COMM
1988-04,ZR,0.043478260869565216,COMM
1988-04,ZS,0.043478260869565216,COMM
1988-04,ZT,0.043478260869565216,COMM
1988-04,ZU,0.043478260869565216,COMM
1988-04,ZW,0.043478260869565216,COMM
1988-04,ZZ,0.043478260869565216,COMM
1988-05,CC,0.043478260869565216,COMM
1988-05,CT,0.043478260869565216,COMM
1988-05,DA,0.0,COMM
1988-05,JO,0.043478260869565216,COMM
1988-05,KC,0.043478260869565216,COMM
1988-05,LB,0.043478260869565216,COMM
1988-05,MW,0.043478260869565216,COMM
1988-05,SB,0.043478260869565216,COMM
1988-05,ZA,0.043478260869565216,COMM
1988-05,ZB,0.043478260869565216,COMM
1988-05,ZC,0.043478260869565216,COMM
1988-05,ZF,0.043478260869565216,COMM
1988-05,ZG,0.043478260869565216,COMM
1988-05,ZI,0.043478260869565216,COMM
1988-05,ZK,0.0,COMM
1988-05,ZL,0.043478260869565216,COMM
1988-05,ZM,0.043478260869565216,COMM
1988-05,ZN,0.0,COMM
1988-05,ZO,0.043478260869565216,COMM
1988-05,ZP,0.043478260869565216,COMM
1988-05,ZR,0.043478260869565216,COMM
1988-05,ZS,0.043478260869565216,COMM
1988-05,ZT,0.043478260869565216,COMM
1988-05,ZU,0.043478260869565216,COMM
1988-05,ZW,0.043478260869565216,COMM
1988-05,ZZ,0.043478260869565216,COMM
1988-06,CC,0.043478260869565216,COMM
1988-06,CT,0.043478260869565216,COMM
1988-06,DA,0.0,COMM
1988-06,JO,0.043478260869565216,COMM
1988-06,KC,0.043478260869565216,COMM
1988-06,LB,0.043478260869565216,COMM
1988-06,MW,0.043478260869565216,COMM
1988-06,SB,0.043478260869565216,COMM
1988-06,ZA,0.043478260869565216,COMM
1988-06,ZB,0.043478260869565216,COMM
1988-06,ZC,0.043478260869565216,COMM
1988-06,ZF,0.043478260869565216,COMM
1988-06,ZG,0.043478260869565216,COMM
1988-06,ZI,0.043478260869565216,COMM
1988-06,ZK,0.0,COMM
1988-06,ZL,0.043478260869565216,COMM
1988-06,ZM,0.043478260869565216,COMM
1988-06,ZN,0.0,COMM
1988-06,ZO,0.043478260869565216,COMM
1988-06,ZP,0.043478260869565216,COMM
1988-06,ZR,0.043478260869565216,COMM
1988-06,ZS,0.043478260869565216,COMM
1988-06,ZT,0.043478260869565216,COMM
1988-06,ZU,0.043478260869565216,COMM
1988-06,ZW,0.043478260869565216,COMM
1988-06,ZZ,0.043478260869565216,COMM
1988-07,CC,0.043478260869565216,COMM
1988-07,CT,0.043478260869565216,COMM
1988-07,DA,0.0,COMM
1988-07,JO,0.043478260869565216,COMM
1988-07,KC,0.043478260869565216,COMM
1988-07,LB,0.043478260869565216,COMM
1988-07,MW,0.043478260869565216,COMM
1988-07,SB,0.043478260869565216,COMM
1988-07,ZA,0.043478260869565216,COMM
1988-07,ZB,0.043478260869565216,COMM
1988-07,ZC,0.043478260869565216,COMM
1988-07,ZF,0.043478260869565216,COMM
1988-07,ZG,0.043478260869565216,COMM
1988-07,ZI,0.043478260869565216,COMM
1988-07,ZK,0.0,COMM
1988-07,ZL,0.043478260869565216,COMM
1988-07,ZM,0.043478260869565216,COMM
1988-07,ZN,0.0,COMM
1988-07,ZO,0.043478260869565216,COMM
1988-07,ZP,0.043478260869565216,COMM
1988-07,ZR,0.043478260869565216,COMM
1988-07,ZS,0.043478260869565216,COMM
1988-07,ZT,0.043478260869565216,COMM
1988-07,ZU,0.043478260869565216,COMM
1988-07,ZW,0.043478260869565216,COMM
1988-07,ZZ,0.043478260869565216,COMM
1988-08,CC,0.043478260869565216,COMM
1988-08,CT,0.043478260869565216,COMM
1988-08,DA,0.0,COMM
1988-08,JO,0.043478260869565216,COMM
1988-08,KC,0.043478260869565216,COMM
1988-08,LB,0.043478260869565216,COMM
1988-08,MW,0.043478260869565216,COMM
1988-08,SB,0.043478260869565216,COMM
1988-08,ZA,0.043478260869565216,COMM
1988-08,ZB,0.043478260869565216,COMM
1988-08,ZC,0.043478260869565216,COMM
1988-08,ZF,0.043478260869565216,COMM
1988-08,ZG,0.043478260869565216,COMM
1988-08,ZI,0.043478260869565216,COMM
1988-08,ZK,0.0,COMM
1988-08,ZL,0.043478260869565216,COMM
1988-08,ZM,0.043478260869565216,COMM
1988-08,ZN,0.0,COMM
1988-08,ZO,0.043478260869565216,COMM
1988-08,ZP,0.043478260869565216,COMM
1988-08,ZR,0.043478260869565216,COMM
1988-08,ZS,0.043478260869565216,COMM
1988-08,ZT,0.043478260869565216,COMM
1988-08,ZU,0.043478260869565216,COMM
1988-08,ZW,0.043478260869565216,COMM
1988-08,ZZ,0.043478260869565216,COMM
1988-09,CC,0.043478260869565216,COMM
1988-09,CT,0.043478260869565216,COMM
1988-09,DA,0.0,COMM
1988-09,JO,0.043478260869565216,COMM
1988-09,KC,0.043478260869565216,COMM
1988-09,LB,0.043478260869565216,COMM
1988-09,MW,0.043478260869565216,COMM
1988-09,SB,0.043478260869565216,COMM
1988-09,ZA,0.043478260869565216,COMM
1988-09,ZB,0.043478260869565216,COMM
1988-09,ZC,0.043478260869565216,COMM
1988-09,ZF,0.043478260869565216,COMM
1988-09,ZG,0.043478260869565216,COMM
1988-09,ZI,0.043478260869565216,COMM
1988-09,ZK,0.0,COMM
1988-09,ZL,0.043478260869565216,COMM
1988-09,ZM,0.043478260869565216,COMM
1988-09,ZN,0.0,COMM
1988-09,ZO,0.043478260869565216,COMM
1988-09,ZP,0.043478260869565216,COMM
1988-09,ZR,0.043478260869565216,COMM
1988-09,ZS,0.043478260869565216,COMM
1988-09,ZT,0.043478260869565216,COMM
1988-09,ZU,0.043478260869565216,COMM
1988-09,ZW,0.043478260869565216,COMM
1988-09,ZZ,0.043478260869565216,COMM
1988-10,CC,0.043478260869565216,COMM
1988-10,CT,0.043478260869565216,COMM
1988-10,DA,0.0,COMM
1988-10,JO,0.043478260869565216,COMM
1988-10,KC,0.043478260869565216,COMM
1988-10,LB,0.043478260869565216,COMM
1988-10,MW,0.043478260869565216,COMM
1988-10,SB,0.043478260869565216,COMM
1988-10,ZA,0.043478260869565216,COMM
1988-10,ZB,0.043478260869565216,COMM
1988-10,ZC,0.043478260869565216,COMM
1988-10,ZF,0.043478260869565216,COMM
1988-10,ZG,0.043478260869565216,COMM
1988-10,ZI,0.043478260869565216,COMM
1988-10,ZK,0.0,COMM
1988-10,ZL,0.043478260869565216,COMM
1988-10,ZM,0.043478260869565216,COMM
1988-10,ZN,0.0,COMM
1988-10,ZO,0.043478260869565216,COMM
1988-10,ZP,0.043478260869565216,COMM
1988-10,ZR,0.043478260869565216,COMM
1988-10,ZS,0.043478260869565216,COMM
1988-10,ZT,0.043478260869565216,COMM
1988-10,ZU,0.043478260869565216,COMM
1988-10,ZW,0.043478260869565216,COMM
1988-10,ZZ,0.043478260869565216,COMM
1988-11,CC,0.043478260869565216,COMM
1988-11,CT,0.043478260869565216,COMM
1988-11,DA,0.0,COMM
1988-11,JO,0.043478260869565216,COMM
1988-11,KC,0.043478260869565216,COMM
1988-11,LB,0.043478260869565216,COMM
1988-11,MW,0.043478260869565216,COMM
1988-11,SB,0.043478260869565216,COMM
1988-11,ZA,0.043478260869565216,COMM
1988-11,ZB,0.043478260869565216,COMM
1988-11,ZC,0.043478260869565216,COMM
1988-11,ZF,0.043478260869565216,COMM
1988-11,ZG,0.043478260869565216,COMM
1988-11,ZI,0.043478260869565216,COMM
1988-11,ZK,0.0,COMM
1988-11,ZL,0.043478260869565216,COMM
1988-11,ZM,0.043478260869565216,COMM
1988-11,ZN,0.0,COMM
1988-11,ZO,0.043478260869565216,COMM
1988-11,ZP,0.043478260869565216,COMM
1988-11,ZR,0.043478260869565216,COMM
1988-11,ZS,0.043478260869565216,COMM
1988-11,ZT,0.043478260869565216,COMM
1988-11,ZU,0.043478260869565216,COMM
1988-11,ZW,0.043478260869565216,COMM
1988-11,ZZ,0.043478260869565216,COMM
1988-12,CC,0.043478260869565216,COMM
1988-12,CT,0.043478260869565216,COMM
1988-12,DA,0.0,COMM
1988-12,JO,0.043478260869565216,COMM
1988-12,KC,0.043478260869565216,COMM
1988-12,LB,0.043478260869565216,COMM
1988-12,MW,0.043478260869565216,COMM
1988-12,SB,0.043478260869565216,COMM
1988-12,ZA,0.043478260869565216,COMM
1988-12,ZB,0.043478260869565216,COMM
1988-12,ZC,0.043478260869565216,COMM
1988-12,ZF,0.043478260869565216,COMM
1988-12,ZG,0.043478260869565216,COMM
1988-12,ZI,0.043478260869565216,COMM
1988-12,ZK,0.0,COMM
1988-12,ZL,0.043478260869565216,COMM
1988-12,ZM,0.043478260869565216,COMM
1988-12,ZN,0.0,COMM
1988-12,ZO,0.043478260869565216,COMM
1988-12,ZP,0.043478260869565216,COMM
1988-12,ZR,0.043478260869565216,COMM
1988-12,ZS,0.043478260869565216,COMM
1988-12,ZT,0.043478260869565216,COMM
1988-12,ZU,0.043478260869565216,COMM
1988-12,ZW,0.043478260869565216,COMM
1988-12,ZZ,0.043478260869565216,COMM
1989-01,CC,0.043478260869565216,COMM
1989-01,CT,0.043478260869565216,COMM
1989-01,DA,0.0,COMM
1989-01,JO,0.043478260869565216,COMM
1989-01,KC,0.043478260869565216,COMM
1989-01,LB,0.043478260869565216,COMM
1989-01,MW,0.043478260869565216,COMM
1989-01,SB,0.043478260869565216,COMM
1989-01,ZA,0.043478260869565216,COMM
1989-01,ZB,0.043478260869565216,COMM
1989-01,ZC,0.043478260869565216,COMM
1989-01,ZF,0.043478260869565216,COMM
1989-01,ZG,0.043478260869565216,COMM
1989-01,ZI,0.043478260869565216,COMM
1989-01,ZK,0.0,COMM
1989-01,ZL,0.043478260869565216,COMM
1989-01,ZM,0.043478260869565216,COMM
1989-01,ZN,0.0,COMM
1989-01,ZO,0.043478260869565216,COMM
1989-01,ZP,0.043478260869565216,COMM
1989-01,ZR,0.043478260869565216,COMM
1989-01,ZS,0.043478260869565216,COMM
1989-01,ZT,0.043478260869565216,COMM
1989-01,ZU,0.043478260869565216,COMM
1989-01,ZW,0.043478260869565216,COMM
1989-01,ZZ,0.043478260869565216,COMM
1989-02,CC,0.041666666666666664,COMM
1989-02,CT,0.041666666666666664,COMM
1989-02,DA,0.0,COMM
1989-02,JO,0.041666666666666664,COMM
1989-02,KC,0.041666666666666664,COMM
1989-02,LB,0.041666666666666664,COMM
1989-02,MW,0.041666666666666664,COMM
1989-02,SB,0.041666666666666664,COMM
1989-02,ZA,0.041666666666666664,COMM
1989-02,ZB,0.041666666666666664,COMM
1989-02,ZC,0.041666666666666664,COMM
1989-02,ZF,0.041666666666666664,COMM
1989-02,ZG,0.041666666666666664,COMM
1989-02,ZI,0.041666666666666664,COMM
1989-02,ZK,0.041666666666666664,COMM
1989-02,ZL,0.041666666666666664,COMM
1989-02,ZM,0.041666666666666664,COMM
1989-02,ZN,0.0,COMM
1989-02,ZO,0.041666666666666664,COMM
1989-02,ZP,0.041666666666666664,COMM
1989-02,ZR,0.041666666666666664,COMM
1989-02,ZS,0.041666666666666664,COMM
1989-02,ZT,0.041666666666666664,COMM
1989-02,ZU,0.041666666666666664,COMM
1989-02,ZW,0.041666666666666664,COMM
1989-02,ZZ,0.041666666666666664,COMM
1989-03,CC,0.041666666666666664,COMM
1989-03,CT,0.041666666666666664,COMM
1989-03,DA,0.0,COMM
1989-03,JO,0.041666666666666664,COMM
1989-03,KC,0.041666666666666664,COMM
1989-03,LB,0.041666666666666664,COMM
1989-03,MW,0.041666666666666664,COMM
1989-03,SB,0.041666666666666664,COMM
1989-03,ZA,0.041666666666666664,COMM
1989-03,ZB,0.041666666666666664,COMM
1989-03,ZC,0.041666666666666664,COMM
1989-03,ZF,0.041666666666666664,COMM
1989-03,ZG,0.041666666666666664,COMM
1989-03,ZI,0.041666666666666664,COMM
1989-03,ZK,0.041666666666666664,COMM
1989-03,ZL,0.041666666666666664,COMM
1989-03,ZM,0.041666666666666664,COMM
1989-03,ZN,0.0,COMM
1989-03,ZO,0.041666666666666664,COMM
1989-03,ZP,0.041666666666666664,COMM
1989-03,ZR,0.041666666666666664,COMM
1989-03,ZS,0.041666666666666664,COMM
1989-03,ZT,0.041666666666666664,COMM
1989-03,ZU,0.041666666666666664,COMM
1989-03,ZW,0.041666666666666664,COMM
1989-03,ZZ,0.041666666666666664,COMM
1989-04,CC,0.041666666666666664,COMM
1989-04,CT,0.041666666666666664,COMM
1989-04,DA,0.0,COMM
1989-04,JO,0.041666666666666664,COMM
1989-04,KC,0.041666666666666664,COMM
1989-04,LB,0.041666666666666664,COMM
1989-04,MW,0.041666666666666664,COMM
1989-04,SB,0.041666666666666664,COMM
1989-04,ZA,0.041666666666666664,COMM
1989-04,ZB,0.041666666666666664,COMM
1989-04,ZC,0.041666666666666664,COMM
1989-04,ZF,0.041666666666666664,COMM
1989-04,ZG,0.041666666666666664,COMM
1989-04,ZI,0.041666666666666664,COMM
1989-04,ZK,0.041666666666666664,COMM
1989-04,ZL,0.041666666666666664,COMM
1989-04,ZM,0.041666666666666664,COMM
1989-04,ZN,0.0,COMM
1989-04,ZO,0.041666666666666664,COMM
1989-04,ZP,0.041666666666666664,COMM
1989-04,ZR,0.041666666666666664,COMM
1989-04,ZS,0.041666666666666664,COMM
1989-04,ZT,0.041666666666666664,COMM
1989-04,ZU,0.041666666666666664,COMM
1989-04,ZW,0.041666666666666664,COMM
1989-04,ZZ,0.041666666666666664,COMM
1989-05,CC,0.041666666666666664,COMM
1989-05,CT,0.041666666666666664,COMM
1989-05,DA,0.0,COMM
1989-05,JO,0.041666666666666664,COMM
1989-05,KC,0.041666666666666664,COMM
1989-05,LB,0.041666666666666664,COMM
1989-05,MW,0.041666666666666664,COMM
1989-05,SB,0.041666666666666664,COMM
1989-05,ZA,0.041666666666666664,COMM
1989-05,ZB,0.041666666666666664,COMM
1989-05,ZC,0.041666666666666664,COMM
1989-05,ZF,0.041666666666666664,COMM
1989-05,ZG,0.041666666666666664,COMM
1989-05,ZI,0.041666666666666664,COMM
1989-05,ZK,0.041666666666666664,COMM
1989-05,ZL,0.041666666666666664,COMM
1989-05,ZM,0.041666666666666664,COMM
1989-05,ZN,0.0,COMM
1989-05,ZO,0.041666666666666664,COMM
1989-05,ZP,0.041666666666666664,COMM
1989-05,ZR,0.041666666666666664,COMM
1989-05,ZS,0.041666666666666664,COMM
1989-05,ZT,0.041666666666666664,COMM
1989-05,ZU,0.041666666666666664,COMM
1989-05,ZW,0.041666666666666664,COMM
1989-05,ZZ,0.041666666666666664,COMM
1989-06,CC,0.041666666666666664,COMM
1989-06,CT,0.041666666666666664,COMM
1989-06,DA,0.0,COMM
1989-06,JO,0.041666666666666664,COMM
1989-06,KC,0.041666666666666664,COMM
1989-06,LB,0.041666666666666664,COMM
1989-06,MW,0.041666666666666664,COMM
1989-06,SB,0.041666666666666664,COMM
1989-06,ZA,0.041666666666666664,COMM
1989-06,ZB,0.041666666666666664,COMM
1989-06,ZC,0.041666666666666664,COMM
1989-06,ZF,0.041666666666666664,COMM
1989-06,ZG,0.041666666666666664,COMM
1989-06,ZI,0.041666666666666664,COMM
1989-06,ZK,0.041666666666666664,COMM
1989-06,ZL,0.041666666666666664,COMM
1989-06,ZM,0.041666666666666664,COMM
1989-06,ZN,0.0,COMM
1989-06,ZO,0.041666666666666664,COMM
1989-06,ZP,0.041666666666666664,COMM
1989-06,ZR,0.041666666666666664,COMM
1989-06,ZS,0.041666666666666664,COMM
1989-06,ZT,0.041666666666666664,COMM
1989-06,ZU,0.041666666666666664,COMM
1989-06,ZW,0.041666666666666664,COMM
1989-06,ZZ,0.041666666666666664,COMM
1989-07,CC,0.041666666666666664,COMM
1989-07,CT,0.041666666666666664,COMM
1989-07,DA,0.0,COMM
1989-07,JO,0.041666666666666664,COMM
1989-07,KC,0.041666666666666664,COMM
1989-07,LB,0.041666666666666664,COMM
1989-07,MW,0.041666666666666664,COMM
1989-07,SB,0.041666666666666664,COMM
1989-07,ZA,0.041666666666666664,COMM
1989-07,ZB,0.041666666666666664,COMM
1989-07,ZC,0.041666666666666664,COMM
1989-07,ZF,0.041666666666666664,COMM
1989-07,ZG,0.041666666666666664,COMM
1989-07,ZI,0.041666666666666664,COMM
1989-07,ZK,0.041666666666666664,COMM
1989-07,ZL,0.041666666666666664,COMM
1989-07,ZM,0.041666666666666664,COMM
1989-07,ZN,0.0,COMM
1989-07,ZO,0.041666666666666664,COMM
1989-07,ZP,0.041666666666666664,COMM
1989-07,ZR,0.041666666666666664,COMM
1989-07,ZS,0.041666666666666664,COMM
1989-07,ZT,0.041666666666666664,COMM
1989-07,ZU,0.041666666666666664,COMM
1989-07,ZW,0.041666666666666664,COMM
1989-07,ZZ,0.041666666666666664,COMM
1989-08,CC,0.041666666666666664,COMM
1989-08,CT,0.041666666666666664,COMM
1989-08,DA,0.0,COMM
1989-08,JO,0.041666666666666664,COMM
1989-08,KC,0.041666666666666664,COMM
1989-08,LB,0.041666666666666664,COMM
1989-08,MW,0.041666666666666664,COMM
1989-08,SB,0.041666666666666664,COMM
1989-08,ZA,0.041666666666666664,COMM
1989-08,ZB,0.041666666666666664,COMM
1989-08,ZC,0.041666666666666664,COMM
1989-08,ZF,0.041666666666666664,COMM
1989-08,ZG,0.041666666666666664,COMM
1989-08,ZI,0.041666666666666664,COMM
1989-08,ZK,0.041666666666666664,COMM
1989-08,ZL,0.041666666666666664,COMM
1989-08,ZM,0.041666666666666664,COMM
1989-08,ZN,0.0,COMM
1989-08,ZO,0.041666666666666664,COMM
1989-08,ZP,0.041666666666666664,COMM
1989-08,ZR,0.041666666666666664,COMM
1989-08,ZS,0.041666666666666664,COMM
1989-08,ZT,0.041666666666666664,COMM
1989-08,ZU,0.041666666666666664,COMM
1989-08,ZW,0.041666666666666664,COMM
1989-08,ZZ,0.041666666666666664,COMM
1989-09,CC,0.041666666666666664,COMM
1989-09,CT,0.041666666666666664,COMM
1989-09,DA,0.0,COMM
1989-09,JO,0.041666666666666664,COMM
1989-09,KC,0.041666666666666664,COMM
1989-09,LB,0.041666666666666664,COMM
1989-09,MW,0.041666666666666664,COMM
1989-09,SB,0.041666666666666664,COMM
1989-09,ZA,0.041666666666666664,COMM
1989-09,ZB,0.041666666666666664,COMM
1989-09,ZC,0.041666666666666664,COMM
1989-09,ZF,0.041666666666666664,COMM
1989-09,ZG,0.041666666666666664,COMM
1989-09,ZI,0.041666666666666664,COMM
1989-09,ZK,0.041666666666666664,COMM
1989-09,ZL,0.041666666666666664,COMM
1989-09,ZM,0.041666666666666664,COMM
1989-09,ZN,0.0,COMM
1989-09,ZO,0.041666666666666664,COMM
1989-09,ZP,0.041666666666666664,COMM
1989-09,ZR,0.041666666666666664,COMM
1989-09,ZS,0.041666666666666664,COMM
1989-09,ZT,0.041666666666666664,COMM
1989-09,ZU,0.041666666666666664,COMM
1989-09,ZW,0.041666666666666664,COMM
1989-09,ZZ,0.041666666666666664,COMM
1989-10,CC,0.041666666666666664,COMM
1989-10,CT,0.041666666666666664,COMM
1989-10,DA,0.0,COMM
1989-10,JO,0.041666666666666664,COMM
1989-10,KC,0.041666666666666664,COMM
1989-10,LB,0.041666666666666664,COMM
1989-10,MW,0.041666666666666664,COMM
1989-10,SB,0.041666666666666664,COMM
1989-10,ZA,0.041666666666666664,COMM
1989-10,ZB,0.041666666666666664,COMM
1989-10,ZC,0.041666666666666664,COMM
1989-10,ZF,0.041666666666666664,COMM
1989-10,ZG,0.041666666666666664,COMM
1989-10,ZI,0.041666666666666664,COMM
1989-10,ZK,0.041666666666666664,COMM
1989-10,ZL,0.041666666666666664,COMM
1989-10,ZM,0.041666666666666664,COMM
1989-10,ZN,0.0,COMM
1989-10,ZO,0.041666666666666664,COMM
1989-10,ZP,0.041666666666666664,COMM
1989-10,ZR,0.041666666666666664,COMM
1989-10,ZS,0.041666666666666664,COMM
1989-10,ZT,0.041666666666666664,COMM
1989-10,ZU,0.041666666666666664,COMM
1989-10,ZW,0.041666666666666664,COMM
1989-10,ZZ,0.041666666666666664,COMM
1989-11,CC,0.041666666666666664,COMM
1989-11,CT,0.041666666666666664,COMM
1989-11,DA,0.0,COMM
1989-11,JO,0.041666666666666664,COMM
1989-11,KC,0.041666666666666664,COMM
1989-11,LB,0.041666666666666664,COMM
1989-11,MW,0.041666666666666664,COMM
1989-11,SB,0.041666666666666664,COMM
1989-11,ZA,0.041666666666666664,COMM
1989-11,ZB,0.041666666666666664,COMM
1989-11,ZC,0.041666666666666664,COMM
1989-11,ZF,0.041666666666666664,COMM
1989-11,ZG,0.041666666666666664,COMM
1989-11,ZI,0.041666666666666664,COMM
1989-11,ZK,0.041666666666666664,COMM
1989-11,ZL,0.041666666666666664,COMM
1989-11,ZM,0.041666666666666664,COMM
1989-11,ZN,0.0,COMM
1989-11,ZO,0.041666666666666664,COMM
1989-11,ZP,0.041666666666666664,COMM
1989-11,ZR,0.041666666666666664,COMM
1989-11,ZS,0.041666666666666664,COMM
1989-11,ZT,0.041666666666666664,COMM
1989-11,ZU,0.041666666666666664,COMM
1989-11,ZW,0.041666666666666664,COMM
1989-11,ZZ,0.041666666666666664,COMM
1989-12,CC,0.041666666666666664,COMM
1989-12,CT,0.041666666666666664,COMM
1989-12,DA,0.0,COMM
1989-12,JO,0.041666666666666664,COMM
1989-12,KC,0.041666666666666664,COMM
1989-12,LB,0.041666666666666664,COMM
1989-12,MW,0.041666666666666664,COMM
1989-12,SB,0.041666666666666664,COMM
1989-12,ZA,0.041666666666666664,COMM
1989-12,ZB,0.041666666666666664,COMM
1989-12,ZC,0.041666666666666664,COMM
1989-12,ZF,0.041666666666666664,COMM
1989-12,ZG,0.041666666666666664,COMM
1989-12,ZI,0.041666666666666664,COMM
1989-12,ZK,0.041666666666666664,COMM
1989-12,ZL,0.041666666666666664,COMM
1989-12,ZM,0.041666666666666664,COMM
1989-12,ZN,0.0,COMM
1989-12,ZO,0.041666666666666664,COMM
1989-12,ZP,0.041666666666666664,COMM
1989-12,ZR,0.041666666666666664,COMM
1989-12,ZS,0.041666666666666664,COMM
1989-12,ZT,0.041666666666666664,COMM
1989-12,ZU,0.041666666666666664,COMM
1989-12,ZW,0.041666666666666664,COMM
1989-12,ZZ,0.041666666666666664,COMM
1990-01,CC,0.041666666666666664,COMM
1990-01,CT,0.041666666666666664,COMM
1990-01,DA,0.0,COMM
1990-01,JO,0.041666666666666664,COMM
1990-01,KC,0.041666666666666664,COMM
1990-01,LB,0.041666666666666664,COMM
1990-01,MW,0.041666666666666664,COMM
1990-01,SB,0.041666666666666664,COMM
1990-01,ZA,0.041666666666666664,COMM
1990-01,ZB,0.041666666666666664,COMM
1990-01,ZC,0.041666666666666664,COMM
1990-01,ZF,0.041666666666666664,COMM
1990-01,ZG,0.041666666666666664,COMM
1990-01,ZI,0.041666666666666664,COMM
1990-01,ZK,0.041666666666666664,COMM
1990-01,ZL,0.041666666666666664,COMM
1990-01,ZM,0.041666666666666664,COMM
1990-01,ZN,0.0,COMM
1990-01,ZO,0.041666666666666664,COMM
1990-01,ZP,0.041666666666666664,COMM
1990-01,ZR,0.041666666666666664,COMM
1990-01,ZS,0.041666666666666664,COMM
1990-01,ZT,0.041666666666666664,COMM
1990-01,ZU,0.041666666666666664,COMM
1990-01,ZW,0.041666666666666664,COMM
1990-01,ZZ,0.041666666666666664,COMM
1990-02,CC,0.041666666666666664,COMM
1990-02,CT,0.041666666666666664,COMM
1990-02,DA,0.0,COMM
1990-02,JO,0.041666666666666664,COMM
1990-02,KC,0.041666666666666664,COMM
1990-02,LB,0.041666666666666664,COMM
1990-02,MW,0.041666666666666664,COMM
1990-02,SB,0.041666666666666664,COMM
1990-02,ZA,0.041666666666666664,COMM
1990-02,ZB,0.041666666666666664,COMM
1990-02,ZC,0.041666666666666664,COMM
1990-02,ZF,0.041666666666666664,COMM
1990-02,ZG,0.041666666666666664,COMM
1990-02,ZI,0.041666666666666664,COMM
1990-02,ZK,0.041666666666666664,COMM
1990-02,ZL,0.041666666666666664,COMM
1990-02,ZM,0.041666666666666664,COMM
1990-02,ZN,0.0,COMM
1990-02,ZO,0.041666666666666664,COMM
1990-02,ZP,0.041666666666666664,COMM
1990-02,ZR,0.041666666666666664,COMM
1990-02,ZS,0.041666666666666664,COMM
1990-02,ZT,0.041666666666666664,COMM
1990-02,ZU,0.041666666666666664,COMM
1990-02,ZW,0.041666666666666664,COMM
1990-02,ZZ,0.041666666666666664,COMM
1990-03,CC,0.041666666666666664,COMM
1990-03,CT,0.041666666666666664,COMM
1990-03,DA,0.0,COMM
1990-03,JO,0.041666666666666664,COMM
1990-03,KC,0.041666666666666664,COMM
1990-03,LB,0.041666666666666664,COMM
1990-03,MW,0.041666666666666664,COMM
1990-03,SB,0.041666666666666664,COMM
1990-03,ZA,0.041666666666666664,COMM
1990-03,ZB,0.041666666666666664,COMM
1990-03,ZC,0.041666666666666664,COMM
1990-03,ZF,0.041666666666666664,COMM
1990-03,ZG,0.041666666666666664,COMM
1990-03,ZI,0.041666666666666664,COMM
1990-03,ZK,0.041666666666666664,COMM
1990-03,ZL,0.041666666666666664,COMM
1990-03,ZM,0.041666666666666664,COMM
1990-03,ZN,0.0,COMM
1990-03,ZO,0.041666666666666664,COMM
1990-03,ZP,0.041666666666666664,COMM
1990-03,ZR,0.041666666666666664,COMM
1990-03,ZS,0.041666666666666664,COMM
1990-03,ZT,0.041666666666666664,COMM
1990-03,ZU,0.041666666666666664,COMM
1990-03,ZW,0.041666666666666664,COMM
1990-03,ZZ,0.041666666666666664,COMM
1990-04,CC,0.041666666666666664,COMM
1990-04,CT,0.041666666666666664,COMM
1990-04,DA,0.0,COMM
1990-04,JO,0.041666666666666664,COMM
1990-04,KC,0.041666666666666664,COMM
1990-04,LB,0.041666666666666664,COMM
1990-04,MW,0.041666666666666664,COMM
1990-04,SB,0.041666666666666664,COMM
1990-04,ZA,0.041666666666666664,COMM
1990-04,ZB,0.041666666666666664,COMM
1990-04,ZC,0.041666666666666664,COMM
1990-04,ZF,0.041666666666666664,COMM
1990-04,ZG,0.041666666666666664,COMM
1990-04,ZI,0.041666666666666664,COMM
1990-04,ZK,0.041666666666666664,COMM
1990-04,ZL,0.041666666666666664,COMM
1990-04,ZM,0.041666666666666664,COMM
1990-04,ZN,0.0,COMM
1990-04,ZO,0.041666666666666664,COMM
1990-04,ZP,0.041666666666666664,COMM
1990-04,ZR,0.041666666666666664,COMM
1990-04,ZS,0.041666666666666664,COMM
1990-04,ZT,0.041666666666666664,COMM
1990-04,ZU,0.041666666666666664,COMM
1990-04,ZW,0.041666666666666664,COMM
1990-04,ZZ,0.041666666666666664,COMM
1990-05,CC,0.041666666666666664,COMM
1990-05,CT,0.041666666666666664,COMM
1990-05,DA,0.0,COMM
1990-05,JO,0.041666666666666664,COMM
1990-05,KC,0.041666666666666664,COMM
1990-05,LB,0.041666666666666664,COMM
1990-05,MW,0.041666666666666664,COMM
1990-05,SB,0.041666666666666664,COMM
1990-05,ZA,0.041666666666666664,COMM
1990-05,ZB,0.041666666666666664,COMM
1990-05,ZC,0.041666666666666664,COMM
1990-05,ZF,0.041666666666666664,COMM
1990-05,ZG,0.041666666666666664,COMM
1990-05,ZI,0.041666666666666664,COMM
1990-05,ZK,0.041666666666666664,COMM
1990-05,ZL,0.041666666666666664,COMM
1990-05,ZM,0.041666666666666664,COMM
1990-05,ZN,0.0,COMM
1990-05,ZO,0.041666666666666664,COMM
1990-05,ZP,0.041666666666666664,COMM
1990-05,ZR,0.041666666666666664,COMM
1990-05,ZS,0.041666666666666664,COMM
1990-05,ZT,0.041666666666666664,COMM
1990-05,ZU,0.041666666666666664,COMM
1990-05,ZW,0.041666666666666664,COMM
1990-05,ZZ,0.041666666666666664,COMM
1990-06,CC,0.041666666666666664,COMM
1990-06,CT,0.041666666666666664,COMM
1990-06,DA,0.0,COMM
1990-06,JO,0.041666666666666664,COMM
1990-06,KC,0.041666666666666664,COMM
1990-06,LB,0.041666666666666664,COMM
1990-06,MW,0.041666666666666664,COMM
1990-06,SB,0.041666666666666664,COMM
1990-06,ZA,0.041666666666666664,COMM
1990-06,ZB,0.041666666666666664,COMM
1990-06,ZC,0.041666666666666664,COMM
1990-06,ZF,0.041666666666666664,COMM
1990-06,ZG,0.041666666666666664,COMM
1990-06,ZI,0.041666666666666664,COMM
1990-06,ZK,0.041666666666666664,COMM
1990-06,ZL,0.041666666666666664,COMM
1990-06,ZM,0.041666666666666664,COMM
1990-06,ZN,0.0,COMM
1990-06,ZO,0.041666666666666664,COMM
1990-06,ZP,0.041666666666666664,COMM
1990-06,ZR,0.041666666666666664,COMM
1990-06,ZS,0.041666666666666664,COMM
1990-06,ZT,0.041666666666666664,COMM
1990-06,ZU,0.041666666666666664,COMM
1990-06,ZW,0.041666666666666664,COMM
1990-06,ZZ,0.041666666666666664,COMM
1990-07,CC,0.041666666666666664,COMM
1990-07,CT,0.041666666666666664,COMM
1990-07,DA,0.0,COMM
1990-07,JO,0.041666666666666664,COMM
1990-07,KC,0.041666666666666664,COMM
1990-07,LB,0.041666666666666664,COMM
1990-07,MW,0.041666666666666664,COMM
1990-07,SB,0.041666666666666664,COMM
1990-07,ZA,0.041666666666666664,COMM
1990-07,ZB,0.041666666666666664,COMM
1990-07,ZC,0.041666666666666664,COMM
1990-07,ZF,0.041666666666666664,COMM
1990-07,ZG,0.041666666666666664,COMM
1990-07,ZI,0.041666666666666664,COMM
1990-07,ZK,0.041666666666666664,COMM
1990-07,ZL,0.041666666666666664,COMM
1990-07,ZM,0.041666666666666664,COMM
1990-07,ZN,0.0,COMM
1990-07,ZO,0.041666666666666664,COMM
1990-07,ZP,0.041666666666666664,COMM
1990-07,ZR,0.041666666666666664,COMM
1990-07,ZS,0.041666666666666664,COMM
1990-07,ZT,0.041666666666666664,COMM
1990-07,ZU,0.041666666666666664,COMM
1990-07,ZW,0.041666666666666664,COMM
1990-07,ZZ,0.041666666666666664,COMM
1990-08,CC,0.041666666666666664,COMM
1990-08,CT,0.041666666666666664,COMM
1990-08,DA,0.0,COMM
1990-08,JO,0.041666666666666664,COMM
1990-08,KC,0.041666666666666664,COMM
1990-08,LB,0.041666666666666664,COMM
1990-08,MW,0.041666666666666664,COMM
1990-08,SB,0.041666666666666664,COMM
1990-08,ZA,0.041666666666666664,COMM
1990-08,ZB,0.041666666666666664,COMM
1990-08,ZC,0.041666666666666664,COMM
1990-08,ZF,0.041666666666666664,COMM
1990-08,ZG,0.041666666666666664,COMM
1990-08,ZI,0.041666666666666664,COMM
1990-08,ZK,0.041666666666666664,COMM
1990-08,ZL,0.041666666666666664,COMM
1990-08,ZM,0.041666666666666664,COMM
1990-08,ZN,0.0,COMM
1990-08,ZO,0.041666666666666664,COMM
1990-08,ZP,0.041666666666666664,COMM
1990-08,ZR,0.041666666666666664,COMM
1990-08,ZS,0.041666666666666664,COMM
1990-08,ZT,0.041666666666666664,COMM
1990-08,ZU,0.041666666666666664,COMM
1990-08,ZW,0.041666666666666664,COMM
1990-08,ZZ,0.041666666666666664,COMM
1990-09,CC,0.041666666666666664,COMM
1990-09,CT,0.041666666666666664,COMM
1990-09,DA,0.0,COMM
1990-09,JO,0.041666666666666664,COMM
1990-09,KC,0.041666666666666664,COMM
1990-09,LB,0.041666666666666664,COMM
1990-09,MW,0.041666666666666664,COMM
1990-09,SB,0.041666666666666664,COMM
1990-09,ZA,0.041666666666666664,COMM
1990-09,ZB,0.041666666666666664,COMM
1990-09,ZC,0.041666666666666664,COMM
1990-09,ZF,0.041666666666666664,COMM
1990-09,ZG,0.041666666666666664,COMM
1990-09,ZI,0.041666666666666664,COMM
1990-09,ZK,0.041666666666666664,COMM
1990-09,ZL,0.041666666666666664,COMM
1990-09,ZM,0.041666666666666664,COMM
1990-09,ZN,0.0,COMM
1990-09,ZO,0.041666666666666664,COMM
1990-09,ZP,0.041666666666666664,COMM
1990-09,ZR,0.041666666666666664,COMM
1990-09,ZS,0.041666666666666664,COMM
1990-09,ZT,0.041666666666666664,COMM
1990-09,ZU,0.041666666666666664,COMM
1990-09,ZW,0.041666666666666664,COMM
1990-09,ZZ,0.041666666666666664,COMM
1990-10,CC,0.041666666666666664,COMM
1990-10,CT,0.041666666666666664,COMM
1990-10,DA,0.0,COMM
1990-10,JO,0.041666666666666664,COMM
1990-10,KC,0.041666666666666664,COMM
1990-10,LB,0.041666666666666664,COMM
1990-10,MW,0.041666666666666664,COMM
1990-10,SB,0.041666666666666664,COMM
1990-10,ZA,0.041666666666666664,COMM
1990-10,ZB,0.041666666666666664,COMM
1990-10,ZC,0.041666666666666664,COMM
1990-10,ZF,0.041666666666666664,COMM
1990-10,ZG,0.041666666666666664,COMM
1990-10,ZI,0.041666666666666664,COMM
1990-10,ZK,0.041666666666666664,COMM
1990-10,ZL,0.041666666666666664,COMM
1990-10,ZM,0.041666666666666664,COMM
1990-10,ZN,0.0,COMM
1990-10,ZO,0.041666666666666664,COMM
1990-10,ZP,0.041666666666666664,COMM
1990-10,ZR,0.041666666666666664,COMM
1990-10,ZS,0.041666666666666664,COMM
1990-10,ZT,0.041666666666666664,COMM
1990-10,ZU,0.041666666666666664,COMM
1990-10,ZW,0.041666666666666664,COMM
1990-10,ZZ,0.041666666666666664,COMM
1990-11,CC,0.041666666666666664,COMM
1990-11,CT,0.041666666666666664,COMM
1990-11,DA,0.0,COMM
1990-11,JO,0.041666666666666664,COMM
1990-11,KC,0.041666666666666664,COMM
1990-11,LB,0.041666666666666664,COMM
1990-11,MW,0.041666666666666664,COMM
1990-11,SB,0.041666666666666664,COMM
1990-11,ZA,0.041666666666666664,COMM
1990-11,ZB,0.041666666666666664,COMM
1990-11,ZC,0.041666666666666664,COMM
1990-11,ZF,0.041666666666666664,COMM
1990-11,ZG,0.041666666666666664,COMM
1990-11,ZI,0.041666666666666664,COMM
1990-11,ZK,0.041666666666666664,COMM
1990-11,ZL,0.041666666666666664,COMM
1990-11,ZM,0.041666666666666664,COMM
1990-11,ZN,0.0,COMM
1990-11,ZO,0.041666666666666664,COMM
1990-11,ZP,0.041666666666666664,COMM
1990-11,ZR,0.041666666666666664,COMM
1990-11,ZS,0.041666666666666664,COMM
1990-11,ZT,0.041666666666666664,COMM
1990-11,ZU,0.041666666666666664,COMM
1990-11,ZW,0.041666666666666664,COMM
1990-11,ZZ,0.041666666666666664,COMM
1990-12,CC,0.041666666666666664,COMM
1990-12,CT,0.041666666666666664,COMM
1990-12,DA,0.0,COMM
1990-12,JO,0.041666666666666664,COMM
1990-12,KC,0.041666666666666664,COMM
1990-12,LB,0.041666666666666664,COMM
1990-12,MW,0.041666666666666664,COMM
1990-12,SB,0.041666666666666664,COMM
1990-12,ZA,0.041666666666666664,COMM
1990-12,ZB,0.041666666666666664,COMM
1990-12,ZC,0.041666666666666664,COMM
1990-12,ZF,0.041666666666666664,COMM
1990-12,ZG,0.041666666666666664,COMM
1990-12,ZI,0.041666666666666664,COMM
1990-12,ZK,0.041666666666666664,COMM
1990-12,ZL,0.041666666666666664,COMM
1990-12,ZM,0.041666666666666664,COMM
1990-12,ZN,0.0,COMM
1990-12,ZO,0.041666666666666664,COMM
1990-12,ZP,0.041666666666666664,COMM
1990-12,ZR,0.041666666666666664,COMM
1990-12,ZS,0.041666666666666664,COMM
1990-12,ZT,0.041666666666666664,COMM
1990-12,ZU,0.041666666666666664,COMM
1990-12,ZW,0.041666666666666664,COMM
1990-12,ZZ,0.041666666666666664,COMM
1991-01,CC,0.041666666666666664,COMM
1991-01,CT,0.041666666666666664,COMM
1991-01,DA,0.0,COMM
1991-01,JO,0.041666666666666664,COMM
1991-01,KC,0.041666666666666664,COMM
1991-01,LB,0.041666666666666664,COMM
1991-01,MW,0.041666666666666664,COMM
1991-01,SB,0.041666666666666664,COMM
1991-01,ZA,0.041666666666666664,COMM
1991-01,ZB,0.041666666666666664,COMM
1991-01,ZC,0.041666666666666664,COMM
1991-01,ZF,0.041666666666666664,COMM
1991-01,ZG,0.041666666666666664,COMM
1991-01,ZI,0.041666666666666664,COMM
1991-01,ZK,0.041666666666666664,COMM
1991-01,ZL,0.041666666666666664,COMM
1991-01,ZM,0.041666666666666664,COMM
1991-01,ZN,0.0,COMM
1991-01,ZO,0.041666666666666664,COMM
1991-01,ZP,0.041666666666666664,COMM
1991-01,ZR,0.041666666666666664,COMM
1991-01,ZS,0.041666666666666664,COMM
1991-01,ZT,0.041666666666666664,COMM
1991-01,ZU,0.041666666666666664,COMM
1991-01,ZW,0.041666666666666664,COMM
1991-01,ZZ,0.041666666666666664,COMM
1991-02,CC,0.04,COMM
1991-02,CT,0.04,COMM
1991-02,DA,0.0,COMM
1991-02,JO,0.04,COMM
1991-02,KC,0.04,COMM
1991-02,LB,0.04,COMM
1991-02,MW,0.04,COMM
1991-02,SB,0.04,COMM
1991-02,ZA,0.04,COMM
1991-02,ZB,0.04,COMM
1991-02,ZC,0.04,COMM
1991-02,ZF,0.04,COMM
1991-02,ZG,0.04,COMM
1991-02,ZI,0.04,COMM
1991-02,ZK,0.04,COMM
1991-02,ZL,0.04,COMM
1991-02,ZM,0.04,COMM
1991-02,ZN,0.04,COMM
1991-02,ZO,0.04,COMM
1991-02,ZP,0.04,COMM
1991-02,ZR,0.04,COMM
1991-02,ZS,0.04,COMM
1991-02,ZT,0.04,COMM
1991-02,ZU,0.04,COMM
1991-02,ZW,0.04,COMM
1991-02,ZZ,0.04,COMM
1991-03,CC,0.04,COMM
1991-03,CT,0.04,COMM
1991-03,DA,0.0,COMM
1991-03,JO,0.04,COMM
1991-03,KC,0.04,COMM
1991-03,LB,0.04,COMM
1991-03,MW,0.04,COMM
1991-03,SB,0.04,COMM
1991-03,ZA,0.04,COMM
1991-03,ZB,0.04,COMM
1991-03,ZC,0.04,COMM
1991-03,ZF,0.04,COMM
1991-03,ZG,0.04,COMM
1991-03,ZI,0.04,COMM
1991-03,ZK,0.04,COMM
1991-03,ZL,0.04,COMM
1991-03,ZM,0.04,COMM
1991-03,ZN,0.04,COMM
1991-03,ZO,0.04,COMM
1991-03,ZP,0.04,COMM
1991-03,ZR,0.04,COMM
1991-03,ZS,0.04,COMM
1991-03,ZT,0.04,COMM
1991-03,ZU,0.04,COMM
1991-03,ZW,0.04,COMM
1991-03,ZZ,0.04,COMM
1991-04,CC,0.04,COMM
1991-04,CT,0.04,COMM
1991-04,DA,0.0,COMM
1991-04,JO,0.04,COMM
1991-04,KC,0.04,COMM
1991-04,LB,0.04,COMM
1991-04,MW,0.04,COMM
1991-04,SB,0.04,COMM
1991-04,ZA,0.04,COMM
1991-04,ZB,0.04,COMM
1991-04,ZC,0.04,COMM
1991-04,ZF,0.04,COMM
1991-04,ZG,0.04,COMM
1991-04,ZI,0.04,COMM
1991-04,ZK,0.04,COMM
1991-04,ZL,0.04,COMM
1991-04,ZM,0.04,COMM
1991-04,ZN,0.04,COMM
1991-04,ZO,0.04,COMM
1991-04,ZP,0.04,COMM
1991-04,ZR,0.04,COMM
1991-04,ZS,0.04,COMM
1991-04,ZT,0.04,COMM
1991-04,ZU,0.04,COMM
1991-04,ZW,0.04,COMM
1991-04,ZZ,0.04,COMM
1991-05,CC,0.04,COMM
1991-05,CT,0.04,COMM
1991-05,DA,0.0,COMM
1991-05,JO,0.04,COMM
1991-05,KC,0.04,COMM
1991-05,LB,0.04,COMM
1991-05,MW,0.04,COMM
1991-05,SB,0.04,COMM
1991-05,ZA,0.04,COMM
1991-05,ZB,0.04,COMM
1991-05,ZC,0.04,COMM
1991-05,ZF,0.04,COMM
1991-05,ZG,0.04,COMM
1991-05,ZI,0.04,COMM
1991-05,ZK,0.04,COMM
1991-05,ZL,0.04,COMM
1991-05,ZM,0.04,COMM
1991-05,ZN,0.04,COMM
1991-05,ZO,0.04,COMM
1991-05,ZP,0.04,COMM
1991-05,ZR,0.04,COMM
1991-05,ZS,0.04,COMM
1991-05,ZT,0.04,COMM
1991-05,ZU,0.04,COMM
1991-05,ZW,0.04,COMM
1991-05,ZZ,0.04,COMM
1991-06,CC,0.04,COMM
1991-06,CT,0.04,COMM
1991-06,DA,0.0,COMM
1991-06,JO,0.04,COMM
1991-06,KC,0.04,COMM
1991-06,LB,0.04,COMM
1991-06,MW,0.04,COMM
1991-06,SB,0.04,COMM
1991-06,ZA,0.04,COMM
1991-06,ZB,0.04,COMM
1991-06,ZC,0.04,COMM
1991-06,ZF,0.04,COMM
1991-06,ZG,0.04,COMM
1991-06,ZI,0.04,COMM
1991-06,ZK,0.04,COMM
1991-06,ZL,0.04,COMM
1991-06,ZM,0.04,COMM
1991-06,ZN,0.04,COMM
1991-06,ZO,0.04,COMM
1991-06,ZP,0.04,COMM
1991-06,ZR,0.04,COMM
1991-06,ZS,0.04,COMM
1991-06,ZT,0.04,COMM
1991-06,ZU,0.04,COMM
1991-06,ZW,0.04,COMM
1991-06,ZZ,0.04,COMM
1991-07,CC,0.04,COMM
1991-07,CT,0.04,COMM
1991-07,DA,0.0,COMM
1991-07,JO,0.04,COMM
1991-07,KC,0.04,COMM
1991-07,LB,0.04,COMM
1991-07,MW,0.04,COMM
1991-07,SB,0.04,COMM
1991-07,ZA,0.04,COMM
1991-07,ZB,0.04,COMM
1991-07,ZC,0.04,COMM
1991-07,ZF,0.04,COMM
1991-07,ZG,0.04,COMM
1991-07,ZI,0.04,COMM
1991-07,ZK,0.04,COMM
1991-07,ZL,0.04,COMM
1991-07,ZM,0.04,COMM
1991-07,ZN,0.04,COMM
1991-07,ZO,0.04,COMM
1991-07,ZP,0.04,COMM
1991-07,ZR,0.04,COMM
1991-07,ZS,0.04,COMM
1991-07,ZT,0.04,COMM
1991-07,ZU,0.04,COMM
1991-07,ZW,0.04,COMM
1991-07,ZZ,0.04,COMM
1991-08,CC,0.04,COMM
1991-08,CT,0.04,COMM
1991-08,DA,0.0,COMM
1991-08,JO,0.04,COMM
1991-08,KC,0.04,COMM
1991-08,LB,0.04,COMM
1991-08,MW,0.04,COMM
1991-08,SB,0.04,COMM
1991-08,ZA,0.04,COMM
1991-08,ZB,0.04,COMM
1991-08,ZC,0.04,COMM
1991-08,ZF,0.04,COMM
1991-08,ZG,0.04,COMM
1991-08,ZI,0.04,COMM
1991-08,ZK,0.04,COMM
1991-08,ZL,0.04,COMM
1991-08,ZM,0.04,COMM
1991-08,ZN,0.04,COMM
1991-08,ZO,0.04,COMM
1991-08,ZP,0.04,COMM
1991-08,ZR,0.04,COMM
1991-08,ZS,0.04,COMM
1991-08,ZT,0.04,COMM
1991-08,ZU,0.04,COMM
1991-08,ZW,0.04,COMM
1991-08,ZZ,0.04,COMM
1991-09,CC,0.04,COMM
1991-09,CT,0.04,COMM
1991-09,DA,0.0,COMM
1991-09,JO,0.04,COMM
1991-09,KC,0.04,COMM
1991-09,LB,0.04,COMM
1991-09,MW,0.04,COMM
1991-09,SB,0.04,COMM
1991-09,ZA,0.04,COMM
1991-09,ZB,0.04,COMM
1991-09,ZC,0.04,COMM
1991-09,ZF,0.04,COMM
1991-09,ZG,0.04,COMM
1991-09,ZI,0.04,COMM
1991-09,ZK,0.04,COMM
1991-09,ZL,0.04,COMM
1991-09,ZM,0.04,COMM
1991-09,ZN,0.04,COMM
1991-09,ZO,0.04,COMM
1991-09,ZP,0.04,COMM
1991-09,ZR,0.04,COMM
1991-09,ZS,0.04,COMM
1991-09,ZT,0.04,COMM
1991-09,ZU,0.04,COMM
1991-09,ZW,0.04,COMM
1991-09,ZZ,0.04,COMM
1991-10,CC,0.04,COMM
1991-10,CT,0.04,COMM
1991-10,DA,0.0,COMM
1991-10,JO,0.04,COMM
1991-10,KC,0.04,COMM
1991-10,LB,0.04,COMM
1991-10,MW,0.04,COMM
1991-10,SB,0.04,COMM
1991-10,ZA,0.04,COMM
1991-10,ZB,0.04,COMM
1991-10,ZC,0.04,COMM
1991-10,ZF,0.04,COMM
1991-10,ZG,0.04,COMM
1991-10,ZI,0.04,COMM
1991-10,ZK,0.04,COMM
1991-10,ZL,0.04,COMM
1991-10,ZM,0.04,COMM
1991-10,ZN,0.04,COMM
1991-10,ZO,0.04,COMM
1991-10,ZP,0.04,COMM
1991-10,ZR,0.04,COMM
1991-10,ZS,0.04,COMM
1991-10,ZT,0.04,COMM
1991-10,ZU,0.04,COMM
1991-10,ZW,0.04,COMM
1991-10,ZZ,0.04,COMM
1991-11,CC,0.04,COMM
1991-11,CT,0.04,COMM
1991-11,DA,0.0,COMM
1991-11,JO,0.04,COMM
1991-11,KC,0.04,COMM
1991-11,LB,0.04,COMM
1991-11,MW,0.04,COMM
1991-11,SB,0.04,COMM
1991-11,ZA,0.04,COMM
1991-11,ZB,0.04,COMM
1991-11,ZC,0.04,COMM
1991-11,ZF,0.04,COMM
1991-11,ZG,0.04,COMM
1991-11,ZI,0.04,COMM
1991-11,ZK,0.04,COMM
1991-11,ZL,0.04,COMM
1991-11,ZM,0.04,COMM
1991-11,ZN,0.04,COMM
1991-11,ZO,0.04,COMM
1991-11,ZP,0.04,COMM
1991-11,ZR,0.04,COMM
1991-11,ZS,0.04,COMM
1991-11,ZT,0.04,COMM
1991-11,ZU,0.04,COMM
1991-11,ZW,0.04,COMM
1991-11,ZZ,0.04,COMM
1991-12,CC,0.04,COMM
1991-12,CT,0.04,COMM
1991-12,DA,0.0,COMM
1991-12,JO,0.04,COMM
1991-12,KC,0.04,COMM
1991-12,LB,0.04,COMM
1991-12,MW,0.04,COMM
1991-12,SB,0.04,COMM
1991-12,ZA,0.04,COMM
1991-12,ZB,0.04,COMM
1991-12,ZC,0.04,COMM
1991-12,ZF,0.04,COMM
1991-12,ZG,0.04,COMM
1991-12,ZI,0.04,COMM
1991-12,ZK,0.04,COMM
1991-12,ZL,0.04,COMM
1991-12,ZM,0.04,COMM
1991-12,ZN,0.04,COMM
1991-12,ZO,0.04,COMM
1991-12,ZP,0.04,COMM
1991-12,ZR,0.04,COMM
1991-12,ZS,0.04,COMM
1991-12,ZT,0.04,COMM
1991-12,ZU,0.04,COMM
1991-12,ZW,0.04,COMM
1991-12,ZZ,0.04,COMM
1992-01,CC,0.04,COMM
1992-01,CT,0.04,COMM
1992-01,DA,0.0,COMM
1992-01,JO,0.04,COMM
1992-01,KC,0.04,COMM
1992-01,LB,0.04,COMM
1992-01,MW,0.04,COMM
1992-01,SB,0.04,COMM
1992-01,ZA,0.04,COMM
1992-01,ZB,0.04,COMM
1992-01,ZC,0.04,COMM
1992-01,ZF,0.04,COMM
1992-01,ZG,0.04,COMM
1992-01,ZI,0.04,COMM
1992-01,ZK,0.04,COMM
1992-01,ZL,0.04,COMM
1992-01,ZM,0.04,COMM
1992-01,ZN,0.04,COMM
1992-01,ZO,0.04,COMM
1992-01,ZP,0.04,COMM
1992-01,ZR,0.04,COMM
1992-01,ZS,0.04,COMM
1992-01,ZT,0.04,COMM
1992-01,ZU,0.04,COMM
1992-01,ZW,0.04,COMM
1992-01,ZZ,0.04,COMM
1992-02,CC,0.04,COMM
1992-02,CT,0.04,COMM
1992-02,DA,0.0,COMM
1992-02,JO,0.04,COMM
1992-02,KC,0.04,COMM
1992-02,LB,0.04,COMM
1992-02,MW,0.04,COMM
1992-02,SB,0.04,COMM
1992-02,ZA,0.04,COMM
1992-02,ZB,0.04,COMM
1992-02,ZC,0.04,COMM
1992-02,ZF,0.04,COMM
1992-02,ZG,0.04,COMM
1992-02,ZI,0.04,COMM
1992-02,ZK,0.04,COMM
1992-02,ZL,0.04,COMM
1992-02,ZM,0.04,COMM
1992-02,ZN,0.04,COMM
1992-02,ZO,0.04,COMM
1992-02,ZP,0.04,COMM
1992-02,ZR,0.04,COMM
1992-02,ZS,0.04,COMM
1992-02,ZT,0.04,COMM
1992-02,ZU,0.04,COMM
1992-02,ZW,0.04,COMM
1992-02,ZZ,0.04,COMM
1992-03,CC,0.04,COMM
1992-03,CT,0.04,COMM
1992-03,DA,0.0,COMM
1992-03,JO,0.04,COMM
1992-03,KC,0.04,COMM
1992-03,LB,0.04,COMM
1992-03,MW,0.04,COMM
1992-03,SB,0.04,COMM
1992-03,ZA,0.04,COMM
1992-03,ZB,0.04,COMM
1992-03,ZC,0.04,COMM
1992-03,ZF,0.04,COMM
1992-03,ZG,0.04,COMM
1992-03,ZI,0.04,COMM
1992-03,ZK,0.04,COMM
1992-03,ZL,0.04,COMM
1992-03,ZM,0.04,COMM
1992-03,ZN,0.04,COMM
1992-03,ZO,0.04,COMM
1992-03,ZP,0.04,COMM
1992-03,ZR,0.04,COMM
1992-03,ZS,0.04,COMM
1992-03,ZT,0.04,COMM
1992-03,ZU,0.04,COMM
1992-03,ZW,0.04,COMM
1992-03,ZZ,0.04,COMM
1992-04,CC,0.04,COMM
1992-04,CT,0.04,COMM
1992-04,DA,0.0,COMM
1992-04,JO,0.04,COMM
1992-04,KC,0.04,COMM
1992-04,LB,0.04,COMM
1992-04,MW,0.04,COMM
1992-04,SB,0.04,COMM
1992-04,ZA,0.04,COMM
1992-04,ZB,0.04,COMM
1992-04,ZC,0.04,COMM
1992-04,ZF,0.04,COMM
1992-04,ZG,0.04,COMM
1992-04,ZI,0.04,COMM
1992-04,ZK,0.04,COMM
1992-04,ZL,0.04,COMM
1992-04,ZM,0.04,COMM
1992-04,ZN,0.04,COMM
1992-04,ZO,0.04,COMM
1992-04,ZP,0.04,COMM
1992-04,ZR,0.04,COMM
1992-04,ZS,0.04,COMM
1992-04,ZT,0.04,COMM
1992-04,ZU,0.04,COMM
1992-04,ZW,0.04,COMM
1992-04,ZZ,0.04,COMM
1992-05,CC,0.04,COMM
1992-05,CT,0.04,COMM
1992-05,DA,0.0,COMM
1992-05,JO,0.04,COMM
1992-05,KC,0.04,COMM
1992-05,LB,0.04,COMM
1992-05,MW,0.04,COMM
1992-05,SB,0.04,COMM
1992-05,ZA,0.04,COMM
1992-05,ZB,0.04,COMM
1992-05,ZC,0.04,COMM
1992-05,ZF,0.04,COMM
1992-05,ZG,0.04,COMM
1992-05,ZI,0.04,COMM
1992-05,ZK,0.04,COMM
1992-05,ZL,0.04,COMM
1992-05,ZM,0.04,COMM
1992-05,ZN,0.04,COMM
1992-05,ZO,0.04,COMM
1992-05,ZP,0.04,COMM
1992-05,ZR,0.04,COMM
1992-05,ZS,0.04,COMM
1992-05,ZT,0.04,COMM
1992-05,ZU,0.04,COMM
1992-05,ZW,0.04,COMM
1992-05,ZZ,0.04,COMM
1992-06,CC,0.04,COMM
1992-06,CT,0.04,COMM
1992-06,DA,0.0,COMM
1992-06,JO,0.04,COMM
1992-06,KC,0.04,COMM
1992-06,LB,0.04,COMM
1992-06,MW,0.04,COMM
1992-06,SB,0.04,COMM
1992-06,ZA,0.04,COMM
1992-06,ZB,0.04,COMM
1992-06,ZC,0.04,COMM
1992-06,ZF,0.04,COMM
1992-06,ZG,0.04,COMM
1992-06,ZI,0.04,COMM
1992-06,ZK,0.04,COMM
1992-06,ZL,0.04,COMM
1992-06,ZM,0.04,COMM
1992-06,ZN,0.04,COMM
1992-06,ZO,0.04,COMM
1992-06,ZP,0.04,COMM
1992-06,ZR,0.04,COMM
1992-06,ZS,0.04,COMM
1992-06,ZT,0.04,COMM
1992-06,ZU,0.04,COMM
1992-06,ZW,0.04,COMM
1992-06,ZZ,0.04,COMM
1992-07,CC,0.04,COMM
1992-07,CT,0.04,COMM
1992-07,DA,0.0,COMM
1992-07,JO,0.04,COMM
1992-07,KC,0.04,COMM
1992-07,LB,0.04,COMM
1992-07,MW,0.04,COMM
1992-07,SB,0.04,COMM
1992-07,ZA,0.04,COMM
1992-07,ZB,0.04,COMM
1992-07,ZC,0.04,COMM
1992-07,ZF,0.04,COMM
1992-07,ZG,0.04,COMM
1992-07,ZI,0.04,COMM
1992-07,ZK,0.04,COMM
1992-07,ZL,0.04,COMM
1992-07,ZM,0.04,COMM
1992-07,ZN,0.04,COMM
1992-07,ZO,0.04,COMM
1992-07,ZP,0.04,COMM
1992-07,ZR,0.04,COMM
1992-07,ZS,0.04,COMM
1992-07,ZT,0.04,COMM
1992-07,ZU,0.04,COMM
1992-07,ZW,0.04,COMM
1992-07,ZZ,0.04,COMM
1992-08,CC,0.04,COMM
1992-08,CT,0.04,COMM
1992-08,DA,0.0,COMM
1992-08,JO,0.04,COMM
1992-08,KC,0.04,COMM
1992-08,LB,0.04,COMM
1992-08,MW,0.04,COMM
1992-08,SB,0.04,COMM
1992-08,ZA,0.04,COMM
1992-08,ZB,0.04,COMM
1992-08,ZC,0.04,COMM
1992-08,ZF,0.04,COMM
1992-08,ZG,0.04,COMM
1992-08,ZI,0.04,COMM
1992-08,ZK,0.04,COMM
1992-08,ZL,0.04,COMM
1992-08,ZM,0.04,COMM
1992-08,ZN,0.04,COMM
1992-08,ZO,0.04,COMM
1992-08,ZP,0.04,COMM
1992-08,ZR,0.04,COMM
1992-08,ZS,0.04,COMM
1992-08,ZT,0.04,COMM
1992-08,ZU,0.04,COMM
1992-08,ZW,0.04,COMM
1992-08,ZZ,0.04,COMM
1992-09,CC,0.04,COMM
1992-09,CT,0.04,COMM
1992-09,DA,0.0,COMM
1992-09,JO,0.04,COMM
1992-09,KC,0.04,COMM
1992-09,LB,0.04,COMM
1992-09,MW,0.04,COMM
1992-09,SB,0.04,COMM
1992-09,ZA,0.04,COMM
1992-09,ZB,0.04,COMM
1992-09,ZC,0.04,COMM
1992-09,ZF,0.04,COMM
1992-09,ZG,0.04,COMM
1992-09,ZI,0.04,COMM
1992-09,ZK,0.04,COMM
1992-09,ZL,0.04,COMM
1992-09,ZM,0.04,COMM
1992-09,ZN,0.04,COMM
1992-09,ZO,0.04,COMM
1992-09,ZP,0.04,COMM
1992-09,ZR,0.04,COMM
1992-09,ZS,0.04,COMM
1992-09,ZT,0.04,COMM
1992-09,ZU,0.04,COMM
1992-09,ZW,0.04,COMM
1992-09,ZZ,0.04,COMM
1992-10,CC,0.04,COMM
1992-10,CT,0.04,COMM
1992-10,DA,0.0,COMM
1992-10,JO,0.04,COMM
1992-10,KC,0.04,COMM
1992-10,LB,0.04,COMM
1992-10,MW,0.04,COMM
1992-10,SB,0.04,COMM
1992-10,ZA,0.04,COMM
1992-10,ZB,0.04,COMM
1992-10,ZC,0.04,COMM
1992-10,ZF,0.04,COMM
1992-10,ZG,0.04,COMM
1992-10,ZI,0.04,COMM
1992-10,ZK,0.04,COMM
1992-10,ZL,0.04,COMM
1992-10,ZM,0.04,COMM
1992-10,ZN,0.04,COMM
1992-10,ZO,0.04,COMM
1992-10,ZP,0.04,COMM
1992-10,ZR,0.04,COMM
1992-10,ZS,0.04,COMM
1992-10,ZT,0.04,COMM
1992-10,ZU,0.04,COMM
1992-10,ZW,0.04,COMM
1992-10,ZZ,0.04,COMM
1992-11,CC,0.04,COMM
1992-11,CT,0.04,COMM
1992-11,DA,0.0,COMM
1992-11,JO,0.04,COMM
1992-11,KC,0.04,COMM
1992-11,LB,0.04,COMM
1992-11,MW,0.04,COMM
1992-11,SB,0.04,COMM
1992-11,ZA,0.04,COMM
1992-11,ZB,0.04,COMM
1992-11,ZC,0.04,COMM
1992-11,ZF,0.04,COMM
1992-11,ZG,0.04,COMM
1992-11,ZI,0.04,COMM
1992-11,ZK,0.04,COMM
1992-11,ZL,0.04,COMM
1992-11,ZM,0.04,COMM
1992-11,ZN,0.04,COMM
1992-11,ZO,0.04,COMM
1992-11,ZP,0.04,COMM
1992-11,ZR,0.04,COMM
1992-11,ZS,0.04,COMM
1992-11,ZT,0.04,COMM
1992-11,ZU,0.04,COMM
1992-11,ZW,0.04,COMM
1992-11,ZZ,0.04,COMM
1992-12,CC,0.04,COMM
1992-12,CT,0.04,COMM
1992-12,DA,0.0,COMM
1992-12,JO,0.04,COMM
1992-12,KC,0.04,COMM
1992-12,LB,0.04,COMM
1992-12,MW,0.04,COMM
1992-12,SB,0.04,COMM
1992-12,ZA,0.04,COMM
1992-12,ZB,0.04,COMM
1992-12,ZC,0.04,COMM
1992-12,ZF,0.04,COMM
1992-12,ZG,0.04,COMM
1992-12,ZI,0.04,COMM
1992-12,ZK,0.04,COMM
1992-12,ZL,0.04,COMM
1992-12,ZM,0.04,COMM
1992-12,ZN,0.04,COMM
1992-12,ZO,0.04,COMM
1992-12,ZP,0.04,COMM
1992-12,ZR,0.04,COMM
1992-12,ZS,0.04,COMM
1992-12,ZT,0.04,COMM
1992-12,ZU,0.04,COMM
1992-12,ZW,0.04,COMM
1992-12,ZZ,0.04,COMM
1993-01,CC,0.04,COMM
1993-01,CT,0.04,COMM
1993-01,DA,0.0,COMM
1993-01,JO,0.04,COMM
1993-01,KC,0.04,COMM
1993-01,LB,0.04,COMM
1993-01,MW,0.04,COMM
1993-01,SB,0.04,COMM
1993-01,ZA,0.04,COMM
1993-01,ZB,0.04,COMM
1993-01,ZC,0.04,COMM
1993-01,ZF,0.04,COMM
1993-01,ZG,0.04,COMM
1993-01,ZI,0.04,COMM
1993-01,ZK,0.04,COMM
1993-01,ZL,0.04,COMM
1993-01,ZM,0.04,COMM
1993-01,ZN,0.04,COMM
1993-01,ZO,0.04,COMM
1993-01,ZP,0.04,COMM
1993-01,ZR,0.04,COMM
1993-01,ZS,0.04,COMM
1993-01,ZT,0.04,COMM
1993-01,ZU,0.04,COMM
1993-01,ZW,0.04,COMM
1993-01,ZZ,0.04,COMM
1993-02,CC,0.04,COMM
1993-02,CT,0.04,COMM
1993-02,DA,0.0,COMM
1993-02,JO,0.04,COMM
1993-02,KC,0.04,COMM
1993-02,LB,0.04,COMM
1993-02,MW,0.04,COMM
1993-02,SB,0.04,COMM
1993-02,ZA,0.04,COMM
1993-02,ZB,0.04,COMM
1993-02,ZC,0.04,COMM
1993-02,ZF,0.04,COMM
1993-02,ZG,0.04,COMM
1993-02,ZI,0.04,COMM
1993-02,ZK,0.04,COMM
1993-02,ZL,0.04,COMM
1993-02,ZM,0.04,COMM
1993-02,ZN,0.04,COMM
1993-02,ZO,0.04,COMM
1993-02,ZP,0.04,COMM
1993-02,ZR,0.04,COMM
1993-02,ZS,0.04,COMM
1993-02,ZT,0.04,COMM
1993-02,ZU,0.04,COMM
1993-02,ZW,0.04,COMM
1993-02,ZZ,0.04,COMM
1993-03,CC,0.04,COMM
1993-03,CT,0.04,COMM
1993-03,DA,0.0,COMM
1993-03,JO,0.04,COMM
1993-03,KC,0.04,COMM
1993-03,LB,0.04,COMM
1993-03,MW,0.04,COMM
1993-03,SB,0.04,COMM
1993-03,ZA,0.04,COMM
1993-03,ZB,0.04,COMM
1993-03,ZC,0.04,COMM
1993-03,ZF,0.04,COMM
1993-03,ZG,0.04,COMM
1993-03,ZI,0.04,COMM
1993-03,ZK,0.04,COMM
1993-03,ZL,0.04,COMM
1993-03,ZM,0.04,COMM
1993-03,ZN,0.04,COMM
1993-03,ZO,0.04,COMM
1993-03,ZP,0.04,COMM
1993-03,ZR,0.04,COMM
1993-03,ZS,0.04,COMM
1993-03,ZT,0.04,COMM
1993-03,ZU,0.04,COMM
1993-03,ZW,0.04,COMM
1993-03,ZZ,0.04,COMM
1993-04,CC,0.04,COMM
1993-04,CT,0.04,COMM
1993-04,DA,0.0,COMM
1993-04,JO,0.04,COMM
1993-04,KC,0.04,COMM
1993-04,LB,0.04,COMM
1993-04,MW,0.04,COMM
1993-04,SB,0.04,COMM
1993-04,ZA,0.04,COMM
1993-04,ZB,0.04,COMM
1993-04,ZC,0.04,COMM
1993-04,ZF,0.04,COMM
1993-04,ZG,0.04,COMM
1993-04,ZI,0.04,COMM
1993-04,ZK,0.04,COMM
1993-04,ZL,0.04,COMM
1993-04,ZM,0.04,COMM
1993-04,ZN,0.04,COMM
1993-04,ZO,0.04,COMM
1993-04,ZP,0.04,COMM
1993-04,ZR,0.04,COMM
1993-04,ZS,0.04,COMM
1993-04,ZT,0.04,COMM
1993-04,ZU,0.04,COMM
1993-04,ZW,0.04,COMM
1993-04,ZZ,0.04,COMM
1993-05,CC,0.04,COMM
1993-05,CT,0.04,COMM
1993-05,DA,0.0,COMM
1993-05,JO,0.04,COMM
1993-05,KC,0.04,COMM
1993-05,LB,0.04,COMM
1993-05,MW,0.04,COMM
1993-05,SB,0.04,COMM
1993-05,ZA,0.04,COMM
1993-05,ZB,0.04,COMM
1993-05,ZC,0.04,COMM
1993-05,ZF,0.04,COMM
1993-05,ZG,0.04,COMM
1993-05,ZI,0.04,COMM
1993-05,ZK,0.04,COMM
1993-05,ZL,0.04,COMM
1993-05,ZM,0.04,COMM
1993-05,ZN,0.04,COMM
1993-05,ZO,0.04,COMM
1993-05,ZP,0.04,COMM
1993-05,ZR,0.04,COMM
1993-05,ZS,0.04,COMM
1993-05,ZT,0.04,COMM
1993-05,ZU,0.04,COMM
1993-05,ZW,0.04,COMM
1993-05,ZZ,0.04,COMM
1993-06,CC,0.04,COMM
1993-06,CT,0.04,COMM
1993-06,DA,0.0,COMM
1993-06,JO,0.04,COMM
1993-06,KC,0.04,COMM
1993-06,LB,0.04,COMM
1993-06,MW,0.04,COMM
1993-06,SB,0.04,COMM
1993-06,ZA,0.04,COMM
1993-06,ZB,0.04,COMM
1993-06,ZC,0.04,COMM
1993-06,ZF,0.04,COMM
1993-06,ZG,0.04,COMM
1993-06,ZI,0.04,COMM
1993-06,ZK,0.04,COMM
1993-06,ZL,0.04,COMM
1993-06,ZM,0.04,COMM
1993-06,ZN,0.04,COMM
1993-06,ZO,0.04,COMM
1993-06,ZP,0.04,COMM
1993-06,ZR,0.04,COMM
1993-06,ZS,0.04,COMM
1993-06,ZT,0.04,COMM
1993-06,ZU,0.04,COMM
1993-06,ZW,0.04,COMM
1993-06,ZZ,0.04,COMM
1993-07,CC,0.04,COMM
1993-07,CT,0.04,COMM
1993-07,DA,0.0,COMM
1993-07,JO,0.04,COMM
1993-07,KC,0.04,COMM
1993-07,LB,0.04,COMM
1993-07,MW,0.04,COMM
1993-07,SB,0.04,COMM
1993-07,ZA,0.04,COMM
1993-07,ZB,0.04,COMM
1993-07,ZC,0.04,COMM
1993-07,ZF,0.04,COMM
1993-07,ZG,0.04,COMM
1993-07,ZI,0.04,COMM
1993-07,ZK,0.04,COMM
1993-07,ZL,0.04,COMM
1993-07,ZM,0.04,COMM
1993-07,ZN,0.04,COMM
1993-07,ZO,0.04,COMM
1993-07,ZP,0.04,COMM
1993-07,ZR,0.04,COMM
1993-07,ZS,0.04,COMM
1993-07,ZT,0.04,COMM
1993-07,ZU,0.04,COMM
1993-07,ZW,0.04,COMM
1993-07,ZZ,0.04,COMM
1993-08,CC,0.04,COMM
1993-08,CT,0.04,COMM
1993-08,DA,0.0,COMM
1993-08,JO,0.04,COMM
1993-08,KC,0.04,COMM
1993-08,LB,0.04,COMM
1993-08,MW,0.04,COMM
1993-08,SB,0.04,COMM
1993-08,ZA,0.04,COMM
1993-08,ZB,0.04,COMM
1993-08,ZC,0.04,COMM
1993-08,ZF,0.04,COMM
1993-08,ZG,0.04,COMM
1993-08,ZI,0.04,COMM
1993-08,ZK,0.04,COMM
1993-08,ZL,0.04,COMM
1993-08,ZM,0.04,COMM
1993-08,ZN,0.04,COMM
1993-08,ZO,0.04,COMM
1993-08,ZP,0.04,COMM
1993-08,ZR,0.04,COMM
1993-08,ZS,0.04,COMM
1993-08,ZT,0.04,COMM
1993-08,ZU,0.04,COMM
1993-08,ZW,0.04,COMM
1993-08,ZZ,0.04,COMM
1993-09,CC,0.04,COMM
1993-09,CT,0.04,COMM
1993-09,DA,0.0,COMM
1993-09,JO,0.04,COMM
1993-09,KC,0.04,COMM
1993-09,LB,0.04,COMM
1993-09,MW,0.04,COMM
1993-09,SB,0.04,COMM
1993-09,ZA,0.04,COMM
1993-09,ZB,0.04,COMM
1993-09,ZC,0.04,COMM
1993-09,ZF,0.04,COMM
1993-09,ZG,0.04,COMM
1993-09,ZI,0.04,COMM
1993-09,ZK,0.04,COMM
1993-09,ZL,0.04,COMM
1993-09,ZM,0.04,COMM
1993-09,ZN,0.04,COMM
1993-09,ZO,0.04,COMM
1993-09,ZP,0.04,COMM
1993-09,ZR,0.04,COMM
1993-09,ZS,0.04,COMM
1993-09,ZT,0.04,COMM
1993-09,ZU,0.04,COMM
1993-09,ZW,0.04,COMM
1993-09,ZZ,0.04,COMM
1993-10,CC,0.04,COMM
1993-10,CT,0.04,COMM
1993-10,DA,0.0,COMM
1993-10,JO,0.04,COMM
1993-10,KC,0.04,COMM
1993-10,LB,0.04,COMM
1993-10,MW,0.04,COMM
1993-10,SB,0.04,COMM
1993-10,ZA,0.04,COMM
1993-10,ZB,0.04,COMM
1993-10,ZC,0.04,COMM
1993-10,ZF,0.04,COMM
1993-10,ZG,0.04,COMM
1993-10,ZI,0.04,COMM
1993-10,ZK,0.04,COMM
1993-10,ZL,0.04,COMM
1993-10,ZM,0.04,COMM
1993-10,ZN,0.04,COMM
1993-10,ZO,0.04,COMM
1993-10,ZP,0.04,COMM
1993-10,ZR,0.04,COMM
1993-10,ZS,0.04,COMM
1993-10,ZT,0.04,COMM
1993-10,ZU,0.04,COMM
1993-10,ZW,0.04,COMM
1993-10,ZZ,0.04,COMM
1993-11,CC,0.04,COMM
1993-11,CT,0.04,COMM
1993-11,DA,0.0,COMM
1993-11,JO,0.04,COMM
1993-11,KC,0.04,COMM
1993-11,LB,0.04,COMM
1993-11,MW,0.04,COMM
1993-11,SB,0.04,COMM
1993-11,ZA,0.04,COMM
1993-11,ZB,0.04,COMM
1993-11,ZC,0.04,COMM
1993-11,ZF,0.04,COMM
1993-11,ZG,0.04,COMM
1993-11,ZI,0.04,COMM
1993-11,ZK,0.04,COMM
1993-11,ZL,0.04,COMM
1993-11,ZM,0.04,COMM
1993-11,ZN,0.04,COMM
1993-11,ZO,0.04,COMM
1993-11,ZP,0.04,COMM
1993-11,ZR,0.04,COMM
1993-11,ZS,0.04,COMM
1993-11,ZT,0.04,COMM
1993-11,ZU,0.04,COMM
1993-11,ZW,0.04,COMM
1993-11,ZZ,0.04,COMM
1993-12,CC,0.04,COMM
1993-12,CT,0.04,COMM
1993-12,DA,0.0,COMM
1993-12,JO,0.04,COMM
1993-12,KC,0.04,COMM
1993-12,LB,0.04,COMM
1993-12,MW,0.04,COMM
1993-12,SB,0.04,COMM
1993-12,ZA,0.04,COMM
1993-12,ZB,0.04,COMM
1993-12,ZC,0.04,COMM
1993-12,ZF,0.04,COMM
1993-12,ZG,0.04,COMM
1993-12,ZI,0.04,COMM
1993-12,ZK,0.04,COMM
1993-12,ZL,0.04,COMM
1993-12,ZM,0.04,COMM
1993-12,ZN,0.04,COMM
1993-12,ZO,0.04,COMM
1993-12,ZP,0.04,COMM
1993-12,ZR,0.04,COMM
1993-12,ZS,0.04,COMM
1993-12,ZT,0.04,COMM
1993-12,ZU,0.04,COMM
1993-12,ZW,0.04,COMM
1993-12,ZZ,0.04,COMM
1994-01,CC,0.04,COMM
1994-01,CT,0.04,COMM
1994-01,DA,0.0,COMM
1994-01,JO,0.04,COMM
1994-01,KC,0.04,COMM
1994-01,LB,0.04,COMM
1994-01,MW,0.04,COMM
1994-01,SB,0.04,COMM
1994-01,ZA,0.04,COMM
1994-01,ZB,0.04,COMM
1994-01,ZC,0.04,COMM
1994-01,ZF,0.04,COMM
1994-01,ZG,0.04,COMM
1994-01,ZI,0.04,COMM
1994-01,ZK,0.04,COMM
1994-01,ZL,0.04,COMM
1994-01,ZM,0.04,COMM
1994-01,ZN,0.04,COMM
1994-01,ZO,0.04,COMM
1994-01,ZP,0.04,COMM
1994-01,ZR,0.04,COMM
1994-01,ZS,0.04,COMM
1994-01,ZT,0.04,COMM
1994-01,ZU,0.04,COMM
1994-01,ZW,0.04,COMM
1994-01,ZZ,0.04,COMM
1994-02,CC,0.04,COMM
1994-02,CT,0.04,COMM
1994-02,DA,0.0,COMM
1994-02,JO,0.04,COMM
1994-02,KC,0.04,COMM
1994-02,LB,0.04,COMM
1994-02,MW,0.04,COMM
1994-02,SB,0.04,COMM
1994-02,ZA,0.04,COMM
1994-02,ZB,0.04,COMM
1994-02,ZC,0.04,COMM
1994-02,ZF,0.04,COMM
1994-02,ZG,0.04,COMM
1994-02,ZI,0.04,COMM
1994-02,ZK,0.04,COMM
1994-02,ZL,0.04,COMM
1994-02,ZM,0.04,COMM
1994-02,ZN,0.04,COMM
1994-02,ZO,0.04,COMM
1994-02,ZP,0.04,COMM
1994-02,ZR,0.04,COMM
1994-02,ZS,0.04,COMM
1994-02,ZT,0.04,COMM
1994-02,ZU,0.04,COMM
1994-02,ZW,0.04,COMM
1994-02,ZZ,0.04,COMM
1994-03,CC,0.04,COMM
1994-03,CT,0.04,COMM
1994-03,DA,0.0,COMM
1994-03,JO,0.04,COMM
1994-03,KC,0.04,COMM
1994-03,LB,0.04,COMM
1994-03,MW,0.04,COMM
1994-03,SB,0.04,COMM
1994-03,ZA,0.04,COMM
1994-03,ZB,0.04,COMM
1994-03,ZC,0.04,COMM
1994-03,ZF,0.04,COMM
1994-03,ZG,0.04,COMM
1994-03,ZI,0.04,COMM
1994-03,ZK,0.04,COMM
1994-03,ZL,0.04,COMM
1994-03,ZM,0.04,COMM
1994-03,ZN,0.04,COMM
1994-03,ZO,0.04,COMM
1994-03,ZP,0.04,COMM
1994-03,ZR,0.04,COMM
1994-03,ZS,0.04,COMM
1994-03,ZT,0.04,COMM
1994-03,ZU,0.04,COMM
1994-03,ZW,0.04,COMM
1994-03,ZZ,0.04,COMM
1994-04,CC,0.04,COMM
1994-04,CT,0.04,COMM
1994-04,DA,0.0,COMM
1994-04,JO,0.04,COMM
1994-04,KC,0.04,COMM
1994-04,LB,0.04,COMM
1994-04,MW,0.04,COMM
1994-04,SB,0.04,COMM
1994-04,ZA,0.04,COMM
1994-04,ZB,0.04,COMM
1994-04,ZC,0.04,COMM
1994-04,ZF,0.04,COMM
1994-04,ZG,0.04,COMM
1994-04,ZI,0.04,COMM
1994-04,ZK,0.04,COMM
1994-04,ZL,0.04,COMM
1994-04,ZM,0.04,COMM
1994-04,ZN,0.04,COMM
1994-04,ZO,0.04,COMM
1994-04,ZP,0.04,COMM
1994-04,ZR,0.04,COMM
1994-04,ZS,0.04,COMM
1994-04,ZT,0.04,COMM
1994-04,ZU,0.04,COMM
1994-04,ZW,0.04,COMM
1994-04,ZZ,0.04,COMM
1994-05,CC,0.04,COMM
1994-05,CT,0.04,COMM
1994-05,DA,0.0,COMM
1994-05,JO,0.04,COMM
1994-05,KC,0.04,COMM
1994-05,LB,0.04,COMM
1994-05,MW,0.04,COMM
1994-05,SB,0.04,COMM
1994-05,ZA,0.04,COMM
1994-05,ZB,0.04,COMM
1994-05,ZC,0.04,COMM
1994-05,ZF,0.04,COMM
1994-05,ZG,0.04,COMM
1994-05,ZI,0.04,COMM
1994-05,ZK,0.04,COMM
1994-05,ZL,0.04,COMM
1994-05,ZM,0.04,COMM
1994-05,ZN,0.04,COMM
1994-05,ZO,0.04,COMM
1994-05,ZP,0.04,COMM
1994-05,ZR,0.04,COMM
1994-05,ZS,0.04,COMM
1994-05,ZT,0.04,COMM
1994-05,ZU,0.04,COMM
1994-05,ZW,0.04,COMM
1994-05,ZZ,0.04,COMM
1994-06,CC,0.04,COMM
1994-06,CT,0.04,COMM
1994-06,DA,0.0,COMM
1994-06,JO,0.04,COMM
1994-06,KC,0.04,COMM
1994-06,LB,0.04,COMM
1994-06,MW,0.04,COMM
1994-06,SB,0.04,COMM
1994-06,ZA,0.04,COMM
1994-06,ZB,0.04,COMM
1994-06,ZC,0.04,COMM
1994-06,ZF,0.04,COMM
1994-06,ZG,0.04,COMM
1994-06,ZI,0.04,COMM
1994-06,ZK,0.04,COMM
1994-06,ZL,0.04,COMM
1994-06,ZM,0.04,COMM
1994-06,ZN,0.04,COMM
1994-06,ZO,0.04,COMM
1994-06,ZP,0.04,COMM
1994-06,ZR,0.04,COMM
1994-06,ZS,0.04,COMM
1994-06,ZT,0.04,COMM
1994-06,ZU,0.04,COMM
1994-06,ZW,0.04,COMM
1994-06,ZZ,0.04,COMM
1994-07,CC,0.04,COMM
1994-07,CT,0.04,COMM
1994-07,DA,0.0,COMM
1994-07,JO,0.04,COMM
1994-07,KC,0.04,COMM
1994-07,LB,0.04,COMM
1994-07,MW,0.04,COMM
1994-07,SB,0.04,COMM
1994-07,ZA,0.04,COMM
1994-07,ZB,0.04,COMM
1994-07,ZC,0.04,COMM
1994-07,ZF,0.04,COMM
1994-07,ZG,0.04,COMM
1994-07,ZI,0.04,COMM
1994-07,ZK,0.04,COMM
1994-07,ZL,0.04,COMM
1994-07,ZM,0.04,COMM
1994-07,ZN,0.04,COMM
1994-07,ZO,0.04,COMM
1994-07,ZP,0.04,COMM
1994-07,ZR,0.04,COMM
1994-07,ZS,0.04,COMM
1994-07,ZT,0.04,COMM
1994-07,ZU,0.04,COMM
1994-07,ZW,0.04,COMM
1994-07,ZZ,0.04,COMM
1994-08,CC,0.04,COMM
1994-08,CT,0.04,COMM
1994-08,DA,0.0,COMM
1994-08,JO,0.04,COMM
1994-08,KC,0.04,COMM
1994-08,LB,0.04,COMM
1994-08,MW,0.04,COMM
1994-08,SB,0.04,COMM
1994-08,ZA,0.04,COMM
1994-08,ZB,0.04,COMM
1994-08,ZC,0.04,COMM
1994-08,ZF,0.04,COMM
1994-08,ZG,0.04,COMM
1994-08,ZI,0.04,COMM
1994-08,ZK,0.04,COMM
1994-08,ZL,0.04,COMM
1994-08,ZM,0.04,COMM
1994-08,ZN,0.04,COMM
1994-08,ZO,0.04,COMM
1994-08,ZP,0.04,COMM
1994-08,ZR,0.04,COMM
1994-08,ZS,0.04,COMM
1994-08,ZT,0.04,COMM
1994-08,ZU,0.04,COMM
1994-08,ZW,0.04,COMM
1994-08,ZZ,0.04,COMM
1994-09,CC,0.04,COMM
1994-09,CT,0.04,COMM
1994-09,DA,0.0,COMM
1994-09,JO,0.04,COMM
1994-09,KC,0.04,COMM
1994-09,LB,0.04,COMM
1994-09,MW,0.04,COMM
1994-09,SB,0.04,COMM
1994-09,ZA,0.04,COMM
1994-09,ZB,0.04,COMM
1994-09,ZC,0.04,COMM
1994-09,ZF,0.04,COMM
1994-09,ZG,0.04,COMM
1994-09,ZI,0.04,COMM
1994-09,ZK,0.04,COMM
1994-09,ZL,0.04,COMM
1994-09,ZM,0.04,COMM
1994-09,ZN,0.04,COMM
1994-09,ZO,0.04,COMM
1994-09,ZP,0.04,COMM
1994-09,ZR,0.04,COMM
1994-09,ZS,0.04,COMM
1994-09,ZT,0.04,COMM
1994-09,ZU,0.04,COMM
1994-09,ZW,0.04,COMM
1994-09,ZZ,0.04,COMM
1994-10,CC,0.04,COMM
1994-10,CT,0.04,COMM
1994-10,DA,0.0,COMM
1994-10,JO,0.04,COMM
1994-10,KC,0.04,COMM
1994-10,LB,0.04,COMM
1994-10,MW,0.04,COMM
1994-10,SB,0.04,COMM
1994-10,ZA,0.04,COMM
1994-10,ZB,0.04,COMM
1994-10,ZC,0.04,COMM
1994-10,ZF,0.04,COMM
1994-10,ZG,0.04,COMM
1994-10,ZI,0.04,COMM
1994-10,ZK,0.04,COMM
1994-10,ZL,0.04,COMM
1994-10,ZM,0.04,COMM
1994-10,ZN,0.04,COMM
1994-10,ZO,0.04,COMM
1994-10,ZP,0.04,COMM
1994-10,ZR,0.04,COMM
1994-10,ZS,0.04,COMM
1994-10,ZT,0.04,COMM
1994-10,ZU,0.04,COMM
1994-10,ZW,0.04,COMM
1994-10,ZZ,0.04,COMM
1994-11,CC,0.04,COMM
1994-11,CT,0.04,COMM
1994-11,DA,0.0,COMM
1994-11,JO,0.04,COMM
1994-11,KC,0.04,COMM
1994-11,LB,0.04,COMM
1994-11,MW,0.04,COMM
1994-11,SB,0.04,COMM
1994-11,ZA,0.04,COMM
1994-11,ZB,0.04,COMM
1994-11,ZC,0.04,COMM
1994-11,ZF,0.04,COMM
1994-11,ZG,0.04,COMM
1994-11,ZI,0.04,COMM
1994-11,ZK,0.04,COMM
1994-11,ZL,0.04,COMM
1994-11,ZM,0.04,COMM
1994-11,ZN,0.04,COMM
1994-11,ZO,0.04,COMM
1994-11,ZP,0.04,COMM
1994-11,ZR,0.04,COMM
1994-11,ZS,0.04,COMM
1994-11,ZT,0.04,COMM
1994-11,ZU,0.04,COMM
1994-11,ZW,0.04,COMM
1994-11,ZZ,0.04,COMM
1994-12,CC,0.04,COMM
1994-12,CT,0.04,COMM
1994-12,DA,0.0,COMM
1994-12,JO,0.04,COMM
1994-12,KC,0.04,COMM
1994-12,LB,0.04,COMM
1994-12,MW,0.04,COMM
1994-12,SB,0.04,COMM
1994-12,ZA,0.04,COMM
1994-12,ZB,0.04,COMM
1994-12,ZC,0.04,COMM
1994-12,ZF,0.04,COMM
1994-12,ZG,0.04,COMM
1994-12,ZI,0.04,COMM
1994-12,ZK,0.04,COMM
1994-12,ZL,0.04,COMM
1994-12,ZM,0.04,COMM
1994-12,ZN,0.04,COMM
1994-12,ZO,0.04,COMM
1994-12,ZP,0.04,COMM
1994-12,ZR,0.04,COMM
1994-12,ZS,0.04,COMM
1994-12,ZT,0.04,COMM
1994-12,ZU,0.04,COMM
1994-12,ZW,0.04,COMM
1994-12,ZZ,0.04,COMM
1995-01,CC,0.04,COMM
1995-01,CT,0.04,COMM
1995-01,DA,0.0,COMM
1995-01,JO,0.04,COMM
1995-01,KC,0.04,COMM
1995-01,LB,0.04,COMM
1995-01,MW,0.04,COMM
1995-01,SB,0.04,COMM
1995-01,ZA,0.04,COMM
1995-01,ZB,0.04,COMM
1995-01,ZC,0.04,COMM
1995-01,ZF,0.04,COMM
1995-01,ZG,0.04,COMM
1995-01,ZI,0.04,COMM
1995-01,ZK,0.04,COMM
1995-01,ZL,0.04,COMM
1995-01,ZM,0.04,COMM
1995-01,ZN,0.04,COMM
1995-01,ZO,0.04,COMM
1995-01,ZP,0.04,COMM
1995-01,ZR,0.04,COMM
1995-01,ZS,0.04,COMM
1995-01,ZT,0.04,COMM
1995-01,ZU,0.04,COMM
1995-01,ZW,0.04,COMM
1995-01,ZZ,0.04,COMM
1995-02,CC,0.04,COMM
1995-02,CT,0.04,COMM
1995-02,DA,0.0,COMM
1995-02,JO,0.04,COMM
1995-02,KC,0.04,COMM
1995-02,LB,0.04,COMM
1995-02,MW,0.04,COMM
1995-02,SB,0.04,COMM
1995-02,ZA,0.04,COMM
1995-02,ZB,0.04,COMM
1995-02,ZC,0.04,COMM
1995-02,ZF,0.04,COMM
1995-02,ZG,0.04,COMM
1995-02,ZI,0.04,COMM
1995-02,ZK,0.04,COMM
1995-02,ZL,0.04,COMM
1995-02,ZM,0.04,COMM
1995-02,ZN,0.04,COMM
1995-02,ZO,0.04,COMM
1995-02,ZP,0.04,COMM
1995-02,ZR,0.04,COMM
1995-02,ZS,0.04,COMM
1995-02,ZT,0.04,COMM
1995-02,ZU,0.04,COMM
1995-02,ZW,0.04,COMM
1995-02,ZZ,0.04,COMM
1995-03,CC,0.04,COMM
1995-03,CT,0.04,COMM
1995-03,DA,0.0,COMM
1995-03,JO,0.04,COMM
1995-03,KC,0.04,COMM
1995-03,LB,0.04,COMM
1995-03,MW,0.04,COMM
1995-03,SB,0.04,COMM
1995-03,ZA,0.04,COMM
1995-03,ZB,0.04,COMM
1995-03,ZC,0.04,COMM
1995-03,ZF,0.04,COMM
1995-03,ZG,0.04,COMM
1995-03,ZI,0.04,COMM
1995-03,ZK,0.04,COMM
1995-03,ZL,0.04,COMM
1995-03,ZM,0.04,COMM
1995-03,ZN,0.04,COMM
1995-03,ZO,0.04,COMM
1995-03,ZP,0.04,COMM
1995-03,ZR,0.04,COMM
1995-03,ZS,0.04,COMM
1995-03,ZT,0.04,COMM
1995-03,ZU,0.04,COMM
1995-03,ZW,0.04,COMM
1995-03,ZZ,0.04,COMM
1995-04,CC,0.04,COMM
1995-04,CT,0.04,COMM
1995-04,DA,0.0,COMM
1995-04,JO,0.04,COMM
1995-04,KC,0.04,COMM
1995-04,LB,0.04,COMM
1995-04,MW,0.04,COMM
1995-04,SB,0.04,COMM
1995-04,ZA,0.04,COMM
1995-04,ZB,0.04,COMM
1995-04,ZC,0.04,COMM
1995-04,ZF,0.04,COMM
1995-04,ZG,0.04,COMM
1995-04,ZI,0.04,COMM
1995-04,ZK,0.04,COMM
1995-04,ZL,0.04,COMM
1995-04,ZM,0.04,COMM
1995-04,ZN,0.04,COMM
1995-04,ZO,0.04,COMM
1995-04,ZP,0.04,COMM
1995-04,ZR,0.04,COMM
1995-04,ZS,0.04,COMM
1995-04,ZT,0.04,COMM
1995-04,ZU,0.04,COMM
1995-04,ZW,0.04,COMM
1995-04,ZZ,0.04,COMM
1995-05,CC,0.04,COMM
1995-05,CT,0.04,COMM
1995-05,DA,0.0,COMM
1995-05,JO,0.04,COMM
1995-05,KC,0.04,COMM
1995-05,LB,0.04,COMM
1995-05,MW,0.04,COMM
1995-05,SB,0.04,COMM
1995-05,ZA,0.04,COMM
1995-05,ZB,0.04,COMM
1995-05,ZC,0.04,COMM
1995-05,ZF,0.04,COMM
1995-05,ZG,0.04,COMM
1995-05,ZI,0.04,COMM
1995-05,ZK,0.04,COMM
1995-05,ZL,0.04,COMM
1995-05,ZM,0.04,COMM
1995-05,ZN,0.04,COMM
1995-05,ZO,0.04,COMM
1995-05,ZP,0.04,COMM
1995-05,ZR,0.04,COMM
1995-05,ZS,0.04,COMM
1995-05,ZT,0.04,COMM
1995-05,ZU,0.04,COMM
1995-05,ZW,0.04,COMM
1995-05,ZZ,0.04,COMM
1995-06,CC,0.04,COMM
1995-06,CT,0.04,COMM
1995-06,DA,0.0,COMM
1995-06,JO,0.04,COMM
1995-06,KC,0.04,COMM
1995-06,LB,0.04,COMM
1995-06,MW,0.04,COMM
1995-06,SB,0.04,COMM
1995-06,ZA,0.04,COMM
1995-06,ZB,0.04,COMM
1995-06,ZC,0.04,COMM
1995-06,ZF,0.04,COMM
1995-06,ZG,0.04,COMM
1995-06,ZI,0.04,COMM
1995-06,ZK,0.04,COMM
1995-06,ZL,0.04,COMM
1995-06,ZM,0.04,COMM
1995-06,ZN,0.04,COMM
1995-06,ZO,0.04,COMM
1995-06,ZP,0.04,COMM
1995-06,ZR,0.04,COMM
1995-06,ZS,0.04,COMM
1995-06,ZT,0.04,COMM
1995-06,ZU,0.04,COMM
1995-06,ZW,0.04,COMM
1995-06,ZZ,0.04,COMM
1995-07,CC,0.04,COMM
1995-07,CT,0.04,COMM
1995-07,DA,0.0,COMM
1995-07,JO,0.04,COMM
1995-07,KC,0.04,COMM
1995-07,LB,0.04,COMM
1995-07,MW,0.04,COMM
1995-07,SB,0.04,COMM
1995-07,ZA,0.04,COMM
1995-07,ZB,0.04,COMM
1995-07,ZC,0.04,COMM
1995-07,ZF,0.04,COMM
1995-07,ZG,0.04,COMM
1995-07,ZI,0.04,COMM
1995-07,ZK,0.04,COMM
1995-07,ZL,0.04,COMM
1995-07,ZM,0.04,COMM
1995-07,ZN,0.04,COMM
1995-07,ZO,0.04,COMM
1995-07,ZP,0.04,COMM
1995-07,ZR,0.04,COMM
1995-07,ZS,0.04,COMM
1995-07,ZT,0.04,COMM
1995-07,ZU,0.04,COMM
1995-07,ZW,0.04,COMM
1995-07,ZZ,0.04,COMM
1995-08,CC,0.04,COMM
1995-08,CT,0.04,COMM
1995-08,DA,0.0,COMM
1995-08,JO,0.04,COMM
1995-08,KC,0.04,COMM
1995-08,LB,0.04,COMM
1995-08,MW,0.04,COMM
1995-08,SB,0.04,COMM
1995-08,ZA,0.04,COMM
1995-08,ZB,0.04,COMM
1995-08,ZC,0.04,COMM
1995-08,ZF,0.04,COMM
1995-08,ZG,0.04,COMM
1995-08,ZI,0.04,COMM
1995-08,ZK,0.04,COMM
1995-08,ZL,0.04,COMM
1995-08,ZM,0.04,COMM
1995-08,ZN,0.04,COMM
1995-08,ZO,0.04,COMM
1995-08,ZP,0.04,COMM
1995-08,ZR,0.04,COMM
1995-08,ZS,0.04,COMM
1995-08,ZT,0.04,COMM
1995-08,ZU,0.04,COMM
1995-08,ZW,0.04,COMM
1995-08,ZZ,0.04,COMM
1995-09,CC,0.04,COMM
1995-09,CT,0.04,COMM
1995-09,DA,0.0,COMM
1995-09,JO,0.04,COMM
1995-09,KC,0.04,COMM
1995-09,LB,0.04,COMM
1995-09,MW,0.04,COMM
1995-09,SB,0.04,COMM
1995-09,ZA,0.04,COMM
1995-09,ZB,0.04,COMM
1995-09,ZC,0.04,COMM
1995-09,ZF,0.04,COMM
1995-09,ZG,0.04,COMM
1995-09,ZI,0.04,COMM
1995-09,ZK,0.04,COMM
1995-09,ZL,0.04,COMM
1995-09,ZM,0.04,COMM
1995-09,ZN,0.04,COMM
1995-09,ZO,0.04,COMM
1995-09,ZP,0.04,COMM
1995-09,ZR,0.04,COMM
1995-09,ZS,0.04,COMM
1995-09,ZT,0.04,COMM
1995-09,ZU,0.04,COMM
1995-09,ZW,0.04,COMM
1995-09,ZZ,0.04,COMM
1995-10,CC,0.04,COMM
1995-10,CT,0.04,COMM
1995-10,DA,0.0,COMM
1995-10,JO,0.04,COMM
1995-10,KC,0.04,COMM
1995-10,LB,0.04,COMM
1995-10,MW,0.04,COMM
1995-10,SB,0.04,COMM
1995-10,ZA,0.04,COMM
1995-10,ZB,0.04,COMM
1995-10,ZC,0.04,COMM
1995-10,ZF,0.04,COMM
1995-10,ZG,0.04,COMM
1995-10,ZI,0.04,COMM
1995-10,ZK,0.04,COMM
1995-10,ZL,0.04,COMM
1995-10,ZM,0.04,COMM
1995-10,ZN,0.04,COMM
1995-10,ZO,0.04,COMM
1995-10,ZP,0.04,COMM
1995-10,ZR,0.04,COMM
1995-10,ZS,0.04,COMM
1995-10,ZT,0.04,COMM
1995-10,ZU,0.04,COMM
1995-10,ZW,0.04,COMM
1995-10,ZZ,0.04,COMM
1995-11,CC,0.04,COMM
1995-11,CT,0.04,COMM
1995-11,DA,0.0,COMM
1995-11,JO,0.04,COMM
1995-11,KC,0.04,COMM
1995-11,LB,0.04,COMM
1995-11,MW,0.04,COMM
1995-11,SB,0.04,COMM
1995-11,ZA,0.04,COMM
1995-11,ZB,0.04,COMM
1995-11,ZC,0.04,COMM
1995-11,ZF,0.04,COMM
1995-11,ZG,0.04,COMM
1995-11,ZI,0.04,COMM
1995-11,ZK,0.04,COMM
1995-11,ZL,0.04,COMM
1995-11,ZM,0.04,COMM
1995-11,ZN,0.04,COMM
1995-11,ZO,0.04,COMM
1995-11,ZP,0.04,COMM
1995-11,ZR,0.04,COMM
1995-11,ZS,0.04,COMM
1995-11,ZT,0.04,COMM
1995-11,ZU,0.04,COMM
1995-11,ZW,0.04,COMM
1995-11,ZZ,0.04,COMM
1995-12,CC,0.04,COMM
1995-12,CT,0.04,COMM
1995-12,DA,0.0,COMM
1995-12,JO,0.04,COMM
1995-12,KC,0.04,COMM
1995-12,LB,0.04,COMM
1995-12,MW,0.04,COMM
1995-12,SB,0.04,COMM
1995-12,ZA,0.04,COMM
1995-12,ZB,0.04,COMM
1995-12,ZC,0.04,COMM
1995-12,ZF,0.04,COMM
1995-12,ZG,0.04,COMM
1995-12,ZI,0.04,COMM
1995-12,ZK,0.04,COMM
1995-12,ZL,0.04,COMM
1995-12,ZM,0.04,COMM
1995-12,ZN,0.04,COMM
1995-12,ZO,0.04,COMM
1995-12,ZP,0.04,COMM
1995-12,ZR,0.04,COMM
1995-12,ZS,0.04,COMM
1995-12,ZT,0.04,COMM
1995-12,ZU,0.04,COMM
1995-12,ZW,0.04,COMM
1995-12,ZZ,0.04,COMM
1996-01,CC,0.04,COMM
1996-01,CT,0.04,COMM
1996-01,DA,0.0,COMM
1996-01,JO,0.04,COMM
1996-01,KC,0.04,COMM
1996-01,LB,0.04,COMM
1996-01,MW,0.04,COMM
1996-01,SB,0.04,COMM
1996-01,ZA,0.04,COMM
1996-01,ZB,0.04,COMM
1996-01,ZC,0.04,COMM
1996-01,ZF,0.04,COMM
1996-01,ZG,0.04,COMM
1996-01,ZI,0.04,COMM
1996-01,ZK,0.04,COMM
1996-01,ZL,0.04,COMM
1996-01,ZM,0.04,COMM
1996-01,ZN,0.04,COMM
1996-01,ZO,0.04,COMM
1996-01,ZP,0.04,COMM
1996-01,ZR,0.04,COMM
1996-01,ZS,0.04,COMM
1996-01,ZT,0.04,COMM
1996-01,ZU,0.04,COMM
1996-01,ZW,0.04,COMM
1996-01,ZZ,0.04,COMM
1996-02,CC,0.04,COMM
1996-02,CT,0.04,COMM
1996-02,DA,0.0,COMM
1996-02,JO,0.04,COMM
1996-02,KC,0.04,COMM
1996-02,LB,0.04,COMM
1996-02,MW,0.04,COMM
1996-02,SB,0.04,COMM
1996-02,ZA,0.04,COMM
1996-02,ZB,0.04,COMM
1996-02,ZC,0.04,COMM
1996-02,ZF,0.04,COMM
1996-02,ZG,0.04,COMM
1996-02,ZI,0.04,COMM
1996-02,ZK,0.04,COMM
1996-02,ZL,0.04,COMM
1996-02,ZM,0.04,COMM
1996-02,ZN,0.04,COMM
1996-02,ZO,0.04,COMM
1996-02,ZP,0.04,COMM
1996-02,ZR,0.04,COMM
1996-02,ZS,0.04,COMM
1996-02,ZT,0.04,COMM
1996-02,ZU,0.04,COMM
1996-02,ZW,0.04,COMM
1996-02,ZZ,0.04,COMM
1996-03,CC,0.04,COMM
1996-03,CT,0.04,COMM
1996-03,DA,0.0,COMM
1996-03,JO,0.04,COMM
1996-03,KC,0.04,COMM
1996-03,LB,0.04,COMM
1996-03,MW,0.04,COMM
1996-03,SB,0.04,COMM
1996-03,ZA,0.04,COMM
1996-03,ZB,0.04,COMM
1996-03,ZC,0.04,COMM
1996-03,ZF,0.04,COMM
1996-03,ZG,0.04,COMM
1996-03,ZI,0.04,COMM
1996-03,ZK,0.04,COMM
1996-03,ZL,0.04,COMM
1996-03,ZM,0.04,COMM
1996-03,ZN,0.04,COMM
1996-03,ZO,0.04,COMM
1996-03,ZP,0.04,COMM
1996-03,ZR,0.04,COMM
1996-03,ZS,0.04,COMM
1996-03,ZT,0.04,COMM
1996-03,ZU,0.04,COMM
1996-03,ZW,0.04,COMM
1996-03,ZZ,0.04,COMM
1996-04,CC,0.04,COMM
1996-04,CT,0.04,COMM
1996-04,DA,0.0,COMM
1996-04,JO,0.04,COMM
1996-04,KC,0.04,COMM
1996-04,LB,0.04,COMM
1996-04,MW,0.04,COMM
1996-04,SB,0.04,COMM
1996-04,ZA,0.04,COMM
1996-04,ZB,0.04,COMM
1996-04,ZC,0.04,COMM
1996-04,ZF,0.04,COMM
1996-04,ZG,0.04,COMM
1996-04,ZI,0.04,COMM
1996-04,ZK,0.04,COMM
1996-04,ZL,0.04,COMM
1996-04,ZM,0.04,COMM
1996-04,ZN,0.04,COMM
1996-04,ZO,0.04,COMM
1996-04,ZP,0.04,COMM
1996-04,ZR,0.04,COMM
1996-04,ZS,0.04,COMM
1996-04,ZT,0.04,COMM
1996-04,ZU,0.04,COMM
1996-04,ZW,0.04,COMM
1996-04,ZZ,0.04,COMM
1996-05,CC,0.04,COMM
1996-05,CT,0.04,COMM
1996-05,DA,0.0,COMM
1996-05,JO,0.04,COMM
1996-05,KC,0.04,COMM
1996-05,LB,0.04,COMM
1996-05,MW,0.04,COMM
1996-05,SB,0.04,COMM
1996-05,ZA,0.04,COMM
1996-05,ZB,0.04,COMM
1996-05,ZC,0.04,COMM
1996-05,ZF,0.04,COMM
1996-05,ZG,0.04,COMM
1996-05,ZI,0.04,COMM
1996-05,ZK,0.04,COMM
1996-05,ZL,0.04,COMM
1996-05,ZM,0.04,COMM
1996-05,ZN,0.04,COMM
1996-05,ZO,0.04,COMM
1996-05,ZP,0.04,COMM
1996-05,ZR,0.04,COMM
1996-05,ZS,0.04,COMM
1996-05,ZT,0.04,COMM
1996-05,ZU,0.04,COMM
1996-05,ZW,0.04,COMM
1996-05,ZZ,0.04,COMM
1996-06,CC,0.04,COMM
1996-06,CT,0.04,COMM
1996-06,DA,0.0,COMM
1996-06,JO,0.04,COMM
1996-06,KC,0.04,COMM
1996-06,LB,0.04,COMM
1996-06,MW,0.04,COMM
1996-06,SB,0.04,COMM
1996-06,ZA,0.04,COMM
1996-06,ZB,0.04,COMM
1996-06,ZC,0.04,COMM
1996-06,ZF,0.04,COMM
1996-06,ZG,0.04,COMM
1996-06,ZI,0.04,COMM
1996-06,ZK,0.04,COMM
1996-06,ZL,0.04,COMM
1996-06,ZM,0.04,COMM
1996-06,ZN,0.04,COMM
1996-06,ZO,0.04,COMM
1996-06,ZP,0.04,COMM
1996-06,ZR,0.04,COMM
1996-06,ZS,0.04,COMM
1996-06,ZT,0.04,COMM
1996-06,ZU,0.04,COMM
1996-06,ZW,0.04,COMM
1996-06,ZZ,0.04,COMM
1996-07,CC,0.04,COMM
1996-07,CT,0.04,COMM
1996-07,DA,0.0,COMM
1996-07,JO,0.04,COMM
1996-07,KC,0.04,COMM
1996-07,LB,0.04,COMM
1996-07,MW,0.04,COMM
1996-07,SB,0.04,COMM
1996-07,ZA,0.04,COMM
1996-07,ZB,0.04,COMM
1996-07,ZC,0.04,COMM
1996-07,ZF,0.04,COMM
1996-07,ZG,0.04,COMM
1996-07,ZI,0.04,COMM
1996-07,ZK,0.04,COMM
1996-07,ZL,0.04,COMM
1996-07,ZM,0.04,COMM
1996-07,ZN,0.04,COMM
1996-07,ZO,0.04,COMM
1996-07,ZP,0.04,COMM
1996-07,ZR,0.04,COMM
1996-07,ZS,0.04,COMM
1996-07,ZT,0.04,COMM
1996-07,ZU,0.04,COMM
1996-07,ZW,0.04,COMM
1996-07,ZZ,0.04,COMM
1996-08,CC,0.04,COMM
1996-08,CT,0.04,COMM
1996-08,DA,0.0,COMM
1996-08,JO,0.04,COMM
1996-08,KC,0.04,COMM
1996-08,LB,0.04,COMM
1996-08,MW,0.04,COMM
1996-08,SB,0.04,COMM
1996-08,ZA,0.04,COMM
1996-08,ZB,0.04,COMM
1996-08,ZC,0.04,COMM
1996-08,ZF,0.04,COMM
1996-08,ZG,0.04,COMM
1996-08,ZI,0.04,COMM
1996-08,ZK,0.04,COMM
1996-08,ZL,0.04,COMM
1996-08,ZM,0.04,COMM
1996-08,ZN,0.04,COMM
1996-08,ZO,0.04,COMM
1996-08,ZP,0.04,COMM
1996-08,ZR,0.04,COMM
1996-08,ZS,0.04,COMM
1996-08,ZT,0.04,COMM
1996-08,ZU,0.04,COMM
1996-08,ZW,0.04,COMM
1996-08,ZZ,0.04,COMM
1996-09,CC,0.04,COMM
1996-09,CT,0.04,COMM
1996-09,DA,0.0,COMM
1996-09,JO,0.04,COMM
1996-09,KC,0.04,COMM
1996-09,LB,0.04,COMM
1996-09,MW,0.04,COMM
1996-09,SB,0.04,COMM
1996-09,ZA,0.04,COMM
1996-09,ZB,0.04,COMM
1996-09,ZC,0.04,COMM
1996-09,ZF,0.04,COMM
1996-09,ZG,0.04,COMM
1996-09,ZI,0.04,COMM
1996-09,ZK,0.04,COMM
1996-09,ZL,0.04,COMM
1996-09,ZM,0.04,COMM
1996-09,ZN,0.04,COMM
1996-09,ZO,0.04,COMM
1996-09,ZP,0.04,COMM
1996-09,ZR,0.04,COMM
1996-09,ZS,0.04,COMM
1996-09,ZT,0.04,COMM
1996-09,ZU,0.04,COMM
1996-09,ZW,0.04,COMM
1996-09,ZZ,0.04,COMM
1996-10,CC,0.04,COMM
1996-10,CT,0.04,COMM
1996-10,DA,0.0,COMM
1996-10,JO,0.04,COMM
1996-10,KC,0.04,COMM
1996-10,LB,0.04,COMM
1996-10,MW,0.04,COMM
1996-10,SB,0.04,COMM
1996-10,ZA,0.04,COMM
1996-10,ZB,0.04,COMM
1996-10,ZC,0.04,COMM
1996-10,ZF,0.04,COMM
1996-10,ZG,0.04,COMM
1996-10,ZI,0.04,COMM
1996-10,ZK,0.04,COMM
1996-10,ZL,0.04,COMM
1996-10,ZM,0.04,COMM
1996-10,ZN,0.04,COMM
1996-10,ZO,0.04,COMM
1996-10,ZP,0.04,COMM
1996-10,ZR,0.04,COMM
1996-10,ZS,0.04,COMM
1996-10,ZT,0.04,COMM
1996-10,ZU,0.04,COMM
1996-10,ZW,0.04,COMM
1996-10,ZZ,0.04,COMM
1996-11,CC,0.04,COMM
1996-11,CT,0.04,COMM
1996-11,DA,0.0,COMM
1996-11,JO,0.04,COMM
1996-11,KC,0.04,COMM
1996-11,LB,0.04,COMM
1996-11,MW,0.04,COMM
1996-11,SB,0.04,COMM
1996-11,ZA,0.04,COMM
1996-11,ZB,0.04,COMM
1996-11,ZC,0.04,COMM
1996-11,ZF,0.04,COMM
1996-11,ZG,0.04,COMM
1996-11,ZI,0.04,COMM
1996-11,ZK,0.04,COMM
1996-11,ZL,0.04,COMM
1996-11,ZM,0.04,COMM
1996-11,ZN,0.04,COMM
1996-11,ZO,0.04,COMM
1996-11,ZP,0.04,COMM
1996-11,ZR,0.04,COMM
1996-11,ZS,0.04,COMM
1996-11,ZT,0.04,COMM
1996-11,ZU,0.04,COMM
1996-11,ZW,0.04,COMM
1996-11,ZZ,0.04,COMM
1996-12,CC,0.04,COMM
1996-12,CT,0.04,COMM
1996-12,DA,0.0,COMM
1996-12,JO,0.04,COMM
1996-12,KC,0.04,COMM
1996-12,LB,0.04,COMM
1996-12,MW,0.04,COMM
1996-12,SB,0.04,COMM
1996-12,ZA,0.04,COMM
1996-12,ZB,0.04,COMM
1996-12,ZC,0.04,COMM
1996-12,ZF,0.04,COMM
1996-12,ZG,0.04,COMM
1996-12,ZI,0.04,COMM
1996-12,ZK,0.04,COMM
1996-12,ZL,0.04,COMM
1996-12,ZM,0.04,COMM
1996-12,ZN,0.04,COMM
1996-12,ZO,0.04,COMM
1996-12,ZP,0.04,COMM
1996-12,ZR,0.04,COMM
1996-12,ZS,0.04,COMM
1996-12,ZT,0.04,COMM
1996-12,ZU,0.04,COMM
1996-12,ZW,0.04,COMM
1996-12,ZZ,0.04,COMM
1997-01,CC,0.04,COMM
1997-01,CT,0.04,COMM
1997-01,DA,0.0,COMM
1997-01,JO,0.04,COMM
1997-01,KC,0.04,COMM
1997-01,LB,0.04,COMM
1997-01,MW,0.04,COMM
1997-01,SB,0.04,COMM
1997-01,ZA,0.04,COMM
1997-01,ZB,0.04,COMM
1997-01,ZC,0.04,COMM
1997-01,ZF,0.04,COMM
1997-01,ZG,0.04,COMM
1997-01,ZI,0.04,COMM
1997-01,ZK,0.04,COMM
1997-01,ZL,0.04,COMM
1997-01,ZM,0.04,COMM
1997-01,ZN,0.04,COMM
1997-01,ZO,0.04,COMM
1997-01,ZP,0.04,COMM
1997-01,ZR,0.04,COMM
1997-01,ZS,0.04,COMM
1997-01,ZT,0.04,COMM
1997-01,ZU,0.04,COMM
1997-01,ZW,0.04,COMM
1997-01,ZZ,0.04,COMM
1997-02,CC,0.04,COMM
1997-02,CT,0.04,COMM
1997-02,DA,0.0,COMM
1997-02,JO,0.04,COMM
1997-02,KC,0.04,COMM
1997-02,LB,0.04,COMM
1997-02,MW,0.04,COMM
1997-02,SB,0.04,COMM
1997-02,ZA,0.04,COMM
1997-02,ZB,0.04,COMM
1997-02,ZC,0.04,COMM
1997-02,ZF,0.04,COMM
1997-02,ZG,0.04,COMM
1997-02,ZI,0.04,COMM
1997-02,ZK,0.04,COMM
1997-02,ZL,0.04,COMM
1997-02,ZM,0.04,COMM
1997-02,ZN,0.04,COMM
1997-02,ZO,0.04,COMM
1997-02,ZP,0.04,COMM
1997-02,ZR,0.04,COMM
1997-02,ZS,0.04,COMM
1997-02,ZT,0.04,COMM
1997-02,ZU,0.04,COMM
1997-02,ZW,0.04,COMM
1997-02,ZZ,0.04,COMM
1997-03,CC,0.04,COMM
1997-03,CT,0.04,COMM
1997-03,DA,0.0,COMM
1997-03,JO,0.04,COMM
1997-03,KC,0.04,COMM
1997-03,LB,0.04,COMM
1997-03,MW,0.04,COMM
1997-03,SB,0.04,COMM
1997-03,ZA,0.04,COMM
1997-03,ZB,0.04,COMM
1997-03,ZC,0.04,COMM
1997-03,ZF,0.04,COMM
1997-03,ZG,0.04,COMM
1997-03,ZI,0.04,COMM
1997-03,ZK,0.04,COMM
1997-03,ZL,0.04,COMM
1997-03,ZM,0.04,COMM
1997-03,ZN,0.04,COMM
1997-03,ZO,0.04,COMM
1997-03,ZP,0.04,COMM
1997-03,ZR,0.04,COMM
1997-03,ZS,0.04,COMM
1997-03,ZT,0.04,COMM
1997-03,ZU,0.04,COMM
1997-03,ZW,0.04,COMM
1997-03,ZZ,0.04,COMM
1997-04,CC,0.04,COMM
1997-04,CT,0.04,COMM
1997-04,DA,0.0,COMM
1997-04,JO,0.04,COMM
1997-04,KC,0.04,COMM
1997-04,LB,0.04,COMM
1997-04,MW,0.04,COMM
1997-04,SB,0.04,COMM
1997-04,ZA,0.04,COMM
1997-04,ZB,0.04,COMM
1997-04,ZC,0.04,COMM
1997-04,ZF,0.04,COMM
1997-04,ZG,0.04,COMM
1997-04,ZI,0.04,COMM
1997-04,ZK,0.04,COMM
1997-04,ZL,0.04,COMM
1997-04,ZM,0.04,COMM
1997-04,ZN,0.04,COMM
1997-04,ZO,0.04,COMM
1997-04,ZP,0.04,COMM
1997-04,ZR,0.04,COMM
1997-04,ZS,0.04,COMM
1997-04,ZT,0.04,COMM
1997-04,ZU,0.04,COMM
1997-04,ZW,0.04,COMM
1997-04,ZZ,0.04,COMM
1997-05,CC,0.04,COMM
1997-05,CT,0.04,COMM
1997-05,DA,0.0,COMM
1997-05,JO,0.04,COMM
1997-05,KC,0.04,COMM
1997-05,LB,0.04,COMM
1997-05,MW,0.04,COMM
1997-05,SB,0.04,COMM
1997-05,ZA,0.04,COMM
1997-05,ZB,0.04,COMM
1997-05,ZC,0.04,COMM
1997-05,ZF,0.04,COMM
1997-05,ZG,0.04,COMM
1997-05,ZI,0.04,COMM
1997-05,ZK,0.04,COMM
1997-05,ZL,0.04,COMM
1997-05,ZM,0.04,COMM
1997-05,ZN,0.04,COMM
1997-05,ZO,0.04,COMM
1997-05,ZP,0.04,COMM
1997-05,ZR,0.04,COMM
1997-05,ZS,0.04,COMM
1997-05,ZT,0.04,COMM
1997-05,ZU,0.04,COMM
1997-05,ZW,0.04,COMM
1997-05,ZZ,0.04,COMM
1997-06,CC,0.04,COMM
1997-06,CT,0.04,COMM
1997-06,DA,0.0,COMM
1997-06,JO,0.04,COMM
1997-06,KC,0.04,COMM
1997-06,LB,0.04,COMM
1997-06,MW,0.04,COMM
1997-06,SB,0.04,COMM
1997-06,ZA,0.04,COMM
1997-06,ZB,0.04,COMM
1997-06,ZC,0.04,COMM
1997-06,ZF,0.04,COMM
1997-06,ZG,0.04,COMM
1997-06,ZI,0.04,COMM
1997-06,ZK,0.04,COMM
1997-06,ZL,0.04,COMM
1997-06,ZM,0.04,COMM
1997-06,ZN,0.04,COMM
1997-06,ZO,0.04,COMM
1997-06,ZP,0.04,COMM
1997-06,ZR,0.04,COMM
1997-06,ZS,0.04,COMM
1997-06,ZT,0.04,COMM
1997-06,ZU,0.04,COMM
1997-06,ZW,0.04,COMM
1997-06,ZZ,0.04,COMM
1997-07,CC,0.04,COMM
1997-07,CT,0.04,COMM
1997-07,DA,0.0,COMM
1997-07,JO,0.04,COMM
1997-07,KC,0.04,COMM
1997-07,LB,0.04,COMM
1997-07,MW,0.04,COMM
1997-07,SB,0.04,COMM
1997-07,ZA,0.04,COMM
1997-07,ZB,0.04,COMM
1997-07,ZC,0.04,COMM
1997-07,ZF,0.04,COMM
1997-07,ZG,0.04,COMM
1997-07,ZI,0.04,COMM
1997-07,ZK,0.04,COMM
1997-07,ZL,0.04,COMM
1997-07,ZM,0.04,COMM
1997-07,ZN,0.04,COMM
1997-07,ZO,0.04,COMM
1997-07,ZP,0.04,COMM
1997-07,ZR,0.04,COMM
1997-07,ZS,0.04,COMM
1997-07,ZT,0.04,COMM
1997-07,ZU,0.04,COMM
1997-07,ZW,0.04,COMM
1997-07,ZZ,0.04,COMM
1997-08,CC,0.04,COMM
1997-08,CT,0.04,COMM
1997-08,DA,0.0,COMM
1997-08,JO,0.04,COMM
1997-08,KC,0.04,COMM
1997-08,LB,0.04,COMM
1997-08,MW,0.04,COMM
1997-08,SB,0.04,COMM
1997-08,ZA,0.04,COMM
1997-08,ZB,0.04,COMM
1997-08,ZC,0.04,COMM
1997-08,ZF,0.04,COMM
1997-08,ZG,0.04,COMM
1997-08,ZI,0.04,COMM
1997-08,ZK,0.04,COMM
1997-08,ZL,0.04,COMM
1997-08,ZM,0.04,COMM
1997-08,ZN,0.04,COMM
1997-08,ZO,0.04,COMM
1997-08,ZP,0.04,COMM
1997-08,ZR,0.04,COMM
1997-08,ZS,0.04,COMM
1997-08,ZT,0.04,COMM
1997-08,ZU,0.04,COMM
1997-08,ZW,0.04,COMM
1997-08,ZZ,0.04,COMM
1997-09,CC,0.04,COMM
1997-09,CT,0.04,COMM
1997-09,DA,0.0,COMM
1997-09,JO,0.04,COMM
1997-09,KC,0.04,COMM
1997-09,LB,0.04,COMM
1997-09,MW,0.04,COMM
1997-09,SB,0.04,COMM
1997-09,ZA,0.04,COMM
1997-09,ZB,0.04,COMM
1997-09,ZC,0.04,COMM
1997-09,ZF,0.04,COMM
1997-09,ZG,0.04,COMM
1997-09,ZI,0.04,COMM
1997-09,ZK,0.04,COMM
1997-09,ZL,0.04,COMM
1997-09,ZM,0.04,COMM
1997-09,ZN,0.04,COMM
1997-09,ZO,0.04,COMM
1997-09,ZP,0.04,COMM
1997-09,ZR,0.04,COMM
1997-09,ZS,0.04,COMM
1997-09,ZT,0.04,COMM
1997-09,ZU,0.04,COMM
1997-09,ZW,0.04,COMM
1997-09,ZZ,0.04,COMM
1997-10,CC,0.038461538461538464,COMM
1997-10,CT,0.038461538461538464,COMM
1997-10,DA,0.038461538461538464,COMM
1997-10,JO,0.038461538461538464,COMM
1997-10,KC,0.038461538461538464,COMM
1997-10,LB,0.038461538461538464,COMM
1997-10,MW,0.038461538461538464,COMM
1997-10,SB,0.038461538461538464,COMM
1997-10,ZA,0.038461538461538464,COMM
1997-10,ZB,0.038461538461538464,COMM
1997-10,ZC,0.038461538461538464,COMM
1997-10,ZF,0.038461538461538464,COMM
1997-10,ZG,0.038461538461538464,COMM
1997-10,ZI,0.038461538461538464,COMM
1997-10,ZK,0.038461538461538464,COMM
1997-10,ZL,0.038461538461538464,COMM
1997-10,ZM,0.038461538461538464,COMM
1997-10,ZN,0.038461538461538464,COMM
1997-10,ZO,0.038461538461538464,COMM
1997-10,ZP,0.038461538461538464,COMM
1997-10,ZR,0.038461538461538464,COMM
1997-10,ZS,0.038461538461538464,COMM
1997-10,ZT,0.038461538461538464,COMM
1997-10,ZU,0.038461538461538464,COMM
1997-10,ZW,0.038461538461538464,COMM
1997-10,ZZ,0.038461538461538464,COMM
1997-11,CC,0.038461538461538464,COMM
1997-11,CT,0.038461538461538464,COMM
1997-11,DA,0.038461538461538464,COMM
1997-11,JO,0.038461538461538464,COMM
1997-11,KC,0.038461538461538464,COMM
1997-11,LB,0.038461538461538464,COMM
1997-11,MW,0.038461538461538464,COMM
1997-11,SB,0.038461538461538464,COMM
1997-11,ZA,0.038461538461538464,COMM
1997-11,ZB,0.038461538461538464,COMM
1997-11,ZC,0.038461538461538464,COMM
1997-11,ZF,0.038461538461538464,COMM
1997-11,ZG,0.038461538461538464,COMM
1997-11,ZI,0.038461538461538464,COMM
1997-11,ZK,0.038461538461538464,COMM
1997-11,ZL,0.038461538461538464,COMM
1997-11,ZM,0.038461538461538464,COMM
1997-11,ZN,0.038461538461538464,COMM
1997-11,ZO,0.038461538461538464,COMM
1997-11,ZP,0.038461538461538464,COMM
1997-11,ZR,0.038461538461538464,COMM
1997-11,ZS,0.038461538461538464,COMM
1997-11,ZT,0.038461538461538464,COMM
1997-11,ZU,0.038461538461538464,COMM
1997-11,ZW,0.038461538461538464,COMM
1997-11,ZZ,0.038461538461538464,COMM
1997-12,CC,0.038461538461538464,COMM
1997-12,CT,0.038461538461538464,COMM
1997-12,DA,0.038461538461538464,COMM
1997-12,JO,0.038461538461538464,COMM
1997-12,KC,0.038461538461538464,COMM
1997-12,LB,0.038461538461538464,COMM
1997-12,MW,0.038461538461538464,COMM
1997-12,SB,0.038461538461538464,COMM
1997-12,ZA,0.038461538461538464,COMM
1997-12,ZB,0.038461538461538464,COMM
1997-12,ZC,0.038461538461538464,COMM
1997-12,ZF,0.038461538461538464,COMM
1997-12,ZG,0.038461538461538464,COMM
1997-12,ZI,0.038461538461538464,COMM
1997-12,ZK,0.038461538461538464,COMM
1997-12,ZL,0.038461538461538464,COMM
1997-12,ZM,0.038461538461538464,COMM
1997-12,ZN,0.038461538461538464,COMM
1997-12,ZO,0.038461538461538464,COMM
1997-12,ZP,0.038461538461538464,COMM
1997-12,ZR,0.038461538461538464,COMM
1997-12,ZS,0.038461538461538464,COMM
1997-12,ZT,0.038461538461538464,COMM
1997-12,ZU,0.038461538461538464,COMM
1997-12,ZW,0.038461538461538464,COMM
1997-12,ZZ,0.038461538461538464,COMM
1998-01,CC,0.038461538461538464,COMM
1998-01,CT,0.038461538461538464,COMM
1998-01,DA,0.038461538461538464,COMM
1998-01,JO,0.038461538461538464,COMM
1998-01,KC,0.038461538461538464,COMM
1998-01,LB,0.038461538461538464,COMM
1998-01,MW,0.038461538461538464,COMM
1998-01,SB,0.038461538461538464,COMM
1998-01,ZA,0.038461538461538464,COMM
1998-01,ZB,0.038461538461538464,COMM
1998-01,ZC,0.038461538461538464,COMM
1998-01,ZF,0.038461538461538464,COMM
1998-01,ZG,0.038461538461538464,COMM
1998-01,ZI,0.038461538461538464,COMM
1998-01,ZK,0.038461538461538464,COMM
1998-01,ZL,0.038461538461538464,COMM
1998-01,ZM,0.038461538461538464,COMM
1998-01,ZN,0.038461538461538464,COMM
1998-01,ZO,0.038461538461538464,COMM
1998-01,ZP,0.038461538461538464,COMM
1998-01,ZR,0.038461538461538464,COMM
1998-01,ZS,0.038461538461538464,COMM
1998-01,ZT,0.038461538461538464,COMM
1998-01,ZU,0.038461538461538464,COMM
1998-01,ZW,0.038461538461538464,COMM
1998-01,ZZ,0.038461538461538464,COMM
1998-02,CC,0.038461538461538464,COMM
1998-02,CT,0.038461538461538464,COMM
1998-02,DA,0.038461538461538464,COMM
1998-02,JO,0.038461538461538464,COMM
1998-02,KC,0.038461538461538464,COMM
1998-02,LB,0.038461538461538464,COMM
1998-02,MW,0.038461538461538464,COMM
1998-02,SB,0.038461538461538464,COMM
1998-02,ZA,0.038461538461538464,COMM
1998-02,ZB,0.038461538461538464,COMM
1998-02,ZC,0.038461538461538464,COMM
1998-02,ZF,0.038461538461538464,COMM
1998-02,ZG,0.038461538461538464,COMM
1998-02,ZI,0.038461538461538464,COMM
1998-02,ZK,0.038461538461538464,COMM
1998-02,ZL,0.038461538461538464,COMM
1998-02,ZM,0.038461538461538464,COMM
1998-02,ZN,0.038461538461538464,COMM
1998-02,ZO,0.038461538461538464,COMM
1998-02,ZP,0.038461538461538464,COMM
1998-02,ZR,0.038461538461538464,COMM
1998-02,ZS,0.038461538461538464,COMM
1998-02,ZT,0.038461538461538464,COMM
1998-02,ZU,0.038461538461538464,COMM
1998-02,ZW,0.038461538461538464,COMM
1998-02,ZZ,0.038461538461538464,COMM
1998-03,CC,0.038461538461538464,COMM
1998-03,CT,0.038461538461538464,COMM
1998-03,DA,0.038461538461538464,COMM
1998-03,JO,0.038461538461538464,COMM
1998-03,KC,0.038461538461538464,COMM
1998-03,LB,0.038461538461538464,COMM
1998-03,MW,0.038461538461538464,COMM
1998-03,SB,0.038461538461538464,COMM
1998-03,ZA,0.038461538461538464,COMM
1998-03,ZB,0.038461538461538464,COMM
1998-03,ZC,0.038461538461538464,COMM
1998-03,ZF,0.038461538461538464,COMM
1998-03,ZG,0.038461538461538464,COMM
1998-03,ZI,0.038461538461538464,COMM
1998-03,ZK,0.038461538461538464,COMM
1998-03,ZL,0.038461538461538464,COMM
1998-03,ZM,0.038461538461538464,COMM
1998-03,ZN,0.038461538461538464,COMM
1998-03,ZO,0.038461538461538464,COMM
1998-03,ZP,0.038461538461538464,COMM
1998-03,ZR,0.038461538461538464,COMM
1998-03,ZS,0.038461538461538464,COMM
1998-03,ZT,0.038461538461538464,COMM
1998-03,ZU,0.038461538461538464,COMM
1998-03,ZW,0.038461538461538464,COMM
1998-03,ZZ,0.038461538461538464,COMM
1998-04,CC,0.038461538461538464,COMM
1998-04,CT,0.038461538461538464,COMM
1998-04,DA,0.038461538461538464,COMM
1998-04,JO,0.038461538461538464,COMM
1998-04,KC,0.038461538461538464,COMM
1998-04,LB,0.038461538461538464,COMM
1998-04,MW,0.038461538461538464,COMM
1998-04,SB,0.038461538461538464,COMM
1998-04,ZA,0.038461538461538464,COMM
1998-04,ZB,0.038461538461538464,COMM
1998-04,ZC,0.038461538461538464,COMM
1998-04,ZF,0.038461538461538464,COMM
1998-04,ZG,0.038461538461538464,COMM
1998-04,ZI,0.038461538461538464,COMM
1998-04,ZK,0.038461538461538464,COMM
1998-04,ZL,0.038461538461538464,COMM
1998-04,ZM,0.038461538461538464,COMM
1998-04,ZN,0.038461538461538464,COMM
1998-04,ZO,0.038461538461538464,COMM
1998-04,ZP,0.038461538461538464,COMM
1998-04,ZR,0.038461538461538464,COMM
1998-04,ZS,0.038461538461538464,COMM
1998-04,ZT,0.038461538461538464,COMM
1998-04,ZU,0.038461538461538464,COMM
1998-04,ZW,0.038461538461538464,COMM
1998-04,ZZ,0.038461538461538464,COMM
1998-05,CC,0.038461538461538464,COMM
1998-05,CT,0.038461538461538464,COMM
1998-05,DA,0.038461538461538464,COMM
1998-05,JO,0.038461538461538464,COMM
1998-05,KC,0.038461538461538464,COMM
1998-05,LB,0.038461538461538464,COMM
1998-05,MW,0.038461538461538464,COMM
1998-05,SB,0.038461538461538464,COMM
1998-05,ZA,0.038461538461538464,COMM
1998-05,ZB,0.038461538461538464,COMM
1998-05,ZC,0.038461538461538464,COMM
1998-05,ZF,0.038461538461538464,COMM
1998-05,ZG,0.038461538461538464,COMM
1998-05,ZI,0.038461538461538464,COMM
1998-05,ZK,0.038461538461538464,COMM
1998-05,ZL,0.038461538461538464,COMM
1998-05,ZM,0.038461538461538464,COMM
1998-05,ZN,0.038461538461538464,COMM
1998-05,ZO,0.038461538461538464,COMM
1998-05,ZP,0.038461538461538464,COMM
1998-05,ZR,0.038461538461538464,COMM
1998-05,ZS,0.038461538461538464,COMM
1998-05,ZT,0.038461538461538464,COMM
1998-05,ZU,0.038461538461538464,COMM
1998-05,ZW,0.038461538461538464,COMM
1998-05,ZZ,0.038461538461538464,COMM
1998-06,CC,0.038461538461538464,COMM
1998-06,CT,0.038461538461538464,COMM
1998-06,DA,0.038461538461538464,COMM
1998-06,JO,0.038461538461538464,COMM
1998-06,KC,0.038461538461538464,COMM
1998-06,LB,0.038461538461538464,COMM
1998-06,MW,0.038461538461538464,COMM
1998-06,SB,0.038461538461538464,COMM
1998-06,ZA,0.038461538461538464,COMM
1998-06,ZB,0.038461538461538464,COMM
1998-06,ZC,0.038461538461538464,COMM
1998-06,ZF,0.038461538461538464,COMM
1998-06,ZG,0.038461538461538464,COMM
1998-06,ZI,0.038461538461538464,COMM
1998-06,ZK,0.038461538461538464,COMM
1998-06,ZL,0.038461538461538464,COMM
1998-06,ZM,0.038461538461538464,COMM
1998-06,ZN,0.038461538461538464,COMM
1998-06,ZO,0.038461538461538464,COMM
1998-06,ZP,0.038461538461538464,COMM
1998-06,ZR,0.038461538461538464,COMM
1998-06,ZS,0.038461538461538464,COMM
1998-06,ZT,0.038461538461538464,COMM
1998-06,ZU,0.038461538461538464,COMM
1998-06,ZW,0.038461538461538464,COMM
1998-06,ZZ,0.038461538461538464,COMM
1998-07,CC,0.038461538461538464,COMM
1998-07,CT,0.038461538461538464,COMM
1998-07,DA,0.038461538461538464,COMM
1998-07,JO,0.038461538461538464,COMM
1998-07,KC,0.038461538461538464,COMM
1998-07,LB,0.038461538461538464,COMM
1998-07,MW,0.038461538461538464,COMM
1998-07,SB,0.038461538461538464,COMM
1998-07,ZA,0.038461538461538464,COMM
1998-07,ZB,0.038461538461538464,COMM
1998-07,ZC,0.038461538461538464,COMM
1998-07,ZF,0.038461538461538464,COMM
1998-07,ZG,0.038461538461538464,COMM
1998-07,ZI,0.038461538461538464,COMM
1998-07,ZK,0.038461538461538464,COMM
1998-07,ZL,0.038461538461538464,COMM
1998-07,ZM,0.038461538461538464,COMM
1998-07,ZN,0.038461538461538464,COMM
1998-07,ZO,0.038461538461538464,COMM
1998-07,ZP,0.038461538461538464,COMM
1998-07,ZR,0.038461538461538464,COMM
1998-07,ZS,0.038461538461538464,COMM
1998-07,ZT,0.038461538461538464,COMM
1998-07,ZU,0.038461538461538464,COMM
1998-07,ZW,0.038461538461538464,COMM
1998-07,ZZ,0.038461538461538464,COMM
1998-08,CC,0.038461538461538464,COMM
1998-08,CT,0.038461538461538464,COMM
1998-08,DA,0.038461538461538464,COMM
1998-08,JO,0.038461538461538464,COMM
1998-08,KC,0.038461538461538464,COMM
1998-08,LB,0.038461538461538464,COMM
1998-08,MW,0.038461538461538464,COMM
1998-08,SB,0.038461538461538464,COMM
1998-08,ZA,0.038461538461538464,COMM
1998-08,ZB,0.038461538461538464,COMM
1998-08,ZC,0.038461538461538464,COMM
1998-08,ZF,0.038461538461538464,COMM
1998-08,ZG,0.038461538461538464,COMM
1998-08,ZI,0.038461538461538464,COMM
1998-08,ZK,0.038461538461538464,COMM
1998-08,ZL,0.038461538461538464,COMM
1998-08,ZM,0.038461538461538464,COMM
1998-08,ZN,0.038461538461538464,COMM
1998-08,ZO,0.038461538461538464,COMM
1998-08,ZP,0.038461538461538464,COMM
1998-08,ZR,0.038461538461538464,COMM
1998-08,ZS,0.038461538461538464,COMM
1998-08,ZT,0.038461538461538464,COMM
1998-08,ZU,0.038461538461538464,COMM
1998-08,ZW,0.038461538461538464,COMM
1998-08,ZZ,0.038461538461538464,COMM
1998-09,CC,0.038461538461538464,COMM
1998-09,CT,0.038461538461538464,COMM
1998-09,DA,0.038461538461538464,COMM
1998-09,JO,0.038461538461538464,COMM
1998-09,KC,0.038461538461538464,COMM
1998-09,LB,0.038461538461538464,COMM
1998-09,MW,0.038461538461538464,COMM
1998-09,SB,0.038461538461538464,COMM
1998-09,ZA,0.038461538461538464,COMM
1998-09,ZB,0.038461538461538464,COMM
1998-09,ZC,0.038461538461538464,COMM
1998-09,ZF,0.038461538461538464,COMM
1998-09,ZG,0.038461538461538464,COMM
1998-09,ZI,0.038461538461538464,COMM
1998-09,ZK,0.038461538461538464,COMM
1998-09,ZL,0.038461538461538464,COMM
1998-09,ZM,0.038461538461538464,COMM
1998-09,ZN,0.038461538461538464,COMM
1998-09,ZO,0.038461538461538464,COMM
1998-09,ZP,0.038461538461538464,COMM
1998-09,ZR,0.038461538461538464,COMM
1998-09,ZS,0.038461538461538464,COMM
1998-09,ZT,0.038461538461538464,COMM
1998-09,ZU,0.038461538461538464,COMM
1998-09,ZW,0.038461538461538464,COMM
1998-09,ZZ,0.038461538461538464,COMM
1998-10,CC,0.038461538461538464,COMM
1998-10,CT,0.038461538461538464,COMM
1998-10,DA,0.038461538461538464,COMM
1998-10,JO,0.038461538461538464,COMM
1998-10,KC,0.038461538461538464,COMM
1998-10,LB,0.038461538461538464,COMM
1998-10,MW,0.038461538461538464,COMM
1998-10,SB,0.038461538461538464,COMM
1998-10,ZA,0.038461538461538464,COMM
1998-10,ZB,0.038461538461538464,COMM
1998-10,ZC,0.038461538461538464,COMM
1998-10,ZF,0.038461538461538464,COMM
1998-10,ZG,0.038461538461538464,COMM
1998-10,ZI,0.038461538461538464,COMM
1998-10,ZK,0.038461538461538464,COMM
1998-10,ZL,0.038461538461538464,COMM
1998-10,ZM,0.038461538461538464,COMM
1998-10,ZN,0.038461538461538464,COMM
1998-10,ZO,0.038461538461538464,COMM
1998-10,ZP,0.038461538461538464,COMM
1998-10,ZR,0.038461538461538464,COMM
1998-10,ZS,0.038461538461538464,COMM
1998-10,ZT,0.038461538461538464,COMM
1998-10,ZU,0.038461538461538464,COMM
1998-10,ZW,0.038461538461538464,COMM
1998-10,ZZ,0.038461538461538464,COMM
1998-11,CC,0.038461538461538464,COMM
1998-11,CT,0.038461538461538464,COMM
1998-11,DA,0.038461538461538464,COMM
1998-11,JO,0.038461538461538464,COMM
1998-11,KC,0.038461538461538464,COMM
1998-11,LB,0.038461538461538464,COMM
1998-11,MW,0.038461538461538464,COMM
1998-11,SB,0.038461538461538464,COMM
1998-11,ZA,0.038461538461538464,COMM
1998-11,ZB,0.038461538461538464,COMM
1998-11,ZC,0.038461538461538464,COMM
1998-11,ZF,0.038461538461538464,COMM
1998-11,ZG,0.038461538461538464,COMM
1998-11,ZI,0.038461538461538464,COMM
1998-11,ZK,0.038461538461538464,COMM
1998-11,ZL,0.038461538461538464,COMM
1998-11,ZM,0.038461538461538464,COMM
1998-11,ZN,0.038461538461538464,COMM
1998-11,ZO,0.038461538461538464,COMM
1998-11,ZP,0.038461538461538464,COMM
1998-11,ZR,0.038461538461538464,COMM
1998-11,ZS,0.038461538461538464,COMM
1998-11,ZT,0.038461538461538464,COMM
1998-11,ZU,0.038461538461538464,COMM
1998-11,ZW,0.038461538461538464,COMM
1998-11,ZZ,0.038461538461538464,COMM
1998-12,CC,0.038461538461538464,COMM
1998-12,CT,0.038461538461538464,COMM
1998-12,DA,0.038461538461538464,COMM
1998-12,JO,0.038461538461538464,COMM
1998-12,KC,0.038461538461538464,COMM
1998-12,LB,0.038461538461538464,COMM
1998-12,MW,0.038461538461538464,COMM
1998-12,SB,0.038461538461538464,COMM
1998-12,ZA,0.038461538461538464,COMM
1998-12,ZB,0.038461538461538464,COMM
1998-12,ZC,0.038461538461538464,COMM
1998-12,ZF,0.038461538461538464,COMM
1998-12,ZG,0.038461538461538464,COMM
1998-12,ZI,0.038461538461538464,COMM
1998-12,ZK,0.038461538461538464,COMM
1998-12,ZL,0.038461538461538464,COMM
1998-12,ZM,0.038461538461538464,COMM
1998-12,ZN,0.038461538461538464,COMM
1998-12,ZO,0.038461538461538464,COMM
1998-12,ZP,0.038461538461538464,COMM
1998-12,ZR,0.038461538461538464,COMM
1998-12,ZS,0.038461538461538464,COMM
1998-12,ZT,0.038461538461538464,COMM
1998-12,ZU,0.038461538461538464,COMM
1998-12,ZW,0.038461538461538464,COMM
1998-12,ZZ,0.038461538461538464,COMM
1999-01,CC,0.038461538461538464,COMM
1999-01,CT,0.038461538461538464,COMM
1999-01,DA,0.038461538461538464,COMM
1999-01,JO,0.038461538461538464,COMM
1999-01,KC,0.038461538461538464,COMM
1999-01,LB,0.038461538461538464,COMM
1999-01,MW,0.038461538461538464,COMM
1999-01,SB,0.038461538461538464,COMM
1999-01,ZA,0.038461538461538464,COMM
1999-01,ZB,0.038461538461538464,COMM
1999-01,ZC,0.038461538461538464,COMM
1999-01,ZF,0.038461538461538464,COMM
1999-01,ZG,0.038461538461538464,COMM
1999-01,ZI,0.038461538461538464,COMM
1999-01,ZK,0.038461538461538464,COMM
1999-01,ZL,0.038461538461538464,COMM
1999-01,ZM,0.038461538461538464,COMM
1999-01,ZN,0.038461538461538464,COMM
1999-01,ZO,0.038461538461538464,COMM
1999-01,ZP,0.038461538461538464,COMM
1999-01,ZR,0.038461538461538464,COMM
1999-01,ZS,0.038461538461538464,COMM
1999-01,ZT,0.038461538461538464,COMM
1999-01,ZU,0.038461538461538464,COMM
1999-01,ZW,0.038461538461538464,COMM
1999-01,ZZ,0.038461538461538464,COMM
1999-02,CC,0.038461538461538464,COMM
1999-02,CT,0.038461538461538464,COMM
1999-02,DA,0.038461538461538464,COMM
1999-02,JO,0.038461538461538464,COMM
1999-02,KC,0.038461538461538464,COMM
1999-02,LB,0.038461538461538464,COMM
1999-02,MW,0.038461538461538464,COMM
1999-02,SB,0.038461538461538464,COMM
1999-02,ZA,0.038461538461538464,COMM
1999-02,ZB,0.038461538461538464,COMM
1999-02,ZC,0.038461538461538464,COMM
1999-02,ZF,0.038461538461538464,COMM
1999-02,ZG,0.038461538461538464,COMM
1999-02,ZI,0.038461538461538464,COMM
1999-02,ZK,0.038461538461538464,COMM
1999-02,ZL,0.038461538461538464,COMM
1999-02,ZM,0.038461538461538464,COMM
1999-02,ZN,0.038461538461538464,COMM
1999-02,ZO,0.038461538461538464,COMM
1999-02,ZP,0.038461538461538464,COMM
1999-02,ZR,0.038461538461538464,COMM
1999-02,ZS,0.038461538461538464,COMM
1999-02,ZT,0.038461538461538464,COMM
1999-02,ZU,0.038461538461538464,COMM
1999-02,ZW,0.038461538461538464,COMM
1999-02,ZZ,0.038461538461538464,COMM
1999-03,CC,0.038461538461538464,COMM
1999-03,CT,0.038461538461538464,COMM
1999-03,DA,0.038461538461538464,COMM
1999-03,JO,0.038461538461538464,COMM
1999-03,KC,0.038461538461538464,COMM
1999-03,LB,0.038461538461538464,COMM
1999-03,MW,0.038461538461538464,COMM
1999-03,SB,0.038461538461538464,COMM
1999-03,ZA,0.038461538461538464,COMM
1999-03,ZB,0.038461538461538464,COMM
1999-03,ZC,0.038461538461538464,COMM
1999-03,ZF,0.038461538461538464,COMM
1999-03,ZG,0.038461538461538464,COMM
1999-03,ZI,0.038461538461538464,COMM
1999-03,ZK,0.038461538461538464,COMM
1999-03,ZL,0.038461538461538464,COMM
1999-03,ZM,0.038461538461538464,COMM
1999-03,ZN,0.038461538461538464,COMM
1999-03,ZO,0.038461538461538464,COMM
1999-03,ZP,0.038461538461538464,COMM
1999-03,ZR,0.038461538461538464,COMM
1999-03,ZS,0.038461538461538464,COMM
1999-03,ZT,0.038461538461538464,COMM
1999-03,ZU,0.038461538461538464,COMM
1999-03,ZW,0.038461538461538464,COMM
1999-03,ZZ,0.038461538461538464,COMM
1999-04,CC,0.038461538461538464,COMM
1999-04,CT,0.038461538461538464,COMM
1999-04,DA,0.038461538461538464,COMM
1999-04,JO,0.038461538461538464,COMM
1999-04,KC,0.038461538461538464,COMM
1999-04,LB,0.038461538461538464,COMM
1999-04,MW,0.038461538461538464,COMM
1999-04,SB,0.038461538461538464,COMM
1999-04,ZA,0.038461538461538464,COMM
1999-04,ZB,0.038461538461538464,COMM
1999-04,ZC,0.038461538461538464,COMM
1999-04,ZF,0.038461538461538464,COMM
1999-04,ZG,0.038461538461538464,COMM
1999-04,ZI,0.038461538461538464,COMM
1999-04,ZK,0.038461538461538464,COMM
1999-04,ZL,0.038461538461538464,COMM
1999-04,ZM,0.038461538461538464,COMM
1999-04,ZN,0.038461538461538464,COMM
1999-04,ZO,0.038461538461538464,COMM
1999-04,ZP,0.038461538461538464,COMM
1999-04,ZR,0.038461538461538464,COMM
1999-04,ZS,0.038461538461538464,COMM
1999-04,ZT,0.038461538461538464,COMM
1999-04,ZU,0.038461538461538464,COMM
1999-04,ZW,0.038461538461538464,COMM
1999-04,ZZ,0.038461538461538464,COMM
1999-05,CC,0.038461538461538464,COMM
1999-05,CT,0.038461538461538464,COMM
1999-05,DA,0.038461538461538464,COMM
1999-05,JO,0.038461538461538464,COMM
1999-05,KC,0.038461538461538464,COMM
1999-05,LB,0.038461538461538464,COMM
1999-05,MW,0.038461538461538464,COMM
1999-05,SB,0.038461538461538464,COMM
1999-05,ZA,0.038461538461538464,COMM
1999-05,ZB,0.038461538461538464,COMM
1999-05,ZC,0.038461538461538464,COMM
1999-05,ZF,0.038461538461538464,COMM
1999-05,ZG,0.038461538461538464,COMM
1999-05,ZI,0.038461538461538464,COMM
1999-05,ZK,0.038461538461538464,COMM
1999-05,ZL,0.038461538461538464,COMM
1999-05,ZM,0.038461538461538464,COMM
1999-05,ZN,0.038461538461538464,COMM
1999-05,ZO,0.038461538461538464,COMM
1999-05,ZP,0.038461538461538464,COMM
1999-05,ZR,0.038461538461538464,COMM
1999-05,ZS,0.038461538461538464,COMM
1999-05,ZT,0.038461538461538464,COMM
1999-05,ZU,0.038461538461538464,COMM
1999-05,ZW,0.038461538461538464,COMM
1999-05,ZZ,0.038461538461538464,COMM
1999-06,CC,0.038461538461538464,COMM
1999-06,CT,0.038461538461538464,COMM
1999-06,DA,0.038461538461538464,COMM
1999-06,JO,0.038461538461538464,COMM
1999-06,KC,0.038461538461538464,COMM
1999-06,LB,0.038461538461538464,COMM
1999-06,MW,0.038461538461538464,COMM
1999-06,SB,0.038461538461538464,COMM
1999-06,ZA,0.038461538461538464,COMM
1999-06,ZB,0.038461538461538464,COMM
1999-06,ZC,0.038461538461538464,COMM
1999-06,ZF,0.038461538461538464,COMM
1999-06,ZG,0.038461538461538464,COMM
1999-06,ZI,0.038461538461538464,COMM
1999-06,ZK,0.038461538461538464,COMM
1999-06,ZL,0.038461538461538464,COMM
1999-06,ZM,0.038461538461538464,COMM
1999-06,ZN,0.038461538461538464,COMM
1999-06,ZO,0.038461538461538464,COMM
1999-06,ZP,0.038461538461538464,COMM
1999-06,ZR,0.038461538461538464,COMM
1999-06,ZS,0.038461538461538464,COMM
1999-06,ZT,0.038461538461538464,COMM
1999-06,ZU,0.038461538461538464,COMM
1999-06,ZW,0.038461538461538464,COMM
1999-06,ZZ,0.038461538461538464,COMM
1999-07,CC,0.038461538461538464,COMM
1999-07,CT,0.038461538461538464,COMM
1999-07,DA,0.038461538461538464,COMM
1999-07,JO,0.038461538461538464,COMM
1999-07,KC,0.038461538461538464,COMM
1999-07,LB,0.038461538461538464,COMM
1999-07,MW,0.038461538461538464,COMM
1999-07,SB,0.038461538461538464,COMM
1999-07,ZA,0.038461538461538464,COMM
1999-07,ZB,0.038461538461538464,COMM
1999-07,ZC,0.038461538461538464,COMM
1999-07,ZF,0.038461538461538464,COMM
1999-07,ZG,0.038461538461538464,COMM
1999-07,ZI,0.038461538461538464,COMM
1999-07,ZK,0.038461538461538464,COMM
1999-07,ZL,0.038461538461538464,COMM
1999-07,ZM,0.038461538461538464,COMM
1999-07,ZN,0.038461538461538464,COMM
1999-07,ZO,0.038461538461538464,COMM
1999-07,ZP,0.038461538461538464,COMM
1999-07,ZR,0.038461538461538464,COMM
1999-07,ZS,0.038461538461538464,COMM
1999-07,ZT,0.038461538461538464,COMM
1999-07,ZU,0.038461538461538464,COMM
1999-07,ZW,0.038461538461538464,COMM
1999-07,ZZ,0.038461538461538464,COMM
1999-08,CC,0.038461538461538464,COMM
1999-08,CT,0.038461538461538464,COMM
1999-08,DA,0.038461538461538464,COMM
1999-08,JO,0.038461538461538464,COMM
1999-08,KC,0.038461538461538464,COMM
1999-08,LB,0.038461538461538464,COMM
1999-08,MW,0.038461538461538464,COMM
1999-08,SB,0.038461538461538464,COMM
1999-08,ZA,0.038461538461538464,COMM
1999-08,ZB,0.038461538461538464,COMM
1999-08,ZC,0.038461538461538464,COMM
1999-08,ZF,0.038461538461538464,COMM
1999-08,ZG,0.038461538461538464,COMM
1999-08,ZI,0.038461538461538464,COMM
1999-08,ZK,0.038461538461538464,COMM
1999-08,ZL,0.038461538461538464,COMM
1999-08,ZM,0.038461538461538464,COMM
1999-08,ZN,0.038461538461538464,COMM
1999-08,ZO,0.038461538461538464,COMM
1999-08,ZP,0.038461538461538464,COMM
1999-08,ZR,0.038461538461538464,COMM
1999-08,ZS,0.038461538461538464,COMM
1999-08,ZT,0.038461538461538464,COMM
1999-08,ZU,0.038461538461538464,COMM
1999-08,ZW,0.038461538461538464,COMM
1999-08,ZZ,0.038461538461538464,COMM
1999-09,CC,0.038461538461538464,COMM
1999-09,CT,0.038461538461538464,COMM
1999-09,DA,0.038461538461538464,COMM
1999-09,JO,0.038461538461538464,COMM
1999-09,KC,0.038461538461538464,COMM
1999-09,LB,0.038461538461538464,COMM
1999-09,MW,0.038461538461538464,COMM
1999-09,SB,0.038461538461538464,COMM
1999-09,ZA,0.038461538461538464,COMM
1999-09,ZB,0.038461538461538464,COMM
1999-09,ZC,0.038461538461538464,COMM
1999-09,ZF,0.038461538461538464,COMM
1999-09,ZG,0.038461538461538464,COMM
1999-09,ZI,0.038461538461538464,COMM
1999-09,ZK,0.038461538461538464,COMM
1999-09,ZL,0.038461538461538464,COMM
1999-09,ZM,0.038461538461538464,COMM
1999-09,ZN,0.038461538461538464,COMM
1999-09,ZO,0.038461538461538464,COMM
1999-09,ZP,0.038461538461538464,COMM
1999-09,ZR,0.038461538461538464,COMM
1999-09,ZS,0.038461538461538464,COMM
1999-09,ZT,0.038461538461538464,COMM
1999-09,ZU,0.038461538461538464,COMM
1999-09,ZW,0.038461538461538464,COMM
1999-09,ZZ,0.038461538461538464,COMM
1999-10,CC,0.038461538461538464,COMM
1999-10,CT,0.038461538461538464,COMM
1999-10,DA,0.038461538461538464,COMM
1999-10,JO,0.038461538461538464,COMM
1999-10,KC,0.038461538461538464,COMM
1999-10,LB,0.038461538461538464,COMM
1999-10,MW,0.038461538461538464,COMM
1999-10,SB,0.038461538461538464,COMM
1999-10,ZA,0.038461538461538464,COMM
1999-10,ZB,0.038461538461538464,COMM
1999-10,ZC,0.038461538461538464,COMM
1999-10,ZF,0.038461538461538464,COMM
1999-10,ZG,0.038461538461538464,COMM
1999-10,ZI,0.038461538461538464,COMM
1999-10,ZK,0.038461538461538464,COMM
1999-10,ZL,0.038461538461538464,COMM
1999-10,ZM,0.038461538461538464,COMM
1999-10,ZN,0.038461538461538464,COMM
1999-10,ZO,0.038461538461538464,COMM
1999-10,ZP,0.038461538461538464,COMM
1999-10,ZR,0.038461538461538464,COMM
1999-10,ZS,0.038461538461538464,COMM
1999-10,ZT,0.038461538461538464,COMM
1999-10,ZU,0.038461538461538464,COMM
1999-10,ZW,0.038461538461538464,COMM
1999-10,ZZ,0.038461538461538464,COMM
1999-11,CC,0.038461538461538464,COMM
1999-11,CT,0.038461538461538464,COMM
1999-11,DA,0.038461538461538464,COMM
1999-11,JO,0.038461538461538464,COMM
1999-11,KC,0.038461538461538464,COMM
1999-11,LB,0.038461538461538464,COMM
1999-11,MW,0.038461538461538464,COMM
1999-11,SB,0.038461538461538464,COMM
1999-11,ZA,0.038461538461538464,COMM
1999-11,ZB,0.038461538461538464,COMM
1999-11,ZC,0.038461538461538464,COMM
1999-11,ZF,0.038461538461538464,COMM
1999-11,ZG,0.038461538461538464,COMM
1999-11,ZI,0.038461538461538464,COMM
1999-11,ZK,0.038461538461538464,COMM
1999-11,ZL,0.038461538461538464,COMM
1999-11,ZM,0.038461538461538464,COMM
1999-11,ZN,0.038461538461538464,COMM
1999-11,ZO,0.038461538461538464,COMM
1999-11,ZP,0.038461538461538464,COMM
1999-11,ZR,0.038461538461538464,COMM
1999-11,ZS,0.038461538461538464,COMM
1999-11,ZT,0.038461538461538464,COMM
1999-11,ZU,0.038461538461538464,COMM
1999-11,ZW,0.038461538461538464,COMM
1999-11,ZZ,0.038461538461538464,COMM
1999-12,CC,0.038461538461538464,COMM
1999-12,CT,0.038461538461538464,COMM
1999-12,DA,0.038461538461538464,COMM
1999-12,JO,0.038461538461538464,COMM
1999-12,KC,0.038461538461538464,COMM
1999-12,LB,0.038461538461538464,COMM
1999-12,MW,0.038461538461538464,COMM
1999-12,SB,0.038461538461538464,COMM
1999-12,ZA,0.038461538461538464,COMM
1999-12,ZB,0.038461538461538464,COMM
1999-12,ZC,0.038461538461538464,COMM
1999-12,ZF,0.038461538461538464,COMM
1999-12,ZG,0.038461538461538464,COMM
1999-12,ZI,0.038461538461538464,COMM
1999-12,ZK,0.038461538461538464,COMM
1999-12,ZL,0.038461538461538464,COMM
1999-12,ZM,0.038461538461538464,COMM
1999-12,ZN,0.038461538461538464,COMM
1999-12,ZO,0.038461538461538464,COMM
1999-12,ZP,0.038461538461538464,COMM
1999-12,ZR,0.038461538461538464,COMM
1999-12,ZS,0.038461538461538464,COMM
1999-12,ZT,0.038461538461538464,COMM
1999-12,ZU,0.038461538461538464,COMM
1999-12,ZW,0.038461538461538464,COMM
1999-12,ZZ,0.038461538461538464,COMM
2000-01,CC,0.038461538461538464,COMM
2000-01,CT,0.038461538461538464,COMM
2000-01,DA,0.038461538461538464,COMM
2000-01,JO,0.038461538461538464,COMM
2000-01,KC,0.038461538461538464,COMM
2000-01,LB,0.038461538461538464,COMM
2000-01,MW,0.038461538461538464,COMM
2000-01,SB,0.038461538461538464,COMM
2000-01,ZA,0.038461538461538464,COMM
2000-01,ZB,0.038461538461538464,COMM
2000-01,ZC,0.038461538461538464,COMM
2000-01,ZF,0.038461538461538464,COMM
2000-01,ZG,0.038461538461538464,COMM
2000-01,ZI,0.038461538461538464,COMM
2000-01,ZK,0.038461538461538464,COMM
2000-01,ZL,0.038461538461538464,COMM
2000-01,ZM,0.038461538461538464,COMM
2000-01,ZN,0.038461538461538464,COMM
2000-01,ZO,0.038461538461538464,COMM
2000-01,ZP,0.038461538461538464,COMM
2000-01,ZR,0.038461538461538464,COMM
2000-01,ZS,0.038461538461538464,COMM
2000-01,ZT,0.038461538461538464,COMM
2000-01,ZU,0.038461538461538464,COMM
2000-01,ZW,0.038461538461538464,COMM
2000-01,ZZ,0.038461538461538464,COMM
2000-02,CC,0.038461538461538464,COMM
2000-02,CT,0.038461538461538464,COMM
2000-02,DA,0.038461538461538464,COMM
2000-02,JO,0.038461538461538464,COMM
2000-02,KC,0.038461538461538464,COMM
2000-02,LB,0.038461538461538464,COMM
2000-02,MW,0.038461538461538464,COMM
2000-02,SB,0.038461538461538464,COMM
2000-02,ZA,0.038461538461538464,COMM
2000-02,ZB,0.038461538461538464,COMM
2000-02,ZC,0.038461538461538464,COMM
2000-02,ZF,0.038461538461538464,COMM
2000-02,ZG,0.038461538461538464,COMM
2000-02,ZI,0.038461538461538464,COMM
2000-02,ZK,0.038461538461538464,COMM
2000-02,ZL,0.038461538461538464,COMM
2000-02,ZM,0.038461538461538464,COMM
2000-02,ZN,0.038461538461538464,COMM
2000-02,ZO,0.038461538461538464,COMM
2000-02,ZP,0.038461538461538464,COMM
2000-02,ZR,0.038461538461538464,COMM
2000-02,ZS,0.038461538461538464,COMM
2000-02,ZT,0.038461538461538464,COMM
2000-02,ZU,0.038461538461538464,COMM
2000-02,ZW,0.038461538461538464,COMM
2000-02,ZZ,0.038461538461538464,COMM
2000-03,CC,0.038461538461538464,COMM
2000-03,CT,0.038461538461538464,COMM
2000-03,DA,0.038461538461538464,COMM
2000-03,JO,0.038461538461538464,COMM
2000-03,KC,0.038461538461538464,COMM
2000-03,LB,0.038461538461538464,COMM
2000-03,MW,0.038461538461538464,COMM
2000-03,SB,0.038461538461538464,COMM
2000-03,ZA,0.038461538461538464,COMM
2000-03,ZB,0.038461538461538464,COMM
2000-03,ZC,0.038461538461538464,COMM
2000-03,ZF,0.038461538461538464,COMM
2000-03,ZG,0.038461538461538464,COMM
2000-03,ZI,0.038461538461538464,COMM
2000-03,ZK,0.038461538461538464,COMM
2000-03,ZL,0.038461538461538464,COMM
2000-03,ZM,0.038461538461538464,COMM
2000-03,ZN,0.038461538461538464,COMM
2000-03,ZO,0.038461538461538464,COMM
2000-03,ZP,0.038461538461538464,COMM
2000-03,ZR,0.038461538461538464,COMM
2000-03,ZS,0.038461538461538464,COMM
2000-03,ZT,0.038461538461538464,COMM
2000-03,ZU,0.038461538461538464,COMM
2000-03,ZW,0.038461538461538464,COMM
2000-03,ZZ,0.038461538461538464,COMM
2000-04,CC,0.038461538461538464,COMM
2000-04,CT,0.038461538461538464,COMM
2000-04,DA,0.038461538461538464,COMM
2000-04,JO,0.038461538461538464,COMM
2000-04,KC,0.038461538461538464,COMM
2000-04,LB,0.038461538461538464,COMM
2000-04,MW,0.038461538461538464,COMM
2000-04,SB,0.038461538461538464,COMM
2000-04,ZA,0.038461538461538464,COMM
2000-04,ZB,0.038461538461538464,COMM
2000-04,ZC,0.038461538461538464,COMM
2000-04,ZF,0.038461538461538464,COMM
2000-04,ZG,0.038461538461538464,COMM
2000-04,ZI,0.038461538461538464,COMM
2000-04,ZK,0.038461538461538464,COMM
2000-04,ZL,0.038461538461538464,COMM
2000-04,ZM,0.038461538461538464,COMM
2000-04,ZN,0.038461538461538464,COMM
2000-04,ZO,0.038461538461538464,COMM
2000-04,ZP,0.038461538461538464,COMM
2000-04,ZR,0.038461538461538464,COMM
2000-04,ZS,0.038461538461538464,COMM
2000-04,ZT,0.038461538461538464,COMM
2000-04,ZU,0.038461538461538464,COMM
2000-04,ZW,0.038461538461538464,COMM
2000-04,ZZ,0.038461538461538464,COMM
2000-05,CC,0.038461538461538464,COMM
2000-05,CT,0.038461538461538464,COMM
2000-05,DA,0.038461538461538464,COMM
2000-05,JO,0.038461538461538464,COMM
2000-05,KC,0.038461538461538464,COMM
2000-05,LB,0.038461538461538464,COMM
2000-05,MW,0.038461538461538464,COMM
2000-05,SB,0.038461538461538464,COMM
2000-05,ZA,0.038461538461538464,COMM
2000-05,ZB,0.038461538461538464,COMM
2000-05,ZC,0.038461538461538464,COMM
2000-05,ZF,0.038461538461538464,COMM
2000-05,ZG,0.038461538461538464,COMM
2000-05,ZI,0.038461538461538464,COMM
2000-05,ZK,0.038461538461538464,COMM
2000-05,ZL,0.038461538461538464,COMM
2000-05,ZM,0.038461538461538464,COMM
2000-05,ZN,0.038461538461538464,COMM
2000-05,ZO,0.038461538461538464,COMM
2000-05,ZP,0.038461538461538464,COMM
2000-05,ZR,0.038461538461538464,COMM
2000-05,ZS,0.038461538461538464,COMM
2000-05,ZT,0.038461538461538464,COMM
2000-05,ZU,0.038461538461538464,COMM
2000-05,ZW,0.038461538461538464,COMM
2000-05,ZZ,0.038461538461538464,COMM
2000-06,CC,0.038461538461538464,COMM
2000-06,CT,0.038461538461538464,COMM
2000-06,DA,0.038461538461538464,COMM
2000-06,JO,0.038461538461538464,COMM
2000-06,KC,0.038461538461538464,COMM
2000-06,LB,0.038461538461538464,COMM
2000-06,MW,0.038461538461538464,COMM
2000-06,SB,0.038461538461538464,COMM
2000-06,ZA,0.038461538461538464,COMM
2000-06,ZB,0.038461538461538464,COMM
2000-06,ZC,0.038461538461538464,COMM
2000-06,ZF,0.038461538461538464,COMM
2000-06,ZG,0.038461538461538464,COMM
2000-06,ZI,0.038461538461538464,COMM
2000-06,ZK,0.038461538461538464,COMM
2000-06,ZL,0.038461538461538464,COMM
2000-06,ZM,0.038461538461538464,COMM
2000-06,ZN,0.038461538461538464,COMM
2000-06,ZO,0.038461538461538464,COMM
2000-06,ZP,0.038461538461538464,COMM
2000-06,ZR,0.038461538461538464,COMM
2000-06,ZS,0.038461538461538464,COMM
2000-06,ZT,0.038461538461538464,COMM
2000-06,ZU,0.038461538461538464,COMM
2000-06,ZW,0.038461538461538464,COMM
2000-06,ZZ,0.038461538461538464,COMM
2000-07,CC,0.038461538461538464,COMM
2000-07,CT,0.038461538461538464,COMM
2000-07,DA,0.038461538461538464,COMM
2000-07,JO,0.038461538461538464,COMM
2000-07,KC,0.038461538461538464,COMM
2000-07,LB,0.038461538461538464,COMM
2000-07,MW,0.038461538461538464,COMM
2000-07,SB,0.038461538461538464,COMM
2000-07,ZA,0.038461538461538464,COMM
2000-07,ZB,0.038461538461538464,COMM
2000-07,ZC,0.038461538461538464,COMM
2000-07,ZF,0.038461538461538464,COMM
2000-07,ZG,0.038461538461538464,COMM
2000-07,ZI,0.038461538461538464,COMM
2000-07,ZK,0.038461538461538464,COMM
2000-07,ZL,0.038461538461538464,COMM
2000-07,ZM,0.038461538461538464,COMM
2000-07,ZN,0.038461538461538464,COMM
2000-07,ZO,0.038461538461538464,COMM
2000-07,ZP,0.038461538461538464,COMM
2000-07,ZR,0.038461538461538464,COMM
2000-07,ZS,0.038461538461538464,COMM
2000-07,ZT,0.038461538461538464,COMM
2000-07,ZU,0.038461538461538464,COMM
2000-07,ZW,0.038461538461538464,COMM
2000-07,ZZ,0.038461538461538464,COMM
2000-08,CC,0.038461538461538464,COMM
2000-08,CT,0.038461538461538464,COMM
2000-08,DA,0.038461538461538464,COMM
2000-08,JO,0.038461538461538464,COMM
2000-08,KC,0.038461538461538464,COMM
2000-08,LB,0.038461538461538464,COMM
2000-08,MW,0.038461538461538464,COMM
2000-08,SB,0.038461538461538464,COMM
2000-08,ZA,0.038461538461538464,COMM
2000-08,ZB,0.038461538461538464,COMM
2000-08,ZC,0.038461538461538464,COMM
2000-08,ZF,0.038461538461538464,COMM
2000-08,ZG,0.038461538461538464,COMM
2000-08,ZI,0.038461538461538464,COMM
2000-08,ZK,0.038461538461538464,COMM
2000-08,ZL,0.038461538461538464,COMM
2000-08,ZM,0.038461538461538464,COMM
2000-08,ZN,0.038461538461538464,COMM
2000-08,ZO,0.038461538461538464,COMM
2000-08,ZP,0.038461538461538464,COMM
2000-08,ZR,0.038461538461538464,COMM
2000-08,ZS,0.038461538461538464,COMM
2000-08,ZT,0.038461538461538464,COMM
2000-08,ZU,0.038461538461538464,COMM
2000-08,ZW,0.038461538461538464,COMM
2000-08,ZZ,0.038461538461538464,COMM
2000-09,CC,0.038461538461538464,COMM
2000-09,CT,0.038461538461538464,COMM
2000-09,DA,0.038461538461538464,COMM
2000-09,JO,0.038461538461538464,COMM
2000-09,KC,0.038461538461538464,COMM
2000-09,LB,0.038461538461538464,COMM
2000-09,MW,0.038461538461538464,COMM
2000-09,SB,0.038461538461538464,COMM
2000-09,ZA,0.038461538461538464,COMM
2000-09,ZB,0.038461538461538464,COMM
2000-09,ZC,0.038461538461538464,COMM
2000-09,ZF,0.038461538461538464,COMM
2000-09,ZG,0.038461538461538464,COMM
2000-09,ZI,0.038461538461538464,COMM
2000-09,ZK,0.038461538461538464,COMM
2000-09,ZL,0.038461538461538464,COMM
2000-09,ZM,0.038461538461538464,COMM
2000-09,ZN,0.038461538461538464,COMM
2000-09,ZO,0.038461538461538464,COMM
2000-09,ZP,0.038461538461538464,COMM
2000-09,ZR,0.038461538461538464,COMM
2000-09,ZS,0.038461538461538464,COMM
2000-09,ZT,0.038461538461538464,COMM
2000-09,ZU,0.038461538461538464,COMM
2000-09,ZW,0.038461538461538464,COMM
2000-09,ZZ,0.038461538461538464,COMM
2000-10,CC,0.038461538461538464,COMM
2000-10,CT,0.038461538461538464,COMM
2000-10,DA,0.038461538461538464,COMM
2000-10,JO,0.038461538461538464,COMM
2000-10,KC,0.038461538461538464,COMM
2000-10,LB,0.038461538461538464,COMM
2000-10,MW,0.038461538461538464,COMM
2000-10,SB,0.038461538461538464,COMM
2000-10,ZA,0.038461538461538464,COMM
2000-10,ZB,0.038461538461538464,COMM
2000-10,ZC,0.038461538461538464,COMM
2000-10,ZF,0.038461538461538464,COMM
2000-10,ZG,0.038461538461538464,COMM
2000-10,ZI,0.038461538461538464,COMM
2000-10,ZK,0.038461538461538464,COMM
2000-10,ZL,0.038461538461538464,COMM
2000-10,ZM,0.038461538461538464,COMM
2000-10,ZN,0.038461538461538464,COMM
2000-10,ZO,0.038461538461538464,COMM
2000-10,ZP,0.038461538461538464,COMM
2000-10,ZR,0.038461538461538464,COMM
2000-10,ZS,0.038461538461538464,COMM
2000-10,ZT,0.038461538461538464,COMM
2000-10,ZU,0.038461538461538464,COMM
2000-10,ZW,0.038461538461538464,COMM
2000-10,ZZ,0.038461538461538464,COMM
2000-11,CC,0.038461538461538464,COMM
2000-11,CT,0.038461538461538464,COMM
2000-11,DA,0.038461538461538464,COMM
2000-11,JO,0.038461538461538464,COMM
2000-11,KC,0.038461538461538464,COMM
2000-11,LB,0.038461538461538464,COMM
2000-11,MW,0.038461538461538464,COMM
2000-11,SB,0.038461538461538464,COMM
2000-11,ZA,0.038461538461538464,COMM
2000-11,ZB,0.038461538461538464,COMM
2000-11,ZC,0.038461538461538464,COMM
2000-11,ZF,0.038461538461538464,COMM
2000-11,ZG,0.038461538461538464,COMM
2000-11,ZI,0.038461538461538464,COMM
2000-11,ZK,0.038461538461538464,COMM
2000-11,ZL,0.038461538461538464,COMM
2000-11,ZM,0.038461538461538464,COMM
2000-11,ZN,0.038461538461538464,COMM
2000-11,ZO,0.038461538461538464,COMM
2000-11,ZP,0.038461538461538464,COMM
2000-11,ZR,0.038461538461538464,COMM
2000-11,ZS,0.038461538461538464,COMM
2000-11,ZT,0.038461538461538464,COMM
2000-11,ZU,0.038461538461538464,COMM
2000-11,ZW,0.038461538461538464,COMM
2000-11,ZZ,0.038461538461538464,COMM
2000-12,CC,0.038461538461538464,COMM
2000-12,CT,0.038461538461538464,COMM
2000-12,DA,0.038461538461538464,COMM
2000-12,JO,0.038461538461538464,COMM
2000-12,KC,0.038461538461538464,COMM
2000-12,LB,0.038461538461538464,COMM
2000-12,MW,0.038461538461538464,COMM
2000-12,SB,0.038461538461538464,COMM
2000-12,ZA,0.038461538461538464,COMM
2000-12,ZB,0.038461538461538464,COMM
2000-12,ZC,0.038461538461538464,COMM
2000-12,ZF,0.038461538461538464,COMM
2000-12,ZG,0.038461538461538464,COMM
2000-12,ZI,0.038461538461538464,COMM
2000-12,ZK,0.038461538461538464,COMM
2000-12,ZL,0.038461538461538464,COMM
2000-12,ZM,0.038461538461538464,COMM
2000-12,ZN,0.038461538461538464,COMM
2000-12,ZO,0.038461538461538464,COMM
2000-12,ZP,0.038461538461538464,COMM
2000-12,ZR,0.038461538461538464,COMM
2000-12,ZS,0.038461538461538464,COMM
2000-12,ZT,0.038461538461538464,COMM
2000-12,ZU,0.038461538461538464,COMM
2000-12,ZW,0.038461538461538464,COMM
2000-12,ZZ,0.038461538461538464,COMM
2001-01,CC,0.038461538461538464,COMM
2001-01,CT,0.038461538461538464,COMM
2001-01,DA,0.038461538461538464,COMM
2001-01,JO,0.038461538461538464,COMM
2001-01,KC,0.038461538461538464,COMM
2001-01,LB,0.038461538461538464,COMM
2001-01,MW,0.038461538461538464,COMM
2001-01,SB,0.038461538461538464,COMM
2001-01,ZA,0.038461538461538464,COMM
2001-01,ZB,0.038461538461538464,COMM
2001-01,ZC,0.038461538461538464,COMM
2001-01,ZF,0.038461538461538464,COMM
2001-01,ZG,0.038461538461538464,COMM
2001-01,ZI,0.038461538461538464,COMM
2001-01,ZK,0.038461538461538464,COMM
2001-01,ZL,0.038461538461538464,COMM
2001-01,ZM,0.038461538461538464,COMM
2001-01,ZN,0.038461538461538464,COMM
2001-01,ZO,0.038461538461538464,COMM
2001-01,ZP,0.038461538461538464,COMM
2001-01,ZR,0.038461538461538464,COMM
2001-01,ZS,0.038461538461538464,COMM
2001-01,ZT,0.038461538461538464,COMM
2001-01,ZU,0.038461538461538464,COMM
2001-01,ZW,0.038461538461538464,COMM
2001-01,ZZ,0.038461538461538464,COMM
2001-02,CC,0.038461538461538464,COMM
2001-02,CT,0.038461538461538464,COMM
2001-02,DA,0.038461538461538464,COMM
2001-02,JO,0.038461538461538464,COMM
2001-02,KC,0.038461538461538464,COMM
2001-02,LB,0.038461538461538464,COMM
2001-02,MW,0.038461538461538464,COMM
2001-02,SB,0.038461538461538464,COMM
2001-02,ZA,0.038461538461538464,COMM
2001-02,ZB,0.038461538461538464,COMM
2001-02,ZC,0.038461538461538464,COMM
2001-02,ZF,0.038461538461538464,COMM
2001-02,ZG,0.038461538461538464,COMM
2001-02,ZI,0.038461538461538464,COMM
2001-02,ZK,0.038461538461538464,COMM
2001-02,ZL,0.038461538461538464,COMM
2001-02,ZM,0.038461538461538464,COMM
2001-02,ZN,0.038461538461538464,COMM
2001-02,ZO,0.038461538461538464,COMM
2001-02,ZP,0.038461538461538464,COMM
2001-02,ZR,0.038461538461538464,COMM
2001-02,ZS,0.038461538461538464,COMM
2001-02,ZT,0.038461538461538464,COMM
2001-02,ZU,0.038461538461538464,COMM
2001-02,ZW,0.038461538461538464,COMM
2001-02,ZZ,0.038461538461538464,COMM
2001-03,CC,0.038461538461538464,COMM
2001-03,CT,0.038461538461538464,COMM
2001-03,DA,0.038461538461538464,COMM
2001-03,JO,0.038461538461538464,COMM
2001-03,KC,0.038461538461538464,COMM
2001-03,LB,0.038461538461538464,COMM
2001-03,MW,0.038461538461538464,COMM
2001-03,SB,0.038461538461538464,COMM
2001-03,ZA,0.038461538461538464,COMM
2001-03,ZB,0.038461538461538464,COMM
2001-03,ZC,0.038461538461538464,COMM
2001-03,ZF,0.038461538461538464,COMM
2001-03,ZG,0.038461538461538464,COMM
2001-03,ZI,0.038461538461538464,COMM
2001-03,ZK,0.038461538461538464,COMM
2001-03,ZL,0.038461538461538464,COMM
2001-03,ZM,0.038461538461538464,COMM
2001-03,ZN,0.038461538461538464,COMM
2001-03,ZO,0.038461538461538464,COMM
2001-03,ZP,0.038461538461538464,COMM
2001-03,ZR,0.038461538461538464,COMM
2001-03,ZS,0.038461538461538464,COMM
2001-03,ZT,0.038461538461538464,COMM
2001-03,ZU,0.038461538461538464,COMM
2001-03,ZW,0.038461538461538464,COMM
2001-03,ZZ,0.038461538461538464,COMM
2001-04,CC,0.038461538461538464,COMM
2001-04,CT,0.038461538461538464,COMM
2001-04,DA,0.038461538461538464,COMM
2001-04,JO,0.038461538461538464,COMM
2001-04,KC,0.038461538461538464,COMM
2001-04,LB,0.038461538461538464,COMM
2001-04,MW,0.038461538461538464,COMM
2001-04,SB,0.038461538461538464,COMM
2001-04,ZA,0.038461538461538464,COMM
2001-04,ZB,0.038461538461538464,COMM
2001-04,ZC,0.038461538461538464,COMM
2001-04,ZF,0.038461538461538464,COMM
2001-04,ZG,0.038461538461538464,COMM
2001-04,ZI,0.038461538461538464,COMM
2001-04,ZK,0.038461538461538464,COMM
2001-04,ZL,0.038461538461538464,COMM
2001-04,ZM,0.038461538461538464,COMM
2001-04,ZN,0.038461538461538464,COMM
2001-04,ZO,0.038461538461538464,COMM
2001-04,ZP,0.038461538461538464,COMM
2001-04,ZR,0.038461538461538464,COMM
2001-04,ZS,0.038461538461538464,COMM
2001-04,ZT,0.038461538461538464,COMM
2001-04,ZU,0.038461538461538464,COMM
2001-04,ZW,0.038461538461538464,COMM
2001-04,ZZ,0.038461538461538464,COMM
2001-05,CC,0.038461538461538464,COMM
2001-05,CT,0.038461538461538464,COMM
2001-05,DA,0.038461538461538464,COMM
2001-05,JO,0.038461538461538464,COMM
2001-05,KC,0.038461538461538464,COMM
2001-05,LB,0.038461538461538464,COMM
2001-05,MW,0.038461538461538464,COMM
2001-05,SB,0.038461538461538464,COMM
2001-05,ZA,0.038461538461538464,COMM
2001-05,ZB,0.038461538461538464,COMM
2001-05,ZC,0.038461538461538464,COMM
2001-05,ZF,0.038461538461538464,COMM
2001-05,ZG,0.038461538461538464,COMM
2001-05,ZI,0.038461538461538464,COMM
2001-05,ZK,0.038461538461538464,COMM
2001-05,ZL,0.038461538461538464,COMM
2001-05,ZM,0.038461538461538464,COMM
2001-05,ZN,0.038461538461538464,COMM
2001-05,ZO,0.038461538461538464,COMM
2001-05,ZP,0.038461538461538464,COMM
2001-05,ZR,0.038461538461538464,COMM
2001-05,ZS,0.038461538461538464,COMM
2001-05,ZT,0.038461538461538464,COMM
2001-05,ZU,0.038461538461538464,COMM
2001-05,ZW,0.038461538461538464,COMM
2001-05,ZZ,0.038461538461538464,COMM
2001-06,CC,0.038461538461538464,COMM
2001-06,CT,0.038461538461538464,COMM
2001-06,DA,0.038461538461538464,COMM
2001-06,JO,0.038461538461538464,COMM
2001-06,KC,0.038461538461538464,COMM
2001-06,LB,0.038461538461538464,COMM
2001-06,MW,0.038461538461538464,COMM
2001-06,SB,0.038461538461538464,COMM
2001-06,ZA,0.038461538461538464,COMM
2001-06,ZB,0.038461538461538464,COMM
2001-06,ZC,0.038461538461538464,COMM
2001-06,ZF,0.038461538461538464,COMM
2001-06,ZG,0.038461538461538464,COMM
2001-06,ZI,0.038461538461538464,COMM
2001-06,ZK,0.038461538461538464,COMM
2001-06,ZL,0.038461538461538464,COMM
2001-06,ZM,0.038461538461538464,COMM
2001-06,ZN,0.038461538461538464,COMM
2001-06,ZO,0.038461538461538464,COMM
2001-06,ZP,0.038461538461538464,COMM
2001-06,ZR,0.038461538461538464,COMM
2001-06,ZS,0.038461538461538464,COMM
2001-06,ZT,0.038461538461538464,COMM
2001-06,ZU,0.038461538461538464,COMM
2001-06,ZW,0.038461538461538464,COMM
2001-06,ZZ,0.038461538461538464,COMM
2001-07,CC,0.038461538461538464,COMM
2001-07,CT,0.038461538461538464,COMM
2001-07,DA,0.038461538461538464,COMM
2001-07,JO,0.038461538461538464,COMM
2001-07,KC,0.038461538461538464,COMM
2001-07,LB,0.038461538461538464,COMM
2001-07,MW,0.038461538461538464,COMM
2001-07,SB,0.038461538461538464,COMM
2001-07,ZA,0.038461538461538464,COMM
2001-07,ZB,0.038461538461538464,COMM
2001-07,ZC,0.038461538461538464,COMM
2001-07,ZF,0.038461538461538464,COMM
2001-07,ZG,0.038461538461538464,COMM
2001-07,ZI,0.038461538461538464,COMM
2001-07,ZK,0.038461538461538464,COMM
2001-07,ZL,0.038461538461538464,COMM
2001-07,ZM,0.038461538461538464,COMM
2001-07,ZN,0.038461538461538464,COMM
2001-07,ZO,0.038461538461538464,COMM
2001-07,ZP,0.038461538461538464,COMM
2001-07,ZR,0.038461538461538464,COMM
2001-07,ZS,0.038461538461538464,COMM
2001-07,ZT,0.038461538461538464,COMM
2001-07,ZU,0.038461538461538464,COMM
2001-07,ZW,0.038461538461538464,COMM
2001-07,ZZ,0.038461538461538464,COMM
2001-08,CC,0.038461538461538464,COMM
2001-08,CT,0.038461538461538464,COMM
2001-08,DA,0.038461538461538464,COMM
2001-08,JO,0.038461538461538464,COMM
2001-08,KC,0.038461538461538464,COMM
2001-08,LB,0.038461538461538464,COMM
2001-08,MW,0.038461538461538464,COMM
2001-08,SB,0.038461538461538464,COMM
2001-08,ZA,0.038461538461538464,COMM
2001-08,ZB,0.038461538461538464,COMM
2001-08,ZC,0.038461538461538464,COMM
2001-08,ZF,0.038461538461538464,COMM
2001-08,ZG,0.038461538461538464,COMM
2001-08,ZI,0.038461538461538464,COMM
2001-08,ZK,0.038461538461538464,COMM
2001-08,ZL,0.038461538461538464,COMM
2001-08,ZM,0.038461538461538464,COMM
2001-08,ZN,0.038461538461538464,COMM
2001-08,ZO,0.038461538461538464,COMM
2001-08,ZP,0.038461538461538464,COMM
2001-08,ZR,0.038461538461538464,COMM
2001-08,ZS,0.038461538461538464,COMM
2001-08,ZT,0.038461538461538464,COMM
2001-08,ZU,0.038461538461538464,COMM
2001-08,ZW,0.038461538461538464,COMM
2001-08,ZZ,0.038461538461538464,COMM
2001-09,CC,0.038461538461538464,COMM
2001-09,CT,0.038461538461538464,COMM
2001-09,DA,0.038461538461538464,COMM
2001-09,JO,0.038461538461538464,COMM
2001-09,KC,0.038461538461538464,COMM
2001-09,LB,0.038461538461538464,COMM
2001-09,MW,0.038461538461538464,COMM
2001-09,SB,0.038461538461538464,COMM
2001-09,ZA,0.038461538461538464,COMM
2001-09,ZB,0.038461538461538464,COMM
2001-09,ZC,0.038461538461538464,COMM
2001-09,ZF,0.038461538461538464,COMM
2001-09,ZG,0.038461538461538464,COMM
2001-09,ZI,0.038461538461538464,COMM
2001-09,ZK,0.038461538461538464,COMM
2001-09,ZL,0.038461538461538464,COMM
2001-09,ZM,0.038461538461538464,COMM
2001-09,ZN,0.038461538461538464,COMM
2001-09,ZO,0.038461538461538464,COMM
2001-09,ZP,0.038461538461538464,COMM
2001-09,ZR,0.038461538461538464,COMM
2001-09,ZS,0.038461538461538464,COMM
2001-09,ZT,0.038461538461538464,COMM
2001-09,ZU,0.038461538461538464,COMM
2001-09,ZW,0.038461538461538464,COMM
2001-09,ZZ,0.038461538461538464,COMM
2001-10,CC,0.038461538461538464,COMM
2001-10,CT,0.038461538461538464,COMM
2001-10,DA,0.038461538461538464,COMM
2001-10,JO,0.038461538461538464,COMM
2001-10,KC,0.038461538461538464,COMM
2001-10,LB,0.038461538461538464,COMM
2001-10,MW,0.038461538461538464,COMM
2001-10,SB,0.038461538461538464,COMM
2001-10,ZA,0.038461538461538464,COMM
2001-10,ZB,0.038461538461538464,COMM
2001-10,ZC,0.038461538461538464,COMM
2001-10,ZF,0.038461538461538464,COMM
2001-10,ZG,0.038461538461538464,COMM
2001-10,ZI,0.038461538461538464,COMM
2001-10,ZK,0.038461538461538464,COMM
2001-10,ZL,0.038461538461538464,COMM
2001-10,ZM,0.038461538461538464,COMM
2001-10,ZN,0.038461538461538464,COMM
2001-10,ZO,0.038461538461538464,COMM
2001-10,ZP,0.038461538461538464,COMM
2001-10,ZR,0.038461538461538464,COMM
2001-10,ZS,0.038461538461538464,COMM
2001-10,ZT,0.038461538461538464,COMM
2001-10,ZU,0.038461538461538464,COMM
2001-10,ZW,0.038461538461538464,COMM
2001-10,ZZ,0.038461538461538464,COMM
2001-11,CC,0.038461538461538464,COMM
2001-11,CT,0.038461538461538464,COMM
2001-11,DA,0.038461538461538464,COMM
2001-11,JO,0.038461538461538464,COMM
2001-11,KC,0.038461538461538464,COMM
2001-11,LB,0.038461538461538464,COMM
2001-11,MW,0.038461538461538464,COMM
2001-11,SB,0.038461538461538464,COMM
2001-11,ZA,0.038461538461538464,COMM
2001-11,ZB,0.038461538461538464,COMM
2001-11,ZC,0.038461538461538464,COMM
2001-11,ZF,0.038461538461538464,COMM
2001-11,ZG,0.038461538461538464,COMM
2001-11,ZI,0.038461538461538464,COMM
2001-11,ZK,0.038461538461538464,COMM
2001-11,ZL,0.038461538461538464,COMM
2001-11,ZM,0.038461538461538464,COMM
2001-11,ZN,0.038461538461538464,COMM
2001-11,ZO,0.038461538461538464,COMM
2001-11,ZP,0.038461538461538464,COMM
2001-11,ZR,0.038461538461538464,COMM
2001-11,ZS,0.038461538461538464,COMM
2001-11,ZT,0.038461538461538464,COMM
2001-11,ZU,0.038461538461538464,COMM
2001-11,ZW,0.038461538461538464,COMM
2001-11,ZZ,0.038461538461538464,COMM
2001-12,CC,0.038461538461538464,COMM
2001-12,CT,0.038461538461538464,COMM
2001-12,DA,0.038461538461538464,COMM
2001-12,JO,0.038461538461538464,COMM
2001-12,KC,0.038461538461538464,COMM
2001-12,LB,0.038461538461538464,COMM
2001-12,MW,0.038461538461538464,COMM
2001-12,SB,0.038461538461538464,COMM
2001-12,ZA,0.038461538461538464,COMM
2001-12,ZB,0.038461538461538464,COMM
2001-12,ZC,0.038461538461538464,COMM
2001-12,ZF,0.038461538461538464,COMM
2001-12,ZG,0.038461538461538464,COMM
2001-12,ZI,0.038461538461538464,COMM
2001-12,ZK,0.038461538461538464,COMM
2001-12,ZL,0.038461538461538464,COMM
2001-12,ZM,0.038461538461538464,COMM
2001-12,ZN,0.038461538461538464,COMM
2001-12,ZO,0.038461538461538464,COMM
2001-12,ZP,0.038461538461538464,COMM
2001-12,ZR,0.038461538461538464,COMM
2001-12,ZS,0.038461538461538464,COMM
2001-12,ZT,0.038461538461538464,COMM
2001-12,ZU,0.038461538461538464,COMM
2001-12,ZW,0.038461538461538464,COMM
2001-12,ZZ,0.038461538461538464,COMM
2002-01,CC,0.038461538461538464,COMM
2002-01,CT,0.038461538461538464,COMM
2002-01,DA,0.038461538461538464,COMM
2002-01,JO,0.038461538461538464,COMM
2002-01,KC,0.038461538461538464,COMM
2002-01,LB,0.038461538461538464,COMM
2002-01,MW,0.038461538461538464,COMM
2002-01,SB,0.038461538461538464,COMM
2002-01,ZA,0.038461538461538464,COMM
2002-01,ZB,0.038461538461538464,COMM
2002-01,ZC,0.038461538461538464,COMM
2002-01,ZF,0.038461538461538464,COMM
2002-01,ZG,0.038461538461538464,COMM
2002-01,ZI,0.038461538461538464,COMM
2002-01,ZK,0.038461538461538464,COMM
2002-01,ZL,0.038461538461538464,COMM
2002-01,ZM,0.038461538461538464,COMM
2002-01,ZN,0.038461538461538464,COMM
2002-01,ZO,0.038461538461538464,COMM
2002-01,ZP,0.038461538461538464,COMM
2002-01,ZR,0.038461538461538464,COMM
2002-01,ZS,0.038461538461538464,COMM
2002-01,ZT,0.038461538461538464,COMM
2002-01,ZU,0.038461538461538464,COMM
2002-01,ZW,0.038461538461538464,COMM
2002-01,ZZ,0.038461538461538464,COMM
2002-02,CC,0.038461538461538464,COMM
2002-02,CT,0.038461538461538464,COMM
2002-02,DA,0.038461538461538464,COMM
2002-02,JO,0.038461538461538464,COMM
2002-02,KC,0.038461538461538464,COMM
2002-02,LB,0.038461538461538464,COMM
2002-02,MW,0.038461538461538464,COMM
2002-02,SB,0.038461538461538464,COMM
2002-02,ZA,0.038461538461538464,COMM
2002-02,ZB,0.038461538461538464,COMM
2002-02,ZC,0.038461538461538464,COMM
2002-02,ZF,0.038461538461538464,COMM
2002-02,ZG,0.038461538461538464,COMM
2002-02,ZI,0.038461538461538464,COMM
2002-02,ZK,0.038461538461538464,COMM
2002-02,ZL,0.038461538461538464,COMM
2002-02,ZM,0.038461538461538464,COMM
2002-02,ZN,0.038461538461538464,COMM
2002-02,ZO,0.038461538461538464,COMM
2002-02,ZP,0.038461538461538464,COMM
2002-02,ZR,0.038461538461538464,COMM
2002-02,ZS,0.038461538461538464,COMM
2002-02,ZT,0.038461538461538464,COMM
2002-02,ZU,0.038461538461538464,COMM
2002-02,ZW,0.038461538461538464,COMM
2002-02,ZZ,0.038461538461538464,COMM
2002-03,CC,0.038461538461538464,COMM
2002-03,CT,0.038461538461538464,COMM
2002-03,DA,0.038461538461538464,COMM
2002-03,JO,0.038461538461538464,COMM
2002-03,KC,0.038461538461538464,COMM
2002-03,LB,0.038461538461538464,COMM
2002-03,MW,0.038461538461538464,COMM
2002-03,SB,0.038461538461538464,COMM
2002-03,ZA,0.038461538461538464,COMM
2002-03,ZB,0.038461538461538464,COMM
2002-03,ZC,0.038461538461538464,COMM
2002-03,ZF,0.038461538461538464,COMM
2002-03,ZG,0.038461538461538464,COMM
2002-03,ZI,0.038461538461538464,COMM
2002-03,ZK,0.038461538461538464,COMM
2002-03,ZL,0.038461538461538464,COMM
2002-03,ZM,0.038461538461538464,COMM
2002-03,ZN,0.038461538461538464,COMM
2002-03,ZO,0.038461538461538464,COMM
2002-03,ZP,0.038461538461538464,COMM
2002-03,ZR,0.038461538461538464,COMM
2002-03,ZS,0.038461538461538464,COMM
2002-03,ZT,0.038461538461538464,COMM
2002-03,ZU,0.038461538461538464,COMM
2002-03,ZW,0.038461538461538464,COMM
2002-03,ZZ,0.038461538461538464,COMM
2002-04,CC,0.038461538461538464,COMM
2002-04,CT,0.038461538461538464,COMM
2002-04,DA,0.038461538461538464,COMM
2002-04,JO,0.038461538461538464,COMM
2002-04,KC,0.038461538461538464,COMM
2002-04,LB,0.038461538461538464,COMM
2002-04,MW,0.038461538461538464,COMM
2002-04,SB,0.038461538461538464,COMM
2002-04,ZA,0.038461538461538464,COMM
2002-04,ZB,0.038461538461538464,COMM
2002-04,ZC,0.038461538461538464,COMM
2002-04,ZF,0.038461538461538464,COMM
2002-04,ZG,0.038461538461538464,COMM
2002-04,ZI,0.038461538461538464,COMM
2002-04,ZK,0.038461538461538464,COMM
2002-04,ZL,0.038461538461538464,COMM
2002-04,ZM,0.038461538461538464,COMM
2002-04,ZN,0.038461538461538464,COMM
2002-04,ZO,0.038461538461538464,COMM
2002-04,ZP,0.038461538461538464,COMM
2002-04,ZR,0.038461538461538464,COMM
2002-04,ZS,0.038461538461538464,COMM
2002-04,ZT,0.038461538461538464,COMM
2002-04,ZU,0.038461538461538464,COMM
2002-04,ZW,0.038461538461538464,COMM
2002-04,ZZ,0.038461538461538464,COMM
2002-05,CC,0.038461538461538464,COMM
2002-05,CT,0.038461538461538464,COMM
2002-05,DA,0.038461538461538464,COMM
2002-05,JO,0.038461538461538464,COMM
2002-05,KC,0.038461538461538464,COMM
2002-05,LB,0.038461538461538464,COMM
2002-05,MW,0.038461538461538464,COMM
2002-05,SB,0.038461538461538464,COMM
2002-05,ZA,0.038461538461538464,COMM
2002-05,ZB,0.038461538461538464,COMM
2002-05,ZC,0.038461538461538464,COMM
2002-05,ZF,0.038461538461538464,COMM
2002-05,ZG,0.038461538461538464,COMM
2002-05,ZI,0.038461538461538464,COMM
2002-05,ZK,0.038461538461538464,COMM
2002-05,ZL,0.038461538461538464,COMM
2002-05,ZM,0.038461538461538464,COMM
2002-05,ZN,0.038461538461538464,COMM
2002-05,ZO,0.038461538461538464,COMM
2002-05,ZP,0.038461538461538464,COMM
2002-05,ZR,0.038461538461538464,COMM
2002-05,ZS,0.038461538461538464,COMM
2002-05,ZT,0.038461538461538464,COMM
2002-05,ZU,0.038461538461538464,COMM
2002-05,ZW,0.038461538461538464,COMM
2002-05,ZZ,0.038461538461538464,COMM
2002-06,CC,0.038461538461538464,COMM
2002-06,CT,0.038461538461538464,COMM
2002-06,DA,0.038461538461538464,COMM
2002-06,JO,0.038461538461538464,COMM
2002-06,KC,0.038461538461538464,COMM
2002-06,LB,0.038461538461538464,COMM
2002-06,MW,0.038461538461538464,COMM
2002-06,SB,0.038461538461538464,COMM
2002-06,ZA,0.038461538461538464,COMM
2002-06,ZB,0.038461538461538464,COMM
2002-06,ZC,0.038461538461538464,COMM
2002-06,ZF,0.038461538461538464,COMM
2002-06,ZG,0.038461538461538464,COMM
2002-06,ZI,0.038461538461538464,COMM
2002-06,ZK,0.038461538461538464,COMM
2002-06,ZL,0.038461538461538464,COMM
2002-06,ZM,0.038461538461538464,COMM
2002-06,ZN,0.038461538461538464,COMM
2002-06,ZO,0.038461538461538464,COMM
2002-06,ZP,0.038461538461538464,COMM
2002-06,ZR,0.038461538461538464,COMM
2002-06,ZS,0.038461538461538464,COMM
2002-06,ZT,0.038461538461538464,COMM
2002-06,ZU,0.038461538461538464,COMM
2002-06,ZW,0.038461538461538464,COMM
2002-06,ZZ,0.038461538461538464,COMM
2002-07,CC,0.038461538461538464,COMM
2002-07,CT,0.038461538461538464,COMM
2002-07,DA,0.038461538461538464,COMM
2002-07,JO,0.038461538461538464,COMM
2002-07,KC,0.038461538461538464,COMM
2002-07,LB,0.038461538461538464,COMM
2002-07,MW,0.038461538461538464,COMM
2002-07,SB,0.038461538461538464,COMM
2002-07,ZA,0.038461538461538464,COMM
2002-07,ZB,0.038461538461538464,COMM
2002-07,ZC,0.038461538461538464,COMM
2002-07,ZF,0.038461538461538464,COMM
2002-07,ZG,0.038461538461538464,COMM
2002-07,ZI,0.038461538461538464,COMM
2002-07,ZK,0.038461538461538464,COMM
2002-07,ZL,0.038461538461538464,COMM
2002-07,ZM,0.038461538461538464,COMM
2002-07,ZN,0.038461538461538464,COMM
2002-07,ZO,0.038461538461538464,COMM
2002-07,ZP,0.038461538461538464,COMM
2002-07,ZR,0.038461538461538464,COMM
2002-07,ZS,0.038461538461538464,COMM
2002-07,ZT,0.038461538461538464,COMM
2002-07,ZU,0.038461538461538464,COMM
2002-07,ZW,0.038461538461538464,COMM
2002-07,ZZ,0.038461538461538464,COMM
2002-08,CC,0.038461538461538464,COMM
2002-08,CT,0.038461538461538464,COMM
2002-08,DA,0.038461538461538464,COMM
2002-08,JO,0.038461538461538464,COMM
2002-08,KC,0.038461538461538464,COMM
2002-08,LB,0.038461538461538464,COMM
2002-08,MW,0.038461538461538464,COMM
2002-08,SB,0.038461538461538464,COMM
2002-08,ZA,0.038461538461538464,COMM
2002-08,ZB,0.038461538461538464,COMM
2002-08,ZC,0.038461538461538464,COMM
2002-08,ZF,0.038461538461538464,COMM
2002-08,ZG,0.038461538461538464,COMM
2002-08,ZI,0.038461538461538464,COMM
2002-08,ZK,0.038461538461538464,COMM
2002-08,ZL,0.038461538461538464,COMM
2002-08,ZM,0.038461538461538464,COMM
2002-08,ZN,0.038461538461538464,COMM
2002-08,ZO,0.038461538461538464,COMM
2002-08,ZP,0.038461538461538464,COMM
2002-08,ZR,0.038461538461538464,COMM
2002-08,ZS,0.038461538461538464,COMM
2002-08,ZT,0.038461538461538464,COMM
2002-08,ZU,0.038461538461538464,COMM
2002-08,ZW,0.038461538461538464,COMM
2002-08,ZZ,0.038461538461538464,COMM
2002-09,CC,0.038461538461538464,COMM
2002-09,CT,0.038461538461538464,COMM
2002-09,DA,0.038461538461538464,COMM
2002-09,JO,0.038461538461538464,COMM
2002-09,KC,0.038461538461538464,COMM
2002-09,LB,0.038461538461538464,COMM
2002-09,MW,0.038461538461538464,COMM
2002-09,SB,0.038461538461538464,COMM
2002-09,ZA,0.038461538461538464,COMM
2002-09,ZB,0.038461538461538464,COMM
2002-09,ZC,0.038461538461538464,COMM
2002-09,ZF,0.038461538461538464,COMM
2002-09,ZG,0.038461538461538464,COMM
2002-09,ZI,0.038461538461538464,COMM
2002-09,ZK,0.038461538461538464,COMM
2002-09,ZL,0.038461538461538464,COMM
2002-09,ZM,0.038461538461538464,COMM
2002-09,ZN,0.038461538461538464,COMM
2002-09,ZO,0.038461538461538464,COMM
2002-09,ZP,0.038461538461538464,COMM
2002-09,ZR,0.038461538461538464,COMM
2002-09,ZS,0.038461538461538464,COMM
2002-09,ZT,0.038461538461538464,COMM
2002-09,ZU,0.038461538461538464,COMM
2002-09,ZW,0.038461538461538464,COMM
2002-09,ZZ,0.038461538461538464,COMM
2002-10,CC,0.038461538461538464,COMM
2002-10,CT,0.038461538461538464,COMM
2002-10,DA,0.038461538461538464,COMM
2002-10,JO,0.038461538461538464,COMM
2002-10,KC,0.038461538461538464,COMM
2002-10,LB,0.038461538461538464,COMM
2002-10,MW,0.038461538461538464,COMM
2002-10,SB,0.038461538461538464,COMM
2002-10,ZA,0.038461538461538464,COMM
2002-10,ZB,0.038461538461538464,COMM
2002-10,ZC,0.038461538461538464,COMM
2002-10,ZF,0.038461538461538464,COMM
2002-10,ZG,0.038461538461538464,COMM
2002-10,ZI,0.038461538461538464,COMM
2002-10,ZK,0.038461538461538464,COMM
2002-10,ZL,0.038461538461538464,COMM
2002-10,ZM,0.038461538461538464,COMM
2002-10,ZN,0.038461538461538464,COMM
2002-10,ZO,0.038461538461538464,COMM
2002-10,ZP,0.038461538461538464,COMM
2002-10,ZR,0.038461538461538464,COMM
2002-10,ZS,0.038461538461538464,COMM
2002-10,ZT,0.038461538461538464,COMM
2002-10,ZU,0.038461538461538464,COMM
2002-10,ZW,0.038461538461538464,COMM
2002-10,ZZ,0.038461538461538464,COMM
2002-11,CC,0.038461538461538464,COMM
2002-11,CT,0.038461538461538464,COMM
2002-11,DA,0.038461538461538464,COMM
2002-11,JO,0.038461538461538464,COMM
2002-11,KC,0.038461538461538464,COMM
2002-11,LB,0.038461538461538464,COMM
2002-11,MW,0.038461538461538464,COMM
2002-11,SB,0.038461538461538464,COMM
2002-11,ZA,0.038461538461538464,COMM
2002-11,ZB,0.038461538461538464,COMM
2002-11,ZC,0.038461538461538464,COMM
2002-11,ZF,0.038461538461538464,COMM
2002-11,ZG,0.038461538461538464,COMM
2002-11,ZI,0.038461538461538464,COMM
2002-11,ZK,0.038461538461538464,COMM
2002-11,ZL,0.038461538461538464,COMM
2002-11,ZM,0.038461538461538464,COMM
2002-11,ZN,0.038461538461538464,COMM
2002-11,ZO,0.038461538461538464,COMM
2002-11,ZP,0.038461538461538464,COMM
2002-11,ZR,0.038461538461538464,COMM
2002-11,ZS,0.038461538461538464,COMM
2002-11,ZT,0.038461538461538464,COMM
2002-11,ZU,0.038461538461538464,COMM
2002-11,ZW,0.038461538461538464,COMM
2002-11,ZZ,0.038461538461538464,COMM
2002-12,CC,0.038461538461538464,COMM
2002-12,CT,0.038461538461538464,COMM
2002-12,DA,0.038461538461538464,COMM
2002-12,JO,0.038461538461538464,COMM
2002-12,KC,0.038461538461538464,COMM
2002-12,LB,0.038461538461538464,COMM
2002-12,MW,0.038461538461538464,COMM
2002-12,SB,0.038461538461538464,COMM
2002-12,ZA,0.038461538461538464,COMM
2002-12,ZB,0.038461538461538464,COMM
2002-12,ZC,0.038461538461538464,COMM
2002-12,ZF,0.038461538461538464,COMM
2002-12,ZG,0.038461538461538464,COMM
2002-12,ZI,0.038461538461538464,COMM
2002-12,ZK,0.038461538461538464,COMM
2002-12,ZL,0.038461538461538464,COMM
2002-12,ZM,0.038461538461538464,COMM
2002-12,ZN,0.038461538461538464,COMM
2002-12,ZO,0.038461538461538464,COMM
2002-12,ZP,0.038461538461538464,COMM
2002-12,ZR,0.038461538461538464,COMM
2002-12,ZS,0.038461538461538464,COMM
2002-12,ZT,0.038461538461538464,COMM
2002-12,ZU,0.038461538461538464,COMM
2002-12,ZW,0.038461538461538464,COMM
2002-12,ZZ,0.038461538461538464,COMM
2003-01,CC,0.038461538461538464,COMM
2003-01,CT,0.038461538461538464,COMM
2003-01,DA,0.038461538461538464,COMM
2003-01,JO,0.038461538461538464,COMM
2003-01,KC,0.038461538461538464,COMM
2003-01,LB,0.038461538461538464,COMM
2003-01,MW,0.038461538461538464,COMM
2003-01,SB,0.038461538461538464,COMM
2003-01,ZA,0.038461538461538464,COMM
2003-01,ZB,0.038461538461538464,COMM
2003-01,ZC,0.038461538461538464,COMM
2003-01,ZF,0.038461538461538464,COMM
2003-01,ZG,0.038461538461538464,COMM
2003-01,ZI,0.038461538461538464,COMM
2003-01,ZK,0.038461538461538464,COMM
2003-01,ZL,0.038461538461538464,COMM
2003-01,ZM,0.038461538461538464,COMM
2003-01,ZN,0.038461538461538464,COMM
2003-01,ZO,0.038461538461538464,COMM
2003-01,ZP,0.038461538461538464,COMM
2003-01,ZR,0.038461538461538464,COMM
2003-01,ZS,0.038461538461538464,COMM
2003-01,ZT,0.038461538461538464,COMM
2003-01,ZU,0.038461538461538464,COMM
2003-01,ZW,0.038461538461538464,COMM
2003-01,ZZ,0.038461538461538464,COMM
2003-02,CC,0.038461538461538464,COMM
2003-02,CT,0.038461538461538464,COMM
2003-02,DA,0.038461538461538464,COMM
2003-02,JO,0.038461538461538464,COMM
2003-02,KC,0.038461538461538464,COMM
2003-02,LB,0.038461538461538464,COMM
2003-02,MW,0.038461538461538464,COMM
2003-02,SB,0.038461538461538464,COMM
2003-02,ZA,0.038461538461538464,COMM
2003-02,ZB,0.038461538461538464,COMM
2003-02,ZC,0.038461538461538464,COMM
2003-02,ZF,0.038461538461538464,COMM
2003-02,ZG,0.038461538461538464,COMM
2003-02,ZI,0.038461538461538464,COMM
2003-02,ZK,0.038461538461538464,COMM
2003-02,ZL,0.038461538461538464,COMM
2003-02,ZM,0.038461538461538464,COMM
2003-02,ZN,0.038461538461538464,COMM
2003-02,ZO,0.038461538461538464,COMM
2003-02,ZP,0.038461538461538464,COMM
2003-02,ZR,0.038461538461538464,COMM
2003-02,ZS,0.038461538461538464,COMM
2003-02,ZT,0.038461538461538464,COMM
2003-02,ZU,0.038461538461538464,COMM
2003-02,ZW,0.038461538461538464,COMM
2003-02,ZZ,0.038461538461538464,COMM
2003-03,CC,0.038461538461538464,COMM
2003-03,CT,0.038461538461538464,COMM
2003-03,DA,0.038461538461538464,COMM
2003-03,JO,0.038461538461538464,COMM
2003-03,KC,0.038461538461538464,COMM
2003-03,LB,0.038461538461538464,COMM
2003-03,MW,0.038461538461538464,COMM
2003-03,SB,0.038461538461538464,COMM
2003-03,ZA,0.038461538461538464,COMM
2003-03,ZB,0.038461538461538464,COMM
2003-03,ZC,0.038461538461538464,COMM
2003-03,ZF,0.038461538461538464,COMM
2003-03,ZG,0.038461538461538464,COMM
2003-03,ZI,0.038461538461538464,COMM
2003-03,ZK,0.038461538461538464,COMM
2003-03,ZL,0.038461538461538464,COMM
2003-03,ZM,0.038461538461538464,COMM
2003-03,ZN,0.038461538461538464,COMM
2003-03,ZO,0.038461538461538464,COMM
2003-03,ZP,0.038461538461538464,COMM
2003-03,ZR,0.038461538461538464,COMM
2003-03,ZS,0.038461538461538464,COMM
2003-03,ZT,0.038461538461538464,COMM
2003-03,ZU,0.038461538461538464,COMM
2003-03,ZW,0.038461538461538464,COMM
2003-03,ZZ,0.038461538461538464,COMM
2003-04,CC,0.038461538461538464,COMM
2003-04,CT,0.038461538461538464,COMM
2003-04,DA,0.038461538461538464,COMM
2003-04,JO,0.038461538461538464,COMM
2003-04,KC,0.038461538461538464,COMM
2003-04,LB,0.038461538461538464,COMM
2003-04,MW,0.038461538461538464,COMM
2003-04,SB,0.038461538461538464,COMM
2003-04,ZA,0.038461538461538464,COMM
2003-04,ZB,0.038461538461538464,COMM
2003-04,ZC,0.038461538461538464,COMM
2003-04,ZF,0.038461538461538464,COMM
2003-04,ZG,0.038461538461538464,COMM
2003-04,ZI,0.038461538461538464,COMM
2003-04,ZK,0.038461538461538464,COMM
2003-04,ZL,0.038461538461538464,COMM
2003-04,ZM,0.038461538461538464,COMM
2003-04,ZN,0.038461538461538464,COMM
2003-04,ZO,0.038461538461538464,COMM
2003-04,ZP,0.038461538461538464,COMM
2003-04,ZR,0.038461538461538464,COMM
2003-04,ZS,0.038461538461538464,COMM
2003-04,ZT,0.038461538461538464,COMM
2003-04,ZU,0.038461538461538464,COMM
2003-04,ZW,0.038461538461538464,COMM
2003-04,ZZ,0.038461538461538464,COMM
2003-05,CC,0.038461538461538464,COMM
2003-05,CT,0.038461538461538464,COMM
2003-05,DA,0.038461538461538464,COMM
2003-05,JO,0.038461538461538464,COMM
2003-05,KC,0.038461538461538464,COMM
2003-05,LB,0.038461538461538464,COMM
2003-05,MW,0.038461538461538464,COMM
2003-05,SB,0.038461538461538464,COMM
2003-05,ZA,0.038461538461538464,COMM
2003-05,ZB,0.038461538461538464,COMM
2003-05,ZC,0.038461538461538464,COMM
2003-05,ZF,0.038461538461538464,COMM
2003-05,ZG,0.038461538461538464,COMM
2003-05,ZI,0.038461538461538464,COMM
2003-05,ZK,0.038461538461538464,COMM
2003-05,ZL,0.038461538461538464,COMM
2003-05,ZM,0.038461538461538464,COMM
2003-05,ZN,0.038461538461538464,COMM
2003-05,ZO,0.038461538461538464,COMM
2003-05,ZP,0.038461538461538464,COMM
2003-05,ZR,0.038461538461538464,COMM
2003-05,ZS,0.038461538461538464,COMM
2003-05,ZT,0.038461538461538464,COMM
2003-05,ZU,0.038461538461538464,COMM
2003-05,ZW,0.038461538461538464,COMM
2003-05,ZZ,0.038461538461538464,COMM
2003-06,CC,0.038461538461538464,COMM
2003-06,CT,0.038461538461538464,COMM
2003-06,DA,0.038461538461538464,COMM
2003-06,JO,0.038461538461538464,COMM
2003-06,KC,0.038461538461538464,COMM
2003-06,LB,0.038461538461538464,COMM
2003-06,MW,0.038461538461538464,COMM
2003-06,SB,0.038461538461538464,COMM
2003-06,ZA,0.038461538461538464,COMM
2003-06,ZB,0.038461538461538464,COMM
2003-06,ZC,0.038461538461538464,COMM
2003-06,ZF,0.038461538461538464,COMM
2003-06,ZG,0.038461538461538464,COMM
2003-06,ZI,0.038461538461538464,COMM
2003-06,ZK,0.038461538461538464,COMM
2003-06,ZL,0.038461538461538464,COMM
2003-06,ZM,0.038461538461538464,COMM
2003-06,ZN,0.038461538461538464,COMM
2003-06,ZO,0.038461538461538464,COMM
2003-06,ZP,0.038461538461538464,COMM
2003-06,ZR,0.038461538461538464,COMM
2003-06,ZS,0.038461538461538464,COMM
2003-06,ZT,0.038461538461538464,COMM
2003-06,ZU,0.038461538461538464,COMM
2003-06,ZW,0.038461538461538464,COMM
2003-06,ZZ,0.038461538461538464,COMM
2003-07,CC,0.038461538461538464,COMM
2003-07,CT,0.038461538461538464,COMM
2003-07,DA,0.038461538461538464,COMM
2003-07,JO,0.038461538461538464,COMM
2003-07,KC,0.038461538461538464,COMM
2003-07,LB,0.038461538461538464,COMM
2003-07,MW,0.038461538461538464,COMM
2003-07,SB,0.038461538461538464,COMM
2003-07,ZA,0.038461538461538464,COMM
2003-07,ZB,0.038461538461538464,COMM
2003-07,ZC,0.038461538461538464,COMM
2003-07,ZF,0.038461538461538464,COMM
2003-07,ZG,0.038461538461538464,COMM
2003-07,ZI,0.038461538461538464,COMM
2003-07,ZK,0.038461538461538464,COMM
2003-07,ZL,0.038461538461538464,COMM
2003-07,ZM,0.038461538461538464,COMM
2003-07,ZN,0.038461538461538464,COMM
2003-07,ZO,0.038461538461538464,COMM
2003-07,ZP,0.038461538461538464,COMM
2003-07,ZR,0.038461538461538464,COMM
2003-07,ZS,0.038461538461538464,COMM
2003-07,ZT,0.038461538461538464,COMM
2003-07,ZU,0.038461538461538464,COMM
2003-07,ZW,0.038461538461538464,COMM
2003-07,ZZ,0.038461538461538464,COMM
2003-08,CC,0.038461538461538464,COMM
2003-08,CT,0.038461538461538464,COMM
2003-08,DA,0.038461538461538464,COMM
2003-08,JO,0.038461538461538464,COMM
2003-08,KC,0.038461538461538464,COMM
2003-08,LB,0.038461538461538464,COMM
2003-08,MW,0.038461538461538464,COMM
2003-08,SB,0.038461538461538464,COMM
2003-08,ZA,0.038461538461538464,COMM
2003-08,ZB,0.038461538461538464,COMM
2003-08,ZC,0.038461538461538464,COMM
2003-08,ZF,0.038461538461538464,COMM
2003-08,ZG,0.038461538461538464,COMM
2003-08,ZI,0.038461538461538464,COMM
2003-08,ZK,0.038461538461538464,COMM
2003-08,ZL,0.038461538461538464,COMM
2003-08,ZM,0.038461538461538464,COMM
2003-08,ZN,0.038461538461538464,COMM
2003-08,ZO,0.038461538461538464,COMM
2003-08,ZP,0.038461538461538464,COMM
2003-08,ZR,0.038461538461538464,COMM
2003-08,ZS,0.038461538461538464,COMM
2003-08,ZT,0.038461538461538464,COMM
2003-08,ZU,0.038461538461538464,COMM
2003-08,ZW,0.038461538461538464,COMM
2003-08,ZZ,0.038461538461538464,COMM
2003-09,CC,0.038461538461538464,COMM
2003-09,CT,0.038461538461538464,COMM
2003-09,DA,0.038461538461538464,COMM
2003-09,JO,0.038461538461538464,COMM
2003-09,KC,0.038461538461538464,COMM
2003-09,LB,0.038461538461538464,COMM
2003-09,MW,0.038461538461538464,COMM
2003-09,SB,0.038461538461538464,COMM
2003-09,ZA,0.038461538461538464,COMM
2003-09,ZB,0.038461538461538464,COMM
2003-09,ZC,0.038461538461538464,COMM
2003-09,ZF,0.038461538461538464,COMM
2003-09,ZG,0.038461538461538464,COMM
2003-09,ZI,0.038461538461538464,COMM
2003-09,ZK,0.038461538461538464,COMM
2003-09,ZL,0.038461538461538464,COMM
2003-09,ZM,0.038461538461538464,COMM
2003-09,ZN,0.038461538461538464,COMM
2003-09,ZO,0.038461538461538464,COMM
2003-09,ZP,0.038461538461538464,COMM
2003-09,ZR,0.038461538461538464,COMM
2003-09,ZS,0.038461538461538464,COMM
2003-09,ZT,0.038461538461538464,COMM
2003-09,ZU,0.038461538461538464,COMM
2003-09,ZW,0.038461538461538464,COMM
2003-09,ZZ,0.038461538461538464,COMM
2003-10,CC,0.038461538461538464,COMM
2003-10,CT,0.038461538461538464,COMM
2003-10,DA,0.038461538461538464,COMM
2003-10,JO,0.038461538461538464,COMM
2003-10,KC,0.038461538461538464,COMM
2003-10,LB,0.038461538461538464,COMM
2003-10,MW,0.038461538461538464,COMM
2003-10,SB,0.038461538461538464,COMM
2003-10,ZA,0.038461538461538464,COMM
2003-10,ZB,0.038461538461538464,COMM
2003-10,ZC,0.038461538461538464,COMM
2003-10,ZF,0.038461538461538464,COMM
2003-10,ZG,0.038461538461538464,COMM
2003-10,ZI,0.038461538461538464,COMM
2003-10,ZK,0.038461538461538464,COMM
2003-10,ZL,0.038461538461538464,COMM
2003-10,ZM,0.038461538461538464,COMM
2003-10,ZN,0.038461538461538464,COMM
2003-10,ZO,0.038461538461538464,COMM
2003-10,ZP,0.038461538461538464,COMM
2003-10,ZR,0.038461538461538464,COMM
2003-10,ZS,0.038461538461538464,COMM
2003-10,ZT,0.038461538461538464,COMM
2003-10,ZU,0.038461538461538464,COMM
2003-10,ZW,0.038461538461538464,COMM
2003-10,ZZ,0.038461538461538464,COMM
2003-11,CC,0.038461538461538464,COMM
2003-11,CT,0.038461538461538464,COMM
2003-11,DA,0.038461538461538464,COMM
2003-11,JO,0.038461538461538464,COMM
2003-11,KC,0.038461538461538464,COMM
2003-11,LB,0.038461538461538464,COMM
2003-11,MW,0.038461538461538464,COMM
2003-11,SB,0.038461538461538464,COMM
2003-11,ZA,0.038461538461538464,COMM
2003-11,ZB,0.038461538461538464,COMM
2003-11,ZC,0.038461538461538464,COMM
2003-11,ZF,0.038461538461538464,COMM
2003-11,ZG,0.038461538461538464,COMM
2003-11,ZI,0.038461538461538464,COMM
2003-11,ZK,0.038461538461538464,COMM
2003-11,ZL,0.038461538461538464,COMM
2003-11,ZM,0.038461538461538464,COMM
2003-11,ZN,0.038461538461538464,COMM
2003-11,ZO,0.038461538461538464,COMM
2003-11,ZP,0.038461538461538464,COMM
2003-11,ZR,0.038461538461538464,COMM
2003-11,ZS,0.038461538461538464,COMM
2003-11,ZT,0.038461538461538464,COMM
2003-11,ZU,0.038461538461538464,COMM
2003-11,ZW,0.038461538461538464,COMM
2003-11,ZZ,0.038461538461538464,COMM
2003-12,CC,0.038461538461538464,COMM
2003-12,CT,0.038461538461538464,COMM
2003-12,DA,0.038461538461538464,COMM
2003-12,JO,0.038461538461538464,COMM
2003-12,KC,0.038461538461538464,COMM
2003-12,LB,0.038461538461538464,COMM
2003-12,MW,0.038461538461538464,COMM
2003-12,SB,0.038461538461538464,COMM
2003-12,ZA,0.038461538461538464,COMM
2003-12,ZB,0.038461538461538464,COMM
2003-12,ZC,0.038461538461538464,COMM
2003-12,ZF,0.038461538461538464,COMM
2003-12,ZG,0.038461538461538464,COMM
2003-12,ZI,0.038461538461538464,COMM
2003-12,ZK,0.038461538461538464,COMM
2003-12,ZL,0.038461538461538464,COMM
2003-12,ZM,0.038461538461538464,COMM
2003-12,ZN,0.038461538461538464,COMM
2003-12,ZO,0.038461538461538464,COMM
2003-12,ZP,0.038461538461538464,COMM
2003-12,ZR,0.038461538461538464,COMM
2003-12,ZS,0.038461538461538464,COMM
2003-12,ZT,0.038461538461538464,COMM
2003-12,ZU,0.038461538461538464,COMM
2003-12,ZW,0.038461538461538464,COMM
2003-12,ZZ,0.038461538461538464,COMM
2004-01,CC,0.038461538461538464,COMM
2004-01,CT,0.038461538461538464,COMM
2004-01,DA,0.038461538461538464,COMM
2004-01,JO,0.038461538461538464,COMM
2004-01,KC,0.038461538461538464,COMM
2004-01,LB,0.038461538461538464,COMM
2004-01,MW,0.038461538461538464,COMM
2004-01,SB,0.038461538461538464,COMM
2004-01,ZA,0.038461538461538464,COMM
2004-01,ZB,0.038461538461538464,COMM
2004-01,ZC,0.038461538461538464,COMM
2004-01,ZF,0.038461538461538464,COMM
2004-01,ZG,0.038461538461538464,COMM
2004-01,ZI,0.038461538461538464,COMM
2004-01,ZK,0.038461538461538464,COMM
2004-01,ZL,0.038461538461538464,COMM
2004-01,ZM,0.038461538461538464,COMM
2004-01,ZN,0.038461538461538464,COMM
2004-01,ZO,0.038461538461538464,COMM
2004-01,ZP,0.038461538461538464,COMM
2004-01,ZR,0.038461538461538464,COMM
2004-01,ZS,0.038461538461538464,COMM
2004-01,ZT,0.038461538461538464,COMM
2004-01,ZU,0.038461538461538464,COMM
2004-01,ZW,0.038461538461538464,COMM
2004-01,ZZ,0.038461538461538464,COMM
2004-02,CC,0.038461538461538464,COMM
2004-02,CT,0.038461538461538464,COMM
2004-02,DA,0.038461538461538464,COMM
2004-02,JO,0.038461538461538464,COMM
2004-02,KC,0.038461538461538464,COMM
2004-02,LB,0.038461538461538464,COMM
2004-02,MW,0.038461538461538464,COMM
2004-02,SB,0.038461538461538464,COMM
2004-02,ZA,0.038461538461538464,COMM
2004-02,ZB,0.038461538461538464,COMM
2004-02,ZC,0.038461538461538464,COMM
2004-02,ZF,0.038461538461538464,COMM
2004-02,ZG,0.038461538461538464,COMM
2004-02,ZI,0.038461538461538464,COMM
2004-02,ZK,0.038461538461538464,COMM
2004-02,ZL,0.038461538461538464,COMM
2004-02,ZM,0.038461538461538464,COMM
2004-02,ZN,0.038461538461538464,COMM
2004-02,ZO,0.038461538461538464,COMM
2004-02,ZP,0.038461538461538464,COMM
2004-02,ZR,0.038461538461538464,COMM
2004-02,ZS,0.038461538461538464,COMM
2004-02,ZT,0.038461538461538464,COMM
2004-02,ZU,0.038461538461538464,COMM
2004-02,ZW,0.038461538461538464,COMM
2004-02,ZZ,0.038461538461538464,COMM
2004-03,CC,0.038461538461538464,COMM
2004-03,CT,0.038461538461538464,COMM
2004-03,DA,0.038461538461538464,COMM
2004-03,JO,0.038461538461538464,COMM
2004-03,KC,0.038461538461538464,COMM
2004-03,LB,0.038461538461538464,COMM
2004-03,MW,0.038461538461538464,COMM
2004-03,SB,0.038461538461538464,COMM
2004-03,ZA,0.038461538461538464,COMM
2004-03,ZB,0.038461538461538464,COMM
2004-03,ZC,0.038461538461538464,COMM
2004-03,ZF,0.038461538461538464,COMM
2004-03,ZG,0.038461538461538464,COMM
2004-03,ZI,0.038461538461538464,COMM
2004-03,ZK,0.038461538461538464,COMM
2004-03,ZL,0.038461538461538464,COMM
2004-03,ZM,0.038461538461538464,COMM
2004-03,ZN,0.038461538461538464,COMM
2004-03,ZO,0.038461538461538464,COMM
2004-03,ZP,0.038461538461538464,COMM
2004-03,ZR,0.038461538461538464,COMM
2004-03,ZS,0.038461538461538464,COMM
2004-03,ZT,0.038461538461538464,COMM
2004-03,ZU,0.038461538461538464,COMM
2004-03,ZW,0.038461538461538464,COMM
2004-03,ZZ,0.038461538461538464,COMM
2004-04,CC,0.038461538461538464,COMM
2004-04,CT,0.038461538461538464,COMM
2004-04,DA,0.038461538461538464,COMM
2004-04,JO,0.038461538461538464,COMM
2004-04,KC,0.038461538461538464,COMM
2004-04,LB,0.038461538461538464,COMM
2004-04,MW,0.038461538461538464,COMM
2004-04,SB,0.038461538461538464,COMM
2004-04,ZA,0.038461538461538464,COMM
2004-04,ZB,0.038461538461538464,COMM
2004-04,ZC,0.038461538461538464,COMM
2004-04,ZF,0.038461538461538464,COMM
2004-04,ZG,0.038461538461538464,COMM
2004-04,ZI,0.038461538461538464,COMM
2004-04,ZK,0.038461538461538464,COMM
2004-04,ZL,0.038461538461538464,COMM
2004-04,ZM,0.038461538461538464,COMM
2004-04,ZN,0.038461538461538464,COMM
2004-04,ZO,0.038461538461538464,COMM
2004-04,ZP,0.038461538461538464,COMM
2004-04,ZR,0.038461538461538464,COMM
2004-04,ZS,0.038461538461538464,COMM
2004-04,ZT,0.038461538461538464,COMM
2004-04,ZU,0.038461538461538464,COMM
2004-04,ZW,0.038461538461538464,COMM
2004-04,ZZ,0.038461538461538464,COMM
2004-05,CC,0.038461538461538464,COMM
2004-05,CT,0.038461538461538464,COMM
2004-05,DA,0.038461538461538464,COMM
2004-05,JO,0.038461538461538464,COMM
2004-05,KC,0.038461538461538464,COMM
2004-05,LB,0.038461538461538464,COMM
2004-05,MW,0.038461538461538464,COMM
2004-05,SB,0.038461538461538464,COMM
2004-05,ZA,0.038461538461538464,COMM
2004-05,ZB,0.038461538461538464,COMM
2004-05,ZC,0.038461538461538464,COMM
2004-05,ZF,0.038461538461538464,COMM
2004-05,ZG,0.038461538461538464,COMM
2004-05,ZI,0.038461538461538464,COMM
2004-05,ZK,0.038461538461538464,COMM
2004-05,ZL,0.038461538461538464,COMM
2004-05,ZM,0.038461538461538464,COMM
2004-05,ZN,0.038461538461538464,COMM
2004-05,ZO,0.038461538461538464,COMM
2004-05,ZP,0.038461538461538464,COMM
2004-05,ZR,0.038461538461538464,COMM
2004-05,ZS,0.038461538461538464,COMM
2004-05,ZT,0.038461538461538464,COMM
2004-05,ZU,0.038461538461538464,COMM
2004-05,ZW,0.038461538461538464,COMM
2004-05,ZZ,0.038461538461538464,COMM
2004-06,CC,0.038461538461538464,COMM
2004-06,CT,0.038461538461538464,COMM
2004-06,DA,0.038461538461538464,COMM
2004-06,JO,0.038461538461538464,COMM
2004-06,KC,0.038461538461538464,COMM
2004-06,LB,0.038461538461538464,COMM
2004-06,MW,0.038461538461538464,COMM
2004-06,SB,0.038461538461538464,COMM
2004-06,ZA,0.038461538461538464,COMM
2004-06,ZB,0.038461538461538464,COMM
2004-06,ZC,0.038461538461538464,COMM
2004-06,ZF,0.038461538461538464,COMM
2004-06,ZG,0.038461538461538464,COMM
2004-06,ZI,0.038461538461538464,COMM
2004-06,ZK,0.038461538461538464,COMM
2004-06,ZL,0.038461538461538464,COMM
2004-06,ZM,0.038461538461538464,COMM
2004-06,ZN,0.038461538461538464,COMM
2004-06,ZO,0.038461538461538464,COMM
2004-06,ZP,0.038461538461538464,COMM
2004-06,ZR,0.038461538461538464,COMM
2004-06,ZS,0.038461538461538464,COMM
2004-06,ZT,0.038461538461538464,COMM
2004-06,ZU,0.038461538461538464,COMM
2004-06,ZW,0.038461538461538464,COMM
2004-06,ZZ,0.038461538461538464,COMM
2004-07,CC,0.038461538461538464,COMM
2004-07,CT,0.038461538461538464,COMM
2004-07,DA,0.038461538461538464,COMM
2004-07,JO,0.038461538461538464,COMM
2004-07,KC,0.038461538461538464,COMM
2004-07,LB,0.038461538461538464,COMM
2004-07,MW,0.038461538461538464,COMM
2004-07,SB,0.038461538461538464,COMM
2004-07,ZA,0.038461538461538464,COMM
2004-07,ZB,0.038461538461538464,COMM
2004-07,ZC,0.038461538461538464,COMM
2004-07,ZF,0.038461538461538464,COMM
2004-07,ZG,0.038461538461538464,COMM
2004-07,ZI,0.038461538461538464,COMM
2004-07,ZK,0.038461538461538464,COMM
2004-07,ZL,0.038461538461538464,COMM
2004-07,ZM,0.038461538461538464,COMM
2004-07,ZN,0.038461538461538464,COMM
2004-07,ZO,0.038461538461538464,COMM
2004-07,ZP,0.038461538461538464,COMM
2004-07,ZR,0.038461538461538464,COMM
2004-07,ZS,0.038461538461538464,COMM
2004-07,ZT,0.038461538461538464,COMM
2004-07,ZU,0.038461538461538464,COMM
2004-07,ZW,0.038461538461538464,COMM
2004-07,ZZ,0.038461538461538464,COMM
2004-08,CC,0.038461538461538464,COMM
2004-08,CT,0.038461538461538464,COMM
2004-08,DA,0.038461538461538464,COMM
2004-08,JO,0.038461538461538464,COMM
2004-08,KC,0.038461538461538464,COMM
2004-08,LB,0.038461538461538464,COMM
2004-08,MW,0.038461538461538464,COMM
2004-08,SB,0.038461538461538464,COMM
2004-08,ZA,0.038461538461538464,COMM
2004-08,ZB,0.038461538461538464,COMM
2004-08,ZC,0.038461538461538464,COMM
2004-08,ZF,0.038461538461538464,COMM
2004-08,ZG,0.038461538461538464,COMM
2004-08,ZI,0.038461538461538464,COMM
2004-08,ZK,0.038461538461538464,COMM
2004-08,ZL,0.038461538461538464,COMM
2004-08,ZM,0.038461538461538464,COMM
2004-08,ZN,0.038461538461538464,COMM
2004-08,ZO,0.038461538461538464,COMM
2004-08,ZP,0.038461538461538464,COMM
2004-08,ZR,0.038461538461538464,COMM
2004-08,ZS,0.038461538461538464,COMM
2004-08,ZT,0.038461538461538464,COMM
2004-08,ZU,0.038461538461538464,COMM
2004-08,ZW,0.038461538461538464,COMM
2004-08,ZZ,0.038461538461538464,COMM
2004-09,CC,0.038461538461538464,COMM
2004-09,CT,0.038461538461538464,COMM
2004-09,DA,0.038461538461538464,COMM
2004-09,JO,0.038461538461538464,COMM
2004-09,KC,0.038461538461538464,COMM
2004-09,LB,0.038461538461538464,COMM
2004-09,MW,0.038461538461538464,COMM
2004-09,SB,0.038461538461538464,COMM
2004-09,ZA,0.038461538461538464,COMM
2004-09,ZB,0.038461538461538464,COMM
2004-09,ZC,0.038461538461538464,COMM
2004-09,ZF,0.038461538461538464,COMM
2004-09,ZG,0.038461538461538464,COMM
2004-09,ZI,0.038461538461538464,COMM
2004-09,ZK,0.038461538461538464,COMM
2004-09,ZL,0.038461538461538464,COMM
2004-09,ZM,0.038461538461538464,COMM
2004-09,ZN,0.038461538461538464,COMM
2004-09,ZO,0.038461538461538464,COMM
2004-09,ZP,0.038461538461538464,COMM
2004-09,ZR,0.038461538461538464,COMM
2004-09,ZS,0.038461538461538464,COMM
2004-09,ZT,0.038461538461538464,COMM
2004-09,ZU,0.038461538461538464,COMM
2004-09,ZW,0.038461538461538464,COMM
2004-09,ZZ,0.038461538461538464,COMM
2004-10,CC,0.038461538461538464,COMM
2004-10,CT,0.038461538461538464,COMM
2004-10,DA,0.038461538461538464,COMM
2004-10,JO,0.038461538461538464,COMM
2004-10,KC,0.038461538461538464,COMM
2004-10,LB,0.038461538461538464,COMM
2004-10,MW,0.038461538461538464,COMM
2004-10,SB,0.038461538461538464,COMM
2004-10,ZA,0.038461538461538464,COMM
2004-10,ZB,0.038461538461538464,COMM
2004-10,ZC,0.038461538461538464,COMM
2004-10,ZF,0.038461538461538464,COMM
2004-10,ZG,0.038461538461538464,COMM
2004-10,ZI,0.038461538461538464,COMM
2004-10,ZK,0.038461538461538464,COMM
2004-10,ZL,0.038461538461538464,COMM
2004-10,ZM,0.038461538461538464,COMM
2004-10,ZN,0.038461538461538464,COMM
2004-10,ZO,0.038461538461538464,COMM
2004-10,ZP,0.038461538461538464,COMM
2004-10,ZR,0.038461538461538464,COMM
2004-10,ZS,0.038461538461538464,COMM
2004-10,ZT,0.038461538461538464,COMM
2004-10,ZU,0.038461538461538464,COMM
2004-10,ZW,0.038461538461538464,COMM
2004-10,ZZ,0.038461538461538464,COMM
2004-11,CC,0.038461538461538464,COMM
2004-11,CT,0.038461538461538464,COMM
2004-11,DA,0.038461538461538464,COMM
2004-11,JO,0.038461538461538464,COMM
2004-11,KC,0.038461538461538464,COMM
2004-11,LB,0.038461538461538464,COMM
2004-11,MW,0.038461538461538464,COMM
2004-11,SB,0.038461538461538464,COMM
2004-11,ZA,0.038461538461538464,COMM
2004-11,ZB,0.038461538461538464,COMM
2004-11,ZC,0.038461538461538464,COMM
2004-11,ZF,0.038461538461538464,COMM
2004-11,ZG,0.038461538461538464,COMM
2004-11,ZI,0.038461538461538464,COMM
2004-11,ZK,0.038461538461538464,COMM
2004-11,ZL,0.038461538461538464,COMM
2004-11,ZM,0.038461538461538464,COMM
2004-11,ZN,0.038461538461538464,COMM
2004-11,ZO,0.038461538461538464,COMM
2004-11,ZP,0.038461538461538464,COMM
2004-11,ZR,0.038461538461538464,COMM
2004-11,ZS,0.038461538461538464,COMM
2004-11,ZT,0.038461538461538464,COMM
2004-11,ZU,0.038461538461538464,COMM
2004-11,ZW,0.038461538461538464,COMM
2004-11,ZZ,0.038461538461538464,COMM
2004-12,CC,0.038461538461538464,COMM
2004-12,CT,0.038461538461538464,COMM
2004-12,DA,0.038461538461538464,COMM
2004-12,JO,0.038461538461538464,COMM
2004-12,KC,0.038461538461538464,COMM
2004-12,LB,0.038461538461538464,COMM
2004-12,MW,0.038461538461538464,COMM
2004-12,SB,0.038461538461538464,COMM
2004-12,ZA,0.038461538461538464,COMM
2004-12,ZB,0.038461538461538464,COMM
2004-12,ZC,0.038461538461538464,COMM
2004-12,ZF,0.038461538461538464,COMM
2004-12,ZG,0.038461538461538464,COMM
2004-12,ZI,0.038461538461538464,COMM
2004-12,ZK,0.038461538461538464,COMM
2004-12,ZL,0.038461538461538464,COMM
2004-12,ZM,0.038461538461538464,COMM
2004-12,ZN,0.038461538461538464,COMM
2004-12,ZO,0.038461538461538464,COMM
2004-12,ZP,0.038461538461538464,COMM
2004-12,ZR,0.038461538461538464,COMM
2004-12,ZS,0.038461538461538464,COMM
2004-12,ZT,0.038461538461538464,COMM
2004-12,ZU,0.038461538461538464,COMM
2004-12,ZW,0.038461538461538464,COMM
2004-12,ZZ,0.038461538461538464,COMM
2005-01,CC,0.038461538461538464,COMM
2005-01,CT,0.038461538461538464,COMM
2005-01,DA,0.038461538461538464,COMM
2005-01,JO,0.038461538461538464,COMM
2005-01,KC,0.038461538461538464,COMM
2005-01,LB,0.038461538461538464,COMM
2005-01,MW,0.038461538461538464,COMM
2005-01,SB,0.038461538461538464,COMM
2005-01,ZA,0.038461538461538464,COMM
2005-01,ZB,0.038461538461538464,COMM
2005-01,ZC,0.038461538461538464,COMM
2005-01,ZF,0.038461538461538464,COMM
2005-01,ZG,0.038461538461538464,COMM
2005-01,ZI,0.038461538461538464,COMM
2005-01,ZK,0.038461538461538464,COMM
2005-01,ZL,0.038461538461538464,COMM
2005-01,ZM,0.038461538461538464,COMM
2005-01,ZN,0.038461538461538464,COMM
2005-01,ZO,0.038461538461538464,COMM
2005-01,ZP,0.038461538461538464,COMM
2005-01,ZR,0.038461538461538464,COMM
2005-01,ZS,0.038461538461538464,COMM
2005-01,ZT,0.038461538461538464,COMM
2005-01,ZU,0.038461538461538464,COMM
2005-01,ZW,0.038461538461538464,COMM
2005-01,ZZ,0.038461538461538464,COMM
2005-02,CC,0.038461538461538464,COMM
2005-02,CT,0.038461538461538464,COMM
2005-02,DA,0.038461538461538464,COMM
2005-02,JO,0.038461538461538464,COMM
2005-02,KC,0.038461538461538464,COMM
2005-02,LB,0.038461538461538464,COMM
2005-02,MW,0.038461538461538464,COMM
2005-02,SB,0.038461538461538464,COMM
2005-02,ZA,0.038461538461538464,COMM
2005-02,ZB,0.038461538461538464,COMM
2005-02,ZC,0.038461538461538464,COMM
2005-02,ZF,0.038461538461538464,COMM
2005-02,ZG,0.038461538461538464,COMM
2005-02,ZI,0.038461538461538464,COMM
2005-02,ZK,0.038461538461538464,COMM
2005-02,ZL,0.038461538461538464,COMM
2005-02,ZM,0.038461538461538464,COMM
2005-02,ZN,0.038461538461538464,COMM
2005-02,ZO,0.038461538461538464,COMM
2005-02,ZP,0.038461538461538464,COMM
2005-02,ZR,0.038461538461538464,COMM
2005-02,ZS,0.038461538461538464,COMM
2005-02,ZT,0.038461538461538464,COMM
2005-02,ZU,0.038461538461538464,COMM
2005-02,ZW,0.038461538461538464,COMM
2005-02,ZZ,0.038461538461538464,COMM
2005-03,CC,0.038461538461538464,COMM
2005-03,CT,0.038461538461538464,COMM
2005-03,DA,0.038461538461538464,COMM
2005-03,JO,0.038461538461538464,COMM
2005-03,KC,0.038461538461538464,COMM
2005-03,LB,0.038461538461538464,COMM
2005-03,MW,0.038461538461538464,COMM
2005-03,SB,0.038461538461538464,COMM
2005-03,ZA,0.038461538461538464,COMM
2005-03,ZB,0.038461538461538464,COMM
2005-03,ZC,0.038461538461538464,COMM
2005-03,ZF,0.038461538461538464,COMM
2005-03,ZG,0.038461538461538464,COMM
2005-03,ZI,0.038461538461538464,COMM
2005-03,ZK,0.038461538461538464,COMM
2005-03,ZL,0.038461538461538464,COMM
2005-03,ZM,0.038461538461538464,COMM
2005-03,ZN,0.038461538461538464,COMM
2005-03,ZO,0.038461538461538464,COMM
2005-03,ZP,0.038461538461538464,COMM
2005-03,ZR,0.038461538461538464,COMM
2005-03,ZS,0.038461538461538464,COMM
2005-03,ZT,0.038461538461538464,COMM
2005-03,ZU,0.038461538461538464,COMM
2005-03,ZW,0.038461538461538464,COMM
2005-03,ZZ,0.038461538461538464,COMM
2005-04,CC,0.038461538461538464,COMM
2005-04,CT,0.038461538461538464,COMM
2005-04,DA,0.038461538461538464,COMM
2005-04,JO,0.038461538461538464,COMM
2005-04,KC,0.038461538461538464,COMM
2005-04,LB,0.038461538461538464,COMM
2005-04,MW,0.038461538461538464,COMM
2005-04,SB,0.038461538461538464,COMM
2005-04,ZA,0.038461538461538464,COMM
2005-04,ZB,0.038461538461538464,COMM
2005-04,ZC,0.038461538461538464,COMM
2005-04,ZF,0.038461538461538464,COMM
2005-04,ZG,0.038461538461538464,COMM
2005-04,ZI,0.038461538461538464,COMM
2005-04,ZK,0.038461538461538464,COMM
2005-04,ZL,0.038461538461538464,COMM
2005-04,ZM,0.038461538461538464,COMM
2005-04,ZN,0.038461538461538464,COMM
2005-04,ZO,0.038461538461538464,COMM
2005-04,ZP,0.038461538461538464,COMM
2005-04,ZR,0.038461538461538464,COMM
2005-04,ZS,0.038461538461538464,COMM
2005-04,ZT,0.038461538461538464,COMM
2005-04,ZU,0.038461538461538464,COMM
2005-04,ZW,0.038461538461538464,COMM
2005-04,ZZ,0.038461538461538464,COMM
2005-05,CC,0.038461538461538464,COMM
2005-05,CT,0.038461538461538464,COMM
2005-05,DA,0.038461538461538464,COMM
2005-05,JO,0.038461538461538464,COMM
2005-05,KC,0.038461538461538464,COMM
2005-05,LB,0.038461538461538464,COMM
2005-05,MW,0.038461538461538464,COMM
2005-05,SB,0.038461538461538464,COMM
2005-05,ZA,0.038461538461538464,COMM
2005-05,ZB,0.038461538461538464,COMM
2005-05,ZC,0.038461538461538464,COMM
2005-05,ZF,0.038461538461538464,COMM
2005-05,ZG,0.038461538461538464,COMM
2005-05,ZI,0.038461538461538464,COMM
2005-05,ZK,0.038461538461538464,COMM
2005-05,ZL,0.038461538461538464,COMM
2005-05,ZM,0.038461538461538464,COMM
2005-05,ZN,0.038461538461538464,COMM
2005-05,ZO,0.038461538461538464,COMM
2005-05,ZP,0.038461538461538464,COMM
2005-05,ZR,0.038461538461538464,COMM
2005-05,ZS,0.038461538461538464,COMM
2005-05,ZT,0.038461538461538464,COMM
2005-05,ZU,0.038461538461538464,COMM
2005-05,ZW,0.038461538461538464,COMM
2005-05,ZZ,0.038461538461538464,COMM
2005-06,CC,0.038461538461538464,COMM
2005-06,CT,0.038461538461538464,COMM
2005-06,DA,0.038461538461538464,COMM
2005-06,JO,0.038461538461538464,COMM
2005-06,KC,0.038461538461538464,COMM
2005-06,LB,0.038461538461538464,COMM
2005-06,MW,0.038461538461538464,COMM
2005-06,SB,0.038461538461538464,COMM
2005-06,ZA,0.038461538461538464,COMM
2005-06,ZB,0.038461538461538464,COMM
2005-06,ZC,0.038461538461538464,COMM
2005-06,ZF,0.038461538461538464,COMM
2005-06,ZG,0.038461538461538464,COMM
2005-06,ZI,0.038461538461538464,COMM
2005-06,ZK,0.038461538461538464,COMM
2005-06,ZL,0.038461538461538464,COMM
2005-06,ZM,0.038461538461538464,COMM
2005-06,ZN,0.038461538461538464,COMM
2005-06,ZO,0.038461538461538464,COMM
2005-06,ZP,0.038461538461538464,COMM
2005-06,ZR,0.038461538461538464,COMM
2005-06,ZS,0.038461538461538464,COMM
2005-06,ZT,0.038461538461538464,COMM
2005-06,ZU,0.038461538461538464,COMM
2005-06,ZW,0.038461538461538464,COMM
2005-06,ZZ,0.038461538461538464,COMM
2005-07,CC,0.038461538461538464,COMM
2005-07,CT,0.038461538461538464,COMM
2005-07,DA,0.038461538461538464,COMM
2005-07,JO,0.038461538461538464,COMM
2005-07,KC,0.038461538461538464,COMM
2005-07,LB,0.038461538461538464,COMM
2005-07,MW,0.038461538461538464,COMM
2005-07,SB,0.038461538461538464,COMM
2005-07,ZA,0.038461538461538464,COMM
2005-07,ZB,0.038461538461538464,COMM
2005-07,ZC,0.038461538461538464,COMM
2005-07,ZF,0.038461538461538464,COMM
2005-07,ZG,0.038461538461538464,COMM
2005-07,ZI,0.038461538461538464,COMM
2005-07,ZK,0.038461538461538464,COMM
2005-07,ZL,0.038461538461538464,COMM
2005-07,ZM,0.038461538461538464,COMM
2005-07,ZN,0.038461538461538464,COMM
2005-07,ZO,0.038461538461538464,COMM
2005-07,ZP,0.038461538461538464,COMM
2005-07,ZR,0.038461538461538464,COMM
2005-07,ZS,0.038461538461538464,COMM
2005-07,ZT,0.038461538461538464,COMM
2005-07,ZU,0.038461538461538464,COMM
2005-07,ZW,0.038461538461538464,COMM
2005-07,ZZ,0.038461538461538464,COMM
2005-08,CC,0.038461538461538464,COMM
2005-08,CT,0.038461538461538464,COMM
2005-08,DA,0.038461538461538464,COMM
2005-08,JO,0.038461538461538464,COMM
2005-08,KC,0.038461538461538464,COMM
2005-08,LB,0.038461538461538464,COMM
2005-08,MW,0.038461538461538464,COMM
2005-08,SB,0.038461538461538464,COMM
2005-08,ZA,0.038461538461538464,COMM
2005-08,ZB,0.038461538461538464,COMM
2005-08,ZC,0.038461538461538464,COMM
2005-08,ZF,0.038461538461538464,COMM
2005-08,ZG,0.038461538461538464,COMM
2005-08,ZI,0.038461538461538464,COMM
2005-08,ZK,0.038461538461538464,COMM
2005-08,ZL,0.038461538461538464,COMM
2005-08,ZM,0.038461538461538464,COMM
2005-08,ZN,0.038461538461538464,COMM
2005-08,ZO,0.038461538461538464,COMM
2005-08,ZP,0.038461538461538464,COMM
2005-08,ZR,0.038461538461538464,COMM
2005-08,ZS,0.038461538461538464,COMM
2005-08,ZT,0.038461538461538464,COMM
2005-08,ZU,0.038461538461538464,COMM
2005-08,ZW,0.038461538461538464,COMM
2005-08,ZZ,0.038461538461538464,COMM
2005-09,CC,0.038461538461538464,COMM
2005-09,CT,0.038461538461538464,COMM
2005-09,DA,0.038461538461538464,COMM
2005-09,JO,0.038461538461538464,COMM
2005-09,KC,0.038461538461538464,COMM
2005-09,LB,0.038461538461538464,COMM
2005-09,MW,0.038461538461538464,COMM
2005-09,SB,0.038461538461538464,COMM
2005-09,ZA,0.038461538461538464,COMM
2005-09,ZB,0.038461538461538464,COMM
2005-09,ZC,0.038461538461538464,COMM
2005-09,ZF,0.038461538461538464,COMM
2005-09,ZG,0.038461538461538464,COMM
2005-09,ZI,0.038461538461538464,COMM
2005-09,ZK,0.038461538461538464,COMM
2005-09,ZL,0.038461538461538464,COMM
2005-09,ZM,0.038461538461538464,COMM
2005-09,ZN,0.038461538461538464,COMM
2005-09,ZO,0.038461538461538464,COMM
2005-09,ZP,0.038461538461538464,COMM
2005-09,ZR,0.038461538461538464,COMM
2005-09,ZS,0.038461538461538464,COMM
2005-09,ZT,0.038461538461538464,COMM
2005-09,ZU,0.038461538461538464,COMM
2005-09,ZW,0.038461538461538464,COMM
2005-09,ZZ,0.038461538461538464,COMM
2005-10,CC,0.038461538461538464,COMM
2005-10,CT,0.038461538461538464,COMM
2005-10,DA,0.038461538461538464,COMM
2005-10,JO,0.038461538461538464,COMM
2005-10,KC,0.038461538461538464,COMM
2005-10,LB,0.038461538461538464,COMM
2005-10,MW,0.038461538461538464,COMM
2005-10,SB,0.038461538461538464,COMM
2005-10,ZA,0.038461538461538464,COMM
2005-10,ZB,0.038461538461538464,COMM
2005-10,ZC,0.038461538461538464,COMM
2005-10,ZF,0.038461538461538464,COMM
2005-10,ZG,0.038461538461538464,COMM
2005-10,ZI,0.038461538461538464,COMM
2005-10,ZK,0.038461538461538464,COMM
2005-10,ZL,0.038461538461538464,COMM
2005-10,ZM,0.038461538461538464,COMM
2005-10,ZN,0.038461538461538464,COMM
2005-10,ZO,0.038461538461538464,COMM
2005-10,ZP,0.038461538461538464,COMM
2005-10,ZR,0.038461538461538464,COMM
2005-10,ZS,0.038461538461538464,COMM
2005-10,ZT,0.038461538461538464,COMM
2005-10,ZU,0.038461538461538464,COMM
2005-10,ZW,0.038461538461538464,COMM
2005-10,ZZ,0.038461538461538464,COMM
2005-11,CC,0.038461538461538464,COMM
2005-11,CT,0.038461538461538464,COMM
2005-11,DA,0.038461538461538464,COMM
2005-11,JO,0.038461538461538464,COMM
2005-11,KC,0.038461538461538464,COMM
2005-11,LB,0.038461538461538464,COMM
2005-11,MW,0.038461538461538464,COMM
2005-11,SB,0.038461538461538464,COMM
2005-11,ZA,0.038461538461538464,COMM
2005-11,ZB,0.038461538461538464,COMM
2005-11,ZC,0.038461538461538464,COMM
2005-11,ZF,0.038461538461538464,COMM
2005-11,ZG,0.038461538461538464,COMM
2005-11,ZI,0.038461538461538464,COMM
2005-11,ZK,0.038461538461538464,COMM
2005-11,ZL,0.038461538461538464,COMM
2005-11,ZM,0.038461538461538464,COMM
2005-11,ZN,0.038461538461538464,COMM
2005-11,ZO,0.038461538461538464,COMM
2005-11,ZP,0.038461538461538464,COMM
2005-11,ZR,0.038461538461538464,COMM
2005-11,ZS,0.038461538461538464,COMM
2005-11,ZT,0.038461538461538464,COMM
2005-11,ZU,0.038461538461538464,COMM
2005-11,ZW,0.038461538461538464,COMM
2005-11,ZZ,0.038461538461538464,COMM
2005-12,CC,0.038461538461538464,COMM
2005-12,CT,0.038461538461538464,COMM
2005-12,DA,0.038461538461538464,COMM
2005-12,JO,0.038461538461538464,COMM
2005-12,KC,0.038461538461538464,COMM
2005-12,LB,0.038461538461538464,COMM
2005-12,MW,0.038461538461538464,COMM
2005-12,SB,0.038461538461538464,COMM
2005-12,ZA,0.038461538461538464,COMM
2005-12,ZB,0.038461538461538464,COMM
2005-12,ZC,0.038461538461538464,COMM
2005-12,ZF,0.038461538461538464,COMM
2005-12,ZG,0.038461538461538464,COMM
2005-12,ZI,0.038461538461538464,COMM
2005-12,ZK,0.038461538461538464,COMM
2005-12,ZL,0.038461538461538464,COMM
2005-12,ZM,0.038461538461538464,COMM
2005-12,ZN,0.038461538461538464,COMM
2005-12,ZO,0.038461538461538464,COMM
2005-12,ZP,0.038461538461538464,COMM
2005-12,ZR,0.038461538461538464,COMM
2005-12,ZS,0.038461538461538464,COMM
2005-12,ZT,0.038461538461538464,COMM
2005-12,ZU,0.038461538461538464,COMM
2005-12,ZW,0.038461538461538464,COMM
2005-12,ZZ,0.038461538461538464,COMM
2006-01,CC,0.038461538461538464,COMM
2006-01,CT,0.038461538461538464,COMM
2006-01,DA,0.038461538461538464,COMM
2006-01,JO,0.038461538461538464,COMM
2006-01,KC,0.038461538461538464,COMM
2006-01,LB,0.038461538461538464,COMM
2006-01,MW,0.038461538461538464,COMM
2006-01,SB,0.038461538461538464,COMM
2006-01,ZA,0.038461538461538464,COMM
2006-01,ZB,0.038461538461538464,COMM
2006-01,ZC,0.038461538461538464,COMM
2006-01,ZF,0.038461538461538464,COMM
2006-01,ZG,0.038461538461538464,COMM
2006-01,ZI,0.038461538461538464,COMM
2006-01,ZK,0.038461538461538464,COMM
2006-01,ZL,0.038461538461538464,COMM
2006-01,ZM,0.038461538461538464,COMM
2006-01,ZN,0.038461538461538464,COMM
2006-01,ZO,0.038461538461538464,COMM
2006-01,ZP,0.038461538461538464,COMM
2006-01,ZR,0.038461538461538464,COMM
2006-01,ZS,0.038461538461538464,COMM
2006-01,ZT,0.038461538461538464,COMM
2006-01,ZU,0.038461538461538464,COMM
2006-01,ZW,0.038461538461538464,COMM
2006-01,ZZ,0.038461538461538464,COMM
2006-02,CC,0.038461538461538464,COMM
2006-02,CT,0.038461538461538464,COMM
2006-02,DA,0.038461538461538464,COMM
2006-02,JO,0.038461538461538464,COMM
2006-02,KC,0.038461538461538464,COMM
2006-02,LB,0.038461538461538464,COMM
2006-02,MW,0.038461538461538464,COMM
2006-02,SB,0.038461538461538464,COMM
2006-02,ZA,0.038461538461538464,COMM
2006-02,ZB,0.038461538461538464,COMM
2006-02,ZC,0.038461538461538464,COMM
2006-02,ZF,0.038461538461538464,COMM
2006-02,ZG,0.038461538461538464,COMM
2006-02,ZI,0.038461538461538464,COMM
2006-02,ZK,0.038461538461538464,COMM
2006-02,ZL,0.038461538461538464,COMM
2006-02,ZM,0.038461538461538464,COMM
2006-02,ZN,0.038461538461538464,COMM
2006-02,ZO,0.038461538461538464,COMM
2006-02,ZP,0.038461538461538464,COMM
2006-02,ZR,0.038461538461538464,COMM
2006-02,ZS,0.038461538461538464,COMM
2006-02,ZT,0.038461538461538464,COMM
2006-02,ZU,0.038461538461538464,COMM
2006-02,ZW,0.038461538461538464,COMM
2006-02,ZZ,0.038461538461538464,COMM
2006-03,CC,0.038461538461538464,COMM
2006-03,CT,0.038461538461538464,COMM
2006-03,DA,0.038461538461538464,COMM
2006-03,JO,0.038461538461538464,COMM
2006-03,KC,0.038461538461538464,COMM
2006-03,LB,0.038461538461538464,COMM
2006-03,MW,0.038461538461538464,COMM
2006-03,SB,0.038461538461538464,COMM
2006-03,ZA,0.038461538461538464,COMM
2006-03,ZB,0.038461538461538464,COMM
2006-03,ZC,0.038461538461538464,COMM
2006-03,ZF,0.038461538461538464,COMM
2006-03,ZG,0.038461538461538464,COMM
2006-03,ZI,0.038461538461538464,COMM
2006-03,ZK,0.038461538461538464,COMM
2006-03,ZL,0.038461538461538464,COMM
2006-03,ZM,0.038461538461538464,COMM
2006-03,ZN,0.038461538461538464,COMM
2006-03,ZO,0.038461538461538464,COMM
2006-03,ZP,0.038461538461538464,COMM
2006-03,ZR,0.038461538461538464,COMM
2006-03,ZS,0.038461538461538464,COMM
2006-03,ZT,0.038461538461538464,COMM
2006-03,ZU,0.038461538461538464,COMM
2006-03,ZW,0.038461538461538464,COMM
2006-03,ZZ,0.038461538461538464,COMM
2006-04,CC,0.038461538461538464,COMM
2006-04,CT,0.038461538461538464,COMM
2006-04,DA,0.038461538461538464,COMM
2006-04,JO,0.038461538461538464,COMM
2006-04,KC,0.038461538461538464,COMM
2006-04,LB,0.038461538461538464,COMM
2006-04,MW,0.038461538461538464,COMM
2006-04,SB,0.038461538461538464,COMM
2006-04,ZA,0.038461538461538464,COMM
2006-04,ZB,0.038461538461538464,COMM
2006-04,ZC,0.038461538461538464,COMM
2006-04,ZF,0.038461538461538464,COMM
2006-04,ZG,0.038461538461538464,COMM
2006-04,ZI,0.038461538461538464,COMM
2006-04,ZK,0.038461538461538464,COMM
2006-04,ZL,0.038461538461538464,COMM
2006-04,ZM,0.038461538461538464,COMM
2006-04,ZN,0.038461538461538464,COMM
2006-04,ZO,0.038461538461538464,COMM
2006-04,ZP,0.038461538461538464,COMM
2006-04,ZR,0.038461538461538464,COMM
2006-04,ZS,0.038461538461538464,COMM
2006-04,ZT,0.038461538461538464,COMM
2006-04,ZU,0.038461538461538464,COMM
2006-04,ZW,0.038461538461538464,COMM
2006-04,ZZ,0.038461538461538464,COMM
2006-05,CC,0.038461538461538464,COMM
2006-05,CT,0.038461538461538464,COMM
2006-05,DA,0.038461538461538464,COMM
2006-05,JO,0.038461538461538464,COMM
2006-05,KC,0.038461538461538464,COMM
2006-05,LB,0.038461538461538464,COMM
2006-05,MW,0.038461538461538464,COMM
2006-05,SB,0.038461538461538464,COMM
2006-05,ZA,0.038461538461538464,COMM
2006-05,ZB,0.038461538461538464,COMM
2006-05,ZC,0.038461538461538464,COMM
2006-05,ZF,0.038461538461538464,COMM
2006-05,ZG,0.038461538461538464,COMM
2006-05,ZI,0.038461538461538464,COMM
2006-05,ZK,0.038461538461538464,COMM
2006-05,ZL,0.038461538461538464,COMM
2006-05,ZM,0.038461538461538464,COMM
2006-05,ZN,0.038461538461538464,COMM
2006-05,ZO,0.038461538461538464,COMM
2006-05,ZP,0.038461538461538464,COMM
2006-05,ZR,0.038461538461538464,COMM
2006-05,ZS,0.038461538461538464,COMM
2006-05,ZT,0.038461538461538464,COMM
2006-05,ZU,0.038461538461538464,COMM
2006-05,ZW,0.038461538461538464,COMM
2006-05,ZZ,0.038461538461538464,COMM
2006-06,CC,0.038461538461538464,COMM
2006-06,CT,0.038461538461538464,COMM
2006-06,DA,0.038461538461538464,COMM
2006-06,JO,0.038461538461538464,COMM
2006-06,KC,0.038461538461538464,COMM
2006-06,LB,0.038461538461538464,COMM
2006-06,MW,0.038461538461538464,COMM
2006-06,SB,0.038461538461538464,COMM
2006-06,ZA,0.038461538461538464,COMM
2006-06,ZB,0.038461538461538464,COMM
2006-06,ZC,0.038461538461538464,COMM
2006-06,ZF,0.038461538461538464,COMM
2006-06,ZG,0.038461538461538464,COMM
2006-06,ZI,0.038461538461538464,COMM
2006-06,ZK,0.038461538461538464,COMM
2006-06,ZL,0.038461538461538464,COMM
2006-06,ZM,0.038461538461538464,COMM
2006-06,ZN,0.038461538461538464,COMM
2006-06,ZO,0.038461538461538464,COMM
2006-06,ZP,0.038461538461538464,COMM
2006-06,ZR,0.038461538461538464,COMM
2006-06,ZS,0.038461538461538464,COMM
2006-06,ZT,0.038461538461538464,COMM
2006-06,ZU,0.038461538461538464,COMM
2006-06,ZW,0.038461538461538464,COMM
2006-06,ZZ,0.038461538461538464,COMM
2006-07,CC,0.038461538461538464,COMM
2006-07,CT,0.038461538461538464,COMM
2006-07,DA,0.038461538461538464,COMM
2006-07,JO,0.038461538461538464,COMM
2006-07,KC,0.038461538461538464,COMM
2006-07,LB,0.038461538461538464,COMM
2006-07,MW,0.038461538461538464,COMM
2006-07,SB,0.038461538461538464,COMM
2006-07,ZA,0.038461538461538464,COMM
2006-07,ZB,0.038461538461538464,COMM
2006-07,ZC,0.038461538461538464,COMM
2006-07,ZF,0.038461538461538464,COMM
2006-07,ZG,0.038461538461538464,COMM
2006-07,ZI,0.038461538461538464,COMM
2006-07,ZK,0.038461538461538464,COMM
2006-07,ZL,0.038461538461538464,COMM
2006-07,ZM,0.038461538461538464,COMM
2006-07,ZN,0.038461538461538464,COMM
2006-07,ZO,0.038461538461538464,COMM
2006-07,ZP,0.038461538461538464,COMM
2006-07,ZR,0.038461538461538464,COMM
2006-07,ZS,0.038461538461538464,COMM
2006-07,ZT,0.038461538461538464,COMM
2006-07,ZU,0.038461538461538464,COMM
2006-07,ZW,0.038461538461538464,COMM
2006-07,ZZ,0.038461538461538464,COMM
2006-08,CC,0.038461538461538464,COMM
2006-08,CT,0.038461538461538464,COMM
2006-08,DA,0.038461538461538464,COMM
2006-08,JO,0.038461538461538464,COMM
2006-08,KC,0.038461538461538464,COMM
2006-08,LB,0.038461538461538464,COMM
2006-08,MW,0.038461538461538464,COMM
2006-08,SB,0.038461538461538464,COMM
2006-08,ZA,0.038461538461538464,COMM
2006-08,ZB,0.038461538461538464,COMM
2006-08,ZC,0.038461538461538464,COMM
2006-08,ZF,0.038461538461538464,COMM
2006-08,ZG,0.038461538461538464,COMM
2006-08,ZI,0.038461538461538464,COMM
2006-08,ZK,0.038461538461538464,COMM
2006-08,ZL,0.038461538461538464,COMM
2006-08,ZM,0.038461538461538464,COMM
2006-08,ZN,0.038461538461538464,COMM
2006-08,ZO,0.038461538461538464,COMM
2006-08,ZP,0.038461538461538464,COMM
2006-08,ZR,0.038461538461538464,COMM
2006-08,ZS,0.038461538461538464,COMM
2006-08,ZT,0.038461538461538464,COMM
2006-08,ZU,0.038461538461538464,COMM
2006-08,ZW,0.038461538461538464,COMM
2006-08,ZZ,0.038461538461538464,COMM
2006-09,CC,0.038461538461538464,COMM
2006-09,CT,0.038461538461538464,COMM
2006-09,DA,0.038461538461538464,COMM
2006-09,JO,0.038461538461538464,COMM
2006-09,KC,0.038461538461538464,COMM
2006-09,LB,0.038461538461538464,COMM
2006-09,MW,0.038461538461538464,COMM
2006-09,SB,0.038461538461538464,COMM
2006-09,ZA,0.038461538461538464,COMM
2006-09,ZB,0.038461538461538464,COMM
2006-09,ZC,0.038461538461538464,COMM
2006-09,ZF,0.038461538461538464,COMM
2006-09,ZG,0.038461538461538464,COMM
2006-09,ZI,0.038461538461538464,COMM
2006-09,ZK,0.038461538461538464,COMM
2006-09,ZL,0.038461538461538464,COMM
2006-09,ZM,0.038461538461538464,COMM
2006-09,ZN,0.038461538461538464,COMM
2006-09,ZO,0.038461538461538464,COMM
2006-09,ZP,0.038461538461538464,COMM
2006-09,ZR,0.038461538461538464,COMM
2006-09,ZS,0.038461538461538464,COMM
2006-09,ZT,0.038461538461538464,COMM
2006-09,ZU,0.038461538461538464,COMM
2006-09,ZW,0.038461538461538464,COMM
2006-09,ZZ,0.038461538461538464,COMM
2006-10,CC,0.038461538461538464,COMM
2006-10,CT,0.038461538461538464,COMM
2006-10,DA,0.038461538461538464,COMM
2006-10,JO,0.038461538461538464,COMM
2006-10,KC,0.038461538461538464,COMM
2006-10,LB,0.038461538461538464,COMM
2006-10,MW,0.038461538461538464,COMM
2006-10,SB,0.038461538461538464,COMM
2006-10,ZA,0.038461538461538464,COMM
2006-10,ZB,0.038461538461538464,COMM
2006-10,ZC,0.038461538461538464,COMM
2006-10,ZF,0.038461538461538464,COMM
2006-10,ZG,0.038461538461538464,COMM
2006-10,ZI,0.038461538461538464,COMM
2006-10,ZK,0.038461538461538464,COMM
2006-10,ZL,0.038461538461538464,COMM
2006-10,ZM,0.038461538461538464,COMM
2006-10,ZN,0.038461538461538464,COMM
2006-10,ZO,0.038461538461538464,COMM
2006-10,ZP,0.038461538461538464,COMM
2006-10,ZR,0.038461538461538464,COMM
2006-10,ZS,0.038461538461538464,COMM
2006-10,ZT,0.038461538461538464,COMM
2006-10,ZU,0.038461538461538464,COMM
2006-10,ZW,0.038461538461538464,COMM
2006-10,ZZ,0.038461538461538464,COMM
2006-11,CC,0.038461538461538464,COMM
2006-11,CT,0.038461538461538464,COMM
2006-11,DA,0.038461538461538464,COMM
2006-11,JO,0.038461538461538464,COMM
2006-11,KC,0.038461538461538464,COMM
2006-11,LB,0.038461538461538464,COMM
2006-11,MW,0.038461538461538464,COMM
2006-11,SB,0.038461538461538464,COMM
2006-11,ZA,0.038461538461538464,COMM
2006-11,ZB,0.038461538461538464,COMM
2006-11,ZC,0.038461538461538464,COMM
2006-11,ZF,0.038461538461538464,COMM
2006-11,ZG,0.038461538461538464,COMM
2006-11,ZI,0.038461538461538464,COMM
2006-11,ZK,0.038461538461538464,COMM
2006-11,ZL,0.038461538461538464,COMM
2006-11,ZM,0.038461538461538464,COMM
2006-11,ZN,0.038461538461538464,COMM
2006-11,ZO,0.038461538461538464,COMM
2006-11,ZP,0.038461538461538464,COMM
2006-11,ZR,0.038461538461538464,COMM
2006-11,ZS,0.038461538461538464,COMM
2006-11,ZT,0.038461538461538464,COMM
2006-11,ZU,0.038461538461538464,COMM
2006-11,ZW,0.038461538461538464,COMM
2006-11,ZZ,0.038461538461538464,COMM
2006-12,CC,0.038461538461538464,COMM
2006-12,CT,0.038461538461538464,COMM
2006-12,DA,0.038461538461538464,COMM
2006-12,JO,0.038461538461538464,COMM
2006-12,KC,0.038461538461538464,COMM
2006-12,LB,0.038461538461538464,COMM
2006-12,MW,0.038461538461538464,COMM
2006-12,SB,0.038461538461538464,COMM
2006-12,ZA,0.038461538461538464,COMM
2006-12,ZB,0.038461538461538464,COMM
2006-12,ZC,0.038461538461538464,COMM
2006-12,ZF,0.038461538461538464,COMM
2006-12,ZG,0.038461538461538464,COMM
2006-12,ZI,0.038461538461538464,COMM
2006-12,ZK,0.038461538461538464,COMM
2006-12,ZL,0.038461538461538464,COMM
2006-12,ZM,0.038461538461538464,COMM
2006-12,ZN,0.038461538461538464,COMM
2006-12,ZO,0.038461538461538464,COMM
2006-12,ZP,0.038461538461538464,COMM
2006-12,ZR,0.038461538461538464,COMM
2006-12,ZS,0.038461538461538464,COMM
2006-12,ZT,0.038461538461538464,COMM
2006-12,ZU,0.038461538461538464,COMM
2006-12,ZW,0.038461538461538464,COMM
2006-12,ZZ,0.038461538461538464,COMM
2007-01,CC,0.038461538461538464,COMM
2007-01,CT,0.038461538461538464,COMM
2007-01,DA,0.038461538461538464,COMM
2007-01,JO,0.038461538461538464,COMM
2007-01,KC,0.038461538461538464,COMM
2007-01,LB,0.038461538461538464,COMM
2007-01,MW,0.038461538461538464,COMM
2007-01,SB,0.038461538461538464,COMM
2007-01,ZA,0.038461538461538464,COMM
2007-01,ZB,0.038461538461538464,COMM
2007-01,ZC,0.038461538461538464,COMM
2007-01,ZF,0.038461538461538464,COMM
2007-01,ZG,0.038461538461538464,COMM
2007-01,ZI,0.038461538461538464,COMM
2007-01,ZK,0.038461538461538464,COMM
2007-01,ZL,0.038461538461538464,COMM
2007-01,ZM,0.038461538461538464,COMM
2007-01,ZN,0.038461538461538464,COMM
2007-01,ZO,0.038461538461538464,COMM
2007-01,ZP,0.038461538461538464,COMM
2007-01,ZR,0.038461538461538464,COMM
2007-01,ZS,0.038461538461538464,COMM
2007-01,ZT,0.038461538461538464,COMM
2007-01,ZU,0.038461538461538464,COMM
2007-01,ZW,0.038461538461538464,COMM
2007-01,ZZ,0.038461538461538464,COMM
2007-02,CC,0.038461538461538464,COMM
2007-02,CT,0.038461538461538464,COMM
2007-02,DA,0.038461538461538464,COMM
2007-02,JO,0.038461538461538464,COMM
2007-02,KC,0.038461538461538464,COMM
2007-02,LB,0.038461538461538464,COMM
2007-02,MW,0.038461538461538464,COMM
2007-02,SB,0.038461538461538464,COMM
2007-02,ZA,0.038461538461538464,COMM
2007-02,ZB,0.038461538461538464,COMM
2007-02,ZC,0.038461538461538464,COMM
2007-02,ZF,0.038461538461538464,COMM
2007-02,ZG,0.038461538461538464,COMM
2007-02,ZI,0.038461538461538464,COMM
2007-02,ZK,0.038461538461538464,COMM
2007-02,ZL,0.038461538461538464,COMM
2007-02,ZM,0.038461538461538464,COMM
2007-02,ZN,0.038461538461538464,COMM
2007-02,ZO,0.038461538461538464,COMM
2007-02,ZP,0.038461538461538464,COMM
2007-02,ZR,0.038461538461538464,COMM
2007-02,ZS,0.038461538461538464,COMM
2007-02,ZT,0.038461538461538464,COMM
2007-02,ZU,0.038461538461538464,COMM
2007-02,ZW,0.038461538461538464,COMM
2007-02,ZZ,0.038461538461538464,COMM
2007-03,CC,0.038461538461538464,COMM
2007-03,CT,0.038461538461538464,COMM
2007-03,DA,0.038461538461538464,COMM
2007-03,JO,0.038461538461538464,COMM
2007-03,KC,0.038461538461538464,COMM
2007-03,LB,0.038461538461538464,COMM
2007-03,MW,0.038461538461538464,COMM
2007-03,SB,0.038461538461538464,COMM
2007-03,ZA,0.038461538461538464,COMM
2007-03,ZB,0.038461538461538464,COMM
2007-03,ZC,0.038461538461538464,COMM
2007-03,ZF,0.038461538461538464,COMM
2007-03,ZG,0.038461538461538464,COMM
2007-03,ZI,0.038461538461538464,COMM
2007-03,ZK,0.038461538461538464,COMM
2007-03,ZL,0.038461538461538464,COMM
2007-03,ZM,0.038461538461538464,COMM
2007-03,ZN,0.038461538461538464,COMM
2007-03,ZO,0.038461538461538464,COMM
2007-03,ZP,0.038461538461538464,COMM
2007-03,ZR,0.038461538461538464,COMM
2007-03,ZS,0.038461538461538464,COMM
2007-03,ZT,0.038461538461538464,COMM
2007-03,ZU,0.038461538461538464,COMM
2007-03,ZW,0.038461538461538464,COMM
2007-03,ZZ,0.038461538461538464,COMM
2007-04,CC,0.038461538461538464,COMM
2007-04,CT,0.038461538461538464,COMM
2007-04,DA,0.038461538461538464,COMM
2007-04,JO,0.038461538461538464,COMM
2007-04,KC,0.038461538461538464,COMM
2007-04,LB,0.038461538461538464,COMM
2007-04,MW,0.038461538461538464,COMM
2007-04,SB,0.038461538461538464,COMM
2007-04,ZA,0.038461538461538464,COMM
2007-04,ZB,0.038461538461538464,COMM
2007-04,ZC,0.038461538461538464,COMM
2007-04,ZF,0.038461538461538464,COMM
2007-04,ZG,0.038461538461538464,COMM
2007-04,ZI,0.038461538461538464,COMM
2007-04,ZK,0.038461538461538464,COMM
2007-04,ZL,0.038461538461538464,COMM
2007-04,ZM,0.038461538461538464,COMM
2007-04,ZN,0.038461538461538464,COMM
2007-04,ZO,0.038461538461538464,COMM
2007-04,ZP,0.038461538461538464,COMM
2007-04,ZR,0.038461538461538464,COMM
2007-04,ZS,0.038461538461538464,COMM
2007-04,ZT,0.038461538461538464,COMM
2007-04,ZU,0.038461538461538464,COMM
2007-04,ZW,0.038461538461538464,COMM
2007-04,ZZ,0.038461538461538464,COMM
2007-05,CC,0.038461538461538464,COMM
2007-05,CT,0.038461538461538464,COMM
2007-05,DA,0.038461538461538464,COMM
2007-05,JO,0.038461538461538464,COMM
2007-05,KC,0.038461538461538464,COMM
2007-05,LB,0.038461538461538464,COMM
2007-05,MW,0.038461538461538464,COMM
2007-05,SB,0.038461538461538464,COMM
2007-05,ZA,0.038461538461538464,COMM
2007-05,ZB,0.038461538461538464,COMM
2007-05,ZC,0.038461538461538464,COMM
2007-05,ZF,0.038461538461538464,COMM
2007-05,ZG,0.038461538461538464,COMM
2007-05,ZI,0.038461538461538464,COMM
2007-05,ZK,0.038461538461538464,COMM
2007-05,ZL,0.038461538461538464,COMM
2007-05,ZM,0.038461538461538464,COMM
2007-05,ZN,0.038461538461538464,COMM
2007-05,ZO,0.038461538461538464,COMM
2007-05,ZP,0.038461538461538464,COMM
2007-05,ZR,0.038461538461538464,COMM
2007-05,ZS,0.038461538461538464,COMM
2007-05,ZT,0.038461538461538464,COMM
2007-05,ZU,0.038461538461538464,COMM
2007-05,ZW,0.038461538461538464,COMM
2007-05,ZZ,0.038461538461538464,COMM
2007-06,CC,0.038461538461538464,COMM
2007-06,CT,0.038461538461538464,COMM
2007-06,DA,0.038461538461538464,COMM
2007-06,JO,0.038461538461538464,COMM
2007-06,KC,0.038461538461538464,COMM
2007-06,LB,0.038461538461538464,COMM
2007-06,MW,0.038461538461538464,COMM
2007-06,SB,0.038461538461538464,COMM
2007-06,ZA,0.038461538461538464,COMM
2007-06,ZB,0.038461538461538464,COMM
2007-06,ZC,0.038461538461538464,COMM
2007-06,ZF,0.038461538461538464,COMM
2007-06,ZG,0.038461538461538464,COMM
2007-06,ZI,0.038461538461538464,COMM
2007-06,ZK,0.038461538461538464,COMM
2007-06,ZL,0.038461538461538464,COMM
2007-06,ZM,0.038461538461538464,COMM
2007-06,ZN,0.038461538461538464,COMM
2007-06,ZO,0.038461538461538464,COMM
2007-06,ZP,0.038461538461538464,COMM
2007-06,ZR,0.038461538461538464,COMM
2007-06,ZS,0.038461538461538464,COMM
2007-06,ZT,0.038461538461538464,COMM
2007-06,ZU,0.038461538461538464,COMM
2007-06,ZW,0.038461538461538464,COMM
2007-06,ZZ,0.038461538461538464,COMM
2007-07,CC,0.038461538461538464,COMM
2007-07,CT,0.038461538461538464,COMM
2007-07,DA,0.038461538461538464,COMM
2007-07,JO,0.038461538461538464,COMM
2007-07,KC,0.038461538461538464,COMM
2007-07,LB,0.038461538461538464,COMM
2007-07,MW,0.038461538461538464,COMM
2007-07,SB,0.038461538461538464,COMM
2007-07,ZA,0.038461538461538464,COMM
2007-07,ZB,0.038461538461538464,COMM
2007-07,ZC,0.038461538461538464,COMM
2007-07,ZF,0.038461538461538464,COMM
2007-07,ZG,0.038461538461538464,COMM
2007-07,ZI,0.038461538461538464,COMM
2007-07,ZK,0.038461538461538464,COMM
2007-07,ZL,0.038461538461538464,COMM
2007-07,ZM,0.038461538461538464,COMM
2007-07,ZN,0.038461538461538464,COMM
2007-07,ZO,0.038461538461538464,COMM
2007-07,ZP,0.038461538461538464,COMM
2007-07,ZR,0.038461538461538464,COMM
2007-07,ZS,0.038461538461538464,COMM
2007-07,ZT,0.038461538461538464,COMM
2007-07,ZU,0.038461538461538464,COMM
2007-07,ZW,0.038461538461538464,COMM
2007-07,ZZ,0.038461538461538464,COMM
2007-08,CC,0.038461538461538464,COMM
2007-08,CT,0.038461538461538464,COMM
2007-08,DA,0.038461538461538464,COMM
2007-08,JO,0.038461538461538464,COMM
2007-08,KC,0.038461538461538464,COMM
2007-08,LB,0.038461538461538464,COMM
2007-08,MW,0.038461538461538464,COMM
2007-08,SB,0.038461538461538464,COMM
2007-08,ZA,0.038461538461538464,COMM
2007-08,ZB,0.038461538461538464,COMM
2007-08,ZC,0.038461538461538464,COMM
2007-08,ZF,0.038461538461538464,COMM
2007-08,ZG,0.038461538461538464,COMM
2007-08,ZI,0.038461538461538464,COMM
2007-08,ZK,0.038461538461538464,COMM
2007-08,ZL,0.038461538461538464,COMM
2007-08,ZM,0.038461538461538464,COMM
2007-08,ZN,0.038461538461538464,COMM
2007-08,ZO,0.038461538461538464,COMM
2007-08,ZP,0.038461538461538464,COMM
2007-08,ZR,0.038461538461538464,COMM
2007-08,ZS,0.038461538461538464,COMM
2007-08,ZT,0.038461538461538464,COMM
2007-08,ZU,0.038461538461538464,COMM
2007-08,ZW,0.038461538461538464,COMM
2007-08,ZZ,0.038461538461538464,COMM
2007-09,CC,0.038461538461538464,COMM
2007-09,CT,0.038461538461538464,COMM
2007-09,DA,0.038461538461538464,COMM
2007-09,JO,0.038461538461538464,COMM
2007-09,KC,0.038461538461538464,COMM
2007-09,LB,0.038461538461538464,COMM
2007-09,MW,0.038461538461538464,COMM
2007-09,SB,0.038461538461538464,COMM
2007-09,ZA,0.038461538461538464,COMM
2007-09,ZB,0.038461538461538464,COMM
2007-09,ZC,0.038461538461538464,COMM
2007-09,ZF,0.038461538461538464,COMM
2007-09,ZG,0.038461538461538464,COMM
2007-09,ZI,0.038461538461538464,COMM
2007-09,ZK,0.038461538461538464,COMM
2007-09,ZL,0.038461538461538464,COMM
2007-09,ZM,0.038461538461538464,COMM
2007-09,ZN,0.038461538461538464,COMM
2007-09,ZO,0.038461538461538464,COMM
2007-09,ZP,0.038461538461538464,COMM
2007-09,ZR,0.038461538461538464,COMM
2007-09,ZS,0.038461538461538464,COMM
2007-09,ZT,0.038461538461538464,COMM
2007-09,ZU,0.038461538461538464,COMM
2007-09,ZW,0.038461538461538464,COMM
2007-09,ZZ,0.038461538461538464,COMM
2007-10,CC,0.038461538461538464,COMM
2007-10,CT,0.038461538461538464,COMM
2007-10,DA,0.038461538461538464,COMM
2007-10,JO,0.038461538461538464,COMM
2007-10,KC,0.038461538461538464,COMM
2007-10,LB,0.038461538461538464,COMM
2007-10,MW,0.038461538461538464,COMM
2007-10,SB,0.038461538461538464,COMM
2007-10,ZA,0.038461538461538464,COMM
2007-10,ZB,0.038461538461538464,COMM
2007-10,ZC,0.038461538461538464,COMM
2007-10,ZF,0.038461538461538464,COMM
2007-10,ZG,0.038461538461538464,COMM
2007-10,ZI,0.038461538461538464,COMM
2007-10,ZK,0.038461538461538464,COMM
2007-10,ZL,0.038461538461538464,COMM
2007-10,ZM,0.038461538461538464,COMM
2007-10,ZN,0.038461538461538464,COMM
2007-10,ZO,0.038461538461538464,COMM
2007-10,ZP,0.038461538461538464,COMM
2007-10,ZR,0.038461538461538464,COMM
2007-10,ZS,0.038461538461538464,COMM
2007-10,ZT,0.038461538461538464,COMM
2007-10,ZU,0.038461538461538464,COMM
2007-10,ZW,0.038461538461538464,COMM
2007-10,ZZ,0.038461538461538464,COMM
2007-11,CC,0.038461538461538464,COMM
2007-11,CT,0.038461538461538464,COMM
2007-11,DA,0.038461538461538464,COMM
2007-11,JO,0.038461538461538464,COMM
2007-11,KC,0.038461538461538464,COMM
2007-11,LB,0.038461538461538464,COMM
2007-11,MW,0.038461538461538464,COMM
2007-11,SB,0.038461538461538464,COMM
2007-11,ZA,0.038461538461538464,COMM
2007-11,ZB,0.038461538461538464,COMM
2007-11,ZC,0.038461538461538464,COMM
2007-11,ZF,0.038461538461538464,COMM
2007-11,ZG,0.038461538461538464,COMM
2007-11,ZI,0.038461538461538464,COMM
2007-11,ZK,0.038461538461538464,COMM
2007-11,ZL,0.038461538461538464,COMM
2007-11,ZM,0.038461538461538464,COMM
2007-11,ZN,0.038461538461538464,COMM
2007-11,ZO,0.038461538461538464,COMM
2007-11,ZP,0.038461538461538464,COMM
2007-11,ZR,0.038461538461538464,COMM
2007-11,ZS,0.038461538461538464,COMM
2007-11,ZT,0.038461538461538464,COMM
2007-11,ZU,0.038461538461538464,COMM
2007-11,ZW,0.038461538461538464,COMM
2007-11,ZZ,0.038461538461538464,COMM
2007-12,CC,0.038461538461538464,COMM
2007-12,CT,0.038461538461538464,COMM
2007-12,DA,0.038461538461538464,COMM
2007-12,JO,0.038461538461538464,COMM
2007-12,KC,0.038461538461538464,COMM
2007-12,LB,0.038461538461538464,COMM
2007-12,MW,0.038461538461538464,COMM
2007-12,SB,0.038461538461538464,COMM
2007-12,ZA,0.038461538461538464,COMM
2007-12,ZB,0.038461538461538464,COMM
2007-12,ZC,0.038461538461538464,COMM
2007-12,ZF,0.038461538461538464,COMM
2007-12,ZG,0.038461538461538464,COMM
2007-12,ZI,0.038461538461538464,COMM
2007-12,ZK,0.038461538461538464,COMM
2007-12,ZL,0.038461538461538464,COMM
2007-12,ZM,0.038461538461538464,COMM
2007-12,ZN,0.038461538461538464,COMM
2007-12,ZO,0.038461538461538464,COMM
2007-12,ZP,0.038461538461538464,COMM
2007-12,ZR,0.038461538461538464,COMM
2007-12,ZS,0.038461538461538464,COMM
2007-12,ZT,0.038461538461538464,COMM
2007-12,ZU,0.038461538461538464,COMM
2007-12,ZW,0.038461538461538464,COMM
2007-12,ZZ,0.038461538461538464,COMM
2008-01,CC,0.038461538461538464,COMM
2008-01,CT,0.038461538461538464,COMM
2008-01,DA,0.038461538461538464,COMM
2008-01,JO,0.038461538461538464,COMM
2008-01,KC,0.038461538461538464,COMM
2008-01,LB,0.038461538461538464,COMM
2008-01,MW,0.038461538461538464,COMM
2008-01,SB,0.038461538461538464,COMM
2008-01,ZA,0.038461538461538464,COMM
2008-01,ZB,0.038461538461538464,COMM
2008-01,ZC,0.038461538461538464,COMM
2008-01,ZF,0.038461538461538464,COMM
2008-01,ZG,0.038461538461538464,COMM
2008-01,ZI,0.038461538461538464,COMM
2008-01,ZK,0.038461538461538464,COMM
2008-01,ZL,0.038461538461538464,COMM
2008-01,ZM,0.038461538461538464,COMM
2008-01,ZN,0.038461538461538464,COMM
2008-01,ZO,0.038461538461538464,COMM
2008-01,ZP,0.038461538461538464,COMM
2008-01,ZR,0.038461538461538464,COMM
2008-01,ZS,0.038461538461538464,COMM
2008-01,ZT,0.038461538461538464,COMM
2008-01,ZU,0.038461538461538464,COMM
2008-01,ZW,0.038461538461538464,COMM
2008-01,ZZ,0.038461538461538464,COMM
2008-02,CC,0.038461538461538464,COMM
2008-02,CT,0.038461538461538464,COMM
2008-02,DA,0.038461538461538464,COMM
2008-02,JO,0.038461538461538464,COMM
2008-02,KC,0.038461538461538464,COMM
2008-02,LB,0.038461538461538464,COMM
2008-02,MW,0.038461538461538464,COMM
2008-02,SB,0.038461538461538464,COMM
2008-02,ZA,0.038461538461538464,COMM
2008-02,ZB,0.038461538461538464,COMM
2008-02,ZC,0.038461538461538464,COMM
2008-02,ZF,0.038461538461538464,COMM
2008-02,ZG,0.038461538461538464,COMM
2008-02,ZI,0.038461538461538464,COMM
2008-02,ZK,0.038461538461538464,COMM
2008-02,ZL,0.038461538461538464,COMM
2008-02,ZM,0.038461538461538464,COMM
2008-02,ZN,0.038461538461538464,COMM
2008-02,ZO,0.038461538461538464,COMM
2008-02,ZP,0.038461538461538464,COMM
2008-02,ZR,0.038461538461538464,COMM
2008-02,ZS,0.038461538461538464,COMM
2008-02,ZT,0.038461538461538464,COMM
2008-02,ZU,0.038461538461538464,COMM
2008-02,ZW,0.038461538461538464,COMM
2008-02,ZZ,0.038461538461538464,COMM
2008-03,CC,0.038461538461538464,COMM
2008-03,CT,0.038461538461538464,COMM
2008-03,DA,0.038461538461538464,COMM
2008-03,JO,0.038461538461538464,COMM
2008-03,KC,0.038461538461538464,COMM
2008-03,LB,0.038461538461538464,COMM
2008-03,MW,0.038461538461538464,COMM
2008-03,SB,0.038461538461538464,COMM
2008-03,ZA,0.038461538461538464,COMM
2008-03,ZB,0.038461538461538464,COMM
2008-03,ZC,0.038461538461538464,COMM
2008-03,ZF,0.038461538461538464,COMM
2008-03,ZG,0.038461538461538464,COMM
2008-03,ZI,0.038461538461538464,COMM
2008-03,ZK,0.038461538461538464,COMM
2008-03,ZL,0.038461538461538464,COMM
2008-03,ZM,0.038461538461538464,COMM
2008-03,ZN,0.038461538461538464,COMM
2008-03,ZO,0.038461538461538464,COMM
2008-03,ZP,0.038461538461538464,COMM
2008-03,ZR,0.038461538461538464,COMM
2008-03,ZS,0.038461538461538464,COMM
2008-03,ZT,0.038461538461538464,COMM
2008-03,ZU,0.038461538461538464,COMM
2008-03,ZW,0.038461538461538464,COMM
2008-03,ZZ,0.038461538461538464,COMM
2008-04,CC,0.038461538461538464,COMM
2008-04,CT,0.038461538461538464,COMM
2008-04,DA,0.038461538461538464,COMM
2008-04,JO,0.038461538461538464,COMM
2008-04,KC,0.038461538461538464,COMM
2008-04,LB,0.038461538461538464,COMM
2008-04,MW,0.038461538461538464,COMM
2008-04,SB,0.038461538461538464,COMM
2008-04,ZA,0.038461538461538464,COMM
2008-04,ZB,0.038461538461538464,COMM
2008-04,ZC,0.038461538461538464,COMM
2008-04,ZF,0.038461538461538464,COMM
2008-04,ZG,0.038461538461538464,COMM
2008-04,ZI,0.038461538461538464,COMM
2008-04,ZK,0.038461538461538464,COMM
2008-04,ZL,0.038461538461538464,COMM
2008-04,ZM,0.038461538461538464,COMM
2008-04,ZN,0.038461538461538464,COMM
2008-04,ZO,0.038461538461538464,COMM
2008-04,ZP,0.038461538461538464,COMM
2008-04,ZR,0.038461538461538464,COMM
2008-04,ZS,0.038461538461538464,COMM
2008-04,ZT,0.038461538461538464,COMM
2008-04,ZU,0.038461538461538464,COMM
2008-04,ZW,0.038461538461538464,COMM
2008-04,ZZ,0.038461538461538464,COMM
2008-05,CC,0.038461538461538464,COMM
2008-05,CT,0.038461538461538464,COMM
2008-05,DA,0.038461538461538464,COMM
2008-05,JO,0.038461538461538464,COMM
2008-05,KC,0.038461538461538464,COMM
2008-05,LB,0.038461538461538464,COMM
2008-05,MW,0.038461538461538464,COMM
2008-05,SB,0.038461538461538464,COMM
2008-05,ZA,0.038461538461538464,COMM
2008-05,ZB,0.038461538461538464,COMM
2008-05,ZC,0.038461538461538464,COMM
2008-05,ZF,0.038461538461538464,COMM
2008-05,ZG,0.038461538461538464,COMM
2008-05,ZI,0.038461538461538464,COMM
2008-05,ZK,0.038461538461538464,COMM
2008-05,ZL,0.038461538461538464,COMM
2008-05,ZM,0.038461538461538464,COMM
2008-05,ZN,0.038461538461538464,COMM
2008-05,ZO,0.038461538461538464,COMM
2008-05,ZP,0.038461538461538464,COMM
2008-05,ZR,0.038461538461538464,COMM
2008-05,ZS,0.038461538461538464,COMM
2008-05,ZT,0.038461538461538464,COMM
2008-05,ZU,0.038461538461538464,COMM
2008-05,ZW,0.038461538461538464,COMM
2008-05,ZZ,0.038461538461538464,COMM
2008-06,CC,0.038461538461538464,COMM
2008-06,CT,0.038461538461538464,COMM
2008-06,DA,0.038461538461538464,COMM
2008-06,JO,0.038461538461538464,COMM
2008-06,KC,0.038461538461538464,COMM
2008-06,LB,0.038461538461538464,COMM
2008-06,MW,0.038461538461538464,COMM
2008-06,SB,0.038461538461538464,COMM
2008-06,ZA,0.038461538461538464,COMM
2008-06,ZB,0.038461538461538464,COMM
2008-06,ZC,0.038461538461538464,COMM
2008-06,ZF,0.038461538461538464,COMM
2008-06,ZG,0.038461538461538464,COMM
2008-06,ZI,0.038461538461538464,COMM
2008-06,ZK,0.038461538461538464,COMM
2008-06,ZL,0.038461538461538464,COMM
2008-06,ZM,0.038461538461538464,COMM
2008-06,ZN,0.038461538461538464,COMM
2008-06,ZO,0.038461538461538464,COMM
2008-06,ZP,0.038461538461538464,COMM
2008-06,ZR,0.038461538461538464,COMM
2008-06,ZS,0.038461538461538464,COMM
2008-06,ZT,0.038461538461538464,COMM
2008-06,ZU,0.038461538461538464,COMM
2008-06,ZW,0.038461538461538464,COMM
2008-06,ZZ,0.038461538461538464,COMM
2008-07,CC,0.038461538461538464,COMM
2008-07,CT,0.038461538461538464,COMM
2008-07,DA,0.038461538461538464,COMM
2008-07,JO,0.038461538461538464,COMM
2008-07,KC,0.038461538461538464,COMM
2008-07,LB,0.038461538461538464,COMM
2008-07,MW,0.038461538461538464,COMM
2008-07,SB,0.038461538461538464,COMM
2008-07,ZA,0.038461538461538464,COMM
2008-07,ZB,0.038461538461538464,COMM
2008-07,ZC,0.038461538461538464,COMM
2008-07,ZF,0.038461538461538464,COMM
2008-07,ZG,0.038461538461538464,COMM
2008-07,ZI,0.038461538461538464,COMM
2008-07,ZK,0.038461538461538464,COMM
2008-07,ZL,0.038461538461538464,COMM
2008-07,ZM,0.038461538461538464,COMM
2008-07,ZN,0.038461538461538464,COMM
2008-07,ZO,0.038461538461538464,COMM
2008-07,ZP,0.038461538461538464,COMM
2008-07,ZR,0.038461538461538464,COMM
2008-07,ZS,0.038461538461538464,COMM
2008-07,ZT,0.038461538461538464,COMM
2008-07,ZU,0.038461538461538464,COMM
2008-07,ZW,0.038461538461538464,COMM
2008-07,ZZ,0.038461538461538464,COMM
2008-08,CC,0.038461538461538464,COMM
2008-08,CT,0.038461538461538464,COMM
2008-08,DA,0.038461538461538464,COMM
2008-08,JO,0.038461538461538464,COMM
2008-08,KC,0.038461538461538464,COMM
2008-08,LB,0.038461538461538464,COMM
2008-08,MW,0.038461538461538464,COMM
2008-08,SB,0.038461538461538464,COMM
2008-08,ZA,0.038461538461538464,COMM
2008-08,ZB,0.038461538461538464,COMM
2008-08,ZC,0.038461538461538464,COMM
2008-08,ZF,0.038461538461538464,COMM
2008-08,ZG,0.038461538461538464,COMM
2008-08,ZI,0.038461538461538464,COMM
2008-08,ZK,0.038461538461538464,COMM
2008-08,ZL,0.038461538461538464,COMM
2008-08,ZM,0.038461538461538464,COMM
2008-08,ZN,0.038461538461538464,COMM
2008-08,ZO,0.038461538461538464,COMM
2008-08,ZP,0.038461538461538464,COMM
2008-08,ZR,0.038461538461538464,COMM
2008-08,ZS,0.038461538461538464,COMM
2008-08,ZT,0.038461538461538464,COMM
2008-08,ZU,0.038461538461538464,COMM
2008-08,ZW,0.038461538461538464,COMM
2008-08,ZZ,0.038461538461538464,COMM
2008-09,CC,0.038461538461538464,COMM
2008-09,CT,0.038461538461538464,COMM
2008-09,DA,0.038461538461538464,COMM
2008-09,JO,0.038461538461538464,COMM
2008-09,KC,0.038461538461538464,COMM
2008-09,LB,0.038461538461538464,COMM
2008-09,MW,0.038461538461538464,COMM
2008-09,SB,0.038461538461538464,COMM
2008-09,ZA,0.038461538461538464,COMM
2008-09,ZB,0.038461538461538464,COMM
2008-09,ZC,0.038461538461538464,COMM
2008-09,ZF,0.038461538461538464,COMM
2008-09,ZG,0.038461538461538464,COMM
2008-09,ZI,0.038461538461538464,COMM
2008-09,ZK,0.038461538461538464,COMM
2008-09,ZL,0.038461538461538464,COMM
2008-09,ZM,0.038461538461538464,COMM
2008-09,ZN,0.038461538461538464,COMM
2008-09,ZO,0.038461538461538464,COMM
2008-09,ZP,0.038461538461538464,COMM
2008-09,ZR,0.038461538461538464,COMM
2008-09,ZS,0.038461538461538464,COMM
2008-09,ZT,0.038461538461538464,COMM
2008-09,ZU,0.038461538461538464,COMM
2008-09,ZW,0.038461538461538464,COMM
2008-09,ZZ,0.038461538461538464,COMM
2008-10,CC,0.038461538461538464,COMM
2008-10,CT,0.038461538461538464,COMM
2008-10,DA,0.038461538461538464,COMM
2008-10,JO,0.038461538461538464,COMM
2008-10,KC,0.038461538461538464,COMM
2008-10,LB,0.038461538461538464,COMM
2008-10,MW,0.038461538461538464,COMM
2008-10,SB,0.038461538461538464,COMM
2008-10,ZA,0.038461538461538464,COMM
2008-10,ZB,0.038461538461538464,COMM
2008-10,ZC,0.038461538461538464,COMM
2008-10,ZF,0.038461538461538464,COMM
2008-10,ZG,0.038461538461538464,COMM
2008-10,ZI,0.038461538461538464,COMM
2008-10,ZK,0.038461538461538464,COMM
2008-10,ZL,0.038461538461538464,COMM
2008-10,ZM,0.038461538461538464,COMM
2008-10,ZN,0.038461538461538464,COMM
2008-10,ZO,0.038461538461538464,COMM
2008-10,ZP,0.038461538461538464,COMM
2008-10,ZR,0.038461538461538464,COMM
2008-10,ZS,0.038461538461538464,COMM
2008-10,ZT,0.038461538461538464,COMM
2008-10,ZU,0.038461538461538464,COMM
2008-10,ZW,0.038461538461538464,COMM
2008-10,ZZ,0.038461538461538464,COMM
2008-11,CC,0.038461538461538464,COMM
2008-11,CT,0.038461538461538464,COMM
2008-11,DA,0.038461538461538464,COMM
2008-11,JO,0.038461538461538464,COMM
2008-11,KC,0.038461538461538464,COMM
2008-11,LB,0.038461538461538464,COMM
2008-11,MW,0.038461538461538464,COMM
2008-11,SB,0.038461538461538464,COMM
2008-11,ZA,0.038461538461538464,COMM
2008-11,ZB,0.038461538461538464,COMM
2008-11,ZC,0.038461538461538464,COMM
2008-11,ZF,0.038461538461538464,COMM
2008-11,ZG,0.038461538461538464,COMM
2008-11,ZI,0.038461538461538464,COMM
2008-11,ZK,0.038461538461538464,COMM
2008-11,ZL,0.038461538461538464,COMM
2008-11,ZM,0.038461538461538464,COMM
2008-11,ZN,0.038461538461538464,COMM
2008-11,ZO,0.038461538461538464,COMM
2008-11,ZP,0.038461538461538464,COMM
2008-11,ZR,0.038461538461538464,COMM
2008-11,ZS,0.038461538461538464,COMM
2008-11,ZT,0.038461538461538464,COMM
2008-11,ZU,0.038461538461538464,COMM
2008-11,ZW,0.038461538461538464,COMM
2008-11,ZZ,0.038461538461538464,COMM
2008-12,CC,0.038461538461538464,COMM
2008-12,CT,0.038461538461538464,COMM
2008-12,DA,0.038461538461538464,COMM
2008-12,JO,0.038461538461538464,COMM
2008-12,KC,0.038461538461538464,COMM
2008-12,LB,0.038461538461538464,COMM
2008-12,MW,0.038461538461538464,COMM
2008-12,SB,0.038461538461538464,COMM
2008-12,ZA,0.038461538461538464,COMM
2008-12,ZB,0.038461538461538464,COMM
2008-12,ZC,0.038461538461538464,COMM
2008-12,ZF,0.038461538461538464,COMM
2008-12,ZG,0.038461538461538464,COMM
2008-12,ZI,0.038461538461538464,COMM
2008-12,ZK,0.038461538461538464,COMM
2008-12,ZL,0.038461538461538464,COMM
2008-12,ZM,0.038461538461538464,COMM
2008-12,ZN,0.038461538461538464,COMM
2008-12,ZO,0.038461538461538464,COMM
2008-12,ZP,0.038461538461538464,COMM
2008-12,ZR,0.038461538461538464,COMM
2008-12,ZS,0.038461538461538464,COMM
2008-12,ZT,0.038461538461538464,COMM
2008-12,ZU,0.038461538461538464,COMM
2008-12,ZW,0.038461538461538464,COMM
2008-12,ZZ,0.038461538461538464,COMM
2009-01,CC,0.038461538461538464,COMM
2009-01,CT,0.038461538461538464,COMM
2009-01,DA,0.038461538461538464,COMM
2009-01,JO,0.038461538461538464,COMM
2009-01,KC,0.038461538461538464,COMM
2009-01,LB,0.038461538461538464,COMM
2009-01,MW,0.038461538461538464,COMM
2009-01,SB,0.038461538461538464,COMM
2009-01,ZA,0.038461538461538464,COMM
2009-01,ZB,0.038461538461538464,COMM
2009-01,ZC,0.038461538461538464,COMM
2009-01,ZF,0.038461538461538464,COMM
2009-01,ZG,0.038461538461538464,COMM
2009-01,ZI,0.038461538461538464,COMM
2009-01,ZK,0.038461538461538464,COMM
2009-01,ZL,0.038461538461538464,COMM
2009-01,ZM,0.038461538461538464,COMM
2009-01,ZN,0.038461538461538464,COMM
2009-01,ZO,0.038461538461538464,COMM
2009-01,ZP,0.038461538461538464,COMM
2009-01,ZR,0.038461538461538464,COMM
2009-01,ZS,0.038461538461538464,COMM
2009-01,ZT,0.038461538461538464,COMM
2009-01,ZU,0.038461538461538464,COMM
2009-01,ZW,0.038461538461538464,COMM
2009-01,ZZ,0.038461538461538464,COMM
2009-02,CC,0.038461538461538464,COMM
2009-02,CT,0.038461538461538464,COMM
2009-02,DA,0.038461538461538464,COMM
2009-02,JO,0.038461538461538464,COMM
2009-02,KC,0.038461538461538464,COMM
2009-02,LB,0.038461538461538464,COMM
2009-02,MW,0.038461538461538464,COMM
2009-02,SB,0.038461538461538464,COMM
2009-02,ZA,0.038461538461538464,COMM
2009-02,ZB,0.038461538461538464,COMM
2009-02,ZC,0.038461538461538464,COMM
2009-02,ZF,0.038461538461538464,COMM
2009-02,ZG,0.038461538461538464,COMM
2009-02,ZI,0.038461538461538464,COMM
2009-02,ZK,0.038461538461538464,COMM
2009-02,ZL,0.038461538461538464,COMM
2009-02,ZM,0.038461538461538464,COMM
2009-02,ZN,0.038461538461538464,COMM
2009-02,ZO,0.038461538461538464,COMM
2009-02,ZP,0.038461538461538464,COMM
2009-02,ZR,0.038461538461538464,COMM
2009-02,ZS,0.038461538461538464,COMM
2009-02,ZT,0.038461538461538464,COMM
2009-02,ZU,0.038461538461538464,COMM
2009-02,ZW,0.038461538461538464,COMM
2009-02,ZZ,0.038461538461538464,COMM
2009-03,CC,0.038461538461538464,COMM
2009-03,CT,0.038461538461538464,COMM
2009-03,DA,0.038461538461538464,COMM
2009-03,JO,0.038461538461538464,COMM
2009-03,KC,0.038461538461538464,COMM
2009-03,LB,0.038461538461538464,COMM
2009-03,MW,0.038461538461538464,COMM
2009-03,SB,0.038461538461538464,COMM
2009-03,ZA,0.038461538461538464,COMM
2009-03,ZB,0.038461538461538464,COMM
2009-03,ZC,0.038461538461538464,COMM
2009-03,ZF,0.038461538461538464,COMM
2009-03,ZG,0.038461538461538464,COMM
2009-03,ZI,0.038461538461538464,COMM
2009-03,ZK,0.038461538461538464,COMM
2009-03,ZL,0.038461538461538464,COMM
2009-03,ZM,0.038461538461538464,COMM
2009-03,ZN,0.038461538461538464,COMM
2009-03,ZO,0.038461538461538464,COMM
2009-03,ZP,0.038461538461538464,COMM
2009-03,ZR,0.038461538461538464,COMM
2009-03,ZS,0.038461538461538464,COMM
2009-03,ZT,0.038461538461538464,COMM
2009-03,ZU,0.038461538461538464,COMM
2009-03,ZW,0.038461538461538464,COMM
2009-03,ZZ,0.038461538461538464,COMM
2009-04,CC,0.038461538461538464,COMM
2009-04,CT,0.038461538461538464,COMM
2009-04,DA,0.038461538461538464,COMM
2009-04,JO,0.038461538461538464,COMM
2009-04,KC,0.038461538461538464,COMM
2009-04,LB,0.038461538461538464,COMM
2009-04,MW,0.038461538461538464,COMM
2009-04,SB,0.038461538461538464,COMM
2009-04,ZA,0.038461538461538464,COMM
2009-04,ZB,0.038461538461538464,COMM
2009-04,ZC,0.038461538461538464,COMM
2009-04,ZF,0.038461538461538464,COMM
2009-04,ZG,0.038461538461538464,COMM
2009-04,ZI,0.038461538461538464,COMM
2009-04,ZK,0.038461538461538464,COMM
2009-04,ZL,0.038461538461538464,COMM
2009-04,ZM,0.038461538461538464,COMM
2009-04,ZN,0.038461538461538464,COMM
2009-04,ZO,0.038461538461538464,COMM
2009-04,ZP,0.038461538461538464,COMM
2009-04,ZR,0.038461538461538464,COMM
2009-04,ZS,0.038461538461538464,COMM
2009-04,ZT,0.038461538461538464,COMM
2009-04,ZU,0.038461538461538464,COMM
2009-04,ZW,0.038461538461538464,COMM
2009-04,ZZ,0.038461538461538464,COMM
2009-05,CC,0.038461538461538464,COMM
2009-05,CT,0.038461538461538464,COMM
2009-05,DA,0.038461538461538464,COMM
2009-05,JO,0.038461538461538464,COMM
2009-05,KC,0.038461538461538464,COMM
2009-05,LB,0.038461538461538464,COMM
2009-05,MW,0.038461538461538464,COMM
2009-05,SB,0.038461538461538464,COMM
2009-05,ZA,0.038461538461538464,COMM
2009-05,ZB,0.038461538461538464,COMM
2009-05,ZC,0.038461538461538464,COMM
2009-05,ZF,0.038461538461538464,COMM
2009-05,ZG,0.038461538461538464,COMM
2009-05,ZI,0.038461538461538464,COMM
2009-05,ZK,0.038461538461538464,COMM
2009-05,ZL,0.038461538461538464,COMM
2009-05,ZM,0.038461538461538464,COMM
2009-05,ZN,0.038461538461538464,COMM
2009-05,ZO,0.038461538461538464,COMM
2009-05,ZP,0.038461538461538464,COMM
2009-05,ZR,0.038461538461538464,COMM
2009-05,ZS,0.038461538461538464,COMM
2009-05,ZT,0.038461538461538464,COMM
2009-05,ZU,0.038461538461538464,COMM
2009-05,ZW,0.038461538461538464,COMM
2009-05,ZZ,0.038461538461538464,COMM
2009-06,CC,0.038461538461538464,COMM
2009-06,CT,0.038461538461538464,COMM
2009-06,DA,0.038461538461538464,COMM
2009-06,JO,0.038461538461538464,COMM
2009-06,KC,0.038461538461538464,COMM
2009-06,LB,0.038461538461538464,COMM
2009-06,MW,0.038461538461538464,COMM
2009-06,SB,0.038461538461538464,COMM
2009-06,ZA,0.038461538461538464,COMM
2009-06,ZB,0.038461538461538464,COMM
2009-06,ZC,0.038461538461538464,COMM
2009-06,ZF,0.038461538461538464,COMM
2009-06,ZG,0.038461538461538464,COMM
2009-06,ZI,0.038461538461538464,COMM
2009-06,ZK,0.038461538461538464,COMM
2009-06,ZL,0.038461538461538464,COMM
2009-06,ZM,0.038461538461538464,COMM
2009-06,ZN,0.038461538461538464,COMM
2009-06,ZO,0.038461538461538464,COMM
2009-06,ZP,0.038461538461538464,COMM
2009-06,ZR,0.038461538461538464,COMM
2009-06,ZS,0.038461538461538464,COMM
2009-06,ZT,0.038461538461538464,COMM
2009-06,ZU,0.038461538461538464,COMM
2009-06,ZW,0.038461538461538464,COMM
2009-06,ZZ,0.038461538461538464,COMM
2009-07,CC,0.038461538461538464,COMM
2009-07,CT,0.038461538461538464,COMM
2009-07,DA,0.038461538461538464,COMM
2009-07,JO,0.038461538461538464,COMM
2009-07,KC,0.038461538461538464,COMM
2009-07,LB,0.038461538461538464,COMM
2009-07,MW,0.038461538461538464,COMM
2009-07,SB,0.038461538461538464,COMM
2009-07,ZA,0.038461538461538464,COMM
2009-07,ZB,0.038461538461538464,COMM
2009-07,ZC,0.038461538461538464,COMM
2009-07,ZF,0.038461538461538464,COMM
2009-07,ZG,0.038461538461538464,COMM
2009-07,ZI,0.038461538461538464,COMM
2009-07,ZK,0.038461538461538464,COMM
2009-07,ZL,0.038461538461538464,COMM
2009-07,ZM,0.038461538461538464,COMM
2009-07,ZN,0.038461538461538464,COMM
2009-07,ZO,0.038461538461538464,COMM
2009-07,ZP,0.038461538461538464,COMM
2009-07,ZR,0.038461538461538464,COMM
2009-07,ZS,0.038461538461538464,COMM
2009-07,ZT,0.038461538461538464,COMM
2009-07,ZU,0.038461538461538464,COMM
2009-07,ZW,0.038461538461538464,COMM
2009-07,ZZ,0.038461538461538464,COMM
2009-08,CC,0.038461538461538464,COMM
2009-08,CT,0.038461538461538464,COMM
2009-08,DA,0.038461538461538464,COMM
2009-08,JO,0.038461538461538464,COMM
2009-08,KC,0.038461538461538464,COMM
2009-08,LB,0.038461538461538464,COMM
2009-08,MW,0.038461538461538464,COMM
2009-08,SB,0.038461538461538464,COMM
2009-08,ZA,0.038461538461538464,COMM
2009-08,ZB,0.038461538461538464,COMM
2009-08,ZC,0.038461538461538464,COMM
2009-08,ZF,0.038461538461538464,COMM
2009-08,ZG,0.038461538461538464,COMM
2009-08,ZI,0.038461538461538464,COMM
2009-08,ZK,0.038461538461538464,COMM
2009-08,ZL,0.038461538461538464,COMM
2009-08,ZM,0.038461538461538464,COMM
2009-08,ZN,0.038461538461538464,COMM
2009-08,ZO,0.038461538461538464,COMM
2009-08,ZP,0.038461538461538464,COMM
2009-08,ZR,0.038461538461538464,COMM
2009-08,ZS,0.038461538461538464,COMM
2009-08,ZT,0.038461538461538464,COMM
2009-08,ZU,0.038461538461538464,COMM
2009-08,ZW,0.038461538461538464,COMM
2009-08,ZZ,0.038461538461538464,COMM
2009-09,CC,0.038461538461538464,COMM
2009-09,CT,0.038461538461538464,COMM
2009-09,DA,0.038461538461538464,COMM
2009-09,JO,0.038461538461538464,COMM
2009-09,KC,0.038461538461538464,COMM
2009-09,LB,0.038461538461538464,COMM
2009-09,MW,0.038461538461538464,COMM
2009-09,SB,0.038461538461538464,COMM
2009-09,ZA,0.038461538461538464,COMM
2009-09,ZB,0.038461538461538464,COMM
2009-09,ZC,0.038461538461538464,COMM
2009-09,ZF,0.038461538461538464,COMM
2009-09,ZG,0.038461538461538464,COMM
2009-09,ZI,0.038461538461538464,COMM
2009-09,ZK,0.038461538461538464,COMM
2009-09,ZL,0.038461538461538464,COMM
2009-09,ZM,0.038461538461538464,COMM
2009-09,ZN,0.038461538461538464,COMM
2009-09,ZO,0.038461538461538464,COMM
2009-09,ZP,0.038461538461538464,COMM
2009-09,ZR,0.038461538461538464,COMM
2009-09,ZS,0.038461538461538464,COMM
2009-09,ZT,0.038461538461538464,COMM
2009-09,ZU,0.038461538461538464,COMM
2009-09,ZW,0.038461538461538464,COMM
2009-09,ZZ,0.038461538461538464,COMM
2009-10,CC,0.038461538461538464,COMM
2009-10,CT,0.038461538461538464,COMM
2009-10,DA,0.038461538461538464,COMM
2009-10,JO,0.038461538461538464,COMM
2009-10,KC,0.038461538461538464,COMM
2009-10,LB,0.038461538461538464,COMM
2009-10,MW,0.038461538461538464,COMM
2009-10,SB,0.038461538461538464,COMM
2009-10,ZA,0.038461538461538464,COMM
2009-10,ZB,0.038461538461538464,COMM
2009-10,ZC,0.038461538461538464,COMM
2009-10,ZF,0.038461538461538464,COMM
2009-10,ZG,0.038461538461538464,COMM
2009-10,ZI,0.038461538461538464,COMM
2009-10,ZK,0.038461538461538464,COMM
2009-10,ZL,0.038461538461538464,COMM
2009-10,ZM,0.038461538461538464,COMM
2009-10,ZN,0.038461538461538464,COMM
2009-10,ZO,0.038461538461538464,COMM
2009-10,ZP,0.038461538461538464,COMM
2009-10,ZR,0.038461538461538464,COMM
2009-10,ZS,0.038461538461538464,COMM
2009-10,ZT,0.038461538461538464,COMM
2009-10,ZU,0.038461538461538464,COMM
2009-10,ZW,0.038461538461538464,COMM
2009-10,ZZ,0.038461538461538464,COMM
2009-11,CC,0.038461538461538464,COMM
2009-11,CT,0.038461538461538464,COMM
2009-11,DA,0.038461538461538464,COMM
2009-11,JO,0.038461538461538464,COMM
2009-11,KC,0.038461538461538464,COMM
2009-11,LB,0.038461538461538464,COMM
2009-11,MW,0.038461538461538464,COMM
2009-11,SB,0.038461538461538464,COMM
2009-11,ZA,0.038461538461538464,COMM
2009-11,ZB,0.038461538461538464,COMM
2009-11,ZC,0.038461538461538464,COMM
2009-11,ZF,0.038461538461538464,COMM
2009-11,ZG,0.038461538461538464,COMM
2009-11,ZI,0.038461538461538464,COMM
2009-11,ZK,0.038461538461538464,COMM
2009-11,ZL,0.038461538461538464,COMM
2009-11,ZM,0.038461538461538464,COMM
2009-11,ZN,0.038461538461538464,COMM
2009-11,ZO,0.038461538461538464,COMM
2009-11,ZP,0.038461538461538464,COMM
2009-11,ZR,0.038461538461538464,COMM
2009-11,ZS,0.038461538461538464,COMM
2009-11,ZT,0.038461538461538464,COMM
2009-11,ZU,0.038461538461538464,COMM
2009-11,ZW,0.038461538461538464,COMM
2009-11,ZZ,0.038461538461538464,COMM
2009-12,CC,0.038461538461538464,COMM
2009-12,CT,0.038461538461538464,COMM
2009-12,DA,0.038461538461538464,COMM
2009-12,JO,0.038461538461538464,COMM
2009-12,KC,0.038461538461538464,COMM
2009-12,LB,0.038461538461538464,COMM
2009-12,MW,0.038461538461538464,COMM
2009-12,SB,0.038461538461538464,COMM
2009-12,ZA,0.038461538461538464,COMM
2009-12,ZB,0.038461538461538464,COMM
2009-12,ZC,0.038461538461538464,COMM
2009-12,ZF,0.038461538461538464,COMM
2009-12,ZG,0.038461538461538464,COMM
2009-12,ZI,0.038461538461538464,COMM
2009-12,ZK,0.038461538461538464,COMM
2009-12,ZL,0.038461538461538464,COMM
2009-12,ZM,0.038461538461538464,COMM
2009-12,ZN,0.038461538461538464,COMM
2009-12,ZO,0.038461538461538464,COMM
2009-12,ZP,0.038461538461538464,COMM
2009-12,ZR,0.038461538461538464,COMM
2009-12,ZS,0.038461538461538464,COMM
2009-12,ZT,0.038461538461538464,COMM
2009-12,ZU,0.038461538461538464,COMM
2009-12,ZW,0.038461538461538464,COMM
2009-12,ZZ,0.038461538461538464,COMM
2010-01,CC,0.038461538461538464,COMM
2010-01,CT,0.038461538461538464,COMM
2010-01,DA,0.038461538461538464,COMM
2010-01,JO,0.038461538461538464,COMM
2010-01,KC,0.038461538461538464,COMM
2010-01,LB,0.038461538461538464,COMM
2010-01,MW,0.038461538461538464,COMM
2010-01,SB,0.038461538461538464,COMM
2010-01,ZA,0.038461538461538464,COMM
2010-01,ZB,0.038461538461538464,COMM
2010-01,ZC,0.038461538461538464,COMM
2010-01,ZF,0.038461538461538464,COMM
2010-01,ZG,0.038461538461538464,COMM
2010-01,ZI,0.038461538461538464,COMM
2010-01,ZK,0.038461538461538464,COMM
2010-01,ZL,0.038461538461538464,COMM
2010-01,ZM,0.038461538461538464,COMM
2010-01,ZN,0.038461538461538464,COMM
2010-01,ZO,0.038461538461538464,COMM
2010-01,ZP,0.038461538461538464,COMM
2010-01,ZR,0.038461538461538464,COMM
2010-01,ZS,0.038461538461538464,COMM
2010-01,ZT,0.038461538461538464,COMM
2010-01,ZU,0.038461538461538464,COMM
2010-01,ZW,0.038461538461538464,COMM
2010-01,ZZ,0.038461538461538464,COMM
2010-02,CC,0.038461538461538464,COMM
2010-02,CT,0.038461538461538464,COMM
2010-02,DA,0.038461538461538464,COMM
2010-02,JO,0.038461538461538464,COMM
2010-02,KC,0.038461538461538464,COMM
2010-02,LB,0.038461538461538464,COMM
2010-02,MW,0.038461538461538464,COMM
2010-02,SB,0.038461538461538464,COMM
2010-02,ZA,0.038461538461538464,COMM
2010-02,ZB,0.038461538461538464,COMM
2010-02,ZC,0.038461538461538464,COMM
2010-02,ZF,0.038461538461538464,COMM
2010-02,ZG,0.038461538461538464,COMM
2010-02,ZI,0.038461538461538464,COMM
2010-02,ZK,0.038461538461538464,COMM
2010-02,ZL,0.038461538461538464,COMM
2010-02,ZM,0.038461538461538464,COMM
2010-02,ZN,0.038461538461538464,COMM
2010-02,ZO,0.038461538461538464,COMM
2010-02,ZP,0.038461538461538464,COMM
2010-02,ZR,0.038461538461538464,COMM
2010-02,ZS,0.038461538461538464,COMM
2010-02,ZT,0.038461538461538464,COMM
2010-02,ZU,0.038461538461538464,COMM
2010-02,ZW,0.038461538461538464,COMM
2010-02,ZZ,0.038461538461538464,COMM
2010-03,CC,0.038461538461538464,COMM
2010-03,CT,0.038461538461538464,COMM
2010-03,DA,0.038461538461538464,COMM
2010-03,JO,0.038461538461538464,COMM
2010-03,KC,0.038461538461538464,COMM
2010-03,LB,0.038461538461538464,COMM
2010-03,MW,0.038461538461538464,COMM
2010-03,SB,0.038461538461538464,COMM
2010-03,ZA,0.038461538461538464,COMM
2010-03,ZB,0.038461538461538464,COMM
2010-03,ZC,0.038461538461538464,COMM
2010-03,ZF,0.038461538461538464,COMM
2010-03,ZG,0.038461538461538464,COMM
2010-03,ZI,0.038461538461538464,COMM
2010-03,ZK,0.038461538461538464,COMM
2010-03,ZL,0.038461538461538464,COMM
2010-03,ZM,0.038461538461538464,COMM
2010-03,ZN,0.038461538461538464,COMM
2010-03,ZO,0.038461538461538464,COMM
2010-03,ZP,0.038461538461538464,COMM
2010-03,ZR,0.038461538461538464,COMM
2010-03,ZS,0.038461538461538464,COMM
2010-03,ZT,0.038461538461538464,COMM
2010-03,ZU,0.038461538461538464,COMM
2010-03,ZW,0.038461538461538464,COMM
2010-03,ZZ,0.038461538461538464,COMM
2010-04,CC,0.038461538461538464,COMM
2010-04,CT,0.038461538461538464,COMM
2010-04,DA,0.038461538461538464,COMM
2010-04,JO,0.038461538461538464,COMM
2010-04,KC,0.038461538461538464,COMM
2010-04,LB,0.038461538461538464,COMM
2010-04,MW,0.038461538461538464,COMM
2010-04,SB,0.038461538461538464,COMM
2010-04,ZA,0.038461538461538464,COMM
2010-04,ZB,0.038461538461538464,COMM
2010-04,ZC,0.038461538461538464,COMM
2010-04,ZF,0.038461538461538464,COMM
2010-04,ZG,0.038461538461538464,COMM
2010-04,ZI,0.038461538461538464,COMM
2010-04,ZK,0.038461538461538464,COMM
2010-04,ZL,0.038461538461538464,COMM
2010-04,ZM,0.038461538461538464,COMM
2010-04,ZN,0.038461538461538464,COMM
2010-04,ZO,0.038461538461538464,COMM
2010-04,ZP,0.038461538461538464,COMM
2010-04,ZR,0.038461538461538464,COMM
2010-04,ZS,0.038461538461538464,COMM
2010-04,ZT,0.038461538461538464,COMM
2010-04,ZU,0.038461538461538464,COMM
2010-04,ZW,0.038461538461538464,COMM
2010-04,ZZ,0.038461538461538464,COMM
2010-05,CC,0.038461538461538464,COMM
2010-05,CT,0.038461538461538464,COMM
2010-05,DA,0.038461538461538464,COMM
2010-05,JO,0.038461538461538464,COMM
2010-05,KC,0.038461538461538464,COMM
2010-05,LB,0.038461538461538464,COMM
2010-05,MW,0.038461538461538464,COMM
2010-05,SB,0.038461538461538464,COMM
2010-05,ZA,0.038461538461538464,COMM
2010-05,ZB,0.038461538461538464,COMM
2010-05,ZC,0.038461538461538464,COMM
2010-05,ZF,0.038461538461538464,COMM
2010-05,ZG,0.038461538461538464,COMM
2010-05,ZI,0.038461538461538464,COMM
2010-05,ZK,0.038461538461538464,COMM
2010-05,ZL,0.038461538461538464,COMM
2010-05,ZM,0.038461538461538464,COMM
2010-05,ZN,0.038461538461538464,COMM
2010-05,ZO,0.038461538461538464,COMM
2010-05,ZP,0.038461538461538464,COMM
2010-05,ZR,0.038461538461538464,COMM
2010-05,ZS,0.038461538461538464,COMM
2010-05,ZT,0.038461538461538464,COMM
2010-05,ZU,0.038461538461538464,COMM
2010-05,ZW,0.038461538461538464,COMM
2010-05,ZZ,0.038461538461538464,COMM
2010-06,CC,0.038461538461538464,COMM
2010-06,CT,0.038461538461538464,COMM
2010-06,DA,0.038461538461538464,COMM
2010-06,JO,0.038461538461538464,COMM
2010-06,KC,0.038461538461538464,COMM
2010-06,LB,0.038461538461538464,COMM
2010-06,MW,0.038461538461538464,COMM
2010-06,SB,0.038461538461538464,COMM
2010-06,ZA,0.038461538461538464,COMM
2010-06,ZB,0.038461538461538464,COMM
2010-06,ZC,0.038461538461538464,COMM
2010-06,ZF,0.038461538461538464,COMM
2010-06,ZG,0.038461538461538464,COMM
2010-06,ZI,0.038461538461538464,COMM
2010-06,ZK,0.038461538461538464,COMM
2010-06,ZL,0.038461538461538464,COMM
2010-06,ZM,0.038461538461538464,COMM
2010-06,ZN,0.038461538461538464,COMM
2010-06,ZO,0.038461538461538464,COMM
2010-06,ZP,0.038461538461538464,COMM
2010-06,ZR,0.038461538461538464,COMM
2010-06,ZS,0.038461538461538464,COMM
2010-06,ZT,0.038461538461538464,COMM
2010-06,ZU,0.038461538461538464,COMM
2010-06,ZW,0.038461538461538464,COMM
2010-06,ZZ,0.038461538461538464,COMM
2010-07,CC,0.038461538461538464,COMM
2010-07,CT,0.038461538461538464,COMM
2010-07,DA,0.038461538461538464,COMM
2010-07,JO,0.038461538461538464,COMM
2010-07,KC,0.038461538461538464,COMM
2010-07,LB,0.038461538461538464,COMM
2010-07,MW,0.038461538461538464,COMM
2010-07,SB,0.038461538461538464,COMM
2010-07,ZA,0.038461538461538464,COMM
2010-07,ZB,0.038461538461538464,COMM
2010-07,ZC,0.038461538461538464,COMM
2010-07,ZF,0.038461538461538464,COMM
2010-07,ZG,0.038461538461538464,COMM
2010-07,ZI,0.038461538461538464,COMM
2010-07,ZK,0.038461538461538464,COMM
2010-07,ZL,0.038461538461538464,COMM
2010-07,ZM,0.038461538461538464,COMM
2010-07,ZN,0.038461538461538464,COMM
2010-07,ZO,0.038461538461538464,COMM
2010-07,ZP,0.038461538461538464,COMM
2010-07,ZR,0.038461538461538464,COMM
2010-07,ZS,0.038461538461538464,COMM
2010-07,ZT,0.038461538461538464,COMM
2010-07,ZU,0.038461538461538464,COMM
2010-07,ZW,0.038461538461538464,COMM
2010-07,ZZ,0.038461538461538464,COMM
2010-08,CC,0.038461538461538464,COMM
2010-08,CT,0.038461538461538464,COMM
2010-08,DA,0.038461538461538464,COMM
2010-08,JO,0.038461538461538464,COMM
2010-08,KC,0.038461538461538464,COMM
2010-08,LB,0.038461538461538464,COMM
2010-08,MW,0.038461538461538464,COMM
2010-08,SB,0.038461538461538464,COMM
2010-08,ZA,0.038461538461538464,COMM
2010-08,ZB,0.038461538461538464,COMM
2010-08,ZC,0.038461538461538464,COMM
2010-08,ZF,0.038461538461538464,COMM
2010-08,ZG,0.038461538461538464,COMM
2010-08,ZI,0.038461538461538464,COMM
2010-08,ZK,0.038461538461538464,COMM
2010-08,ZL,0.038461538461538464,COMM
2010-08,ZM,0.038461538461538464,COMM
2010-08,ZN,0.038461538461538464,COMM
2010-08,ZO,0.038461538461538464,COMM
2010-08,ZP,0.038461538461538464,COMM
2010-08,ZR,0.038461538461538464,COMM
2010-08,ZS,0.038461538461538464,COMM
2010-08,ZT,0.038461538461538464,COMM
2010-08,ZU,0.038461538461538464,COMM
2010-08,ZW,0.038461538461538464,COMM
2010-08,ZZ,0.038461538461538464,COMM
2010-09,CC,0.038461538461538464,COMM
2010-09,CT,0.038461538461538464,COMM
2010-09,DA,0.038461538461538464,COMM
2010-09,JO,0.038461538461538464,COMM
2010-09,KC,0.038461538461538464,COMM
2010-09,LB,0.038461538461538464,COMM
2010-09,MW,0.038461538461538464,COMM
2010-09,SB,0.038461538461538464,COMM
2010-09,ZA,0.038461538461538464,COMM
2010-09,ZB,0.038461538461538464,COMM
2010-09,ZC,0.038461538461538464,COMM
2010-09,ZF,0.038461538461538464,COMM
2010-09,ZG,0.038461538461538464,COMM
2010-09,ZI,0.038461538461538464,COMM
2010-09,ZK,0.038461538461538464,COMM
2010-09,ZL,0.038461538461538464,COMM
2010-09,ZM,0.038461538461538464,COMM
2010-09,ZN,0.038461538461538464,COMM
2010-09,ZO,0.038461538461538464,COMM
2010-09,ZP,0.038461538461538464,COMM
2010-09,ZR,0.038461538461538464,COMM
2010-09,ZS,0.038461538461538464,COMM
2010-09,ZT,0.038461538461538464,COMM
2010-09,ZU,0.038461538461538464,COMM
2010-09,ZW,0.038461538461538464,COMM
2010-09,ZZ,0.038461538461538464,COMM
2010-10,CC,0.038461538461538464,COMM
2010-10,CT,0.038461538461538464,COMM
2010-10,DA,0.038461538461538464,COMM
2010-10,JO,0.038461538461538464,COMM
2010-10,KC,0.038461538461538464,COMM
2010-10,LB,0.038461538461538464,COMM
2010-10,MW,0.038461538461538464,COMM
2010-10,SB,0.038461538461538464,COMM
2010-10,ZA,0.038461538461538464,COMM
2010-10,ZB,0.038461538461538464,COMM
2010-10,ZC,0.038461538461538464,COMM
2010-10,ZF,0.038461538461538464,COMM
2010-10,ZG,0.038461538461538464,COMM
2010-10,ZI,0.038461538461538464,COMM
2010-10,ZK,0.038461538461538464,COMM
2010-10,ZL,0.038461538461538464,COMM
2010-10,ZM,0.038461538461538464,COMM
2010-10,ZN,0.038461538461538464,COMM
2010-10,ZO,0.038461538461538464,COMM
2010-10,ZP,0.038461538461538464,COMM
2010-10,ZR,0.038461538461538464,COMM
2010-10,ZS,0.038461538461538464,COMM
2010-10,ZT,0.038461538461538464,COMM
2010-10,ZU,0.038461538461538464,COMM
2010-10,ZW,0.038461538461538464,COMM
2010-10,ZZ,0.038461538461538464,COMM
2010-11,CC,0.038461538461538464,COMM
2010-11,CT,0.038461538461538464,COMM
2010-11,DA,0.038461538461538464,COMM
2010-11,JO,0.038461538461538464,COMM
2010-11,KC,0.038461538461538464,COMM
2010-11,LB,0.038461538461538464,COMM
2010-11,MW,0.038461538461538464,COMM
2010-11,SB,0.038461538461538464,COMM
2010-11,ZA,0.038461538461538464,COMM
2010-11,ZB,0.038461538461538464,COMM
2010-11,ZC,0.038461538461538464,COMM
2010-11,ZF,0.038461538461538464,COMM
2010-11,ZG,0.038461538461538464,COMM
2010-11,ZI,0.038461538461538464,COMM
2010-11,ZK,0.038461538461538464,COMM
2010-11,ZL,0.038461538461538464,COMM
2010-11,ZM,0.038461538461538464,COMM
2010-11,ZN,0.038461538461538464,COMM
2010-11,ZO,0.038461538461538464,COMM
2010-11,ZP,0.038461538461538464,COMM
2010-11,ZR,0.038461538461538464,COMM
2010-11,ZS,0.038461538461538464,COMM
2010-11,ZT,0.038461538461538464,COMM
2010-11,ZU,0.038461538461538464,COMM
2010-11,ZW,0.038461538461538464,COMM
2010-11,ZZ,0.038461538461538464,COMM
2010-12,CC,0.038461538461538464,COMM
2010-12,CT,0.038461538461538464,COMM
2010-12,DA,0.038461538461538464,COMM
2010-12,JO,0.038461538461538464,COMM
2010-12,KC,0.038461538461538464,COMM
2010-12,LB,0.038461538461538464,COMM
2010-12,MW,0.038461538461538464,COMM
2010-12,SB,0.038461538461538464,COMM
2010-12,ZA,0.038461538461538464,COMM
2010-12,ZB,0.038461538461538464,COMM
2010-12,ZC,0.038461538461538464,COMM
2010-12,ZF,0.038461538461538464,COMM
2010-12,ZG,0.038461538461538464,COMM
2010-12,ZI,0.038461538461538464,COMM
2010-12,ZK,0.038461538461538464,COMM
2010-12,ZL,0.038461538461538464,COMM
2010-12,ZM,0.038461538461538464,COMM
2010-12,ZN,0.038461538461538464,COMM
2010-12,ZO,0.038461538461538464,COMM
2010-12,ZP,0.038461538461538464,COMM
2010-12,ZR,0.038461538461538464,COMM
2010-12,ZS,0.038461538461538464,COMM
2010-12,ZT,0.038461538461538464,COMM
2010-12,ZU,0.038461538461538464,COMM
2010-12,ZW,0.038461538461538464,COMM
2010-12,ZZ,0.038461538461538464,COMM
2011-01,CC,0.038461538461538464,COMM
2011-01,CT,0.038461538461538464,COMM
2011-01,DA,0.038461538461538464,COMM
2011-01,JO,0.038461538461538464,COMM
2011-01,KC,0.038461538461538464,COMM
2011-01,LB,0.038461538461538464,COMM
2011-01,MW,0.038461538461538464,COMM
2011-01,SB,0.038461538461538464,COMM
2011-01,ZA,0.038461538461538464,COMM
2011-01,ZB,0.038461538461538464,COMM
2011-01,ZC,0.038461538461538464,COMM
2011-01,ZF,0.038461538461538464,COMM
2011-01,ZG,0.038461538461538464,COMM
2011-01,ZI,0.038461538461538464,COMM
2011-01,ZK,0.038461538461538464,COMM
2011-01,ZL,0.038461538461538464,COMM
2011-01,ZM,0.038461538461538464,COMM
2011-01,ZN,0.038461538461538464,COMM
2011-01,ZO,0.038461538461538464,COMM
2011-01,ZP,0.038461538461538464,COMM
2011-01,ZR,0.038461538461538464,COMM
2011-01,ZS,0.038461538461538464,COMM
2011-01,ZT,0.038461538461538464,COMM
2011-01,ZU,0.038461538461538464,COMM
2011-01,ZW,0.038461538461538464,COMM
2011-01,ZZ,0.038461538461538464,COMM
2011-02,CC,0.038461538461538464,COMM
2011-02,CT,0.038461538461538464,COMM
2011-02,DA,0.038461538461538464,COMM
2011-02,JO,0.038461538461538464,COMM
2011-02,KC,0.038461538461538464,COMM
2011-02,LB,0.038461538461538464,COMM
2011-02,MW,0.038461538461538464,COMM
2011-02,SB,0.038461538461538464,COMM
2011-02,ZA,0.038461538461538464,COMM
2011-02,ZB,0.038461538461538464,COMM
2011-02,ZC,0.038461538461538464,COMM
2011-02,ZF,0.038461538461538464,COMM
2011-02,ZG,0.038461538461538464,COMM
2011-02,ZI,0.038461538461538464,COMM
2011-02,ZK,0.038461538461538464,COMM
2011-02,ZL,0.038461538461538464,COMM
2011-02,ZM,0.038461538461538464,COMM
2011-02,ZN,0.038461538461538464,COMM
2011-02,ZO,0.038461538461538464,COMM
2011-02,ZP,0.038461538461538464,COMM
2011-02,ZR,0.038461538461538464,COMM
2011-02,ZS,0.038461538461538464,COMM
2011-02,ZT,0.038461538461538464,COMM
2011-02,ZU,0.038461538461538464,COMM
2011-02,ZW,0.038461538461538464,COMM
2011-02,ZZ,0.038461538461538464,COMM
2011-03,CC,0.038461538461538464,COMM
2011-03,CT,0.038461538461538464,COMM
2011-03,DA,0.038461538461538464,COMM
2011-03,JO,0.038461538461538464,COMM
2011-03,KC,0.038461538461538464,COMM
2011-03,LB,0.038461538461538464,COMM
2011-03,MW,0.038461538461538464,COMM
2011-03,SB,0.038461538461538464,COMM
2011-03,ZA,0.038461538461538464,COMM
2011-03,ZB,0.038461538461538464,COMM
2011-03,ZC,0.038461538461538464,COMM
2011-03,ZF,0.038461538461538464,COMM
2011-03,ZG,0.038461538461538464,COMM
2011-03,ZI,0.038461538461538464,COMM
2011-03,ZK,0.038461538461538464,COMM
2011-03,ZL,0.038461538461538464,COMM
2011-03,ZM,0.038461538461538464,COMM
2011-03,ZN,0.038461538461538464,COMM
2011-03,ZO,0.038461538461538464,COMM
2011-03,ZP,0.038461538461538464,COMM
2011-03,ZR,0.038461538461538464,COMM
2011-03,ZS,0.038461538461538464,COMM
2011-03,ZT,0.038461538461538464,COMM
2011-03,ZU,0.038461538461538464,COMM
2011-03,ZW,0.038461538461538464,COMM
2011-03,ZZ,0.038461538461538464,COMM
2011-04,CC,0.038461538461538464,COMM
2011-04,CT,0.038461538461538464,COMM
2011-04,DA,0.038461538461538464,COMM
2011-04,JO,0.038461538461538464,COMM
2011-04,KC,0.038461538461538464,COMM
2011-04,LB,0.038461538461538464,COMM
2011-04,MW,0.038461538461538464,COMM
2011-04,SB,0.038461538461538464,COMM
2011-04,ZA,0.038461538461538464,COMM
2011-04,ZB,0.038461538461538464,COMM
2011-04,ZC,0.038461538461538464,COMM
2011-04,ZF,0.038461538461538464,COMM
2011-04,ZG,0.038461538461538464,COMM
2011-04,ZI,0.038461538461538464,COMM
2011-04,ZK,0.038461538461538464,COMM
2011-04,ZL,0.038461538461538464,COMM
2011-04,ZM,0.038461538461538464,COMM
2011-04,ZN,0.038461538461538464,COMM
2011-04,ZO,0.038461538461538464,COMM
2011-04,ZP,0.038461538461538464,COMM
2011-04,ZR,0.038461538461538464,COMM
2011-04,ZS,0.038461538461538464,COMM
2011-04,ZT,0.038461538461538464,COMM
2011-04,ZU,0.038461538461538464,COMM
2011-04,ZW,0.038461538461538464,COMM
2011-04,ZZ,0.038461538461538464,COMM
2011-05,CC,0.038461538461538464,COMM
2011-05,CT,0.038461538461538464,COMM
2011-05,DA,0.038461538461538464,COMM
2011-05,JO,0.038461538461538464,COMM
2011-05,KC,0.038461538461538464,COMM
2011-05,LB,0.038461538461538464,COMM
2011-05,MW,0.038461538461538464,COMM
2011-05,SB,0.038461538461538464,COMM
2011-05,ZA,0.038461538461538464,COMM
2011-05,ZB,0.038461538461538464,COMM
2011-05,ZC,0.038461538461538464,COMM
2011-05,ZF,0.038461538461538464,COMM
2011-05,ZG,0.038461538461538464,COMM
2011-05,ZI,0.038461538461538464,COMM
2011-05,ZK,0.038461538461538464,COMM
2011-05,ZL,0.038461538461538464,COMM
2011-05,ZM,0.038461538461538464,COMM
2011-05,ZN,0.038461538461538464,COMM
2011-05,ZO,0.038461538461538464,COMM
2011-05,ZP,0.038461538461538464,COMM
2011-05,ZR,0.038461538461538464,COMM
2011-05,ZS,0.038461538461538464,COMM
2011-05,ZT,0.038461538461538464,COMM
2011-05,ZU,0.038461538461538464,COMM
2011-05,ZW,0.038461538461538464,COMM
2011-05,ZZ,0.038461538461538464,COMM
2011-06,CC,0.038461538461538464,COMM
2011-06,CT,0.038461538461538464,COMM
2011-06,DA,0.038461538461538464,COMM
2011-06,JO,0.038461538461538464,COMM
2011-06,KC,0.038461538461538464,COMM
2011-06,LB,0.038461538461538464,COMM
2011-06,MW,0.038461538461538464,COMM
2011-06,SB,0.038461538461538464,COMM
2011-06,ZA,0.038461538461538464,COMM
2011-06,ZB,0.038461538461538464,COMM
2011-06,ZC,0.038461538461538464,COMM
2011-06,ZF,0.038461538461538464,COMM
2011-06,ZG,0.038461538461538464,COMM
2011-06,ZI,0.038461538461538464,COMM
2011-06,ZK,0.038461538461538464,COMM
2011-06,ZL,0.038461538461538464,COMM
2011-06,ZM,0.038461538461538464,COMM
2011-06,ZN,0.038461538461538464,COMM
2011-06,ZO,0.038461538461538464,COMM
2011-06,ZP,0.038461538461538464,COMM
2011-06,ZR,0.038461538461538464,COMM
2011-06,ZS,0.038461538461538464,COMM
2011-06,ZT,0.038461538461538464,COMM
2011-06,ZU,0.038461538461538464,COMM
2011-06,ZW,0.038461538461538464,COMM
2011-06,ZZ,0.038461538461538464,COMM
2011-07,CC,0.038461538461538464,COMM
2011-07,CT,0.038461538461538464,COMM
2011-07,DA,0.038461538461538464,COMM
2011-07,JO,0.038461538461538464,COMM
2011-07,KC,0.038461538461538464,COMM
2011-07,LB,0.038461538461538464,COMM
2011-07,MW,0.038461538461538464,COMM
2011-07,SB,0.038461538461538464,COMM
2011-07,ZA,0.038461538461538464,COMM
2011-07,ZB,0.038461538461538464,COMM
2011-07,ZC,0.038461538461538464,COMM
2011-07,ZF,0.038461538461538464,COMM
2011-07,ZG,0.038461538461538464,COMM
2011-07,ZI,0.038461538461538464,COMM
2011-07,ZK,0.038461538461538464,COMM
2011-07,ZL,0.038461538461538464,COMM
2011-07,ZM,0.038461538461538464,COMM
2011-07,ZN,0.038461538461538464,COMM
2011-07,ZO,0.038461538461538464,COMM
2011-07,ZP,0.038461538461538464,COMM
2011-07,ZR,0.038461538461538464,COMM
2011-07,ZS,0.038461538461538464,COMM
2011-07,ZT,0.038461538461538464,COMM
2011-07,ZU,0.038461538461538464,COMM
2011-07,ZW,0.038461538461538464,COMM
2011-07,ZZ,0.038461538461538464,COMM
2011-08,CC,0.038461538461538464,COMM
2011-08,CT,0.038461538461538464,COMM
2011-08,DA,0.038461538461538464,COMM
2011-08,JO,0.038461538461538464,COMM
2011-08,KC,0.038461538461538464,COMM
2011-08,LB,0.038461538461538464,COMM
2011-08,MW,0.038461538461538464,COMM
2011-08,SB,0.038461538461538464,COMM
2011-08,ZA,0.038461538461538464,COMM
2011-08,ZB,0.038461538461538464,COMM
2011-08,ZC,0.038461538461538464,COMM
2011-08,ZF,0.038461538461538464,COMM
2011-08,ZG,0.038461538461538464,COMM
2011-08,ZI,0.038461538461538464,COMM
2011-08,ZK,0.038461538461538464,COMM
2011-08,ZL,0.038461538461538464,COMM
2011-08,ZM,0.038461538461538464,COMM
2011-08,ZN,0.038461538461538464,COMM
2011-08,ZO,0.038461538461538464,COMM
2011-08,ZP,0.038461538461538464,COMM
2011-08,ZR,0.038461538461538464,COMM
2011-08,ZS,0.038461538461538464,COMM
2011-08,ZT,0.038461538461538464,COMM
2011-08,ZU,0.038461538461538464,COMM
2011-08,ZW,0.038461538461538464,COMM
2011-08,ZZ,0.038461538461538464,COMM
2011-09,CC,0.038461538461538464,COMM
2011-09,CT,0.038461538461538464,COMM
2011-09,DA,0.038461538461538464,COMM
2011-09,JO,0.038461538461538464,COMM
2011-09,KC,0.038461538461538464,COMM
2011-09,LB,0.038461538461538464,COMM
2011-09,MW,0.038461538461538464,COMM
2011-09,SB,0.038461538461538464,COMM
2011-09,ZA,0.038461538461538464,COMM
2011-09,ZB,0.038461538461538464,COMM
2011-09,ZC,0.038461538461538464,COMM
2011-09,ZF,0.038461538461538464,COMM
2011-09,ZG,0.038461538461538464,COMM
2011-09,ZI,0.038461538461538464,COMM
2011-09,ZK,0.038461538461538464,COMM
2011-09,ZL,0.038461538461538464,COMM
2011-09,ZM,0.038461538461538464,COMM
2011-09,ZN,0.038461538461538464,COMM
2011-09,ZO,0.038461538461538464,COMM
2011-09,ZP,0.038461538461538464,COMM
2011-09,ZR,0.038461538461538464,COMM
2011-09,ZS,0.038461538461538464,COMM
2011-09,ZT,0.038461538461538464,COMM
2011-09,ZU,0.038461538461538464,COMM
2011-09,ZW,0.038461538461538464,COMM
2011-09,ZZ,0.038461538461538464,COMM
2011-10,CC,0.038461538461538464,COMM
2011-10,CT,0.038461538461538464,COMM
2011-10,DA,0.038461538461538464,COMM
2011-10,JO,0.038461538461538464,COMM
2011-10,KC,0.038461538461538464,COMM
2011-10,LB,0.038461538461538464,COMM
2011-10,MW,0.038461538461538464,COMM
2011-10,SB,0.038461538461538464,COMM
2011-10,ZA,0.038461538461538464,COMM
2011-10,ZB,0.038461538461538464,COMM
2011-10,ZC,0.038461538461538464,COMM
2011-10,ZF,0.038461538461538464,COMM
2011-10,ZG,0.038461538461538464,COMM
2011-10,ZI,0.038461538461538464,COMM
2011-10,ZK,0.038461538461538464,COMM
2011-10,ZL,0.038461538461538464,COMM
2011-10,ZM,0.038461538461538464,COMM
2011-10,ZN,0.038461538461538464,COMM
2011-10,ZO,0.038461538461538464,COMM
2011-10,ZP,0.038461538461538464,COMM
2011-10,ZR,0.038461538461538464,COMM
2011-10,ZS,0.038461538461538464,COMM
2011-10,ZT,0.038461538461538464,COMM
2011-10,ZU,0.038461538461538464,COMM
2011-10,ZW,0.038461538461538464,COMM
2011-10,ZZ,0.038461538461538464,COMM
2011-11,CC,0.038461538461538464,COMM
2011-11,CT,0.038461538461538464,COMM
2011-11,DA,0.038461538461538464,COMM
2011-11,JO,0.038461538461538464,COMM
2011-11,KC,0.038461538461538464,COMM
2011-11,LB,0.038461538461538464,COMM
2011-11,MW,0.038461538461538464,COMM
2011-11,SB,0.038461538461538464,COMM
2011-11,ZA,0.038461538461538464,COMM
2011-11,ZB,0.038461538461538464,COMM
2011-11,ZC,0.038461538461538464,COMM
2011-11,ZF,0.038461538461538464,COMM
2011-11,ZG,0.038461538461538464,COMM
2011-11,ZI,0.038461538461538464,COMM
2011-11,ZK,0.038461538461538464,COMM
2011-11,ZL,0.038461538461538464,COMM
2011-11,ZM,0.038461538461538464,COMM
2011-11,ZN,0.038461538461538464,COMM
2011-11,ZO,0.038461538461538464,COMM
2011-11,ZP,0.038461538461538464,COMM
2011-11,ZR,0.038461538461538464,COMM
2011-11,ZS,0.038461538461538464,COMM
2011-11,ZT,0.038461538461538464,COMM
2011-11,ZU,0.038461538461538464,COMM
2011-11,ZW,0.038461538461538464,COMM
2011-11,ZZ,0.038461538461538464,COMM
2011-12,CC,0.038461538461538464,COMM
2011-12,CT,0.038461538461538464,COMM
2011-12,DA,0.038461538461538464,COMM
2011-12,JO,0.038461538461538464,COMM
2011-12,KC,0.038461538461538464,COMM
2011-12,LB,0.038461538461538464,COMM
2011-12,MW,0.038461538461538464,COMM
2011-12,SB,0.038461538461538464,COMM
2011-12,ZA,0.038461538461538464,COMM
2011-12,ZB,0.038461538461538464,COMM
2011-12,ZC,0.038461538461538464,COMM
2011-12,ZF,0.038461538461538464,COMM
2011-12,ZG,0.038461538461538464,COMM
2011-12,ZI,0.038461538461538464,COMM
2011-12,ZK,0.038461538461538464,COMM
2011-12,ZL,0.038461538461538464,COMM
2011-12,ZM,0.038461538461538464,COMM
2011-12,ZN,0.038461538461538464,COMM
2011-12,ZO,0.038461538461538464,COMM
2011-12,ZP,0.038461538461538464,COMM
2011-12,ZR,0.038461538461538464,COMM
2011-12,ZS,0.038461538461538464,COMM
2011-12,ZT,0.038461538461538464,COMM
2011-12,ZU,0.038461538461538464,COMM
2011-12,ZW,0.038461538461538464,COMM
2011-12,ZZ,0.038461538461538464,COMM
2012-01,CC,0.038461538461538464,COMM
2012-01,CT,0.038461538461538464,COMM
2012-01,DA,0.038461538461538464,COMM
2012-01,JO,0.038461538461538464,COMM
2012-01,KC,0.038461538461538464,COMM
2012-01,LB,0.038461538461538464,COMM
2012-01,MW,0.038461538461538464,COMM
2012-01,SB,0.038461538461538464,COMM
2012-01,ZA,0.038461538461538464,COMM
2012-01,ZB,0.038461538461538464,COMM
2012-01,ZC,0.038461538461538464,COMM
2012-01,ZF,0.038461538461538464,COMM
2012-01,ZG,0.038461538461538464,COMM
2012-01,ZI,0.038461538461538464,COMM
2012-01,ZK,0.038461538461538464,COMM
2012-01,ZL,0.038461538461538464,COMM
2012-01,ZM,0.038461538461538464,COMM
2012-01,ZN,0.038461538461538464,COMM
2012-01,ZO,0.038461538461538464,COMM
2012-01,ZP,0.038461538461538464,COMM
2012-01,ZR,0.038461538461538464,COMM
2012-01,ZS,0.038461538461538464,COMM
2012-01,ZT,0.038461538461538464,COMM
2012-01,ZU,0.038461538461538464,COMM
2012-01,ZW,0.038461538461538464,COMM
2012-01,ZZ,0.038461538461538464,COMM
2012-02,CC,0.038461538461538464,COMM
2012-02,CT,0.038461538461538464,COMM
2012-02,DA,0.038461538461538464,COMM
2012-02,JO,0.038461538461538464,COMM
2012-02,KC,0.038461538461538464,COMM
2012-02,LB,0.038461538461538464,COMM
2012-02,MW,0.038461538461538464,COMM
2012-02,SB,0.038461538461538464,COMM
2012-02,ZA,0.038461538461538464,COMM
2012-02,ZB,0.038461538461538464,COMM
2012-02,ZC,0.038461538461538464,COMM
2012-02,ZF,0.038461538461538464,COMM
2012-02,ZG,0.038461538461538464,COMM
2012-02,ZI,0.038461538461538464,COMM
2012-02,ZK,0.038461538461538464,COMM
2012-02,ZL,0.038461538461538464,COMM
2012-02,ZM,0.038461538461538464,COMM
2012-02,ZN,0.038461538461538464,COMM
2012-02,ZO,0.038461538461538464,COMM
2012-02,ZP,0.038461538461538464,COMM
2012-02,ZR,0.038461538461538464,COMM
2012-02,ZS,0.038461538461538464,COMM
2012-02,ZT,0.038461538461538464,COMM
2012-02,ZU,0.038461538461538464,COMM
2012-02,ZW,0.038461538461538464,COMM
2012-02,ZZ,0.038461538461538464,COMM
2012-03,CC,0.038461538461538464,COMM
2012-03,CT,0.038461538461538464,COMM
2012-03,DA,0.038461538461538464,COMM
2012-03,JO,0.038461538461538464,COMM
2012-03,KC,0.038461538461538464,COMM
2012-03,LB,0.038461538461538464,COMM
2012-03,MW,0.038461538461538464,COMM
2012-03,SB,0.038461538461538464,COMM
2012-03,ZA,0.038461538461538464,COMM
2012-03,ZB,0.038461538461538464,COMM
2012-03,ZC,0.038461538461538464,COMM
2012-03,ZF,0.038461538461538464,COMM
2012-03,ZG,0.038461538461538464,COMM
2012-03,ZI,0.038461538461538464,COMM
2012-03,ZK,0.038461538461538464,COMM
2012-03,ZL,0.038461538461538464,COMM
2012-03,ZM,0.038461538461538464,COMM
2012-03,ZN,0.038461538461538464,COMM
2012-03,ZO,0.038461538461538464,COMM
2012-03,ZP,0.038461538461538464,COMM
2012-03,ZR,0.038461538461538464,COMM
2012-03,ZS,0.038461538461538464,COMM
2012-03,ZT,0.038461538461538464,COMM
2012-03,ZU,0.038461538461538464,COMM
2012-03,ZW,0.038461538461538464,COMM
2012-03,ZZ,0.038461538461538464,COMM
2012-04,CC,0.038461538461538464,COMM
2012-04,CT,0.038461538461538464,COMM
2012-04,DA,0.038461538461538464,COMM
2012-04,JO,0.038461538461538464,COMM
2012-04,KC,0.038461538461538464,COMM
2012-04,LB,0.038461538461538464,COMM
2012-04,MW,0.038461538461538464,COMM
2012-04,SB,0.038461538461538464,COMM
2012-04,ZA,0.038461538461538464,COMM
2012-04,ZB,0.038461538461538464,COMM
2012-04,ZC,0.038461538461538464,COMM
2012-04,ZF,0.038461538461538464,COMM
2012-04,ZG,0.038461538461538464,COMM
2012-04,ZI,0.038461538461538464,COMM
2012-04,ZK,0.038461538461538464,COMM
2012-04,ZL,0.038461538461538464,COMM
2012-04,ZM,0.038461538461538464,COMM
2012-04,ZN,0.038461538461538464,COMM
2012-04,ZO,0.038461538461538464,COMM
2012-04,ZP,0.038461538461538464,COMM
2012-04,ZR,0.038461538461538464,COMM
2012-04,ZS,0.038461538461538464,COMM
2012-04,ZT,0.038461538461538464,COMM
2012-04,ZU,0.038461538461538464,COMM
2012-04,ZW,0.038461538461538464,COMM
2012-04,ZZ,0.038461538461538464,COMM
2012-05,CC,0.038461538461538464,COMM
2012-05,CT,0.038461538461538464,COMM
2012-05,DA,0.038461538461538464,COMM
2012-05,JO,0.038461538461538464,COMM
2012-05,KC,0.038461538461538464,COMM
2012-05,LB,0.038461538461538464,COMM
2012-05,MW,0.038461538461538464,COMM
2012-05,SB,0.038461538461538464,COMM
2012-05,ZA,0.038461538461538464,COMM
2012-05,ZB,0.038461538461538464,COMM
2012-05,ZC,0.038461538461538464,COMM
2012-05,ZF,0.038461538461538464,COMM
2012-05,ZG,0.038461538461538464,COMM
2012-05,ZI,0.038461538461538464,COMM
2012-05,ZK,0.038461538461538464,COMM
2012-05,ZL,0.038461538461538464,COMM
2012-05,ZM,0.038461538461538464,COMM
2012-05,ZN,0.038461538461538464,COMM
2012-05,ZO,0.038461538461538464,COMM
2012-05,ZP,0.038461538461538464,COMM
2012-05,ZR,0.038461538461538464,COMM
2012-05,ZS,0.038461538461538464,COMM
2012-05,ZT,0.038461538461538464,COMM
2012-05,ZU,0.038461538461538464,COMM
2012-05,ZW,0.038461538461538464,COMM
2012-05,ZZ,0.038461538461538464,COMM
2012-06,CC,0.038461538461538464,COMM
2012-06,CT,0.038461538461538464,COMM
2012-06,DA,0.038461538461538464,COMM
2012-06,JO,0.038461538461538464,COMM
2012-06,KC,0.038461538461538464,COMM
2012-06,LB,0.038461538461538464,COMM
2012-06,MW,0.038461538461538464,COMM
2012-06,SB,0.038461538461538464,COMM
2012-06,ZA,0.038461538461538464,COMM
2012-06,ZB,0.038461538461538464,COMM
2012-06,ZC,0.038461538461538464,COMM
2012-06,ZF,0.038461538461538464,COMM
2012-06,ZG,0.038461538461538464,COMM
2012-06,ZI,0.038461538461538464,COMM
2012-06,ZK,0.038461538461538464,COMM
2012-06,ZL,0.038461538461538464,COMM
2012-06,ZM,0.038461538461538464,COMM
2012-06,ZN,0.038461538461538464,COMM
2012-06,ZO,0.038461538461538464,COMM
2012-06,ZP,0.038461538461538464,COMM
2012-06,ZR,0.038461538461538464,COMM
2012-06,ZS,0.038461538461538464,COMM
2012-06,ZT,0.038461538461538464,COMM
2012-06,ZU,0.038461538461538464,COMM
2012-06,ZW,0.038461538461538464,COMM
2012-06,ZZ,0.038461538461538464,COMM
2012-07,CC,0.038461538461538464,COMM
2012-07,CT,0.038461538461538464,COMM
2012-07,DA,0.038461538461538464,COMM
2012-07,JO,0.038461538461538464,COMM
2012-07,KC,0.038461538461538464,COMM
2012-07,LB,0.038461538461538464,COMM
2012-07,MW,0.038461538461538464,COMM
2012-07,SB,0.038461538461538464,COMM
2012-07,ZA,0.038461538461538464,COMM
2012-07,ZB,0.038461538461538464,COMM
2012-07,ZC,0.038461538461538464,COMM
2012-07,ZF,0.038461538461538464,COMM
2012-07,ZG,0.038461538461538464,COMM
2012-07,ZI,0.038461538461538464,COMM
2012-07,ZK,0.038461538461538464,COMM
2012-07,ZL,0.038461538461538464,COMM
2012-07,ZM,0.038461538461538464,COMM
2012-07,ZN,0.038461538461538464,COMM
2012-07,ZO,0.038461538461538464,COMM
2012-07,ZP,0.038461538461538464,COMM
2012-07,ZR,0.038461538461538464,COMM
2012-07,ZS,0.038461538461538464,COMM
2012-07,ZT,0.038461538461538464,COMM
2012-07,ZU,0.038461538461538464,COMM
2012-07,ZW,0.038461538461538464,COMM
2012-07,ZZ,0.038461538461538464,COMM
2012-08,CC,0.038461538461538464,COMM
2012-08,CT,0.038461538461538464,COMM
2012-08,DA,0.038461538461538464,COMM
2012-08,JO,0.038461538461538464,COMM
2012-08,KC,0.038461538461538464,COMM
2012-08,LB,0.038461538461538464,COMM
2012-08,MW,0.038461538461538464,COMM
2012-08,SB,0.038461538461538464,COMM
2012-08,ZA,0.038461538461538464,COMM
2012-08,ZB,0.038461538461538464,COMM
2012-08,ZC,0.038461538461538464,COMM
2012-08,ZF,0.038461538461538464,COMM
2012-08,ZG,0.038461538461538464,COMM
2012-08,ZI,0.038461538461538464,COMM
2012-08,ZK,0.038461538461538464,COMM
2012-08,ZL,0.038461538461538464,COMM
2012-08,ZM,0.038461538461538464,COMM
2012-08,ZN,0.038461538461538464,COMM
2012-08,ZO,0.038461538461538464,COMM
2012-08,ZP,0.038461538461538464,COMM
2012-08,ZR,0.038461538461538464,COMM
2012-08,ZS,0.038461538461538464,COMM
2012-08,ZT,0.038461538461538464,COMM
2012-08,ZU,0.038461538461538464,COMM
2012-08,ZW,0.038461538461538464,COMM
2012-08,ZZ,0.038461538461538464,COMM
2012-09,CC,0.038461538461538464,COMM
2012-09,CT,0.038461538461538464,COMM
2012-09,DA,0.038461538461538464,COMM
2012-09,JO,0.038461538461538464,COMM
2012-09,KC,0.038461538461538464,COMM
2012-09,LB,0.038461538461538464,COMM
2012-09,MW,0.038461538461538464,COMM
2012-09,SB,0.038461538461538464,COMM
2012-09,ZA,0.038461538461538464,COMM
2012-09,ZB,0.038461538461538464,COMM
2012-09,ZC,0.038461538461538464,COMM
2012-09,ZF,0.038461538461538464,COMM
2012-09,ZG,0.038461538461538464,COMM
2012-09,ZI,0.038461538461538464,COMM
2012-09,ZK,0.038461538461538464,COMM
2012-09,ZL,0.038461538461538464,COMM
2012-09,ZM,0.038461538461538464,COMM
2012-09,ZN,0.038461538461538464,COMM
2012-09,ZO,0.038461538461538464,COMM
2012-09,ZP,0.038461538461538464,COMM
2012-09,ZR,0.038461538461538464,COMM
2012-09,ZS,0.038461538461538464,COMM
2012-09,ZT,0.038461538461538464,COMM
2012-09,ZU,0.038461538461538464,COMM
2012-09,ZW,0.038461538461538464,COMM
2012-09,ZZ,0.038461538461538464,COMM
2012-10,CC,0.038461538461538464,COMM
2012-10,CT,0.038461538461538464,COMM
2012-10,DA,0.038461538461538464,COMM
2012-10,JO,0.038461538461538464,COMM
2012-10,KC,0.038461538461538464,COMM
2012-10,LB,0.038461538461538464,COMM
2012-10,MW,0.038461538461538464,COMM
2012-10,SB,0.038461538461538464,COMM
2012-10,ZA,0.038461538461538464,COMM
2012-10,ZB,0.038461538461538464,COMM
2012-10,ZC,0.038461538461538464,COMM
2012-10,ZF,0.038461538461538464,COMM
2012-10,ZG,0.038461538461538464,COMM
2012-10,ZI,0.038461538461538464,COMM
2012-10,ZK,0.038461538461538464,COMM
2012-10,ZL,0.038461538461538464,COMM
2012-10,ZM,0.038461538461538464,COMM
2012-10,ZN,0.038461538461538464,COMM
2012-10,ZO,0.038461538461538464,COMM
2012-10,ZP,0.038461538461538464,COMM
2012-10,ZR,0.038461538461538464,COMM
2012-10,ZS,0.038461538461538464,COMM
2012-10,ZT,0.038461538461538464,COMM
2012-10,ZU,0.038461538461538464,COMM
2012-10,ZW,0.038461538461538464,COMM
2012-10,ZZ,0.038461538461538464,COMM
2012-11,CC,0.038461538461538464,COMM
2012-11,CT,0.038461538461538464,COMM
2012-11,DA,0.038461538461538464,COMM
2012-11,JO,0.038461538461538464,COMM
2012-11,KC,0.038461538461538464,COMM
2012-11,LB,0.038461538461538464,COMM
2012-11,MW,0.038461538461538464,COMM
2012-11,SB,0.038461538461538464,COMM
2012-11,ZA,0.038461538461538464,COMM
2012-11,ZB,0.038461538461538464,COMM
2012-11,ZC,0.038461538461538464,COMM
2012-11,ZF,0.038461538461538464,COMM
2012-11,ZG,0.038461538461538464,COMM
2012-11,ZI,0.038461538461538464,COMM
2012-11,ZK,0.038461538461538464,COMM
2012-11,ZL,0.038461538461538464,COMM
2012-11,ZM,0.038461538461538464,COMM
2012-11,ZN,0.038461538461538464,COMM
2012-11,ZO,0.038461538461538464,COMM
2012-11,ZP,0.038461538461538464,COMM
2012-11,ZR,0.038461538461538464,COMM
2012-11,ZS,0.038461538461538464,COMM
2012-11,ZT,0.038461538461538464,COMM
2012-11,ZU,0.038461538461538464,COMM
2012-11,ZW,0.038461538461538464,COMM
2012-11,ZZ,0.038461538461538464,COMM
2012-12,CC,0.038461538461538464,COMM
2012-12,CT,0.038461538461538464,COMM
2012-12,DA,0.038461538461538464,COMM
2012-12,JO,0.038461538461538464,COMM
2012-12,KC,0.038461538461538464,COMM
2012-12,LB,0.038461538461538464,COMM
2012-12,MW,0.038461538461538464,COMM
2012-12,SB,0.038461538461538464,COMM
2012-12,ZA,0.038461538461538464,COMM
2012-12,ZB,0.038461538461538464,COMM
2012-12,ZC,0.038461538461538464,COMM
2012-12,ZF,0.038461538461538464,COMM
2012-12,ZG,0.038461538461538464,COMM
2012-12,ZI,0.038461538461538464,COMM
2012-12,ZK,0.038461538461538464,COMM
2012-12,ZL,0.038461538461538464,COMM
2012-12,ZM,0.038461538461538464,COMM
2012-12,ZN,0.038461538461538464,COMM
2012-12,ZO,0.038461538461538464,COMM
2012-12,ZP,0.038461538461538464,COMM
2012-12,ZR,0.038461538461538464,COMM
2012-12,ZS,0.038461538461538464,COMM
2012-12,ZT,0.038461538461538464,COMM
2012-12,ZU,0.038461538461538464,COMM
2012-12,ZW,0.038461538461538464,COMM
2012-12,ZZ,0.038461538461538464,COMM
2013-01,CC,0.038461538461538464,COMM
2013-01,CT,0.038461538461538464,COMM
2013-01,DA,0.038461538461538464,COMM
2013-01,JO,0.038461538461538464,COMM
2013-01,KC,0.038461538461538464,COMM
2013-01,LB,0.038461538461538464,COMM
2013-01,MW,0.038461538461538464,COMM
2013-01,SB,0.038461538461538464,COMM
2013-01,ZA,0.038461538461538464,COMM
2013-01,ZB,0.038461538461538464,COMM
2013-01,ZC,0.038461538461538464,COMM
2013-01,ZF,0.038461538461538464,COMM
2013-01,ZG,0.038461538461538464,COMM
2013-01,ZI,0.038461538461538464,COMM
2013-01,ZK,0.038461538461538464,COMM
2013-01,ZL,0.038461538461538464,COMM
2013-01,ZM,0.038461538461538464,COMM
2013-01,ZN,0.038461538461538464,COMM
2013-01,ZO,0.038461538461538464,COMM
2013-01,ZP,0.038461538461538464,COMM
2013-01,ZR,0.038461538461538464,COMM
2013-01,ZS,0.038461538461538464,COMM
2013-01,ZT,0.038461538461538464,COMM
2013-01,ZU,0.038461538461538464,COMM
2013-01,ZW,0.038461538461538464,COMM
2013-01,ZZ,0.038461538461538464,COMM
2013-02,CC,0.038461538461538464,COMM
2013-02,CT,0.038461538461538464,COMM
2013-02,DA,0.038461538461538464,COMM
2013-02,JO,0.038461538461538464,COMM
2013-02,KC,0.038461538461538464,COMM
2013-02,LB,0.038461538461538464,COMM
2013-02,MW,0.038461538461538464,COMM
2013-02,SB,0.038461538461538464,COMM
2013-02,ZA,0.038461538461538464,COMM
2013-02,ZB,0.038461538461538464,COMM
2013-02,ZC,0.038461538461538464,COMM
2013-02,ZF,0.038461538461538464,COMM
2013-02,ZG,0.038461538461538464,COMM
2013-02,ZI,0.038461538461538464,COMM
2013-02,ZK,0.038461538461538464,COMM
2013-02,ZL,0.038461538461538464,COMM
2013-02,ZM,0.038461538461538464,COMM
2013-02,ZN,0.038461538461538464,COMM
2013-02,ZO,0.038461538461538464,COMM
2013-02,ZP,0.038461538461538464,COMM
2013-02,ZR,0.038461538461538464,COMM
2013-02,ZS,0.038461538461538464,COMM
2013-02,ZT,0.038461538461538464,COMM
2013-02,ZU,0.038461538461538464,COMM
2013-02,ZW,0.038461538461538464,COMM
2013-02,ZZ,0.038461538461538464,COMM
2013-03,CC,0.038461538461538464,COMM
2013-03,CT,0.038461538461538464,COMM
2013-03,DA,0.038461538461538464,COMM
2013-03,JO,0.038461538461538464,COMM
2013-03,KC,0.038461538461538464,COMM
2013-03,LB,0.038461538461538464,COMM
2013-03,MW,0.038461538461538464,COMM
2013-03,SB,0.038461538461538464,COMM
2013-03,ZA,0.038461538461538464,COMM
2013-03,ZB,0.038461538461538464,COMM
2013-03,ZC,0.038461538461538464,COMM
2013-03,ZF,0.038461538461538464,COMM
2013-03,ZG,0.038461538461538464,COMM
2013-03,ZI,0.038461538461538464,COMM
2013-03,ZK,0.038461538461538464,COMM
2013-03,ZL,0.038461538461538464,COMM
2013-03,ZM,0.038461538461538464,COMM
2013-03,ZN,0.038461538461538464,COMM
2013-03,ZO,0.038461538461538464,COMM
2013-03,ZP,0.038461538461538464,COMM
2013-03,ZR,0.038461538461538464,COMM
2013-03,ZS,0.038461538461538464,COMM
2013-03,ZT,0.038461538461538464,COMM
2013-03,ZU,0.038461538461538464,COMM
2013-03,ZW,0.038461538461538464,COMM
2013-03,ZZ,0.038461538461538464,COMM
2013-04,CC,0.038461538461538464,COMM
2013-04,CT,0.038461538461538464,COMM
2013-04,DA,0.038461538461538464,COMM
2013-04,JO,0.038461538461538464,COMM
2013-04,KC,0.038461538461538464,COMM
2013-04,LB,0.038461538461538464,COMM
2013-04,MW,0.038461538461538464,COMM
2013-04,SB,0.038461538461538464,COMM
2013-04,ZA,0.038461538461538464,COMM
2013-04,ZB,0.038461538461538464,COMM
2013-04,ZC,0.038461538461538464,COMM
2013-04,ZF,0.038461538461538464,COMM
2013-04,ZG,0.038461538461538464,COMM
2013-04,ZI,0.038461538461538464,COMM
2013-04,ZK,0.038461538461538464,COMM
2013-04,ZL,0.038461538461538464,COMM
2013-04,ZM,0.038461538461538464,COMM
2013-04,ZN,0.038461538461538464,COMM
2013-04,ZO,0.038461538461538464,COMM
2013-04,ZP,0.038461538461538464,COMM
2013-04,ZR,0.038461538461538464,COMM
2013-04,ZS,0.038461538461538464,COMM
2013-04,ZT,0.038461538461538464,COMM
2013-04,ZU,0.038461538461538464,COMM
2013-04,ZW,0.038461538461538464,COMM
2013-04,ZZ,0.038461538461538464,COMM
2013-05,CC,0.038461538461538464,COMM
2013-05,CT,0.038461538461538464,COMM
2013-05,DA,0.038461538461538464,COMM
2013-05,JO,0.038461538461538464,COMM
2013-05,KC,0.038461538461538464,COMM
2013-05,LB,0.038461538461538464,COMM
2013-05,MW,0.038461538461538464,COMM
2013-05,SB,0.038461538461538464,COMM
2013-05,ZA,0.038461538461538464,COMM
2013-05,ZB,0.038461538461538464,COMM
2013-05,ZC,0.038461538461538464,COMM
2013-05,ZF,0.038461538461538464,COMM
2013-05,ZG,0.038461538461538464,COMM
2013-05,ZI,0.038461538461538464,COMM
2013-05,ZK,0.038461538461538464,COMM
2013-05,ZL,0.038461538461538464,COMM
2013-05,ZM,0.038461538461538464,COMM
2013-05,ZN,0.038461538461538464,COMM
2013-05,ZO,0.038461538461538464,COMM
2013-05,ZP,0.038461538461538464,COMM
2013-05,ZR,0.038461538461538464,COMM
2013-05,ZS,0.038461538461538464,COMM
2013-05,ZT,0.038461538461538464,COMM
2013-05,ZU,0.038461538461538464,COMM
2013-05,ZW,0.038461538461538464,COMM
2013-05,ZZ,0.038461538461538464,COMM
2013-06,CC,0.038461538461538464,COMM
2013-06,CT,0.038461538461538464,COMM
2013-06,DA,0.038461538461538464,COMM
2013-06,JO,0.038461538461538464,COMM
2013-06,KC,0.038461538461538464,COMM
2013-06,LB,0.038461538461538464,COMM
2013-06,MW,0.038461538461538464,COMM
2013-06,SB,0.038461538461538464,COMM
2013-06,ZA,0.038461538461538464,COMM
2013-06,ZB,0.038461538461538464,COMM
2013-06,ZC,0.038461538461538464,COMM
2013-06,ZF,0.038461538461538464,COMM
2013-06,ZG,0.038461538461538464,COMM
2013-06,ZI,0.038461538461538464,COMM
2013-06,ZK,0.038461538461538464,COMM
2013-06,ZL,0.038461538461538464,COMM
2013-06,ZM,0.038461538461538464,COMM
2013-06,ZN,0.038461538461538464,COMM
2013-06,ZO,0.038461538461538464,COMM
2013-06,ZP,0.038461538461538464,COMM
2013-06,ZR,0.038461538461538464,COMM
2013-06,ZS,0.038461538461538464,COMM
2013-06,ZT,0.038461538461538464,COMM
2013-06,ZU,0.038461538461538464,COMM
2013-06,ZW,0.038461538461538464,COMM
2013-06,ZZ,0.038461538461538464,COMM
2013-07,CC,0.038461538461538464,COMM
2013-07,CT,0.038461538461538464,COMM
2013-07,DA,0.038461538461538464,COMM
2013-07,JO,0.038461538461538464,COMM
2013-07,KC,0.038461538461538464,COMM
2013-07,LB,0.038461538461538464,COMM
2013-07,MW,0.038461538461538464,COMM
2013-07,SB,0.038461538461538464,COMM
2013-07,ZA,0.038461538461538464,COMM
2013-07,ZB,0.038461538461538464,COMM
2013-07,ZC,0.038461538461538464,COMM
2013-07,ZF,0.038461538461538464,COMM
2013-07,ZG,0.038461538461538464,COMM
2013-07,ZI,0.038461538461538464,COMM
2013-07,ZK,0.038461538461538464,COMM
2013-07,ZL,0.038461538461538464,COMM
2013-07,ZM,0.038461538461538464,COMM
2013-07,ZN,0.038461538461538464,COMM
2013-07,ZO,0.038461538461538464,COMM
2013-07,ZP,0.038461538461538464,COMM
2013-07,ZR,0.038461538461538464,COMM
2013-07,ZS,0.038461538461538464,COMM
2013-07,ZT,0.038461538461538464,COMM
2013-07,ZU,0.038461538461538464,COMM
2013-07,ZW,0.038461538461538464,COMM
2013-07,ZZ,0.038461538461538464,COMM
2013-08,CC,0.038461538461538464,COMM
2013-08,CT,0.038461538461538464,COMM
2013-08,DA,0.038461538461538464,COMM
2013-08,JO,0.038461538461538464,COMM
2013-08,KC,0.038461538461538464,COMM
2013-08,LB,0.038461538461538464,COMM
2013-08,MW,0.038461538461538464,COMM
2013-08,SB,0.038461538461538464,COMM
2013-08,ZA,0.038461538461538464,COMM
2013-08,ZB,0.038461538461538464,COMM
2013-08,ZC,0.038461538461538464,COMM
2013-08,ZF,0.038461538461538464,COMM
2013-08,ZG,0.038461538461538464,COMM
2013-08,ZI,0.038461538461538464,COMM
2013-08,ZK,0.038461538461538464,COMM
2013-08,ZL,0.038461538461538464,COMM
2013-08,ZM,0.038461538461538464,COMM
2013-08,ZN,0.038461538461538464,COMM
2013-08,ZO,0.038461538461538464,COMM
2013-08,ZP,0.038461538461538464,COMM
2013-08,ZR,0.038461538461538464,COMM
2013-08,ZS,0.038461538461538464,COMM
2013-08,ZT,0.038461538461538464,COMM
2013-08,ZU,0.038461538461538464,COMM
2013-08,ZW,0.038461538461538464,COMM
2013-08,ZZ,0.038461538461538464,COMM
2013-09,CC,0.038461538461538464,COMM
2013-09,CT,0.038461538461538464,COMM
2013-09,DA,0.038461538461538464,COMM
2013-09,JO,0.038461538461538464,COMM
2013-09,KC,0.038461538461538464,COMM
2013-09,LB,0.038461538461538464,COMM
2013-09,MW,0.038461538461538464,COMM
2013-09,SB,0.038461538461538464,COMM
2013-09,ZA,0.038461538461538464,COMM
2013-09,ZB,0.038461538461538464,COMM
2013-09,ZC,0.038461538461538464,COMM
2013-09,ZF,0.038461538461538464,COMM
2013-09,ZG,0.038461538461538464,COMM
2013-09,ZI,0.038461538461538464,COMM
2013-09,ZK,0.038461538461538464,COMM
2013-09,ZL,0.038461538461538464,COMM
2013-09,ZM,0.038461538461538464,COMM
2013-09,ZN,0.038461538461538464,COMM
2013-09,ZO,0.038461538461538464,COMM
2013-09,ZP,0.038461538461538464,COMM
2013-09,ZR,0.038461538461538464,COMM
2013-09,ZS,0.038461538461538464,COMM
2013-09,ZT,0.038461538461538464,COMM
2013-09,ZU,0.038461538461538464,COMM
2013-09,ZW,0.038461538461538464,COMM
2013-09,ZZ,0.038461538461538464,COMM
2013-10,CC,0.038461538461538464,COMM
2013-10,CT,0.038461538461538464,COMM
2013-10,DA,0.038461538461538464,COMM
2013-10,JO,0.038461538461538464,COMM
2013-10,KC,0.038461538461538464,COMM
2013-10,LB,0.038461538461538464,COMM
2013-10,MW,0.038461538461538464,COMM
2013-10,SB,0.038461538461538464,COMM
2013-10,ZA,0.038461538461538464,COMM
2013-10,ZB,0.038461538461538464,COMM
2013-10,ZC,0.038461538461538464,COMM
2013-10,ZF,0.038461538461538464,COMM
2013-10,ZG,0.038461538461538464,COMM
2013-10,ZI,0.038461538461538464,COMM
2013-10,ZK,0.038461538461538464,COMM
2013-10,ZL,0.038461538461538464,COMM
2013-10,ZM,0.038461538461538464,COMM
2013-10,ZN,0.038461538461538464,COMM
2013-10,ZO,0.038461538461538464,COMM
2013-10,ZP,0.038461538461538464,COMM
2013-10,ZR,0.038461538461538464,COMM
2013-10,ZS,0.038461538461538464,COMM
2013-10,ZT,0.038461538461538464,COMM
2013-10,ZU,0.038461538461538464,COMM
2013-10,ZW,0.038461538461538464,COMM
2013-10,ZZ,0.038461538461538464,COMM
2013-11,CC,0.038461538461538464,COMM
2013-11,CT,0.038461538461538464,COMM
2013-11,DA,0.038461538461538464,COMM
2013-11,JO,0.038461538461538464,COMM
2013-11,KC,0.038461538461538464,COMM
2013-11,LB,0.038461538461538464,COMM
2013-11,MW,0.038461538461538464,COMM
2013-11,SB,0.038461538461538464,COMM
2013-11,ZA,0.038461538461538464,COMM
2013-11,ZB,0.038461538461538464,COMM
2013-11,ZC,0.038461538461538464,COMM
2013-11,ZF,0.038461538461538464,COMM
2013-11,ZG,0.038461538461538464,COMM
2013-11,ZI,0.038461538461538464,COMM
2013-11,ZK,0.038461538461538464,COMM
2013-11,ZL,0.038461538461538464,COMM
2013-11,ZM,0.038461538461538464,COMM
2013-11,ZN,0.038461538461538464,COMM
2013-11,ZO,0.038461538461538464,COMM
2013-11,ZP,0.038461538461538464,COMM
2013-11,ZR,0.038461538461538464,COMM
2013-11,ZS,0.038461538461538464,COMM
2013-11,ZT,0.038461538461538464,COMM
2013-11,ZU,0.038461538461538464,COMM
2013-11,ZW,0.038461538461538464,COMM
2013-11,ZZ,0.038461538461538464,COMM
2013-12,CC,0.038461538461538464,COMM
2013-12,CT,0.038461538461538464,COMM
2013-12,DA,0.038461538461538464,COMM
2013-12,JO,0.038461538461538464,COMM
2013-12,KC,0.038461538461538464,COMM
2013-12,LB,0.038461538461538464,COMM
2013-12,MW,0.038461538461538464,COMM
2013-12,SB,0.038461538461538464,COMM
2013-12,ZA,0.038461538461538464,COMM
2013-12,ZB,0.038461538461538464,COMM
2013-12,ZC,0.038461538461538464,COMM
2013-12,ZF,0.038461538461538464,COMM
2013-12,ZG,0.038461538461538464,COMM
2013-12,ZI,0.038461538461538464,COMM
2013-12,ZK,0.038461538461538464,COMM
2013-12,ZL,0.038461538461538464,COMM
2013-12,ZM,0.038461538461538464,COMM
2013-12,ZN,0.038461538461538464,COMM
2013-12,ZO,0.038461538461538464,COMM
2013-12,ZP,0.038461538461538464,COMM
2013-12,ZR,0.038461538461538464,COMM
2013-12,ZS,0.038461538461538464,COMM
2013-12,ZT,0.038461538461538464,COMM
2013-12,ZU,0.038461538461538464,COMM
2013-12,ZW,0.038461538461538464,COMM
2013-12,ZZ,0.038461538461538464,COMM
2014-01,CC,0.038461538461538464,COMM
2014-01,CT,0.038461538461538464,COMM
2014-01,DA,0.038461538461538464,COMM
2014-01,JO,0.038461538461538464,COMM
2014-01,KC,0.038461538461538464,COMM
2014-01,LB,0.038461538461538464,COMM
2014-01,MW,0.038461538461538464,COMM
2014-01,SB,0.038461538461538464,COMM
2014-01,ZA,0.038461538461538464,COMM
2014-01,ZB,0.038461538461538464,COMM
2014-01,ZC,0.038461538461538464,COMM
2014-01,ZF,0.038461538461538464,COMM
2014-01,ZG,0.038461538461538464,COMM
2014-01,ZI,0.038461538461538464,COMM
2014-01,ZK,0.038461538461538464,COMM
2014-01,ZL,0.038461538461538464,COMM
2014-01,ZM,0.038461538461538464,COMM
2014-01,ZN,0.038461538461538464,COMM
2014-01,ZO,0.038461538461538464,COMM
2014-01,ZP,0.038461538461538464,COMM
2014-01,ZR,0.038461538461538464,COMM
2014-01,ZS,0.038461538461538464,COMM
2014-01,ZT,0.038461538461538464,COMM
2014-01,ZU,0.038461538461538464,COMM
2014-01,ZW,0.038461538461538464,COMM
2014-01,ZZ,0.038461538461538464,COMM
2014-02,CC,0.038461538461538464,COMM
2014-02,CT,0.038461538461538464,COMM
2014-02,DA,0.038461538461538464,COMM
2014-02,JO,0.038461538461538464,COMM
2014-02,KC,0.038461538461538464,COMM
2014-02,LB,0.038461538461538464,COMM
2014-02,MW,0.038461538461538464,COMM
2014-02,SB,0.038461538461538464,COMM
2014-02,ZA,0.038461538461538464,COMM
2014-02,ZB,0.038461538461538464,COMM
2014-02,ZC,0.038461538461538464,COMM
2014-02,ZF,0.038461538461538464,COMM
2014-02,ZG,0.038461538461538464,COMM
2014-02,ZI,0.038461538461538464,COMM
2014-02,ZK,0.038461538461538464,COMM
2014-02,ZL,0.038461538461538464,COMM
2014-02,ZM,0.038461538461538464,COMM
2014-02,ZN,0.038461538461538464,COMM
2014-02,ZO,0.038461538461538464,COMM
2014-02,ZP,0.038461538461538464,COMM
2014-02,ZR,0.038461538461538464,COMM
2014-02,ZS,0.038461538461538464,COMM
2014-02,ZT,0.038461538461538464,COMM
2014-02,ZU,0.038461538461538464,COMM
2014-02,ZW,0.038461538461538464,COMM
2014-02,ZZ,0.038461538461538464,COMM
2014-03,CC,0.038461538461538464,COMM
2014-03,CT,0.038461538461538464,COMM
2014-03,DA,0.038461538461538464,COMM
2014-03,JO,0.038461538461538464,COMM
2014-03,KC,0.038461538461538464,COMM
2014-03,LB,0.038461538461538464,COMM
2014-03,MW,0.038461538461538464,COMM
2014-03,SB,0.038461538461538464,COMM
2014-03,ZA,0.038461538461538464,COMM
2014-03,ZB,0.038461538461538464,COMM
2014-03,ZC,0.038461538461538464,COMM
2014-03,ZF,0.038461538461538464,COMM
2014-03,ZG,0.038461538461538464,COMM
2014-03,ZI,0.038461538461538464,COMM
2014-03,ZK,0.038461538461538464,COMM
2014-03,ZL,0.038461538461538464,COMM
2014-03,ZM,0.038461538461538464,COMM
2014-03,ZN,0.038461538461538464,COMM
2014-03,ZO,0.038461538461538464,COMM
2014-03,ZP,0.038461538461538464,COMM
2014-03,ZR,0.038461538461538464,COMM
2014-03,ZS,0.038461538461538464,COMM
2014-03,ZT,0.038461538461538464,COMM
2014-03,ZU,0.038461538461538464,COMM
2014-03,ZW,0.038461538461538464,COMM
2014-03,ZZ,0.038461538461538464,COMM
2014-04,CC,0.038461538461538464,COMM
2014-04,CT,0.038461538461538464,COMM
2014-04,DA,0.038461538461538464,COMM
2014-04,JO,0.038461538461538464,COMM
2014-04,KC,0.038461538461538464,COMM
2014-04,LB,0.038461538461538464,COMM
2014-04,MW,0.038461538461538464,COMM
2014-04,SB,0.038461538461538464,COMM
2014-04,ZA,0.038461538461538464,COMM
2014-04,ZB,0.038461538461538464,COMM
2014-04,ZC,0.038461538461538464,COMM
2014-04,ZF,0.038461538461538464,COMM
2014-04,ZG,0.038461538461538464,COMM
2014-04,ZI,0.038461538461538464,COMM
2014-04,ZK,0.038461538461538464,COMM
2014-04,ZL,0.038461538461538464,COMM
2014-04,ZM,0.038461538461538464,COMM
2014-04,ZN,0.038461538461538464,COMM
2014-04,ZO,0.038461538461538464,COMM
2014-04,ZP,0.038461538461538464,COMM
2014-04,ZR,0.038461538461538464,COMM
2014-04,ZS,0.038461538461538464,COMM
2014-04,ZT,0.038461538461538464,COMM
2014-04,ZU,0.038461538461538464,COMM
2014-04,ZW,0.038461538461538464,COMM
2014-04,ZZ,0.038461538461538464,COMM
2014-05,CC,0.038461538461538464,COMM
2014-05,CT,0.038461538461538464,COMM
2014-05,DA,0.038461538461538464,COMM
2014-05,JO,0.038461538461538464,COMM
2014-05,KC,0.038461538461538464,COMM
2014-05,LB,0.038461538461538464,COMM
2014-05,MW,0.038461538461538464,COMM
2014-05,SB,0.038461538461538464,COMM
2014-05,ZA,0.038461538461538464,COMM
2014-05,ZB,0.038461538461538464,COMM
2014-05,ZC,0.038461538461538464,COMM
2014-05,ZF,0.038461538461538464,COMM
2014-05,ZG,0.038461538461538464,COMM
2014-05,ZI,0.038461538461538464,COMM
2014-05,ZK,0.038461538461538464,COMM
2014-05,ZL,0.038461538461538464,COMM
2014-05,ZM,0.038461538461538464,COMM
2014-05,ZN,0.038461538461538464,COMM
2014-05,ZO,0.038461538461538464,COMM
2014-05,ZP,0.038461538461538464,COMM
2014-05,ZR,0.038461538461538464,COMM
2014-05,ZS,0.038461538461538464,COMM
2014-05,ZT,0.038461538461538464,COMM
2014-05,ZU,0.038461538461538464,COMM
2014-05,ZW,0.038461538461538464,COMM
2014-05,ZZ,0.038461538461538464,COMM
2014-06,CC,0.038461538461538464,COMM
2014-06,CT,0.038461538461538464,COMM
2014-06,DA,0.038461538461538464,COMM
2014-06,JO,0.038461538461538464,COMM
2014-06,KC,0.038461538461538464,COMM
2014-06,LB,0.038461538461538464,COMM
2014-06,MW,0.038461538461538464,COMM
2014-06,SB,0.038461538461538464,COMM
2014-06,ZA,0.038461538461538464,COMM
2014-06,ZB,0.038461538461538464,COMM
2014-06,ZC,0.038461538461538464,COMM
2014-06,ZF,0.038461538461538464,COMM
2014-06,ZG,0.038461538461538464,COMM
2014-06,ZI,0.038461538461538464,COMM
2014-06,ZK,0.038461538461538464,COMM
2014-06,ZL,0.038461538461538464,COMM
2014-06,ZM,0.038461538461538464,COMM
2014-06,ZN,0.038461538461538464,COMM
2014-06,ZO,0.038461538461538464,COMM
2014-06,ZP,0.038461538461538464,COMM
2014-06,ZR,0.038461538461538464,COMM
2014-06,ZS,0.038461538461538464,COMM
2014-06,ZT,0.038461538461538464,COMM
2014-06,ZU,0.038461538461538464,COMM
2014-06,ZW,0.038461538461538464,COMM
2014-06,ZZ,0.038461538461538464,COMM
2014-07,CC,0.038461538461538464,COMM
2014-07,CT,0.038461538461538464,COMM
2014-07,DA,0.038461538461538464,COMM
2014-07,JO,0.038461538461538464,COMM
2014-07,KC,0.038461538461538464,COMM
2014-07,LB,0.038461538461538464,COMM
2014-07,MW,0.038461538461538464,COMM
2014-07,SB,0.038461538461538464,COMM
2014-07,ZA,0.038461538461538464,COMM
2014-07,ZB,0.038461538461538464,COMM
2014-07,ZC,0.038461538461538464,COMM
2014-07,ZF,0.038461538461538464,COMM
2014-07,ZG,0.038461538461538464,COMM
2014-07,ZI,0.038461538461538464,COMM
2014-07,ZK,0.038461538461538464,COMM
2014-07,ZL,0.038461538461538464,COMM
2014-07,ZM,0.038461538461538464,COMM
2014-07,ZN,0.038461538461538464,COMM
2014-07,ZO,0.038461538461538464,COMM
2014-07,ZP,0.038461538461538464,COMM
2014-07,ZR,0.038461538461538464,COMM
2014-07,ZS,0.038461538461538464,COMM
2014-07,ZT,0.038461538461538464,COMM
2014-07,ZU,0.038461538461538464,COMM
2014-07,ZW,0.038461538461538464,COMM
2014-07,ZZ,0.038461538461538464,COMM
2014-08,CC,0.038461538461538464,COMM
2014-08,CT,0.038461538461538464,COMM
2014-08,DA,0.038461538461538464,COMM
2014-08,JO,0.038461538461538464,COMM
2014-08,KC,0.038461538461538464,COMM
2014-08,LB,0.038461538461538464,COMM
2014-08,MW,0.038461538461538464,COMM
2014-08,SB,0.038461538461538464,COMM
2014-08,ZA,0.038461538461538464,COMM
2014-08,ZB,0.038461538461538464,COMM
2014-08,ZC,0.038461538461538464,COMM
2014-08,ZF,0.038461538461538464,COMM
2014-08,ZG,0.038461538461538464,COMM
2014-08,ZI,0.038461538461538464,COMM
2014-08,ZK,0.038461538461538464,COMM
2014-08,ZL,0.038461538461538464,COMM
2014-08,ZM,0.038461538461538464,COMM
2014-08,ZN,0.038461538461538464,COMM
2014-08,ZO,0.038461538461538464,COMM
2014-08,ZP,0.038461538461538464,COMM
2014-08,ZR,0.038461538461538464,COMM
2014-08,ZS,0.038461538461538464,COMM
2014-08,ZT,0.038461538461538464,COMM
2014-08,ZU,0.038461538461538464,COMM
2014-08,ZW,0.038461538461538464,COMM
2014-08,ZZ,0.038461538461538464,COMM
2014-09,CC,0.038461538461538464,COMM
2014-09,CT,0.038461538461538464,COMM
2014-09,DA,0.038461538461538464,COMM
2014-09,JO,0.038461538461538464,COMM
2014-09,KC,0.038461538461538464,COMM
2014-09,LB,0.038461538461538464,COMM
2014-09,MW,0.038461538461538464,COMM
2014-09,SB,0.038461538461538464,COMM
2014-09,ZA,0.038461538461538464,COMM
2014-09,ZB,0.038461538461538464,COMM
2014-09,ZC,0.038461538461538464,COMM
2014-09,ZF,0.038461538461538464,COMM
2014-09,ZG,0.038461538461538464,COMM
2014-09,ZI,0.038461538461538464,COMM
2014-09,ZK,0.038461538461538464,COMM
2014-09,ZL,0.038461538461538464,COMM
2014-09,ZM,0.038461538461538464,COMM
2014-09,ZN,0.038461538461538464,COMM
2014-09,ZO,0.038461538461538464,COMM
2014-09,ZP,0.038461538461538464,COMM
2014-09,ZR,0.038461538461538464,COMM
2014-09,ZS,0.038461538461538464,COMM
2014-09,ZT,0.038461538461538464,COMM
2014-09,ZU,0.038461538461538464,COMM
2014-09,ZW,0.038461538461538464,COMM
2014-09,ZZ,0.038461538461538464,COMM
2014-10,CC,0.038461538461538464,COMM
2014-10,CT,0.038461538461538464,COMM
2014-10,DA,0.038461538461538464,COMM
2014-10,JO,0.038461538461538464,COMM
2014-10,KC,0.038461538461538464,COMM
2014-10,LB,0.038461538461538464,COMM
2014-10,MW,0.038461538461538464,COMM
2014-10,SB,0.038461538461538464,COMM
2014-10,ZA,0.038461538461538464,COMM
2014-10,ZB,0.038461538461538464,COMM
2014-10,ZC,0.038461538461538464,COMM
2014-10,ZF,0.038461538461538464,COMM
2014-10,ZG,0.038461538461538464,COMM
2014-10,ZI,0.038461538461538464,COMM
2014-10,ZK,0.038461538461538464,COMM
2014-10,ZL,0.038461538461538464,COMM
2014-10,ZM,0.038461538461538464,COMM
2014-10,ZN,0.038461538461538464,COMM
2014-10,ZO,0.038461538461538464,COMM
2014-10,ZP,0.038461538461538464,COMM
2014-10,ZR,0.038461538461538464,COMM
2014-10,ZS,0.038461538461538464,COMM
2014-10,ZT,0.038461538461538464,COMM
2014-10,ZU,0.038461538461538464,COMM
2014-10,ZW,0.038461538461538464,COMM
2014-10,ZZ,0.038461538461538464,COMM
2014-11,CC,0.038461538461538464,COMM
2014-11,CT,0.038461538461538464,COMM
2014-11,DA,0.038461538461538464,COMM
2014-11,JO,0.038461538461538464,COMM
2014-11,KC,0.038461538461538464,COMM
2014-11,LB,0.038461538461538464,COMM
2014-11,MW,0.038461538461538464,COMM
2014-11,SB,0.038461538461538464,COMM
2014-11,ZA,0.038461538461538464,COMM
2014-11,ZB,0.038461538461538464,COMM
2014-11,ZC,0.038461538461538464,COMM
2014-11,ZF,0.038461538461538464,COMM
2014-11,ZG,0.038461538461538464,COMM
2014-11,ZI,0.038461538461538464,COMM
2014-11,ZK,0.038461538461538464,COMM
2014-11,ZL,0.038461538461538464,COMM
2014-11,ZM,0.038461538461538464,COMM
2014-11,ZN,0.038461538461538464,COMM
2014-11,ZO,0.038461538461538464,COMM
2014-11,ZP,0.038461538461538464,COMM
2014-11,ZR,0.038461538461538464,COMM
2014-11,ZS,0.038461538461538464,COMM
2014-11,ZT,0.038461538461538464,COMM
2014-11,ZU,0.038461538461538464,COMM
2014-11,ZW,0.038461538461538464,COMM
2014-11,ZZ,0.038461538461538464,COMM
2014-12,CC,0.038461538461538464,COMM
2014-12,CT,0.038461538461538464,COMM
2014-12,DA,0.038461538461538464,COMM
2014-12,JO,0.038461538461538464,COMM
2014-12,KC,0.038461538461538464,COMM
2014-12,LB,0.038461538461538464,COMM
2014-12,MW,0.038461538461538464,COMM
2014-12,SB,0.038461538461538464,COMM
2014-12,ZA,0.038461538461538464,COMM
2014-12,ZB,0.038461538461538464,COMM
2014-12,ZC,0.038461538461538464,COMM
2014-12,ZF,0.038461538461538464,COMM
2014-12,ZG,0.038461538461538464,COMM
2014-12,ZI,0.038461538461538464,COMM
2014-12,ZK,0.038461538461538464,COMM
2014-12,ZL,0.038461538461538464,COMM
2014-12,ZM,0.038461538461538464,COMM
2014-12,ZN,0.038461538461538464,COMM
2014-12,ZO,0.038461538461538464,COMM
2014-12,ZP,0.038461538461538464,COMM
2014-12,ZR,0.038461538461538464,COMM
2014-12,ZS,0.038461538461538464,COMM
2014-12,ZT,0.038461538461538464,COMM
2014-12,ZU,0.038461538461538464,COMM
2014-12,ZW,0.038461538461538464,COMM
2014-12,ZZ,0.038461538461538464,COMM
1982-05,AP,0.0,EQ
1982-05,AX,0.0,EQ
1982-05,CA,0.0,EQ
1982-05,HS,0.0,EQ
1982-05,LX,0.0,EQ
1982-05,MD,0.0,EQ
1982-05,ND,0.0,EQ
1982-05,NK,0.0,EQ
1982-05,RL,0.0,EQ
1982-05,SP,1.0,EQ
1982-05,XU,0.0,EQ
1982-05,XX,0.0,EQ
1982-05,ZD,0.0,EQ
1982-06,AP,0.0,EQ
1982-06,AX,0.0,EQ
1982-06,CA,0.0,EQ
1982-06,HS,0.0,EQ
1982-06,LX,0.0,EQ
1982-06,MD,0.0,EQ
1982-06,ND,0.0,EQ
1982-06,NK,0.0,EQ
1982-06,RL,0.0,EQ
1982-06,SP,1.0,EQ
1982-06,XU,0.0,EQ
1982-06,XX,0.0,EQ
1982-06,ZD,0.0,EQ
1982-07,AP,0.0,EQ
1982-07,AX,0.0,EQ
1982-07,CA,0.0,EQ
1982-07,HS,0.0,EQ
1982-07,LX,0.0,EQ
1982-07,MD,0.0,EQ
1982-07,ND,0.0,EQ
1982-07,NK,0.0,EQ
1982-07,RL,0.0,EQ
1982-07,SP,1.0,EQ
1982-07,XU,0.0,EQ
1982-07,XX,0.0,EQ
1982-07,ZD,0.0,EQ
1982-08,AP,0.0,EQ
1982-08,AX,0.0,EQ
1982-08,CA,0.0,EQ
1982-08,HS,0.0,EQ
1982-08,LX,0.0,EQ
1982-08,MD,0.0,EQ
1982-08,ND,0.0,EQ
1982-08,NK,0.0,EQ
1982-08,RL,0.0,EQ
1982-08,SP,1.0,EQ
1982-08,XU,0.0,EQ
1982-08,XX,0.0,EQ
1982-08,ZD,0.0,EQ
1982-09,AP,0.0,EQ
1982-09,AX,0.0,EQ
1982-09,CA,0.0,EQ
1982-09,HS,0.0,EQ
1982-09,LX,0.0,EQ
1982-09,MD,0.0,EQ
1982-09,ND,0.0,EQ
1982-09,NK,0.0,EQ
1982-09,RL,0.0,EQ
1982-09,SP,1.0,EQ
1982-09,XU,0.0,EQ
1982-09,XX,0.0,EQ
1982-09,ZD,0.0,EQ
1982-10,AP,0.0,EQ
1982-10,AX,0.0,EQ
1982-10,CA,0.0,EQ
1982-10,HS,0.0,EQ
1982-10,LX,0.0,EQ
1982-10,MD,0.0,EQ
1982-10,ND,0.0,EQ
1982-10,NK,0.0,EQ
1982-10,RL,0.0,EQ
1982-10,SP,1.0,EQ
1982-10,XU,0.0,EQ
1982-10,XX,0.0,EQ
1982-10,ZD,0.0,EQ
1982-11,AP,0.0,EQ
1982-11,AX,0.0,EQ
1982-11,CA,0.0,EQ
1982-11,HS,0.0,EQ
1982-11,LX,0.0,EQ
1982-11,MD,0.0,EQ
1982-11,ND,0.0,EQ
1982-11,NK,0.0,EQ
1982-11,RL,0.0,EQ
1982-11,SP,1.0,EQ
1982-11,XU,0.0,EQ
1982-11,XX,0.0,EQ
1982-11,ZD,0.0,EQ
1982-12,AP,0.0,EQ
1982-12,AX,0.0,EQ
1982-12,CA,0.0,EQ
1982-12,HS,0.0,EQ
1982-12,LX,0.0,EQ
1982-12,MD,0.0,EQ
1982-12,ND,0.0,EQ
1982-12,NK,0.0,EQ
1982-12,RL,0.0,EQ
1982-12,SP,1.0,EQ
1982-12,XU,0.0,EQ
1982-12,XX,0.0,EQ
1982-12,ZD,0.0,EQ
1983-01,AP,0.0,EQ
1983-01,AX,0.0,EQ
1983-01,CA,0.0,EQ
1983-01,HS,0.0,EQ
1983-01,LX,0.0,EQ
1983-01,MD,0.0,EQ
1983-01,ND,0.0,EQ
1983-01,NK,0.0,EQ
1983-01,RL,0.0,EQ
1983-01,SP,1.0,EQ
1983-01,XU,0.0,EQ
1983-01,XX,0.0,EQ
1983-01,ZD,0.0,EQ
1983-02,AP,0.0,EQ
1983-02,AX,0.0,EQ
1983-02,CA,0.0,EQ
1983-02,HS,0.0,EQ
1983-02,LX,0.0,EQ
1983-02,MD,0.0,EQ
1983-02,ND,0.0,EQ
1983-02,NK,0.0,EQ
1983-02,RL,0.0,EQ
1983-02,SP,1.0,EQ
1983-02,XU,0.0,EQ
1983-02,XX,0.0,EQ
1983-02,ZD,0.0,EQ
1983-03,AP,0.0,EQ
1983-03,AX,0.0,EQ
1983-03,CA,0.0,EQ
1983-03,HS,0.0,EQ
1983-03,LX,0.0,EQ
1983-03,MD,0.0,EQ
1983-03,ND,0.0,EQ
1983-03,NK,0.0,EQ
1983-03,RL,0.0,EQ
1983-03,SP,1.0,EQ
1983-03,XU,0.0,EQ
1983-03,XX,0.0,EQ
1983-03,ZD,0.0,EQ
1983-04,AP,0.0,EQ
1983-04,AX,0.0,EQ
1983-04,CA,0.0,EQ
1983-04,HS,0.0,EQ
1983-04,LX,0.0,EQ
1983-04,MD,0.0,EQ
1983-04,ND,0.0,EQ
1983-04,NK,0.0,EQ
1983-04,RL,0.0,EQ
1983-04,SP,1.0,EQ
1983-04,XU,0.0,EQ
1983-04,XX,0.0,EQ
1983-04,ZD,0.0,EQ
1983-05,AP,0.0,EQ
1983-05,AX,0.0,EQ
1983-05,CA,0.0,EQ
1983-05,HS,0.0,EQ
1983-05,LX,0.0,EQ
1983-05,MD,0.0,EQ
1983-05,ND,0.0,EQ
1983-05,NK,0.0,EQ
1983-05,RL,0.0,EQ
1983-05,SP,1.0,EQ
1983-05,XU,0.0,EQ
1983-05,XX,0.0,EQ
1983-05,ZD,0.0,EQ
1983-06,AP,0.0,EQ
1983-06,AX,0.0,EQ
1983-06,CA,0.0,EQ
1983-06,HS,0.0,EQ
1983-06,LX,0.0,EQ
1983-06,MD,0.0,EQ
1983-06,ND,0.0,EQ
1983-06,NK,0.0,EQ
1983-06,RL,0.0,EQ
1983-06,SP,1.0,EQ
1983-06,XU,0.0,EQ
1983-06,XX,0.0,EQ
1983-06,ZD,0.0,EQ
1983-07,AP,0.0,EQ
1983-07,AX,0.0,EQ
1983-07,CA,0.0,EQ
1983-07,HS,0.0,EQ
1983-07,LX,0.0,EQ
1983-07,MD,0.0,EQ
1983-07,ND,0.0,EQ
1983-07,NK,0.0,EQ
1983-07,RL,0.0,EQ
1983-07,SP,1.0,EQ
1983-07,XU,0.0,EQ
1983-07,XX,0.0,EQ
1983-07,ZD,0.0,EQ
1983-08,AP,0.0,EQ
1983-08,AX,0.0,EQ
1983-08,CA,0.0,EQ
1983-08,HS,0.0,EQ
1983-08,LX,0.0,EQ
1983-08,MD,0.0,EQ
1983-08,ND,0.0,EQ
1983-08,NK,0.0,EQ
1983-08,RL,0.0,EQ
1983-08,SP,1.0,EQ
1983-08,XU,0.0,EQ
1983-08,XX,0.0,EQ
1983-08,ZD,0.0,EQ
1983-09,AP,0.0,EQ
1983-09,AX,0.0,EQ
1983-09,CA,0.0,EQ
1983-09,HS,0.0,EQ
1983-09,LX,0.0,EQ
1983-09,MD,0.0,EQ
1983-09,ND,0.0,EQ
1983-09,NK,0.0,EQ
1983-09,RL,0.0,EQ
1983-09,SP,1.0,EQ
1983-09,XU,0.0,EQ
1983-09,XX,0.0,EQ
1983-09,ZD,0.0,EQ
1983-10,AP,0.0,EQ
1983-10,AX,0.0,EQ
1983-10,CA,0.0,EQ
1983-10,HS,0.0,EQ
1983-10,LX,0.0,EQ
1983-10,MD,0.0,EQ
1983-10,ND,0.0,EQ
1983-10,NK,0.0,EQ
1983-10,RL,0.0,EQ
1983-10,SP,1.0,EQ
1983-10,XU,0.0,EQ
1983-10,XX,0.0,EQ
1983-10,ZD,0.0,EQ
1983-11,AP,0.0,EQ
1983-11,AX,0.0,EQ
1983-11,CA,0.0,EQ
1983-11,HS,0.0,EQ
1983-11,LX,0.0,EQ
1983-11,MD,0.0,EQ
1983-11,ND,0.0,EQ
1983-11,NK,0.0,EQ
1983-11,RL,0.0,EQ
1983-11,SP,1.0,EQ
1983-11,XU,0.0,EQ
1983-11,XX,0.0,EQ
1983-11,ZD,0.0,EQ
1983-12,AP,0.0,EQ
1983-12,AX,0.0,EQ
1983-12,CA,0.0,EQ
1983-12,HS,0.0,EQ
1983-12,LX,0.0,EQ
1983-12,MD,0.0,EQ
1983-12,ND,0.0,EQ
1983-12,NK,0.0,EQ
1983-12,RL,0.0,EQ
1983-12,SP,1.0,EQ
1983-12,XU,0.0,EQ
1983-12,XX,0.0,EQ
1983-12,ZD,0.0,EQ
1984-01,AP,0.0,EQ
1984-01,AX,0.0,EQ
1984-01,CA,0.0,EQ
1984-01,HS,0.0,EQ
1984-01,LX,0.0,EQ
1984-01,MD,0.0,EQ
1984-01,ND,0.0,EQ
1984-01,NK,0.0,EQ
1984-01,RL,0.0,EQ
1984-01,SP,1.0,EQ
1984-01,XU,0.0,EQ
1984-01,XX,0.0,EQ
1984-01,ZD,0.0,EQ
1984-02,AP,0.0,EQ
1984-02,AX,0.0,EQ
1984-02,CA,0.0,EQ
1984-02,HS,0.0,EQ
1984-02,LX,0.0,EQ
1984-02,MD,0.0,EQ
1984-02,ND,0.0,EQ
1984-02,NK,0.0,EQ
1984-02,RL,0.0,EQ
1984-02,SP,1.0,EQ
1984-02,XU,0.0,EQ
1984-02,XX,0.0,EQ
1984-02,ZD,0.0,EQ
1984-03,AP,0.0,EQ
1984-03,AX,0.0,EQ
1984-03,CA,0.0,EQ
1984-03,HS,0.0,EQ
1984-03,LX,0.0,EQ
1984-03,MD,0.0,EQ
1984-03,ND,0.0,EQ
1984-03,NK,0.0,EQ
1984-03,RL,0.0,EQ
1984-03,SP,1.0,EQ
1984-03,XU,0.0,EQ
1984-03,XX,0.0,EQ
1984-03,ZD,0.0,EQ
1984-04,AP,0.0,EQ
1984-04,AX,0.0,EQ
1984-04,CA,0.0,EQ
1984-04,HS,0.0,EQ
1984-04,LX,0.0,EQ
1984-04,MD,0.0,EQ
1984-04,ND,0.0,EQ
1984-04,NK,0.0,EQ
1984-04,RL,0.0,EQ
1984-04,SP,1.0,EQ
1984-04,XU,0.0,EQ
1984-04,XX,0.0,EQ
1984-04,ZD,0.0,EQ
1984-05,AP,0.0,EQ
1984-05,AX,0.0,EQ
1984-05,CA,0.0,EQ
1984-05,HS,0.0,EQ
1984-05,LX,0.0,EQ
1984-05,MD,0.0,EQ
1984-05,ND,0.0,EQ
1984-05,NK,0.0,EQ
1984-05,RL,0.0,EQ
1984-05,SP,1.0,EQ
1984-05,XU,0.0,EQ
1984-05,XX,0.0,EQ
1984-05,ZD,0.0,EQ
1984-06,AP,0.0,EQ
1984-06,AX,0.0,EQ
1984-06,CA,0.0,EQ
1984-06,HS,0.0,EQ
1984-06,LX,0.0,EQ
1984-06,MD,0.0,EQ
1984-06,ND,0.0,EQ
1984-06,NK,0.0,EQ
1984-06,RL,0.0,EQ
1984-06,SP,1.0,EQ
1984-06,XU,0.0,EQ
1984-06,XX,0.0,EQ
1984-06,ZD,0.0,EQ
1984-07,AP,0.0,EQ
1984-07,AX,0.0,EQ
1984-07,CA,0.0,EQ
1984-07,HS,0.0,EQ
1984-07,LX,0.0,EQ
1984-07,MD,0.0,EQ
1984-07,ND,0.0,EQ
1984-07,NK,0.0,EQ
1984-07,RL,0.0,EQ
1984-07,SP,1.0,EQ
1984-07,XU,0.0,EQ
1984-07,XX,0.0,EQ
1984-07,ZD,0.0,EQ
1984-08,AP,0.0,EQ
1984-08,AX,0.0,EQ
1984-08,CA,0.0,EQ
1984-08,HS,0.0,EQ
1984-08,LX,0.0,EQ
1984-08,MD,0.0,EQ
1984-08,ND,0.0,EQ
1984-08,NK,0.0,EQ
1984-08,RL,0.0,EQ
1984-08,SP,1.0,EQ
1984-08,XU,0.0,EQ
1984-08,XX,0.0,EQ
1984-08,ZD,0.0,EQ
1984-09,AP,0.0,EQ
1984-09,AX,0.0,EQ
1984-09,CA,0.0,EQ
1984-09,HS,0.0,EQ
1984-09,LX,0.0,EQ
1984-09,MD,0.0,EQ
1984-09,ND,0.0,EQ
1984-09,NK,0.0,EQ
1984-09,RL,0.0,EQ
1984-09,SP,1.0,EQ
1984-09,XU,0.0,EQ
1984-09,XX,0.0,EQ
1984-09,ZD,0.0,EQ
1984-10,AP,0.0,EQ
1984-10,AX,0.0,EQ
1984-10,CA,0.0,EQ
1984-10,HS,0.0,EQ
1984-10,LX,0.0,EQ
1984-10,MD,0.0,EQ
1984-10,ND,0.0,EQ
1984-10,NK,0.0,EQ
1984-10,RL,0.0,EQ
1984-10,SP,1.0,EQ
1984-10,XU,0.0,EQ
1984-10,XX,0.0,EQ
1984-10,ZD,0.0,EQ
1984-11,AP,0.0,EQ
1984-11,AX,0.0,EQ
1984-11,CA,0.0,EQ
1984-11,HS,0.0,EQ
1984-11,LX,0.0,EQ
1984-11,MD,0.0,EQ
1984-11,ND,0.0,EQ
1984-11,NK,0.0,EQ
1984-11,RL,0.0,EQ
1984-11,SP,1.0,EQ
1984-11,XU,0.0,EQ
1984-11,XX,0.0,EQ
1984-11,ZD,0.0,EQ
1984-12,AP,0.0,EQ
1984-12,AX,0.0,EQ
1984-12,CA,0.0,EQ
1984-12,HS,0.0,EQ
1984-12,LX,0.0,EQ
1984-12,MD,0.0,EQ
1984-12,ND,0.0,EQ
1984-12,NK,0.0,EQ
1984-12,RL,0.0,EQ
1984-12,SP,1.0,EQ
1984-12,XU,0.0,EQ
1984-12,XX,0.0,EQ
1984-12,ZD,0.0,EQ
1985-01,AP,0.0,EQ
1985-01,AX,0.0,EQ
1985-01,CA,0.0,EQ
1985-01,HS,0.0,EQ
1985-01,LX,0.0,EQ
1985-01,MD,0.0,EQ
1985-01,ND,0.0,EQ
1985-01,NK,0.0,EQ
1985-01,RL,0.0,EQ
1985-01,SP,1.0,EQ
1985-01,XU,0.0,EQ
1985-01,XX,0.0,EQ
1985-01,ZD,0.0,EQ
1985-02,AP,0.0,EQ
1985-02,AX,0.0,EQ
1985-02,CA,0.0,EQ
1985-02,HS,0.0,EQ
1985-02,LX,0.0,EQ
1985-02,MD,0.0,EQ
1985-02,ND,0.0,EQ
1985-02,NK,0.0,EQ
1985-02,RL,0.0,EQ
1985-02,SP,1.0,EQ
1985-02,XU,0.0,EQ
1985-02,XX,0.0,EQ
1985-02,ZD,0.0,EQ
1985-03,AP,0.0,EQ
1985-03,AX,0.0,EQ
1985-03,CA,0.0,EQ
1985-03,HS,0.0,EQ
1985-03,LX,0.0,EQ
1985-03,MD,0.0,EQ
1985-03,ND,0.0,EQ
1985-03,NK,0.0,EQ
1985-03,RL,0.0,EQ
1985-03,SP,1.0,EQ
1985-03,XU,0.0,EQ
1985-03,XX,0.0,EQ
1985-03,ZD,0.0,EQ
1985-04,AP,0.0,EQ
1985-04,AX,0.0,EQ
1985-04,CA,0.0,EQ
1985-04,HS,0.0,EQ
1985-04,LX,0.0,EQ
1985-04,MD,0.0,EQ
1985-04,ND,0.0,EQ
1985-04,NK,0.0,EQ
1985-04,RL,0.0,EQ
1985-04,SP,1.0,EQ
1985-04,XU,0.0,EQ
1985-04,XX,0.0,EQ
1985-04,ZD,0.0,EQ
1985-05,AP,0.0,EQ
1985-05,AX,0.0,EQ
1985-05,CA,0.0,EQ
1985-05,HS,0.0,EQ
1985-05,LX,0.0,EQ
1985-05,MD,0.0,EQ
1985-05,ND,0.0,EQ
1985-05,NK,0.0,EQ
1985-05,RL,0.0,EQ
1985-05,SP,1.0,EQ
1985-05,XU,0.0,EQ
1985-05,XX,0.0,EQ
1985-05,ZD,0.0,EQ
1985-06,AP,0.0,EQ
1985-06,AX,0.0,EQ
1985-06,CA,0.0,EQ
1985-06,HS,0.0,EQ
1985-06,LX,0.0,EQ
1985-06,MD,0.0,EQ
1985-06,ND,0.0,EQ
1985-06,NK,0.0,EQ
1985-06,RL,0.0,EQ
1985-06,SP,1.0,EQ
1985-06,XU,0.0,EQ
1985-06,XX,0.0,EQ
1985-06,ZD,0.0,EQ
1985-07,AP,0.0,EQ
1985-07,AX,0.0,EQ
1985-07,CA,0.0,EQ
1985-07,HS,0.0,EQ
1985-07,LX,0.0,EQ
1985-07,MD,0.0,EQ
1985-07,ND,0.0,EQ
1985-07,NK,0.0,EQ
1985-07,RL,0.0,EQ
1985-07,SP,1.0,EQ
1985-07,XU,0.0,EQ
1985-07,XX,0.0,EQ
1985-07,ZD,0.0,EQ
1985-08,AP,0.0,EQ
1985-08,AX,0.0,EQ
1985-08,CA,0.0,EQ
1985-08,HS,0.0,EQ
1985-08,LX,0.0,EQ
1985-08,MD,0.0,EQ
1985-08,ND,0.0,EQ
1985-08,NK,0.0,EQ
1985-08,RL,0.0,EQ
1985-08,SP,1.0,EQ
1985-08,XU,0.0,EQ
1985-08,XX,0.0,EQ
1985-08,ZD,0.0,EQ
1985-09,AP,0.0,EQ
1985-09,AX,0.0,EQ
1985-09,CA,0.0,EQ
1985-09,HS,0.0,EQ
1985-09,LX,0.0,EQ
1985-09,MD,0.0,EQ
1985-09,ND,0.0,EQ
1985-09,NK,0.0,EQ
1985-09,RL,0.0,EQ
1985-09,SP,1.0,EQ
1985-09,XU,0.0,EQ
1985-09,XX,0.0,EQ
1985-09,ZD,0.0,EQ
1985-10,AP,0.0,EQ
1985-10,AX,0.0,EQ
1985-10,CA,0.0,EQ
1985-10,HS,0.0,EQ
1985-10,LX,0.0,EQ
1985-10,MD,0.0,EQ
1985-10,ND,0.0,EQ
1985-10,NK,0.0,EQ
1985-10,RL,0.0,EQ
1985-10,SP,1.0,EQ
1985-10,XU,0.0,EQ
1985-10,XX,0.0,EQ
1985-10,ZD,0.0,EQ
1985-11,AP,0.0,EQ
1985-11,AX,0.0,EQ
1985-11,CA,0.0,EQ
1985-11,HS,0.0,EQ
1985-11,LX,0.0,EQ
1985-11,MD,0.0,EQ
1985-11,ND,0.0,EQ
1985-11,NK,0.0,EQ
1985-11,RL,0.0,EQ
1985-11,SP,1.0,EQ
1985-11,XU,0.0,EQ
1985-11,XX,0.0,EQ
1985-11,ZD,0.0,EQ
1985-12,AP,0.0,EQ
1985-12,AX,0.0,EQ
1985-12,CA,0.0,EQ
1985-12,HS,0.0,EQ
1985-12,LX,0.0,EQ
1985-12,MD,0.0,EQ
1985-12,ND,0.0,EQ
1985-12,NK,0.0,EQ
1985-12,RL,0.0,EQ
1985-12,SP,1.0,EQ
1985-12,XU,0.0,EQ
1985-12,XX,0.0,EQ
1985-12,ZD,0.0,EQ
1986-01,AP,0.0,EQ
1986-01,AX,0.0,EQ
1986-01,CA,0.0,EQ
1986-01,HS,0.0,EQ
1986-01,LX,0.0,EQ
1986-01,MD,0.0,EQ
1986-01,ND,0.0,EQ
1986-01,NK,0.0,EQ
1986-01,RL,0.0,EQ
1986-01,SP,1.0,EQ
1986-01,XU,0.0,EQ
1986-01,XX,0.0,EQ
1986-01,ZD,0.0,EQ
1986-02,AP,0.0,EQ
1986-02,AX,0.0,EQ
1986-02,CA,0.0,EQ
1986-02,HS,0.0,EQ
1986-02,LX,0.0,EQ
1986-02,MD,0.0,EQ
1986-02,ND,0.0,EQ
1986-02,NK,0.0,EQ
1986-02,RL,0.0,EQ
1986-02,SP,1.0,EQ
1986-02,XU,0.0,EQ
1986-02,XX,0.0,EQ
1986-02,ZD,0.0,EQ
1986-03,AP,0.0,EQ
1986-03,AX,0.0,EQ
1986-03,CA,0.0,EQ
1986-03,HS,0.0,EQ
1986-03,LX,0.0,EQ
1986-03,MD,0.0,EQ
1986-03,ND,0.0,EQ
1986-03,NK,0.0,EQ
1986-03,RL,0.0,EQ
1986-03,SP,1.0,EQ
1986-03,XU,0.0,EQ
1986-03,XX,0.0,EQ
1986-03,ZD,0.0,EQ
1986-04,AP,0.0,EQ
1986-04,AX,0.0,EQ
1986-04,CA,0.0,EQ
1986-04,HS,0.0,EQ
1986-04,LX,0.0,EQ
1986-04,MD,0.0,EQ
1986-04,ND,0.0,EQ
1986-04,NK,0.0,EQ
1986-04,RL,0.0,EQ
1986-04,SP,1.0,EQ
1986-04,XU,0.0,EQ
1986-04,XX,0.0,EQ
1986-04,ZD,0.0,EQ
1986-05,AP,0.0,EQ
1986-05,AX,0.0,EQ
1986-05,CA,0.0,EQ
1986-05,HS,0.0,EQ
1986-05,LX,0.0,EQ
1986-05,MD,0.0,EQ
1986-05,ND,0.0,EQ
1986-05,NK,0.0,EQ
1986-05,RL,0.0,EQ
1986-05,SP,1.0,EQ
1986-05,XU,0.0,EQ
1986-05,XX,0.0,EQ
1986-05,ZD,0.0,EQ
1986-06,AP,0.0,EQ
1986-06,AX,0.0,EQ
1986-06,CA,0.0,EQ
1986-06,HS,0.0,EQ
1986-06,LX,0.0,EQ
1986-06,MD,0.0,EQ
1986-06,ND,0.0,EQ
1986-06,NK,0.0,EQ
1986-06,RL,0.0,EQ
1986-06,SP,1.0,EQ
1986-06,XU,0.0,EQ
1986-06,XX,0.0,EQ
1986-06,ZD,0.0,EQ
1986-07,AP,0.0,EQ
1986-07,AX,0.0,EQ
1986-07,CA,0.0,EQ
1986-07,HS,0.0,EQ
1986-07,LX,0.0,EQ
1986-07,MD,0.0,EQ
1986-07,ND,0.0,EQ
1986-07,NK,0.0,EQ
1986-07,RL,0.0,EQ
1986-07,SP,1.0,EQ
1986-07,XU,0.0,EQ
1986-07,XX,0.0,EQ
1986-07,ZD,0.0,EQ
1986-08,AP,0.0,EQ
1986-08,AX,0.0,EQ
1986-08,CA,0.0,EQ
1986-08,HS,0.0,EQ
1986-08,LX,0.0,EQ
1986-08,MD,0.0,EQ
1986-08,ND,0.0,EQ
1986-08,NK,0.0,EQ
1986-08,RL,0.0,EQ
1986-08,SP,1.0,EQ
1986-08,XU,0.0,EQ
1986-08,XX,0.0,EQ
1986-08,ZD,0.0,EQ
1986-09,AP,0.0,EQ
1986-09,AX,0.0,EQ
1986-09,CA,0.0,EQ
1986-09,HS,0.0,EQ
1986-09,LX,0.0,EQ
1986-09,MD,0.0,EQ
1986-09,ND,0.0,EQ
1986-09,NK,0.0,EQ
1986-09,RL,0.0,EQ
1986-09,SP,1.0,EQ
1986-09,XU,0.0,EQ
1986-09,XX,0.0,EQ
1986-09,ZD,0.0,EQ
1986-10,AP,0.0,EQ
1986-10,AX,0.0,EQ
1986-10,CA,0.0,EQ
1986-10,HS,0.0,EQ
1986-10,LX,0.0,EQ
1986-10,MD,0.0,EQ
1986-10,ND,0.0,EQ
1986-10,NK,0.0,EQ
1986-10,RL,0.0,EQ
1986-10,SP,1.0,EQ
1986-10,XU,0.0,EQ
1986-10,XX,0.0,EQ
1986-10,ZD,0.0,EQ
1986-11,AP,0.0,EQ
1986-11,AX,0.0,EQ
1986-11,CA,0.0,EQ
1986-11,HS,0.0,EQ
1986-11,LX,0.0,EQ
1986-11,MD,0.0,EQ
1986-11,ND,0.0,EQ
1986-11,NK,0.0,EQ
1986-11,RL,0.0,EQ
1986-11,SP,1.0,EQ
1986-11,XU,0.0,EQ
1986-11,XX,0.0,EQ
1986-11,ZD,0.0,EQ
1986-12,AP,0.0,EQ
1986-12,AX,0.0,EQ
1986-12,CA,0.0,EQ
1986-12,HS,0.0,EQ
1986-12,LX,0.0,EQ
1986-12,MD,0.0,EQ
1986-12,ND,0.0,EQ
1986-12,NK,0.0,EQ
1986-12,RL,0.0,EQ
1986-12,SP,1.0,EQ
1986-12,XU,0.0,EQ
1986-12,XX,0.0,EQ
1986-12,ZD,0.0,EQ
1987-01,AP,0.0,EQ
1987-01,AX,0.0,EQ
1987-01,CA,0.0,EQ
1987-01,HS,0.0,EQ
1987-01,LX,0.0,EQ
1987-01,MD,0.0,EQ
1987-01,ND,0.0,EQ
1987-01,NK,0.0,EQ
1987-01,RL,0.0,EQ
1987-01,SP,1.0,EQ
1987-01,XU,0.0,EQ
1987-01,XX,0.0,EQ
1987-01,ZD,0.0,EQ
1987-02,AP,0.0,EQ
1987-02,AX,0.0,EQ
1987-02,CA,0.0,EQ
1987-02,HS,0.0,EQ
1987-02,LX,0.0,EQ
1987-02,MD,0.0,EQ
1987-02,ND,0.0,EQ
1987-02,NK,0.0,EQ
1987-02,RL,0.0,EQ
1987-02,SP,1.0,EQ
1987-02,XU,0.0,EQ
1987-02,XX,0.0,EQ
1987-02,ZD,0.0,EQ
1987-03,AP,0.0,EQ
1987-03,AX,0.0,EQ
1987-03,CA,0.0,EQ
1987-03,HS,0.0,EQ
1987-03,LX,0.0,EQ
1987-03,MD,0.0,EQ
1987-03,ND,0.0,EQ
1987-03,NK,0.0,EQ
1987-03,RL,0.0,EQ
1987-03,SP,1.0,EQ
1987-03,XU,0.0,EQ
1987-03,XX,0.0,EQ
1987-03,ZD,0.0,EQ
1987-04,AP,0.0,EQ
1987-04,AX,0.0,EQ
1987-04,CA,0.0,EQ
1987-04,HS,0.0,EQ
1987-04,LX,0.0,EQ
1987-04,MD,0.0,EQ
1987-04,ND,0.0,EQ
1987-04,NK,0.0,EQ
1987-04,RL,0.0,EQ
1987-04,SP,1.0,EQ
1987-04,XU,0.0,EQ
1987-04,XX,0.0,EQ
1987-04,ZD,0.0,EQ
1987-05,AP,0.0,EQ
1987-05,AX,0.0,EQ
1987-05,CA,0.0,EQ
1987-05,HS,0.0,EQ
1987-05,LX,0.0,EQ
1987-05,MD,0.0,EQ
1987-05,ND,0.0,EQ
1987-05,NK,0.0,EQ
1987-05,RL,0.0,EQ
1987-05,SP,1.0,EQ
1987-05,XU,0.0,EQ
1987-05,XX,0.0,EQ
1987-05,ZD,0.0,EQ
1987-06,AP,0.0,EQ
1987-06,AX,0.0,EQ
1987-06,CA,0.0,EQ
1987-06,HS,0.0,EQ
1987-06,LX,0.0,EQ
1987-06,MD,0.0,EQ
1987-06,ND,0.0,EQ
1987-06,NK,0.0,EQ
1987-06,RL,0.0,EQ
1987-06,SP,1.0,EQ
1987-06,XU,0.0,EQ
1987-06,XX,0.0,EQ
1987-06,ZD,0.0,EQ
1987-07,AP,0.0,EQ
1987-07,AX,0.0,EQ
1987-07,CA,0.0,EQ
1987-07,HS,0.0,EQ
1987-07,LX,0.0,EQ
1987-07,MD,0.0,EQ
1987-07,ND,0.0,EQ
1987-07,NK,0.0,EQ
1987-07,RL,0.0,EQ
1987-07,SP,1.0,EQ
1987-07,XU,0.0,EQ
1987-07,XX,0.0,EQ
1987-07,ZD,0.0,EQ
1987-08,AP,0.0,EQ
1987-08,AX,0.0,EQ
1987-08,CA,0.0,EQ
1987-08,HS,0.0,EQ
1987-08,LX,0.0,EQ
1987-08,MD,0.0,EQ
1987-08,ND,0.0,EQ
1987-08,NK,0.0,EQ
1987-08,RL,0.0,EQ
1987-08,SP,1.0,EQ
1987-08,XU,0.0,EQ
1987-08,XX,0.0,EQ
1987-08,ZD,0.0,EQ
1987-09,AP,0.0,EQ
1987-09,AX,0.0,EQ
1987-09,CA,0.0,EQ
1987-09,HS,0.0,EQ
1987-09,LX,0.0,EQ
1987-09,MD,0.0,EQ
1987-09,ND,0.0,EQ
1987-09,NK,0.0,EQ
1987-09,RL,0.0,EQ
1987-09,SP,1.0,EQ
1987-09,XU,0.0,EQ
1987-09,XX,0.0,EQ
1987-09,ZD,0.0,EQ
1987-10,AP,0.0,EQ
1987-10,AX,0.0,EQ
1987-10,CA,0.0,EQ
1987-10,HS,0.0,EQ
1987-10,LX,0.0,EQ
1987-10,MD,0.0,EQ
1987-10,ND,0.0,EQ
1987-10,NK,0.0,EQ
1987-10,RL,0.0,EQ
1987-10,SP,1.0,EQ
1987-10,XU,0.0,EQ
1987-10,XX,0.0,EQ
1987-10,ZD,0.0,EQ
1987-11,AP,0.0,EQ
1987-11,AX,0.0,EQ
1987-11,CA,0.0,EQ
1987-11,HS,0.0,EQ
1987-11,LX,0.0,EQ
1987-11,MD,0.0,EQ
1987-11,ND,0.0,EQ
1987-11,NK,0.0,EQ
1987-11,RL,0.0,EQ
1987-11,SP,1.0,EQ
1987-11,XU,0.0,EQ
1987-11,XX,0.0,EQ
1987-11,ZD,0.0,EQ
1987-12,AP,0.0,EQ
1987-12,AX,0.0,EQ
1987-12,CA,0.0,EQ
1987-12,HS,0.0,EQ
1987-12,LX,0.0,EQ
1987-12,MD,0.0,EQ
1987-12,ND,0.0,EQ
1987-12,NK,0.0,EQ
1987-12,RL,0.0,EQ
1987-12,SP,1.0,EQ
1987-12,XU,0.0,EQ
1987-12,XX,0.0,EQ
1987-12,ZD,0.0,EQ
1988-01,AP,0.0,EQ
1988-01,AX,0.0,EQ
1988-01,CA,0.0,EQ
1988-01,HS,0.0,EQ
1988-01,LX,0.0,EQ
1988-01,MD,0.0,EQ
1988-01,ND,0.0,EQ
1988-01,NK,0.0,EQ
1988-01,RL,0.0,EQ
1988-01,SP,1.0,EQ
1988-01,XU,0.0,EQ
1988-01,XX,0.0,EQ
1988-01,ZD,0.0,EQ
1988-02,AP,0.0,EQ
1988-02,AX,0.0,EQ
1988-02,CA,0.0,EQ
1988-02,HS,0.0,EQ
1988-02,LX,0.0,EQ
1988-02,MD,0.0,EQ
1988-02,ND,0.0,EQ
1988-02,NK,0.0,EQ
1988-02,RL,0.0,EQ
1988-02,SP,1.0,EQ
1988-02,XU,0.0,EQ
1988-02,XX,0.0,EQ
1988-02,ZD,0.0,EQ
1988-03,AP,0.0,EQ
1988-03,AX,0.0,EQ
1988-03,CA,0.0,EQ
1988-03,HS,0.0,EQ
1988-03,LX,0.0,EQ
1988-03,MD,0.0,EQ
1988-03,ND,0.0,EQ
1988-03,NK,0.0,EQ
1988-03,RL,0.0,EQ
1988-03,SP,1.0,EQ
1988-03,XU,0.0,EQ
1988-03,XX,0.0,EQ
1988-03,ZD,0.0,EQ
1988-04,AP,0.0,EQ
1988-04,AX,0.0,EQ
1988-04,CA,0.0,EQ
1988-04,HS,0.0,EQ
1988-04,LX,0.0,EQ
1988-04,MD,0.0,EQ
1988-04,ND,0.0,EQ
1988-04,NK,0.0,EQ
1988-04,RL,0.0,EQ
1988-04,SP,1.0,EQ
1988-04,XU,0.0,EQ
1988-04,XX,0.0,EQ
1988-04,ZD,0.0,EQ
1988-05,AP,0.0,EQ
1988-05,AX,0.0,EQ
1988-05,CA,0.0,EQ
1988-05,HS,0.0,EQ
1988-05,LX,0.0,EQ
1988-05,MD,0.0,EQ
1988-05,ND,0.0,EQ
1988-05,NK,0.0,EQ
1988-05,RL,0.0,EQ
1988-05,SP,1.0,EQ
1988-05,XU,0.0,EQ
1988-05,XX,0.0,EQ
1988-05,ZD,0.0,EQ
1988-06,AP,0.0,EQ
1988-06,AX,0.0,EQ
1988-06,CA,0.0,EQ
1988-06,HS,0.0,EQ
1988-06,LX,0.0,EQ
1988-06,MD,0.0,EQ
1988-06,ND,0.0,EQ
1988-06,NK,0.0,EQ
1988-06,RL,0.0,EQ
1988-06,SP,1.0,EQ
1988-06,XU,0.0,EQ
1988-06,XX,0.0,EQ
1988-06,ZD,0.0,EQ
1988-07,AP,0.0,EQ
1988-07,AX,0.0,EQ
1988-07,CA,0.0,EQ
1988-07,HS,0.0,EQ
1988-07,LX,0.0,EQ
1988-07,MD,0.0,EQ
1988-07,ND,0.0,EQ
1988-07,NK,0.0,EQ
1988-07,RL,0.0,EQ
1988-07,SP,1.0,EQ
1988-07,XU,0.0,EQ
1988-07,XX,0.0,EQ
1988-07,ZD,0.0,EQ
1988-08,AP,0.0,EQ
1988-08,AX,0.0,EQ
1988-08,CA,0.0,EQ
1988-08,HS,0.0,EQ
1988-08,LX,0.0,EQ
1988-08,MD,0.0,EQ
1988-08,ND,0.0,EQ
1988-08,NK,0.0,EQ
1988-08,RL,0.0,EQ
1988-08,SP,1.0,EQ
1988-08,XU,0.0,EQ
1988-08,XX,0.0,EQ
1988-08,ZD,0.0,EQ
1988-09,AP,0.0,EQ
1988-09,AX,0.0,EQ
1988-09,CA,0.0,EQ
1988-09,HS,0.0,EQ
1988-09,LX,0.0,EQ
1988-09,MD,0.0,EQ
1988-09,ND,0.0,EQ
1988-09,NK,0.0,EQ
1988-09,RL,0.0,EQ
1988-09,SP,1.0,EQ
1988-09,XU,0.0,EQ
1988-09,XX,0.0,EQ
1988-09,ZD,0.0,EQ
1988-10,AP,0.0,EQ
1988-10,AX,0.0,EQ
1988-10,CA,0.0,EQ
1988-10,HS,0.0,EQ
1988-10,LX,0.0,EQ
1988-10,MD,0.0,EQ
1988-10,ND,0.0,EQ
1988-10,NK,0.0,EQ
1988-10,RL,0.0,EQ
1988-10,SP,1.0,EQ
1988-10,XU,0.0,EQ
1988-10,XX,0.0,EQ
1988-10,ZD,0.0,EQ
1988-11,AP,0.0,EQ
1988-11,AX,0.0,EQ
1988-11,CA,0.0,EQ
1988-11,HS,0.0,EQ
1988-11,LX,0.0,EQ
1988-11,MD,0.0,EQ
1988-11,ND,0.0,EQ
1988-11,NK,0.0,EQ
1988-11,RL,0.0,EQ
1988-11,SP,1.0,EQ
1988-11,XU,0.0,EQ
1988-11,XX,0.0,EQ
1988-11,ZD,0.0,EQ
1988-12,AP,0.0,EQ
1988-12,AX,0.0,EQ
1988-12,CA,0.0,EQ
1988-12,HS,0.0,EQ
1988-12,LX,0.0,EQ
1988-12,MD,0.0,EQ
1988-12,ND,0.0,EQ
1988-12,NK,0.0,EQ
1988-12,RL,0.0,EQ
1988-12,SP,1.0,EQ
1988-12,XU,0.0,EQ
1988-12,XX,0.0,EQ
1988-12,ZD,0.0,EQ
1989-01,AP,0.0,EQ
1989-01,AX,0.0,EQ
1989-01,CA,0.0,EQ
1989-01,HS,0.0,EQ
1989-01,LX,0.0,EQ
1989-01,MD,0.0,EQ
1989-01,ND,0.0,EQ
1989-01,NK,0.0,EQ
1989-01,RL,0.0,EQ
1989-01,SP,1.0,EQ
1989-01,XU,0.0,EQ
1989-01,XX,0.0,EQ
1989-01,ZD,0.0,EQ
1989-02,AP,0.0,EQ
1989-02,AX,0.0,EQ
1989-02,CA,0.0,EQ
1989-02,HS,0.0,EQ
1989-02,LX,0.0,EQ
1989-02,MD,0.0,EQ
1989-02,ND,0.0,EQ
1989-02,NK,0.0,EQ
1989-02,RL,0.0,EQ
1989-02,SP,1.0,EQ
1989-02,XU,0.0,EQ
1989-02,XX,0.0,EQ
1989-02,ZD,0.0,EQ
1989-03,AP,0.0,EQ
1989-03,AX,0.0,EQ
1989-03,CA,0.0,EQ
1989-03,HS,0.0,EQ
1989-03,LX,0.0,EQ
1989-03,MD,0.0,EQ
1989-03,ND,0.0,EQ
1989-03,NK,0.0,EQ
1989-03,RL,0.0,EQ
1989-03,SP,1.0,EQ
1989-03,XU,0.0,EQ
1989-03,XX,0.0,EQ
1989-03,ZD,0.0,EQ
1989-04,AP,0.0,EQ
1989-04,AX,0.0,EQ
1989-04,CA,0.0,EQ
1989-04,HS,0.0,EQ
1989-04,LX,0.0,EQ
1989-04,MD,0.0,EQ
1989-04,ND,0.0,EQ
1989-04,NK,0.0,EQ
1989-04,RL,0.0,EQ
1989-04,SP,1.0,EQ
1989-04,XU,0.0,EQ
1989-04,XX,0.0,EQ
1989-04,ZD,0.0,EQ
1989-05,AP,0.0,EQ
1989-05,AX,0.0,EQ
1989-05,CA,0.0,EQ
1989-05,HS,0.0,EQ
1989-05,LX,0.0,EQ
1989-05,MD,0.0,EQ
1989-05,ND,0.0,EQ
1989-05,NK,0.0,EQ
1989-05,RL,0.0,EQ
1989-05,SP,1.0,EQ
1989-05,XU,0.0,EQ
1989-05,XX,0.0,EQ
1989-05,ZD,0.0,EQ
1989-06,AP,0.0,EQ
1989-06,AX,0.0,EQ
1989-06,CA,0.0,EQ
1989-06,HS,0.0,EQ
1989-06,LX,0.0,EQ
1989-06,MD,0.0,EQ
1989-06,ND,0.0,EQ
1989-06,NK,0.0,EQ
1989-06,RL,0.0,EQ
1989-06,SP,1.0,EQ
1989-06,XU,0.0,EQ
1989-06,XX,0.0,EQ
1989-06,ZD,0.0,EQ
1989-07,AP,0.0,EQ
1989-07,AX,0.0,EQ
1989-07,CA,0.0,EQ
1989-07,HS,0.0,EQ
1989-07,LX,0.0,EQ
1989-07,MD,0.0,EQ
1989-07,ND,0.0,EQ
1989-07,NK,0.0,EQ
1989-07,RL,0.0,EQ
1989-07,SP,1.0,EQ
1989-07,XU,0.0,EQ
1989-07,XX,0.0,EQ
1989-07,ZD,0.0,EQ
1989-08,AP,0.0,EQ
1989-08,AX,0.0,EQ
1989-08,CA,0.0,EQ
1989-08,HS,0.0,EQ
1989-08,LX,0.0,EQ
1989-08,MD,0.0,EQ
1989-08,ND,0.0,EQ
1989-08,NK,0.0,EQ
1989-08,RL,0.0,EQ
1989-08,SP,1.0,EQ
1989-08,XU,0.0,EQ
1989-08,XX,0.0,EQ
1989-08,ZD,0.0,EQ
1989-09,AP,0.0,EQ
1989-09,AX,0.0,EQ
1989-09,CA,0.0,EQ
1989-09,HS,0.0,EQ
1989-09,LX,0.0,EQ
1989-09,MD,0.0,EQ
1989-09,ND,0.0,EQ
1989-09,NK,0.0,EQ
1989-09,RL,0.0,EQ
1989-09,SP,1.0,EQ
1989-09,XU,0.0,EQ
1989-09,XX,0.0,EQ
1989-09,ZD,0.0,EQ
1989-10,AP,0.0,EQ
1989-10,AX,0.0,EQ
1989-10,CA,0.0,EQ
1989-10,HS,0.0,EQ
1989-10,LX,0.0,EQ
1989-10,MD,0.0,EQ
1989-10,ND,0.0,EQ
1989-10,NK,0.0,EQ
1989-10,RL,0.0,EQ
1989-10,SP,1.0,EQ
1989-10,XU,0.0,EQ
1989-10,XX,0.0,EQ
1989-10,ZD,0.0,EQ
1989-11,AP,0.0,EQ
1989-11,AX,0.0,EQ
1989-11,CA,0.0,EQ
1989-11,HS,0.0,EQ
1989-11,LX,0.0,EQ
1989-11,MD,0.0,EQ
1989-11,ND,0.0,EQ
1989-11,NK,0.0,EQ
1989-11,RL,0.0,EQ
1989-11,SP,1.0,EQ
1989-11,XU,0.0,EQ
1989-11,XX,0.0,EQ
1989-11,ZD,0.0,EQ
1989-12,AP,0.0,EQ
1989-12,AX,0.0,EQ
1989-12,CA,0.0,EQ
1989-12,HS,0.0,EQ
1989-12,LX,0.0,EQ
1989-12,MD,0.0,EQ
1989-12,ND,0.0,EQ
1989-12,NK,0.0,EQ
1989-12,RL,0.0,EQ
1989-12,SP,1.0,EQ
1989-12,XU,0.0,EQ
1989-12,XX,0.0,EQ
1989-12,ZD,0.0,EQ
1990-01,AP,0.0,EQ
1990-01,AX,0.0,EQ
1990-01,CA,0.0,EQ
1990-01,HS,0.0,EQ
1990-01,LX,0.0,EQ
1990-01,MD,0.0,EQ
1990-01,ND,0.0,EQ
1990-01,NK,0.0,EQ
1990-01,RL,0.0,EQ
1990-01,SP,1.0,EQ
1990-01,XU,0.0,EQ
1990-01,XX,0.0,EQ
1990-01,ZD,0.0,EQ
1990-02,AP,0.0,EQ
1990-02,AX,0.0,EQ
1990-02,CA,0.0,EQ
1990-02,HS,0.0,EQ
1990-02,LX,0.5,EQ
1990-02,MD,0.0,EQ
1990-02,ND,0.0,EQ
1990-02,NK,0.0,EQ
1990-02,RL,0.0,EQ
1990-02,SP,0.5,EQ
1990-02,XU,0.0,EQ
1990-02,XX,0.0,EQ
1990-02,ZD,0.0,EQ
1990-03,AP,0.0,EQ
1990-03,AX,0.0,EQ
1990-03,CA,0.0,EQ
1990-03,HS,0.0,EQ
1990-03,LX,0.5,EQ
1990-03,MD,0.0,EQ
1990-03,ND,0.0,EQ
1990-03,NK,0.0,EQ
1990-03,RL,0.0,EQ
1990-03,SP,0.5,EQ
1990-03,XU,0.0,EQ
1990-03,XX,0.0,EQ
1990-03,ZD,0.0,EQ
1990-04,AP,0.0,EQ
1990-04,AX,0.0,EQ
1990-04,CA,0.0,EQ
1990-04,HS,0.0,EQ
1990-04,LX,0.5,EQ
1990-04,MD,0.0,EQ
1990-04,ND,0.0,EQ
1990-04,NK,0.0,EQ
1990-04,RL,0.0,EQ
1990-04,SP,0.5,EQ
1990-04,XU,0.0,EQ
1990-04,XX,0.0,EQ
1990-04,ZD,0.0,EQ
1990-05,AP,0.0,EQ
1990-05,AX,0.0,EQ
1990-05,CA,0.0,EQ
1990-05,HS,0.0,EQ
1990-05,LX,0.5,EQ
1990-05,MD,0.0,EQ
1990-05,ND,0.0,EQ
1990-05,NK,0.0,EQ
1990-05,RL,0.0,EQ
1990-05,SP,0.5,EQ
1990-05,XU,0.0,EQ
1990-05,XX,0.0,EQ
1990-05,ZD,0.0,EQ
1990-06,AP,0.0,EQ
1990-06,AX,0.0,EQ
1990-06,CA,0.0,EQ
1990-06,HS,0.0,EQ
1990-06,LX,0.5,EQ
1990-06,MD,0.0,EQ
1990-06,ND,0.0,EQ
1990-06,NK,0.0,EQ
1990-06,RL,0.0,EQ
1990-06,SP,0.5,EQ
1990-06,XU,0.0,EQ
1990-06,XX,0.0,EQ
1990-06,ZD,0.0,EQ
1990-07,AP,0.0,EQ
1990-07,AX,0.0,EQ
1990-07,CA,0.0,EQ
1990-07,HS,0.0,EQ
1990-07,LX,0.5,EQ
1990-07,MD,0.0,EQ
1990-07,ND,0.0,EQ
1990-07,NK,0.0,EQ
1990-07,RL,0.0,EQ
1990-07,SP,0.5,EQ
1990-07,XU,0.0,EQ
1990-07,XX,0.0,EQ
1990-07,ZD,0.0,EQ
1990-08,AP,0.0,EQ
1990-08,AX,0.0,EQ
1990-08,CA,0.0,EQ
1990-08,HS,0.0,EQ
1990-08,LX,0.5,EQ
1990-08,MD,0.0,EQ
1990-08,ND,0.0,EQ
1990-08,NK,0.0,EQ
1990-08,RL,0.0,EQ
1990-08,SP,0.5,EQ
1990-08,XU,0.0,EQ
1990-08,XX,0.0,EQ
1990-08,ZD,0.0,EQ
1990-09,AP,0.0,EQ
1990-09,AX,0.0,EQ
1990-09,CA,0.0,EQ
1990-09,HS,0.0,EQ
1990-09,LX,0.5,EQ
1990-09,MD,0.0,EQ
1990-09,ND,0.0,EQ
1990-09,NK,0.0,EQ
1990-09,RL,0.0,EQ
1990-09,SP,0.5,EQ
1990-09,XU,0.0,EQ
1990-09,XX,0.0,EQ
1990-09,ZD,0.0,EQ
1990-10,AP,0.0,EQ
1990-10,AX,0.0,EQ
1990-10,CA,0.0,EQ
1990-10,HS,0.0,EQ
1990-10,LX,0.5,EQ
1990-10,MD,0.0,EQ
1990-10,ND,0.0,EQ
1990-10,NK,0.0,EQ
1990-10,RL,0.0,EQ
1990-10,SP,0.5,EQ
1990-10,XU,0.0,EQ
1990-10,XX,0.0,EQ
1990-10,ZD,0.0,EQ
1990-11,AP,0.0,EQ
1990-11,AX,0.0,EQ
1990-11,CA,0.0,EQ
1990-11,HS,0.0,EQ
1990-11,LX,0.5,EQ
1990-11,MD,0.0,EQ
1990-11,ND,0.0,EQ
1990-11,NK,0.0,EQ
1990-11,RL,0.0,EQ
1990-11,SP,0.5,EQ
1990-11,XU,0.0,EQ
1990-11,XX,0.0,EQ
1990-11,ZD,0.0,EQ
1990-12,AP,0.0,EQ
1990-12,AX,0.0,EQ
1990-12,CA,0.0,EQ
1990-12,HS,0.0,EQ
1990-12,LX,0.5,EQ
1990-12,MD,0.0,EQ
1990-12,ND,0.0,EQ
1990-12,NK,0.0,EQ
1990-12,RL,0.0,EQ
1990-12,SP,0.5,EQ
1990-12,XU,0.0,EQ
1990-12,XX,0.0,EQ
1990-12,ZD,0.0,EQ
1991-01,AP,0.0,EQ
1991-01,AX,0.0,EQ
1991-01,CA,0.0,EQ
1991-01,HS,0.0,EQ
1991-01,LX,0.5,EQ
1991-01,MD,0.0,EQ
1991-01,ND,0.0,EQ
1991-01,NK,0.0,EQ
1991-01,RL,0.0,EQ
1991-01,SP,0.5,EQ
1991-01,XU,0.0,EQ
1991-01,XX,0.0,EQ
1991-01,ZD,0.0,EQ
1991-02,AP,0.0,EQ
1991-02,AX,0.0,EQ
1991-02,CA,0.0,EQ
1991-02,HS,0.0,EQ
1991-02,LX,0.3333333333333333,EQ
1991-02,MD,0.0,EQ
1991-02,ND,0.0,EQ
1991-02,NK,0.3333333333333333,EQ
1991-02,RL,0.0,EQ
1991-02,SP,0.3333333333333333,EQ
1991-02,XU,0.0,EQ
1991-02,XX,0.0,EQ
1991-02,ZD,0.0,EQ
1991-03,AP,0.0,EQ
1991-03,AX,0.0,EQ
1991-03,CA,0.0,EQ
1991-03,HS,0.0,EQ
1991-03,LX,0.3333333333333333,EQ
1991-03,MD,0.0,EQ
1991-03,ND,0.0,EQ
1991-03,NK,0.3333333333333333,EQ
1991-03,RL,0.0,EQ
1991-03,SP,0.3333333333333333,EQ
1991-03,XU,0.0,EQ
1991-03,XX,0.0,EQ
1991-03,ZD,0.0,EQ
1991-04,AP,0.0,EQ
1991-04,AX,0.0,EQ
1991-04,CA,0.0,EQ
1991-04,HS,0.0,EQ
1991-04,LX,0.3333333333333333,EQ
1991-04,MD,0.0,EQ
1991-04,ND,0.0,EQ
1991-04,NK,0.3333333333333333,EQ
1991-04,RL,0.0,EQ
1991-04,SP,0.3333333333333333,EQ
1991-04,XU,0.0,EQ
1991-04,XX,0.0,EQ
1991-04,ZD,0.0,EQ
1991-05,AP,0.0,EQ
1991-05,AX,0.0,EQ
1991-05,CA,0.0,EQ
1991-05,HS,0.0,EQ
1991-05,LX,0.3333333333333333,EQ
1991-05,MD,0.0,EQ
1991-05,ND,0.0,EQ
1991-05,NK,0.3333333333333333,EQ
1991-05,RL,0.0,EQ
1991-05,SP,0.3333333333333333,EQ
1991-05,XU,0.0,EQ
1991-05,XX,0.0,EQ
1991-05,ZD,0.0,EQ
1991-06,AP,0.0,EQ
1991-06,AX,0.0,EQ
1991-06,CA,0.0,EQ
1991-06,HS,0.0,EQ
1991-06,LX,0.3333333333333333,EQ
1991-06,MD,0.0,EQ
1991-06,ND,0.0,EQ
1991-06,NK,0.3333333333333333,EQ
1991-06,RL,0.0,EQ
1991-06,SP,0.3333333333333333,EQ
1991-06,XU,0.0,EQ
1991-06,XX,0.0,EQ
1991-06,ZD,0.0,EQ
1991-07,AP,0.0,EQ
1991-07,AX,0.0,EQ
1991-07,CA,0.0,EQ
1991-07,HS,0.0,EQ
1991-07,LX,0.3333333333333333,EQ
1991-07,MD,0.0,EQ
1991-07,ND,0.0,EQ
1991-07,NK,0.3333333333333333,EQ
1991-07,RL,0.0,EQ
1991-07,SP,0.3333333333333333,EQ
1991-07,XU,0.0,EQ
1991-07,XX,0.0,EQ
1991-07,ZD,0.0,EQ
1991-08,AP,0.0,EQ
1991-08,AX,0.0,EQ
1991-08,CA,0.0,EQ
1991-08,HS,0.0,EQ
1991-08,LX,0.3333333333333333,EQ
1991-08,MD,0.0,EQ
1991-08,ND,0.0,EQ
1991-08,NK,0.3333333333333333,EQ
1991-08,RL,0.0,EQ
1991-08,SP,0.3333333333333333,EQ
1991-08,XU,0.0,EQ
1991-08,XX,0.0,EQ
1991-08,ZD,0.0,EQ
1991-09,AP,0.0,EQ
1991-09,AX,0.0,EQ
1991-09,CA,0.0,EQ
1991-09,HS,0.0,EQ
1991-09,LX,0.3333333333333333,EQ
1991-09,MD,0.0,EQ
1991-09,ND,0.0,EQ
1991-09,NK,0.3333333333333333,EQ
1991-09,RL,0.0,EQ
1991-09,SP,0.3333333333333333,EQ
1991-09,XU,0.0,EQ
1991-09,XX,0.0,EQ
1991-09,ZD,0.0,EQ
1991-10,AP,0.0,EQ
1991-10,AX,0.0,EQ
1991-10,CA,0.0,EQ
1991-10,HS,0.0,EQ
1991-10,LX,0.3333333333333333,EQ
1991-10,MD,0.0,EQ
1991-10,ND,0.0,EQ
1991-10,NK,0.3333333333333333,EQ
1991-10,RL,0.0,EQ
1991-10,SP,0.3333333333333333,EQ
1991-10,XU,0.0,EQ
1991-10,XX,0.0,EQ
1991-10,ZD,0.0,EQ
1991-11,AP,0.0,EQ
1991-11,AX,0.0,EQ
1991-11,CA,0.0,EQ
1991-11,HS,0.0,EQ
1991-11,LX,0.3333333333333333,EQ
1991-11,MD,0.0,EQ
1991-11,ND,0.0,EQ
1991-11,NK,0.3333333333333333,EQ
1991-11,RL,0.0,EQ
1991-11,SP,0.3333333333333333,EQ
1991-11,XU,0.0,EQ
1991-11,XX,0.0,EQ
1991-11,ZD,0.0,EQ
1991-12,AP,0.0,EQ
1991-12,AX,0.0,EQ
1991-12,CA,0.0,EQ
1991-12,HS,0.0,EQ
1991-12,LX,0.3333333333333333,EQ
1991-12,MD,0.0,EQ
1991-12,ND,0.0,EQ
1991-12,NK,0.3333333333333333,EQ
1991-12,RL,0.0,EQ
1991-12,SP,0.3333333333333333,EQ
1991-12,XU,0.0,EQ
1991-12,XX,0.0,EQ
1991-12,ZD,0.0,EQ
1992-01,AP,0.0,EQ
1992-01,AX,0.0,EQ
1992-01,CA,0.0,EQ
1992-01,HS,0.0,EQ
1992-01,LX,0.3333333333333333,EQ
1992-01,MD,0.0,EQ
1992-01,ND,0.0,EQ
1992-01,NK,0.3333333333333333,EQ
1992-01,RL,0.0,EQ
1992-01,SP,0.3333333333333333,EQ
1992-01,XU,0.0,EQ
1992-01,XX,0.0,EQ
1992-01,ZD,0.0,EQ
1992-02,AP,0.0,EQ
1992-02,AX,0.0,EQ
1992-02,CA,0.0,EQ
1992-02,HS,0.0,EQ
1992-02,LX,0.3333333333333333,EQ
1992-02,MD,0.0,EQ
1992-02,ND,0.0,EQ
1992-02,NK,0.3333333333333333,EQ
1992-02,RL,0.0,EQ
1992-02,SP,0.3333333333333333,EQ
1992-02,XU,0.0,EQ
1992-02,XX,0.0,EQ
1992-02,ZD,0.0,EQ
1992-03,AP,0.0,EQ
1992-03,AX,0.0,EQ
1992-03,CA,0.0,EQ
1992-03,HS,0.0,EQ
1992-03,LX,0.25,EQ
1992-03,MD,0.25,EQ
1992-03,ND,0.0,EQ
1992-03,NK,0.25,EQ
1992-03,RL,0.0,EQ
1992-03,SP,0.25,EQ
1992-03,XU,0.0,EQ
1992-03,XX,0.0,EQ
1992-03,ZD,0.0,EQ
1992-04,AP,0.0,EQ
1992-04,AX,0.0,EQ
1992-04,CA,0.0,EQ
1992-04,HS,0.0,EQ
1992-04,LX,0.25,EQ
1992-04,MD,0.25,EQ
1992-04,ND,0.0,EQ
1992-04,NK,0.25,EQ
1992-04,RL,0.0,EQ
1992-04,SP,0.25,EQ
1992-04,XU,0.0,EQ
1992-04,XX,0.0,EQ
1992-04,ZD,0.0,EQ
1992-05,AP,0.0,EQ
1992-05,AX,0.0,EQ
1992-05,CA,0.0,EQ
1992-05,HS,0.0,EQ
1992-05,LX,0.25,EQ
1992-05,MD,0.25,EQ
1992-05,ND,0.0,EQ
1992-05,NK,0.25,EQ
1992-05,RL,0.0,EQ
1992-05,SP,0.25,EQ
1992-05,XU,0.0,EQ
1992-05,XX,0.0,EQ
1992-05,ZD,0.0,EQ
1992-06,AP,0.0,EQ
1992-06,AX,0.0,EQ
1992-06,CA,0.0,EQ
1992-06,HS,0.0,EQ
1992-06,LX,0.25,EQ
1992-06,MD,0.25,EQ
1992-06,ND,0.0,EQ
1992-06,NK,0.25,EQ
1992-06,RL,0.0,EQ
1992-06,SP,0.25,EQ
1992-06,XU,0.0,EQ
1992-06,XX,0.0,EQ
1992-06,ZD,0.0,EQ
1992-07,AP,0.0,EQ
1992-07,AX,0.0,EQ
1992-07,CA,0.0,EQ
1992-07,HS,0.0,EQ
1992-07,LX,0.25,EQ
1992-07,MD,0.25,EQ
1992-07,ND,0.0,EQ
1992-07,NK,0.25,EQ
1992-07,RL,0.0,EQ
1992-07,SP,0.25,EQ
1992-07,XU,0.0,EQ
1992-07,XX,0.0,EQ
1992-07,ZD,0.0,EQ
1992-08,AP,0.0,EQ
1992-08,AX,0.0,EQ
1992-08,CA,0.0,EQ
1992-08,HS,0.0,EQ
1992-08,LX,0.25,EQ
1992-08,MD,0.25,EQ
1992-08,ND,0.0,EQ
1992-08,NK,0.25,EQ
1992-08,RL,0.0,EQ
1992-08,SP,0.25,EQ
1992-08,XU,0.0,EQ
1992-08,XX,0.0,EQ
1992-08,ZD,0.0,EQ
1992-09,AP,0.0,EQ
1992-09,AX,0.0,EQ
1992-09,CA,0.0,EQ
1992-09,HS,0.0,EQ
1992-09,LX,0.25,EQ
1992-09,MD,0.25,EQ
1992-09,ND,0.0,EQ
1992-09,NK,0.25,EQ
1992-09,RL,0.0,EQ
1992-09,SP,0.25,EQ
1992-09,XU,0.0,EQ
1992-09,XX,0.0,EQ
1992-09,ZD,0.0,EQ
1992-10,AP,0.0,EQ
1992-10,AX,0.0,EQ
1992-10,CA,0.0,EQ
1992-10,HS,0.0,EQ
1992-10,LX,0.25,EQ
1992-10,MD,0.25,EQ
1992-10,ND,0.0,EQ
1992-10,NK,0.25,EQ
1992-10,RL,0.0,EQ
1992-10,SP,0.25,EQ
1992-10,XU,0.0,EQ
1992-10,XX,0.0,EQ
1992-10,ZD,0.0,EQ
1992-11,AP,0.0,EQ
1992-11,AX,0.0,EQ
1992-11,CA,0.0,EQ
1992-11,HS,0.0,EQ
1992-11,LX,0.25,EQ
1992-11,MD,0.25,EQ
1992-11,ND,0.0,EQ
1992-11,NK,0.25,EQ
1992-11,RL,0.0,EQ
1992-11,SP,0.25,EQ
1992-11,XU,0.0,EQ
1992-11,XX,0.0,EQ
1992-11,ZD,0.0,EQ
1992-12,AP,0.0,EQ
1992-12,AX,0.0,EQ
1992-12,CA,0.0,EQ
1992-12,HS,0.0,EQ
1992-12,LX,0.25,EQ
1992-12,MD,0.25,EQ
1992-12,ND,0.0,EQ
1992-12,NK,0.25,EQ
1992-12,RL,0.0,EQ
1992-12,SP,0.25,EQ
1992-12,XU,0.0,EQ
1992-12,XX,0.0,EQ
1992-12,ZD,0.0,EQ
1993-01,AP,0.0,EQ
1993-01,AX,0.0,EQ
1993-01,CA,0.0,EQ
1993-01,HS,0.0,EQ
1993-01,LX,0.25,EQ
1993-01,MD,0.25,EQ
1993-01,ND,0.0,EQ
1993-01,NK,0.25,EQ
1993-01,RL,0.0,EQ
1993-01,SP,0.25,EQ
1993-01,XU,0.0,EQ
1993-01,XX,0.0,EQ
1993-01,ZD,0.0,EQ
1993-02,AP,0.0,EQ
1993-02,AX,0.0,EQ
1993-02,CA,0.0,EQ
1993-02,HS,0.0,EQ
1993-02,LX,0.25,EQ
1993-02,MD,0.25,EQ
1993-02,ND,0.0,EQ
1993-02,NK,0.25,EQ
1993-02,RL,0.0,EQ
1993-02,SP,0.25,EQ
1993-02,XU,0.0,EQ
1993-02,XX,0.0,EQ
1993-02,ZD,0.0,EQ
1993-03,AP,0.0,EQ
1993-03,AX,0.0,EQ
1993-03,CA,0.0,EQ
1993-03,HS,0.0,EQ
1993-03,LX,0.2,EQ
1993-03,MD,0.2,EQ
1993-03,ND,0.0,EQ
1993-03,NK,0.2,EQ
1993-03,RL,0.2,EQ
1993-03,SP,0.2,EQ
1993-03,XU,0.0,EQ
1993-03,XX,0.0,EQ
1993-03,ZD,0.0,EQ
1993-04,AP,0.0,EQ
1993-04,AX,0.0,EQ
1993-04,CA,0.0,EQ
1993-04,HS,0.0,EQ
1993-04,LX,0.2,EQ
1993-04,MD,0.2,EQ
1993-04,ND,0.0,EQ
1993-04,NK,0.2,EQ
1993-04,RL,0.2,EQ
1993-04,SP,0.2,EQ
1993-04,XU,0.0,EQ
1993-04,XX,0.0,EQ
1993-04,ZD,0.0,EQ
1993-05,AP,0.0,EQ
1993-05,AX,0.0,EQ
1993-05,CA,0.0,EQ
1993-05,HS,0.0,EQ
1993-05,LX,0.2,EQ
1993-05,MD,0.2,EQ
1993-05,ND,0.0,EQ
1993-05,NK,0.2,EQ
1993-05,RL,0.2,EQ
1993-05,SP,0.2,EQ
1993-05,XU,0.0,EQ
1993-05,XX,0.0,EQ
1993-05,ZD,0.0,EQ
1993-06,AP,0.0,EQ
1993-06,AX,0.0,EQ
1993-06,CA,0.0,EQ
1993-06,HS,0.0,EQ
1993-06,LX,0.2,EQ
1993-06,MD,0.2,EQ
1993-06,ND,0.0,EQ
1993-06,NK,0.2,EQ
1993-06,RL,0.2,EQ
1993-06,SP,0.2,EQ
1993-06,XU,0.0,EQ
1993-06,XX,0.0,EQ
1993-06,ZD,0.0,EQ
1993-07,AP,0.0,EQ
1993-07,AX,0.0,EQ
1993-07,CA,0.0,EQ
1993-07,HS,0.0,EQ
1993-07,LX,0.2,EQ
1993-07,MD,0.2,EQ
1993-07,ND,0.0,EQ
1993-07,NK,0.2,EQ
1993-07,RL,0.2,EQ
1993-07,SP,0.2,EQ
1993-07,XU,0.0,EQ
1993-07,XX,0.0,EQ
1993-07,ZD,0.0,EQ
1993-08,AP,0.0,EQ
1993-08,AX,0.0,EQ
1993-08,CA,0.0,EQ
1993-08,HS,0.0,EQ
1993-08,LX,0.2,EQ
1993-08,MD,0.2,EQ
1993-08,ND,0.0,EQ
1993-08,NK,0.2,EQ
1993-08,RL,0.2,EQ
1993-08,SP,0.2,EQ
1993-08,XU,0.0,EQ
1993-08,XX,0.0,EQ
1993-08,ZD,0.0,EQ
1993-09,AP,0.0,EQ
1993-09,AX,0.0,EQ
1993-09,CA,0.0,EQ
1993-09,HS,0.0,EQ
1993-09,LX,0.2,EQ
1993-09,MD,0.2,EQ
1993-09,ND,0.0,EQ
1993-09,NK,0.2,EQ
1993-09,RL,0.2,EQ
1993-09,SP,0.2,EQ
1993-09,XU,0.0,EQ
1993-09,XX,0.0,EQ
1993-09,ZD,0.0,EQ
1993-10,AP,0.0,EQ
1993-10,AX,0.0,EQ
1993-10,CA,0.0,EQ
1993-10,HS,0.0,EQ
1993-10,LX,0.2,EQ
1993-10,MD,0.2,EQ
1993-10,ND,0.0,EQ
1993-10,NK,0.2,EQ
1993-10,RL,0.2,EQ
1993-10,SP,0.2,EQ
1993-10,XU,0.0,EQ
1993-10,XX,0.0,EQ
1993-10,ZD,0.0,EQ
1993-11,AP,0.0,EQ
1993-11,AX,0.0,EQ
1993-11,CA,0.0,EQ
1993-11,HS,0.0,EQ
1993-11,LX,0.2,EQ
1993-11,MD,0.2,EQ
1993-11,ND,0.0,EQ
1993-11,NK,0.2,EQ
1993-11,RL,0.2,EQ
1993-11,SP,0.2,EQ
1993-11,XU,0.0,EQ
1993-11,XX,0.0,EQ
1993-11,ZD,0.0,EQ
1993-12,AP,0.0,EQ
1993-12,AX,0.0,EQ
1993-12,CA,0.0,EQ
1993-12,HS,0.0,EQ
1993-12,LX,0.2,EQ
1993-12,MD,0.2,EQ
1993-12,ND,0.0,EQ
1993-12,NK,0.2,EQ
1993-12,RL,0.2,EQ
1993-12,SP,0.2,EQ
1993-12,XU,0.0,EQ
1993-12,XX,0.0,EQ
1993-12,ZD,0.0,EQ
1994-01,AP,0.0,EQ
1994-01,AX,0.0,EQ
1994-01,CA,0.0,EQ
1994-01,HS,0.0,EQ
1994-01,LX,0.2,EQ
1994-01,MD,0.2,EQ
1994-01,ND,0.0,EQ
1994-01,NK,0.2,EQ
1994-01,RL,0.2,EQ
1994-01,SP,0.2,EQ
1994-01,XU,0.0,EQ
1994-01,XX,0.0,EQ
1994-01,ZD,0.0,EQ
1994-02,AP,0.0,EQ
1994-02,AX,0.0,EQ
1994-02,CA,0.0,EQ
1994-02,HS,0.0,EQ
1994-02,LX,0.2,EQ
1994-02,MD,0.2,EQ
1994-02,ND,0.0,EQ
1994-02,NK,0.2,EQ
1994-02,RL,0.2,EQ
1994-02,SP,0.2,EQ
1994-02,XU,0.0,EQ
1994-02,XX,0.0,EQ
1994-02,ZD,0.0,EQ
1994-03,AP,0.0,EQ
1994-03,AX,0.0,EQ
1994-03,CA,0.0,EQ
1994-03,HS,0.0,EQ
1994-03,LX,0.2,EQ
1994-03,MD,0.2,EQ
1994-03,ND,0.0,EQ
1994-03,NK,0.2,EQ
1994-03,RL,0.2,EQ
1994-03,SP,0.2,EQ
1994-03,XU,0.0,EQ
1994-03,XX,0.0,EQ
1994-03,ZD,0.0,EQ
1994-04,AP,0.0,EQ
1994-04,AX,0.0,EQ
1994-04,CA,0.0,EQ
1994-04,HS,0.0,EQ
1994-04,LX,0.2,EQ
1994-04,MD,0.2,EQ
1994-04,ND,0.0,EQ
1994-04,NK,0.2,EQ
1994-04,RL,0.2,EQ
1994-04,SP,0.2,EQ
1994-04,XU,0.0,EQ
1994-04,XX,0.0,EQ
1994-04,ZD,0.0,EQ
1994-05,AP,0.0,EQ
1994-05,AX,0.0,EQ
1994-05,CA,0.0,EQ
1994-05,HS,0.0,EQ
1994-05,LX,0.2,EQ
1994-05,MD,0.2,EQ
1994-05,ND,0.0,EQ
1994-05,NK,0.2,EQ
1994-05,RL,0.2,EQ
1994-05,SP,0.2,EQ
1994-05,XU,0.0,EQ
1994-05,XX,0.0,EQ
1994-05,ZD,0.0,EQ
1994-06,AP,0.0,EQ
1994-06,AX,0.0,EQ
1994-06,CA,0.0,EQ
1994-06,HS,0.0,EQ
1994-06,LX,0.2,EQ
1994-06,MD,0.2,EQ
1994-06,ND,0.0,EQ
1994-06,NK,0.2,EQ
1994-06,RL,0.2,EQ
1994-06,SP,0.2,EQ
1994-06,XU,0.0,EQ
1994-06,XX,0.0,EQ
1994-06,ZD,0.0,EQ
1994-07,AP,0.0,EQ
1994-07,AX,0.0,EQ
1994-07,CA,0.0,EQ
1994-07,HS,0.0,EQ
1994-07,LX,0.2,EQ
1994-07,MD,0.2,EQ
1994-07,ND,0.0,EQ
1994-07,NK,0.2,EQ
1994-07,RL,0.2,EQ
1994-07,SP,0.2,EQ
1994-07,XU,0.0,EQ
1994-07,XX,0.0,EQ
1994-07,ZD,0.0,EQ
1994-08,AP,0.0,EQ
1994-08,AX,0.0,EQ
1994-08,CA,0.0,EQ
1994-08,HS,0.0,EQ
1994-08,LX,0.2,EQ
1994-08,MD,0.2,EQ
1994-08,ND,0.0,EQ
1994-08,NK,0.2,EQ
1994-08,RL,0.2,EQ
1994-08,SP,0.2,EQ
1994-08,XU,0.0,EQ
1994-08,XX,0.0,EQ
1994-08,ZD,0.0,EQ
1994-09,AP,0.0,EQ
1994-09,AX,0.0,EQ
1994-09,CA,0.0,EQ
1994-09,HS,0.0,EQ
1994-09,LX,0.2,EQ
1994-09,MD,0.2,EQ
1994-09,ND,0.0,EQ
1994-09,NK,0.2,EQ
1994-09,RL,0.2,EQ
1994-09,SP,0.2,EQ
1994-09,XU,0.0,EQ
1994-09,XX,0.0,EQ
1994-09,ZD,0.0,EQ
1994-10,AP,0.0,EQ
1994-10,AX,0.0,EQ
1994-10,CA,0.0,EQ
1994-10,HS,0.0,EQ
1994-10,LX,0.2,EQ
1994-10,MD,0.2,EQ
1994-10,ND,0.0,EQ
1994-10,NK,0.2,EQ
1994-10,RL,0.2,EQ
1994-10,SP,0.2,EQ
1994-10,XU,0.0,EQ
1994-10,XX,0.0,EQ
1994-10,ZD,0.0,EQ
1994-11,AP,0.0,EQ
1994-11,AX,0.0,EQ
1994-11,CA,0.0,EQ
1994-11,HS,0.0,EQ
1994-11,LX,0.2,EQ
1994-11,MD,0.2,EQ
1994-11,ND,0.0,EQ
1994-11,NK,0.2,EQ
1994-11,RL,0.2,EQ
1994-11,SP,0.2,EQ
1994-11,XU,0.0,EQ
1994-11,XX,0.0,EQ
1994-11,ZD,0.0,EQ
1994-12,AP,0.0,EQ
1994-12,AX,0.0,EQ
1994-12,CA,0.0,EQ
1994-12,HS,0.0,EQ
1994-12,LX,0.2,EQ
1994-12,MD,0.2,EQ
1994-12,ND,0.0,EQ
1994-12,NK,0.2,EQ
1994-12,RL,0.2,EQ
1994-12,SP,0.2,EQ
1994-12,XU,0.0,EQ
1994-12,XX,0.0,EQ
1994-12,ZD,0.0,EQ
1995-01,AP,0.0,EQ
1995-01,AX,0.0,EQ
1995-01,CA,0.0,EQ
1995-01,HS,0.0,EQ
1995-01,LX,0.2,EQ
1995-01,MD,0.2,EQ
1995-01,ND,0.0,EQ
1995-01,NK,0.2,EQ
1995-01,RL,0.2,EQ
1995-01,SP,0.2,EQ
1995-01,XU,0.0,EQ
1995-01,XX,0.0,EQ
1995-01,ZD,0.0,EQ
1995-02,AP,0.0,EQ
1995-02,AX,0.0,EQ
1995-02,CA,0.0,EQ
1995-02,HS,0.0,EQ
1995-02,LX,0.2,EQ
1995-02,MD,0.2,EQ
1995-02,ND,0.0,EQ
1995-02,NK,0.2,EQ
1995-02,RL,0.2,EQ
1995-02,SP,0.2,EQ
1995-02,XU,0.0,EQ
1995-02,XX,0.0,EQ
1995-02,ZD,0.0,EQ
1995-03,AP,0.0,EQ
1995-03,AX,0.0,EQ
1995-03,CA,0.0,EQ
1995-03,HS,0.0,EQ
1995-03,LX,0.2,EQ
1995-03,MD,0.2,EQ
1995-03,ND,0.0,EQ
1995-03,NK,0.2,EQ
1995-03,RL,0.2,EQ
1995-03,SP,0.2,EQ
1995-03,XU,0.0,EQ
1995-03,XX,0.0,EQ
1995-03,ZD,0.0,EQ
1995-04,AP,0.0,EQ
1995-04,AX,0.0,EQ
1995-04,CA,0.0,EQ
1995-04,HS,0.0,EQ
1995-04,LX,0.2,EQ
1995-04,MD,0.2,EQ
1995-04,ND,0.0,EQ
1995-04,NK,0.2,EQ
1995-04,RL,0.2,EQ
1995-04,SP,0.2,EQ
1995-04,XU,0.0,EQ
1995-04,XX,0.0,EQ
1995-04,ZD,0.0,EQ
1995-05,AP,0.0,EQ
1995-05,AX,0.0,EQ
1995-05,CA,0.0,EQ
1995-05,HS,0.0,EQ
1995-05,LX,0.2,EQ
1995-05,MD,0.2,EQ
1995-05,ND,0.0,EQ
1995-05,NK,0.2,EQ
1995-05,RL,0.2,EQ
1995-05,SP,0.2,EQ
1995-05,XU,0.0,EQ
1995-05,XX,0.0,EQ
1995-05,ZD,0.0,EQ
1995-06,AP,0.0,EQ
1995-06,AX,0.0,EQ
1995-06,CA,0.0,EQ
1995-06,HS,0.0,EQ
1995-06,LX,0.2,EQ
1995-06,MD,0.2,EQ
1995-06,ND,0.0,EQ
1995-06,NK,0.2,EQ
1995-06,RL,0.2,EQ
1995-06,SP,0.2,EQ
1995-06,XU,0.0,EQ
1995-06,XX,0.0,EQ
1995-06,ZD,0.0,EQ
1995-07,AP,0.0,EQ
1995-07,AX,0.0,EQ
1995-07,CA,0.0,EQ
1995-07,HS,0.0,EQ
1995-07,LX,0.2,EQ
1995-07,MD,0.2,EQ
1995-07,ND,0.0,EQ
1995-07,NK,0.2,EQ
1995-07,RL,0.2,EQ
1995-07,SP,0.2,EQ
1995-07,XU,0.0,EQ
1995-07,XX,0.0,EQ
1995-07,ZD,0.0,EQ
1995-08,AP,0.0,EQ
1995-08,AX,0.0,EQ
1995-08,CA,0.0,EQ
1995-08,HS,0.0,EQ
1995-08,LX,0.2,EQ
1995-08,MD,0.2,EQ
1995-08,ND,0.0,EQ
1995-08,NK,0.2,EQ
1995-08,RL,0.2,EQ
1995-08,SP,0.2,EQ
1995-08,XU,0.0,EQ
1995-08,XX,0.0,EQ
1995-08,ZD,0.0,EQ
1995-09,AP,0.0,EQ
1995-09,AX,0.0,EQ
1995-09,CA,0.0,EQ
1995-09,HS,0.0,EQ
1995-09,LX,0.2,EQ
1995-09,MD,0.2,EQ
1995-09,ND,0.0,EQ
1995-09,NK,0.2,EQ
1995-09,RL,0.2,EQ
1995-09,SP,0.2,EQ
1995-09,XU,0.0,EQ
1995-09,XX,0.0,EQ
1995-09,ZD,0.0,EQ
1995-10,AP,0.0,EQ
1995-10,AX,0.0,EQ
1995-10,CA,0.0,EQ
1995-10,HS,0.0,EQ
1995-10,LX,0.2,EQ
1995-10,MD,0.2,EQ
1995-10,ND,0.0,EQ
1995-10,NK,0.2,EQ
1995-10,RL,0.2,EQ
1995-10,SP,0.2,EQ
1995-10,XU,0.0,EQ
1995-10,XX,0.0,EQ
1995-10,ZD,0.0,EQ
1995-11,AP,0.0,EQ
1995-11,AX,0.0,EQ
1995-11,CA,0.0,EQ
1995-11,HS,0.0,EQ
1995-11,LX,0.2,EQ
1995-11,MD,0.2,EQ
1995-11,ND,0.0,EQ
1995-11,NK,0.2,EQ
1995-11,RL,0.2,EQ
1995-11,SP,0.2,EQ
1995-11,XU,0.0,EQ
1995-11,XX,0.0,EQ
1995-11,ZD,0.0,EQ
1995-12,AP,0.0,EQ
1995-12,AX,0.0,EQ
1995-12,CA,0.0,EQ
1995-12,HS,0.0,EQ
1995-12,LX,0.2,EQ
1995-12,MD,0.2,EQ
1995-12,ND,0.0,EQ
1995-12,NK,0.2,EQ
1995-12,RL,0.2,EQ
1995-12,SP,0.2,EQ
1995-12,XU,0.0,EQ
1995-12,XX,0.0,EQ
1995-12,ZD,0.0,EQ
1996-01,AP,0.0,EQ
1996-01,AX,0.0,EQ
1996-01,CA,0.0,EQ
1996-01,HS,0.0,EQ
1996-01,LX,0.2,EQ
1996-01,MD,0.2,EQ
1996-01,ND,0.0,EQ
1996-01,NK,0.2,EQ
1996-01,RL,0.2,EQ
1996-01,SP,0.2,EQ
1996-01,XU,0.0,EQ
1996-01,XX,0.0,EQ
1996-01,ZD,0.0,EQ
1996-02,AP,0.0,EQ
1996-02,AX,0.0,EQ
1996-02,CA,0.0,EQ
1996-02,HS,0.0,EQ
1996-02,LX,0.2,EQ
1996-02,MD,0.2,EQ
1996-02,ND,0.0,EQ
1996-02,NK,0.2,EQ
1996-02,RL,0.2,EQ
1996-02,SP,0.2,EQ
1996-02,XU,0.0,EQ
1996-02,XX,0.0,EQ
1996-02,ZD,0.0,EQ
1996-03,AP,0.0,EQ
1996-03,AX,0.0,EQ
1996-03,CA,0.0,EQ
1996-03,HS,0.0,EQ
1996-03,LX,0.2,EQ
1996-03,MD,0.2,EQ
1996-03,ND,0.0,EQ
1996-03,NK,0.2,EQ
1996-03,RL,0.2,EQ
1996-03,SP,0.2,EQ
1996-03,XU,0.0,EQ
1996-03,XX,0.0,EQ
1996-03,ZD,0.0,EQ
1996-04,AP,0.0,EQ
1996-04,AX,0.0,EQ
1996-04,CA,0.0,EQ
1996-04,HS,0.0,EQ
1996-04,LX,0.2,EQ
1996-04,MD,0.2,EQ
1996-04,ND,0.0,EQ
1996-04,NK,0.2,EQ
1996-04,RL,0.2,EQ
1996-04,SP,0.2,EQ
1996-04,XU,0.0,EQ
1996-04,XX,0.0,EQ
1996-04,ZD,0.0,EQ
1996-05,AP,0.0,EQ
1996-05,AX,0.0,EQ
1996-05,CA,0.0,EQ
1996-05,HS,0.0,EQ
1996-05,LX,0.16666666666666666,EQ
1996-05,MD,0.16666666666666666,EQ
1996-05,ND,0.16666666666666666,EQ
1996-05,NK,0.16666666666666666,EQ
1996-05,RL,0.16666666666666666,EQ
1996-05,SP,0.16666666666666666,EQ
1996-05,XU,0.0,EQ
1996-05,XX,0.0,EQ
1996-05,ZD,0.0,EQ
1996-06,AP,0.0,EQ
1996-06,AX,0.0,EQ
1996-06,CA,0.0,EQ
1996-06,HS,0.0,EQ
1996-06,LX,0.16666666666666666,EQ
1996-06,MD,0.16666666666666666,EQ
1996-06,ND,0.16666666666666666,EQ
1996-06,NK,0.16666666666666666,EQ
1996-06,RL,0.16666666666666666,EQ
1996-06,SP,0.16666666666666666,EQ
1996-06,XU,0.0,EQ
1996-06,XX,0.0,EQ
1996-06,ZD,0.0,EQ
1996-07,AP,0.0,EQ
1996-07,AX,0.0,EQ
1996-07,CA,0.0,EQ
1996-07,HS,0.0,EQ
1996-07,LX,0.16666666666666666,EQ
1996-07,MD,0.16666666666666666,EQ
1996-07,ND,0.16666666666666666,EQ
1996-07,NK,0.16666666666666666,EQ
1996-07,RL,0.16666666666666666,EQ
1996-07,SP,0.16666666666666666,EQ
1996-07,XU,0.0,EQ
1996-07,XX,0.0,EQ
1996-07,ZD,0.0,EQ
1996-08,AP,0.0,EQ
1996-08,AX,0.0,EQ
1996-08,CA,0.0,EQ
1996-08,HS,0.0,EQ
1996-08,LX,0.16666666666666666,EQ
1996-08,MD,0.16666666666666666,EQ
1996-08,ND,0.16666666666666666,EQ
1996-08,NK,0.16666666666666666,EQ
1996-08,RL,0.16666666666666666,EQ
1996-08,SP,0.16666666666666666,EQ
1996-08,XU,0.0,EQ
1996-08,XX,0.0,EQ
1996-08,ZD,0.0,EQ
1996-09,AP,0.0,EQ
1996-09,AX,0.0,EQ
1996-09,CA,0.0,EQ
1996-09,HS,0.0,EQ
1996-09,LX,0.16666666666666666,EQ
1996-09,MD,0.16666666666666666,EQ
1996-09,ND,0.16666666666666666,EQ
1996-09,NK,0.16666666666666666,EQ
1996-09,RL,0.16666666666666666,EQ
1996-09,SP,0.16666666666666666,EQ
1996-09,XU,0.0,EQ
1996-09,XX,0.0,EQ
1996-09,ZD,0.0,EQ
1996-10,AP,0.0,EQ
1996-10,AX,0.0,EQ
1996-10,CA,0.0,EQ
1996-10,HS,0.0,EQ
1996-10,LX,0.16666666666666666,EQ
1996-10,MD,0.16666666666666666,EQ
1996-10,ND,0.16666666666666666,EQ
1996-10,NK,0.16666666666666666,EQ
1996-10,RL,0.16666666666666666,EQ
1996-10,SP,0.16666666666666666,EQ
1996-10,XU,0.0,EQ
1996-10,XX,0.0,EQ
1996-10,ZD,0.0,EQ
1996-11,AP,0.0,EQ
1996-11,AX,0.0,EQ
1996-11,CA,0.0,EQ
1996-11,HS,0.0,EQ
1996-11,LX,0.16666666666666666,EQ
1996-11,MD,0.16666666666666666,EQ
1996-11,ND,0.16666666666666666,EQ
1996-11,NK,0.16666666666666666,EQ
1996-11,RL,0.16666666666666666,EQ
1996-11,SP,0.16666666666666666,EQ
1996-11,XU,0.0,EQ
1996-11,XX,0.0,EQ
1996-11,ZD,0.0,EQ
1996-12,AP,0.0,EQ
1996-12,AX,0.0,EQ
1996-12,CA,0.0,EQ
1996-12,HS,0.0,EQ
1996-12,LX,0.16666666666666666,EQ
1996-12,MD,0.16666666666666666,EQ
1996-12,ND,0.16666666666666666,EQ
1996-12,NK,0.16666666666666666,EQ
1996-12,RL,0.16666666666666666,EQ
1996-12,SP,0.16666666666666666,EQ
1996-12,XU,0.0,EQ
1996-12,XX,0.0,EQ
1996-12,ZD,0.0,EQ
1997-01,AP,0.0,EQ
1997-01,AX,0.0,EQ
1997-01,CA,0.0,EQ
1997-01,HS,0.0,EQ
1997-01,LX,0.16666666666666666,EQ
1997-01,MD,0.16666666666666666,EQ
1997-01,ND,0.16666666666666666,EQ
1997-01,NK,0.16666666666666666,EQ
1997-01,RL,0.16666666666666666,EQ
1997-01,SP,0.16666666666666666,EQ
1997-01,XU,0.0,EQ
1997-01,XX,0.0,EQ
1997-01,ZD,0.0,EQ
1997-02,AP,0.0,EQ
1997-02,AX,0.0,EQ
1997-02,CA,0.0,EQ
1997-02,HS,0.0,EQ
1997-02,LX,0.16666666666666666,EQ
1997-02,MD,0.16666666666666666,EQ
1997-02,ND,0.16666666666666666,EQ
1997-02,NK,0.16666666666666666,EQ
1997-02,RL,0.16666666666666666,EQ
1997-02,SP,0.16666666666666666,EQ
1997-02,XU,0.0,EQ
1997-02,XX,0.0,EQ
1997-02,ZD,0.0,EQ
1997-03,AP,0.0,EQ
1997-03,AX,0.0,EQ
1997-03,CA,0.0,EQ
1997-03,HS,0.0,EQ
1997-03,LX,0.16666666666666666,EQ
1997-03,MD,0.16666666666666666,EQ
1997-03,ND,0.16666666666666666,EQ
1997-03,NK,0.16666666666666666,EQ
1997-03,RL,0.16666666666666666,EQ
1997-03,SP,0.16666666666666666,EQ
1997-03,XU,0.0,EQ
1997-03,XX,0.0,EQ
1997-03,ZD,0.0,EQ
1997-04,AP,0.0,EQ
1997-04,AX,0.0,EQ
1997-04,CA,0.0,EQ
1997-04,HS,0.0,EQ
1997-04,LX,0.16666666666666666,EQ
1997-04,MD,0.16666666666666666,EQ
1997-04,ND,0.16666666666666666,EQ
1997-04,NK,0.16666666666666666,EQ
1997-04,RL,0.16666666666666666,EQ
1997-04,SP,0.16666666666666666,EQ
1997-04,XU,0.0,EQ
1997-04,XX,0.0,EQ
1997-04,ZD,0.0,EQ
1997-05,AP,0.0,EQ
1997-05,AX,0.0,EQ
1997-05,CA,0.0,EQ
1997-05,HS,0.0,EQ
1997-05,LX,0.16666666666666666,EQ
1997-05,MD,0.16666666666666666,EQ
1997-05,ND,0.16666666666666666,EQ
1997-05,NK,0.16666666666666666,EQ
1997-05,RL,0.16666666666666666,EQ
1997-05,SP,0.16666666666666666,EQ
1997-05,XU,0.0,EQ
1997-05,XX,0.0,EQ
1997-05,ZD,0.0,EQ
1997-06,AP,0.0,EQ
1997-06,AX,0.0,EQ
1997-06,CA,0.0,EQ
1997-06,HS,0.0,EQ
1997-06,LX,0.16666666666666666,EQ
1997-06,MD,0.16666666666666666,EQ
1997-06,ND,0.16666666666666666,EQ
1997-06,NK,0.16666666666666666,EQ
1997-06,RL,0.16666666666666666,EQ
1997-06,SP,0.16666666666666666,EQ
1997-06,XU,0.0,EQ
1997-06,XX,0.0,EQ
1997-06,ZD,0.0,EQ
1997-07,AP,0.0,EQ
1997-07,AX,0.0,EQ
1997-07,CA,0.0,EQ
1997-07,HS,0.0,EQ
1997-07,LX,0.16666666666666666,EQ
1997-07,MD,0.16666666666666666,EQ
1997-07,ND,0.16666666666666666,EQ
1997-07,NK,0.16666666666666666,EQ
1997-07,RL,0.16666666666666666,EQ
1997-07,SP,0.16666666666666666,EQ
1997-07,XU,0.0,EQ
1997-07,XX,0.0,EQ
1997-07,ZD,0.0,EQ
1997-08,AP,0.0,EQ
1997-08,AX,0.0,EQ
1997-08,CA,0.0,EQ
1997-08,HS,0.0,EQ
1997-08,LX,0.16666666666666666,EQ
1997-08,MD,0.16666666666666666,EQ
1997-08,ND,0.16666666666666666,EQ
1997-08,NK,0.16666666666666666,EQ
1997-08,RL,0.16666666666666666,EQ
1997-08,SP,0.16666666666666666,EQ
1997-08,XU,0.0,EQ
1997-08,XX,0.0,EQ
1997-08,ZD,0.0,EQ
1997-09,AP,0.0,EQ
1997-09,AX,0.0,EQ
1997-09,CA,0.0,EQ
1997-09,HS,0.0,EQ
1997-09,LX,0.16666666666666666,EQ
1997-09,MD,0.16666666666666666,EQ
1997-09,ND,0.16666666666666666,EQ
1997-09,NK,0.16666666666666666,EQ
1997-09,RL,0.16666666666666666,EQ
1997-09,SP,0.16666666666666666,EQ
1997-09,XU,0.0,EQ
1997-09,XX,0.0,EQ
1997-09,ZD,0.0,EQ
1997-10,AP,0.0,EQ
1997-10,AX,0.0,EQ
1997-10,CA,0.0,EQ
1997-10,HS,0.0,EQ
1997-10,LX,0.16666666666666666,EQ
1997-10,MD,0.16666666666666666,EQ
1997-10,ND,0.16666666666666666,EQ
1997-10,NK,0.16666666666666666,EQ
1997-10,RL,0.16666666666666666,EQ
1997-10,SP,0.16666666666666666,EQ
1997-10,XU,0.0,EQ
1997-10,XX,0.0,EQ
1997-10,ZD,0.0,EQ
1997-11,AP,0.0,EQ
1997-11,AX,0.0,EQ
1997-11,CA,0.0,EQ
1997-11,HS,0.14285714285714285,EQ
1997-11,LX,0.14285714285714285,EQ
1997-11,MD,0.14285714285714285,EQ
1997-11,ND,0.14285714285714285,EQ
1997-11,NK,0.14285714285714285,EQ
1997-11,RL,0.14285714285714285,EQ
1997-11,SP,0.14285714285714285,EQ
1997-11,XU,0.0,EQ
1997-11,XX,0.0,EQ
1997-11,ZD,0.0,EQ
1997-12,AP,0.0,EQ
1997-12,AX,0.125,EQ
1997-12,CA,0.0,EQ
1997-12,HS,0.125,EQ
1997-12,LX,0.125,EQ
1997-12,MD,0.125,EQ
1997-12,ND,0.125,EQ
1997-12,NK,0.125,EQ
1997-12,RL,0.125,EQ
1997-12,SP,0.125,EQ
1997-12,XU,0.0,EQ
1997-12,XX,0.0,EQ
1997-12,ZD,0.0,EQ
1998-01,AP,0.0,EQ
1998-01,AX,0.125,EQ
1998-01,CA,0.0,EQ
1998-01,HS,0.125,EQ
1998-01,LX,0.125,EQ
1998-01,MD,0.125,EQ
1998-01,ND,0.125,EQ
1998-01,NK,0.125,EQ
1998-01,RL,0.125,EQ
1998-01,SP,0.125,EQ
1998-01,XU,0.0,EQ
1998-01,XX,0.0,EQ
1998-01,ZD,0.0,EQ
1998-02,AP,0.0,EQ
1998-02,AX,0.125,EQ
1998-02,CA,0.0,EQ
1998-02,HS,0.125,EQ
1998-02,LX,0.125,EQ
1998-02,MD,0.125,EQ
1998-02,ND,0.125,EQ
1998-02,NK,0.125,EQ
1998-02,RL,0.125,EQ
1998-02,SP,0.125,EQ
1998-02,XU,0.0,EQ
1998-02,XX,0.0,EQ
1998-02,ZD,0.0,EQ
1998-03,AP,0.0,EQ
1998-03,AX,0.125,EQ
1998-03,CA,0.0,EQ
1998-03,HS,0.125,EQ
1998-03,LX,0.125,EQ
1998-03,MD,0.125,EQ
1998-03,ND,0.125,EQ
1998-03,NK,0.125,EQ
1998-03,RL,0.125,EQ
1998-03,SP,0.125,EQ
1998-03,XU,0.0,EQ
1998-03,XX,0.0,EQ
1998-03,ZD,0.0,EQ
1998-04,AP,0.0,EQ
1998-04,AX,0.125,EQ
1998-04,CA,0.0,EQ
1998-04,HS,0.125,EQ
1998-04,LX,0.125,EQ
1998-04,MD,0.125,EQ
1998-04,ND,0.125,EQ
1998-04,NK,0.125,EQ
1998-04,RL,0.125,EQ
1998-04,SP,0.125,EQ
1998-04,XU,0.0,EQ
1998-04,XX,0.0,EQ
1998-04,ZD,0.0,EQ
1998-05,AP,0.0,EQ
1998-05,AX,0.1111111111111111,EQ
1998-05,CA,0.0,EQ
1998-05,HS,0.1111111111111111,EQ
1998-05,LX,0.1111111111111111,EQ
1998-05,MD,0.1111111111111111,EQ
1998-05,ND,0.1111111111111111,EQ
1998-05,NK,0.1111111111111111,EQ
1998-05,RL,0.1111111111111111,EQ
1998-05,SP,0.1111111111111111,EQ
1998-05,XU,0.0,EQ
1998-05,XX,0.0,EQ
1998-05,ZD,0.1111111111111111,EQ
1998-06,AP,0.0,EQ
1998-06,AX,0.1111111111111111,EQ
1998-06,CA,0.0,EQ
1998-06,HS,0.1111111111111111,EQ
1998-06,LX,0.1111111111111111,EQ
1998-06,MD,0.1111111111111111,EQ
1998-06,ND,0.1111111111111111,EQ
1998-06,NK,0.1111111111111111,EQ
1998-06,RL,0.1111111111111111,EQ
1998-06,SP,0.1111111111111111,EQ
1998-06,XU,0.0,EQ
1998-06,XX,0.0,EQ
1998-06,ZD,0.1111111111111111,EQ
1998-07,AP,0.0,EQ
1998-07,AX,0.1111111111111111,EQ
1998-07,CA,0.0,EQ
1998-07,HS,0.1111111111111111,EQ
1998-07,LX,0.1111111111111111,EQ
1998-07,MD,0.1111111111111111,EQ
1998-07,ND,0.1111111111111111,EQ
1998-07,NK,0.1111111111111111,EQ
1998-07,RL,0.1111111111111111,EQ
1998-07,SP,0.1111111111111111,EQ
1998-07,XU,0.0,EQ
1998-07,XX,0.0,EQ
1998-07,ZD,0.1111111111111111,EQ
1998-08,AP,0.0,EQ
1998-08,AX,0.1111111111111111,EQ
1998-08,CA,0.0,EQ
1998-08,HS,0.1111111111111111,EQ
1998-08,LX,0.1111111111111111,EQ
1998-08,MD,0.1111111111111111,EQ
1998-08,ND,0.1111111111111111,EQ
1998-08,NK,0.1111111111111111,EQ
1998-08,RL,0.1111111111111111,EQ
1998-08,SP,0.1111111111111111,EQ
1998-08,XU,0.0,EQ
1998-08,XX,0.0,EQ
1998-08,ZD,0.1111111111111111,EQ
1998-09,AP,0.0,EQ
1998-09,AX,0.1111111111111111,EQ
1998-09,CA,0.0,EQ
1998-09,HS,0.1111111111111111,EQ
1998-09,LX,0.1111111111111111,EQ
1998-09,MD,0.1111111111111111,EQ
1998-09,ND,0.1111111111111111,EQ
1998-09,NK,0.1111111111111111,EQ
1998-09,RL,0.1111111111111111,EQ
1998-09,SP,0.1111111111111111,EQ
1998-09,XU,0.0,EQ
1998-09,XX,0.0,EQ
1998-09,ZD,0.1111111111111111,EQ
1998-10,AP,0.0,EQ
1998-10,AX,0.1111111111111111,EQ
1998-10,CA,0.0,EQ
1998-10,HS,0.1111111111111111,EQ
1998-10,LX,0.1111111111111111,EQ
1998-10,MD,0.1111111111111111,EQ
1998-10,ND,0.1111111111111111,EQ
1998-10,NK,0.1111111111111111,EQ
1998-10,RL,0.1111111111111111,EQ
1998-10,SP,0.1111111111111111,EQ
1998-10,XU,0.0,EQ
1998-10,XX,0.0,EQ
1998-10,ZD,0.1111111111111111,EQ
1998-11,AP,0.0,EQ
1998-11,AX,0.1111111111111111,EQ
1998-11,CA,0.0,EQ
1998-11,HS,0.1111111111111111,EQ
1998-11,LX,0.1111111111111111,EQ
1998-11,MD,0.1111111111111111,EQ
1998-11,ND,0.1111111111111111,EQ
1998-11,NK,0.1111111111111111,EQ
1998-11,RL,0.1111111111111111,EQ
1998-11,SP,0.1111111111111111,EQ
1998-11,XU,0.0,EQ
1998-11,XX,0.0,EQ
1998-11,ZD,0.1111111111111111,EQ
1998-12,AP,0.0,EQ
1998-12,AX,0.1111111111111111,EQ
1998-12,CA,0.0,EQ
1998-12,HS,0.1111111111111111,EQ
1998-12,LX,0.1111111111111111,EQ
1998-12,MD,0.1111111111111111,EQ
1998-12,ND,0.1111111111111111,EQ
1998-12,NK,0.1111111111111111,EQ
1998-12,RL,0.1111111111111111,EQ
1998-12,SP,0.1111111111111111,EQ
1998-12,XU,0.0,EQ
1998-12,XX,0.0,EQ
1998-12,ZD,0.1111111111111111,EQ
1999-01,AP,0.0,EQ
1999-01,AX,0.1111111111111111,EQ
1999-01,CA,0.0,EQ
1999-01,HS,0.1111111111111111,EQ
1999-01,LX,0.1111111111111111,EQ
1999-01,MD,0.1111111111111111,EQ
1999-01,ND,0.1111111111111111,EQ
1999-01,NK,0.1111111111111111,EQ
1999-01,RL,0.1111111111111111,EQ
1999-01,SP,0.1111111111111111,EQ
1999-01,XU,0.0,EQ
1999-01,XX,0.0,EQ
1999-01,ZD,0.1111111111111111,EQ
1999-02,AP,0.0,EQ
1999-02,AX,0.1,EQ
1999-02,CA,0.1,EQ
1999-02,HS,0.1,EQ
1999-02,LX,0.1,EQ
1999-02,MD,0.1,EQ
1999-02,ND,0.1,EQ
1999-02,NK,0.1,EQ
1999-02,RL,0.1,EQ
1999-02,SP,0.1,EQ
1999-02,XU,0.0,EQ
1999-02,XX,0.0,EQ
1999-02,ZD,0.1,EQ
1999-03,AP,0.0,EQ
1999-03,AX,0.1,EQ
1999-03,CA,0.1,EQ
1999-03,HS,0.1,EQ
1999-03,LX,0.1,EQ
1999-03,MD,0.1,EQ
1999-03,ND,0.1,EQ
1999-03,NK,0.1,EQ
1999-03,RL,0.1,EQ
1999-03,SP,0.1,EQ
1999-03,XU,0.0,EQ
1999-03,XX,0.0,EQ
1999-03,ZD,0.1,EQ
1999-04,AP,0.0,EQ
1999-04,AX,0.1,EQ
1999-04,CA,0.1,EQ
1999-04,HS,0.1,EQ
1999-04,LX,0.1,EQ
1999-04,MD,0.1,EQ
1999-04,ND,0.1,EQ
1999-04,NK,0.1,EQ
1999-04,RL,0.1,EQ
1999-04,SP,0.1,EQ
1999-04,XU,0.0,EQ
1999-04,XX,0.0,EQ
1999-04,ZD,0.1,EQ
1999-05,AP,0.0,EQ
1999-05,AX,0.1,EQ
1999-05,CA,0.1,EQ
1999-05,HS,0.1,EQ
1999-05,LX,0.1,EQ
1999-05,MD,0.1,EQ
1999-05,ND,0.1,EQ
1999-05,NK,0.1,EQ
1999-05,RL,0.1,EQ
1999-05,SP,0.1,EQ
1999-05,XU,0.0,EQ
1999-05,XX,0.0,EQ
1999-05,ZD,0.1,EQ
1999-06,AP,0.0,EQ
1999-06,AX,0.1,EQ
1999-06,CA,0.1,EQ
1999-06,HS,0.1,EQ
1999-06,LX,0.1,EQ
1999-06,MD,0.1,EQ
1999-06,ND,0.1,EQ
1999-06,NK,0.1,EQ
1999-06,RL,0.1,EQ
1999-06,SP,0.1,EQ
1999-06,XU,0.0,EQ
1999-06,XX,0.0,EQ
1999-06,ZD,0.1,EQ
1999-07,AP,0.0,EQ
1999-07,AX,0.1,EQ
1999-07,CA,0.1,EQ
1999-07,HS,0.1,EQ
1999-07,LX,0.1,EQ
1999-07,MD,0.1,EQ
1999-07,ND,0.1,EQ
1999-07,NK,0.1,EQ
1999-07,RL,0.1,EQ
1999-07,SP,0.1,EQ
1999-07,XU,0.0,EQ
1999-07,XX,0.0,EQ
1999-07,ZD,0.1,EQ
1999-08,AP,0.0,EQ
1999-08,AX,0.1,EQ
1999-08,CA,0.1,EQ
1999-08,HS,0.1,EQ
1999-08,LX,0.1,EQ
1999-08,MD,0.1,EQ
1999-08,ND,0.1,EQ
1999-08,NK,0.1,EQ
1999-08,RL,0.1,EQ
1999-08,SP,0.1,EQ
1999-08,XU,0.0,EQ
1999-08,XX,0.0,EQ
1999-08,ZD,0.1,EQ
1999-09,AP,0.0,EQ
1999-09,AX,0.1,EQ
1999-09,CA,0.1,EQ
1999-09,HS,0.1,EQ
1999-09,LX,0.1,EQ
1999-09,MD,0.1,EQ
1999-09,ND,0.1,EQ
1999-09,NK,0.1,EQ
1999-09,RL,0.1,EQ
1999-09,SP,0.1,EQ
1999-09,XU,0.0,EQ
1999-09,XX,0.0,EQ
1999-09,ZD,0.1,EQ
1999-10,AP,0.0,EQ
1999-10,AX,0.1,EQ
1999-10,CA,0.1,EQ
1999-10,HS,0.1,EQ
1999-10,LX,0.1,EQ
1999-10,MD,0.1,EQ
1999-10,ND,0.1,EQ
1999-10,NK,0.1,EQ
1999-10,RL,0.1,EQ
1999-10,SP,0.1,EQ
1999-10,XU,0.0,EQ
1999-10,XX,0.0,EQ
1999-10,ZD,0.1,EQ
1999-11,AP,0.0,EQ
1999-11,AX,0.1,EQ
1999-11,CA,0.1,EQ
1999-11,HS,0.1,EQ
1999-11,LX,0.1,EQ
1999-11,MD,0.1,EQ
1999-11,ND,0.1,EQ
1999-11,NK,0.1,EQ
1999-11,RL,0.1,EQ
1999-11,SP,0.1,EQ
1999-11,XU,0.0,EQ
1999-11,XX,0.0,EQ
1999-11,ZD,0.1,EQ
1999-12,AP,0.0,EQ
1999-12,AX,0.1,EQ
1999-12,CA,0.1,EQ
1999-12,HS,0.1,EQ
1999-12,LX,0.1,EQ
1999-12,MD,0.1,EQ
1999-12,ND,0.1,EQ
1999-12,NK,0.1,EQ
1999-12,RL,0.1,EQ
1999-12,SP,0.1,EQ
1999-12,XU,0.0,EQ
1999-12,XX,0.0,EQ
1999-12,ZD,0.1,EQ
2000-01,AP,0.0,EQ
2000-01,AX,0.1,EQ
2000-01,CA,0.1,EQ
2000-01,HS,0.1,EQ
2000-01,LX,0.1,EQ
2000-01,MD,0.1,EQ
2000-01,ND,0.1,EQ
2000-01,NK,0.1,EQ
2000-01,RL,0.1,EQ
2000-01,SP,0.1,EQ
2000-01,XU,0.0,EQ
2000-01,XX,0.0,EQ
2000-01,ZD,0.1,EQ
2000-02,AP,0.0,EQ
2000-02,AX,0.1,EQ
2000-02,CA,0.1,EQ
2000-02,HS,0.1,EQ
2000-02,LX,0.1,EQ
2000-02,MD,0.1,EQ
2000-02,ND,0.1,EQ
2000-02,NK,0.1,EQ
2000-02,RL,0.1,EQ
2000-02,SP,0.1,EQ
2000-02,XU,0.0,EQ
2000-02,XX,0.0,EQ
2000-02,ZD,0.1,EQ
2000-03,AP,0.0,EQ
2000-03,AX,0.1,EQ
2000-03,CA,0.1,EQ
2000-03,HS,0.1,EQ
2000-03,LX,0.1,EQ
2000-03,MD,0.1,EQ
2000-03,ND,0.1,EQ
2000-03,NK,0.1,EQ
2000-03,RL,0.1,EQ
2000-03,SP,0.1,EQ
2000-03,XU,0.0,EQ
2000-03,XX,0.0,EQ
2000-03,ZD,0.1,EQ
2000-04,AP,0.0,EQ
2000-04,AX,0.1,EQ
2000-04,CA,0.1,EQ
2000-04,HS,0.1,EQ
2000-04,LX,0.1,EQ
2000-04,MD,0.1,EQ
2000-04,ND,0.1,EQ
2000-04,NK,0.1,EQ
2000-04,RL,0.1,EQ
2000-04,SP,0.1,EQ
2000-04,XU,0.0,EQ
2000-04,XX,0.0,EQ
2000-04,ZD,0.1,EQ
2000-05,AP,0.0,EQ
2000-05,AX,0.1,EQ
2000-05,CA,0.1,EQ
2000-05,HS,0.1,EQ
2000-05,LX,0.1,EQ
2000-05,MD,0.1,EQ
2000-05,ND,0.1,EQ
2000-05,NK,0.1,EQ
2000-05,RL,0.1,EQ
2000-05,SP,0.1,EQ
2000-05,XU,0.0,EQ
2000-05,XX,0.0,EQ
2000-05,ZD,0.1,EQ
2000-06,AP,0.0,EQ
2000-06,AX,0.1,EQ
2000-06,CA,0.1,EQ
2000-06,HS,0.1,EQ
2000-06,LX,0.1,EQ
2000-06,MD,0.1,EQ
2000-06,ND,0.1,EQ
2000-06,NK,0.1,EQ
2000-06,RL,0.1,EQ
2000-06,SP,0.1,EQ
2000-06,XU,0.0,EQ
2000-06,XX,0.0,EQ
2000-06,ZD,0.1,EQ
2000-07,AP,0.0,EQ
2000-07,AX,0.1,EQ
2000-07,CA,0.1,EQ
2000-07,HS,0.1,EQ
2000-07,LX,0.1,EQ
2000-07,MD,0.1,EQ
2000-07,ND,0.1,EQ
2000-07,NK,0.1,EQ
2000-07,RL,0.1,EQ
2000-07,SP,0.1,EQ
2000-07,XU,0.0,EQ
2000-07,XX,0.0,EQ
2000-07,ZD,0.1,EQ
2000-08,AP,0.0,EQ
2000-08,AX,0.1,EQ
2000-08,CA,0.1,EQ
2000-08,HS,0.1,EQ
2000-08,LX,0.1,EQ
2000-08,MD,0.1,EQ
2000-08,ND,0.1,EQ
2000-08,NK,0.1,EQ
2000-08,RL,0.1,EQ
2000-08,SP,0.1,EQ
2000-08,XU,0.0,EQ
2000-08,XX,0.0,EQ
2000-08,ZD,0.1,EQ
2000-09,AP,0.0,EQ
2000-09,AX,0.1,EQ
2000-09,CA,0.1,EQ
2000-09,HS,0.1,EQ
2000-09,LX,0.1,EQ
2000-09,MD,0.1,EQ
2000-09,ND,0.1,EQ
2000-09,NK,0.1,EQ
2000-09,RL,0.1,EQ
2000-09,SP,0.1,EQ
2000-09,XU,0.0,EQ
2000-09,XX,0.0,EQ
2000-09,ZD,0.1,EQ
2000-10,AP,0.0,EQ
2000-10,AX,0.1,EQ
2000-10,CA,0.1,EQ
2000-10,HS,0.1,EQ
2000-10,LX,0.1,EQ
2000-10,MD,0.1,EQ
2000-10,ND,0.1,EQ
2000-10,NK,0.1,EQ
2000-10,RL,0.1,EQ
2000-10,SP,0.1,EQ
2000-10,XU,0.0,EQ
2000-10,XX,0.0,EQ
2000-10,ZD,0.1,EQ
2000-11,AP,0.0,EQ
2000-11,AX,0.1,EQ
2000-11,CA,0.1,EQ
2000-11,HS,0.1,EQ
2000-11,LX,0.1,EQ
2000-11,MD,0.1,EQ
2000-11,ND,0.1,EQ
2000-11,NK,0.1,EQ
2000-11,RL,0.1,EQ
2000-11,SP,0.1,EQ
2000-11,XU,0.0,EQ
2000-11,XX,0.0,EQ
2000-11,ZD,0.1,EQ
2000-12,AP,0.0,EQ
2000-12,AX,0.1,EQ
2000-12,CA,0.1,EQ
2000-12,HS,0.1,EQ
2000-12,LX,0.1,EQ
2000-12,MD,0.1,EQ
2000-12,ND,0.1,EQ
2000-12,NK,0.1,EQ
2000-12,RL,0.1,EQ
2000-12,SP,0.1,EQ
2000-12,XU,0.0,EQ
2000-12,XX,0.0,EQ
2000-12,ZD,0.1,EQ
2001-01,AP,0.0,EQ
2001-01,AX,0.1,EQ
2001-01,CA,0.1,EQ
2001-01,HS,0.1,EQ
2001-01,LX,0.1,EQ
2001-01,MD,0.1,EQ
2001-01,ND,0.1,EQ
2001-01,NK,0.1,EQ
2001-01,RL,0.1,EQ
2001-01,SP,0.1,EQ
2001-01,XU,0.0,EQ
2001-01,XX,0.0,EQ
2001-01,ZD,0.1,EQ
2001-02,AP,0.0,EQ
2001-02,AX,0.1,EQ
2001-02,CA,0.1,EQ
2001-02,HS,0.1,EQ
2001-02,LX,0.1,EQ
2001-02,MD,0.1,EQ
2001-02,ND,0.1,EQ
2001-02,NK,0.1,EQ
2001-02,RL,0.1,EQ
2001-02,SP,0.1,EQ
2001-02,XU,0.0,EQ
2001-02,XX,0.0,EQ
2001-02,ZD,0.1,EQ
2001-03,AP,0.0,EQ
2001-03,AX,0.1,EQ
2001-03,CA,0.1,EQ
2001-03,HS,0.1,EQ
2001-03,LX,0.1,EQ
2001-03,MD,0.1,EQ
2001-03,ND,0.1,EQ
2001-03,NK,0.1,EQ
2001-03,RL,0.1,EQ
2001-03,SP,0.1,EQ
2001-03,XU,0.0,EQ
2001-03,XX,0.0,EQ
2001-03,ZD,0.1,EQ
2001-04,AP,0.0,EQ
2001-04,AX,0.09090909090909091,EQ
2001-04,CA,0.09090909090909091,EQ
2001-04,HS,0.09090909090909091,EQ
2001-04,LX,0.09090909090909091,EQ
2001-04,MD,0.09090909090909091,EQ
2001-04,ND,0.09090909090909091,EQ
2001-04,NK,0.09090909090909091,EQ
2001-04,RL,0.09090909090909091,EQ
2001-04,SP,0.09090909090909091,EQ
2001-04,XU,0.09090909090909091,EQ
2001-04,XX,0.0,EQ
2001-04,ZD,0.09090909090909091,EQ
2001-05,AP,0.0,EQ
2001-05,AX,0.09090909090909091,EQ
2001-05,CA,0.09090909090909091,EQ
2001-05,HS,0.09090909090909091,EQ
2001-05,LX,0.09090909090909091,EQ
2001-05,MD,0.09090909090909091,EQ
2001-05,ND,0.09090909090909091,EQ
2001-05,NK,0.09090909090909091,EQ
2001-05,RL,0.09090909090909091,EQ
2001-05,SP,0.09090909090909091,EQ
2001-05,XU,0.09090909090909091,EQ
2001-05,XX,0.0,EQ
2001-05,ZD,0.09090909090909091,EQ
2001-06,AP,0.0,EQ
2001-06,AX,0.09090909090909091,EQ
2001-06,CA,0.09090909090909091,EQ
2001-06,HS,0.09090909090909091,EQ
2001-06,LX,0.09090909090909091,EQ
2001-06,MD,0.09090909090909091,EQ
2001-06,ND,0.09090909090909091,EQ
2001-06,NK,0.09090909090909091,EQ
2001-06,RL,0.09090909090909091,EQ
2001-06,SP,0.09090909090909091,EQ
2001-06,XU,0.09090909090909091,EQ
2001-06,XX,0.0,EQ
2001-06,ZD,0.09090909090909091,EQ
2001-07,AP,0.0,EQ
2001-07,AX,0.09090909090909091,EQ
2001-07,CA,0.09090909090909091,EQ
2001-07,HS,0.09090909090909091,EQ
2001-07,LX,0.09090909090909091,EQ
2001-07,MD,0.09090909090909091,EQ
2001-07,ND,0.09090909090909091,EQ
2001-07,NK,0.09090909090909091,EQ
2001-07,RL,0.09090909090909091,EQ
2001-07,SP,0.09090909090909091,EQ
2001-07,XU,0.09090909090909091,EQ
2001-07,XX,0.0,EQ
2001-07,ZD,0.09090909090909091,EQ
2001-08,AP,0.0,EQ
2001-08,AX,0.09090909090909091,EQ
2001-08,CA,0.09090909090909091,EQ
2001-08,HS,0.09090909090909091,EQ
2001-08,LX,0.09090909090909091,EQ
2001-08,MD,0.09090909090909091,EQ
2001-08,ND,0.09090909090909091,EQ
2001-08,NK,0.09090909090909091,EQ
2001-08,RL,0.09090909090909091,EQ
2001-08,SP,0.09090909090909091,EQ
2001-08,XU,0.09090909090909091,EQ
2001-08,XX,0.0,EQ
2001-08,ZD,0.09090909090909091,EQ
2001-09,AP,0.0,EQ
2001-09,AX,0.09090909090909091,EQ
2001-09,CA,0.09090909090909091,EQ
2001-09,HS,0.09090909090909091,EQ
2001-09,LX,0.09090909090909091,EQ
2001-09,MD,0.09090909090909091,EQ
2001-09,ND,0.09090909090909091,EQ
2001-09,NK,0.09090909090909091,EQ
2001-09,RL,0.09090909090909091,EQ
2001-09,SP,0.09090909090909091,EQ
2001-09,XU,0.09090909090909091,EQ
2001-09,XX,0.0,EQ
2001-09,ZD,0.09090909090909091,EQ
2001-10,AP,0.0,EQ
2001-10,AX,0.09090909090909091,EQ
2001-10,CA,0.09090909090909091,EQ
2001-10,HS,0.09090909090909091,EQ
2001-10,LX,0.09090909090909091,EQ
2001-10,MD,0.09090909090909091,EQ
2001-10,ND,0.09090909090909091,EQ
2001-10,NK,0.09090909090909091,EQ
2001-10,RL,0.09090909090909091,EQ
2001-10,SP,0.09090909090909091,EQ
2001-10,XU,0.09090909090909091,EQ
2001-10,XX,0.0,EQ
2001-10,ZD,0.09090909090909091,EQ
2001-11,AP,0.0,EQ
2001-11,AX,0.09090909090909091,EQ
2001-11,CA,0.09090909090909091,EQ
2001-11,HS,0.09090909090909091,EQ
2001-11,LX,0.09090909090909091,EQ
2001-11,MD,0.09090909090909091,EQ
2001-11,ND,0.09090909090909091,EQ
2001-11,NK,0.09090909090909091,EQ
2001-11,RL,0.09090909090909091,EQ
2001-11,SP,0.09090909090909091,EQ
2001-11,XU,0.09090909090909091,EQ
2001-11,XX,0.0,EQ
2001-11,ZD,0.09090909090909091,EQ
2001-12,AP,0.0,EQ
2001-12,AX,0.09090909090909091,EQ
2001-12,CA,0.09090909090909091,EQ
2001-12,HS,0.09090909090909091,EQ
2001-12,LX,0.09090909090909091,EQ
2001-12,MD,0.09090909090909091,EQ
2001-12,ND,0.09090909090909091,EQ
2001-12,NK,0.09090909090909091,EQ
2001-12,RL,0.09090909090909091,EQ
2001-12,SP,0.09090909090909091,EQ
2001-12,XU,0.09090909090909091,EQ
2001-12,XX,0.0,EQ
2001-12,ZD,0.09090909090909091,EQ
2002-01,AP,0.0,EQ
2002-01,AX,0.09090909090909091,EQ
2002-01,CA,0.09090909090909091,EQ
2002-01,HS,0.09090909090909091,EQ
2002-01,LX,0.09090909090909091,EQ
2002-01,MD,0.09090909090909091,EQ
2002-01,ND,0.09090909090909091,EQ
2002-01,NK,0.09090909090909091,EQ
2002-01,RL,0.09090909090909091,EQ
2002-01,SP,0.09090909090909091,EQ
2002-01,XU,0.09090909090909091,EQ
2002-01,XX,0.0,EQ
2002-01,ZD,0.09090909090909091,EQ
2002-02,AP,0.0,EQ
2002-02,AX,0.09090909090909091,EQ
2002-02,CA,0.09090909090909091,EQ
2002-02,HS,0.09090909090909091,EQ
2002-02,LX,0.09090909090909091,EQ
2002-02,MD,0.09090909090909091,EQ
2002-02,ND,0.09090909090909091,EQ
2002-02,NK,0.09090909090909091,EQ
2002-02,RL,0.09090909090909091,EQ
2002-02,SP,0.09090909090909091,EQ
2002-02,XU,0.09090909090909091,EQ
2002-02,XX,0.0,EQ
2002-02,ZD,0.09090909090909091,EQ
2002-03,AP,0.0,EQ
2002-03,AX,0.09090909090909091,EQ
2002-03,CA,0.09090909090909091,EQ
2002-03,HS,0.09090909090909091,EQ
2002-03,LX,0.09090909090909091,EQ
2002-03,MD,0.09090909090909091,EQ
2002-03,ND,0.09090909090909091,EQ
2002-03,NK,0.09090909090909091,EQ
2002-03,RL,0.09090909090909091,EQ
2002-03,SP,0.09090909090909091,EQ
2002-03,XU,0.09090909090909091,EQ
2002-03,XX,0.0,EQ
2002-03,ZD,0.09090909090909091,EQ
2002-04,AP,0.0,EQ
2002-04,AX,0.09090909090909091,EQ
2002-04,CA,0.09090909090909091,EQ
2002-04,HS,0.09090909090909091,EQ
2002-04,LX,0.09090909090909091,EQ
2002-04,MD,0.09090909090909091,EQ
2002-04,ND,0.09090909090909091,EQ
2002-04,NK,0.09090909090909091,EQ
2002-04,RL,0.09090909090909091,EQ
2002-04,SP,0.09090909090909091,EQ
2002-04,XU,0.09090909090909091,EQ
2002-04,XX,0.0,EQ
2002-04,ZD,0.09090909090909091,EQ
2002-05,AP,0.0,EQ
2002-05,AX,0.09090909090909091,EQ
2002-05,CA,0.09090909090909091,EQ
2002-05,HS,0.09090909090909091,EQ
2002-05,LX,0.09090909090909091,EQ
2002-05,MD,0.09090909090909091,EQ
2002-05,ND,0.09090909090909091,EQ
2002-05,NK,0.09090909090909091,EQ
2002-05,RL,0.09090909090909091,EQ
2002-05,SP,0.09090909090909091,EQ
2002-05,XU,0.09090909090909091,EQ
2002-05,XX,0.0,EQ
2002-05,ZD,0.09090909090909091,EQ
2002-06,AP,0.0,EQ
2002-06,AX,0.09090909090909091,EQ
2002-06,CA,0.09090909090909091,EQ
2002-06,HS,0.09090909090909091,EQ
2002-06,LX,0.09090909090909091,EQ
2002-06,MD,0.09090909090909091,EQ
2002-06,ND,0.09090909090909091,EQ
2002-06,NK,0.09090909090909091,EQ
2002-06,RL,0.09090909090909091,EQ
2002-06,SP,0.09090909090909091,EQ
2002-06,XU,0.09090909090909091,EQ
2002-06,XX,0.0,EQ
2002-06,ZD,0.09090909090909091,EQ
2002-07,AP,0.0,EQ
2002-07,AX,0.08333333333333333,EQ
2002-07,CA,0.08333333333333333,EQ
2002-07,HS,0.08333333333333333,EQ
2002-07,LX,0.08333333333333333,EQ
2002-07,MD,0.08333333333333333,EQ
2002-07,ND,0.08333333333333333,EQ
2002-07,NK,0.08333333333333333,EQ
2002-07,RL,0.08333333333333333,EQ
2002-07,SP,0.08333333333333333,EQ
2002-07,XU,0.08333333333333333,EQ
2002-07,XX,0.08333333333333333,EQ
2002-07,ZD,0.08333333333333333,EQ
2002-08,AP,0.0,EQ
2002-08,AX,0.08333333333333333,EQ
2002-08,CA,0.08333333333333333,EQ
2002-08,HS,0.08333333333333333,EQ
2002-08,LX,0.08333333333333333,EQ
2002-08,MD,0.08333333333333333,EQ
2002-08,ND,0.08333333333333333,EQ
2002-08,NK,0.08333333333333333,EQ
2002-08,RL,0.08333333333333333,EQ
2002-08,SP,0.08333333333333333,EQ
2002-08,XU,0.08333333333333333,EQ
2002-08,XX,0.08333333333333333,EQ
2002-08,ZD,0.08333333333333333,EQ
2002-09,AP,0.0,EQ
2002-09,AX,0.08333333333333333,EQ
2002-09,CA,0.08333333333333333,EQ
2002-09,HS,0.08333333333333333,EQ
2002-09,LX,0.08333333333333333,EQ
2002-09,MD,0.08333333333333333,EQ
2002-09,ND,0.08333333333333333,EQ
2002-09,NK,0.08333333333333333,EQ
2002-09,RL,0.08333333333333333,EQ
2002-09,SP,0.08333333333333333,EQ
2002-09,XU,0.08333333333333333,EQ
2002-09,XX,0.08333333333333333,EQ
2002-09,ZD,0.08333333333333333,EQ
2002-10,AP,0.0,EQ
2002-10,AX,0.08333333333333333,EQ
2002-10,CA,0.08333333333333333,EQ
2002-10,HS,0.08333333333333333,EQ
2002-10,LX,0.08333333333333333,EQ
2002-10,MD,0.08333333333333333,EQ
2002-10,ND,0.08333333333333333,EQ
2002-10,NK,0.08333333333333333,EQ
2002-10,RL,0.08333333333333333,EQ
2002-10,SP,0.08333333333333333,EQ
2002-10,XU,0.08333333333333333,EQ
2002-10,XX,0.08333333333333333,EQ
2002-10,ZD,0.08333333333333333,EQ
2002-11,AP,0.0,EQ
2002-11,AX,0.08333333333333333,EQ
2002-11,CA,0.08333333333333333,EQ
2002-11,HS,0.08333333333333333,EQ
2002-11,LX,0.08333333333333333,EQ
2002-11,MD,0.08333333333333333,EQ
2002-11,ND,0.08333333333333333,EQ
2002-11,NK,0.08333333333333333,EQ
2002-11,RL,0.08333333333333333,EQ
2002-11,SP,0.08333333333333333,EQ
2002-11,XU,0.08333333333333333,EQ
2002-11,XX,0.08333333333333333,EQ
2002-11,ZD,0.08333333333333333,EQ
2002-12,AP,0.0,EQ
2002-12,AX,0.08333333333333333,EQ
2002-12,CA,0.08333333333333333,EQ
2002-12,HS,0.08333333333333333,EQ
2002-12,LX,0.08333333333333333,EQ
2002-12,MD,0.08333333333333333,EQ
2002-12,ND,0.08333333333333333,EQ
2002-12,NK,0.08333333333333333,EQ
2002-12,RL,0.08333333333333333,EQ
2002-12,SP,0.08333333333333333,EQ
2002-12,XU,0.08333333333333333,EQ
2002-12,XX,0.08333333333333333,EQ
2002-12,ZD,0.08333333333333333,EQ
2003-01,AP,0.0,EQ
2003-01,AX,0.08333333333333333,EQ
2003-01,CA,0.08333333333333333,EQ
2003-01,HS,0.08333333333333333,EQ
2003-01,LX,0.08333333333333333,EQ
2003-01,MD,0.08333333333333333,EQ
2003-01,ND,0.08333333333333333,EQ
2003-01,NK,0.08333333333333333,EQ
2003-01,RL,0.08333333333333333,EQ
2003-01,SP,0.08333333333333333,EQ
2003-01,XU,0.08333333333333333,EQ
2003-01,XX,0.08333333333333333,EQ
2003-01,ZD,0.08333333333333333,EQ
2003-02,AP,0.0,EQ
2003-02,AX,0.08333333333333333,EQ
2003-02,CA,0.08333333333333333,EQ
2003-02,HS,0.08333333333333333,EQ
2003-02,LX,0.08333333333333333,EQ
2003-02,MD,0.08333333333333333,EQ
2003-02,ND,0.08333333333333333,EQ
2003-02,NK,0.08333333333333333,EQ
2003-02,RL,0.08333333333333333,EQ
2003-02,SP,0.08333333333333333,EQ
2003-02,XU,0.08333333333333333,EQ
2003-02,XX,0.08333333333333333,EQ
2003-02,ZD,0.08333333333333333,EQ
2003-03,AP,0.0,EQ
2003-03,AX,0.08333333333333333,EQ
2003-03,CA,0.08333333333333333,EQ
2003-03,HS,0.08333333333333333,EQ
2003-03,LX,0.08333333333333333,EQ
2003-03,MD,0.08333333333333333,EQ
2003-03,ND,0.08333333333333333,EQ
2003-03,NK,0.08333333333333333,EQ
2003-03,RL,0.08333333333333333,EQ
2003-03,SP,0.08333333333333333,EQ
2003-03,XU,0.08333333333333333,EQ
2003-03,XX,0.08333333333333333,EQ
2003-03,ZD,0.08333333333333333,EQ
2003-04,AP,0.0,EQ
2003-04,AX,0.08333333333333333,EQ
2003-04,CA,0.08333333333333333,EQ
2003-04,HS,0.08333333333333333,EQ
2003-04,LX,0.08333333333333333,EQ
2003-04,MD,0.08333333333333333,EQ
2003-04,ND,0.08333333333333333,EQ
2003-04,NK,0.08333333333333333,EQ
2003-04,RL,0.08333333333333333,EQ
2003-04,SP,0.08333333333333333,EQ
2003-04,XU,0.08333333333333333,EQ
2003-04,XX,0.08333333333333333,EQ
2003-04,ZD,0.08333333333333333,EQ
2003-05,AP,0.0,EQ
2003-05,AX,0.08333333333333333,EQ
2003-05,CA,0.08333333333333333,EQ
2003-05,HS,0.08333333333333333,EQ
2003-05,LX,0.08333333333333333,EQ
2003-05,MD,0.08333333333333333,EQ
2003-05,ND,0.08333333333333333,EQ
2003-05,NK,0.08333333333333333,EQ
2003-05,RL,0.08333333333333333,EQ
2003-05,SP,0.08333333333333333,EQ
2003-05,XU,0.08333333333333333,EQ
2003-05,XX,0.08333333333333333,EQ
2003-05,ZD,0.08333333333333333,EQ
2003-06,AP,0.0,EQ
2003-06,AX,0.08333333333333333,EQ
2003-06,CA,0.08333333333333333,EQ
2003-06,HS,0.08333333333333333,EQ
2003-06,LX,0.08333333333333333,EQ
2003-06,MD,0.08333333333333333,EQ
2003-06,ND,0.08333333333333333,EQ
2003-06,NK,0.08333333333333333,EQ
2003-06,RL,0.08333333333333333,EQ
2003-06,SP,0.08333333333333333,EQ
2003-06,XU,0.08333333333333333,EQ
2003-06,XX,0.08333333333333333,EQ
2003-06,ZD,0.08333333333333333,EQ
2003-07,AP,0.0,EQ
2003-07,AX,0.08333333333333333,EQ
2003-07,CA,0.08333333333333333,EQ
2003-07,HS,0.08333333333333333,EQ
2003-07,LX,0.08333333333333333,EQ
2003-07,MD,0.08333333333333333,EQ
2003-07,ND,0.08333333333333333,EQ
2003-07,NK,0.08333333333333333,EQ
2003-07,RL,0.08333333333333333,EQ
2003-07,SP,0.08333333333333333,EQ
2003-07,XU,0.08333333333333333,EQ
2003-07,XX,0.08333333333333333,EQ
2003-07,ZD,0.08333333333333333,EQ
2003-08,AP,0.0,EQ
2003-08,AX,0.08333333333333333,EQ
2003-08,CA,0.08333333333333333,EQ
2003-08,HS,0.08333333333333333,EQ
2003-08,LX,0.08333333333333333,EQ
2003-08,MD,0.08333333333333333,EQ
2003-08,ND,0.08333333333333333,EQ
2003-08,NK,0.08333333333333333,EQ
2003-08,RL,0.08333333333333333,EQ
2003-08,SP,0.08333333333333333,EQ
2003-08,XU,0.08333333333333333,EQ
2003-08,XX,0.08333333333333333,EQ
2003-08,ZD,0.08333333333333333,EQ
2003-09,AP,0.0,EQ
2003-09,AX,0.08333333333333333,EQ
2003-09,CA,0.08333333333333333,EQ
2003-09,HS,0.08333333333333333,EQ
2003-09,LX,0.08333333333333333,EQ
2003-09,MD,0.08333333333333333,EQ
2003-09,ND,0.08333333333333333,EQ
2003-09,NK,0.08333333333333333,EQ
2003-09,RL,0.08333333333333333,EQ
2003-09,SP,0.08333333333333333,EQ
2003-09,XU,0.08333333333333333,EQ
2003-09,XX,0.08333333333333333,EQ
2003-09,ZD,0.08333333333333333,EQ
2003-10,AP,0.0,EQ
2003-10,AX,0.08333333333333333,EQ
2003-10,CA,0.08333333333333333,EQ
2003-10,HS,0.08333333333333333,EQ
2003-10,LX,0.08333333333333333,EQ
2003-10,MD,0.08333333333333333,EQ
2003-10,ND,0.08333333333333333,EQ
2003-10,NK,0.08333333333333333,EQ
2003-10,RL,0.08333333333333333,EQ
2003-10,SP,0.08333333333333333,EQ
2003-10,XU,0.08333333333333333,EQ
2003-10,XX,0.08333333333333333,EQ
2003-10,ZD,0.08333333333333333,EQ
2003-11,AP,0.0,EQ
2003-11,AX,0.08333333333333333,EQ
2003-11,CA,0.08333333333333333,EQ
2003-11,HS,0.08333333333333333,EQ
2003-11,LX,0.08333333333333333,EQ
2003-11,MD,0.08333333333333333,EQ
2003-11,ND,0.08333333333333333,EQ
2003-11,NK,0.08333333333333333,EQ
2003-11,RL,0.08333333333333333,EQ
2003-11,SP,0.08333333333333333,EQ
2003-11,XU,0.08333333333333333,EQ
2003-11,XX,0.08333333333333333,EQ
2003-11,ZD,0.08333333333333333,EQ
2003-12,AP,0.0,EQ
2003-12,AX,0.08333333333333333,EQ
2003-12,CA,0.08333333333333333,EQ
2003-12,HS,0.08333333333333333,EQ
2003-12,LX,0.08333333333333333,EQ
2003-12,MD,0.08333333333333333,EQ
2003-12,ND,0.08333333333333333,EQ
2003-12,NK,0.08333333333333333,EQ
2003-12,RL,0.08333333333333333,EQ
2003-12,SP,0.08333333333333333,EQ
2003-12,XU,0.08333333333333333,EQ
2003-12,XX,0.08333333333333333,EQ
2003-12,ZD,0.08333333333333333,EQ
2004-01,AP,0.0,EQ
2004-01,AX,0.08333333333333333,EQ
2004-01,CA,0.08333333333333333,EQ
2004-01,HS,0.08333333333333333,EQ
2004-01,LX,0.08333333333333333,EQ
2004-01,MD,0.08333333333333333,EQ
2004-01,ND,0.08333333333333333,EQ
2004-01,NK,0.08333333333333333,EQ
2004-01,RL,0.08333333333333333,EQ
2004-01,SP,0.08333333333333333,EQ
2004-01,XU,0.08333333333333333,EQ
2004-01,XX,0.08333333333333333,EQ
2004-01,ZD,0.08333333333333333,EQ
2004-02,AP,0.0,EQ
2004-02,AX,0.08333333333333333,EQ
2004-02,CA,0.08333333333333333,EQ
2004-02,HS,0.08333333333333333,EQ
2004-02,LX,0.08333333333333333,EQ
2004-02,MD,0.08333333333333333,EQ
2004-02,ND,0.08333333333333333,EQ
2004-02,NK,0.08333333333333333,EQ
2004-02,RL,0.08333333333333333,EQ
2004-02,SP,0.08333333333333333,EQ
2004-02,XU,0.08333333333333333,EQ
2004-02,XX,0.08333333333333333,EQ
2004-02,ZD,0.08333333333333333,EQ
2004-03,AP,0.0,EQ
2004-03,AX,0.08333333333333333,EQ
2004-03,CA,0.08333333333333333,EQ
2004-03,HS,0.08333333333333333,EQ
2004-03,LX,0.08333333333333333,EQ
2004-03,MD,0.08333333333333333,EQ
2004-03,ND,0.08333333333333333,EQ
2004-03,NK,0.08333333333333333,EQ
2004-03,RL,0.08333333333333333,EQ
2004-03,SP,0.08333333333333333,EQ
2004-03,XU,0.08333333333333333,EQ
2004-03,XX,0.08333333333333333,EQ
2004-03,ZD,0.08333333333333333,EQ
2004-04,AP,0.0,EQ
2004-04,AX,0.08333333333333333,EQ
2004-04,CA,0.08333333333333333,EQ
2004-04,HS,0.08333333333333333,EQ
2004-04,LX,0.08333333333333333,EQ
2004-04,MD,0.08333333333333333,EQ
2004-04,ND,0.08333333333333333,EQ
2004-04,NK,0.08333333333333333,EQ
2004-04,RL,0.08333333333333333,EQ
2004-04,SP,0.08333333333333333,EQ
2004-04,XU,0.08333333333333333,EQ
2004-04,XX,0.08333333333333333,EQ
2004-04,ZD,0.08333333333333333,EQ
2004-05,AP,0.0,EQ
2004-05,AX,0.08333333333333333,EQ
2004-05,CA,0.08333333333333333,EQ
2004-05,HS,0.08333333333333333,EQ
2004-05,LX,0.08333333333333333,EQ
2004-05,MD,0.08333333333333333,EQ
2004-05,ND,0.08333333333333333,EQ
2004-05,NK,0.08333333333333333,EQ
2004-05,RL,0.08333333333333333,EQ
2004-05,SP,0.08333333333333333,EQ
2004-05,XU,0.08333333333333333,EQ
2004-05,XX,0.08333333333333333,EQ
2004-05,ZD,0.08333333333333333,EQ
2004-06,AP,0.0,EQ
2004-06,AX,0.08333333333333333,EQ
2004-06,CA,0.08333333333333333,EQ
2004-06,HS,0.08333333333333333,EQ
2004-06,LX,0.08333333333333333,EQ
2004-06,MD,0.08333333333333333,EQ
2004-06,ND,0.08333333333333333,EQ
2004-06,NK,0.08333333333333333,EQ
2004-06,RL,0.08333333333333333,EQ
2004-06,SP,0.08333333333333333,EQ
2004-06,XU,0.08333333333333333,EQ
2004-06,XX,0.08333333333333333,EQ
2004-06,ZD,0.08333333333333333,EQ
2004-07,AP,0.0,EQ
2004-07,AX,0.08333333333333333,EQ
2004-07,CA,0.08333333333333333,EQ
2004-07,HS,0.08333333333333333,EQ
2004-07,LX,0.08333333333333333,EQ
2004-07,MD,0.08333333333333333,EQ
2004-07,ND,0.08333333333333333,EQ
2004-07,NK,0.08333333333333333,EQ
2004-07,RL,0.08333333333333333,EQ
2004-07,SP,0.08333333333333333,EQ
2004-07,XU,0.08333333333333333,EQ
2004-07,XX,0.08333333333333333,EQ
2004-07,ZD,0.08333333333333333,EQ
2004-08,AP,0.0,EQ
2004-08,AX,0.08333333333333333,EQ
2004-08,CA,0.08333333333333333,EQ
2004-08,HS,0.08333333333333333,EQ
2004-08,LX,0.08333333333333333,EQ
2004-08,MD,0.08333333333333333,EQ
2004-08,ND,0.08333333333333333,EQ
2004-08,NK,0.08333333333333333,EQ
2004-08,RL,0.08333333333333333,EQ
2004-08,SP,0.08333333333333333,EQ
2004-08,XU,0.08333333333333333,EQ
2004-08,XX,0.08333333333333333,EQ
2004-08,ZD,0.08333333333333333,EQ
2004-09,AP,0.0,EQ
2004-09,AX,0.08333333333333333,EQ
2004-09,CA,0.08333333333333333,EQ
2004-09,HS,0.08333333333333333,EQ
2004-09,LX,0.08333333333333333,EQ
2004-09,MD,0.08333333333333333,EQ
2004-09,ND,0.08333333333333333,EQ
2004-09,NK,0.08333333333333333,EQ
2004-09,RL,0.08333333333333333,EQ
2004-09,SP,0.08333333333333333,EQ
2004-09,XU,0.08333333333333333,EQ
2004-09,XX,0.08333333333333333,EQ
2004-09,ZD,0.08333333333333333,EQ
2004-10,AP,0.0,EQ
2004-10,AX,0.08333333333333333,EQ
2004-10,CA,0.08333333333333333,EQ
2004-10,HS,0.08333333333333333,EQ
2004-10,LX,0.08333333333333333,EQ
2004-10,MD,0.08333333333333333,EQ
2004-10,ND,0.08333333333333333,EQ
2004-10,NK,0.08333333333333333,EQ
2004-10,RL,0.08333333333333333,EQ
2004-10,SP,0.08333333333333333,EQ
2004-10,XU,0.08333333333333333,EQ
2004-10,XX,0.08333333333333333,EQ
2004-10,ZD,0.08333333333333333,EQ
2004-11,AP,0.0,EQ
2004-11,AX,0.08333333333333333,EQ
2004-11,CA,0.08333333333333333,EQ
2004-11,HS,0.08333333333333333,EQ
2004-11,LX,0.08333333333333333,EQ
2004-11,MD,0.08333333333333333,EQ
2004-11,ND,0.08333333333333333,EQ
2004-11,NK,0.08333333333333333,EQ
2004-11,RL,0.08333333333333333,EQ
2004-11,SP,0.08333333333333333,EQ
2004-11,XU,0.08333333333333333,EQ
2004-11,XX,0.08333333333333333,EQ
2004-11,ZD,0.08333333333333333,EQ
2004-12,AP,0.0,EQ
2004-12,AX,0.08333333333333333,EQ
2004-12,CA,0.08333333333333333,EQ
2004-12,HS,0.08333333333333333,EQ
2004-12,LX,0.08333333333333333,EQ
2004-12,MD,0.08333333333333333,EQ
2004-12,ND,0.08333333333333333,EQ
2004-12,NK,0.08333333333333333,EQ
2004-12,RL,0.08333333333333333,EQ
2004-12,SP,0.08333333333333333,EQ
2004-12,XU,0.08333333333333333,EQ
2004-12,XX,0.08333333333333333,EQ
2004-12,ZD,0.08333333333333333,EQ
2005-01,AP,0.0,EQ
2005-01,AX,0.08333333333333333,EQ
2005-01,CA,0.08333333333333333,EQ
2005-01,HS,0.08333333333333333,EQ
2005-01,LX,0.08333333333333333,EQ
2005-01,MD,0.08333333333333333,EQ
2005-01,ND,0.08333333333333333,EQ
2005-01,NK,0.08333333333333333,EQ
2005-01,RL,0.08333333333333333,EQ
2005-01,SP,0.08333333333333333,EQ
2005-01,XU,0.08333333333333333,EQ
2005-01,XX,0.08333333333333333,EQ
2005-01,ZD,0.08333333333333333,EQ
2005-02,AP,0.0,EQ
2005-02,AX,0.08333333333333333,EQ
2005-02,CA,0.08333333333333333,EQ
2005-02,HS,0.08333333333333333,EQ
2005-02,LX,0.08333333333333333,EQ
2005-02,MD,0.08333333333333333,EQ
2005-02,ND,0.08333333333333333,EQ
2005-02,NK,0.08333333333333333,EQ
2005-02,RL,0.08333333333333333,EQ
2005-02,SP,0.08333333333333333,EQ
2005-02,XU,0.08333333333333333,EQ
2005-02,XX,0.08333333333333333,EQ
2005-02,ZD,0.08333333333333333,EQ
2005-03,AP,0.0,EQ
2005-03,AX,0.08333333333333333,EQ
2005-03,CA,0.08333333333333333,EQ
2005-03,HS,0.08333333333333333,EQ
2005-03,LX,0.08333333333333333,EQ
2005-03,MD,0.08333333333333333,EQ
2005-03,ND,0.08333333333333333,EQ
2005-03,NK,0.08333333333333333,EQ
2005-03,RL,0.08333333333333333,EQ
2005-03,SP,0.08333333333333333,EQ
2005-03,XU,0.08333333333333333,EQ
2005-03,XX,0.08333333333333333,EQ
2005-03,ZD,0.08333333333333333,EQ
2005-04,AP,0.0,EQ
2005-04,AX,0.08333333333333333,EQ
2005-04,CA,0.08333333333333333,EQ
2005-04,HS,0.08333333333333333,EQ
2005-04,LX,0.08333333333333333,EQ
2005-04,MD,0.08333333333333333,EQ
2005-04,ND,0.08333333333333333,EQ
2005-04,NK,0.08333333333333333,EQ
2005-04,RL,0.08333333333333333,EQ
2005-04,SP,0.08333333333333333,EQ
2005-04,XU,0.08333333333333333,EQ
2005-04,XX,0.08333333333333333,EQ
2005-04,ZD,0.08333333333333333,EQ
2005-05,AP,0.0,EQ
2005-05,AX,0.08333333333333333,EQ
2005-05,CA,0.08333333333333333,EQ
2005-05,HS,0.08333333333333333,EQ
2005-05,LX,0.08333333333333333,EQ
2005-05,MD,0.08333333333333333,EQ
2005-05,ND,0.08333333333333333,EQ
2005-05,NK,0.08333333333333333,EQ
2005-05,RL,0.08333333333333333,EQ
2005-05,SP,0.08333333333333333,EQ
2005-05,XU,0.08333333333333333,EQ
2005-05,XX,0.08333333333333333,EQ
2005-05,ZD,0.08333333333333333,EQ
2005-06,AP,0.0,EQ
2005-06,AX,0.08333333333333333,EQ
2005-06,CA,0.08333333333333333,EQ
2005-06,HS,0.08333333333333333,EQ
2005-06,LX,0.08333333333333333,EQ
2005-06,MD,0.08333333333333333,EQ
2005-06,ND,0.08333333333333333,EQ
2005-06,NK,0.08333333333333333,EQ
2005-06,RL,0.08333333333333333,EQ
2005-06,SP,0.08333333333333333,EQ
2005-06,XU,0.08333333333333333,EQ
2005-06,XX,0.08333333333333333,EQ
2005-06,ZD,0.08333333333333333,EQ
2005-07,AP,0.0,EQ
2005-07,AX,0.08333333333333333,EQ
2005-07,CA,0.08333333333333333,EQ
2005-07,HS,0.08333333333333333,EQ
2005-07,LX,0.08333333333333333,EQ
2005-07,MD,0.08333333333333333,EQ
2005-07,ND,0.08333333333333333,EQ
2005-07,NK,0.08333333333333333,EQ
2005-07,RL,0.08333333333333333,EQ
2005-07,SP,0.08333333333333333,EQ
2005-07,XU,0.08333333333333333,EQ
2005-07,XX,0.08333333333333333,EQ
2005-07,ZD,0.08333333333333333,EQ
2005-08,AP,0.0,EQ
2005-08,AX,0.08333333333333333,EQ
2005-08,CA,0.08333333333333333,EQ
2005-08,HS,0.08333333333333333,EQ
2005-08,LX,0.08333333333333333,EQ
2005-08,MD,0.08333333333333333,EQ
2005-08,ND,0.08333333333333333,EQ
2005-08,NK,0.08333333333333333,EQ
2005-08,RL,0.08333333333333333,EQ
2005-08,SP,0.08333333333333333,EQ
2005-08,XU,0.08333333333333333,EQ
2005-08,XX,0.08333333333333333,EQ
2005-08,ZD,0.08333333333333333,EQ
2005-09,AP,0.0,EQ
2005-09,AX,0.08333333333333333,EQ
2005-09,CA,0.08333333333333333,EQ
2005-09,HS,0.08333333333333333,EQ
2005-09,LX,0.08333333333333333,EQ
2005-09,MD,0.08333333333333333,EQ
2005-09,ND,0.08333333333333333,EQ
2005-09,NK,0.08333333333333333,EQ
2005-09,RL,0.08333333333333333,EQ
2005-09,SP,0.08333333333333333,EQ
2005-09,XU,0.08333333333333333,EQ
2005-09,XX,0.08333333333333333,EQ
2005-09,ZD,0.08333333333333333,EQ
2005-10,AP,0.0,EQ
2005-10,AX,0.08333333333333333,EQ
2005-10,CA,0.08333333333333333,EQ
2005-10,HS,0.08333333333333333,EQ
2005-10,LX,0.08333333333333333,EQ
2005-10,MD,0.08333333333333333,EQ
2005-10,ND,0.08333333333333333,EQ
2005-10,NK,0.08333333333333333,EQ
2005-10,RL,0.08333333333333333,EQ
2005-10,SP,0.08333333333333333,EQ
2005-10,XU,0.08333333333333333,EQ
2005-10,XX,0.08333333333333333,EQ
2005-10,ZD,0.08333333333333333,EQ
2005-11,AP,0.0,EQ
2005-11,AX,0.08333333333333333,EQ
2005-11,CA,0.08333333333333333,EQ
2005-11,HS,0.08333333333333333,EQ
2005-11,LX,0.08333333333333333,EQ
2005-11,MD,0.08333333333333333,EQ
2005-11,ND,0.08333333333333333,EQ
2005-11,NK,0.08333333333333333,EQ
2005-11,RL,0.08333333333333333,EQ
2005-11,SP,0.08333333333333333,EQ
2005-11,XU,0.08333333333333333,EQ
2005-11,XX,0.08333333333333333,EQ
2005-11,ZD,0.08333333333333333,EQ
2005-12,AP,0.0,EQ
2005-12,AX,0.08333333333333333,EQ
2005-12,CA,0.08333333333333333,EQ
2005-12,HS,0.08333333333333333,EQ
2005-12,LX,0.08333333333333333,EQ
2005-12,MD,0.08333333333333333,EQ
2005-12,ND,0.08333333333333333,EQ
2005-12,NK,0.08333333333333333,EQ
2005-12,RL,0.08333333333333333,EQ
2005-12,SP,0.08333333333333333,EQ
2005-12,XU,0.08333333333333333,EQ
2005-12,XX,0.08333333333333333,EQ
2005-12,ZD,0.08333333333333333,EQ
2006-01,AP,0.0,EQ
2006-01,AX,0.08333333333333333,EQ
2006-01,CA,0.08333333333333333,EQ
2006-01,HS,0.08333333333333333,EQ
2006-01,LX,0.08333333333333333,EQ
2006-01,MD,0.08333333333333333,EQ
2006-01,ND,0.08333333333333333,EQ
2006-01,NK,0.08333333333333333,EQ
2006-01,RL,0.08333333333333333,EQ
2006-01,SP,0.08333333333333333,EQ
2006-01,XU,0.08333333333333333,EQ
2006-01,XX,0.08333333333333333,EQ
2006-01,ZD,0.08333333333333333,EQ
2006-02,AP,0.0,EQ
2006-02,AX,0.08333333333333333,EQ
2006-02,CA,0.08333333333333333,EQ
2006-02,HS,0.08333333333333333,EQ
2006-02,LX,0.08333333333333333,EQ
2006-02,MD,0.08333333333333333,EQ
2006-02,ND,0.08333333333333333,EQ
2006-02,NK,0.08333333333333333,EQ
2006-02,RL,0.08333333333333333,EQ
2006-02,SP,0.08333333333333333,EQ
2006-02,XU,0.08333333333333333,EQ
2006-02,XX,0.08333333333333333,EQ
2006-02,ZD,0.08333333333333333,EQ
2006-03,AP,0.0,EQ
2006-03,AX,0.08333333333333333,EQ
2006-03,CA,0.08333333333333333,EQ
2006-03,HS,0.08333333333333333,EQ
2006-03,LX,0.08333333333333333,EQ
2006-03,MD,0.08333333333333333,EQ
2006-03,ND,0.08333333333333333,EQ
2006-03,NK,0.08333333333333333,EQ
2006-03,RL,0.08333333333333333,EQ
2006-03,SP,0.08333333333333333,EQ
2006-03,XU,0.08333333333333333,EQ
2006-03,XX,0.08333333333333333,EQ
2006-03,ZD,0.08333333333333333,EQ
2006-04,AP,0.0,EQ
2006-04,AX,0.08333333333333333,EQ
2006-04,CA,0.08333333333333333,EQ
2006-04,HS,0.08333333333333333,EQ
2006-04,LX,0.08333333333333333,EQ
2006-04,MD,0.08333333333333333,EQ
2006-04,ND,0.08333333333333333,EQ
2006-04,NK,0.08333333333333333,EQ
2006-04,RL,0.08333333333333333,EQ
2006-04,SP,0.08333333333333333,EQ
2006-04,XU,0.08333333333333333,EQ
2006-04,XX,0.08333333333333333,EQ
2006-04,ZD,0.08333333333333333,EQ
2006-05,AP,0.0,EQ
2006-05,AX,0.08333333333333333,EQ
2006-05,CA,0.08333333333333333,EQ
2006-05,HS,0.08333333333333333,EQ
2006-05,LX,0.08333333333333333,EQ
2006-05,MD,0.08333333333333333,EQ
2006-05,ND,0.08333333333333333,EQ
2006-05,NK,0.08333333333333333,EQ
2006-05,RL,0.08333333333333333,EQ
2006-05,SP,0.08333333333333333,EQ
2006-05,XU,0.08333333333333333,EQ
2006-05,XX,0.08333333333333333,EQ
2006-05,ZD,0.08333333333333333,EQ
2006-06,AP,0.0,EQ
2006-06,AX,0.08333333333333333,EQ
2006-06,CA,0.08333333333333333,EQ
2006-06,HS,0.08333333333333333,EQ
2006-06,LX,0.08333333333333333,EQ
2006-06,MD,0.08333333333333333,EQ
2006-06,ND,0.08333333333333333,EQ
2006-06,NK,0.08333333333333333,EQ
2006-06,RL,0.08333333333333333,EQ
2006-06,SP,0.08333333333333333,EQ
2006-06,XU,0.08333333333333333,EQ
2006-06,XX,0.08333333333333333,EQ
2006-06,ZD,0.08333333333333333,EQ
2006-07,AP,0.0,EQ
2006-07,AX,0.08333333333333333,EQ
2006-07,CA,0.08333333333333333,EQ
2006-07,HS,0.08333333333333333,EQ
2006-07,LX,0.08333333333333333,EQ
2006-07,MD,0.08333333333333333,EQ
2006-07,ND,0.08333333333333333,EQ
2006-07,NK,0.08333333333333333,EQ
2006-07,RL,0.08333333333333333,EQ
2006-07,SP,0.08333333333333333,EQ
2006-07,XU,0.08333333333333333,EQ
2006-07,XX,0.08333333333333333,EQ
2006-07,ZD,0.08333333333333333,EQ
2006-08,AP,0.0,EQ
2006-08,AX,0.08333333333333333,EQ
2006-08,CA,0.08333333333333333,EQ
2006-08,HS,0.08333333333333333,EQ
2006-08,LX,0.08333333333333333,EQ
2006-08,MD,0.08333333333333333,EQ
2006-08,ND,0.08333333333333333,EQ
2006-08,NK,0.08333333333333333,EQ
2006-08,RL,0.08333333333333333,EQ
2006-08,SP,0.08333333333333333,EQ
2006-08,XU,0.08333333333333333,EQ
2006-08,XX,0.08333333333333333,EQ
2006-08,ZD,0.08333333333333333,EQ
2006-09,AP,0.0,EQ
2006-09,AX,0.08333333333333333,EQ
2006-09,CA,0.08333333333333333,EQ
2006-09,HS,0.08333333333333333,EQ
2006-09,LX,0.08333333333333333,EQ
2006-09,MD,0.08333333333333333,EQ
2006-09,ND,0.08333333333333333,EQ
2006-09,NK,0.08333333333333333,EQ
2006-09,RL,0.08333333333333333,EQ
2006-09,SP,0.08333333333333333,EQ
2006-09,XU,0.08333333333333333,EQ
2006-09,XX,0.08333333333333333,EQ
2006-09,ZD,0.08333333333333333,EQ
2006-10,AP,0.0,EQ
2006-10,AX,0.08333333333333333,EQ
2006-10,CA,0.08333333333333333,EQ
2006-10,HS,0.08333333333333333,EQ
2006-10,LX,0.08333333333333333,EQ
2006-10,MD,0.08333333333333333,EQ
2006-10,ND,0.08333333333333333,EQ
2006-10,NK,0.08333333333333333,EQ
2006-10,RL,0.08333333333333333,EQ
2006-10,SP,0.08333333333333333,EQ
2006-10,XU,0.08333333333333333,EQ
2006-10,XX,0.08333333333333333,EQ
2006-10,ZD,0.08333333333333333,EQ
2006-11,AP,0.0,EQ
2006-11,AX,0.08333333333333333,EQ
2006-11,CA,0.08333333333333333,EQ
2006-11,HS,0.08333333333333333,EQ
2006-11,LX,0.08333333333333333,EQ
2006-11,MD,0.08333333333333333,EQ
2006-11,ND,0.08333333333333333,EQ
2006-11,NK,0.08333333333333333,EQ
2006-11,RL,0.08333333333333333,EQ
2006-11,SP,0.08333333333333333,EQ
2006-11,XU,0.08333333333333333,EQ
2006-11,XX,0.08333333333333333,EQ
2006-11,ZD,0.08333333333333333,EQ
2006-12,AP,0.0,EQ
2006-12,AX,0.08333333333333333,EQ
2006-12,CA,0.08333333333333333,EQ
2006-12,HS,0.08333333333333333,EQ
2006-12,LX,0.08333333333333333,EQ
2006-12,MD,0.08333333333333333,EQ
2006-12,ND,0.08333333333333333,EQ
2006-12,NK,0.08333333333333333,EQ
2006-12,RL,0.08333333333333333,EQ
2006-12,SP,0.08333333333333333,EQ
2006-12,XU,0.08333333333333333,EQ
2006-12,XX,0.08333333333333333,EQ
2006-12,ZD,0.08333333333333333,EQ
2007-01,AP,0.0,EQ
2007-01,AX,0.08333333333333333,EQ
2007-01,CA,0.08333333333333333,EQ
2007-01,HS,0.08333333333333333,EQ
2007-01,LX,0.08333333333333333,EQ
2007-01,MD,0.08333333333333333,EQ
2007-01,ND,0.08333333333333333,EQ
2007-01,NK,0.08333333333333333,EQ
2007-01,RL,0.08333333333333333,EQ
2007-01,SP,0.08333333333333333,EQ
2007-01,XU,0.08333333333333333,EQ
2007-01,XX,0.08333333333333333,EQ
2007-01,ZD,0.08333333333333333,EQ
2007-02,AP,0.0,EQ
2007-02,AX,0.08333333333333333,EQ
2007-02,CA,0.08333333333333333,EQ
2007-02,HS,0.08333333333333333,EQ
2007-02,LX,0.08333333333333333,EQ
2007-02,MD,0.08333333333333333,EQ
2007-02,ND,0.08333333333333333,EQ
2007-02,NK,0.08333333333333333,EQ
2007-02,RL,0.08333333333333333,EQ
2007-02,SP,0.08333333333333333,EQ
2007-02,XU,0.08333333333333333,EQ
2007-02,XX,0.08333333333333333,EQ
2007-02,ZD,0.08333333333333333,EQ
2007-03,AP,0.0,EQ
2007-03,AX,0.08333333333333333,EQ
2007-03,CA,0.08333333333333333,EQ
2007-03,HS,0.08333333333333333,EQ
2007-03,LX,0.08333333333333333,EQ
2007-03,MD,0.08333333333333333,EQ
2007-03,ND,0.08333333333333333,EQ
2007-03,NK,0.08333333333333333,EQ
2007-03,RL,0.08333333333333333,EQ
2007-03,SP,0.08333333333333333,EQ
2007-03,XU,0.08333333333333333,EQ
2007-03,XX,0.08333333333333333,EQ
2007-03,ZD,0.08333333333333333,EQ
2007-04,AP,0.0,EQ
2007-04,AX,0.08333333333333333,EQ
2007-04,CA,0.08333333333333333,EQ
2007-04,HS,0.08333333333333333,EQ
2007-04,LX,0.08333333333333333,EQ
2007-04,MD,0.08333333333333333,EQ
2007-04,ND,0.08333333333333333,EQ
2007-04,NK,0.08333333333333333,EQ
2007-04,RL,0.08333333333333333,EQ
2007-04,SP,0.08333333333333333,EQ
2007-04,XU,0.08333333333333333,EQ
2007-04,XX,0.08333333333333333,EQ
2007-04,ZD,0.08333333333333333,EQ
2007-05,AP,0.0,EQ
2007-05,AX,0.08333333333333333,EQ
2007-05,CA,0.08333333333333333,EQ
2007-05,HS,0.08333333333333333,EQ
2007-05,LX,0.08333333333333333,EQ
2007-05,MD,0.08333333333333333,EQ
2007-05,ND,0.08333333333333333,EQ
2007-05,NK,0.08333333333333333,EQ
2007-05,RL,0.08333333333333333,EQ
2007-05,SP,0.08333333333333333,EQ
2007-05,XU,0.08333333333333333,EQ
2007-05,XX,0.08333333333333333,EQ
2007-05,ZD,0.08333333333333333,EQ
2007-06,AP,0.0,EQ
2007-06,AX,0.08333333333333333,EQ
2007-06,CA,0.08333333333333333,EQ
2007-06,HS,0.08333333333333333,EQ
2007-06,LX,0.08333333333333333,EQ
2007-06,MD,0.08333333333333333,EQ
2007-06,ND,0.08333333333333333,EQ
2007-06,NK,0.08333333333333333,EQ
2007-06,RL,0.08333333333333333,EQ
2007-06,SP,0.08333333333333333,EQ
2007-06,XU,0.08333333333333333,EQ
2007-06,XX,0.08333333333333333,EQ
2007-06,ZD,0.08333333333333333,EQ
2007-07,AP,0.0,EQ
2007-07,AX,0.08333333333333333,EQ
2007-07,CA,0.08333333333333333,EQ
2007-07,HS,0.08333333333333333,EQ
2007-07,LX,0.08333333333333333,EQ
2007-07,MD,0.08333333333333333,EQ
2007-07,ND,0.08333333333333333,EQ
2007-07,NK,0.08333333333333333,EQ
2007-07,RL,0.08333333333333333,EQ
2007-07,SP,0.08333333333333333,EQ
2007-07,XU,0.08333333333333333,EQ
2007-07,XX,0.08333333333333333,EQ
2007-07,ZD,0.08333333333333333,EQ
2007-08,AP,0.0,EQ
2007-08,AX,0.08333333333333333,EQ
2007-08,CA,0.08333333333333333,EQ
2007-08,HS,0.08333333333333333,EQ
2007-08,LX,0.08333333333333333,EQ
2007-08,MD,0.08333333333333333,EQ
2007-08,ND,0.08333333333333333,EQ
2007-08,NK,0.08333333333333333,EQ
2007-08,RL,0.08333333333333333,EQ
2007-08,SP,0.08333333333333333,EQ
2007-08,XU,0.08333333333333333,EQ
2007-08,XX,0.08333333333333333,EQ
2007-08,ZD,0.08333333333333333,EQ
2007-09,AP,0.0,EQ
2007-09,AX,0.08333333333333333,EQ
2007-09,CA,0.08333333333333333,EQ
2007-09,HS,0.08333333333333333,EQ
2007-09,LX,0.08333333333333333,EQ
2007-09,MD,0.08333333333333333,EQ
2007-09,ND,0.08333333333333333,EQ
2007-09,NK,0.08333333333333333,EQ
2007-09,RL,0.08333333333333333,EQ
2007-09,SP,0.08333333333333333,EQ
2007-09,XU,0.08333333333333333,EQ
2007-09,XX,0.08333333333333333,EQ
2007-09,ZD,0.08333333333333333,EQ
2007-10,AP,0.0,EQ
2007-10,AX,0.08333333333333333,EQ
2007-10,CA,0.08333333333333333,EQ
2007-10,HS,0.08333333333333333,EQ
2007-10,LX,0.08333333333333333,EQ
2007-10,MD,0.08333333333333333,EQ
2007-10,ND,0.08333333333333333,EQ
2007-10,NK,0.08333333333333333,EQ
2007-10,RL,0.08333333333333333,EQ
2007-10,SP,0.08333333333333333,EQ
2007-10,XU,0.08333333333333333,EQ
2007-10,XX,0.08333333333333333,EQ
2007-10,ZD,0.08333333333333333,EQ
2007-11,AP,0.0,EQ
2007-11,AX,0.08333333333333333,EQ
2007-11,CA,0.08333333333333333,EQ
2007-11,HS,0.08333333333333333,EQ
2007-11,LX,0.08333333333333333,EQ
2007-11,MD,0.08333333333333333,EQ
2007-11,ND,0.08333333333333333,EQ
2007-11,NK,0.08333333333333333,EQ
2007-11,RL,0.08333333333333333,EQ
2007-11,SP,0.08333333333333333,EQ
2007-11,XU,0.08333333333333333,EQ
2007-11,XX,0.08333333333333333,EQ
2007-11,ZD,0.08333333333333333,EQ
2007-12,AP,0.0,EQ
2007-12,AX,0.08333333333333333,EQ
2007-12,CA,0.08333333333333333,EQ
2007-12,HS,0.08333333333333333,EQ
2007-12,LX,0.08333333333333333,EQ
2007-12,MD,0.08333333333333333,EQ
2007-12,ND,0.08333333333333333,EQ
2007-12,NK,0.08333333333333333,EQ
2007-12,RL,0.08333333333333333,EQ
2007-12,SP,0.08333333333333333,EQ
2007-12,XU,0.08333333333333333,EQ
2007-12,XX,0.08333333333333333,EQ
2007-12,ZD,0.08333333333333333,EQ
2008-01,AP,0.0,EQ
2008-01,AX,0.08333333333333333,EQ
2008-01,CA,0.08333333333333333,EQ
2008-01,HS,0.08333333333333333,EQ
2008-01,LX,0.08333333333333333,EQ
2008-01,MD,0.08333333333333333,EQ
2008-01,ND,0.08333333333333333,EQ
2008-01,NK,0.08333333333333333,EQ
2008-01,RL,0.08333333333333333,EQ
2008-01,SP,0.08333333333333333,EQ
2008-01,XU,0.08333333333333333,EQ
2008-01,XX,0.08333333333333333,EQ
2008-01,ZD,0.08333333333333333,EQ
2008-02,AP,0.0,EQ
2008-02,AX,0.08333333333333333,EQ
2008-02,CA,0.08333333333333333,EQ
2008-02,HS,0.08333333333333333,EQ
2008-02,LX,0.08333333333333333,EQ
2008-02,MD,0.08333333333333333,EQ
2008-02,ND,0.08333333333333333,EQ
2008-02,NK,0.08333333333333333,EQ
2008-02,RL,0.08333333333333333,EQ
2008-02,SP,0.08333333333333333,EQ
2008-02,XU,0.08333333333333333,EQ
2008-02,XX,0.08333333333333333,EQ
2008-02,ZD,0.08333333333333333,EQ
2008-03,AP,0.0,EQ
2008-03,AX,0.08333333333333333,EQ
2008-03,CA,0.08333333333333333,EQ
2008-03,HS,0.08333333333333333,EQ
2008-03,LX,0.08333333333333333,EQ
2008-03,MD,0.08333333333333333,EQ
2008-03,ND,0.08333333333333333,EQ
2008-03,NK,0.08333333333333333,EQ
2008-03,RL,0.08333333333333333,EQ
2008-03,SP,0.08333333333333333,EQ
2008-03,XU,0.08333333333333333,EQ
2008-03,XX,0.08333333333333333,EQ
2008-03,ZD,0.08333333333333333,EQ
2008-04,AP,0.0,EQ
2008-04,AX,0.08333333333333333,EQ
2008-04,CA,0.08333333333333333,EQ
2008-04,HS,0.08333333333333333,EQ
2008-04,LX,0.08333333333333333,EQ
2008-04,MD,0.08333333333333333,EQ
2008-04,ND,0.08333333333333333,EQ
2008-04,NK,0.08333333333333333,EQ
2008-04,RL,0.08333333333333333,EQ
2008-04,SP,0.08333333333333333,EQ
2008-04,XU,0.08333333333333333,EQ
2008-04,XX,0.08333333333333333,EQ
2008-04,ZD,0.08333333333333333,EQ
2008-05,AP,0.0,EQ
2008-05,AX,0.08333333333333333,EQ
2008-05,CA,0.08333333333333333,EQ
2008-05,HS,0.08333333333333333,EQ
2008-05,LX,0.08333333333333333,EQ
2008-05,MD,0.08333333333333333,EQ
2008-05,ND,0.08333333333333333,EQ
2008-05,NK,0.08333333333333333,EQ
2008-05,RL,0.08333333333333333,EQ
2008-05,SP,0.08333333333333333,EQ
2008-05,XU,0.08333333333333333,EQ
2008-05,XX,0.08333333333333333,EQ
2008-05,ZD,0.08333333333333333,EQ
2008-06,AP,0.0,EQ
2008-06,AX,0.08333333333333333,EQ
2008-06,CA,0.08333333333333333,EQ
2008-06,HS,0.08333333333333333,EQ
2008-06,LX,0.08333333333333333,EQ
2008-06,MD,0.08333333333333333,EQ
2008-06,ND,0.08333333333333333,EQ
2008-06,NK,0.08333333333333333,EQ
2008-06,RL,0.08333333333333333,EQ
2008-06,SP,0.08333333333333333,EQ
2008-06,XU,0.08333333333333333,EQ
2008-06,XX,0.08333333333333333,EQ
2008-06,ZD,0.08333333333333333,EQ
2008-07,AP,0.0,EQ
2008-07,AX,0.08333333333333333,EQ
2008-07,CA,0.08333333333333333,EQ
2008-07,HS,0.08333333333333333,EQ
2008-07,LX,0.08333333333333333,EQ
2008-07,MD,0.08333333333333333,EQ
2008-07,ND,0.08333333333333333,EQ
2008-07,NK,0.08333333333333333,EQ
2008-07,RL,0.08333333333333333,EQ
2008-07,SP,0.08333333333333333,EQ
2008-07,XU,0.08333333333333333,EQ
2008-07,XX,0.08333333333333333,EQ
2008-07,ZD,0.08333333333333333,EQ
2008-08,AP,0.0,EQ
2008-08,AX,0.08333333333333333,EQ
2008-08,CA,0.08333333333333333,EQ
2008-08,HS,0.08333333333333333,EQ
2008-08,LX,0.08333333333333333,EQ
2008-08,MD,0.08333333333333333,EQ
2008-08,ND,0.08333333333333333,EQ
2008-08,NK,0.08333333333333333,EQ
2008-08,RL,0.08333333333333333,EQ
2008-08,SP,0.08333333333333333,EQ
2008-08,XU,0.08333333333333333,EQ
2008-08,XX,0.08333333333333333,EQ
2008-08,ZD,0.08333333333333333,EQ
2008-09,AP,0.0,EQ
2008-09,AX,0.08333333333333333,EQ
2008-09,CA,0.08333333333333333,EQ
2008-09,HS,0.08333333333333333,EQ
2008-09,LX,0.08333333333333333,EQ
2008-09,MD,0.08333333333333333,EQ
2008-09,ND,0.08333333333333333,EQ
2008-09,NK,0.08333333333333333,EQ
2008-09,RL,0.08333333333333333,EQ
2008-09,SP,0.08333333333333333,EQ
2008-09,XU,0.08333333333333333,EQ
2008-09,XX,0.08333333333333333,EQ
2008-09,ZD,0.08333333333333333,EQ
2008-10,AP,0.07692307692307693,EQ
2008-10,AX,0.07692307692307693,EQ
2008-10,CA,0.07692307692307693,EQ
2008-10,HS,0.07692307692307693,EQ
2008-10,LX,0.07692307692307693,EQ
2008-10,MD,0.07692307692307693,EQ
2008-10,ND,0.07692307692307693,EQ
2008-10,NK,0.07692307692307693,EQ
2008-10,RL,0.07692307692307693,EQ
2008-10,SP,0.07692307692307693,EQ
2008-10,XU,0.07692307692307693,EQ
2008-10,XX,0.07692307692307693,EQ
2008-10,ZD,0.07692307692307693,EQ
2008-11,AP,0.07692307692307693,EQ
2008-11,AX,0.07692307692307693,EQ
2008-11,CA,0.07692307692307693,EQ
2008-11,HS,0.07692307692307693,EQ
2008-11,LX,0.07692307692307693,EQ
2008-11,MD,0.07692307692307693,EQ
2008-11,ND,0.07692307692307693,EQ
2008-11,NK,0.07692307692307693,EQ
2008-11,RL,0.07692307692307693,EQ
2008-11,SP,0.07692307692307693,EQ
2008-11,XU,0.07692307692307693,EQ
2008-11,XX,0.07692307692307693,EQ
2008-11,ZD,0.07692307692307693,EQ
2008-12,AP,0.07692307692307693,EQ
2008-12,AX,0.07692307692307693,EQ
2008-12,CA,0.07692307692307693,EQ
2008-12,HS,0.07692307692307693,EQ
2008-12,LX,0.07692307692307693,EQ
2008-12,MD,0.07692307692307693,EQ
2008-12,ND,0.07692307692307693,EQ
2008-12,NK,0.07692307692307693,EQ
2008-12,RL,0.07692307692307693,EQ
2008-12,SP,0.07692307692307693,EQ
2008-12,XU,0.07692307692307693,EQ
2008-12,XX,0.07692307692307693,EQ
2008-12,ZD,0.07692307692307693,EQ
2009-01,AP,0.07692307692307693,EQ
2009-01,AX,0.07692307692307693,EQ
2009-01,CA,0.07692307692307693,EQ
2009-01,HS,0.07692307692307693,EQ
2009-01,LX,0.07692307692307693,EQ
2009-01,MD,0.07692307692307693,EQ
2009-01,ND,0.07692307692307693,EQ
2009-01,NK,0.07692307692307693,EQ
2009-01,RL,0.07692307692307693,EQ
2009-01,SP,0.07692307692307693,EQ
2009-01,XU,0.07692307692307693,EQ
2009-01,XX,0.07692307692307693,EQ
2009-01,ZD,0.07692307692307693,EQ
2009-02,AP,0.07692307692307693,EQ
2009-02,AX,0.07692307692307693,EQ
2009-02,CA,0.07692307692307693,EQ
2009-02,HS,0.07692307692307693,EQ
2009-02,LX,0.07692307692307693,EQ
2009-02,MD,0.07692307692307693,EQ
2009-02,ND,0.07692307692307693,EQ
2009-02,NK,0.07692307692307693,EQ
2009-02,RL,0.07692307692307693,EQ
2009-02,SP,0.07692307692307693,EQ
2009-02,XU,0.07692307692307693,EQ
2009-02,XX,0.07692307692307693,EQ
2009-02,ZD,0.07692307692307693,EQ
2009-03,AP,0.07692307692307693,EQ
2009-03,AX,0.07692307692307693,EQ
2009-03,CA,0.07692307692307693,EQ
2009-03,HS,0.07692307692307693,EQ
2009-03,LX,0.07692307692307693,EQ
2009-03,MD,0.07692307692307693,EQ
2009-03,ND,0.07692307692307693,EQ
2009-03,NK,0.07692307692307693,EQ
2009-03,RL,0.07692307692307693,EQ
2009-03,SP,0.07692307692307693,EQ
2009-03,XU,0.07692307692307693,EQ
2009-03,XX,0.07692307692307693,EQ
2009-03,ZD,0.07692307692307693,EQ
2009-04,AP,0.07692307692307693,EQ
2009-04,AX,0.07692307692307693,EQ
2009-04,CA,0.07692307692307693,EQ
2009-04,HS,0.07692307692307693,EQ
2009-04,LX,0.07692307692307693,EQ
2009-04,MD,0.07692307692307693,EQ
2009-04,ND,0.07692307692307693,EQ
2009-04,NK,0.07692307692307693,EQ
2009-04,RL,0.07692307692307693,EQ
2009-04,SP,0.07692307692307693,EQ
2009-04,XU,0.07692307692307693,EQ
2009-04,XX,0.07692307692307693,EQ
2009-04,ZD,0.07692307692307693,EQ
2009-05,AP,0.07692307692307693,EQ
2009-05,AX,0.07692307692307693,EQ
2009-05,CA,0.07692307692307693,EQ
2009-05,HS,0.07692307692307693,EQ
2009-05,LX,0.07692307692307693,EQ
2009-05,MD,0.07692307692307693,EQ
2009-05,ND,0.07692307692307693,EQ
2009-05,NK,0.07692307692307693,EQ
2009-05,RL,0.07692307692307693,EQ
2009-05,SP,0.07692307692307693,EQ
2009-05,XU,0.07692307692307693,EQ
2009-05,XX,0.07692307692307693,EQ
2009-05,ZD,0.07692307692307693,EQ
2009-06,AP,0.07692307692307693,EQ
2009-06,AX,0.07692307692307693,EQ
2009-06,CA,0.07692307692307693,EQ
2009-06,HS,0.07692307692307693,EQ
2009-06,LX,0.07692307692307693,EQ
2009-06,MD,0.07692307692307693,EQ
2009-06,ND,0.07692307692307693,EQ
2009-06,NK,0.07692307692307693,EQ
2009-06,RL,0.07692307692307693,EQ
2009-06,SP,0.07692307692307693,EQ
2009-06,XU,0.07692307692307693,EQ
2009-06,XX,0.07692307692307693,EQ
2009-06,ZD,0.07692307692307693,EQ
2009-07,AP,0.07692307692307693,EQ
2009-07,AX,0.07692307692307693,EQ
2009-07,CA,0.07692307692307693,EQ
2009-07,HS,0.07692307692307693,EQ
2009-07,LX,0.07692307692307693,EQ
2009-07,MD,0.07692307692307693,EQ
2009-07,ND,0.07692307692307693,EQ
2009-07,NK,0.07692307692307693,EQ
2009-07,RL,0.07692307692307693,EQ
2009-07,SP,0.07692307692307693,EQ
2009-07,XU,0.07692307692307693,EQ
2009-07,XX,0.07692307692307693,EQ
2009-07,ZD,0.07692307692307693,EQ
2009-08,AP,0.07692307692307693,EQ
2009-08,AX,0.07692307692307693,EQ
2009-08,CA,0.07692307692307693,EQ
2009-08,HS,0.07692307692307693,EQ
2009-08,LX,0.07692307692307693,EQ
2009-08,MD,0.07692307692307693,EQ
2009-08,ND,0.07692307692307693,EQ
2009-08,NK,0.07692307692307693,EQ
2009-08,RL,0.07692307692307693,EQ
2009-08,SP,0.07692307692307693,EQ
2009-08,XU,0.07692307692307693,EQ
2009-08,XX,0.07692307692307693,EQ
2009-08,ZD,0.07692307692307693,EQ
2009-09,AP,0.07692307692307693,EQ
2009-09,AX,0.07692307692307693,EQ
2009-09,CA,0.07692307692307693,EQ
2009-09,HS,0.07692307692307693,EQ
2009-09,LX,0.07692307692307693,EQ
2009-09,MD,0.07692307692307693,EQ
2009-09,ND,0.07692307692307693,EQ
2009-09,NK,0.07692307692307693,EQ
2009-09,RL,0.07692307692307693,EQ
2009-09,SP,0.07692307692307693,EQ
2009-09,XU,0.07692307692307693,EQ
2009-09,XX,0.07692307692307693,EQ
2009-09,ZD,0.07692307692307693,EQ
2009-10,AP,0.07692307692307693,EQ
2009-10,AX,0.07692307692307693,EQ
2009-10,CA,0.07692307692307693,EQ
2009-10,HS,0.07692307692307693,EQ
2009-10,LX,0.07692307692307693,EQ
2009-10,MD,0.07692307692307693,EQ
2009-10,ND,0.07692307692307693,EQ
2009-10,NK,0.07692307692307693,EQ
2009-10,RL,0.07692307692307693,EQ
2009-10,SP,0.07692307692307693,EQ
2009-10,XU,0.07692307692307693,EQ
2009-10,XX,0.07692307692307693,EQ
2009-10,ZD,0.07692307692307693,EQ
2009-11,AP,0.07692307692307693,EQ
2009-11,AX,0.07692307692307693,EQ
2009-11,CA,0.07692307692307693,EQ
2009-11,HS,0.07692307692307693,EQ
2009-11,LX,0.07692307692307693,EQ
2009-11,MD,0.07692307692307693,EQ
2009-11,ND,0.07692307692307693,EQ
2009-11,NK,0.07692307692307693,EQ
2009-11,RL,0.07692307692307693,EQ
2009-11,SP,0.07692307692307693,EQ
2009-11,XU,0.07692307692307693,EQ
2009-11,XX,0.07692307692307693,EQ
2009-11,ZD,0.07692307692307693,EQ
2009-12,AP,0.07692307692307693,EQ
2009-12,AX,0.07692307692307693,EQ
2009-12,CA,0.07692307692307693,EQ
2009-12,HS,0.07692307692307693,EQ
2009-12,LX,0.07692307692307693,EQ
2009-12,MD,0.07692307692307693,EQ
2009-12,ND,0.07692307692307693,EQ
2009-12,NK,0.07692307692307693,EQ
2009-12,RL,0.07692307692307693,EQ
2009-12,SP,0.07692307692307693,EQ
2009-12,XU,0.07692307692307693,EQ
2009-12,XX,0.07692307692307693,EQ
2009-12,ZD,0.07692307692307693,EQ
2010-01,AP,0.07692307692307693,EQ
2010-01,AX,0.07692307692307693,EQ
2010-01,CA,0.07692307692307693,EQ
2010-01,HS,0.07692307692307693,EQ
2010-01,LX,0.07692307692307693,EQ
2010-01,MD,0.07692307692307693,EQ
2010-01,ND,0.07692307692307693,EQ
2010-01,NK,0.07692307692307693,EQ
2010-01,RL,0.07692307692307693,EQ
2010-01,SP,0.07692307692307693,EQ
2010-01,XU,0.07692307692307693,EQ
2010-01,XX,0.07692307692307693,EQ
2010-01,ZD,0.07692307692307693,EQ
2010-02,AP,0.07692307692307693,EQ
2010-02,AX,0.07692307692307693,EQ
2010-02,CA,0.07692307692307693,EQ
2010-02,HS,0.07692307692307693,EQ
2010-02,LX,0.07692307692307693,EQ
2010-02,MD,0.07692307692307693,EQ
2010-02,ND,0.07692307692307693,EQ
2010-02,NK,0.07692307692307693,EQ
2010-02,RL,0.07692307692307693,EQ
2010-02,SP,0.07692307692307693,EQ
2010-02,XU,0.07692307692307693,EQ
2010-02,XX,0.07692307692307693,EQ
2010-02,ZD,0.07692307692307693,EQ
2010-03,AP,0.07692307692307693,EQ
2010-03,AX,0.07692307692307693,EQ
2010-03,CA,0.07692307692307693,EQ
2010-03,HS,0.07692307692307693,EQ
2010-03,LX,0.07692307692307693,EQ
2010-03,MD,0.07692307692307693,EQ
2010-03,ND,0.07692307692307693,EQ
2010-03,NK,0.07692307692307693,EQ
2010-03,RL,0.07692307692307693,EQ
2010-03,SP,0.07692307692307693,EQ
2010-03,XU,0.07692307692307693,EQ
2010-03,XX,0.07692307692307693,EQ
2010-03,ZD,0.07692307692307693,EQ
2010-04,AP,0.07692307692307693,EQ
2010-04,AX,0.07692307692307693,EQ
2010-04,CA,0.07692307692307693,EQ
2010-04,HS,0.07692307692307693,EQ
2010-04,LX,0.07692307692307693,EQ
2010-04,MD,0.07692307692307693,EQ
2010-04,ND,0.07692307692307693,EQ
2010-04,NK,0.07692307692307693,EQ
2010-04,RL,0.07692307692307693,EQ
2010-04,SP,0.07692307692307693,EQ
2010-04,XU,0.07692307692307693,EQ
2010-04,XX,0.07692307692307693,EQ
2010-04,ZD,0.07692307692307693,EQ
2010-05,AP,0.07692307692307693,EQ
2010-05,AX,0.07692307692307693,EQ
2010-05,CA,0.07692307692307693,EQ
2010-05,HS,0.07692307692307693,EQ
2010-05,LX,0.07692307692307693,EQ
2010-05,MD,0.07692307692307693,EQ
2010-05,ND,0.07692307692307693,EQ
2010-05,NK,0.07692307692307693,EQ
2010-05,RL,0.07692307692307693,EQ
2010-05,SP,0.07692307692307693,EQ
2010-05,XU,0.07692307692307693,EQ
2010-05,XX,0.07692307692307693,EQ
2010-05,ZD,0.07692307692307693,EQ
2010-06,AP,0.07692307692307693,EQ
2010-06,AX,0.07692307692307693,EQ
2010-06,CA,0.07692307692307693,EQ
2010-06,HS,0.07692307692307693,EQ
2010-06,LX,0.07692307692307693,EQ
2010-06,MD,0.07692307692307693,EQ
2010-06,ND,0.07692307692307693,EQ
2010-06,NK,0.07692307692307693,EQ
2010-06,RL,0.07692307692307693,EQ
2010-06,SP,0.07692307692307693,EQ
2010-06,XU,0.07692307692307693,EQ
2010-06,XX,0.07692307692307693,EQ
2010-06,ZD,0.07692307692307693,EQ
2010-07,AP,0.07692307692307693,EQ
2010-07,AX,0.07692307692307693,EQ
2010-07,CA,0.07692307692307693,EQ
2010-07,HS,0.07692307692307693,EQ
2010-07,LX,0.07692307692307693,EQ
2010-07,MD,0.07692307692307693,EQ
2010-07,ND,0.07692307692307693,EQ
2010-07,NK,0.07692307692307693,EQ
2010-07,RL,0.07692307692307693,EQ
2010-07,SP,0.07692307692307693,EQ
2010-07,XU,0.07692307692307693,EQ
2010-07,XX,0.07692307692307693,EQ
2010-07,ZD,0.07692307692307693,EQ
2010-08,AP,0.07692307692307693,EQ
2010-08,AX,0.07692307692307693,EQ
2010-08,CA,0.07692307692307693,EQ
2010-08,HS,0.07692307692307693,EQ
2010-08,LX,0.07692307692307693,EQ
2010-08,MD,0.07692307692307693,EQ
2010-08,ND,0.07692307692307693,EQ
2010-08,NK,0.07692307692307693,EQ
2010-08,RL,0.07692307692307693,EQ
2010-08,SP,0.07692307692307693,EQ
2010-08,XU,0.07692307692307693,EQ
2010-08,XX,0.07692307692307693,EQ
2010-08,ZD,0.07692307692307693,EQ
2010-09,AP,0.07692307692307693,EQ
2010-09,AX,0.07692307692307693,EQ
2010-09,CA,0.07692307692307693,EQ
2010-09,HS,0.07692307692307693,EQ
2010-09,LX,0.07692307692307693,EQ
2010-09,MD,0.07692307692307693,EQ
2010-09,ND,0.07692307692307693,EQ
2010-09,NK,0.07692307692307693,EQ
2010-09,RL,0.07692307692307693,EQ
2010-09,SP,0.07692307692307693,EQ
2010-09,XU,0.07692307692307693,EQ
2010-09,XX,0.07692307692307693,EQ
2010-09,ZD,0.07692307692307693,EQ
2010-10,AP,0.07692307692307693,EQ
2010-10,AX,0.07692307692307693,EQ
2010-10,CA,0.07692307692307693,EQ
2010-10,HS,0.07692307692307693,EQ
2010-10,LX,0.07692307692307693,EQ
2010-10,MD,0.07692307692307693,EQ
2010-10,ND,0.07692307692307693,EQ
2010-10,NK,0.07692307692307693,EQ
2010-10,RL,0.07692307692307693,EQ
2010-10,SP,0.07692307692307693,EQ
2010-10,XU,0.07692307692307693,EQ
2010-10,XX,0.07692307692307693,EQ
2010-10,ZD,0.07692307692307693,EQ
2010-11,AP,0.07692307692307693,EQ
2010-11,AX,0.07692307692307693,EQ
2010-11,CA,0.07692307692307693,EQ
2010-11,HS,0.07692307692307693,EQ
2010-11,LX,0.07692307692307693,EQ
2010-11,MD,0.07692307692307693,EQ
2010-11,ND,0.07692307692307693,EQ
2010-11,NK,0.07692307692307693,EQ
2010-11,RL,0.07692307692307693,EQ
2010-11,SP,0.07692307692307693,EQ
2010-11,XU,0.07692307692307693,EQ
2010-11,XX,0.07692307692307693,EQ
2010-11,ZD,0.07692307692307693,EQ
2010-12,AP,0.07692307692307693,EQ
2010-12,AX,0.07692307692307693,EQ
2010-12,CA,0.07692307692307693,EQ
2010-12,HS,0.07692307692307693,EQ
2010-12,LX,0.07692307692307693,EQ
2010-12,MD,0.07692307692307693,EQ
2010-12,ND,0.07692307692307693,EQ
2010-12,NK,0.07692307692307693,EQ
2010-12,RL,0.07692307692307693,EQ
2010-12,SP,0.07692307692307693,EQ
2010-12,XU,0.07692307692307693,EQ
2010-12,XX,0.07692307692307693,EQ
2010-12,ZD,0.07692307692307693,EQ
2011-01,AP,0.07692307692307693,EQ
2011-01,AX,0.07692307692307693,EQ
2011-01,CA,0.07692307692307693,EQ
2011-01,HS,0.07692307692307693,EQ
2011-01,LX,0.07692307692307693,EQ
2011-01,MD,0.07692307692307693,EQ
2011-01,ND,0.07692307692307693,EQ
2011-01,NK,0.07692307692307693,EQ
2011-01,RL,0.07692307692307693,EQ
2011-01,SP,0.07692307692307693,EQ
2011-01,XU,0.07692307692307693,EQ
2011-01,XX,0.07692307692307693,EQ
2011-01,ZD,0.07692307692307693,EQ
2011-02,AP,0.07692307692307693,EQ
2011-02,AX,0.07692307692307693,EQ
2011-02,CA,0.07692307692307693,EQ
2011-02,HS,0.07692307692307693,EQ
2011-02,LX,0.07692307692307693,EQ
2011-02,MD,0.07692307692307693,EQ
2011-02,ND,0.07692307692307693,EQ
2011-02,NK,0.07692307692307693,EQ
2011-02,RL,0.07692307692307693,EQ
2011-02,SP,0.07692307692307693,EQ
2011-02,XU,0.07692307692307693,EQ
2011-02,XX,0.07692307692307693,EQ
2011-02,ZD,0.07692307692307693,EQ
2011-03,AP,0.07692307692307693,EQ
2011-03,AX,0.07692307692307693,EQ
2011-03,CA,0.07692307692307693,EQ
2011-03,HS,0.07692307692307693,EQ
2011-03,LX,0.07692307692307693,EQ
2011-03,MD,0.07692307692307693,EQ
2011-03,ND,0.07692307692307693,EQ
2011-03,NK,0.07692307692307693,EQ
2011-03,RL,0.07692307692307693,EQ
2011-03,SP,0.07692307692307693,EQ
2011-03,XU,0.07692307692307693,EQ
2011-03,XX,0.07692307692307693,EQ
2011-03,ZD,0.07692307692307693,EQ
2011-04,AP,0.07692307692307693,EQ
2011-04,AX,0.07692307692307693,EQ
2011-04,CA,0.07692307692307693,EQ
2011-04,HS,0.07692307692307693,EQ
2011-04,LX,0.07692307692307693,EQ
2011-04,MD,0.07692307692307693,EQ
2011-04,ND,0.07692307692307693,EQ
2011-04,NK,0.07692307692307693,EQ
2011-04,RL,0.07692307692307693,EQ
2011-04,SP,0.07692307692307693,EQ
2011-04,XU,0.07692307692307693,EQ
2011-04,XX,0.07692307692307693,EQ
2011-04,ZD,0.07692307692307693,EQ
2011-05,AP,0.07692307692307693,EQ
2011-05,AX,0.07692307692307693,EQ
2011-05,CA,0.07692307692307693,EQ
2011-05,HS,0.07692307692307693,EQ
2011-05,LX,0.07692307692307693,EQ
2011-05,MD,0.07692307692307693,EQ
2011-05,ND,0.07692307692307693,EQ
2011-05,NK,0.07692307692307693,EQ
2011-05,RL,0.07692307692307693,EQ
2011-05,SP,0.07692307692307693,EQ
2011-05,XU,0.07692307692307693,EQ
2011-05,XX,0.07692307692307693,EQ
2011-05,ZD,0.07692307692307693,EQ
2011-06,AP,0.07692307692307693,EQ
2011-06,AX,0.07692307692307693,EQ
2011-06,CA,0.07692307692307693,EQ
2011-06,HS,0.07692307692307693,EQ
2011-06,LX,0.07692307692307693,EQ
2011-06,MD,0.07692307692307693,EQ
2011-06,ND,0.07692307692307693,EQ
2011-06,NK,0.07692307692307693,EQ
2011-06,RL,0.07692307692307693,EQ
2011-06,SP,0.07692307692307693,EQ
2011-06,XU,0.07692307692307693,EQ
2011-06,XX,0.07692307692307693,EQ
2011-06,ZD,0.07692307692307693,EQ
2011-07,AP,0.07692307692307693,EQ
2011-07,AX,0.07692307692307693,EQ
2011-07,CA,0.07692307692307693,EQ
2011-07,HS,0.07692307692307693,EQ
2011-07,LX,0.07692307692307693,EQ
2011-07,MD,0.07692307692307693,EQ
2011-07,ND,0.07692307692307693,EQ
2011-07,NK,0.07692307692307693,EQ
2011-07,RL,0.07692307692307693,EQ
2011-07,SP,0.07692307692307693,EQ
2011-07,XU,0.07692307692307693,EQ
2011-07,XX,0.07692307692307693,EQ
2011-07,ZD,0.07692307692307693,EQ
2011-08,AP,0.07692307692307693,EQ
2011-08,AX,0.07692307692307693,EQ
2011-08,CA,0.07692307692307693,EQ
2011-08,HS,0.07692307692307693,EQ
2011-08,LX,0.07692307692307693,EQ
2011-08,MD,0.07692307692307693,EQ
2011-08,ND,0.07692307692307693,EQ
2011-08,NK,0.07692307692307693,EQ
2011-08,RL,0.07692307692307693,EQ
2011-08,SP,0.07692307692307693,EQ
2011-08,XU,0.07692307692307693,EQ
2011-08,XX,0.07692307692307693,EQ
2011-08,ZD,0.07692307692307693,EQ
2011-09,AP,0.07692307692307693,EQ
2011-09,AX,0.07692307692307693,EQ
2011-09,CA,0.07692307692307693,EQ
2011-09,HS,0.07692307692307693,EQ
2011-09,LX,0.07692307692307693,EQ
2011-09,MD,0.07692307692307693,EQ
2011-09,ND,0.07692307692307693,EQ
2011-09,NK,0.07692307692307693,EQ
2011-09,RL,0.07692307692307693,EQ
2011-09,SP,0.07692307692307693,EQ
2011-09,XU,0.07692307692307693,EQ
2011-09,XX,0.07692307692307693,EQ
2011-09,ZD,0.07692307692307693,EQ
2011-10,AP,0.07692307692307693,EQ
2011-10,AX,0.07692307692307693,EQ
2011-10,CA,0.07692307692307693,EQ
2011-10,HS,0.07692307692307693,EQ
2011-10,LX,0.07692307692307693,EQ
2011-10,MD,0.07692307692307693,EQ
2011-10,ND,0.07692307692307693,EQ
2011-10,NK,0.07692307692307693,EQ
2011-10,RL,0.07692307692307693,EQ
2011-10,SP,0.07692307692307693,EQ
2011-10,XU,0.07692307692307693,EQ
2011-10,XX,0.07692307692307693,EQ
2011-10,ZD,0.07692307692307693,EQ
2011-11,AP,0.07692307692307693,EQ
2011-11,AX,0.07692307692307693,EQ
2011-11,CA,0.07692307692307693,EQ
2011-11,HS,0.07692307692307693,EQ
2011-11,LX,0.07692307692307693,EQ
2011-11,MD,0.07692307692307693,EQ
2011-11,ND,0.07692307692307693,EQ
2011-11,NK,0.07692307692307693,EQ
2011-11,RL,0.07692307692307693,EQ
2011-11,SP,0.07692307692307693,EQ
2011-11,XU,0.07692307692307693,EQ
2011-11,XX,0.07692307692307693,EQ
2011-11,ZD,0.07692307692307693,EQ
2011-12,AP,0.07692307692307693,EQ
2011-12,AX,0.07692307692307693,EQ
2011-12,CA,0.07692307692307693,EQ
2011-12,HS,0.07692307692307693,EQ
2011-12,LX,0.07692307692307693,EQ
2011-12,MD,0.07692307692307693,EQ
2011-12,ND,0.07692307692307693,EQ
2011-12,NK,0.07692307692307693,EQ
2011-12,RL,0.07692307692307693,EQ
2011-12,SP,0.07692307692307693,EQ
2011-12,XU,0.07692307692307693,EQ
2011-12,XX,0.07692307692307693,EQ
2011-12,ZD,0.07692307692307693,EQ
2012-01,AP,0.07692307692307693,EQ
2012-01,AX,0.07692307692307693,EQ
2012-01,CA,0.07692307692307693,EQ
2012-01,HS,0.07692307692307693,EQ
2012-01,LX,0.07692307692307693,EQ
2012-01,MD,0.07692307692307693,EQ
2012-01,ND,0.07692307692307693,EQ
2012-01,NK,0.07692307692307693,EQ
2012-01,RL,0.07692307692307693,EQ
2012-01,SP,0.07692307692307693,EQ
2012-01,XU,0.07692307692307693,EQ
2012-01,XX,0.07692307692307693,EQ
2012-01,ZD,0.07692307692307693,EQ
2012-02,AP,0.07692307692307693,EQ
2012-02,AX,0.07692307692307693,EQ
2012-02,CA,0.07692307692307693,EQ
2012-02,HS,0.07692307692307693,EQ
2012-02,LX,0.07692307692307693,EQ
2012-02,MD,0.07692307692307693,EQ
2012-02,ND,0.07692307692307693,EQ
2012-02,NK,0.07692307692307693,EQ
2012-02,RL,0.07692307692307693,EQ
2012-02,SP,0.07692307692307693,EQ
2012-02,XU,0.07692307692307693,EQ
2012-02,XX,0.07692307692307693,EQ
2012-02,ZD,0.07692307692307693,EQ
2012-03,AP,0.07692307692307693,EQ
2012-03,AX,0.07692307692307693,EQ
2012-03,CA,0.07692307692307693,EQ
2012-03,HS,0.07692307692307693,EQ
2012-03,LX,0.07692307692307693,EQ
2012-03,MD,0.07692307692307693,EQ
2012-03,ND,0.07692307692307693,EQ
2012-03,NK,0.07692307692307693,EQ
2012-03,RL,0.07692307692307693,EQ
2012-03,SP,0.07692307692307693,EQ
2012-03,XU,0.07692307692307693,EQ
2012-03,XX,0.07692307692307693,EQ
2012-03,ZD,0.07692307692307693,EQ
2012-04,AP,0.07692307692307693,EQ
2012-04,AX,0.07692307692307693,EQ
2012-04,CA,0.07692307692307693,EQ
2012-04,HS,0.07692307692307693,EQ
2012-04,LX,0.07692307692307693,EQ
2012-04,MD,0.07692307692307693,EQ
2012-04,ND,0.07692307692307693,EQ
2012-04,NK,0.07692307692307693,EQ
2012-04,RL,0.07692307692307693,EQ
2012-04,SP,0.07692307692307693,EQ
2012-04,XU,0.07692307692307693,EQ
2012-04,XX,0.07692307692307693,EQ
2012-04,ZD,0.07692307692307693,EQ
2012-05,AP,0.07692307692307693,EQ
2012-05,AX,0.07692307692307693,EQ
2012-05,CA,0.07692307692307693,EQ
2012-05,HS,0.07692307692307693,EQ
2012-05,LX,0.07692307692307693,EQ
2012-05,MD,0.07692307692307693,EQ
2012-05,ND,0.07692307692307693,EQ
2012-05,NK,0.07692307692307693,EQ
2012-05,RL,0.07692307692307693,EQ
2012-05,SP,0.07692307692307693,EQ
2012-05,XU,0.07692307692307693,EQ
2012-05,XX,0.07692307692307693,EQ
2012-05,ZD,0.07692307692307693,EQ
2012-06,AP,0.07692307692307693,EQ
2012-06,AX,0.07692307692307693,EQ
2012-06,CA,0.07692307692307693,EQ
2012-06,HS,0.07692307692307693,EQ
2012-06,LX,0.07692307692307693,EQ
2012-06,MD,0.07692307692307693,EQ
2012-06,ND,0.07692307692307693,EQ
2012-06,NK,0.07692307692307693,EQ
2012-06,RL,0.07692307692307693,EQ
2012-06,SP,0.07692307692307693,EQ
2012-06,XU,0.07692307692307693,EQ
2012-06,XX,0.07692307692307693,EQ
2012-06,ZD,0.07692307692307693,EQ
2012-07,AP,0.07692307692307693,EQ
2012-07,AX,0.07692307692307693,EQ
2012-07,CA,0.07692307692307693,EQ
2012-07,HS,0.07692307692307693,EQ
2012-07,LX,0.07692307692307693,EQ
2012-07,MD,0.07692307692307693,EQ
2012-07,ND,0.07692307692307693,EQ
2012-07,NK,0.07692307692307693,EQ
2012-07,RL,0.07692307692307693,EQ
2012-07,SP,0.07692307692307693,EQ
2012-07,XU,0.07692307692307693,EQ
2012-07,XX,0.07692307692307693,EQ
2012-07,ZD,0.07692307692307693,EQ
2012-08,AP,0.07692307692307693,EQ
2012-08,AX,0.07692307692307693,EQ
2012-08,CA,0.07692307692307693,EQ
2012-08,HS,0.07692307692307693,EQ
2012-08,LX,0.07692307692307693,EQ
2012-08,MD,0.07692307692307693,EQ
2012-08,ND,0.07692307692307693,EQ
2012-08,NK,0.07692307692307693,EQ
2012-08,RL,0.07692307692307693,EQ
2012-08,SP,0.07692307692307693,EQ
2012-08,XU,0.07692307692307693,EQ
2012-08,XX,0.07692307692307693,EQ
2012-08,ZD,0.07692307692307693,EQ
2012-09,AP,0.07692307692307693,EQ
2012-09,AX,0.07692307692307693,EQ
2012-09,CA,0.07692307692307693,EQ
2012-09,HS,0.07692307692307693,EQ
2012-09,LX,0.07692307692307693,EQ
2012-09,MD,0.07692307692307693,EQ
2012-09,ND,0.07692307692307693,EQ
2012-09,NK,0.07692307692307693,EQ
2012-09,RL,0.07692307692307693,EQ
2012-09,SP,0.07692307692307693,EQ
2012-09,XU,0.07692307692307693,EQ
2012-09,XX,0.07692307692307693,EQ
2012-09,ZD,0.07692307692307693,EQ
2012-10,AP,0.07692307692307693,EQ
2012-10,AX,0.07692307692307693,EQ
2012-10,CA,0.07692307692307693,EQ
2012-10,HS,0.07692307692307693,EQ
2012-10,LX,0.07692307692307693,EQ
2012-10,MD,0.07692307692307693,EQ
2012-10,ND,0.07692307692307693,EQ
2012-10,NK,0.07692307692307693,EQ
2012-10,RL,0.07692307692307693,EQ
2012-10,SP,0.07692307692307693,EQ
2012-10,XU,0.07692307692307693,EQ
2012-10,XX,0.07692307692307693,EQ
2012-10,ZD,0.07692307692307693,EQ
2012-11,AP,0.07692307692307693,EQ
2012-11,AX,0.07692307692307693,EQ
2012-11,CA,0.07692307692307693,EQ
2012-11,HS,0.07692307692307693,EQ
2012-11,LX,0.07692307692307693,EQ
2012-11,MD,0.07692307692307693,EQ
2012-11,ND,0.07692307692307693,EQ
2012-11,NK,0.07692307692307693,EQ
2012-11,RL,0.07692307692307693,EQ
2012-11,SP,0.07692307692307693,EQ
2012-11,XU,0.07692307692307693,EQ
2012-11,XX,0.07692307692307693,EQ
2012-11,ZD,0.07692307692307693,EQ
2012-12,AP,0.07692307692307693,EQ
2012-12,AX,0.07692307692307693,EQ
2012-12,CA,0.07692307692307693,EQ
2012-12,HS,0.07692307692307693,EQ
2012-12,LX,0.07692307692307693,EQ
2012-12,MD,0.07692307692307693,EQ
2012-12,ND,0.07692307692307693,EQ
2012-12,NK,0.07692307692307693,EQ
2012-12,RL,0.07692307692307693,EQ
2012-12,SP,0.07692307692307693,EQ
2012-12,XU,0.07692307692307693,EQ
2012-12,XX,0.07692307692307693,EQ
2012-12,ZD,0.07692307692307693,EQ
2013-01,AP,0.07692307692307693,EQ
2013-01,AX,0.07692307692307693,EQ
2013-01,CA,0.07692307692307693,EQ
2013-01,HS,0.07692307692307693,EQ
2013-01,LX,0.07692307692307693,EQ
2013-01,MD,0.07692307692307693,EQ
2013-01,ND,0.07692307692307693,EQ
2013-01,NK,0.07692307692307693,EQ
2013-01,RL,0.07692307692307693,EQ
2013-01,SP,0.07692307692307693,EQ
2013-01,XU,0.07692307692307693,EQ
2013-01,XX,0.07692307692307693,EQ
2013-01,ZD,0.07692307692307693,EQ
2013-02,AP,0.07692307692307693,EQ
2013-02,AX,0.07692307692307693,EQ
2013-02,CA,0.07692307692307693,EQ
2013-02,HS,0.07692307692307693,EQ
2013-02,LX,0.07692307692307693,EQ
2013-02,MD,0.07692307692307693,EQ
2013-02,ND,0.07692307692307693,EQ
2013-02,NK,0.07692307692307693,EQ
2013-02,RL,0.07692307692307693,EQ
2013-02,SP,0.07692307692307693,EQ
2013-02,XU,0.07692307692307693,EQ
2013-02,XX,0.07692307692307693,EQ
2013-02,ZD,0.07692307692307693,EQ
2013-03,AP,0.07692307692307693,EQ
2013-03,AX,0.07692307692307693,EQ
2013-03,CA,0.07692307692307693,EQ
2013-03,HS,0.07692307692307693,EQ
2013-03,LX,0.07692307692307693,EQ
2013-03,MD,0.07692307692307693,EQ
2013-03,ND,0.07692307692307693,EQ
2013-03,NK,0.07692307692307693,EQ
2013-03,RL,0.07692307692307693,EQ
2013-03,SP,0.07692307692307693,EQ
2013-03,XU,0.07692307692307693,EQ
2013-03,XX,0.07692307692307693,EQ
2013-03,ZD,0.07692307692307693,EQ
2013-04,AP,0.07692307692307693,EQ
2013-04,AX,0.07692307692307693,EQ
2013-04,CA,0.07692307692307693,EQ
2013-04,HS,0.07692307692307693,EQ
2013-04,LX,0.07692307692307693,EQ
2013-04,MD,0.07692307692307693,EQ
2013-04,ND,0.07692307692307693,EQ
2013-04,NK,0.07692307692307693,EQ
2013-04,RL,0.07692307692307693,EQ
2013-04,SP,0.07692307692307693,EQ
2013-04,XU,0.07692307692307693,EQ
2013-04,XX,0.07692307692307693,EQ
2013-04,ZD,0.07692307692307693,EQ
2013-05,AP,0.07692307692307693,EQ
2013-05,AX,0.07692307692307693,EQ
2013-05,CA,0.07692307692307693,EQ
2013-05,HS,0.07692307692307693,EQ
2013-05,LX,0.07692307692307693,EQ
2013-05,MD,0.07692307692307693,EQ
2013-05,ND,0.07692307692307693,EQ
2013-05,NK,0.07692307692307693,EQ
2013-05,RL,0.07692307692307693,EQ
2013-05,SP,0.07692307692307693,EQ
2013-05,XU,0.07692307692307693,EQ
2013-05,XX,0.07692307692307693,EQ
2013-05,ZD,0.07692307692307693,EQ
2013-06,AP,0.07692307692307693,EQ
2013-06,AX,0.07692307692307693,EQ
2013-06,CA,0.07692307692307693,EQ
2013-06,HS,0.07692307692307693,EQ
2013-06,LX,0.07692307692307693,EQ
2013-06,MD,0.07692307692307693,EQ
2013-06,ND,0.07692307692307693,EQ
2013-06,NK,0.07692307692307693,EQ
2013-06,RL,0.07692307692307693,EQ
2013-06,SP,0.07692307692307693,EQ
2013-06,XU,0.07692307692307693,EQ
2013-06,XX,0.07692307692307693,EQ
2013-06,ZD,0.07692307692307693,EQ
2013-07,AP,0.07692307692307693,EQ
2013-07,AX,0.07692307692307693,EQ
2013-07,CA,0.07692307692307693,EQ
2013-07,HS,0.07692307692307693,EQ
2013-07,LX,0.07692307692307693,EQ
2013-07,MD,0.07692307692307693,EQ
2013-07,ND,0.07692307692307693,EQ
2013-07,NK,0.07692307692307693,EQ
2013-07,RL,0.07692307692307693,EQ
2013-07,SP,0.07692307692307693,EQ
2013-07,XU,0.07692307692307693,EQ
2013-07,XX,0.07692307692307693,EQ
2013-07,ZD,0.07692307692307693,EQ
2013-08,AP,0.07692307692307693,EQ
2013-08,AX,0.07692307692307693,EQ
2013-08,CA,0.07692307692307693,EQ
2013-08,HS,0.07692307692307693,EQ
2013-08,LX,0.07692307692307693,EQ
2013-08,MD,0.07692307692307693,EQ
2013-08,ND,0.07692307692307693,EQ
2013-08,NK,0.07692307692307693,EQ
2013-08,RL,0.07692307692307693,EQ
2013-08,SP,0.07692307692307693,EQ
2013-08,XU,0.07692307692307693,EQ
2013-08,XX,0.07692307692307693,EQ
2013-08,ZD,0.07692307692307693,EQ
2013-09,AP,0.07692307692307693,EQ
2013-09,AX,0.07692307692307693,EQ
2013-09,CA,0.07692307692307693,EQ
2013-09,HS,0.07692307692307693,EQ
2013-09,LX,0.07692307692307693,EQ
2013-09,MD,0.07692307692307693,EQ
2013-09,ND,0.07692307692307693,EQ
2013-09,NK,0.07692307692307693,EQ
2013-09,RL,0.07692307692307693,EQ
2013-09,SP,0.07692307692307693,EQ
2013-09,XU,0.07692307692307693,EQ
2013-09,XX,0.07692307692307693,EQ
2013-09,ZD,0.07692307692307693,EQ
2013-10,AP,0.07692307692307693,EQ
2013-10,AX,0.07692307692307693,EQ
2013-10,CA,0.07692307692307693,EQ
2013-10,HS,0.07692307692307693,EQ
2013-10,LX,0.07692307692307693,EQ
2013-10,MD,0.07692307692307693,EQ
2013-10,ND,0.07692307692307693,EQ
2013-10,NK,0.07692307692307693,EQ
2013-10,RL,0.07692307692307693,EQ
2013-10,SP,0.07692307692307693,EQ
2013-10,XU,0.07692307692307693,EQ
2013-10,XX,0.07692307692307693,EQ
2013-10,ZD,0.07692307692307693,EQ
2013-11,AP,0.07692307692307693,EQ
2013-11,AX,0.07692307692307693,EQ
2013-11,CA,0.07692307692307693,EQ
2013-11,HS,0.07692307692307693,EQ
2013-11,LX,0.07692307692307693,EQ
2013-11,MD,0.07692307692307693,EQ
2013-11,ND,0.07692307692307693,EQ
2013-11,NK,0.07692307692307693,EQ
2013-11,RL,0.07692307692307693,EQ
2013-11,SP,0.07692307692307693,EQ
2013-11,XU,0.07692307692307693,EQ
2013-11,XX,0.07692307692307693,EQ
2013-11,ZD,0.07692307692307693,EQ
2013-12,AP,0.07692307692307693,EQ
2013-12,AX,0.07692307692307693,EQ
2013-12,CA,0.07692307692307693,EQ
2013-12,HS,0.07692307692307693,EQ
2013-12,LX,0.07692307692307693,EQ
2013-12,MD,0.07692307692307693,EQ
2013-12,ND,0.07692307692307693,EQ
2013-12,NK,0.07692307692307693,EQ
2013-12,RL,0.07692307692307693,EQ
2013-12,SP,0.07692307692307693,EQ
2013-12,XU,0.07692307692307693,EQ
2013-12,XX,0.07692307692307693,EQ
2013-12,ZD,0.07692307692307693,EQ
2014-01,AP,0.07692307692307693,EQ
2014-01,AX,0.07692307692307693,EQ
2014-01,CA,0.07692307692307693,EQ
2014-01,HS,0.07692307692307693,EQ
2014-01,LX,0.07692307692307693,EQ
2014-01,MD,0.07692307692307693,EQ
2014-01,ND,0.07692307692307693,EQ
2014-01,NK,0.07692307692307693,EQ
2014-01,RL,0.07692307692307693,EQ
2014-01,SP,0.07692307692307693,EQ
2014-01,XU,0.07692307692307693,EQ
2014-01,XX,0.07692307692307693,EQ
2014-01,ZD,0.07692307692307693,EQ
2014-02,AP,0.07692307692307693,EQ
2014-02,AX,0.07692307692307693,EQ
2014-02,CA,0.07692307692307693,EQ
2014-02,HS,0.07692307692307693,EQ
2014-02,LX,0.07692307692307693,EQ
2014-02,MD,0.07692307692307693,EQ
2014-02,ND,0.07692307692307693,EQ
2014-02,NK,0.07692307692307693,EQ
2014-02,RL,0.07692307692307693,EQ
2014-02,SP,0.07692307692307693,EQ
2014-02,XU,0.07692307692307693,EQ
2014-02,XX,0.07692307692307693,EQ
2014-02,ZD,0.07692307692307693,EQ
2014-03,AP,0.07692307692307693,EQ
2014-03,AX,0.07692307692307693,EQ
2014-03,CA,0.07692307692307693,EQ
2014-03,HS,0.07692307692307693,EQ
2014-03,LX,0.07692307692307693,EQ
2014-03,MD,0.07692307692307693,EQ
2014-03,ND,0.07692307692307693,EQ
2014-03,NK,0.07692307692307693,EQ
2014-03,RL,0.07692307692307693,EQ
2014-03,SP,0.07692307692307693,EQ
2014-03,XU,0.07692307692307693,EQ
2014-03,XX,0.07692307692307693,EQ
2014-03,ZD,0.07692307692307693,EQ
2014-04,AP,0.07692307692307693,EQ
2014-04,AX,0.07692307692307693,EQ
2014-04,CA,0.07692307692307693,EQ
2014-04,HS,0.07692307692307693,EQ
2014-04,LX,0.07692307692307693,EQ
2014-04,MD,0.07692307692307693,EQ
2014-04,ND,0.07692307692307693,EQ
2014-04,NK,0.07692307692307693,EQ
2014-04,RL,0.07692307692307693,EQ
2014-04,SP,0.07692307692307693,EQ
2014-04,XU,0.07692307692307693,EQ
2014-04,XX,0.07692307692307693,EQ
2014-04,ZD,0.07692307692307693,EQ
2014-05,AP,0.07692307692307693,EQ
2014-05,AX,0.07692307692307693,EQ
2014-05,CA,0.07692307692307693,EQ
2014-05,HS,0.07692307692307693,EQ
2014-05,LX,0.07692307692307693,EQ
2014-05,MD,0.07692307692307693,EQ
2014-05,ND,0.07692307692307693,EQ
2014-05,NK,0.07692307692307693,EQ
2014-05,RL,0.07692307692307693,EQ
2014-05,SP,0.07692307692307693,EQ
2014-05,XU,0.07692307692307693,EQ
2014-05,XX,0.07692307692307693,EQ
2014-05,ZD,0.07692307692307693,EQ
2014-06,AP,0.07692307692307693,EQ
2014-06,AX,0.07692307692307693,EQ
2014-06,CA,0.07692307692307693,EQ
2014-06,HS,0.07692307692307693,EQ
2014-06,LX,0.07692307692307693,EQ
2014-06,MD,0.07692307692307693,EQ
2014-06,ND,0.07692307692307693,EQ
2014-06,NK,0.07692307692307693,EQ
2014-06,RL,0.07692307692307693,EQ
2014-06,SP,0.07692307692307693,EQ
2014-06,XU,0.07692307692307693,EQ
2014-06,XX,0.07692307692307693,EQ
2014-06,ZD,0.07692307692307693,EQ
2014-07,AP,0.07692307692307693,EQ
2014-07,AX,0.07692307692307693,EQ
2014-07,CA,0.07692307692307693,EQ
2014-07,HS,0.07692307692307693,EQ
2014-07,LX,0.07692307692307693,EQ
2014-07,MD,0.07692307692307693,EQ
2014-07,ND,0.07692307692307693,EQ
2014-07,NK,0.07692307692307693,EQ
2014-07,RL,0.07692307692307693,EQ
2014-07,SP,0.07692307692307693,EQ
2014-07,XU,0.07692307692307693,EQ
2014-07,XX,0.07692307692307693,EQ
2014-07,ZD,0.07692307692307693,EQ
2014-08,AP,0.07692307692307693,EQ
2014-08,AX,0.07692307692307693,EQ
2014-08,CA,0.07692307692307693,EQ
2014-08,HS,0.07692307692307693,EQ
2014-08,LX,0.07692307692307693,EQ
2014-08,MD,0.07692307692307693,EQ
2014-08,ND,0.07692307692307693,EQ
2014-08,NK,0.07692307692307693,EQ
2014-08,RL,0.07692307692307693,EQ
2014-08,SP,0.07692307692307693,EQ
2014-08,XU,0.07692307692307693,EQ
2014-08,XX,0.07692307692307693,EQ
2014-08,ZD,0.07692307692307693,EQ
2014-09,AP,0.07692307692307693,EQ
2014-09,AX,0.07692307692307693,EQ
2014-09,CA,0.07692307692307693,EQ
2014-09,HS,0.07692307692307693,EQ
2014-09,LX,0.07692307692307693,EQ
2014-09,MD,0.07692307692307693,EQ
2014-09,ND,0.07692307692307693,EQ
2014-09,NK,0.07692307692307693,EQ
2014-09,RL,0.07692307692307693,EQ
2014-09,SP,0.07692307692307693,EQ
2014-09,XU,0.07692307692307693,EQ
2014-09,XX,0.07692307692307693,EQ
2014-09,ZD,0.07692307692307693,EQ
2014-10,AP,0.07692307692307693,EQ
2014-10,AX,0.07692307692307693,EQ
2014-10,CA,0.07692307692307693,EQ
2014-10,HS,0.07692307692307693,EQ
2014-10,LX,0.07692307692307693,EQ
2014-10,MD,0.07692307692307693,EQ
2014-10,ND,0.07692307692307693,EQ
2014-10,NK,0.07692307692307693,EQ
2014-10,RL,0.07692307692307693,EQ
2014-10,SP,0.07692307692307693,EQ
2014-10,XU,0.07692307692307693,EQ
2014-10,XX,0.07692307692307693,EQ
2014-10,ZD,0.07692307692307693,EQ
2014-11,AP,0.07692307692307693,EQ
2014-11,AX,0.07692307692307693,EQ
2014-11,CA,0.07692307692307693,EQ
2014-11,HS,0.07692307692307693,EQ
2014-11,LX,0.07692307692307693,EQ
2014-11,MD,0.07692307692307693,EQ
2014-11,ND,0.07692307692307693,EQ
2014-11,NK,0.07692307692307693,EQ
2014-11,RL,0.07692307692307693,EQ
2014-11,SP,0.07692307692307693,EQ
2014-11,XU,0.07692307692307693,EQ
2014-11,XX,0.07692307692307693,EQ
2014-11,ZD,0.07692307692307693,EQ
2014-12,AP,0.07692307692307693,EQ
2014-12,AX,0.07692307692307693,EQ
2014-12,CA,0.07692307692307693,EQ
2014-12,HS,0.07692307692307693,EQ
2014-12,LX,0.07692307692307693,EQ
2014-12,MD,0.07692307692307693,EQ
2014-12,ND,0.07692307692307693,EQ
2014-12,NK,0.07692307692307693,EQ
2014-12,RL,0.07692307692307693,EQ
2014-12,SP,0.07692307692307693,EQ
2014-12,XU,0.07692307692307693,EQ
2014-12,XX,0.07692307692307693,EQ
2014-12,ZD,0.07692307692307693,EQ
1978-02,CB,0.0,FI
1978-02,DT,0.0,FI
1978-02,FB,0.0,FI
1978-02,GS,0.0,FI
1978-02,SS,0.0,FI
1978-02,TU,0.0,FI
1978-02,TY,0.0,FI
1978-02,UB,0.0,FI
1978-02,US,1.0,FI
1978-02,UZ,0.0,FI
1978-03,CB,0.0,FI
1978-03,DT,0.0,FI
1978-03,FB,0.0,FI
1978-03,GS,0.0,FI
1978-03,SS,0.0,FI
1978-03,TU,0.0,FI
1978-03,TY,0.0,FI
1978-03,UB,0.0,FI
1978-03,US,1.0,FI
1978-03,UZ,0.0,FI
1978-04,CB,0.0,FI
1978-04,DT,0.0,FI
1978-04,FB,0.0,FI
1978-04,GS,0.0,FI
1978-04,SS,0.0,FI
1978-04,TU,0.0,FI
1978-04,TY,0.0,FI
1978-04,UB,0.0,FI
1978-04,US,1.0,FI
1978-04,UZ,0.0,FI
1978-05,CB,0.0,FI
1978-05,DT,0.0,FI
1978-05,FB,0.0,FI
1978-05,GS,0.0,FI
1978-05,SS,0.0,FI
1978-05,TU,0.0,FI
1978-05,TY,0.0,FI
1978-05,UB,0.0,FI
1978-05,US,1.0,FI
1978-05,UZ,0.0,FI
1978-06,CB,0.0,FI
1978-06,DT,0.0,FI
1978-06,FB,0.0,FI
1978-06,GS,0.0,FI
1978-06,SS,0.0,FI
1978-06,TU,0.0,FI
1978-06,TY,0.0,FI
1978-06,UB,0.0,FI
1978-06,US,1.0,FI
1978-06,UZ,0.0,FI
1978-07,CB,0.0,FI
1978-07,DT,0.0,FI
1978-07,FB,0.0,FI
1978-07,GS,0.0,FI
1978-07,SS,0.0,FI
1978-07,TU,0.0,FI
1978-07,TY,0.0,FI
1978-07,UB,0.0,FI
1978-07,US,1.0,FI
1978-07,UZ,0.0,FI
1978-08,CB,0.0,FI
1978-08,DT,0.0,FI
1978-08,FB,0.0,FI
1978-08,GS,0.0,FI
1978-08,SS,0.0,FI
1978-08,TU,0.0,FI
1978-08,TY,0.0,FI
1978-08,UB,0.0,FI
1978-08,US,1.0,FI
1978-08,UZ,0.0,FI
1978-09,CB,0.0,FI
1978-09,DT,0.0,FI
1978-09,FB,0.0,FI
1978-09,GS,0.0,FI
1978-09,SS,0.0,FI
1978-09,TU,0.0,FI
1978-09,TY,0.0,FI
1978-09,UB,0.0,FI
1978-09,US,1.0,FI
1978-09,UZ,0.0,FI
1978-10,CB,0.0,FI
1978-10,DT,0.0,FI
1978-10,FB,0.0,FI
1978-10,GS,0.0,FI
1978-10,SS,0.0,FI
1978-10,TU,0.0,FI
1978-10,TY,0.0,FI
1978-10,UB,0.0,FI
1978-10,US,1.0,FI
1978-10,UZ,0.0,FI
1978-11,CB,0.0,FI
1978-11,DT,0.0,FI
1978-11,FB,0.0,FI
1978-11,GS,0.0,FI
1978-11,SS,0.0,FI
1978-11,TU,0.0,FI
1978-11,TY,0.0,FI
1978-11,UB,0.0,FI
1978-11,US,1.0,FI
1978-11,UZ,0.0,FI
1978-12,CB,0.0,FI
1978-12,DT,0.0,FI
1978-12,FB,0.0,FI
1978-12,GS,0.0,FI
1978-12,SS,0.0,FI
1978-12,TU,0.0,FI
1978-12,TY,0.0,FI
1978-12,UB,0.0,FI
1978-12,US,1.0,FI
1978-12,UZ,0.0,FI
1979-01,CB,0.0,FI
1979-01,DT,0.0,FI
1979-01,FB,0.0,FI
1979-01,GS,0.0,FI
1979-01,SS,0.0,FI
1979-01,TU,0.0,FI
1979-01,TY,0.0,FI
1979-01,UB,0.0,FI
1979-01,US,1.0,FI
1979-01,UZ,0.0,FI
1979-02,CB,0.0,FI
1979-02,DT,0.0,FI
1979-02,FB,0.0,FI
1979-02,GS,0.0,FI
1979-02,SS,0.0,FI
1979-02,TU,0.0,FI
1979-02,TY,0.0,FI
1979-02,UB,0.0,FI
1979-02,US,1.0,FI
1979-02,UZ,0.0,FI
1979-03,CB,0.0,FI
1979-03,DT,0.0,FI
1979-03,FB,0.0,FI
1979-03,GS,0.0,FI
1979-03,SS,0.0,FI
1979-03,TU,0.0,FI
1979-03,TY,0.0,FI
1979-03,UB,0.0,FI
1979-03,US,1.0,FI
1979-03,UZ,0.0,FI
1979-04,CB,0.0,FI
1979-04,DT,0.0,FI
1979-04,FB,0.0,FI
1979-04,GS,0.0,FI
1979-04,SS,0.0,FI
1979-04,TU,0.0,FI
1979-04,TY,0.0,FI
1979-04,UB,0.0,FI
1979-04,US,1.0,FI
1979-04,UZ,0.0,FI
1979-05,CB,0.0,FI
1979-05,DT,0.0,FI
1979-05,FB,0.0,FI
1979-05,GS,0.0,FI
1979-05,SS,0.0,FI
1979-05,TU,0.0,FI
1979-05,TY,0.0,FI
1979-05,UB,0.0,FI
1979-05,US,1.0,FI
1979-05,UZ,0.0,FI
1979-06,CB,0.0,FI
1979-06,DT,0.0,FI
1979-06,FB,0.0,FI
1979-06,GS,0.0,FI
1979-06,SS,0.0,FI
1979-06,TU,0.0,FI
1979-06,TY,0.0,FI
1979-06,UB,0.0,FI
1979-06,US,1.0,FI
1979-06,UZ,0.0,FI
1979-07,CB,0.0,FI
1979-07,DT,0.0,FI
1979-07,FB,0.0,FI
1979-07,GS,0.0,FI
1979-07,SS,0.0,FI
1979-07,TU,0.0,FI
1979-07,TY,0.0,FI
1979-07,UB,0.0,FI
1979-07,US,1.0,FI
1979-07,UZ,0.0,FI
1979-08,CB,0.0,FI
1979-08,DT,0.0,FI
1979-08,FB,0.0,FI
1979-08,GS,0.0,FI
1979-08,SS,0.0,FI
1979-08,TU,0.0,FI
1979-08,TY,0.0,FI
1979-08,UB,0.0,FI
1979-08,US,1.0,FI
1979-08,UZ,0.0,FI
1979-09,CB,0.0,FI
1979-09,DT,0.0,FI
1979-09,FB,0.0,FI
1979-09,GS,0.0,FI
1979-09,SS,0.0,FI
1979-09,TU,0.0,FI
1979-09,TY,0.0,FI
1979-09,UB,0.0,FI
1979-09,US,1.0,FI
1979-09,UZ,0.0,FI
1979-10,CB,0.0,FI
1979-10,DT,0.0,FI
1979-10,FB,0.0,FI
1979-10,GS,0.0,FI
1979-10,SS,0.0,FI
1979-10,TU,0.0,FI
1979-10,TY,0.0,FI
1979-10,UB,0.0,FI
1979-10,US,1.0,FI
1979-10,UZ,0.0,FI
1979-11,CB,0.0,FI
1979-11,DT,0.0,FI
1979-11,FB,0.0,FI
1979-11,GS,0.0,FI
1979-11,SS,0.0,FI
1979-11,TU,0.0,FI
1979-11,TY,0.0,FI
1979-11,UB,0.0,FI
1979-11,US,1.0,FI
1979-11,UZ,0.0,FI
1979-12,CB,0.0,FI
1979-12,DT,0.0,FI
1979-12,FB,0.0,FI
1979-12,GS,0.0,FI
1979-12,SS,0.0,FI
1979-12,TU,0.0,FI
1979-12,TY,0.0,FI
1979-12,UB,0.0,FI
1979-12,US,1.0,FI
1979-12,UZ,0.0,FI
1980-01,CB,0.0,FI
1980-01,DT,0.0,FI
1980-01,FB,0.0,FI
1980-01,GS,0.0,FI
1980-01,SS,0.0,FI
1980-01,TU,0.0,FI
1980-01,TY,0.0,FI
1980-01,UB,0.0,FI
1980-01,US,1.0,FI
1980-01,UZ,0.0,FI
1980-02,CB,0.0,FI
1980-02,DT,0.0,FI
1980-02,FB,0.0,FI
1980-02,GS,0.0,FI
1980-02,SS,0.0,FI
1980-02,TU,0.0,FI
1980-02,TY,0.0,FI
1980-02,UB,0.0,FI
1980-02,US,1.0,FI
1980-02,UZ,0.0,FI
1980-03,CB,0.0,FI
1980-03,DT,0.0,FI
1980-03,FB,0.0,FI
1980-03,GS,0.0,FI
1980-03,SS,0.0,FI
1980-03,TU,0.0,FI
1980-03,TY,0.0,FI
1980-03,UB,0.0,FI
1980-03,US,1.0,FI
1980-03,UZ,0.0,FI
1980-04,CB,0.0,FI
1980-04,DT,0.0,FI
1980-04,FB,0.0,FI
1980-04,GS,0.0,FI
1980-04,SS,0.0,FI
1980-04,TU,0.0,FI
1980-04,TY,0.0,FI
1980-04,UB,0.0,FI
1980-04,US,1.0,FI
1980-04,UZ,0.0,FI
1980-05,CB,0.0,FI
1980-05,DT,0.0,FI
1980-05,FB,0.0,FI
1980-05,GS,0.0,FI
1980-05,SS,0.0,FI
1980-05,TU,0.0,FI
1980-05,TY,0.0,FI
1980-05,UB,0.0,FI
1980-05,US,1.0,FI
1980-05,UZ,0.0,FI
1980-06,CB,0.0,FI
1980-06,DT,0.0,FI
1980-06,FB,0.0,FI
1980-06,GS,0.0,FI
1980-06,SS,0.0,FI
1980-06,TU,0.0,FI
1980-06,TY,0.0,FI
1980-06,UB,0.0,FI
1980-06,US,1.0,FI
1980-06,UZ,0.0,FI
1980-07,CB,0.0,FI
1980-07,DT,0.0,FI
1980-07,FB,0.0,FI
1980-07,GS,0.0,FI
1980-07,SS,0.0,FI
1980-07,TU,0.0,FI
1980-07,TY,0.0,FI
1980-07,UB,0.0,FI
1980-07,US,1.0,FI
1980-07,UZ,0.0,FI
1980-08,CB,0.0,FI
1980-08,DT,0.0,FI
1980-08,FB,0.0,FI
1980-08,GS,0.0,FI
1980-08,SS,0.0,FI
1980-08,TU,0.0,FI
1980-08,TY,0.0,FI
1980-08,UB,0.0,FI
1980-08,US,1.0,FI
1980-08,UZ,0.0,FI
1980-09,CB,0.0,FI
1980-09,DT,0.0,FI
1980-09,FB,0.0,FI
1980-09,GS,0.0,FI
1980-09,SS,0.0,FI
1980-09,TU,0.0,FI
1980-09,TY,0.0,FI
1980-09,UB,0.0,FI
1980-09,US,1.0,FI
1980-09,UZ,0.0,FI
1980-10,CB,0.0,FI
1980-10,DT,0.0,FI
1980-10,FB,0.0,FI
1980-10,GS,0.0,FI
1980-10,SS,0.0,FI
1980-10,TU,0.0,FI
1980-10,TY,0.0,FI
1980-10,UB,0.0,FI
1980-10,US,1.0,FI
1980-10,UZ,0.0,FI
1980-11,CB,0.0,FI
1980-11,DT,0.0,FI
1980-11,FB,0.0,FI
1980-11,GS,0.0,FI
1980-11,SS,0.0,FI
1980-11,TU,0.0,FI
1980-11,TY,0.0,FI
1980-11,UB,0.0,FI
1980-11,US,1.0,FI
1980-11,UZ,0.0,FI
1980-12,CB,0.0,FI
1980-12,DT,0.0,FI
1980-12,FB,0.0,FI
1980-12,GS,0.0,FI
1980-12,SS,0.0,FI
1980-12,TU,0.0,FI
1980-12,TY,0.0,FI
1980-12,UB,0.0,FI
1980-12,US,1.0,FI
1980-12,UZ,0.0,FI
1981-01,CB,0.0,FI
1981-01,DT,0.0,FI
1981-01,FB,0.0,FI
1981-01,GS,0.0,FI
1981-01,SS,0.0,FI
1981-01,TU,0.0,FI
1981-01,TY,0.0,FI
1981-01,UB,0.0,FI
1981-01,US,1.0,FI
1981-01,UZ,0.0,FI
1981-02,CB,0.0,FI
1981-02,DT,0.0,FI
1981-02,FB,0.0,FI
1981-02,GS,0.0,FI
1981-02,SS,0.0,FI
1981-02,TU,0.0,FI
1981-02,TY,0.0,FI
1981-02,UB,0.0,FI
1981-02,US,1.0,FI
1981-02,UZ,0.0,FI
1981-03,CB,0.0,FI
1981-03,DT,0.0,FI
1981-03,FB,0.0,FI
1981-03,GS,0.0,FI
1981-03,SS,0.0,FI
1981-03,TU,0.0,FI
1981-03,TY,0.0,FI
1981-03,UB,0.0,FI
1981-03,US,1.0,FI
1981-03,UZ,0.0,FI
1981-04,CB,0.0,FI
1981-04,DT,0.0,FI
1981-04,FB,0.0,FI
1981-04,GS,0.0,FI
1981-04,SS,0.0,FI
1981-04,TU,0.0,FI
1981-04,TY,0.0,FI
1981-04,UB,0.0,FI
1981-04,US,1.0,FI
1981-04,UZ,0.0,FI
1981-05,CB,0.0,FI
1981-05,DT,0.0,FI
1981-05,FB,0.0,FI
1981-05,GS,0.0,FI
1981-05,SS,0.0,FI
1981-05,TU,0.0,FI
1981-05,TY,0.0,FI
1981-05,UB,0.0,FI
1981-05,US,1.0,FI
1981-05,UZ,0.0,FI
1981-06,CB,0.0,FI
1981-06,DT,0.0,FI
1981-06,FB,0.0,FI
1981-06,GS,0.0,FI
1981-06,SS,0.0,FI
1981-06,TU,0.0,FI
1981-06,TY,0.0,FI
1981-06,UB,0.0,FI
1981-06,US,1.0,FI
1981-06,UZ,0.0,FI
1981-07,CB,0.0,FI
1981-07,DT,0.0,FI
1981-07,FB,0.0,FI
1981-07,GS,0.0,FI
1981-07,SS,0.0,FI
1981-07,TU,0.0,FI
1981-07,TY,0.0,FI
1981-07,UB,0.0,FI
1981-07,US,1.0,FI
1981-07,UZ,0.0,FI
1981-08,CB,0.0,FI
1981-08,DT,0.0,FI
1981-08,FB,0.0,FI
1981-08,GS,0.0,FI
1981-08,SS,0.0,FI
1981-08,TU,0.0,FI
1981-08,TY,0.0,FI
1981-08,UB,0.0,FI
1981-08,US,1.0,FI
1981-08,UZ,0.0,FI
1981-09,CB,0.0,FI
1981-09,DT,0.0,FI
1981-09,FB,0.0,FI
1981-09,GS,0.0,FI
1981-09,SS,0.0,FI
1981-09,TU,0.0,FI
1981-09,TY,0.0,FI
1981-09,UB,0.0,FI
1981-09,US,1.0,FI
1981-09,UZ,0.0,FI
1981-10,CB,0.0,FI
1981-10,DT,0.0,FI
1981-10,FB,0.0,FI
1981-10,GS,0.0,FI
1981-10,SS,0.0,FI
1981-10,TU,0.0,FI
1981-10,TY,0.0,FI
1981-10,UB,0.0,FI
1981-10,US,1.0,FI
1981-10,UZ,0.0,FI
1981-11,CB,0.0,FI
1981-11,DT,0.0,FI
1981-11,FB,0.0,FI
1981-11,GS,0.0,FI
1981-11,SS,0.0,FI
1981-11,TU,0.0,FI
1981-11,TY,0.0,FI
1981-11,UB,0.0,FI
1981-11,US,1.0,FI
1981-11,UZ,0.0,FI
1981-12,CB,0.0,FI
1981-12,DT,0.0,FI
1981-12,FB,0.0,FI
1981-12,GS,0.0,FI
1981-12,SS,0.0,FI
1981-12,TU,0.0,FI
1981-12,TY,0.0,FI
1981-12,UB,0.0,FI
1981-12,US,1.0,FI
1981-12,UZ,0.0,FI
1982-01,CB,0.0,FI
1982-01,DT,0.0,FI
1982-01,FB,0.0,FI
1982-01,GS,0.0,FI
1982-01,SS,0.0,FI
1982-01,TU,0.0,FI
1982-01,TY,0.0,FI
1982-01,UB,0.0,FI
1982-01,US,1.0,FI
1982-01,UZ,0.0,FI
1982-02,CB,0.0,FI
1982-02,DT,0.0,FI
1982-02,FB,0.0,FI
1982-02,GS,0.0,FI
1982-02,SS,0.0,FI
1982-02,TU,0.0,FI
1982-02,TY,0.0,FI
1982-02,UB,0.0,FI
1982-02,US,1.0,FI
1982-02,UZ,0.0,FI
1982-03,CB,0.0,FI
1982-03,DT,0.0,FI
1982-03,FB,0.0,FI
1982-03,GS,0.0,FI
1982-03,SS,0.0,FI
1982-03,TU,0.0,FI
1982-03,TY,0.0,FI
1982-03,UB,0.0,FI
1982-03,US,1.0,FI
1982-03,UZ,0.0,FI
1982-04,CB,0.0,FI
1982-04,DT,0.0,FI
1982-04,FB,0.0,FI
1982-04,GS,0.0,FI
1982-04,SS,0.0,FI
1982-04,TU,0.0,FI
1982-04,TY,0.0,FI
1982-04,UB,0.0,FI
1982-04,US,1.0,FI
1982-04,UZ,0.0,FI
1982-05,CB,0.0,FI
1982-05,DT,0.0,FI
1982-05,FB,0.0,FI
1982-05,GS,0.0,FI
1982-05,SS,0.0,FI
1982-05,TU,0.0,FI
1982-05,TY,0.0,FI
1982-05,UB,0.0,FI
1982-05,US,1.0,FI
1982-05,UZ,0.0,FI
1982-06,CB,0.0,FI
1982-06,DT,0.0,FI
1982-06,FB,0.0,FI
1982-06,GS,0.0,FI
1982-06,SS,0.0,FI
1982-06,TU,0.0,FI
1982-06,TY,0.0,FI
1982-06,UB,0.0,FI
1982-06,US,1.0,FI
1982-06,UZ,0.0,FI
1982-07,CB,0.0,FI
1982-07,DT,0.0,FI
1982-07,FB,0.0,FI
1982-07,GS,0.0,FI
1982-07,SS,0.0,FI
1982-07,TU,0.0,FI
1982-07,TY,0.0,FI
1982-07,UB,0.0,FI
1982-07,US,1.0,FI
1982-07,UZ,0.0,FI
1982-08,CB,0.0,FI
1982-08,DT,0.0,FI
1982-08,FB,0.0,FI
1982-08,GS,0.0,FI
1982-08,SS,0.0,FI
1982-08,TU,0.0,FI
1982-08,TY,0.0,FI
1982-08,UB,0.0,FI
1982-08,US,1.0,FI
1982-08,UZ,0.0,FI
1982-09,CB,0.0,FI
1982-09,DT,0.0,FI
1982-09,FB,0.0,FI
1982-09,GS,0.0,FI
1982-09,SS,0.0,FI
1982-09,TU,0.0,FI
1982-09,TY,0.0,FI
1982-09,UB,0.0,FI
1982-09,US,1.0,FI
1982-09,UZ,0.0,FI
1982-10,CB,0.0,FI
1982-10,DT,0.0,FI
1982-10,FB,0.0,FI
1982-10,GS,0.0,FI
1982-10,SS,0.0,FI
1982-10,TU,0.0,FI
1982-10,TY,0.0,FI
1982-10,UB,0.0,FI
1982-10,US,1.0,FI
1982-10,UZ,0.0,FI
1982-11,CB,0.0,FI
1982-11,DT,0.0,FI
1982-11,FB,0.0,FI
1982-11,GS,0.0,FI
1982-11,SS,0.0,FI
1982-11,TU,0.0,FI
1982-11,TY,0.0,FI
1982-11,UB,0.0,FI
1982-11,US,1.0,FI
1982-11,UZ,0.0,FI
1982-12,CB,0.0,FI
1982-12,DT,0.0,FI
1982-12,FB,0.0,FI
1982-12,GS,0.0,FI
1982-12,SS,0.0,FI
1982-12,TU,0.0,FI
1982-12,TY,0.0,FI
1982-12,UB,0.0,FI
1982-12,US,1.0,FI
1982-12,UZ,0.0,FI
1983-01,CB,0.0,FI
1983-01,DT,0.0,FI
1983-01,FB,0.0,FI
1983-01,GS,0.0,FI
1983-01,SS,0.0,FI
1983-01,TU,0.0,FI
1983-01,TY,0.0,FI
1983-01,UB,0.0,FI
1983-01,US,1.0,FI
1983-01,UZ,0.0,FI
1983-02,CB,0.0,FI
1983-02,DT,0.0,FI
1983-02,FB,0.0,FI
1983-02,GS,0.0,FI
1983-02,SS,0.0,FI
1983-02,TU,0.0,FI
1983-02,TY,0.5,FI
1983-02,UB,0.0,FI
1983-02,US,0.5,FI
1983-02,UZ,0.0,FI
1983-03,CB,0.0,FI
1983-03,DT,0.0,FI
1983-03,FB,0.0,FI
1983-03,GS,0.0,FI
1983-03,SS,0.0,FI
1983-03,TU,0.0,FI
1983-03,TY,0.5,FI
1983-03,UB,0.0,FI
1983-03,US,0.5,FI
1983-03,UZ,0.0,FI
1983-04,CB,0.0,FI
1983-04,DT,0.0,FI
1983-04,FB,0.0,FI
1983-04,GS,0.0,FI
1983-04,SS,0.0,FI
1983-04,TU,0.0,FI
1983-04,TY,0.5,FI
1983-04,UB,0.0,FI
1983-04,US,0.5,FI
1983-04,UZ,0.0,FI
1983-05,CB,0.0,FI
1983-05,DT,0.0,FI
1983-05,FB,0.0,FI
1983-05,GS,0.0,FI
1983-05,SS,0.0,FI
1983-05,TU,0.0,FI
1983-05,TY,0.5,FI
1983-05,UB,0.0,FI
1983-05,US,0.5,FI
1983-05,UZ,0.0,FI
1983-06,CB,0.0,FI
1983-06,DT,0.0,FI
1983-06,FB,0.0,FI
1983-06,GS,0.0,FI
1983-06,SS,0.0,FI
1983-06,TU,0.0,FI
1983-06,TY,0.5,FI
1983-06,UB,0.0,FI
1983-06,US,0.5,FI
1983-06,UZ,0.0,FI
1983-07,CB,0.0,FI
1983-07,DT,0.0,FI
1983-07,FB,0.0,FI
1983-07,GS,0.0,FI
1983-07,SS,0.0,FI
1983-07,TU,0.0,FI
1983-07,TY,0.5,FI
1983-07,UB,0.0,FI
1983-07,US,0.5,FI
1983-07,UZ,0.0,FI
1983-08,CB,0.0,FI
1983-08,DT,0.0,FI
1983-08,FB,0.0,FI
1983-08,GS,0.0,FI
1983-08,SS,0.0,FI
1983-08,TU,0.0,FI
1983-08,TY,0.5,FI
1983-08,UB,0.0,FI
1983-08,US,0.5,FI
1983-08,UZ,0.0,FI
1983-09,CB,0.0,FI
1983-09,DT,0.0,FI
1983-09,FB,0.0,FI
1983-09,GS,0.0,FI
1983-09,SS,0.0,FI
1983-09,TU,0.0,FI
1983-09,TY,0.5,FI
1983-09,UB,0.0,FI
1983-09,US,0.5,FI
1983-09,UZ,0.0,FI
1983-10,CB,0.0,FI
1983-10,DT,0.0,FI
1983-10,FB,0.0,FI
1983-10,GS,0.0,FI
1983-10,SS,0.0,FI
1983-10,TU,0.0,FI
1983-10,TY,0.5,FI
1983-10,UB,0.0,FI
1983-10,US,0.5,FI
1983-10,UZ,0.0,FI
1983-11,CB,0.0,FI
1983-11,DT,0.0,FI
1983-11,FB,0.0,FI
1983-11,GS,0.0,FI
1983-11,SS,0.0,FI
1983-11,TU,0.0,FI
1983-11,TY,0.5,FI
1983-11,UB,0.0,FI
1983-11,US,0.5,FI
1983-11,UZ,0.0,FI
1983-12,CB,0.0,FI
1983-12,DT,0.0,FI
1983-12,FB,0.0,FI
1983-12,GS,0.0,FI
1983-12,SS,0.0,FI
1983-12,TU,0.0,FI
1983-12,TY,0.5,FI
1983-12,UB,0.0,FI
1983-12,US,0.5,FI
1983-12,UZ,0.0,FI
1984-01,CB,0.0,FI
1984-01,DT,0.0,FI
1984-01,FB,0.0,FI
1984-01,GS,0.0,FI
1984-01,SS,0.0,FI
1984-01,TU,0.0,FI
1984-01,TY,0.5,FI
1984-01,UB,0.0,FI
1984-01,US,0.5,FI
1984-01,UZ,0.0,FI
1984-02,CB,0.0,FI
1984-02,DT,0.0,FI
1984-02,FB,0.0,FI
1984-02,GS,0.0,FI
1984-02,SS,0.0,FI
1984-02,TU,0.0,FI
1984-02,TY,0.5,FI
1984-02,UB,0.0,FI
1984-02,US,0.5,FI
1984-02,UZ,0.0,FI
1984-03,CB,0.0,FI
1984-03,DT,0.0,FI
1984-03,FB,0.0,FI
1984-03,GS,0.0,FI
1984-03,SS,0.0,FI
1984-03,TU,0.0,FI
1984-03,TY,0.5,FI
1984-03,UB,0.0,FI
1984-03,US,0.5,FI
1984-03,UZ,0.0,FI
1984-04,CB,0.0,FI
1984-04,DT,0.0,FI
1984-04,FB,0.0,FI
1984-04,GS,0.0,FI
1984-04,SS,0.0,FI
1984-04,TU,0.0,FI
1984-04,TY,0.5,FI
1984-04,UB,0.0,FI
1984-04,US,0.5,FI
1984-04,UZ,0.0,FI
1984-05,CB,0.0,FI
1984-05,DT,0.0,FI
1984-05,FB,0.0,FI
1984-05,GS,0.0,FI
1984-05,SS,0.0,FI
1984-05,TU,0.0,FI
1984-05,TY,0.5,FI
1984-05,UB,0.0,FI
1984-05,US,0.5,FI
1984-05,UZ,0.0,FI
1984-06,CB,0.0,FI
1984-06,DT,0.0,FI
1984-06,FB,0.0,FI
1984-06,GS,0.0,FI
1984-06,SS,0.0,FI
1984-06,TU,0.0,FI
1984-06,TY,0.5,FI
1984-06,UB,0.0,FI
1984-06,US,0.5,FI
1984-06,UZ,0.0,FI
1984-07,CB,0.0,FI
1984-07,DT,0.0,FI
1984-07,FB,0.0,FI
1984-07,GS,0.0,FI
1984-07,SS,0.0,FI
1984-07,TU,0.0,FI
1984-07,TY,0.5,FI
1984-07,UB,0.0,FI
1984-07,US,0.5,FI
1984-07,UZ,0.0,FI
1984-08,CB,0.0,FI
1984-08,DT,0.0,FI
1984-08,FB,0.0,FI
1984-08,GS,0.0,FI
1984-08,SS,0.0,FI
1984-08,TU,0.0,FI
1984-08,TY,0.5,FI
1984-08,UB,0.0,FI
1984-08,US,0.5,FI
1984-08,UZ,0.0,FI
1984-09,CB,0.0,FI
1984-09,DT,0.0,FI
1984-09,FB,0.0,FI
1984-09,GS,0.0,FI
1984-09,SS,0.0,FI
1984-09,TU,0.0,FI
1984-09,TY,0.5,FI
1984-09,UB,0.0,FI
1984-09,US,0.5,FI
1984-09,UZ,0.0,FI
1984-10,CB,0.0,FI
1984-10,DT,0.0,FI
1984-10,FB,0.0,FI
1984-10,GS,0.0,FI
1984-10,SS,0.0,FI
1984-10,TU,0.0,FI
1984-10,TY,0.5,FI
1984-10,UB,0.0,FI
1984-10,US,0.5,FI
1984-10,UZ,0.0,FI
1984-11,CB,0.0,FI
1984-11,DT,0.0,FI
1984-11,FB,0.0,FI
1984-11,GS,0.0,FI
1984-11,SS,0.0,FI
1984-11,TU,0.0,FI
1984-11,TY,0.5,FI
1984-11,UB,0.0,FI
1984-11,US,0.5,FI
1984-11,UZ,0.0,FI
1984-12,CB,0.0,FI
1984-12,DT,0.0,FI
1984-12,FB,0.0,FI
1984-12,GS,0.0,FI
1984-12,SS,0.0,FI
1984-12,TU,0.0,FI
1984-12,TY,0.5,FI
1984-12,UB,0.0,FI
1984-12,US,0.5,FI
1984-12,UZ,0.0,FI
1985-01,CB,0.0,FI
1985-01,DT,0.0,FI
1985-01,FB,0.0,FI
1985-01,GS,0.0,FI
1985-01,SS,0.0,FI
1985-01,TU,0.0,FI
1985-01,TY,0.5,FI
1985-01,UB,0.0,FI
1985-01,US,0.5,FI
1985-01,UZ,0.0,FI
1985-02,CB,0.0,FI
1985-02,DT,0.0,FI
1985-02,FB,0.0,FI
1985-02,GS,0.0,FI
1985-02,SS,0.0,FI
1985-02,TU,0.0,FI
1985-02,TY,0.5,FI
1985-02,UB,0.0,FI
1985-02,US,0.5,FI
1985-02,UZ,0.0,FI
1985-03,CB,0.0,FI
1985-03,DT,0.0,FI
1985-03,FB,0.0,FI
1985-03,GS,0.0,FI
1985-03,SS,0.0,FI
1985-03,TU,0.0,FI
1985-03,TY,0.5,FI
1985-03,UB,0.0,FI
1985-03,US,0.5,FI
1985-03,UZ,0.0,FI
1985-04,CB,0.0,FI
1985-04,DT,0.0,FI
1985-04,FB,0.0,FI
1985-04,GS,0.0,FI
1985-04,SS,0.0,FI
1985-04,TU,0.0,FI
1985-04,TY,0.5,FI
1985-04,UB,0.0,FI
1985-04,US,0.5,FI
1985-04,UZ,0.0,FI
1985-05,CB,0.0,FI
1985-05,DT,0.0,FI
1985-05,FB,0.0,FI
1985-05,GS,0.0,FI
1985-05,SS,0.0,FI
1985-05,TU,0.0,FI
1985-05,TY,0.5,FI
1985-05,UB,0.0,FI
1985-05,US,0.5,FI
1985-05,UZ,0.0,FI
1985-06,CB,0.0,FI
1985-06,DT,0.0,FI
1985-06,FB,0.0,FI
1985-06,GS,0.0,FI
1985-06,SS,0.0,FI
1985-06,TU,0.0,FI
1985-06,TY,0.5,FI
1985-06,UB,0.0,FI
1985-06,US,0.5,FI
1985-06,UZ,0.0,FI
1985-07,CB,0.0,FI
1985-07,DT,0.0,FI
1985-07,FB,0.0,FI
1985-07,GS,0.0,FI
1985-07,SS,0.0,FI
1985-07,TU,0.0,FI
1985-07,TY,0.5,FI
1985-07,UB,0.0,FI
1985-07,US,0.5,FI
1985-07,UZ,0.0,FI
1985-08,CB,0.0,FI
1985-08,DT,0.0,FI
1985-08,FB,0.0,FI
1985-08,GS,0.0,FI
1985-08,SS,0.0,FI
1985-08,TU,0.0,FI
1985-08,TY,0.5,FI
1985-08,UB,0.0,FI
1985-08,US,0.5,FI
1985-08,UZ,0.0,FI
1985-09,CB,0.0,FI
1985-09,DT,0.0,FI
1985-09,FB,0.0,FI
1985-09,GS,0.0,FI
1985-09,SS,0.0,FI
1985-09,TU,0.0,FI
1985-09,TY,0.5,FI
1985-09,UB,0.0,FI
1985-09,US,0.5,FI
1985-09,UZ,0.0,FI
1985-10,CB,0.0,FI
1985-10,DT,0.0,FI
1985-10,FB,0.0,FI
1985-10,GS,0.0,FI
1985-10,SS,0.0,FI
1985-10,TU,0.0,FI
1985-10,TY,0.5,FI
1985-10,UB,0.0,FI
1985-10,US,0.5,FI
1985-10,UZ,0.0,FI
1985-11,CB,0.0,FI
1985-11,DT,0.0,FI
1985-11,FB,0.0,FI
1985-11,GS,0.0,FI
1985-11,SS,0.0,FI
1985-11,TU,0.0,FI
1985-11,TY,0.5,FI
1985-11,UB,0.0,FI
1985-11,US,0.5,FI
1985-11,UZ,0.0,FI
1985-12,CB,0.0,FI
1985-12,DT,0.0,FI
1985-12,FB,0.0,FI
1985-12,GS,0.0,FI
1985-12,SS,0.0,FI
1985-12,TU,0.0,FI
1985-12,TY,0.5,FI
1985-12,UB,0.0,FI
1985-12,US,0.5,FI
1985-12,UZ,0.0,FI
1986-01,CB,0.0,FI
1986-01,DT,0.0,FI
1986-01,FB,0.0,FI
1986-01,GS,0.0,FI
1986-01,SS,0.0,FI
1986-01,TU,0.0,FI
1986-01,TY,0.5,FI
1986-01,UB,0.0,FI
1986-01,US,0.5,FI
1986-01,UZ,0.0,FI
1986-02,CB,0.0,FI
1986-02,DT,0.0,FI
1986-02,FB,0.0,FI
1986-02,GS,0.0,FI
1986-02,SS,0.0,FI
1986-02,TU,0.0,FI
1986-02,TY,0.5,FI
1986-02,UB,0.0,FI
1986-02,US,0.5,FI
1986-02,UZ,0.0,FI
1986-03,CB,0.0,FI
1986-03,DT,0.0,FI
1986-03,FB,0.0,FI
1986-03,GS,0.0,FI
1986-03,SS,0.0,FI
1986-03,TU,0.0,FI
1986-03,TY,0.5,FI
1986-03,UB,0.0,FI
1986-03,US,0.5,FI
1986-03,UZ,0.0,FI
1986-04,CB,0.0,FI
1986-04,DT,0.0,FI
1986-04,FB,0.0,FI
1986-04,GS,0.0,FI
1986-04,SS,0.0,FI
1986-04,TU,0.0,FI
1986-04,TY,0.5,FI
1986-04,UB,0.0,FI
1986-04,US,0.5,FI
1986-04,UZ,0.0,FI
1986-05,CB,0.0,FI
1986-05,DT,0.0,FI
1986-05,FB,0.0,FI
1986-05,GS,0.0,FI
1986-05,SS,0.0,FI
1986-05,TU,0.0,FI
1986-05,TY,0.5,FI
1986-05,UB,0.0,FI
1986-05,US,0.5,FI
1986-05,UZ,0.0,FI
1986-06,CB,0.0,FI
1986-06,DT,0.0,FI
1986-06,FB,0.0,FI
1986-06,GS,0.0,FI
1986-06,SS,0.0,FI
1986-06,TU,0.0,FI
1986-06,TY,0.5,FI
1986-06,UB,0.0,FI
1986-06,US,0.5,FI
1986-06,UZ,0.0,FI
1986-07,CB,0.0,FI
1986-07,DT,0.0,FI
1986-07,FB,0.0,FI
1986-07,GS,0.0,FI
1986-07,SS,0.0,FI
1986-07,TU,0.0,FI
1986-07,TY,0.5,FI
1986-07,UB,0.0,FI
1986-07,US,0.5,FI
1986-07,UZ,0.0,FI
1986-08,CB,0.0,FI
1986-08,DT,0.0,FI
1986-08,FB,0.0,FI
1986-08,GS,0.0,FI
1986-08,SS,0.0,FI
1986-08,TU,0.0,FI
1986-08,TY,0.5,FI
1986-08,UB,0.0,FI
1986-08,US,0.5,FI
1986-08,UZ,0.0,FI
1986-09,CB,0.0,FI
1986-09,DT,0.0,FI
1986-09,FB,0.0,FI
1986-09,GS,0.0,FI
1986-09,SS,0.0,FI
1986-09,TU,0.0,FI
1986-09,TY,0.5,FI
1986-09,UB,0.0,FI
1986-09,US,0.5,FI
1986-09,UZ,0.0,FI
1986-10,CB,0.0,FI
1986-10,DT,0.0,FI
1986-10,FB,0.0,FI
1986-10,GS,0.0,FI
1986-10,SS,0.0,FI
1986-10,TU,0.0,FI
1986-10,TY,0.5,FI
1986-10,UB,0.0,FI
1986-10,US,0.5,FI
1986-10,UZ,0.0,FI
1986-11,CB,0.0,FI
1986-11,DT,0.0,FI
1986-11,FB,0.0,FI
1986-11,GS,0.0,FI
1986-11,SS,0.0,FI
1986-11,TU,0.0,FI
1986-11,TY,0.5,FI
1986-11,UB,0.0,FI
1986-11,US,0.5,FI
1986-11,UZ,0.0,FI
1986-12,CB,0.0,FI
1986-12,DT,0.0,FI
1986-12,FB,0.0,FI
1986-12,GS,0.0,FI
1986-12,SS,0.0,FI
1986-12,TU,0.0,FI
1986-12,TY,0.5,FI
1986-12,UB,0.0,FI
1986-12,US,0.5,FI
1986-12,UZ,0.0,FI
1987-01,CB,0.0,FI
1987-01,DT,0.0,FI
1987-01,FB,0.0,FI
1987-01,GS,0.0,FI
1987-01,SS,0.0,FI
1987-01,TU,0.0,FI
1987-01,TY,0.5,FI
1987-01,UB,0.0,FI
1987-01,US,0.5,FI
1987-01,UZ,0.0,FI
1987-02,CB,0.0,FI
1987-02,DT,0.0,FI
1987-02,FB,0.0,FI
1987-02,GS,0.0,FI
1987-02,SS,0.0,FI
1987-02,TU,0.0,FI
1987-02,TY,0.5,FI
1987-02,UB,0.0,FI
1987-02,US,0.5,FI
1987-02,UZ,0.0,FI
1987-03,CB,0.0,FI
1987-03,DT,0.0,FI
1987-03,FB,0.0,FI
1987-03,GS,0.0,FI
1987-03,SS,0.0,FI
1987-03,TU,0.0,FI
1987-03,TY,0.5,FI
1987-03,UB,0.0,FI
1987-03,US,0.5,FI
1987-03,UZ,0.0,FI
1987-04,CB,0.0,FI
1987-04,DT,0.0,FI
1987-04,FB,0.0,FI
1987-04,GS,0.0,FI
1987-04,SS,0.0,FI
1987-04,TU,0.0,FI
1987-04,TY,0.5,FI
1987-04,UB,0.0,FI
1987-04,US,0.5,FI
1987-04,UZ,0.0,FI
1987-05,CB,0.0,FI
1987-05,DT,0.0,FI
1987-05,FB,0.0,FI
1987-05,GS,0.0,FI
1987-05,SS,0.0,FI
1987-05,TU,0.0,FI
1987-05,TY,0.5,FI
1987-05,UB,0.0,FI
1987-05,US,0.5,FI
1987-05,UZ,0.0,FI
1987-06,CB,0.0,FI
1987-06,DT,0.0,FI
1987-06,FB,0.0,FI
1987-06,GS,0.0,FI
1987-06,SS,0.0,FI
1987-06,TU,0.0,FI
1987-06,TY,0.5,FI
1987-06,UB,0.0,FI
1987-06,US,0.5,FI
1987-06,UZ,0.0,FI
1987-07,CB,0.0,FI
1987-07,DT,0.0,FI
1987-07,FB,0.0,FI
1987-07,GS,0.0,FI
1987-07,SS,0.0,FI
1987-07,TU,0.0,FI
1987-07,TY,0.5,FI
1987-07,UB,0.0,FI
1987-07,US,0.5,FI
1987-07,UZ,0.0,FI
1987-08,CB,0.0,FI
1987-08,DT,0.0,FI
1987-08,FB,0.0,FI
1987-08,GS,0.0,FI
1987-08,SS,0.0,FI
1987-08,TU,0.0,FI
1987-08,TY,0.5,FI
1987-08,UB,0.0,FI
1987-08,US,0.5,FI
1987-08,UZ,0.0,FI
1987-09,CB,0.0,FI
1987-09,DT,0.0,FI
1987-09,FB,0.0,FI
1987-09,GS,0.0,FI
1987-09,SS,0.0,FI
1987-09,TU,0.0,FI
1987-09,TY,0.5,FI
1987-09,UB,0.0,FI
1987-09,US,0.5,FI
1987-09,UZ,0.0,FI
1987-10,CB,0.0,FI
1987-10,DT,0.0,FI
1987-10,FB,0.0,FI
1987-10,GS,0.0,FI
1987-10,SS,0.0,FI
1987-10,TU,0.0,FI
1987-10,TY,0.5,FI
1987-10,UB,0.0,FI
1987-10,US,0.5,FI
1987-10,UZ,0.0,FI
1987-11,CB,0.0,FI
1987-11,DT,0.0,FI
1987-11,FB,0.0,FI
1987-11,GS,0.0,FI
1987-11,SS,0.0,FI
1987-11,TU,0.0,FI
1987-11,TY,0.5,FI
1987-11,UB,0.0,FI
1987-11,US,0.5,FI
1987-11,UZ,0.0,FI
1987-12,CB,0.0,FI
1987-12,DT,0.0,FI
1987-12,FB,0.0,FI
1987-12,GS,0.0,FI
1987-12,SS,0.0,FI
1987-12,TU,0.0,FI
1987-12,TY,0.5,FI
1987-12,UB,0.0,FI
1987-12,US,0.5,FI
1987-12,UZ,0.0,FI
1988-01,CB,0.0,FI
1988-01,DT,0.0,FI
1988-01,FB,0.0,FI
1988-01,GS,0.0,FI
1988-01,SS,0.0,FI
1988-01,TU,0.0,FI
1988-01,TY,0.5,FI
1988-01,UB,0.0,FI
1988-01,US,0.5,FI
1988-01,UZ,0.0,FI
1988-02,CB,0.0,FI
1988-02,DT,0.0,FI
1988-02,FB,0.0,FI
1988-02,GS,0.0,FI
1988-02,SS,0.0,FI
1988-02,TU,0.0,FI
1988-02,TY,0.5,FI
1988-02,UB,0.0,FI
1988-02,US,0.5,FI
1988-02,UZ,0.0,FI
1988-03,CB,0.0,FI
1988-03,DT,0.0,FI
1988-03,FB,0.0,FI
1988-03,GS,0.0,FI
1988-03,SS,0.0,FI
1988-03,TU,0.0,FI
1988-03,TY,0.5,FI
1988-03,UB,0.0,FI
1988-03,US,0.5,FI
1988-03,UZ,0.0,FI
1988-04,CB,0.0,FI
1988-04,DT,0.0,FI
1988-04,FB,0.0,FI
1988-04,GS,0.0,FI
1988-04,SS,0.0,FI
1988-04,TU,0.0,FI
1988-04,TY,0.5,FI
1988-04,UB,0.0,FI
1988-04,US,0.5,FI
1988-04,UZ,0.0,FI
1988-05,CB,0.0,FI
1988-05,DT,0.0,FI
1988-05,FB,0.0,FI
1988-05,GS,0.0,FI
1988-05,SS,0.0,FI
1988-05,TU,0.0,FI
1988-05,TY,0.5,FI
1988-05,UB,0.0,FI
1988-05,US,0.5,FI
1988-05,UZ,0.0,FI
1988-06,CB,0.0,FI
1988-06,DT,0.0,FI
1988-06,FB,0.0,FI
1988-06,GS,0.0,FI
1988-06,SS,0.0,FI
1988-06,TU,0.0,FI
1988-06,TY,0.5,FI
1988-06,UB,0.0,FI
1988-06,US,0.5,FI
1988-06,UZ,0.0,FI
1988-07,CB,0.0,FI
1988-07,DT,0.0,FI
1988-07,FB,0.0,FI
1988-07,GS,0.0,FI
1988-07,SS,0.0,FI
1988-07,TU,0.0,FI
1988-07,TY,0.5,FI
1988-07,UB,0.0,FI
1988-07,US,0.5,FI
1988-07,UZ,0.0,FI
1988-08,CB,0.0,FI
1988-08,DT,0.0,FI
1988-08,FB,0.0,FI
1988-08,GS,0.0,FI
1988-08,SS,0.0,FI
1988-08,TU,0.0,FI
1988-08,TY,0.5,FI
1988-08,UB,0.0,FI
1988-08,US,0.5,FI
1988-08,UZ,0.0,FI
1988-09,CB,0.0,FI
1988-09,DT,0.0,FI
1988-09,FB,0.0,FI
1988-09,GS,0.0,FI
1988-09,SS,0.0,FI
1988-09,TU,0.0,FI
1988-09,TY,0.5,FI
1988-09,UB,0.0,FI
1988-09,US,0.5,FI
1988-09,UZ,0.0,FI
1988-10,CB,0.0,FI
1988-10,DT,0.0,FI
1988-10,FB,0.0,FI
1988-10,GS,0.0,FI
1988-10,SS,0.0,FI
1988-10,TU,0.0,FI
1988-10,TY,0.5,FI
1988-10,UB,0.0,FI
1988-10,US,0.5,FI
1988-10,UZ,0.0,FI
1988-11,CB,0.0,FI
1988-11,DT,0.0,FI
1988-11,FB,0.0,FI
1988-11,GS,0.0,FI
1988-11,SS,0.0,FI
1988-11,TU,0.0,FI
1988-11,TY,0.5,FI
1988-11,UB,0.0,FI
1988-11,US,0.5,FI
1988-11,UZ,0.0,FI
1988-12,CB,0.0,FI
1988-12,DT,0.0,FI
1988-12,FB,0.0,FI
1988-12,GS,0.0,FI
1988-12,SS,0.0,FI
1988-12,TU,0.0,FI
1988-12,TY,0.5,FI
1988-12,UB,0.0,FI
1988-12,US,0.5,FI
1988-12,UZ,0.0,FI
1989-01,CB,0.0,FI
1989-01,DT,0.0,FI
1989-01,FB,0.0,FI
1989-01,GS,0.0,FI
1989-01,SS,0.0,FI
1989-01,TU,0.0,FI
1989-01,TY,0.5,FI
1989-01,UB,0.0,FI
1989-01,US,0.5,FI
1989-01,UZ,0.0,FI
1989-02,CB,0.0,FI
1989-02,DT,0.0,FI
1989-02,FB,0.3333333333333333,FI
1989-02,GS,0.0,FI
1989-02,SS,0.0,FI
1989-02,TU,0.0,FI
1989-02,TY,0.3333333333333333,FI
1989-02,UB,0.0,FI
1989-02,US,0.3333333333333333,FI
1989-02,UZ,0.0,FI
1989-03,CB,0.0,FI
1989-03,DT,0.0,FI
1989-03,FB,0.3333333333333333,FI
1989-03,GS,0.0,FI
1989-03,SS,0.0,FI
1989-03,TU,0.0,FI
1989-03,TY,0.3333333333333333,FI
1989-03,UB,0.0,FI
1989-03,US,0.3333333333333333,FI
1989-03,UZ,0.0,FI
1989-04,CB,0.0,FI
1989-04,DT,0.0,FI
1989-04,FB,0.3333333333333333,FI
1989-04,GS,0.0,FI
1989-04,SS,0.0,FI
1989-04,TU,0.0,FI
1989-04,TY,0.3333333333333333,FI
1989-04,UB,0.0,FI
1989-04,US,0.3333333333333333,FI
1989-04,UZ,0.0,FI
1989-05,CB,0.0,FI
1989-05,DT,0.0,FI
1989-05,FB,0.3333333333333333,FI
1989-05,GS,0.0,FI
1989-05,SS,0.0,FI
1989-05,TU,0.0,FI
1989-05,TY,0.3333333333333333,FI
1989-05,UB,0.0,FI
1989-05,US,0.3333333333333333,FI
1989-05,UZ,0.0,FI
1989-06,CB,0.0,FI
1989-06,DT,0.0,FI
1989-06,FB,0.3333333333333333,FI
1989-06,GS,0.0,FI
1989-06,SS,0.0,FI
1989-06,TU,0.0,FI
1989-06,TY,0.3333333333333333,FI
1989-06,UB,0.0,FI
1989-06,US,0.3333333333333333,FI
1989-06,UZ,0.0,FI
1989-07,CB,0.0,FI
1989-07,DT,0.0,FI
1989-07,FB,0.3333333333333333,FI
1989-07,GS,0.0,FI
1989-07,SS,0.0,FI
1989-07,TU,0.0,FI
1989-07,TY,0.3333333333333333,FI
1989-07,UB,0.0,FI
1989-07,US,0.3333333333333333,FI
1989-07,UZ,0.0,FI
1989-08,CB,0.0,FI
1989-08,DT,0.0,FI
1989-08,FB,0.3333333333333333,FI
1989-08,GS,0.0,FI
1989-08,SS,0.0,FI
1989-08,TU,0.0,FI
1989-08,TY,0.3333333333333333,FI
1989-08,UB,0.0,FI
1989-08,US,0.3333333333333333,FI
1989-08,UZ,0.0,FI
1989-09,CB,0.0,FI
1989-09,DT,0.0,FI
1989-09,FB,0.3333333333333333,FI
1989-09,GS,0.0,FI
1989-09,SS,0.0,FI
1989-09,TU,0.0,FI
1989-09,TY,0.3333333333333333,FI
1989-09,UB,0.0,FI
1989-09,US,0.3333333333333333,FI
1989-09,UZ,0.0,FI
1989-10,CB,0.0,FI
1989-10,DT,0.0,FI
1989-10,FB,0.3333333333333333,FI
1989-10,GS,0.0,FI
1989-10,SS,0.0,FI
1989-10,TU,0.0,FI
1989-10,TY,0.3333333333333333,FI
1989-10,UB,0.0,FI
1989-10,US,0.3333333333333333,FI
1989-10,UZ,0.0,FI
1989-11,CB,0.0,FI
1989-11,DT,0.0,FI
1989-11,FB,0.3333333333333333,FI
1989-11,GS,0.0,FI
1989-11,SS,0.0,FI
1989-11,TU,0.0,FI
1989-11,TY,0.3333333333333333,FI
1989-11,UB,0.0,FI
1989-11,US,0.3333333333333333,FI
1989-11,UZ,0.0,FI
1989-12,CB,0.0,FI
1989-12,DT,0.2,FI
1989-12,FB,0.2,FI
1989-12,GS,0.2,FI
1989-12,SS,0.0,FI
1989-12,TU,0.0,FI
1989-12,TY,0.2,FI
1989-12,UB,0.0,FI
1989-12,US,0.2,FI
1989-12,UZ,0.0,FI
1990-01,CB,0.0,FI
1990-01,DT,0.2,FI
1990-01,FB,0.2,FI
1990-01,GS,0.2,FI
1990-01,SS,0.0,FI
1990-01,TU,0.0,FI
1990-01,TY,0.2,FI
1990-01,UB,0.0,FI
1990-01,US,0.2,FI
1990-01,UZ,0.0,FI
1990-02,CB,0.0,FI
1990-02,DT,0.2,FI
1990-02,FB,0.2,FI
1990-02,GS,0.2,FI
1990-02,SS,0.0,FI
1990-02,TU,0.0,FI
1990-02,TY,0.2,FI
1990-02,UB,0.0,FI
1990-02,US,0.2,FI
1990-02,UZ,0.0,FI
1990-03,CB,0.0,FI
1990-03,DT,0.2,FI
1990-03,FB,0.2,FI
1990-03,GS,0.2,FI
1990-03,SS,0.0,FI
1990-03,TU,0.0,FI
1990-03,TY,0.2,FI
1990-03,UB,0.0,FI
1990-03,US,0.2,FI
1990-03,UZ,0.0,FI
1990-04,CB,0.0,FI
1990-04,DT,0.2,FI
1990-04,FB,0.2,FI
1990-04,GS,0.2,FI
1990-04,SS,0.0,FI
1990-04,TU,0.0,FI
1990-04,TY,0.2,FI
1990-04,UB,0.0,FI
1990-04,US,0.2,FI
1990-04,UZ,0.0,FI
1990-05,CB,0.0,FI
1990-05,DT,0.2,FI
1990-05,FB,0.2,FI
1990-05,GS,0.2,FI
1990-05,SS,0.0,FI
1990-05,TU,0.0,FI
1990-05,TY,0.2,FI
1990-05,UB,0.0,FI
1990-05,US,0.2,FI
1990-05,UZ,0.0,FI
1990-06,CB,0.0,FI
1990-06,DT,0.2,FI
1990-06,FB,0.2,FI
1990-06,GS,0.2,FI
1990-06,SS,0.0,FI
1990-06,TU,0.0,FI
1990-06,TY,0.2,FI
1990-06,UB,0.0,FI
1990-06,US,0.2,FI
1990-06,UZ,0.0,FI
1990-07,CB,0.0,FI
1990-07,DT,0.2,FI
1990-07,FB,0.2,FI
1990-07,GS,0.2,FI
1990-07,SS,0.0,FI
1990-07,TU,0.0,FI
1990-07,TY,0.2,FI
1990-07,UB,0.0,FI
1990-07,US,0.2,FI
1990-07,UZ,0.0,FI
1990-08,CB,0.0,FI
1990-08,DT,0.2,FI
1990-08,FB,0.2,FI
1990-08,GS,0.2,FI
1990-08,SS,0.0,FI
1990-08,TU,0.0,FI
1990-08,TY,0.2,FI
1990-08,UB,0.0,FI
1990-08,US,0.2,FI
1990-08,UZ,0.0,FI
1990-09,CB,0.0,FI
1990-09,DT,0.2,FI
1990-09,FB,0.2,FI
1990-09,GS,0.2,FI
1990-09,SS,0.0,FI
1990-09,TU,0.0,FI
1990-09,TY,0.2,FI
1990-09,UB,0.0,FI
1990-09,US,0.2,FI
1990-09,UZ,0.0,FI
1990-10,CB,0.0,FI
1990-10,DT,0.16666666666666666,FI
1990-10,FB,0.16666666666666666,FI
1990-10,GS,0.16666666666666666,FI
1990-10,SS,0.0,FI
1990-10,TU,0.16666666666666666,FI
1990-10,TY,0.16666666666666666,FI
1990-10,UB,0.0,FI
1990-10,US,0.16666666666666666,FI
1990-10,UZ,0.0,FI
1990-11,CB,0.0,FI
1990-11,DT,0.16666666666666666,FI
1990-11,FB,0.16666666666666666,FI
1990-11,GS,0.16666666666666666,FI
1990-11,SS,0.0,FI
1990-11,TU,0.16666666666666666,FI
1990-11,TY,0.16666666666666666,FI
1990-11,UB,0.0,FI
1990-11,US,0.16666666666666666,FI
1990-11,UZ,0.0,FI
1990-12,CB,0.0,FI
1990-12,DT,0.16666666666666666,FI
1990-12,FB,0.16666666666666666,FI
1990-12,GS,0.16666666666666666,FI
1990-12,SS,0.0,FI
1990-12,TU,0.16666666666666666,FI
1990-12,TY,0.16666666666666666,FI
1990-12,UB,0.0,FI
1990-12,US,0.16666666666666666,FI
1990-12,UZ,0.0,FI
1991-01,CB,0.0,FI
1991-01,DT,0.16666666666666666,FI
1991-01,FB,0.16666666666666666,FI
1991-01,GS,0.16666666666666666,FI
1991-01,SS,0.0,FI
1991-01,TU,0.16666666666666666,FI
1991-01,TY,0.16666666666666666,FI
1991-01,UB,0.0,FI
1991-01,US,0.16666666666666666,FI
1991-01,UZ,0.0,FI
1991-02,CB,0.0,FI
1991-02,DT,0.16666666666666666,FI
1991-02,FB,0.16666666666666666,FI
1991-02,GS,0.16666666666666666,FI
1991-02,SS,0.0,FI
1991-02,TU,0.16666666666666666,FI
1991-02,TY,0.16666666666666666,FI
1991-02,UB,0.0,FI
1991-02,US,0.16666666666666666,FI
1991-02,UZ,0.0,FI
1991-03,CB,0.0,FI
1991-03,DT,0.16666666666666666,FI
1991-03,FB,0.16666666666666666,FI
1991-03,GS,0.16666666666666666,FI
1991-03,SS,0.0,FI
1991-03,TU,0.16666666666666666,FI
1991-03,TY,0.16666666666666666,FI
1991-03,UB,0.0,FI
1991-03,US,0.16666666666666666,FI
1991-03,UZ,0.0,FI
1991-04,CB,0.0,FI
1991-04,DT,0.16666666666666666,FI
1991-04,FB,0.16666666666666666,FI
1991-04,GS,0.16666666666666666,FI
1991-04,SS,0.0,FI
1991-04,TU,0.16666666666666666,FI
1991-04,TY,0.16666666666666666,FI
1991-04,UB,0.0,FI
1991-04,US,0.16666666666666666,FI
1991-04,UZ,0.0,FI
1991-05,CB,0.0,FI
1991-05,DT,0.16666666666666666,FI
1991-05,FB,0.16666666666666666,FI
1991-05,GS,0.16666666666666666,FI
1991-05,SS,0.0,FI
1991-05,TU,0.16666666666666666,FI
1991-05,TY,0.16666666666666666,FI
1991-05,UB,0.0,FI
1991-05,US,0.16666666666666666,FI
1991-05,UZ,0.0,FI
1991-06,CB,0.0,FI
1991-06,DT,0.16666666666666666,FI
1991-06,FB,0.16666666666666666,FI
1991-06,GS,0.16666666666666666,FI
1991-06,SS,0.0,FI
1991-06,TU,0.16666666666666666,FI
1991-06,TY,0.16666666666666666,FI
1991-06,UB,0.0,FI
1991-06,US,0.16666666666666666,FI
1991-06,UZ,0.0,FI
1991-07,CB,0.0,FI
1991-07,DT,0.16666666666666666,FI
1991-07,FB,0.16666666666666666,FI
1991-07,GS,0.16666666666666666,FI
1991-07,SS,0.0,FI
1991-07,TU,0.16666666666666666,FI
1991-07,TY,0.16666666666666666,FI
1991-07,UB,0.0,FI
1991-07,US,0.16666666666666666,FI
1991-07,UZ,0.0,FI
1991-08,CB,0.0,FI
1991-08,DT,0.16666666666666666,FI
1991-08,FB,0.16666666666666666,FI
1991-08,GS,0.16666666666666666,FI
1991-08,SS,0.0,FI
1991-08,TU,0.16666666666666666,FI
1991-08,TY,0.16666666666666666,FI
1991-08,UB,0.0,FI
1991-08,US,0.16666666666666666,FI
1991-08,UZ,0.0,FI
1991-09,CB,0.0,FI
1991-09,DT,0.16666666666666666,FI
1991-09,FB,0.16666666666666666,FI
1991-09,GS,0.16666666666666666,FI
1991-09,SS,0.0,FI
1991-09,TU,0.16666666666666666,FI
1991-09,TY,0.16666666666666666,FI
1991-09,UB,0.0,FI
1991-09,US,0.16666666666666666,FI
1991-09,UZ,0.0,FI
1991-10,CB,0.0,FI
1991-10,DT,0.14285714285714285,FI
1991-10,FB,0.14285714285714285,FI
1991-10,GS,0.14285714285714285,FI
1991-10,SS,0.14285714285714285,FI
1991-10,TU,0.14285714285714285,FI
1991-10,TY,0.14285714285714285,FI
1991-10,UB,0.0,FI
1991-10,US,0.14285714285714285,FI
1991-10,UZ,0.0,FI
1991-11,CB,0.0,FI
1991-11,DT,0.14285714285714285,FI
1991-11,FB,0.14285714285714285,FI
1991-11,GS,0.14285714285714285,FI
1991-11,SS,0.14285714285714285,FI
1991-11,TU,0.14285714285714285,FI
1991-11,TY,0.14285714285714285,FI
1991-11,UB,0.0,FI
1991-11,US,0.14285714285714285,FI
1991-11,UZ,0.0,FI
1991-12,CB,0.0,FI
1991-12,DT,0.14285714285714285,FI
1991-12,FB,0.14285714285714285,FI
1991-12,GS,0.14285714285714285,FI
1991-12,SS,0.14285714285714285,FI
1991-12,TU,0.14285714285714285,FI
1991-12,TY,0.14285714285714285,FI
1991-12,UB,0.0,FI
1991-12,US,0.14285714285714285,FI
1991-12,UZ,0.0,FI
1992-01,CB,0.0,FI
1992-01,DT,0.14285714285714285,FI
1992-01,FB,0.14285714285714285,FI
1992-01,GS,0.14285714285714285,FI
1992-01,SS,0.14285714285714285,FI
1992-01,TU,0.14285714285714285,FI
1992-01,TY,0.14285714285714285,FI
1992-01,UB,0.0,FI
1992-01,US,0.14285714285714285,FI
1992-01,UZ,0.0,FI
1992-02,CB,0.0,FI
1992-02,DT,0.14285714285714285,FI
1992-02,FB,0.14285714285714285,FI
1992-02,GS,0.14285714285714285,FI
1992-02,SS,0.14285714285714285,FI
1992-02,TU,0.14285714285714285,FI
1992-02,TY,0.14285714285714285,FI
1992-02,UB,0.0,FI
1992-02,US,0.14285714285714285,FI
1992-02,UZ,0.0,FI
1992-03,CB,0.0,FI
1992-03,DT,0.14285714285714285,FI
1992-03,FB,0.14285714285714285,FI
1992-03,GS,0.14285714285714285,FI
1992-03,SS,0.14285714285714285,FI
1992-03,TU,0.14285714285714285,FI
1992-03,TY,0.14285714285714285,FI
1992-03,UB,0.0,FI
1992-03,US,0.14285714285714285,FI
1992-03,UZ,0.0,FI
1992-04,CB,0.0,FI
1992-04,DT,0.14285714285714285,FI
1992-04,FB,0.14285714285714285,FI
1992-04,GS,0.14285714285714285,FI
1992-04,SS,0.14285714285714285,FI
1992-04,TU,0.14285714285714285,FI
1992-04,TY,0.14285714285714285,FI
1992-04,UB,0.0,FI
1992-04,US,0.14285714285714285,FI
1992-04,UZ,0.0,FI
1992-05,CB,0.0,FI
1992-05,DT,0.14285714285714285,FI
1992-05,FB,0.14285714285714285,FI
1992-05,GS,0.14285714285714285,FI
1992-05,SS,0.14285714285714285,FI
1992-05,TU,0.14285714285714285,FI
1992-05,TY,0.14285714285714285,FI
1992-05,UB,0.0,FI
1992-05,US,0.14285714285714285,FI
1992-05,UZ,0.0,FI
1992-06,CB,0.0,FI
1992-06,DT,0.14285714285714285,FI
1992-06,FB,0.14285714285714285,FI
1992-06,GS,0.14285714285714285,FI
1992-06,SS,0.14285714285714285,FI
1992-06,TU,0.14285714285714285,FI
1992-06,TY,0.14285714285714285,FI
1992-06,UB,0.0,FI
1992-06,US,0.14285714285714285,FI
1992-06,UZ,0.0,FI
1992-07,CB,0.0,FI
1992-07,DT,0.14285714285714285,FI
1992-07,FB,0.14285714285714285,FI
1992-07,GS,0.14285714285714285,FI
1992-07,SS,0.14285714285714285,FI
1992-07,TU,0.14285714285714285,FI
1992-07,TY,0.14285714285714285,FI
1992-07,UB,0.0,FI
1992-07,US,0.14285714285714285,FI
1992-07,UZ,0.0,FI
1992-08,CB,0.0,FI
1992-08,DT,0.14285714285714285,FI
1992-08,FB,0.14285714285714285,FI
1992-08,GS,0.14285714285714285,FI
1992-08,SS,0.14285714285714285,FI
1992-08,TU,0.14285714285714285,FI
1992-08,TY,0.14285714285714285,FI
1992-08,UB,0.0,FI
1992-08,US,0.14285714285714285,FI
1992-08,UZ,0.0,FI
1992-09,CB,0.0,FI
1992-09,DT,0.14285714285714285,FI
1992-09,FB,0.14285714285714285,FI
1992-09,GS,0.14285714285714285,FI
1992-09,SS,0.14285714285714285,FI
1992-09,TU,0.14285714285714285,FI
1992-09,TY,0.14285714285714285,FI
1992-09,UB,0.0,FI
1992-09,US,0.14285714285714285,FI
1992-09,UZ,0.0,FI
1992-10,CB,0.0,FI
1992-10,DT,0.14285714285714285,FI
1992-10,FB,0.14285714285714285,FI
1992-10,GS,0.14285714285714285,FI
1992-10,SS,0.14285714285714285,FI
1992-10,TU,0.14285714285714285,FI
1992-10,TY,0.14285714285714285,FI
1992-10,UB,0.0,FI
1992-10,US,0.14285714285714285,FI
1992-10,UZ,0.0,FI
1992-11,CB,0.0,FI
1992-11,DT,0.14285714285714285,FI
1992-11,FB,0.14285714285714285,FI
1992-11,GS,0.14285714285714285,FI
1992-11,SS,0.14285714285714285,FI
1992-11,TU,0.14285714285714285,FI
1992-11,TY,0.14285714285714285,FI
1992-11,UB,0.0,FI
1992-11,US,0.14285714285714285,FI
1992-11,UZ,0.0,FI
1992-12,CB,0.0,FI
1992-12,DT,0.14285714285714285,FI
1992-12,FB,0.14285714285714285,FI
1992-12,GS,0.14285714285714285,FI
1992-12,SS,0.14285714285714285,FI
1992-12,TU,0.14285714285714285,FI
1992-12,TY,0.14285714285714285,FI
1992-12,UB,0.0,FI
1992-12,US,0.14285714285714285,FI
1992-12,UZ,0.0,FI
1993-01,CB,0.0,FI
1993-01,DT,0.14285714285714285,FI
1993-01,FB,0.14285714285714285,FI
1993-01,GS,0.14285714285714285,FI
1993-01,SS,0.14285714285714285,FI
1993-01,TU,0.14285714285714285,FI
1993-01,TY,0.14285714285714285,FI
1993-01,UB,0.0,FI
1993-01,US,0.14285714285714285,FI
1993-01,UZ,0.0,FI
1993-02,CB,0.0,FI
1993-02,DT,0.14285714285714285,FI
1993-02,FB,0.14285714285714285,FI
1993-02,GS,0.14285714285714285,FI
1993-02,SS,0.14285714285714285,FI
1993-02,TU,0.14285714285714285,FI
1993-02,TY,0.14285714285714285,FI
1993-02,UB,0.0,FI
1993-02,US,0.14285714285714285,FI
1993-02,UZ,0.0,FI
1993-03,CB,0.0,FI
1993-03,DT,0.14285714285714285,FI
1993-03,FB,0.14285714285714285,FI
1993-03,GS,0.14285714285714285,FI
1993-03,SS,0.14285714285714285,FI
1993-03,TU,0.14285714285714285,FI
1993-03,TY,0.14285714285714285,FI
1993-03,UB,0.0,FI
1993-03,US,0.14285714285714285,FI
1993-03,UZ,0.0,FI
1993-04,CB,0.0,FI
1993-04,DT,0.14285714285714285,FI
1993-04,FB,0.14285714285714285,FI
1993-04,GS,0.14285714285714285,FI
1993-04,SS,0.14285714285714285,FI
1993-04,TU,0.14285714285714285,FI
1993-04,TY,0.14285714285714285,FI
1993-04,UB,0.0,FI
1993-04,US,0.14285714285714285,FI
1993-04,UZ,0.0,FI
1993-05,CB,0.0,FI
1993-05,DT,0.14285714285714285,FI
1993-05,FB,0.14285714285714285,FI
1993-05,GS,0.14285714285714285,FI
1993-05,SS,0.14285714285714285,FI
1993-05,TU,0.14285714285714285,FI
1993-05,TY,0.14285714285714285,FI
1993-05,UB,0.0,FI
1993-05,US,0.14285714285714285,FI
1993-05,UZ,0.0,FI
1993-06,CB,0.0,FI
1993-06,DT,0.14285714285714285,FI
1993-06,FB,0.14285714285714285,FI
1993-06,GS,0.14285714285714285,FI
1993-06,SS,0.14285714285714285,FI
1993-06,TU,0.14285714285714285,FI
1993-06,TY,0.14285714285714285,FI
1993-06,UB,0.0,FI
1993-06,US,0.14285714285714285,FI
1993-06,UZ,0.0,FI
1993-07,CB,0.0,FI
1993-07,DT,0.14285714285714285,FI
1993-07,FB,0.14285714285714285,FI
1993-07,GS,0.14285714285714285,FI
1993-07,SS,0.14285714285714285,FI
1993-07,TU,0.14285714285714285,FI
1993-07,TY,0.14285714285714285,FI
1993-07,UB,0.0,FI
1993-07,US,0.14285714285714285,FI
1993-07,UZ,0.0,FI
1993-08,CB,0.0,FI
1993-08,DT,0.14285714285714285,FI
1993-08,FB,0.14285714285714285,FI
1993-08,GS,0.14285714285714285,FI
1993-08,SS,0.14285714285714285,FI
1993-08,TU,0.14285714285714285,FI
1993-08,TY,0.14285714285714285,FI
1993-08,UB,0.0,FI
1993-08,US,0.14285714285714285,FI
1993-08,UZ,0.0,FI
1993-09,CB,0.0,FI
1993-09,DT,0.14285714285714285,FI
1993-09,FB,0.14285714285714285,FI
1993-09,GS,0.14285714285714285,FI
1993-09,SS,0.14285714285714285,FI
1993-09,TU,0.14285714285714285,FI
1993-09,TY,0.14285714285714285,FI
1993-09,UB,0.0,FI
1993-09,US,0.14285714285714285,FI
1993-09,UZ,0.0,FI
1993-10,CB,0.0,FI
1993-10,DT,0.14285714285714285,FI
1993-10,FB,0.14285714285714285,FI
1993-10,GS,0.14285714285714285,FI
1993-10,SS,0.14285714285714285,FI
1993-10,TU,0.14285714285714285,FI
1993-10,TY,0.14285714285714285,FI
1993-10,UB,0.0,FI
1993-10,US,0.14285714285714285,FI
1993-10,UZ,0.0,FI
1993-11,CB,0.0,FI
1993-11,DT,0.14285714285714285,FI
1993-11,FB,0.14285714285714285,FI
1993-11,GS,0.14285714285714285,FI
1993-11,SS,0.14285714285714285,FI
1993-11,TU,0.14285714285714285,FI
1993-11,TY,0.14285714285714285,FI
1993-11,UB,0.0,FI
1993-11,US,0.14285714285714285,FI
1993-11,UZ,0.0,FI
1993-12,CB,0.0,FI
1993-12,DT,0.14285714285714285,FI
1993-12,FB,0.14285714285714285,FI
1993-12,GS,0.14285714285714285,FI
1993-12,SS,0.14285714285714285,FI
1993-12,TU,0.14285714285714285,FI
1993-12,TY,0.14285714285714285,FI
1993-12,UB,0.0,FI
1993-12,US,0.14285714285714285,FI
1993-12,UZ,0.0,FI
1994-01,CB,0.0,FI
1994-01,DT,0.14285714285714285,FI
1994-01,FB,0.14285714285714285,FI
1994-01,GS,0.14285714285714285,FI
1994-01,SS,0.14285714285714285,FI
1994-01,TU,0.14285714285714285,FI
1994-01,TY,0.14285714285714285,FI
1994-01,UB,0.0,FI
1994-01,US,0.14285714285714285,FI
1994-01,UZ,0.0,FI
1994-02,CB,0.0,FI
1994-02,DT,0.14285714285714285,FI
1994-02,FB,0.14285714285714285,FI
1994-02,GS,0.14285714285714285,FI
1994-02,SS,0.14285714285714285,FI
1994-02,TU,0.14285714285714285,FI
1994-02,TY,0.14285714285714285,FI
1994-02,UB,0.0,FI
1994-02,US,0.14285714285714285,FI
1994-02,UZ,0.0,FI
1994-03,CB,0.0,FI
1994-03,DT,0.14285714285714285,FI
1994-03,FB,0.14285714285714285,FI
1994-03,GS,0.14285714285714285,FI
1994-03,SS,0.14285714285714285,FI
1994-03,TU,0.14285714285714285,FI
1994-03,TY,0.14285714285714285,FI
1994-03,UB,0.0,FI
1994-03,US,0.14285714285714285,FI
1994-03,UZ,0.0,FI
1994-04,CB,0.0,FI
1994-04,DT,0.14285714285714285,FI
1994-04,FB,0.14285714285714285,FI
1994-04,GS,0.14285714285714285,FI
1994-04,SS,0.14285714285714285,FI
1994-04,TU,0.14285714285714285,FI
1994-04,TY,0.14285714285714285,FI
1994-04,UB,0.0,FI
1994-04,US,0.14285714285714285,FI
1994-04,UZ,0.0,FI
1994-05,CB,0.0,FI
1994-05,DT,0.14285714285714285,FI
1994-05,FB,0.14285714285714285,FI
1994-05,GS,0.14285714285714285,FI
1994-05,SS,0.14285714285714285,FI
1994-05,TU,0.14285714285714285,FI
1994-05,TY,0.14285714285714285,FI
1994-05,UB,0.0,FI
1994-05,US,0.14285714285714285,FI
1994-05,UZ,0.0,FI
1994-06,CB,0.0,FI
1994-06,DT,0.14285714285714285,FI
1994-06,FB,0.14285714285714285,FI
1994-06,GS,0.14285714285714285,FI
1994-06,SS,0.14285714285714285,FI
1994-06,TU,0.14285714285714285,FI
1994-06,TY,0.14285714285714285,FI
1994-06,UB,0.0,FI
1994-06,US,0.14285714285714285,FI
1994-06,UZ,0.0,FI
1994-07,CB,0.125,FI
1994-07,DT,0.125,FI
1994-07,FB,0.125,FI
1994-07,GS,0.125,FI
1994-07,SS,0.125,FI
1994-07,TU,0.125,FI
1994-07,TY,0.125,FI
1994-07,UB,0.0,FI
1994-07,US,0.125,FI
1994-07,UZ,0.0,FI
1994-08,CB,0.125,FI
1994-08,DT,0.125,FI
1994-08,FB,0.125,FI
1994-08,GS,0.125,FI
1994-08,SS,0.125,FI
1994-08,TU,0.125,FI
1994-08,TY,0.125,FI
1994-08,UB,0.0,FI
1994-08,US,0.125,FI
1994-08,UZ,0.0,FI
1994-09,CB,0.125,FI
1994-09,DT,0.125,FI
1994-09,FB,0.125,FI
1994-09,GS,0.125,FI
1994-09,SS,0.125,FI
1994-09,TU,0.125,FI
1994-09,TY,0.125,FI
1994-09,UB,0.0,FI
1994-09,US,0.125,FI
1994-09,UZ,0.0,FI
1994-10,CB,0.125,FI
1994-10,DT,0.125,FI
1994-10,FB,0.125,FI
1994-10,GS,0.125,FI
1994-10,SS,0.125,FI
1994-10,TU,0.125,FI
1994-10,TY,0.125,FI
1994-10,UB,0.0,FI
1994-10,US,0.125,FI
1994-10,UZ,0.0,FI
1994-11,CB,0.125,FI
1994-11,DT,0.125,FI
1994-11,FB,0.125,FI
1994-11,GS,0.125,FI
1994-11,SS,0.125,FI
1994-11,TU,0.125,FI
1994-11,TY,0.125,FI
1994-11,UB,0.0,FI
1994-11,US,0.125,FI
1994-11,UZ,0.0,FI
1994-12,CB,0.125,FI
1994-12,DT,0.125,FI
1994-12,FB,0.125,FI
1994-12,GS,0.125,FI
1994-12,SS,0.125,FI
1994-12,TU,0.125,FI
1994-12,TY,0.125,FI
1994-12,UB,0.0,FI
1994-12,US,0.125,FI
1994-12,UZ,0.0,FI
1995-01,CB,0.125,FI
1995-01,DT,0.125,FI
1995-01,FB,0.125,FI
1995-01,GS,0.125,FI
1995-01,SS,0.125,FI
1995-01,TU,0.125,FI
1995-01,TY,0.125,FI
1995-01,UB,0.0,FI
1995-01,US,0.125,FI
1995-01,UZ,0.0,FI
1995-02,CB,0.125,FI
1995-02,DT,0.125,FI
1995-02,FB,0.125,FI
1995-02,GS,0.125,FI
1995-02,SS,0.125,FI
1995-02,TU,0.125,FI
1995-02,TY,0.125,FI
1995-02,UB,0.0,FI
1995-02,US,0.125,FI
1995-02,UZ,0.0,FI
1995-03,CB,0.125,FI
1995-03,DT,0.125,FI
1995-03,FB,0.125,FI
1995-03,GS,0.125,FI
1995-03,SS,0.125,FI
1995-03,TU,0.125,FI
1995-03,TY,0.125,FI
1995-03,UB,0.0,FI
1995-03,US,0.125,FI
1995-03,UZ,0.0,FI
1995-04,CB,0.125,FI
1995-04,DT,0.125,FI
1995-04,FB,0.125,FI
1995-04,GS,0.125,FI
1995-04,SS,0.125,FI
1995-04,TU,0.125,FI
1995-04,TY,0.125,FI
1995-04,UB,0.0,FI
1995-04,US,0.125,FI
1995-04,UZ,0.0,FI
1995-05,CB,0.125,FI
1995-05,DT,0.125,FI
1995-05,FB,0.125,FI
1995-05,GS,0.125,FI
1995-05,SS,0.125,FI
1995-05,TU,0.125,FI
1995-05,TY,0.125,FI
1995-05,UB,0.0,FI
1995-05,US,0.125,FI
1995-05,UZ,0.0,FI
1995-06,CB,0.125,FI
1995-06,DT,0.125,FI
1995-06,FB,0.125,FI
1995-06,GS,0.125,FI
1995-06,SS,0.125,FI
1995-06,TU,0.125,FI
1995-06,TY,0.125,FI
1995-06,UB,0.0,FI
1995-06,US,0.125,FI
1995-06,UZ,0.0,FI
1995-07,CB,0.125,FI
1995-07,DT,0.125,FI
1995-07,FB,0.125,FI
1995-07,GS,0.125,FI
1995-07,SS,0.125,FI
1995-07,TU,0.125,FI
1995-07,TY,0.125,FI
1995-07,UB,0.0,FI
1995-07,US,0.125,FI
1995-07,UZ,0.0,FI
1995-08,CB,0.125,FI
1995-08,DT,0.125,FI
1995-08,FB,0.125,FI
1995-08,GS,0.125,FI
1995-08,SS,0.125,FI
1995-08,TU,0.125,FI
1995-08,TY,0.125,FI
1995-08,UB,0.0,FI
1995-08,US,0.125,FI
1995-08,UZ,0.0,FI
1995-09,CB,0.125,FI
1995-09,DT,0.125,FI
1995-09,FB,0.125,FI
1995-09,GS,0.125,FI
1995-09,SS,0.125,FI
1995-09,TU,0.125,FI
1995-09,TY,0.125,FI
1995-09,UB,0.0,FI
1995-09,US,0.125,FI
1995-09,UZ,0.0,FI
1995-10,CB,0.125,FI
1995-10,DT,0.125,FI
1995-10,FB,0.125,FI
1995-10,GS,0.125,FI
1995-10,SS,0.125,FI
1995-10,TU,0.125,FI
1995-10,TY,0.125,FI
1995-10,UB,0.0,FI
1995-10,US,0.125,FI
1995-10,UZ,0.0,FI
1995-11,CB,0.125,FI
1995-11,DT,0.125,FI
1995-11,FB,0.125,FI
1995-11,GS,0.125,FI
1995-11,SS,0.125,FI
1995-11,TU,0.125,FI
1995-11,TY,0.125,FI
1995-11,UB,0.0,FI
1995-11,US,0.125,FI
1995-11,UZ,0.0,FI
1995-12,CB,0.125,FI
1995-12,DT,0.125,FI
1995-12,FB,0.125,FI
1995-12,GS,0.125,FI
1995-12,SS,0.125,FI
1995-12,TU,0.125,FI
1995-12,TY,0.125,FI
1995-12,UB,0.0,FI
1995-12,US,0.125,FI
1995-12,UZ,0.0,FI
1996-01,CB,0.125,FI
1996-01,DT,0.125,FI
1996-01,FB,0.125,FI
1996-01,GS,0.125,FI
1996-01,SS,0.125,FI
1996-01,TU,0.125,FI
1996-01,TY,0.125,FI
1996-01,UB,0.0,FI
1996-01,US,0.125,FI
1996-01,UZ,0.0,FI
1996-02,CB,0.125,FI
1996-02,DT,0.125,FI
1996-02,FB,0.125,FI
1996-02,GS,0.125,FI
1996-02,SS,0.125,FI
1996-02,TU,0.125,FI
1996-02,TY,0.125,FI
1996-02,UB,0.0,FI
1996-02,US,0.125,FI
1996-02,UZ,0.0,FI
1996-03,CB,0.125,FI
1996-03,DT,0.125,FI
1996-03,FB,0.125,FI
1996-03,GS,0.125,FI
1996-03,SS,0.125,FI
1996-03,TU,0.125,FI
1996-03,TY,0.125,FI
1996-03,UB,0.0,FI
1996-03,US,0.125,FI
1996-03,UZ,0.0,FI
1996-04,CB,0.125,FI
1996-04,DT,0.125,FI
1996-04,FB,0.125,FI
1996-04,GS,0.125,FI
1996-04,SS,0.125,FI
1996-04,TU,0.125,FI
1996-04,TY,0.125,FI
1996-04,UB,0.0,FI
1996-04,US,0.125,FI
1996-04,UZ,0.0,FI
1996-05,CB,0.125,FI
1996-05,DT,0.125,FI
1996-05,FB,0.125,FI
1996-05,GS,0.125,FI
1996-05,SS,0.125,FI
1996-05,TU,0.125,FI
1996-05,TY,0.125,FI
1996-05,UB,0.0,FI
1996-05,US,0.125,FI
1996-05,UZ,0.0,FI
1996-06,CB,0.125,FI
1996-06,DT,0.125,FI
1996-06,FB,0.125,FI
1996-06,GS,0.125,FI
1996-06,SS,0.125,FI
1996-06,TU,0.125,FI
1996-06,TY,0.125,FI
1996-06,UB,0.0,FI
1996-06,US,0.125,FI
1996-06,UZ,0.0,FI
1996-07,CB,0.125,FI
1996-07,DT,0.125,FI
1996-07,FB,0.125,FI
1996-07,GS,0.125,FI
1996-07,SS,0.125,FI
1996-07,TU,0.125,FI
1996-07,TY,0.125,FI
1996-07,UB,0.0,FI
1996-07,US,0.125,FI
1996-07,UZ,0.0,FI
1996-08,CB,0.125,FI
1996-08,DT,0.125,FI
1996-08,FB,0.125,FI
1996-08,GS,0.125,FI
1996-08,SS,0.125,FI
1996-08,TU,0.125,FI
1996-08,TY,0.125,FI
1996-08,UB,0.0,FI
1996-08,US,0.125,FI
1996-08,UZ,0.0,FI
1996-09,CB,0.125,FI
1996-09,DT,0.125,FI
1996-09,FB,0.125,FI
1996-09,GS,0.125,FI
1996-09,SS,0.125,FI
1996-09,TU,0.125,FI
1996-09,TY,0.125,FI
1996-09,UB,0.0,FI
1996-09,US,0.125,FI
1996-09,UZ,0.0,FI
1996-10,CB,0.125,FI
1996-10,DT,0.125,FI
1996-10,FB,0.125,FI
1996-10,GS,0.125,FI
1996-10,SS,0.125,FI
1996-10,TU,0.125,FI
1996-10,TY,0.125,FI
1996-10,UB,0.0,FI
1996-10,US,0.125,FI
1996-10,UZ,0.0,FI
1996-11,CB,0.125,FI
1996-11,DT,0.125,FI
1996-11,FB,0.125,FI
1996-11,GS,0.125,FI
1996-11,SS,0.125,FI
1996-11,TU,0.125,FI
1996-11,TY,0.125,FI
1996-11,UB,0.0,FI
1996-11,US,0.125,FI
1996-11,UZ,0.0,FI
1996-12,CB,0.125,FI
1996-12,DT,0.125,FI
1996-12,FB,0.125,FI
1996-12,GS,0.125,FI
1996-12,SS,0.125,FI
1996-12,TU,0.125,FI
1996-12,TY,0.125,FI
1996-12,UB,0.0,FI
1996-12,US,0.125,FI
1996-12,UZ,0.0,FI
1997-01,CB,0.125,FI
1997-01,DT,0.125,FI
1997-01,FB,0.125,FI
1997-01,GS,0.125,FI
1997-01,SS,0.125,FI
1997-01,TU,0.125,FI
1997-01,TY,0.125,FI
1997-01,UB,0.0,FI
1997-01,US,0.125,FI
1997-01,UZ,0.0,FI
1997-02,CB,0.125,FI
1997-02,DT,0.125,FI
1997-02,FB,0.125,FI
1997-02,GS,0.125,FI
1997-02,SS,0.125,FI
1997-02,TU,0.125,FI
1997-02,TY,0.125,FI
1997-02,UB,0.0,FI
1997-02,US,0.125,FI
1997-02,UZ,0.0,FI
1997-03,CB,0.125,FI
1997-03,DT,0.125,FI
1997-03,FB,0.125,FI
1997-03,GS,0.125,FI
1997-03,SS,0.125,FI
1997-03,TU,0.125,FI
1997-03,TY,0.125,FI
1997-03,UB,0.0,FI
1997-03,US,0.125,FI
1997-03,UZ,0.0,FI
1997-04,CB,0.125,FI
1997-04,DT,0.125,FI
1997-04,FB,0.125,FI
1997-04,GS,0.125,FI
1997-04,SS,0.125,FI
1997-04,TU,0.125,FI
1997-04,TY,0.125,FI
1997-04,UB,0.0,FI
1997-04,US,0.125,FI
1997-04,UZ,0.0,FI
1997-05,CB,0.125,FI
1997-05,DT,0.125,FI
1997-05,FB,0.125,FI
1997-05,GS,0.125,FI
1997-05,SS,0.125,FI
1997-05,TU,0.125,FI
1997-05,TY,0.125,FI
1997-05,UB,0.0,FI
1997-05,US,0.125,FI
1997-05,UZ,0.0,FI
1997-06,CB,0.125,FI
1997-06,DT,0.125,FI
1997-06,FB,0.125,FI
1997-06,GS,0.125,FI
1997-06,SS,0.125,FI
1997-06,TU,0.125,FI
1997-06,TY,0.125,FI
1997-06,UB,0.0,FI
1997-06,US,0.125,FI
1997-06,UZ,0.0,FI
1997-07,CB,0.125,FI
1997-07,DT,0.125,FI
1997-07,FB,0.125,FI
1997-07,GS,0.125,FI
1997-07,SS,0.125,FI
1997-07,TU,0.125,FI
1997-07,TY,0.125,FI
1997-07,UB,0.0,FI
1997-07,US,0.125,FI
1997-07,UZ,0.0,FI
1997-08,CB,0.125,FI
1997-08,DT,0.125,FI
1997-08,FB,0.125,FI
1997-08,GS,0.125,FI
1997-08,SS,0.125,FI
1997-08,TU,0.125,FI
1997-08,TY,0.125,FI
1997-08,UB,0.0,FI
1997-08,US,0.125,FI
1997-08,UZ,0.0,FI
1997-09,CB,0.125,FI
1997-09,DT,0.125,FI
1997-09,FB,0.125,FI
1997-09,GS,0.125,FI
1997-09,SS,0.125,FI
1997-09,TU,0.125,FI
1997-09,TY,0.125,FI
1997-09,UB,0.0,FI
1997-09,US,0.125,FI
1997-09,UZ,0.0,FI
1997-10,CB,0.125,FI
1997-10,DT,0.125,FI
1997-10,FB,0.125,FI
1997-10,GS,0.125,FI
1997-10,SS,0.125,FI
1997-10,TU,0.125,FI
1997-10,TY,0.125,FI
1997-10,UB,0.0,FI
1997-10,US,0.125,FI
1997-10,UZ,0.0,FI
1997-11,CB,0.125,FI
1997-11,DT,0.125,FI
1997-11,FB,0.125,FI
1997-11,GS,0.125,FI
1997-11,SS,0.125,FI
1997-11,TU,0.125,FI
1997-11,TY,0.125,FI
1997-11,UB,0.0,FI
1997-11,US,0.125,FI
1997-11,UZ,0.0,FI
1997-12,CB,0.125,FI
1997-12,DT,0.125,FI
1997-12,FB,0.125,FI
1997-12,GS,0.125,FI
1997-12,SS,0.125,FI
1997-12,TU,0.125,FI
1997-12,TY,0.125,FI
1997-12,UB,0.0,FI
1997-12,US,0.125,FI
1997-12,UZ,0.0,FI
1998-01,CB,0.125,FI
1998-01,DT,0.125,FI
1998-01,FB,0.125,FI
1998-01,GS,0.125,FI
1998-01,SS,0.125,FI
1998-01,TU,0.125,FI
1998-01,TY,0.125,FI
1998-01,UB,0.0,FI
1998-01,US,0.125,FI
1998-01,UZ,0.0,FI
1998-02,CB,0.125,FI
1998-02,DT,0.125,FI
1998-02,FB,0.125,FI
1998-02,GS,0.125,FI
1998-02,SS,0.125,FI
1998-02,TU,0.125,FI
1998-02,TY,0.125,FI
1998-02,UB,0.0,FI
1998-02,US,0.125,FI
1998-02,UZ,0.0,FI
1998-03,CB,0.125,FI
1998-03,DT,0.125,FI
1998-03,FB,0.125,FI
1998-03,GS,0.125,FI
1998-03,SS,0.125,FI
1998-03,TU,0.125,FI
1998-03,TY,0.125,FI
1998-03,UB,0.0,FI
1998-03,US,0.125,FI
1998-03,UZ,0.0,FI
1998-04,CB,0.125,FI
1998-04,DT,0.125,FI
1998-04,FB,0.125,FI
1998-04,GS,0.125,FI
1998-04,SS,0.125,FI
1998-04,TU,0.125,FI
1998-04,TY,0.125,FI
1998-04,UB,0.0,FI
1998-04,US,0.125,FI
1998-04,UZ,0.0,FI
1998-05,CB,0.125,FI
1998-05,DT,0.125,FI
1998-05,FB,0.125,FI
1998-05,GS,0.125,FI
1998-05,SS,0.125,FI
1998-05,TU,0.125,FI
1998-05,TY,0.125,FI
1998-05,UB,0.0,FI
1998-05,US,0.125,FI
1998-05,UZ,0.0,FI
1998-06,CB,0.125,FI
1998-06,DT,0.125,FI
1998-06,FB,0.125,FI
1998-06,GS,0.125,FI
1998-06,SS,0.125,FI
1998-06,TU,0.125,FI
1998-06,TY,0.125,FI
1998-06,UB,0.0,FI
1998-06,US,0.125,FI
1998-06,UZ,0.0,FI
1998-07,CB,0.125,FI
1998-07,DT,0.125,FI
1998-07,FB,0.125,FI
1998-07,GS,0.125,FI
1998-07,SS,0.125,FI
1998-07,TU,0.125,FI
1998-07,TY,0.125,FI
1998-07,UB,0.0,FI
1998-07,US,0.125,FI
1998-07,UZ,0.0,FI
1998-08,CB,0.125,FI
1998-08,DT,0.125,FI
1998-08,FB,0.125,FI
1998-08,GS,0.125,FI
1998-08,SS,0.125,FI
1998-08,TU,0.125,FI
1998-08,TY,0.125,FI
1998-08,UB,0.0,FI
1998-08,US,0.125,FI
1998-08,UZ,0.0,FI
1998-09,CB,0.125,FI
1998-09,DT,0.125,FI
1998-09,FB,0.125,FI
1998-09,GS,0.125,FI
1998-09,SS,0.125,FI
1998-09,TU,0.125,FI
1998-09,TY,0.125,FI
1998-09,UB,0.0,FI
1998-09,US,0.125,FI
1998-09,UZ,0.0,FI
1998-10,CB,0.125,FI
1998-10,DT,0.125,FI
1998-10,FB,0.125,FI
1998-10,GS,0.125,FI
1998-10,SS,0.125,FI
1998-10,TU,0.125,FI
1998-10,TY,0.125,FI
1998-10,UB,0.0,FI
1998-10,US,0.125,FI
1998-10,UZ,0.0,FI
1998-11,CB,0.125,FI
1998-11,DT,0.125,FI
1998-11,FB,0.125,FI
1998-11,GS,0.125,FI
1998-11,SS,0.125,FI
1998-11,TU,0.125,FI
1998-11,TY,0.125,FI
1998-11,UB,0.0,FI
1998-11,US,0.125,FI
1998-11,UZ,0.0,FI
1998-12,CB,0.125,FI
1998-12,DT,0.125,FI
1998-12,FB,0.125,FI
1998-12,GS,0.125,FI
1998-12,SS,0.125,FI
1998-12,TU,0.125,FI
1998-12,TY,0.125,FI
1998-12,UB,0.0,FI
1998-12,US,0.125,FI
1998-12,UZ,0.0,FI
1999-01,CB,0.125,FI
1999-01,DT,0.125,FI
1999-01,FB,0.125,FI
1999-01,GS,0.125,FI
1999-01,SS,0.125,FI
1999-01,TU,0.125,FI
1999-01,TY,0.125,FI
1999-01,UB,0.0,FI
1999-01,US,0.125,FI
1999-01,UZ,0.0,FI
1999-02,CB,0.1,FI
1999-02,DT,0.1,FI
1999-02,FB,0.1,FI
1999-02,GS,0.1,FI
1999-02,SS,0.1,FI
1999-02,TU,0.1,FI
1999-02,TY,0.1,FI
1999-02,UB,0.1,FI
1999-02,US,0.1,FI
1999-02,UZ,0.1,FI
1999-03,CB,0.1,FI
1999-03,DT,0.1,FI
1999-03,FB,0.1,FI
1999-03,GS,0.1,FI
1999-03,SS,0.1,FI
1999-03,TU,0.1,FI
1999-03,TY,0.1,FI
1999-03,UB,0.1,FI
1999-03,US,0.1,FI
1999-03,UZ,0.1,FI
1999-04,CB,0.1,FI
1999-04,DT,0.1,FI
1999-04,FB,0.1,FI
1999-04,GS,0.1,FI
1999-04,SS,0.1,FI
1999-04,TU,0.1,FI
1999-04,TY,0.1,FI
1999-04,UB,0.1,FI
1999-04,US,0.1,FI
1999-04,UZ,0.1,FI
1999-05,CB,0.1,FI
1999-05,DT,0.1,FI
1999-05,FB,0.1,FI
1999-05,GS,0.1,FI
1999-05,SS,0.1,FI
1999-05,TU,0.1,FI
1999-05,TY,0.1,FI
1999-05,UB,0.1,FI
1999-05,US,0.1,FI
1999-05,UZ,0.1,FI
1999-06,CB,0.1,FI
1999-06,DT,0.1,FI
1999-06,FB,0.1,FI
1999-06,GS,0.1,FI
1999-06,SS,0.1,FI
1999-06,TU,0.1,FI
1999-06,TY,0.1,FI
1999-06,UB,0.1,FI
1999-06,US,0.1,FI
1999-06,UZ,0.1,FI
1999-07,CB,0.1,FI
1999-07,DT,0.1,FI
1999-07,FB,0.1,FI
1999-07,GS,0.1,FI
1999-07,SS,0.1,FI
1999-07,TU,0.1,FI
1999-07,TY,0.1,FI
1999-07,UB,0.1,FI
1999-07,US,0.1,FI
1999-07,UZ,0.1,FI
1999-08,CB,0.1,FI
1999-08,DT,0.1,FI
1999-08,FB,0.1,FI
1999-08,GS,0.1,FI
1999-08,SS,0.1,FI
1999-08,TU,0.1,FI
1999-08,TY,0.1,FI
1999-08,UB,0.1,FI
1999-08,US,0.1,FI
1999-08,UZ,0.1,FI
1999-09,CB,0.1,FI
1999-09,DT,0.1,FI
1999-09,FB,0.1,FI
1999-09,GS,0.1,FI
1999-09,SS,0.1,FI
1999-09,TU,0.1,FI
1999-09,TY,0.1,FI
1999-09,UB,0.1,FI
1999-09,US,0.1,FI
1999-09,UZ,0.1,FI
1999-10,CB,0.1,FI
1999-10,DT,0.1,FI
1999-10,FB,0.1,FI
1999-10,GS,0.1,FI
1999-10,SS,0.1,FI
1999-10,TU,0.1,FI
1999-10,TY,0.1,FI
1999-10,UB,0.1,FI
1999-10,US,0.1,FI
1999-10,UZ,0.1,FI
1999-11,CB,0.1,FI
1999-11,DT,0.1,FI
1999-11,FB,0.1,FI
1999-11,GS,0.1,FI
1999-11,SS,0.1,FI
1999-11,TU,0.1,FI
1999-11,TY,0.1,FI
1999-11,UB,0.1,FI
1999-11,US,0.1,FI
1999-11,UZ,0.1,FI
1999-12,CB,0.1,FI
1999-12,DT,0.1,FI
1999-12,FB,0.1,FI
1999-12,GS,0.1,FI
1999-12,SS,0.1,FI
1999-12,TU,0.1,FI
1999-12,TY,0.1,FI
1999-12,UB,0.1,FI
1999-12,US,0.1,FI
1999-12,UZ,0.1,FI
2000-01,CB,0.1,FI
2000-01,DT,0.1,FI
2000-01,FB,0.1,FI
2000-01,GS,0.1,FI
2000-01,SS,0.1,FI
2000-01,TU,0.1,FI
2000-01,TY,0.1,FI
2000-01,UB,0.1,FI
2000-01,US,0.1,FI
2000-01,UZ,0.1,FI
2000-02,CB,0.1,FI
2000-02,DT,0.1,FI
2000-02,FB,0.1,FI
2000-02,GS,0.1,FI
2000-02,SS,0.1,FI
2000-02,TU,0.1,FI
2000-02,TY,0.1,FI
2000-02,UB,0.1,FI
2000-02,US,0.1,FI
2000-02,UZ,0.1,FI
2000-03,CB,0.1,FI
2000-03,DT,0.1,FI
2000-03,FB,0.1,FI
2000-03,GS,0.1,FI
2000-03,SS,0.1,FI
2000-03,TU,0.1,FI
2000-03,TY,0.1,FI
2000-03,UB,0.1,FI
2000-03,US,0.1,FI
2000-03,UZ,0.1,FI
2000-04,CB,0.1,FI
2000-04,DT,0.1,FI
2000-04,FB,0.1,FI
2000-04,GS,0.1,FI
2000-04,SS,0.1,FI
2000-04,TU,0.1,FI
2000-04,TY,0.1,FI
2000-04,UB,0.1,FI
2000-04,US,0.1,FI
2000-04,UZ,0.1,FI
2000-05,CB,0.1,FI
2000-05,DT,0.1,FI
2000-05,FB,0.1,FI
2000-05,GS,0.1,FI
2000-05,SS,0.1,FI
2000-05,TU,0.1,FI
2000-05,TY,0.1,FI
2000-05,UB,0.1,FI
2000-05,US,0.1,FI
2000-05,UZ,0.1,FI
2000-06,CB,0.1,FI
2000-06,DT,0.1,FI
2000-06,FB,0.1,FI
2000-06,GS,0.1,FI
2000-06,SS,0.1,FI
2000-06,TU,0.1,FI
2000-06,TY,0.1,FI
2000-06,UB,0.1,FI
2000-06,US,0.1,FI
2000-06,UZ,0.1,FI
2000-07,CB,0.1,FI
2000-07,DT,0.1,FI
2000-07,FB,0.1,FI
2000-07,GS,0.1,FI
2000-07,SS,0.1,FI
2000-07,TU,0.1,FI
2000-07,TY,0.1,FI
2000-07,UB,0.1,FI
2000-07,US,0.1,FI
2000-07,UZ,0.1,FI
2000-08,CB,0.1,FI
2000-08,DT,0.1,FI
2000-08,FB,0.1,FI
2000-08,GS,0.1,FI
2000-08,SS,0.1,FI
2000-08,TU,0.1,FI
2000-08,TY,0.1,FI
2000-08,UB,0.1,FI
2000-08,US,0.1,FI
2000-08,UZ,0.1,FI
2000-09,CB,0.1,FI
2000-09,DT,0.1,FI
2000-09,FB,0.1,FI
2000-09,GS,0.1,FI
2000-09,SS,0.1,FI
2000-09,TU,0.1,FI
2000-09,TY,0.1,FI
2000-09,UB,0.1,FI
2000-09,US,0.1,FI
2000-09,UZ,0.1,FI
2000-10,CB,0.1,FI
2000-10,DT,0.1,FI
2000-10,FB,0.1,FI
2000-10,GS,0.1,FI
2000-10,SS,0.1,FI
2000-10,TU,0.1,FI
2000-10,TY,0.1,FI
2000-10,UB,0.1,FI
2000-10,US,0.1,FI
2000-10,UZ,0.1,FI
2000-11,CB,0.1,FI
2000-11,DT,0.1,FI
2000-11,FB,0.1,FI
2000-11,GS,0.1,FI
2000-11,SS,0.1,FI
2000-11,TU,0.1,FI
2000-11,TY,0.1,FI
2000-11,UB,0.1,FI
2000-11,US,0.1,FI
2000-11,UZ,0.1,FI
2000-12,CB,0.1,FI
2000-12,DT,0.1,FI
2000-12,FB,0.1,FI
2000-12,GS,0.1,FI
2000-12,SS,0.1,FI
2000-12,TU,0.1,FI
2000-12,TY,0.1,FI
2000-12,UB,0.1,FI
2000-12,US,0.1,FI
2000-12,UZ,0.1,FI
2001-01,CB,0.1,FI
2001-01,DT,0.1,FI
2001-01,FB,0.1,FI
2001-01,GS,0.1,FI
2001-01,SS,0.1,FI
2001-01,TU,0.1,FI
2001-01,TY,0.1,FI
2001-01,UB,0.1,FI
2001-01,US,0.1,FI
2001-01,UZ,0.1,FI
2001-02,CB,0.1,FI
2001-02,DT,0.1,FI
2001-02,FB,0.1,FI
2001-02,GS,0.1,FI
2001-02,SS,0.1,FI
2001-02,TU,0.1,FI
2001-02,TY,0.1,FI
2001-02,UB,0.1,FI
2001-02,US,0.1,FI
2001-02,UZ,0.1,FI
2001-03,CB,0.1,FI
2001-03,DT,0.1,FI
2001-03,FB,0.1,FI
2001-03,GS,0.1,FI
2001-03,SS,0.1,FI
2001-03,TU,0.1,FI
2001-03,TY,0.1,FI
2001-03,UB,0.1,FI
2001-03,US,0.1,FI
2001-03,UZ,0.1,FI
2001-04,CB,0.1,FI
2001-04,DT,0.1,FI
2001-04,FB,0.1,FI
2001-04,GS,0.1,FI
2001-04,SS,0.1,FI
2001-04,TU,0.1,FI
2001-04,TY,0.1,FI
2001-04,UB,0.1,FI
2001-04,US,0.1,FI
2001-04,UZ,0.1,FI
2001-05,CB,0.1,FI
2001-05,DT,0.1,FI
2001-05,FB,0.1,FI
2001-05,GS,0.1,FI
2001-05,SS,0.1,FI
2001-05,TU,0.1,FI
2001-05,TY,0.1,FI
2001-05,UB,0.1,FI
2001-05,US,0.1,FI
2001-05,UZ,0.1,FI
2001-06,CB,0.1,FI
2001-06,DT,0.1,FI
2001-06,FB,0.1,FI
2001-06,GS,0.1,FI
2001-06,SS,0.1,FI
2001-06,TU,0.1,FI
2001-06,TY,0.1,FI
2001-06,UB,0.1,FI
2001-06,US,0.1,FI
2001-06,UZ,0.1,FI
2001-07,CB,0.1,FI
2001-07,DT,0.1,FI
2001-07,FB,0.1,FI
2001-07,GS,0.1,FI
2001-07,SS,0.1,FI
2001-07,TU,0.1,FI
2001-07,TY,0.1,FI
2001-07,UB,0.1,FI
2001-07,US,0.1,FI
2001-07,UZ,0.1,FI
2001-08,CB,0.1,FI
2001-08,DT,0.1,FI
2001-08,FB,0.1,FI
2001-08,GS,0.1,FI
2001-08,SS,0.1,FI
2001-08,TU,0.1,FI
2001-08,TY,0.1,FI
2001-08,UB,0.1,FI
2001-08,US,0.1,FI
2001-08,UZ,0.1,FI
2001-09,CB,0.1,FI
2001-09,DT,0.1,FI
2001-09,FB,0.1,FI
2001-09,GS,0.1,FI
2001-09,SS,0.1,FI
2001-09,TU,0.1,FI
2001-09,TY,0.1,FI
2001-09,UB,0.1,FI
2001-09,US,0.1,FI
2001-09,UZ,0.1,FI
2001-10,CB,0.1,FI
2001-10,DT,0.1,FI
2001-10,FB,0.1,FI
2001-10,GS,0.1,FI
2001-10,SS,0.1,FI
2001-10,TU,0.1,FI
2001-10,TY,0.1,FI
2001-10,UB,0.1,FI
2001-10,US,0.1,FI
2001-10,UZ,0.1,FI
2001-11,CB,0.1,FI
2001-11,DT,0.1,FI
2001-11,FB,0.1,FI
2001-11,GS,0.1,FI
2001-11,SS,0.1,FI
2001-11,TU,0.1,FI
2001-11,TY,0.1,FI
2001-11,UB,0.1,FI
2001-11,US,0.1,FI
2001-11,UZ,0.1,FI
2001-12,CB,0.1,FI
2001-12,DT,0.1,FI
2001-12,FB,0.1,FI
2001-12,GS,0.1,FI
2001-12,SS,0.1,FI
2001-12,TU,0.1,FI
2001-12,TY,0.1,FI
2001-12,UB,0.1,FI
2001-12,US,0.1,FI
2001-12,UZ,0.1,FI
2002-01,CB,0.1,FI
2002-01,DT,0.1,FI
2002-01,FB,0.1,FI
2002-01,GS,0.1,FI
2002-01,SS,0.1,FI
2002-01,TU,0.1,FI
2002-01,TY,0.1,FI
2002-01,UB,0.1,FI
2002-01,US,0.1,FI
2002-01,UZ,0.1,FI
2002-02,CB,0.1,FI
2002-02,DT,0.1,FI
2002-02,FB,0.1,FI
2002-02,GS,0.1,FI
2002-02,SS,0.1,FI
2002-02,TU,0.1,FI
2002-02,TY,0.1,FI
2002-02,UB,0.1,FI
2002-02,US,0.1,FI
2002-02,UZ,0.1,FI
2002-03,CB,0.1,FI
2002-03,DT,0.1,FI
2002-03,FB,0.1,FI
2002-03,GS,0.1,FI
2002-03,SS,0.1,FI
2002-03,TU,0.1,FI
2002-03,TY,0.1,FI
2002-03,UB,0.1,FI
2002-03,US,0.1,FI
2002-03,UZ,0.1,FI
2002-04,CB,0.1,FI
2002-04,DT,0.1,FI
2002-04,FB,0.1,FI
2002-04,GS,0.1,FI
2002-04,SS,0.1,FI
2002-04,TU,0.1,FI
2002-04,TY,0.1,FI
2002-04,UB,0.1,FI
2002-04,US,0.1,FI
2002-04,UZ,0.1,FI
2002-05,CB,0.1,FI
2002-05,DT,0.1,FI
2002-05,FB,0.1,FI
2002-05,GS,0.1,FI
2002-05,SS,0.1,FI
2002-05,TU,0.1,FI
2002-05,TY,0.1,FI
2002-05,UB,0.1,FI
2002-05,US,0.1,FI
2002-05,UZ,0.1,FI
2002-06,CB,0.1,FI
2002-06,DT,0.1,FI
2002-06,FB,0.1,FI
2002-06,GS,0.1,FI
2002-06,SS,0.1,FI
2002-06,TU,0.1,FI
2002-06,TY,0.1,FI
2002-06,UB,0.1,FI
2002-06,US,0.1,FI
2002-06,UZ,0.1,FI
2002-07,CB,0.1,FI
2002-07,DT,0.1,FI
2002-07,FB,0.1,FI
2002-07,GS,0.1,FI
2002-07,SS,0.1,FI
2002-07,TU,0.1,FI
2002-07,TY,0.1,FI
2002-07,UB,0.1,FI
2002-07,US,0.1,FI
2002-07,UZ,0.1,FI
2002-08,CB,0.1,FI
2002-08,DT,0.1,FI
2002-08,FB,0.1,FI
2002-08,GS,0.1,FI
2002-08,SS,0.1,FI
2002-08,TU,0.1,FI
2002-08,TY,0.1,FI
2002-08,UB,0.1,FI
2002-08,US,0.1,FI
2002-08,UZ,0.1,FI
2002-09,CB,0.1,FI
2002-09,DT,0.1,FI
2002-09,FB,0.1,FI
2002-09,GS,0.1,FI
2002-09,SS,0.1,FI
2002-09,TU,0.1,FI
2002-09,TY,0.1,FI
2002-09,UB,0.1,FI
2002-09,US,0.1,FI
2002-09,UZ,0.1,FI
2002-10,CB,0.1,FI
2002-10,DT,0.1,FI
2002-10,FB,0.1,FI
2002-10,GS,0.1,FI
2002-10,SS,0.1,FI
2002-10,TU,0.1,FI
2002-10,TY,0.1,FI
2002-10,UB,0.1,FI
2002-10,US,0.1,FI
2002-10,UZ,0.1,FI
2002-11,CB,0.1,FI
2002-11,DT,0.1,FI
2002-11,FB,0.1,FI
2002-11,GS,0.1,FI
2002-11,SS,0.1,FI
2002-11,TU,0.1,FI
2002-11,TY,0.1,FI
2002-11,UB,0.1,FI
2002-11,US,0.1,FI
2002-11,UZ,0.1,FI
2002-12,CB,0.1,FI
2002-12,DT,0.1,FI
2002-12,FB,0.1,FI
2002-12,GS,0.1,FI
2002-12,SS,0.1,FI
2002-12,TU,0.1,FI
2002-12,TY,0.1,FI
2002-12,UB,0.1,FI
2002-12,US,0.1,FI
2002-12,UZ,0.1,FI
2003-01,CB,0.1,FI
2003-01,DT,0.1,FI
2003-01,FB,0.1,FI
2003-01,GS,0.1,FI
2003-01,SS,0.1,FI
2003-01,TU,0.1,FI
2003-01,TY,0.1,FI
2003-01,UB,0.1,FI
2003-01,US,0.1,FI
2003-01,UZ,0.1,FI
2003-02,CB,0.1,FI
2003-02,DT,0.1,FI
2003-02,FB,0.1,FI
2003-02,GS,0.1,FI
2003-02,SS,0.1,FI
2003-02,TU,0.1,FI
2003-02,TY,0.1,FI
2003-02,UB,0.1,FI
2003-02,US,0.1,FI
2003-02,UZ,0.1,FI
2003-03,CB,0.1,FI
2003-03,DT,0.1,FI
2003-03,FB,0.1,FI
2003-03,GS,0.1,FI
2003-03,SS,0.1,FI
2003-03,TU,0.1,FI
2003-03,TY,0.1,FI
2003-03,UB,0.1,FI
2003-03,US,0.1,FI
2003-03,UZ,0.1,FI
2003-04,CB,0.1,FI
2003-04,DT,0.1,FI
2003-04,FB,0.1,FI
2003-04,GS,0.1,FI
2003-04,SS,0.1,FI
2003-04,TU,0.1,FI
2003-04,TY,0.1,FI
2003-04,UB,0.1,FI
2003-04,US,0.1,FI
2003-04,UZ,0.1,FI
2003-05,CB,0.1,FI
2003-05,DT,0.1,FI
2003-05,FB,0.1,FI
2003-05,GS,0.1,FI
2003-05,SS,0.1,FI
2003-05,TU,0.1,FI
2003-05,TY,0.1,FI
2003-05,UB,0.1,FI
2003-05,US,0.1,FI
2003-05,UZ,0.1,FI
2003-06,CB,0.1,FI
2003-06,DT,0.1,FI
2003-06,FB,0.1,FI
2003-06,GS,0.1,FI
2003-06,SS,0.1,FI
2003-06,TU,0.1,FI
2003-06,TY,0.1,FI
2003-06,UB,0.1,FI
2003-06,US,0.1,FI
2003-06,UZ,0.1,FI
2003-07,CB,0.1,FI
2003-07,DT,0.1,FI
2003-07,FB,0.1,FI
2003-07,GS,0.1,FI
2003-07,SS,0.1,FI
2003-07,TU,0.1,FI
2003-07,TY,0.1,FI
2003-07,UB,0.1,FI
2003-07,US,0.1,FI
2003-07,UZ,0.1,FI
2003-08,CB,0.1,FI
2003-08,DT,0.1,FI
2003-08,FB,0.1,FI
2003-08,GS,0.1,FI
2003-08,SS,0.1,FI
2003-08,TU,0.1,FI
2003-08,TY,0.1,FI
2003-08,UB,0.1,FI
2003-08,US,0.1,FI
2003-08,UZ,0.1,FI
2003-09,CB,0.1,FI
2003-09,DT,0.1,FI
2003-09,FB,0.1,FI
2003-09,GS,0.1,FI
2003-09,SS,0.1,FI
2003-09,TU,0.1,FI
2003-09,TY,0.1,FI
2003-09,UB,0.1,FI
2003-09,US,0.1,FI
2003-09,UZ,0.1,FI
2003-10,CB,0.1,FI
2003-10,DT,0.1,FI
2003-10,FB,0.1,FI
2003-10,GS,0.1,FI
2003-10,SS,0.1,FI
2003-10,TU,0.1,FI
2003-10,TY,0.1,FI
2003-10,UB,0.1,FI
2003-10,US,0.1,FI
2003-10,UZ,0.1,FI
2003-11,CB,0.1,FI
2003-11,DT,0.1,FI
2003-11,FB,0.1,FI
2003-11,GS,0.1,FI
2003-11,SS,0.1,FI
2003-11,TU,0.1,FI
2003-11,TY,0.1,FI
2003-11,UB,0.1,FI
2003-11,US,0.1,FI
2003-11,UZ,0.1,FI
2003-12,CB,0.1,FI
2003-12,DT,0.1,FI
2003-12,FB,0.1,FI
2003-12,GS,0.1,FI
2003-12,SS,0.1,FI
2003-12,TU,0.1,FI
2003-12,TY,0.1,FI
2003-12,UB,0.1,FI
2003-12,US,0.1,FI
2003-12,UZ,0.1,FI
2004-01,CB,0.1,FI
2004-01,DT,0.1,FI
2004-01,FB,0.1,FI
2004-01,GS,0.1,FI
2004-01,SS,0.1,FI
2004-01,TU,0.1,FI
2004-01,TY,0.1,FI
2004-01,UB,0.1,FI
2004-01,US,0.1,FI
2004-01,UZ,0.1,FI
2004-02,CB,0.1,FI
2004-02,DT,0.1,FI
2004-02,FB,0.1,FI
2004-02,GS,0.1,FI
2004-02,SS,0.1,FI
2004-02,TU,0.1,FI
2004-02,TY,0.1,FI
2004-02,UB,0.1,FI
2004-02,US,0.1,FI
2004-02,UZ,0.1,FI
2004-03,CB,0.1,FI
2004-03,DT,0.1,FI
2004-03,FB,0.1,FI
2004-03,GS,0.1,FI
2004-03,SS,0.1,FI
2004-03,TU,0.1,FI
2004-03,TY,0.1,FI
2004-03,UB,0.1,FI
2004-03,US,0.1,FI
2004-03,UZ,0.1,FI
2004-04,CB,0.1,FI
2004-04,DT,0.1,FI
2004-04,FB,0.1,FI
2004-04,GS,0.1,FI
2004-04,SS,0.1,FI
2004-04,TU,0.1,FI
2004-04,TY,0.1,FI
2004-04,UB,0.1,FI
2004-04,US,0.1,FI
2004-04,UZ,0.1,FI
2004-05,CB,0.1,FI
2004-05,DT,0.1,FI
2004-05,FB,0.1,FI
2004-05,GS,0.1,FI
2004-05,SS,0.1,FI
2004-05,TU,0.1,FI
2004-05,TY,0.1,FI
2004-05,UB,0.1,FI
2004-05,US,0.1,FI
2004-05,UZ,0.1,FI
2004-06,CB,0.1,FI
2004-06,DT,0.1,FI
2004-06,FB,0.1,FI
2004-06,GS,0.1,FI
2004-06,SS,0.1,FI
2004-06,TU,0.1,FI
2004-06,TY,0.1,FI
2004-06,UB,0.1,FI
2004-06,US,0.1,FI
2004-06,UZ,0.1,FI
2004-07,CB,0.1,FI
2004-07,DT,0.1,FI
2004-07,FB,0.1,FI
2004-07,GS,0.1,FI
2004-07,SS,0.1,FI
2004-07,TU,0.1,FI
2004-07,TY,0.1,FI
2004-07,UB,0.1,FI
2004-07,US,0.1,FI
2004-07,UZ,0.1,FI
2004-08,CB,0.1,FI
2004-08,DT,0.1,FI
2004-08,FB,0.1,FI
2004-08,GS,0.1,FI
2004-08,SS,0.1,FI
2004-08,TU,0.1,FI
2004-08,TY,0.1,FI
2004-08,UB,0.1,FI
2004-08,US,0.1,FI
2004-08,UZ,0.1,FI
2004-09,CB,0.1,FI
2004-09,DT,0.1,FI
2004-09,FB,0.1,FI
2004-09,GS,0.1,FI
2004-09,SS,0.1,FI
2004-09,TU,0.1,FI
2004-09,TY,0.1,FI
2004-09,UB,0.1,FI
2004-09,US,0.1,FI
2004-09,UZ,0.1,FI
2004-10,CB,0.1,FI
2004-10,DT,0.1,FI
2004-10,FB,0.1,FI
2004-10,GS,0.1,FI
2004-10,SS,0.1,FI
2004-10,TU,0.1,FI
2004-10,TY,0.1,FI
2004-10,UB,0.1,FI
2004-10,US,0.1,FI
2004-10,UZ,0.1,FI
2004-11,CB,0.1,FI
2004-11,DT,0.1,FI
2004-11,FB,0.1,FI
2004-11,GS,0.1,FI
2004-11,SS,0.1,FI
2004-11,TU,0.1,FI
2004-11,TY,0.1,FI
2004-11,UB,0.1,FI
2004-11,US,0.1,FI
2004-11,UZ,0.1,FI
2004-12,CB,0.1,FI
2004-12,DT,0.1,FI
2004-12,FB,0.1,FI
2004-12,GS,0.1,FI
2004-12,SS,0.1,FI
2004-12,TU,0.1,FI
2004-12,TY,0.1,FI
2004-12,UB,0.1,FI
2004-12,US,0.1,FI
2004-12,UZ,0.1,FI
2005-01,CB,0.1,FI
2005-01,DT,0.1,FI
2005-01,FB,0.1,FI
2005-01,GS,0.1,FI
2005-01,SS,0.1,FI
2005-01,TU,0.1,FI
2005-01,TY,0.1,FI
2005-01,UB,0.1,FI
2005-01,US,0.1,FI
2005-01,UZ,0.1,FI
2005-02,CB,0.1,FI
2005-02,DT,0.1,FI
2005-02,FB,0.1,FI
2005-02,GS,0.1,FI
2005-02,SS,0.1,FI
2005-02,TU,0.1,FI
2005-02,TY,0.1,FI
2005-02,UB,0.1,FI
2005-02,US,0.1,FI
2005-02,UZ,0.1,FI
2005-03,CB,0.1,FI
2005-03,DT,0.1,FI
2005-03,FB,0.1,FI
2005-03,GS,0.1,FI
2005-03,SS,0.1,FI
2005-03,TU,0.1,FI
2005-03,TY,0.1,FI
2005-03,UB,0.1,FI
2005-03,US,0.1,FI
2005-03,UZ,0.1,FI
2005-04,CB,0.1,FI
2005-04,DT,0.1,FI
2005-04,FB,0.1,FI
2005-04,GS,0.1,FI
2005-04,SS,0.1,FI
2005-04,TU,0.1,FI
2005-04,TY,0.1,FI
2005-04,UB,0.1,FI
2005-04,US,0.1,FI
2005-04,UZ,0.1,FI
2005-05,CB,0.1,FI
2005-05,DT,0.1,FI
2005-05,FB,0.1,FI
2005-05,GS,0.1,FI
2005-05,SS,0.1,FI
2005-05,TU,0.1,FI
2005-05,TY,0.1,FI
2005-05,UB,0.1,FI
2005-05,US,0.1,FI
2005-05,UZ,0.1,FI
2005-06,CB,0.1,FI
2005-06,DT,0.1,FI
2005-06,FB,0.1,FI
2005-06,GS,0.1,FI
2005-06,SS,0.1,FI
2005-06,TU,0.1,FI
2005-06,TY,0.1,FI
2005-06,UB,0.1,FI
2005-06,US,0.1,FI
2005-06,UZ,0.1,FI
2005-07,CB,0.1,FI
2005-07,DT,0.1,FI
2005-07,FB,0.1,FI
2005-07,GS,0.1,FI
2005-07,SS,0.1,FI
2005-07,TU,0.1,FI
2005-07,TY,0.1,FI
2005-07,UB,0.1,FI
2005-07,US,0.1,FI
2005-07,UZ,0.1,FI
2005-08,CB,0.1,FI
2005-08,DT,0.1,FI
2005-08,FB,0.1,FI
2005-08,GS,0.1,FI
2005-08,SS,0.1,FI
2005-08,TU,0.1,FI
2005-08,TY,0.1,FI
2005-08,UB,0.1,FI
2005-08,US,0.1,FI
2005-08,UZ,0.1,FI
2005-09,CB,0.1,FI
2005-09,DT,0.1,FI
2005-09,FB,0.1,FI
2005-09,GS,0.1,FI
2005-09,SS,0.1,FI
2005-09,TU,0.1,FI
2005-09,TY,0.1,FI
2005-09,UB,0.1,FI
2005-09,US,0.1,FI
2005-09,UZ,0.1,FI
2005-10,CB,0.1,FI
2005-10,DT,0.1,FI
2005-10,FB,0.1,FI
2005-10,GS,0.1,FI
2005-10,SS,0.1,FI
2005-10,TU,0.1,FI
2005-10,TY,0.1,FI
2005-10,UB,0.1,FI
2005-10,US,0.1,FI
2005-10,UZ,0.1,FI
2005-11,CB,0.1,FI
2005-11,DT,0.1,FI
2005-11,FB,0.1,FI
2005-11,GS,0.1,FI
2005-11,SS,0.1,FI
2005-11,TU,0.1,FI
2005-11,TY,0.1,FI
2005-11,UB,0.1,FI
2005-11,US,0.1,FI
2005-11,UZ,0.1,FI
2005-12,CB,0.1,FI
2005-12,DT,0.1,FI
2005-12,FB,0.1,FI
2005-12,GS,0.1,FI
2005-12,SS,0.1,FI
2005-12,TU,0.1,FI
2005-12,TY,0.1,FI
2005-12,UB,0.1,FI
2005-12,US,0.1,FI
2005-12,UZ,0.1,FI
2006-01,CB,0.1,FI
2006-01,DT,0.1,FI
2006-01,FB,0.1,FI
2006-01,GS,0.1,FI
2006-01,SS,0.1,FI
2006-01,TU,0.1,FI
2006-01,TY,0.1,FI
2006-01,UB,0.1,FI
2006-01,US,0.1,FI
2006-01,UZ,0.1,FI
2006-02,CB,0.1,FI
2006-02,DT,0.1,FI
2006-02,FB,0.1,FI
2006-02,GS,0.1,FI
2006-02,SS,0.1,FI
2006-02,TU,0.1,FI
2006-02,TY,0.1,FI
2006-02,UB,0.1,FI
2006-02,US,0.1,FI
2006-02,UZ,0.1,FI
2006-03,CB,0.1,FI
2006-03,DT,0.1,FI
2006-03,FB,0.1,FI
2006-03,GS,0.1,FI
2006-03,SS,0.1,FI
2006-03,TU,0.1,FI
2006-03,TY,0.1,FI
2006-03,UB,0.1,FI
2006-03,US,0.1,FI
2006-03,UZ,0.1,FI
2006-04,CB,0.1,FI
2006-04,DT,0.1,FI
2006-04,FB,0.1,FI
2006-04,GS,0.1,FI
2006-04,SS,0.1,FI
2006-04,TU,0.1,FI
2006-04,TY,0.1,FI
2006-04,UB,0.1,FI
2006-04,US,0.1,FI
2006-04,UZ,0.1,FI
2006-05,CB,0.1,FI
2006-05,DT,0.1,FI
2006-05,FB,0.1,FI
2006-05,GS,0.1,FI
2006-05,SS,0.1,FI
2006-05,TU,0.1,FI
2006-05,TY,0.1,FI
2006-05,UB,0.1,FI
2006-05,US,0.1,FI
2006-05,UZ,0.1,FI
2006-06,CB,0.1,FI
2006-06,DT,0.1,FI
2006-06,FB,0.1,FI
2006-06,GS,0.1,FI
2006-06,SS,0.1,FI
2006-06,TU,0.1,FI
2006-06,TY,0.1,FI
2006-06,UB,0.1,FI
2006-06,US,0.1,FI
2006-06,UZ,0.1,FI
2006-07,CB,0.1,FI
2006-07,DT,0.1,FI
2006-07,FB,0.1,FI
2006-07,GS,0.1,FI
2006-07,SS,0.1,FI
2006-07,TU,0.1,FI
2006-07,TY,0.1,FI
2006-07,UB,0.1,FI
2006-07,US,0.1,FI
2006-07,UZ,0.1,FI
2006-08,CB,0.1,FI
2006-08,DT,0.1,FI
2006-08,FB,0.1,FI
2006-08,GS,0.1,FI
2006-08,SS,0.1,FI
2006-08,TU,0.1,FI
2006-08,TY,0.1,FI
2006-08,UB,0.1,FI
2006-08,US,0.1,FI
2006-08,UZ,0.1,FI
2006-09,CB,0.1,FI
2006-09,DT,0.1,FI
2006-09,FB,0.1,FI
2006-09,GS,0.1,FI
2006-09,SS,0.1,FI
2006-09,TU,0.1,FI
2006-09,TY,0.1,FI
2006-09,UB,0.1,FI
2006-09,US,0.1,FI
2006-09,UZ,0.1,FI
2006-10,CB,0.1,FI
2006-10,DT,0.1,FI
2006-10,FB,0.1,FI
2006-10,GS,0.1,FI
2006-10,SS,0.1,FI
2006-10,TU,0.1,FI
2006-10,TY,0.1,FI
2006-10,UB,0.1,FI
2006-10,US,0.1,FI
2006-10,UZ,0.1,FI
2006-11,CB,0.1,FI
2006-11,DT,0.1,FI
2006-11,FB,0.1,FI
2006-11,GS,0.1,FI
2006-11,SS,0.1,FI
2006-11,TU,0.1,FI
2006-11,TY,0.1,FI
2006-11,UB,0.1,FI
2006-11,US,0.1,FI
2006-11,UZ,0.1,FI
2006-12,CB,0.1,FI
2006-12,DT,0.1,FI
2006-12,FB,0.1,FI
2006-12,GS,0.1,FI
2006-12,SS,0.1,FI
2006-12,TU,0.1,FI
2006-12,TY,0.1,FI
2006-12,UB,0.1,FI
2006-12,US,0.1,FI
2006-12,UZ,0.1,FI
2007-01,CB,0.1,FI
2007-01,DT,0.1,FI
2007-01,FB,0.1,FI
2007-01,GS,0.1,FI
2007-01,SS,0.1,FI
2007-01,TU,0.1,FI
2007-01,TY,0.1,FI
2007-01,UB,0.1,FI
2007-01,US,0.1,FI
2007-01,UZ,0.1,FI
2007-02,CB,0.1,FI
2007-02,DT,0.1,FI
2007-02,FB,0.1,FI
2007-02,GS,0.1,FI
2007-02,SS,0.1,FI
2007-02,TU,0.1,FI
2007-02,TY,0.1,FI
2007-02,UB,0.1,FI
2007-02,US,0.1,FI
2007-02,UZ,0.1,FI
2007-03,CB,0.1,FI
2007-03,DT,0.1,FI
2007-03,FB,0.1,FI
2007-03,GS,0.1,FI
2007-03,SS,0.1,FI
2007-03,TU,0.1,FI
2007-03,TY,0.1,FI
2007-03,UB,0.1,FI
2007-03,US,0.1,FI
2007-03,UZ,0.1,FI
2007-04,CB,0.1,FI
2007-04,DT,0.1,FI
2007-04,FB,0.1,FI
2007-04,GS,0.1,FI
2007-04,SS,0.1,FI
2007-04,TU,0.1,FI
2007-04,TY,0.1,FI
2007-04,UB,0.1,FI
2007-04,US,0.1,FI
2007-04,UZ,0.1,FI
2007-05,CB,0.1,FI
2007-05,DT,0.1,FI
2007-05,FB,0.1,FI
2007-05,GS,0.1,FI
2007-05,SS,0.1,FI
2007-05,TU,0.1,FI
2007-05,TY,0.1,FI
2007-05,UB,0.1,FI
2007-05,US,0.1,FI
2007-05,UZ,0.1,FI
2007-06,CB,0.1,FI
2007-06,DT,0.1,FI
2007-06,FB,0.1,FI
2007-06,GS,0.1,FI
2007-06,SS,0.1,FI
2007-06,TU,0.1,FI
2007-06,TY,0.1,FI
2007-06,UB,0.1,FI
2007-06,US,0.1,FI
2007-06,UZ,0.1,FI
2007-07,CB,0.1,FI
2007-07,DT,0.1,FI
2007-07,FB,0.1,FI
2007-07,GS,0.1,FI
2007-07,SS,0.1,FI
2007-07,TU,0.1,FI
2007-07,TY,0.1,FI
2007-07,UB,0.1,FI
2007-07,US,0.1,FI
2007-07,UZ,0.1,FI
2007-08,CB,0.1,FI
2007-08,DT,0.1,FI
2007-08,FB,0.1,FI
2007-08,GS,0.1,FI
2007-08,SS,0.1,FI
2007-08,TU,0.1,FI
2007-08,TY,0.1,FI
2007-08,UB,0.1,FI
2007-08,US,0.1,FI
2007-08,UZ,0.1,FI
2007-09,CB,0.1,FI
2007-09,DT,0.1,FI
2007-09,FB,0.1,FI
2007-09,GS,0.1,FI
2007-09,SS,0.1,FI
2007-09,TU,0.1,FI
2007-09,TY,0.1,FI
2007-09,UB,0.1,FI
2007-09,US,0.1,FI
2007-09,UZ,0.1,FI
2007-10,CB,0.1,FI
2007-10,DT,0.1,FI
2007-10,FB,0.1,FI
2007-10,GS,0.1,FI
2007-10,SS,0.1,FI
2007-10,TU,0.1,FI
2007-10,TY,0.1,FI
2007-10,UB,0.1,FI
2007-10,US,0.1,FI
2007-10,UZ,0.1,FI
2007-11,CB,0.1,FI
2007-11,DT,0.1,FI
2007-11,FB,0.1,FI
2007-11,GS,0.1,FI
2007-11,SS,0.1,FI
2007-11,TU,0.1,FI
2007-11,TY,0.1,FI
2007-11,UB,0.1,FI
2007-11,US,0.1,FI
2007-11,UZ,0.1,FI
2007-12,CB,0.1,FI
2007-12,DT,0.1,FI
2007-12,FB,0.1,FI
2007-12,GS,0.1,FI
2007-12,SS,0.1,FI
2007-12,TU,0.1,FI
2007-12,TY,0.1,FI
2007-12,UB,0.1,FI
2007-12,US,0.1,FI
2007-12,UZ,0.1,FI
2008-01,CB,0.1,FI
2008-01,DT,0.1,FI
2008-01,FB,0.1,FI
2008-01,GS,0.1,FI
2008-01,SS,0.1,FI
2008-01,TU,0.1,FI
2008-01,TY,0.1,FI
2008-01,UB,0.1,FI
2008-01,US,0.1,FI
2008-01,UZ,0.1,FI
2008-02,CB,0.1,FI
2008-02,DT,0.1,FI
2008-02,FB,0.1,FI
2008-02,GS,0.1,FI
2008-02,SS,0.1,FI
2008-02,TU,0.1,FI
2008-02,TY,0.1,FI
2008-02,UB,0.1,FI
2008-02,US,0.1,FI
2008-02,UZ,0.1,FI
2008-03,CB,0.1,FI
2008-03,DT,0.1,FI
2008-03,FB,0.1,FI
2008-03,GS,0.1,FI
2008-03,SS,0.1,FI
2008-03,TU,0.1,FI
2008-03,TY,0.1,FI
2008-03,UB,0.1,FI
2008-03,US,0.1,FI
2008-03,UZ,0.1,FI
2008-04,CB,0.1,FI
2008-04,DT,0.1,FI
2008-04,FB,0.1,FI
2008-04,GS,0.1,FI
2008-04,SS,0.1,FI
2008-04,TU,0.1,FI
2008-04,TY,0.1,FI
2008-04,UB,0.1,FI
2008-04,US,0.1,FI
2008-04,UZ,0.1,FI
2008-05,CB,0.1,FI
2008-05,DT,0.1,FI
2008-05,FB,0.1,FI
2008-05,GS,0.1,FI
2008-05,SS,0.1,FI
2008-05,TU,0.1,FI
2008-05,TY,0.1,FI
2008-05,UB,0.1,FI
2008-05,US,0.1,FI
2008-05,UZ,0.1,FI
2008-06,CB,0.1,FI
2008-06,DT,0.1,FI
2008-06,FB,0.1,FI
2008-06,GS,0.1,FI
2008-06,SS,0.1,FI
2008-06,TU,0.1,FI
2008-06,TY,0.1,FI
2008-06,UB,0.1,FI
2008-06,US,0.1,FI
2008-06,UZ,0.1,FI
2008-07,CB,0.1,FI
2008-07,DT,0.1,FI
2008-07,FB,0.1,FI
2008-07,GS,0.1,FI
2008-07,SS,0.1,FI
2008-07,TU,0.1,FI
2008-07,TY,0.1,FI
2008-07,UB,0.1,FI
2008-07,US,0.1,FI
2008-07,UZ,0.1,FI
2008-08,CB,0.1,FI
2008-08,DT,0.1,FI
2008-08,FB,0.1,FI
2008-08,GS,0.1,FI
2008-08,SS,0.1,FI
2008-08,TU,0.1,FI
2008-08,TY,0.1,FI
2008-08,UB,0.1,FI
2008-08,US,0.1,FI
2008-08,UZ,0.1,FI
2008-09,CB,0.1,FI
2008-09,DT,0.1,FI
2008-09,FB,0.1,FI
2008-09,GS,0.1,FI
2008-09,SS,0.1,FI
2008-09,TU,0.1,FI
2008-09,TY,0.1,FI
2008-09,UB,0.1,FI
2008-09,US,0.1,FI
2008-09,UZ,0.1,FI
2008-10,CB,0.1,FI
2008-10,DT,0.1,FI
2008-10,FB,0.1,FI
2008-10,GS,0.1,FI
2008-10,SS,0.1,FI
2008-10,TU,0.1,FI
2008-10,TY,0.1,FI
2008-10,UB,0.1,FI
2008-10,US,0.1,FI
2008-10,UZ,0.1,FI
2008-11,CB,0.1,FI
2008-11,DT,0.1,FI
2008-11,FB,0.1,FI
2008-11,GS,0.1,FI
2008-11,SS,0.1,FI
2008-11,TU,0.1,FI
2008-11,TY,0.1,FI
2008-11,UB,0.1,FI
2008-11,US,0.1,FI
2008-11,UZ,0.1,FI
2008-12,CB,0.1,FI
2008-12,DT,0.1,FI
2008-12,FB,0.1,FI
2008-12,GS,0.1,FI
2008-12,SS,0.1,FI
2008-12,TU,0.1,FI
2008-12,TY,0.1,FI
2008-12,UB,0.1,FI
2008-12,US,0.1,FI
2008-12,UZ,0.1,FI
2009-01,CB,0.1,FI
2009-01,DT,0.1,FI
2009-01,FB,0.1,FI
2009-01,GS,0.1,FI
2009-01,SS,0.1,FI
2009-01,TU,0.1,FI
2009-01,TY,0.1,FI
2009-01,UB,0.1,FI
2009-01,US,0.1,FI
2009-01,UZ,0.1,FI
2009-02,CB,0.1,FI
2009-02,DT,0.1,FI
2009-02,FB,0.1,FI
2009-02,GS,0.1,FI
2009-02,SS,0.1,FI
2009-02,TU,0.1,FI
2009-02,TY,0.1,FI
2009-02,UB,0.1,FI
2009-02,US,0.1,FI
2009-02,UZ,0.1,FI
2009-03,CB,0.1,FI
2009-03,DT,0.1,FI
2009-03,FB,0.1,FI
2009-03,GS,0.1,FI
2009-03,SS,0.1,FI
2009-03,TU,0.1,FI
2009-03,TY,0.1,FI
2009-03,UB,0.1,FI
2009-03,US,0.1,FI
2009-03,UZ,0.1,FI
2009-04,CB,0.1,FI
2009-04,DT,0.1,FI
2009-04,FB,0.1,FI
2009-04,GS,0.1,FI
2009-04,SS,0.1,FI
2009-04,TU,0.1,FI
2009-04,TY,0.1,FI
2009-04,UB,0.1,FI
2009-04,US,0.1,FI
2009-04,UZ,0.1,FI
2009-05,CB,0.1,FI
2009-05,DT,0.1,FI
2009-05,FB,0.1,FI
2009-05,GS,0.1,FI
2009-05,SS,0.1,FI
2009-05,TU,0.1,FI
2009-05,TY,0.1,FI
2009-05,UB,0.1,FI
2009-05,US,0.1,FI
2009-05,UZ,0.1,FI
2009-06,CB,0.1,FI
2009-06,DT,0.1,FI
2009-06,FB,0.1,FI
2009-06,GS,0.1,FI
2009-06,SS,0.1,FI
2009-06,TU,0.1,FI
2009-06,TY,0.1,FI
2009-06,UB,0.1,FI
2009-06,US,0.1,FI
2009-06,UZ,0.1,FI
2009-07,CB,0.1,FI
2009-07,DT,0.1,FI
2009-07,FB,0.1,FI
2009-07,GS,0.1,FI
2009-07,SS,0.1,FI
2009-07,TU,0.1,FI
2009-07,TY,0.1,FI
2009-07,UB,0.1,FI
2009-07,US,0.1,FI
2009-07,UZ,0.1,FI
2009-08,CB,0.1,FI
2009-08,DT,0.1,FI
2009-08,FB,0.1,FI
2009-08,GS,0.1,FI
2009-08,SS,0.1,FI
2009-08,TU,0.1,FI
2009-08,TY,0.1,FI
2009-08,UB,0.1,FI
2009-08,US,0.1,FI
2009-08,UZ,0.1,FI
2009-09,CB,0.1,FI
2009-09,DT,0.1,FI
2009-09,FB,0.1,FI
2009-09,GS,0.1,FI
2009-09,SS,0.1,FI
2009-09,TU,0.1,FI
2009-09,TY,0.1,FI
2009-09,UB,0.1,FI
2009-09,US,0.1,FI
2009-09,UZ,0.1,FI
2009-10,CB,0.1,FI
2009-10,DT,0.1,FI
2009-10,FB,0.1,FI
2009-10,GS,0.1,FI
2009-10,SS,0.1,FI
2009-10,TU,0.1,FI
2009-10,TY,0.1,FI
2009-10,UB,0.1,FI
2009-10,US,0.1,FI
2009-10,UZ,0.1,FI
2009-11,CB,0.1,FI
2009-11,DT,0.1,FI
2009-11,FB,0.1,FI
2009-11,GS,0.1,FI
2009-11,SS,0.1,FI
2009-11,TU,0.1,FI
2009-11,TY,0.1,FI
2009-11,UB,0.1,FI
2009-11,US,0.1,FI
2009-11,UZ,0.1,FI
2009-12,CB,0.1,FI
2009-12,DT,0.1,FI
2009-12,FB,0.1,FI
2009-12,GS,0.1,FI
2009-12,SS,0.1,FI
2009-12,TU,0.1,FI
2009-12,TY,0.1,FI
2009-12,UB,0.1,FI
2009-12,US,0.1,FI
2009-12,UZ,0.1,FI
2010-01,CB,0.1,FI
2010-01,DT,0.1,FI
2010-01,FB,0.1,FI
2010-01,GS,0.1,FI
2010-01,SS,0.1,FI
2010-01,TU,0.1,FI
2010-01,TY,0.1,FI
2010-01,UB,0.1,FI
2010-01,US,0.1,FI
2010-01,UZ,0.1,FI
2010-02,CB,0.1,FI
2010-02,DT,0.1,FI
2010-02,FB,0.1,FI
2010-02,GS,0.1,FI
2010-02,SS,0.1,FI
2010-02,TU,0.1,FI
2010-02,TY,0.1,FI
2010-02,UB,0.1,FI
2010-02,US,0.1,FI
2010-02,UZ,0.1,FI
2010-03,CB,0.1,FI
2010-03,DT,0.1,FI
2010-03,FB,0.1,FI
2010-03,GS,0.1,FI
2010-03,SS,0.1,FI
2010-03,TU,0.1,FI
2010-03,TY,0.1,FI
2010-03,UB,0.1,FI
2010-03,US,0.1,FI
2010-03,UZ,0.1,FI
2010-04,CB,0.1,FI
2010-04,DT,0.1,FI
2010-04,FB,0.1,FI
2010-04,GS,0.1,FI
2010-04,SS,0.1,FI
2010-04,TU,0.1,FI
2010-04,TY,0.1,FI
2010-04,UB,0.1,FI
2010-04,US,0.1,FI
2010-04,UZ,0.1,FI
2010-05,CB,0.1,FI
2010-05,DT,0.1,FI
2010-05,FB,0.1,FI
2010-05,GS,0.1,FI
2010-05,SS,0.1,FI
2010-05,TU,0.1,FI
2010-05,TY,0.1,FI
2010-05,UB,0.1,FI
2010-05,US,0.1,FI
2010-05,UZ,0.1,FI
2010-06,CB,0.1,FI
2010-06,DT,0.1,FI
2010-06,FB,0.1,FI
2010-06,GS,0.1,FI
2010-06,SS,0.1,FI
2010-06,TU,0.1,FI
2010-06,TY,0.1,FI
2010-06,UB,0.1,FI
2010-06,US,0.1,FI
2010-06,UZ,0.1,FI
2010-07,CB,0.1,FI
2010-07,DT,0.1,FI
2010-07,FB,0.1,FI
2010-07,GS,0.1,FI
2010-07,SS,0.1,FI
2010-07,TU,0.1,FI
2010-07,TY,0.1,FI
2010-07,UB,0.1,FI
2010-07,US,0.1,FI
2010-07,UZ,0.1,FI
2010-08,CB,0.1,FI
2010-08,DT,0.1,FI
2010-08,FB,0.1,FI
2010-08,GS,0.1,FI
2010-08,SS,0.1,FI
2010-08,TU,0.1,FI
2010-08,TY,0.1,FI
2010-08,UB,0.1,FI
2010-08,US,0.1,FI
2010-08,UZ,0.1,FI
2010-09,CB,0.1,FI
2010-09,DT,0.1,FI
2010-09,FB,0.1,FI
2010-09,GS,0.1,FI
2010-09,SS,0.1,FI
2010-09,TU,0.1,FI
2010-09,TY,0.1,FI
2010-09,UB,0.1,FI
2010-09,US,0.1,FI
2010-09,UZ,0.1,FI
2010-10,CB,0.1,FI
2010-10,DT,0.1,FI
2010-10,FB,0.1,FI
2010-10,GS,0.1,FI
2010-10,SS,0.1,FI
2010-10,TU,0.1,FI
2010-10,TY,0.1,FI
2010-10,UB,0.1,FI
2010-10,US,0.1,FI
2010-10,UZ,0.1,FI
2010-11,CB,0.1,FI
2010-11,DT,0.1,FI
2010-11,FB,0.1,FI
2010-11,GS,0.1,FI
2010-11,SS,0.1,FI
2010-11,TU,0.1,FI
2010-11,TY,0.1,FI
2010-11,UB,0.1,FI
2010-11,US,0.1,FI
2010-11,UZ,0.1,FI
2010-12,CB,0.1,FI
2010-12,DT,0.1,FI
2010-12,FB,0.1,FI
2010-12,GS,0.1,FI
2010-12,SS,0.1,FI
2010-12,TU,0.1,FI
2010-12,TY,0.1,FI
2010-12,UB,0.1,FI
2010-12,US,0.1,FI
2010-12,UZ,0.1,FI
2011-01,CB,0.1,FI
2011-01,DT,0.1,FI
2011-01,FB,0.1,FI
2011-01,GS,0.1,FI
2011-01,SS,0.1,FI
2011-01,TU,0.1,FI
2011-01,TY,0.1,FI
2011-01,UB,0.1,FI
2011-01,US,0.1,FI
2011-01,UZ,0.1,FI
2011-02,CB,0.1,FI
2011-02,DT,0.1,FI
2011-02,FB,0.1,FI
2011-02,GS,0.1,FI
2011-02,SS,0.1,FI
2011-02,TU,0.1,FI
2011-02,TY,0.1,FI
2011-02,UB,0.1,FI
2011-02,US,0.1,FI
2011-02,UZ,0.1,FI
2011-03,CB,0.1,FI
2011-03,DT,0.1,FI
2011-03,FB,0.1,FI
2011-03,GS,0.1,FI
2011-03,SS,0.1,FI
2011-03,TU,0.1,FI
2011-03,TY,0.1,FI
2011-03,UB,0.1,FI
2011-03,US,0.1,FI
2011-03,UZ,0.1,FI
2011-04,CB,0.1,FI
2011-04,DT,0.1,FI
2011-04,FB,0.1,FI
2011-04,GS,0.1,FI
2011-04,SS,0.1,FI
2011-04,TU,0.1,FI
2011-04,TY,0.1,FI
2011-04,UB,0.1,FI
2011-04,US,0.1,FI
2011-04,UZ,0.1,FI
2011-05,CB,0.1,FI
2011-05,DT,0.1,FI
2011-05,FB,0.1,FI
2011-05,GS,0.1,FI
2011-05,SS,0.1,FI
2011-05,TU,0.1,FI
2011-05,TY,0.1,FI
2011-05,UB,0.1,FI
2011-05,US,0.1,FI
2011-05,UZ,0.1,FI
2011-06,CB,0.1,FI
2011-06,DT,0.1,FI
2011-06,FB,0.1,FI
2011-06,GS,0.1,FI
2011-06,SS,0.1,FI
2011-06,TU,0.1,FI
2011-06,TY,0.1,FI
2011-06,UB,0.1,FI
2011-06,US,0.1,FI
2011-06,UZ,0.1,FI
2011-07,CB,0.1,FI
2011-07,DT,0.1,FI
2011-07,FB,0.1,FI
2011-07,GS,0.1,FI
2011-07,SS,0.1,FI
2011-07,TU,0.1,FI
2011-07,TY,0.1,FI
2011-07,UB,0.1,FI
2011-07,US,0.1,FI
2011-07,UZ,0.1,FI
2011-08,CB,0.1,FI
2011-08,DT,0.1,FI
2011-08,FB,0.1,FI
2011-08,GS,0.1,FI
2011-08,SS,0.1,FI
2011-08,TU,0.1,FI
2011-08,TY,0.1,FI
2011-08,UB,0.1,FI
2011-08,US,0.1,FI
2011-08,UZ,0.1,FI
2011-09,CB,0.1,FI
2011-09,DT,0.1,FI
2011-09,FB,0.1,FI
2011-09,GS,0.1,FI
2011-09,SS,0.1,FI
2011-09,TU,0.1,FI
2011-09,TY,0.1,FI
2011-09,UB,0.1,FI
2011-09,US,0.1,FI
2011-09,UZ,0.1,FI
2011-10,CB,0.1,FI
2011-10,DT,0.1,FI
2011-10,FB,0.1,FI
2011-10,GS,0.1,FI
2011-10,SS,0.1,FI
2011-10,TU,0.1,FI
2011-10,TY,0.1,FI
2011-10,UB,0.1,FI
2011-10,US,0.1,FI
2011-10,UZ,0.1,FI
2011-11,CB,0.1,FI
2011-11,DT,0.1,FI
2011-11,FB,0.1,FI
2011-11,GS,0.1,FI
2011-11,SS,0.1,FI
2011-11,TU,0.1,FI
2011-11,TY,0.1,FI
2011-11,UB,0.1,FI
2011-11,US,0.1,FI
2011-11,UZ,0.1,FI
2011-12,CB,0.1,FI
2011-12,DT,0.1,FI
2011-12,FB,0.1,FI
2011-12,GS,0.1,FI
2011-12,SS,0.1,FI
2011-12,TU,0.1,FI
2011-12,TY,0.1,FI
2011-12,UB,0.1,FI
2011-12,US,0.1,FI
2011-12,UZ,0.1,FI
2012-01,CB,0.1,FI
2012-01,DT,0.1,FI
2012-01,FB,0.1,FI
2012-01,GS,0.1,FI
2012-01,SS,0.1,FI
2012-01,TU,0.1,FI
2012-01,TY,0.1,FI
2012-01,UB,0.1,FI
2012-01,US,0.1,FI
2012-01,UZ,0.1,FI
2012-02,CB,0.1,FI
2012-02,DT,0.1,FI
2012-02,FB,0.1,FI
2012-02,GS,0.1,FI
2012-02,SS,0.1,FI
2012-02,TU,0.1,FI
2012-02,TY,0.1,FI
2012-02,UB,0.1,FI
2012-02,US,0.1,FI
2012-02,UZ,0.1,FI
2012-03,CB,0.1,FI
2012-03,DT,0.1,FI
2012-03,FB,0.1,FI
2012-03,GS,0.1,FI
2012-03,SS,0.1,FI
2012-03,TU,0.1,FI
2012-03,TY,0.1,FI
2012-03,UB,0.1,FI
2012-03,US,0.1,FI
2012-03,UZ,0.1,FI
2012-04,CB,0.1,FI
2012-04,DT,0.1,FI
2012-04,FB,0.1,FI
2012-04,GS,0.1,FI
2012-04,SS,0.1,FI
2012-04,TU,0.1,FI
2012-04,TY,0.1,FI
2012-04,UB,0.1,FI
2012-04,US,0.1,FI
2012-04,UZ,0.1,FI
2012-05,CB,0.1,FI
2012-05,DT,0.1,FI
2012-05,FB,0.1,FI
2012-05,GS,0.1,FI
2012-05,SS,0.1,FI
2012-05,TU,0.1,FI
2012-05,TY,0.1,FI
2012-05,UB,0.1,FI
2012-05,US,0.1,FI
2012-05,UZ,0.1,FI
2012-06,CB,0.1,FI
2012-06,DT,0.1,FI
2012-06,FB,0.1,FI
2012-06,GS,0.1,FI
2012-06,SS,0.1,FI
2012-06,TU,0.1,FI
2012-06,TY,0.1,FI
2012-06,UB,0.1,FI
2012-06,US,0.1,FI
2012-06,UZ,0.1,FI
2012-07,CB,0.1,FI
2012-07,DT,0.1,FI
2012-07,FB,0.1,FI
2012-07,GS,0.1,FI
2012-07,SS,0.1,FI
2012-07,TU,0.1,FI
2012-07,TY,0.1,FI
2012-07,UB,0.1,FI
2012-07,US,0.1,FI
2012-07,UZ,0.1,FI
2012-08,CB,0.1,FI
2012-08,DT,0.1,FI
2012-08,FB,0.1,FI
2012-08,GS,0.1,FI
2012-08,SS,0.1,FI
2012-08,TU,0.1,FI
2012-08,TY,0.1,FI
2012-08,UB,0.1,FI
2012-08,US,0.1,FI
2012-08,UZ,0.1,FI
2012-09,CB,0.1,FI
2012-09,DT,0.1,FI
2012-09,FB,0.1,FI
2012-09,GS,0.1,FI
2012-09,SS,0.1,FI
2012-09,TU,0.1,FI
2012-09,TY,0.1,FI
2012-09,UB,0.1,FI
2012-09,US,0.1,FI
2012-09,UZ,0.1,FI
2012-10,CB,0.1,FI
2012-10,DT,0.1,FI
2012-10,FB,0.1,FI
2012-10,GS,0.1,FI
2012-10,SS,0.1,FI
2012-10,TU,0.1,FI
2012-10,TY,0.1,FI
2012-10,UB,0.1,FI
2012-10,US,0.1,FI
2012-10,UZ,0.1,FI
2012-11,CB,0.1,FI
2012-11,DT,0.1,FI
2012-11,FB,0.1,FI
2012-11,GS,0.1,FI
2012-11,SS,0.1,FI
2012-11,TU,0.1,FI
2012-11,TY,0.1,FI
2012-11,UB,0.1,FI
2012-11,US,0.1,FI
2012-11,UZ,0.1,FI
2012-12,CB,0.1,FI
2012-12,DT,0.1,FI
2012-12,FB,0.1,FI
2012-12,GS,0.1,FI
2012-12,SS,0.1,FI
2012-12,TU,0.1,FI
2012-12,TY,0.1,FI
2012-12,UB,0.1,FI
2012-12,US,0.1,FI
2012-12,UZ,0.1,FI
2013-01,CB,0.1,FI
2013-01,DT,0.1,FI
2013-01,FB,0.1,FI
2013-01,GS,0.1,FI
2013-01,SS,0.1,FI
2013-01,TU,0.1,FI
2013-01,TY,0.1,FI
2013-01,UB,0.1,FI
2013-01,US,0.1,FI
2013-01,UZ,0.1,FI
2013-02,CB,0.1,FI
2013-02,DT,0.1,FI
2013-02,FB,0.1,FI
2013-02,GS,0.1,FI
2013-02,SS,0.1,FI
2013-02,TU,0.1,FI
2013-02,TY,0.1,FI
2013-02,UB,0.1,FI
2013-02,US,0.1,FI
2013-02,UZ,0.1,FI
2013-03,CB,0.1,FI
2013-03,DT,0.1,FI
2013-03,FB,0.1,FI
2013-03,GS,0.1,FI
2013-03,SS,0.1,FI
2013-03,TU,0.1,FI
2013-03,TY,0.1,FI
2013-03,UB,0.1,FI
2013-03,US,0.1,FI
2013-03,UZ,0.1,FI
2013-04,CB,0.1,FI
2013-04,DT,0.1,FI
2013-04,FB,0.1,FI
2013-04,GS,0.1,FI
2013-04,SS,0.1,FI
2013-04,TU,0.1,FI
2013-04,TY,0.1,FI
2013-04,UB,0.1,FI
2013-04,US,0.1,FI
2013-04,UZ,0.1,FI
2013-05,CB,0.1,FI
2013-05,DT,0.1,FI
2013-05,FB,0.1,FI
2013-05,GS,0.1,FI
2013-05,SS,0.1,FI
2013-05,TU,0.1,FI
2013-05,TY,0.1,FI
2013-05,UB,0.1,FI
2013-05,US,0.1,FI
2013-05,UZ,0.1,FI
2013-06,CB,0.1,FI
2013-06,DT,0.1,FI
2013-06,FB,0.1,FI
2013-06,GS,0.1,FI
2013-06,SS,0.1,FI
2013-06,TU,0.1,FI
2013-06,TY,0.1,FI
2013-06,UB,0.1,FI
2013-06,US,0.1,FI
2013-06,UZ,0.1,FI
2013-07,CB,0.1,FI
2013-07,DT,0.1,FI
2013-07,FB,0.1,FI
2013-07,GS,0.1,FI
2013-07,SS,0.1,FI
2013-07,TU,0.1,FI
2013-07,TY,0.1,FI
2013-07,UB,0.1,FI
2013-07,US,0.1,FI
2013-07,UZ,0.1,FI
2013-08,CB,0.1,FI
2013-08,DT,0.1,FI
2013-08,FB,0.1,FI
2013-08,GS,0.1,FI
2013-08,SS,0.1,FI
2013-08,TU,0.1,FI
2013-08,TY,0.1,FI
2013-08,UB,0.1,FI
2013-08,US,0.1,FI
2013-08,UZ,0.1,FI
2013-09,CB,0.1,FI
2013-09,DT,0.1,FI
2013-09,FB,0.1,FI
2013-09,GS,0.1,FI
2013-09,SS,0.1,FI
2013-09,TU,0.1,FI
2013-09,TY,0.1,FI
2013-09,UB,0.1,FI
2013-09,US,0.1,FI
2013-09,UZ,0.1,FI
2013-10,CB,0.1,FI
2013-10,DT,0.1,FI
2013-10,FB,0.1,FI
2013-10,GS,0.1,FI
2013-10,SS,0.1,FI
2013-10,TU,0.1,FI
2013-10,TY,0.1,FI
2013-10,UB,0.1,FI
2013-10,US,0.1,FI
2013-10,UZ,0.1,FI
2013-11,CB,0.1,FI
2013-11,DT,0.1,FI
2013-11,FB,0.1,FI
2013-11,GS,0.1,FI
2013-11,SS,0.1,FI
2013-11,TU,0.1,FI
2013-11,TY,0.1,FI
2013-11,UB,0.1,FI
2013-11,US,0.1,FI
2013-11,UZ,0.1,FI
2013-12,CB,0.1,FI
2013-12,DT,0.1,FI
2013-12,FB,0.1,FI
2013-12,GS,0.1,FI
2013-12,SS,0.1,FI
2013-12,TU,0.1,FI
2013-12,TY,0.1,FI
2013-12,UB,0.1,FI
2013-12,US,0.1,FI
2013-12,UZ,0.1,FI
2014-01,CB,0.1,FI
2014-01,DT,0.1,FI
2014-01,FB,0.1,FI
2014-01,GS,0.1,FI
2014-01,SS,0.1,FI
2014-01,TU,0.1,FI
2014-01,TY,0.1,FI
2014-01,UB,0.1,FI
2014-01,US,0.1,FI
2014-01,UZ,0.1,FI
2014-02,CB,0.1,FI
2014-02,DT,0.1,FI
2014-02,FB,0.1,FI
2014-02,GS,0.1,FI
2014-02,SS,0.1,FI
2014-02,TU,0.1,FI
2014-02,TY,0.1,FI
2014-02,UB,0.1,FI
2014-02,US,0.1,FI
2014-02,UZ,0.1,FI
2014-03,CB,0.1,FI
2014-03,DT,0.1,FI
2014-03,FB,0.1,FI
2014-03,GS,0.1,FI
2014-03,SS,0.1,FI
2014-03,TU,0.1,FI
2014-03,TY,0.1,FI
2014-03,UB,0.1,FI
2014-03,US,0.1,FI
2014-03,UZ,0.1,FI
2014-04,CB,0.1,FI
2014-04,DT,0.1,FI
2014-04,FB,0.1,FI
2014-04,GS,0.1,FI
2014-04,SS,0.1,FI
2014-04,TU,0.1,FI
2014-04,TY,0.1,FI
2014-04,UB,0.1,FI
2014-04,US,0.1,FI
2014-04,UZ,0.1,FI
2014-05,CB,0.1,FI
2014-05,DT,0.1,FI
2014-05,FB,0.1,FI
2014-05,GS,0.1,FI
2014-05,SS,0.1,FI
2014-05,TU,0.1,FI
2014-05,TY,0.1,FI
2014-05,UB,0.1,FI
2014-05,US,0.1,FI
2014-05,UZ,0.1,FI
2014-06,CB,0.1,FI
2014-06,DT,0.1,FI
2014-06,FB,0.1,FI
2014-06,GS,0.1,FI
2014-06,SS,0.1,FI
2014-06,TU,0.1,FI
2014-06,TY,0.1,FI
2014-06,UB,0.1,FI
2014-06,US,0.1,FI
2014-06,UZ,0.1,FI
2014-07,CB,0.1,FI
2014-07,DT,0.1,FI
2014-07,FB,0.1,FI
2014-07,GS,0.1,FI
2014-07,SS,0.1,FI
2014-07,TU,0.1,FI
2014-07,TY,0.1,FI
2014-07,UB,0.1,FI
2014-07,US,0.1,FI
2014-07,UZ,0.1,FI
2014-08,CB,0.1,FI
2014-08,DT,0.1,FI
2014-08,FB,0.1,FI
2014-08,GS,0.1,FI
2014-08,SS,0.1,FI
2014-08,TU,0.1,FI
2014-08,TY,0.1,FI
2014-08,UB,0.1,FI
2014-08,US,0.1,FI
2014-08,UZ,0.1,FI
2014-09,CB,0.1,FI
2014-09,DT,0.1,FI
2014-09,FB,0.1,FI
2014-09,GS,0.1,FI
2014-09,SS,0.1,FI
2014-09,TU,0.1,FI
2014-09,TY,0.1,FI
2014-09,UB,0.1,FI
2014-09,US,0.1,FI
2014-09,UZ,0.1,FI
2014-10,CB,0.1,FI
2014-10,DT,0.1,FI
2014-10,FB,0.1,FI
2014-10,GS,0.1,FI
2014-10,SS,0.1,FI
2014-10,TU,0.1,FI
2014-10,TY,0.1,FI
2014-10,UB,0.1,FI
2014-10,US,0.1,FI
2014-10,UZ,0.1,FI
2014-11,CB,0.1,FI
2014-11,DT,0.1,FI
2014-11,FB,0.1,FI
2014-11,GS,0.1,FI
2014-11,SS,0.1,FI
2014-11,TU,0.1,FI
2014-11,TY,0.1,FI
2014-11,UB,0.1,FI
2014-11,US,0.1,FI
2014-11,UZ,0.1,FI
2014-12,CB,0.1,FI
2014-12,DT,0.1,FI
2014-12,FB,0.1,FI
2014-12,GS,0.1,FI
2014-12,SS,0.1,FI
2014-12,TU,0.1,FI
2014-12,TY,0.1,FI
2014-12,UB,0.1,FI
2014-12,US,0.1,FI
2014-12,UZ,0.1,FI
1975-03,AN,0.0,FX
1975-03,BN,0.0,FX
1975-03,CN,0.0,FX
1975-03,EC,0.0,FX
1975-03,FN,1.0,FX
1975-03,JN,0.0,FX
1975-03,MP,0.0,FX
1975-03,SN,0.0,FX
1975-04,AN,0.0,FX
1975-04,BN,0.0,FX
1975-04,CN,0.0,FX
1975-04,EC,0.0,FX
1975-04,FN,1.0,FX
1975-04,JN,0.0,FX
1975-04,MP,0.0,FX
1975-04,SN,0.0,FX
1975-05,AN,0.0,FX
1975-05,BN,0.0,FX
1975-05,CN,0.0,FX
1975-05,EC,0.0,FX
1975-05,FN,1.0,FX
1975-05,JN,0.0,FX
1975-05,MP,0.0,FX
1975-05,SN,0.0,FX
1975-06,AN,0.0,FX
1975-06,BN,0.0,FX
1975-06,CN,0.0,FX
1975-06,EC,0.0,FX
1975-06,FN,1.0,FX
1975-06,JN,0.0,FX
1975-06,MP,0.0,FX
1975-06,SN,0.0,FX
1975-07,AN,0.0,FX
1975-07,BN,0.0,FX
1975-07,CN,0.0,FX
1975-07,EC,0.0,FX
1975-07,FN,1.0,FX
1975-07,JN,0.0,FX
1975-07,MP,0.0,FX
1975-07,SN,0.0,FX
1975-08,AN,0.0,FX
1975-08,BN,0.0,FX
1975-08,CN,0.0,FX
1975-08,EC,0.0,FX
1975-08,FN,1.0,FX
1975-08,JN,0.0,FX
1975-08,MP,0.0,FX
1975-08,SN,0.0,FX
1975-09,AN,0.0,FX
1975-09,BN,0.0,FX
1975-09,CN,0.0,FX
1975-09,EC,0.0,FX
1975-09,FN,1.0,FX
1975-09,JN,0.0,FX
1975-09,MP,0.0,FX
1975-09,SN,0.0,FX
1975-10,AN,0.0,FX
1975-10,BN,0.0,FX
1975-10,CN,0.0,FX
1975-10,EC,0.0,FX
1975-10,FN,1.0,FX
1975-10,JN,0.0,FX
1975-10,MP,0.0,FX
1975-10,SN,0.0,FX
1975-11,AN,0.0,FX
1975-11,BN,0.0,FX
1975-11,CN,0.0,FX
1975-11,EC,0.0,FX
1975-11,FN,1.0,FX
1975-11,JN,0.0,FX
1975-11,MP,0.0,FX
1975-11,SN,0.0,FX
1975-12,AN,0.0,FX
1975-12,BN,0.0,FX
1975-12,CN,0.0,FX
1975-12,EC,0.0,FX
1975-12,FN,1.0,FX
1975-12,JN,0.0,FX
1975-12,MP,0.0,FX
1975-12,SN,0.0,FX
1976-01,AN,0.0,FX
1976-01,BN,0.0,FX
1976-01,CN,0.0,FX
1976-01,EC,0.0,FX
1976-01,FN,1.0,FX
1976-01,JN,0.0,FX
1976-01,MP,0.0,FX
1976-01,SN,0.0,FX
1976-02,AN,0.0,FX
1976-02,BN,0.3333333333333333,FX
1976-02,CN,0.0,FX
1976-02,EC,0.0,FX
1976-02,FN,0.3333333333333333,FX
1976-02,JN,0.0,FX
1976-02,MP,0.0,FX
1976-02,SN,0.3333333333333333,FX
1976-03,AN,0.0,FX
1976-03,BN,0.3333333333333333,FX
1976-03,CN,0.0,FX
1976-03,EC,0.0,FX
1976-03,FN,0.3333333333333333,FX
1976-03,JN,0.0,FX
1976-03,MP,0.0,FX
1976-03,SN,0.3333333333333333,FX
1976-04,AN,0.0,FX
1976-04,BN,0.3333333333333333,FX
1976-04,CN,0.0,FX
1976-04,EC,0.0,FX
1976-04,FN,0.3333333333333333,FX
1976-04,JN,0.0,FX
1976-04,MP,0.0,FX
1976-04,SN,0.3333333333333333,FX
1976-05,AN,0.0,FX
1976-05,BN,0.3333333333333333,FX
1976-05,CN,0.0,FX
1976-05,EC,0.0,FX
1976-05,FN,0.3333333333333333,FX
1976-05,JN,0.0,FX
1976-05,MP,0.0,FX
1976-05,SN,0.3333333333333333,FX
1976-06,AN,0.0,FX
1976-06,BN,0.3333333333333333,FX
1976-06,CN,0.0,FX
1976-06,EC,0.0,FX
1976-06,FN,0.3333333333333333,FX
1976-06,JN,0.0,FX
1976-06,MP,0.0,FX
1976-06,SN,0.3333333333333333,FX
1976-07,AN,0.0,FX
1976-07,BN,0.3333333333333333,FX
1976-07,CN,0.0,FX
1976-07,EC,0.0,FX
1976-07,FN,0.3333333333333333,FX
1976-07,JN,0.0,FX
1976-07,MP,0.0,FX
1976-07,SN,0.3333333333333333,FX
1976-08,AN,0.0,FX
1976-08,BN,0.3333333333333333,FX
1976-08,CN,0.0,FX
1976-08,EC,0.0,FX
1976-08,FN,0.3333333333333333,FX
1976-08,JN,0.0,FX
1976-08,MP,0.0,FX
1976-08,SN,0.3333333333333333,FX
1976-09,AN,0.0,FX
1976-09,BN,0.3333333333333333,FX
1976-09,CN,0.0,FX
1976-09,EC,0.0,FX
1976-09,FN,0.3333333333333333,FX
1976-09,JN,0.0,FX
1976-09,MP,0.0,FX
1976-09,SN,0.3333333333333333,FX
1976-10,AN,0.0,FX
1976-10,BN,0.3333333333333333,FX
1976-10,CN,0.0,FX
1976-10,EC,0.0,FX
1976-10,FN,0.3333333333333333,FX
1976-10,JN,0.0,FX
1976-10,MP,0.0,FX
1976-10,SN,0.3333333333333333,FX
1976-11,AN,0.0,FX
1976-11,BN,0.3333333333333333,FX
1976-11,CN,0.0,FX
1976-11,EC,0.0,FX
1976-11,FN,0.3333333333333333,FX
1976-11,JN,0.0,FX
1976-11,MP,0.0,FX
1976-11,SN,0.3333333333333333,FX
1976-12,AN,0.0,FX
1976-12,BN,0.3333333333333333,FX
1976-12,CN,0.0,FX
1976-12,EC,0.0,FX
1976-12,FN,0.3333333333333333,FX
1976-12,JN,0.0,FX
1976-12,MP,0.0,FX
1976-12,SN,0.3333333333333333,FX
1977-01,AN,0.0,FX
1977-01,BN,0.3333333333333333,FX
1977-01,CN,0.0,FX
1977-01,EC,0.0,FX
1977-01,FN,0.3333333333333333,FX
1977-01,JN,0.0,FX
1977-01,MP,0.0,FX
1977-01,SN,0.3333333333333333,FX
1977-02,AN,0.0,FX
1977-02,BN,0.3333333333333333,FX
1977-02,CN,0.0,FX
1977-02,EC,0.0,FX
1977-02,FN,0.3333333333333333,FX
1977-02,JN,0.0,FX
1977-02,MP,0.0,FX
1977-02,SN,0.3333333333333333,FX
1977-03,AN,0.0,FX
1977-03,BN,0.3333333333333333,FX
1977-03,CN,0.0,FX
1977-03,EC,0.0,FX
1977-03,FN,0.3333333333333333,FX
1977-03,JN,0.0,FX
1977-03,MP,0.0,FX
1977-03,SN,0.3333333333333333,FX
1977-04,AN,0.0,FX
1977-04,BN,0.3333333333333333,FX
1977-04,CN,0.0,FX
1977-04,EC,0.0,FX
1977-04,FN,0.3333333333333333,FX
1977-04,JN,0.0,FX
1977-04,MP,0.0,FX
1977-04,SN,0.3333333333333333,FX
1977-05,AN,0.0,FX
1977-05,BN,0.3333333333333333,FX
1977-05,CN,0.0,FX
1977-05,EC,0.0,FX
1977-05,FN,0.3333333333333333,FX
1977-05,JN,0.0,FX
1977-05,MP,0.0,FX
1977-05,SN,0.3333333333333333,FX
1977-06,AN,0.0,FX
1977-06,BN,0.3333333333333333,FX
1977-06,CN,0.0,FX
1977-06,EC,0.0,FX
1977-06,FN,0.3333333333333333,FX
1977-06,JN,0.0,FX
1977-06,MP,0.0,FX
1977-06,SN,0.3333333333333333,FX
1977-07,AN,0.0,FX
1977-07,BN,0.3333333333333333,FX
1977-07,CN,0.0,FX
1977-07,EC,0.0,FX
1977-07,FN,0.3333333333333333,FX
1977-07,JN,0.0,FX
1977-07,MP,0.0,FX
1977-07,SN,0.3333333333333333,FX
1977-08,AN,0.0,FX
1977-08,BN,0.3333333333333333,FX
1977-08,CN,0.0,FX
1977-08,EC,0.0,FX
1977-08,FN,0.3333333333333333,FX
1977-08,JN,0.0,FX
1977-08,MP,0.0,FX
1977-08,SN,0.3333333333333333,FX
1977-09,AN,0.0,FX
1977-09,BN,0.3333333333333333,FX
1977-09,CN,0.0,FX
1977-09,EC,0.0,FX
1977-09,FN,0.3333333333333333,FX
1977-09,JN,0.0,FX
1977-09,MP,0.0,FX
1977-09,SN,0.3333333333333333,FX
1977-10,AN,0.0,FX
1977-10,BN,0.3333333333333333,FX
1977-10,CN,0.0,FX
1977-10,EC,0.0,FX
1977-10,FN,0.3333333333333333,FX
1977-10,JN,0.0,FX
1977-10,MP,0.0,FX
1977-10,SN,0.3333333333333333,FX
1977-11,AN,0.0,FX
1977-11,BN,0.3333333333333333,FX
1977-11,CN,0.0,FX
1977-11,EC,0.0,FX
1977-11,FN,0.3333333333333333,FX
1977-11,JN,0.0,FX
1977-11,MP,0.0,FX
1977-11,SN,0.3333333333333333,FX
1977-12,AN,0.0,FX
1977-12,BN,0.3333333333333333,FX
1977-12,CN,0.0,FX
1977-12,EC,0.0,FX
1977-12,FN,0.3333333333333333,FX
1977-12,JN,0.0,FX
1977-12,MP,0.0,FX
1977-12,SN,0.3333333333333333,FX
1978-01,AN,0.0,FX
1978-01,BN,0.3333333333333333,FX
1978-01,CN,0.0,FX
1978-01,EC,0.0,FX
1978-01,FN,0.3333333333333333,FX
1978-01,JN,0.0,FX
1978-01,MP,0.0,FX
1978-01,SN,0.3333333333333333,FX
1978-02,AN,0.0,FX
1978-02,BN,0.2,FX
1978-02,CN,0.2,FX
1978-02,EC,0.0,FX
1978-02,FN,0.2,FX
1978-02,JN,0.2,FX
1978-02,MP,0.0,FX
1978-02,SN,0.2,FX
1978-03,AN,0.0,FX
1978-03,BN,0.2,FX
1978-03,CN,0.2,FX
1978-03,EC,0.0,FX
1978-03,FN,0.2,FX
1978-03,JN,0.2,FX
1978-03,MP,0.0,FX
1978-03,SN,0.2,FX
1978-04,AN,0.0,FX
1978-04,BN,0.2,FX
1978-04,CN,0.2,FX
1978-04,EC,0.0,FX
1978-04,FN,0.2,FX
1978-04,JN,0.2,FX
1978-04,MP,0.0,FX
1978-04,SN,0.2,FX
1978-05,AN,0.0,FX
1978-05,BN,0.2,FX
1978-05,CN,0.2,FX
1978-05,EC,0.0,FX
1978-05,FN,0.2,FX
1978-05,JN,0.2,FX
1978-05,MP,0.0,FX
1978-05,SN,0.2,FX
1978-06,AN,0.0,FX
1978-06,BN,0.2,FX
1978-06,CN,0.2,FX
1978-06,EC,0.0,FX
1978-06,FN,0.2,FX
1978-06,JN,0.2,FX
1978-06,MP,0.0,FX
1978-06,SN,0.2,FX
1978-07,AN,0.0,FX
1978-07,BN,0.2,FX
1978-07,CN,0.2,FX
1978-07,EC,0.0,FX
1978-07,FN,0.2,FX
1978-07,JN,0.2,FX
1978-07,MP,0.0,FX
1978-07,SN,0.2,FX
1978-08,AN,0.0,FX
1978-08,BN,0.2,FX
1978-08,CN,0.2,FX
1978-08,EC,0.0,FX
1978-08,FN,0.2,FX
1978-08,JN,0.2,FX
1978-08,MP,0.0,FX
1978-08,SN,0.2,FX
1978-09,AN,0.0,FX
1978-09,BN,0.2,FX
1978-09,CN,0.2,FX
1978-09,EC,0.0,FX
1978-09,FN,0.2,FX
1978-09,JN,0.2,FX
1978-09,MP,0.0,FX
1978-09,SN,0.2,FX
1978-10,AN,0.0,FX
1978-10,BN,0.2,FX
1978-10,CN,0.2,FX
1978-10,EC,0.0,FX
1978-10,FN,0.2,FX
1978-10,JN,0.2,FX
1978-10,MP,0.0,FX
1978-10,SN,0.2,FX
1978-11,AN,0.0,FX
1978-11,BN,0.2,FX
1978-11,CN,0.2,FX
1978-11,EC,0.0,FX
1978-11,FN,0.2,FX
1978-11,JN,0.2,FX
1978-11,MP,0.0,FX
1978-11,SN,0.2,FX
1978-12,AN,0.0,FX
1978-12,BN,0.2,FX
1978-12,CN,0.2,FX
1978-12,EC,0.0,FX
1978-12,FN,0.2,FX
1978-12,JN,0.2,FX
1978-12,MP,0.0,FX
1978-12,SN,0.2,FX
1979-01,AN,0.0,FX
1979-01,BN,0.2,FX
1979-01,CN,0.2,FX
1979-01,EC,0.0,FX
1979-01,FN,0.2,FX
1979-01,JN,0.2,FX
1979-01,MP,0.0,FX
1979-01,SN,0.2,FX
1979-02,AN,0.0,FX
1979-02,BN,0.2,FX
1979-02,CN,0.2,FX
1979-02,EC,0.0,FX
1979-02,FN,0.2,FX
1979-02,JN,0.2,FX
1979-02,MP,0.0,FX
1979-02,SN,0.2,FX
1979-03,AN,0.0,FX
1979-03,BN,0.2,FX
1979-03,CN,0.2,FX
1979-03,EC,0.0,FX
1979-03,FN,0.2,FX
1979-03,JN,0.2,FX
1979-03,MP,0.0,FX
1979-03,SN,0.2,FX
1979-04,AN,0.0,FX
1979-04,BN,0.2,FX
1979-04,CN,0.2,FX
1979-04,EC,0.0,FX
1979-04,FN,0.2,FX
1979-04,JN,0.2,FX
1979-04,MP,0.0,FX
1979-04,SN,0.2,FX
1979-05,AN,0.0,FX
1979-05,BN,0.2,FX
1979-05,CN,0.2,FX
1979-05,EC,0.0,FX
1979-05,FN,0.2,FX
1979-05,JN,0.2,FX
1979-05,MP,0.0,FX
1979-05,SN,0.2,FX
1979-06,AN,0.0,FX
1979-06,BN,0.2,FX
1979-06,CN,0.2,FX
1979-06,EC,0.0,FX
1979-06,FN,0.2,FX
1979-06,JN,0.2,FX
1979-06,MP,0.0,FX
1979-06,SN,0.2,FX
1979-07,AN,0.0,FX
1979-07,BN,0.2,FX
1979-07,CN,0.2,FX
1979-07,EC,0.0,FX
1979-07,FN,0.2,FX
1979-07,JN,0.2,FX
1979-07,MP,0.0,FX
1979-07,SN,0.2,FX
1979-08,AN,0.0,FX
1979-08,BN,0.2,FX
1979-08,CN,0.2,FX
1979-08,EC,0.0,FX
1979-08,FN,0.2,FX
1979-08,JN,0.2,FX
1979-08,MP,0.0,FX
1979-08,SN,0.2,FX
1979-09,AN,0.0,FX
1979-09,BN,0.2,FX
1979-09,CN,0.2,FX
1979-09,EC,0.0,FX
1979-09,FN,0.2,FX
1979-09,JN,0.2,FX
1979-09,MP,0.0,FX
1979-09,SN,0.2,FX
1979-10,AN,0.0,FX
1979-10,BN,0.2,FX
1979-10,CN,0.2,FX
1979-10,EC,0.0,FX
1979-10,FN,0.2,FX
1979-10,JN,0.2,FX
1979-10,MP,0.0,FX
1979-10,SN,0.2,FX
1979-11,AN,0.0,FX
1979-11,BN,0.2,FX
1979-11,CN,0.2,FX
1979-11,EC,0.0,FX
1979-11,FN,0.2,FX
1979-11,JN,0.2,FX
1979-11,MP,0.0,FX
1979-11,SN,0.2,FX
1979-12,AN,0.0,FX
1979-12,BN,0.2,FX
1979-12,CN,0.2,FX
1979-12,EC,0.0,FX
1979-12,FN,0.2,FX
1979-12,JN,0.2,FX
1979-12,MP,0.0,FX
1979-12,SN,0.2,FX
1980-01,AN,0.0,FX
1980-01,BN,0.2,FX
1980-01,CN,0.2,FX
1980-01,EC,0.0,FX
1980-01,FN,0.2,FX
1980-01,JN,0.2,FX
1980-01,MP,0.0,FX
1980-01,SN,0.2,FX
1980-02,AN,0.0,FX
1980-02,BN,0.2,FX
1980-02,CN,0.2,FX
1980-02,EC,0.0,FX
1980-02,FN,0.2,FX
1980-02,JN,0.2,FX
1980-02,MP,0.0,FX
1980-02,SN,0.2,FX
1980-03,AN,0.0,FX
1980-03,BN,0.2,FX
1980-03,CN,0.2,FX
1980-03,EC,0.0,FX
1980-03,FN,0.2,FX
1980-03,JN,0.2,FX
1980-03,MP,0.0,FX
1980-03,SN,0.2,FX
1980-04,AN,0.0,FX
1980-04,BN,0.2,FX
1980-04,CN,0.2,FX
1980-04,EC,0.0,FX
1980-04,FN,0.2,FX
1980-04,JN,0.2,FX
1980-04,MP,0.0,FX
1980-04,SN,0.2,FX
1980-05,AN,0.0,FX
1980-05,BN,0.2,FX
1980-05,CN,0.2,FX
1980-05,EC,0.0,FX
1980-05,FN,0.2,FX
1980-05,JN,0.2,FX
1980-05,MP,0.0,FX
1980-05,SN,0.2,FX
1980-06,AN,0.0,FX
1980-06,BN,0.2,FX
1980-06,CN,0.2,FX
1980-06,EC,0.0,FX
1980-06,FN,0.2,FX
1980-06,JN,0.2,FX
1980-06,MP,0.0,FX
1980-06,SN,0.2,FX
1980-07,AN,0.0,FX
1980-07,BN,0.2,FX
1980-07,CN,0.2,FX
1980-07,EC,0.0,FX
1980-07,FN,0.2,FX
1980-07,JN,0.2,FX
1980-07,MP,0.0,FX
1980-07,SN,0.2,FX
1980-08,AN,0.0,FX
1980-08,BN,0.2,FX
1980-08,CN,0.2,FX
1980-08,EC,0.0,FX
1980-08,FN,0.2,FX
1980-08,JN,0.2,FX
1980-08,MP,0.0,FX
1980-08,SN,0.2,FX
1980-09,AN,0.0,FX
1980-09,BN,0.2,FX
1980-09,CN,0.2,FX
1980-09,EC,0.0,FX
1980-09,FN,0.2,FX
1980-09,JN,0.2,FX
1980-09,MP,0.0,FX
1980-09,SN,0.2,FX
1980-10,AN,0.0,FX
1980-10,BN,0.2,FX
1980-10,CN,0.2,FX
1980-10,EC,0.0,FX
1980-10,FN,0.2,FX
1980-10,JN,0.2,FX
1980-10,MP,0.0,FX
1980-10,SN,0.2,FX
1980-11,AN,0.0,FX
1980-11,BN,0.2,FX
1980-11,CN,0.2,FX
1980-11,EC,0.0,FX
1980-11,FN,0.2,FX
1980-11,JN,0.2,FX
1980-11,MP,0.0,FX
1980-11,SN,0.2,FX
1980-12,AN,0.0,FX
1980-12,BN,0.2,FX
1980-12,CN,0.2,FX
1980-12,EC,0.0,FX
1980-12,FN,0.2,FX
1980-12,JN,0.2,FX
1980-12,MP,0.0,FX
1980-12,SN,0.2,FX
1981-01,AN,0.0,FX
1981-01,BN,0.2,FX
1981-01,CN,0.2,FX
1981-01,EC,0.0,FX
1981-01,FN,0.2,FX
1981-01,JN,0.2,FX
1981-01,MP,0.0,FX
1981-01,SN,0.2,FX
1981-02,AN,0.0,FX
1981-02,BN,0.2,FX
1981-02,CN,0.2,FX
1981-02,EC,0.0,FX
1981-02,FN,0.2,FX
1981-02,JN,0.2,FX
1981-02,MP,0.0,FX
1981-02,SN,0.2,FX
1981-03,AN,0.0,FX
1981-03,BN,0.2,FX
1981-03,CN,0.2,FX
1981-03,EC,0.0,FX
1981-03,FN,0.2,FX
1981-03,JN,0.2,FX
1981-03,MP,0.0,FX
1981-03,SN,0.2,FX
1981-04,AN,0.0,FX
1981-04,BN,0.2,FX
1981-04,CN,0.2,FX
1981-04,EC,0.0,FX
1981-04,FN,0.2,FX
1981-04,JN,0.2,FX
1981-04,MP,0.0,FX
1981-04,SN,0.2,FX
1981-05,AN,0.0,FX
1981-05,BN,0.2,FX
1981-05,CN,0.2,FX
1981-05,EC,0.0,FX
1981-05,FN,0.2,FX
1981-05,JN,0.2,FX
1981-05,MP,0.0,FX
1981-05,SN,0.2,FX
1981-06,AN,0.0,FX
1981-06,BN,0.2,FX
1981-06,CN,0.2,FX
1981-06,EC,0.0,FX
1981-06,FN,0.2,FX
1981-06,JN,0.2,FX
1981-06,MP,0.0,FX
1981-06,SN,0.2,FX
1981-07,AN,0.0,FX
1981-07,BN,0.2,FX
1981-07,CN,0.2,FX
1981-07,EC,0.0,FX
1981-07,FN,0.2,FX
1981-07,JN,0.2,FX
1981-07,MP,0.0,FX
1981-07,SN,0.2,FX
1981-08,AN,0.0,FX
1981-08,BN,0.2,FX
1981-08,CN,0.2,FX
1981-08,EC,0.0,FX
1981-08,FN,0.2,FX
1981-08,JN,0.2,FX
1981-08,MP,0.0,FX
1981-08,SN,0.2,FX
1981-09,AN,0.0,FX
1981-09,BN,0.2,FX
1981-09,CN,0.2,FX
1981-09,EC,0.0,FX
1981-09,FN,0.2,FX
1981-09,JN,0.2,FX
1981-09,MP,0.0,FX
1981-09,SN,0.2,FX
1981-10,AN,0.0,FX
1981-10,BN,0.2,FX
1981-10,CN,0.2,FX
1981-10,EC,0.0,FX
1981-10,FN,0.2,FX
1981-10,JN,0.2,FX
1981-10,MP,0.0,FX
1981-10,SN,0.2,FX
1981-11,AN,0.0,FX
1981-11,BN,0.2,FX
1981-11,CN,0.2,FX
1981-11,EC,0.0,FX
1981-11,FN,0.2,FX
1981-11,JN,0.2,FX
1981-11,MP,0.0,FX
1981-11,SN,0.2,FX
1981-12,AN,0.0,FX
1981-12,BN,0.2,FX
1981-12,CN,0.2,FX
1981-12,EC,0.0,FX
1981-12,FN,0.2,FX
1981-12,JN,0.2,FX
1981-12,MP,0.0,FX
1981-12,SN,0.2,FX
1982-01,AN,0.0,FX
1982-01,BN,0.2,FX
1982-01,CN,0.2,FX
1982-01,EC,0.0,FX
1982-01,FN,0.2,FX
1982-01,JN,0.2,FX
1982-01,MP,0.0,FX
1982-01,SN,0.2,FX
1982-02,AN,0.0,FX
1982-02,BN,0.2,FX
1982-02,CN,0.2,FX
1982-02,EC,0.0,FX
1982-02,FN,0.2,FX
1982-02,JN,0.2,FX
1982-02,MP,0.0,FX
1982-02,SN,0.2,FX
1982-03,AN,0.0,FX
1982-03,BN,0.16666666666666666,FX
1982-03,CN,0.16666666666666666,FX
1982-03,EC,0.16666666666666666,FX
1982-03,FN,0.16666666666666666,FX
1982-03,JN,0.16666666666666666,FX
1982-03,MP,0.0,FX
1982-03,SN,0.16666666666666666,FX
1982-04,AN,0.0,FX
1982-04,BN,0.16666666666666666,FX
1982-04,CN,0.16666666666666666,FX
1982-04,EC,0.16666666666666666,FX
1982-04,FN,0.16666666666666666,FX
1982-04,JN,0.16666666666666666,FX
1982-04,MP,0.0,FX
1982-04,SN,0.16666666666666666,FX
1982-05,AN,0.0,FX
1982-05,BN,0.16666666666666666,FX
1982-05,CN,0.16666666666666666,FX
1982-05,EC,0.16666666666666666,FX
1982-05,FN,0.16666666666666666,FX
1982-05,JN,0.16666666666666666,FX
1982-05,MP,0.0,FX
1982-05,SN,0.16666666666666666,FX
1982-06,AN,0.0,FX
1982-06,BN,0.16666666666666666,FX
1982-06,CN,0.16666666666666666,FX
1982-06,EC,0.16666666666666666,FX
1982-06,FN,0.16666666666666666,FX
1982-06,JN,0.16666666666666666,FX
1982-06,MP,0.0,FX
1982-06,SN,0.16666666666666666,FX
1982-07,AN,0.0,FX
1982-07,BN,0.16666666666666666,FX
1982-07,CN,0.16666666666666666,FX
1982-07,EC,0.16666666666666666,FX
1982-07,FN,0.16666666666666666,FX
1982-07,JN,0.16666666666666666,FX
1982-07,MP,0.0,FX
1982-07,SN,0.16666666666666666,FX
1982-08,AN,0.0,FX
1982-08,BN,0.16666666666666666,FX
1982-08,CN,0.16666666666666666,FX
1982-08,EC,0.16666666666666666,FX
1982-08,FN,0.16666666666666666,FX
1982-08,JN,0.16666666666666666,FX
1982-08,MP,0.0,FX
1982-08,SN,0.16666666666666666,FX
1982-09,AN,0.0,FX
1982-09,BN,0.16666666666666666,FX
1982-09,CN,0.16666666666666666,FX
1982-09,EC,0.16666666666666666,FX
1982-09,FN,0.16666666666666666,FX
1982-09,JN,0.16666666666666666,FX
1982-09,MP,0.0,FX
1982-09,SN,0.16666666666666666,FX
1982-10,AN,0.0,FX
1982-10,BN,0.16666666666666666,FX
1982-10,CN,0.16666666666666666,FX
1982-10,EC,0.16666666666666666,FX
1982-10,FN,0.16666666666666666,FX
1982-10,JN,0.16666666666666666,FX
1982-10,MP,0.0,FX
1982-10,SN,0.16666666666666666,FX
1982-11,AN,0.0,FX
1982-11,BN,0.16666666666666666,FX
1982-11,CN,0.16666666666666666,FX
1982-11,EC,0.16666666666666666,FX
1982-11,FN,0.16666666666666666,FX
1982-11,JN,0.16666666666666666,FX
1982-11,MP,0.0,FX
1982-11,SN,0.16666666666666666,FX
1982-12,AN,0.0,FX
1982-12,BN,0.16666666666666666,FX
1982-12,CN,0.16666666666666666,FX
1982-12,EC,0.16666666666666666,FX
1982-12,FN,0.16666666666666666,FX
1982-12,JN,0.16666666666666666,FX
1982-12,MP,0.0,FX
1982-12,SN,0.16666666666666666,FX
1983-01,AN,0.0,FX
1983-01,BN,0.16666666666666666,FX
1983-01,CN,0.16666666666666666,FX
1983-01,EC,0.16666666666666666,FX
1983-01,FN,0.16666666666666666,FX
1983-01,JN,0.16666666666666666,FX
1983-01,MP,0.0,FX
1983-01,SN,0.16666666666666666,FX
1983-02,AN,0.0,FX
1983-02,BN,0.16666666666666666,FX
1983-02,CN,0.16666666666666666,FX
1983-02,EC,0.16666666666666666,FX
1983-02,FN,0.16666666666666666,FX
1983-02,JN,0.16666666666666666,FX
1983-02,MP,0.0,FX
1983-02,SN,0.16666666666666666,FX
1983-03,AN,0.0,FX
1983-03,BN,0.16666666666666666,FX
1983-03,CN,0.16666666666666666,FX
1983-03,EC,0.16666666666666666,FX
1983-03,FN,0.16666666666666666,FX
1983-03,JN,0.16666666666666666,FX
1983-03,MP,0.0,FX
1983-03,SN,0.16666666666666666,FX
1983-04,AN,0.0,FX
1983-04,BN,0.16666666666666666,FX
1983-04,CN,0.16666666666666666,FX
1983-04,EC,0.16666666666666666,FX
1983-04,FN,0.16666666666666666,FX
1983-04,JN,0.16666666666666666,FX
1983-04,MP,0.0,FX
1983-04,SN,0.16666666666666666,FX
1983-05,AN,0.0,FX
1983-05,BN,0.16666666666666666,FX
1983-05,CN,0.16666666666666666,FX
1983-05,EC,0.16666666666666666,FX
1983-05,FN,0.16666666666666666,FX
1983-05,JN,0.16666666666666666,FX
1983-05,MP,0.0,FX
1983-05,SN,0.16666666666666666,FX
1983-06,AN,0.0,FX
1983-06,BN,0.16666666666666666,FX
1983-06,CN,0.16666666666666666,FX
1983-06,EC,0.16666666666666666,FX
1983-06,FN,0.16666666666666666,FX
1983-06,JN,0.16666666666666666,FX
1983-06,MP,0.0,FX
1983-06,SN,0.16666666666666666,FX
1983-07,AN,0.0,FX
1983-07,BN,0.16666666666666666,FX
1983-07,CN,0.16666666666666666,FX
1983-07,EC,0.16666666666666666,FX
1983-07,FN,0.16666666666666666,FX
1983-07,JN,0.16666666666666666,FX
1983-07,MP,0.0,FX
1983-07,SN,0.16666666666666666,FX
1983-08,AN,0.0,FX
1983-08,BN,0.16666666666666666,FX
1983-08,CN,0.16666666666666666,FX
1983-08,EC,0.16666666666666666,FX
1983-08,FN,0.16666666666666666,FX
1983-08,JN,0.16666666666666666,FX
1983-08,MP,0.0,FX
1983-08,SN,0.16666666666666666,FX
1983-09,AN,0.0,FX
1983-09,BN,0.16666666666666666,FX
1983-09,CN,0.16666666666666666,FX
1983-09,EC,0.16666666666666666,FX
1983-09,FN,0.16666666666666666,FX
1983-09,JN,0.16666666666666666,FX
1983-09,MP,0.0,FX
1983-09,SN,0.16666666666666666,FX
1983-10,AN,0.0,FX
1983-10,BN,0.16666666666666666,FX
1983-10,CN,0.16666666666666666,FX
1983-10,EC,0.16666666666666666,FX
1983-10,FN,0.16666666666666666,FX
1983-10,JN,0.16666666666666666,FX
1983-10,MP,0.0,FX
1983-10,SN,0.16666666666666666,FX
1983-11,AN,0.0,FX
1983-11,BN,0.16666666666666666,FX
1983-11,CN,0.16666666666666666,FX
1983-11,EC,0.16666666666666666,FX
1983-11,FN,0.16666666666666666,FX
1983-11,JN,0.16666666666666666,FX
1983-11,MP,0.0,FX
1983-11,SN,0.16666666666666666,FX
1983-12,AN,0.0,FX
1983-12,BN,0.16666666666666666,FX
1983-12,CN,0.16666666666666666,FX
1983-12,EC,0.16666666666666666,FX
1983-12,FN,0.16666666666666666,FX
1983-12,JN,0.16666666666666666,FX
1983-12,MP,0.0,FX
1983-12,SN,0.16666666666666666,FX
1984-01,AN,0.0,FX
1984-01,BN,0.16666666666666666,FX
1984-01,CN,0.16666666666666666,FX
1984-01,EC,0.16666666666666666,FX
1984-01,FN,0.16666666666666666,FX
1984-01,JN,0.16666666666666666,FX
1984-01,MP,0.0,FX
1984-01,SN,0.16666666666666666,FX
1984-02,AN,0.0,FX
1984-02,BN,0.16666666666666666,FX
1984-02,CN,0.16666666666666666,FX
1984-02,EC,0.16666666666666666,FX
1984-02,FN,0.16666666666666666,FX
1984-02,JN,0.16666666666666666,FX
1984-02,MP,0.0,FX
1984-02,SN,0.16666666666666666,FX
1984-03,AN,0.0,FX
1984-03,BN,0.16666666666666666,FX
1984-03,CN,0.16666666666666666,FX
1984-03,EC,0.16666666666666666,FX
1984-03,FN,0.16666666666666666,FX
1984-03,JN,0.16666666666666666,FX
1984-03,MP,0.0,FX
1984-03,SN,0.16666666666666666,FX
1984-04,AN,0.0,FX
1984-04,BN,0.16666666666666666,FX
1984-04,CN,0.16666666666666666,FX
1984-04,EC,0.16666666666666666,FX
1984-04,FN,0.16666666666666666,FX
1984-04,JN,0.16666666666666666,FX
1984-04,MP,0.0,FX
1984-04,SN,0.16666666666666666,FX
1984-05,AN,0.0,FX
1984-05,BN,0.16666666666666666,FX
1984-05,CN,0.16666666666666666,FX
1984-05,EC,0.16666666666666666,FX
1984-05,FN,0.16666666666666666,FX
1984-05,JN,0.16666666666666666,FX
1984-05,MP,0.0,FX
1984-05,SN,0.16666666666666666,FX
1984-06,AN,0.0,FX
1984-06,BN,0.16666666666666666,FX
1984-06,CN,0.16666666666666666,FX
1984-06,EC,0.16666666666666666,FX
1984-06,FN,0.16666666666666666,FX
1984-06,JN,0.16666666666666666,FX
1984-06,MP,0.0,FX
1984-06,SN,0.16666666666666666,FX
1984-07,AN,0.0,FX
1984-07,BN,0.16666666666666666,FX
1984-07,CN,0.16666666666666666,FX
1984-07,EC,0.16666666666666666,FX
1984-07,FN,0.16666666666666666,FX
1984-07,JN,0.16666666666666666,FX
1984-07,MP,0.0,FX
1984-07,SN,0.16666666666666666,FX
1984-08,AN,0.0,FX
1984-08,BN,0.16666666666666666,FX
1984-08,CN,0.16666666666666666,FX
1984-08,EC,0.16666666666666666,FX
1984-08,FN,0.16666666666666666,FX
1984-08,JN,0.16666666666666666,FX
1984-08,MP,0.0,FX
1984-08,SN,0.16666666666666666,FX
1984-09,AN,0.0,FX
1984-09,BN,0.16666666666666666,FX
1984-09,CN,0.16666666666666666,FX
1984-09,EC,0.16666666666666666,FX
1984-09,FN,0.16666666666666666,FX
1984-09,JN,0.16666666666666666,FX
1984-09,MP,0.0,FX
1984-09,SN,0.16666666666666666,FX
1984-10,AN,0.0,FX
1984-10,BN,0.16666666666666666,FX
1984-10,CN,0.16666666666666666,FX
1984-10,EC,0.16666666666666666,FX
1984-10,FN,0.16666666666666666,FX
1984-10,JN,0.16666666666666666,FX
1984-10,MP,0.0,FX
1984-10,SN,0.16666666666666666,FX
1984-11,AN,0.0,FX
1984-11,BN,0.16666666666666666,FX
1984-11,CN,0.16666666666666666,FX
1984-11,EC,0.16666666666666666,FX
1984-11,FN,0.16666666666666666,FX
1984-11,JN,0.16666666666666666,FX
1984-11,MP,0.0,FX
1984-11,SN,0.16666666666666666,FX
1984-12,AN,0.0,FX
1984-12,BN,0.16666666666666666,FX
1984-12,CN,0.16666666666666666,FX
1984-12,EC,0.16666666666666666,FX
1984-12,FN,0.16666666666666666,FX
1984-12,JN,0.16666666666666666,FX
1984-12,MP,0.0,FX
1984-12,SN,0.16666666666666666,FX
1985-01,AN,0.0,FX
1985-01,BN,0.16666666666666666,FX
1985-01,CN,0.16666666666666666,FX
1985-01,EC,0.16666666666666666,FX
1985-01,FN,0.16666666666666666,FX
1985-01,JN,0.16666666666666666,FX
1985-01,MP,0.0,FX
1985-01,SN,0.16666666666666666,FX
1985-02,AN,0.0,FX
1985-02,BN,0.16666666666666666,FX
1985-02,CN,0.16666666666666666,FX
1985-02,EC,0.16666666666666666,FX
1985-02,FN,0.16666666666666666,FX
1985-02,JN,0.16666666666666666,FX
1985-02,MP,0.0,FX
1985-02,SN,0.16666666666666666,FX
1985-03,AN,0.0,FX
1985-03,BN,0.16666666666666666,FX
1985-03,CN,0.16666666666666666,FX
1985-03,EC,0.16666666666666666,FX
1985-03,FN,0.16666666666666666,FX
1985-03,JN,0.16666666666666666,FX
1985-03,MP,0.0,FX
1985-03,SN,0.16666666666666666,FX
1985-04,AN,0.0,FX
1985-04,BN,0.16666666666666666,FX
1985-04,CN,0.16666666666666666,FX
1985-04,EC,0.16666666666666666,FX
1985-04,FN,0.16666666666666666,FX
1985-04,JN,0.16666666666666666,FX
1985-04,MP,0.0,FX
1985-04,SN,0.16666666666666666,FX
1985-05,AN,0.0,FX
1985-05,BN,0.16666666666666666,FX
1985-05,CN,0.16666666666666666,FX
1985-05,EC,0.16666666666666666,FX
1985-05,FN,0.16666666666666666,FX
1985-05,JN,0.16666666666666666,FX
1985-05,MP,0.0,FX
1985-05,SN,0.16666666666666666,FX
1985-06,AN,0.0,FX
1985-06,BN,0.16666666666666666,FX
1985-06,CN,0.16666666666666666,FX
1985-06,EC,0.16666666666666666,FX
1985-06,FN,0.16666666666666666,FX
1985-06,JN,0.16666666666666666,FX
1985-06,MP,0.0,FX
1985-06,SN,0.16666666666666666,FX
1985-07,AN,0.0,FX
1985-07,BN,0.16666666666666666,FX
1985-07,CN,0.16666666666666666,FX
1985-07,EC,0.16666666666666666,FX
1985-07,FN,0.16666666666666666,FX
1985-07,JN,0.16666666666666666,FX
1985-07,MP,0.0,FX
1985-07,SN,0.16666666666666666,FX
1985-08,AN,0.0,FX
1985-08,BN,0.16666666666666666,FX
1985-08,CN,0.16666666666666666,FX
1985-08,EC,0.16666666666666666,FX
1985-08,FN,0.16666666666666666,FX
1985-08,JN,0.16666666666666666,FX
1985-08,MP,0.0,FX
1985-08,SN,0.16666666666666666,FX
1985-09,AN,0.0,FX
1985-09,BN,0.16666666666666666,FX
1985-09,CN,0.16666666666666666,FX
1985-09,EC,0.16666666666666666,FX
1985-09,FN,0.16666666666666666,FX
1985-09,JN,0.16666666666666666,FX
1985-09,MP,0.0,FX
1985-09,SN,0.16666666666666666,FX
1985-10,AN,0.0,FX
1985-10,BN,0.16666666666666666,FX
1985-10,CN,0.16666666666666666,FX
1985-10,EC,0.16666666666666666,FX
1985-10,FN,0.16666666666666666,FX
1985-10,JN,0.16666666666666666,FX
1985-10,MP,0.0,FX
1985-10,SN,0.16666666666666666,FX
1985-11,AN,0.0,FX
1985-11,BN,0.16666666666666666,FX
1985-11,CN,0.16666666666666666,FX
1985-11,EC,0.16666666666666666,FX
1985-11,FN,0.16666666666666666,FX
1985-11,JN,0.16666666666666666,FX
1985-11,MP,0.0,FX
1985-11,SN,0.16666666666666666,FX
1985-12,AN,0.0,FX
1985-12,BN,0.16666666666666666,FX
1985-12,CN,0.16666666666666666,FX
1985-12,EC,0.16666666666666666,FX
1985-12,FN,0.16666666666666666,FX
1985-12,JN,0.16666666666666666,FX
1985-12,MP,0.0,FX
1985-12,SN,0.16666666666666666,FX
1986-01,AN,0.0,FX
1986-01,BN,0.16666666666666666,FX
1986-01,CN,0.16666666666666666,FX
1986-01,EC,0.16666666666666666,FX
1986-01,FN,0.16666666666666666,FX
1986-01,JN,0.16666666666666666,FX
1986-01,MP,0.0,FX
1986-01,SN,0.16666666666666666,FX
1986-02,AN,0.0,FX
1986-02,BN,0.16666666666666666,FX
1986-02,CN,0.16666666666666666,FX
1986-02,EC,0.16666666666666666,FX
1986-02,FN,0.16666666666666666,FX
1986-02,JN,0.16666666666666666,FX
1986-02,MP,0.0,FX
1986-02,SN,0.16666666666666666,FX
1986-03,AN,0.0,FX
1986-03,BN,0.16666666666666666,FX
1986-03,CN,0.16666666666666666,FX
1986-03,EC,0.16666666666666666,FX
1986-03,FN,0.16666666666666666,FX
1986-03,JN,0.16666666666666666,FX
1986-03,MP,0.0,FX
1986-03,SN,0.16666666666666666,FX
1986-04,AN,0.0,FX
1986-04,BN,0.16666666666666666,FX
1986-04,CN,0.16666666666666666,FX
1986-04,EC,0.16666666666666666,FX
1986-04,FN,0.16666666666666666,FX
1986-04,JN,0.16666666666666666,FX
1986-04,MP,0.0,FX
1986-04,SN,0.16666666666666666,FX
1986-05,AN,0.0,FX
1986-05,BN,0.16666666666666666,FX
1986-05,CN,0.16666666666666666,FX
1986-05,EC,0.16666666666666666,FX
1986-05,FN,0.16666666666666666,FX
1986-05,JN,0.16666666666666666,FX
1986-05,MP,0.0,FX
1986-05,SN,0.16666666666666666,FX
1986-06,AN,0.0,FX
1986-06,BN,0.16666666666666666,FX
1986-06,CN,0.16666666666666666,FX
1986-06,EC,0.16666666666666666,FX
1986-06,FN,0.16666666666666666,FX
1986-06,JN,0.16666666666666666,FX
1986-06,MP,0.0,FX
1986-06,SN,0.16666666666666666,FX
1986-07,AN,0.0,FX
1986-07,BN,0.16666666666666666,FX
1986-07,CN,0.16666666666666666,FX
1986-07,EC,0.16666666666666666,FX
1986-07,FN,0.16666666666666666,FX
1986-07,JN,0.16666666666666666,FX
1986-07,MP,0.0,FX
1986-07,SN,0.16666666666666666,FX
1986-08,AN,0.0,FX
1986-08,BN,0.16666666666666666,FX
1986-08,CN,0.16666666666666666,FX
1986-08,EC,0.16666666666666666,FX
1986-08,FN,0.16666666666666666,FX
1986-08,JN,0.16666666666666666,FX
1986-08,MP,0.0,FX
1986-08,SN,0.16666666666666666,FX
1986-09,AN,0.0,FX
1986-09,BN,0.16666666666666666,FX
1986-09,CN,0.16666666666666666,FX
1986-09,EC,0.16666666666666666,FX
1986-09,FN,0.16666666666666666,FX
1986-09,JN,0.16666666666666666,FX
1986-09,MP,0.0,FX
1986-09,SN,0.16666666666666666,FX
1986-10,AN,0.0,FX
1986-10,BN,0.16666666666666666,FX
1986-10,CN,0.16666666666666666,FX
1986-10,EC,0.16666666666666666,FX
1986-10,FN,0.16666666666666666,FX
1986-10,JN,0.16666666666666666,FX
1986-10,MP,0.0,FX
1986-10,SN,0.16666666666666666,FX
1986-11,AN,0.0,FX
1986-11,BN,0.16666666666666666,FX
1986-11,CN,0.16666666666666666,FX
1986-11,EC,0.16666666666666666,FX
1986-11,FN,0.16666666666666666,FX
1986-11,JN,0.16666666666666666,FX
1986-11,MP,0.0,FX
1986-11,SN,0.16666666666666666,FX
1986-12,AN,0.0,FX
1986-12,BN,0.16666666666666666,FX
1986-12,CN,0.16666666666666666,FX
1986-12,EC,0.16666666666666666,FX
1986-12,FN,0.16666666666666666,FX
1986-12,JN,0.16666666666666666,FX
1986-12,MP,0.0,FX
1986-12,SN,0.16666666666666666,FX
1987-01,AN,0.0,FX
1987-01,BN,0.16666666666666666,FX
1987-01,CN,0.16666666666666666,FX
1987-01,EC,0.16666666666666666,FX
1987-01,FN,0.16666666666666666,FX
1987-01,JN,0.16666666666666666,FX
1987-01,MP,0.0,FX
1987-01,SN,0.16666666666666666,FX
1987-02,AN,0.0,FX
1987-02,BN,0.16666666666666666,FX
1987-02,CN,0.16666666666666666,FX
1987-02,EC,0.16666666666666666,FX
1987-02,FN,0.16666666666666666,FX
1987-02,JN,0.16666666666666666,FX
1987-02,MP,0.0,FX
1987-02,SN,0.16666666666666666,FX
1987-03,AN,0.0,FX
1987-03,BN,0.16666666666666666,FX
1987-03,CN,0.16666666666666666,FX
1987-03,EC,0.16666666666666666,FX
1987-03,FN,0.16666666666666666,FX
1987-03,JN,0.16666666666666666,FX
1987-03,MP,0.0,FX
1987-03,SN,0.16666666666666666,FX
1987-04,AN,0.0,FX
1987-04,BN,0.16666666666666666,FX
1987-04,CN,0.16666666666666666,FX
1987-04,EC,0.16666666666666666,FX
1987-04,FN,0.16666666666666666,FX
1987-04,JN,0.16666666666666666,FX
1987-04,MP,0.0,FX
1987-04,SN,0.16666666666666666,FX
1987-05,AN,0.0,FX
1987-05,BN,0.16666666666666666,FX
1987-05,CN,0.16666666666666666,FX
1987-05,EC,0.16666666666666666,FX
1987-05,FN,0.16666666666666666,FX
1987-05,JN,0.16666666666666666,FX
1987-05,MP,0.0,FX
1987-05,SN,0.16666666666666666,FX
1987-06,AN,0.0,FX
1987-06,BN,0.16666666666666666,FX
1987-06,CN,0.16666666666666666,FX
1987-06,EC,0.16666666666666666,FX
1987-06,FN,0.16666666666666666,FX
1987-06,JN,0.16666666666666666,FX
1987-06,MP,0.0,FX
1987-06,SN,0.16666666666666666,FX
1987-07,AN,0.0,FX
1987-07,BN,0.16666666666666666,FX
1987-07,CN,0.16666666666666666,FX
1987-07,EC,0.16666666666666666,FX
1987-07,FN,0.16666666666666666,FX
1987-07,JN,0.16666666666666666,FX
1987-07,MP,0.0,FX
1987-07,SN,0.16666666666666666,FX
1987-08,AN,0.0,FX
1987-08,BN,0.16666666666666666,FX
1987-08,CN,0.16666666666666666,FX
1987-08,EC,0.16666666666666666,FX
1987-08,FN,0.16666666666666666,FX
1987-08,JN,0.16666666666666666,FX
1987-08,MP,0.0,FX
1987-08,SN,0.16666666666666666,FX
1987-09,AN,0.0,FX
1987-09,BN,0.16666666666666666,FX
1987-09,CN,0.16666666666666666,FX
1987-09,EC,0.16666666666666666,FX
1987-09,FN,0.16666666666666666,FX
1987-09,JN,0.16666666666666666,FX
1987-09,MP,0.0,FX
1987-09,SN,0.16666666666666666,FX
1987-10,AN,0.0,FX
1987-10,BN,0.16666666666666666,FX
1987-10,CN,0.16666666666666666,FX
1987-10,EC,0.16666666666666666,FX
1987-10,FN,0.16666666666666666,FX
1987-10,JN,0.16666666666666666,FX
1987-10,MP,0.0,FX
1987-10,SN,0.16666666666666666,FX
1987-11,AN,0.0,FX
1987-11,BN,0.16666666666666666,FX
1987-11,CN,0.16666666666666666,FX
1987-11,EC,0.16666666666666666,FX
1987-11,FN,0.16666666666666666,FX
1987-11,JN,0.16666666666666666,FX
1987-11,MP,0.0,FX
1987-11,SN,0.16666666666666666,FX
1987-12,AN,0.0,FX
1987-12,BN,0.16666666666666666,FX
1987-12,CN,0.16666666666666666,FX
1987-12,EC,0.16666666666666666,FX
1987-12,FN,0.16666666666666666,FX
1987-12,JN,0.16666666666666666,FX
1987-12,MP,0.0,FX
1987-12,SN,0.16666666666666666,FX
1988-01,AN,0.0,FX
1988-01,BN,0.16666666666666666,FX
1988-01,CN,0.16666666666666666,FX
1988-01,EC,0.16666666666666666,FX
1988-01,FN,0.16666666666666666,FX
1988-01,JN,0.16666666666666666,FX
1988-01,MP,0.0,FX
1988-01,SN,0.16666666666666666,FX
1988-02,AN,0.14285714285714285,FX
1988-02,BN,0.14285714285714285,FX
1988-02,CN,0.14285714285714285,FX
1988-02,EC,0.14285714285714285,FX
1988-02,FN,0.14285714285714285,FX
1988-02,JN,0.14285714285714285,FX
1988-02,MP,0.0,FX
1988-02,SN,0.14285714285714285,FX
1988-03,AN,0.14285714285714285,FX
1988-03,BN,0.14285714285714285,FX
1988-03,CN,0.14285714285714285,FX
1988-03,EC,0.14285714285714285,FX
1988-03,FN,0.14285714285714285,FX
1988-03,JN,0.14285714285714285,FX
1988-03,MP,0.0,FX
1988-03,SN,0.14285714285714285,FX
1988-04,AN,0.14285714285714285,FX
1988-04,BN,0.14285714285714285,FX
1988-04,CN,0.14285714285714285,FX
1988-04,EC,0.14285714285714285,FX
1988-04,FN,0.14285714285714285,FX
1988-04,JN,0.14285714285714285,FX
1988-04,MP,0.0,FX
1988-04,SN,0.14285714285714285,FX
1988-05,AN,0.14285714285714285,FX
1988-05,BN,0.14285714285714285,FX
1988-05,CN,0.14285714285714285,FX
1988-05,EC,0.14285714285714285,FX
1988-05,FN,0.14285714285714285,FX
1988-05,JN,0.14285714285714285,FX
1988-05,MP,0.0,FX
1988-05,SN,0.14285714285714285,FX
1988-06,AN,0.14285714285714285,FX
1988-06,BN,0.14285714285714285,FX
1988-06,CN,0.14285714285714285,FX
1988-06,EC,0.14285714285714285,FX
1988-06,FN,0.14285714285714285,FX
1988-06,JN,0.14285714285714285,FX
1988-06,MP,0.0,FX
1988-06,SN,0.14285714285714285,FX
1988-07,AN,0.14285714285714285,FX
1988-07,BN,0.14285714285714285,FX
1988-07,CN,0.14285714285714285,FX
1988-07,EC,0.14285714285714285,FX
1988-07,FN,0.14285714285714285,FX
1988-07,JN,0.14285714285714285,FX
1988-07,MP,0.0,FX
1988-07,SN,0.14285714285714285,FX
1988-08,AN,0.14285714285714285,FX
1988-08,BN,0.14285714285714285,FX
1988-08,CN,0.14285714285714285,FX
1988-08,EC,0.14285714285714285,FX
1988-08,FN,0.14285714285714285,FX
1988-08,JN,0.14285714285714285,FX
1988-08,MP,0.0,FX
1988-08,SN,0.14285714285714285,FX
1988-09,AN,0.14285714285714285,FX
1988-09,BN,0.14285714285714285,FX
1988-09,CN,0.14285714285714285,FX
1988-09,EC,0.14285714285714285,FX
1988-09,FN,0.14285714285714285,FX
1988-09,JN,0.14285714285714285,FX
1988-09,MP,0.0,FX
1988-09,SN,0.14285714285714285,FX
1988-10,AN,0.14285714285714285,FX
1988-10,BN,0.14285714285714285,FX
1988-10,CN,0.14285714285714285,FX
1988-10,EC,0.14285714285714285,FX
1988-10,FN,0.14285714285714285,FX
1988-10,JN,0.14285714285714285,FX
1988-10,MP,0.0,FX
1988-10,SN,0.14285714285714285,FX
1988-11,AN,0.14285714285714285,FX
1988-11,BN,0.14285714285714285,FX
1988-11,CN,0.14285714285714285,FX
1988-11,EC,0.14285714285714285,FX
1988-11,FN,0.14285714285714285,FX
1988-11,JN,0.14285714285714285,FX
1988-11,MP,0.0,FX
1988-11,SN,0.14285714285714285,FX
1988-12,AN,0.14285714285714285,FX
1988-12,BN,0.14285714285714285,FX
1988-12,CN,0.14285714285714285,FX
1988-12,EC,0.14285714285714285,FX
1988-12,FN,0.14285714285714285,FX
1988-12,JN,0.14285714285714285,FX
1988-12,MP,0.0,FX
1988-12,SN,0.14285714285714285,FX
1989-01,AN,0.14285714285714285,FX
1989-01,BN,0.14285714285714285,FX
1989-01,CN,0.14285714285714285,FX
1989-01,EC,0.14285714285714285,FX
1989-01,FN,0.14285714285714285,FX
1989-01,JN,0.14285714285714285,FX
1989-01,MP,0.0,FX
1989-01,SN,0.14285714285714285,FX
1989-02,AN,0.14285714285714285,FX
1989-02,BN,0.14285714285714285,FX
1989-02,CN,0.14285714285714285,FX
1989-02,EC,0.14285714285714285,FX
1989-02,FN,0.14285714285714285,FX
1989-02,JN,0.14285714285714285,FX
1989-02,MP,0.0,FX
1989-02,SN,0.14285714285714285,FX
1989-03,AN,0.14285714285714285,FX
1989-03,BN,0.14285714285714285,FX
1989-03,CN,0.14285714285714285,FX
1989-03,EC,0.14285714285714285,FX
1989-03,FN,0.14285714285714285,FX
1989-03,JN,0.14285714285714285,FX
1989-03,MP,0.0,FX
1989-03,SN,0.14285714285714285,FX
1989-04,AN,0.14285714285714285,FX
1989-04,BN,0.14285714285714285,FX
1989-04,CN,0.14285714285714285,FX
1989-04,EC,0.14285714285714285,FX
1989-04,FN,0.14285714285714285,FX
1989-04,JN,0.14285714285714285,FX
1989-04,MP,0.0,FX
1989-04,SN,0.14285714285714285,FX
1989-05,AN,0.14285714285714285,FX
1989-05,BN,0.14285714285714285,FX
1989-05,CN,0.14285714285714285,FX
1989-05,EC,0.14285714285714285,FX
1989-05,FN,0.14285714285714285,FX
1989-05,JN,0.14285714285714285,FX
1989-05,MP,0.0,FX
1989-05,SN,0.14285714285714285,FX
1989-06,AN,0.14285714285714285,FX
1989-06,BN,0.14285714285714285,FX
1989-06,CN,0.14285714285714285,FX
1989-06,EC,0.14285714285714285,FX
1989-06,FN,0.14285714285714285,FX
1989-06,JN,0.14285714285714285,FX
1989-06,MP,0.0,FX
1989-06,SN,0.14285714285714285,FX
1989-07,AN,0.14285714285714285,FX
1989-07,BN,0.14285714285714285,FX
1989-07,CN,0.14285714285714285,FX
1989-07,EC,0.14285714285714285,FX
1989-07,FN,0.14285714285714285,FX
1989-07,JN,0.14285714285714285,FX
1989-07,MP,0.0,FX
1989-07,SN,0.14285714285714285,FX
1989-08,AN,0.14285714285714285,FX
1989-08,BN,0.14285714285714285,FX
1989-08,CN,0.14285714285714285,FX
1989-08,EC,0.14285714285714285,FX
1989-08,FN,0.14285714285714285,FX
1989-08,JN,0.14285714285714285,FX
1989-08,MP,0.0,FX
1989-08,SN,0.14285714285714285,FX
1989-09,AN,0.14285714285714285,FX
1989-09,BN,0.14285714285714285,FX
1989-09,CN,0.14285714285714285,FX
1989-09,EC,0.14285714285714285,FX
1989-09,FN,0.14285714285714285,FX
1989-09,JN,0.14285714285714285,FX
1989-09,MP,0.0,FX
1989-09,SN,0.14285714285714285,FX
1989-10,AN,0.14285714285714285,FX
1989-10,BN,0.14285714285714285,FX
1989-10,CN,0.14285714285714285,FX
1989-10,EC,0.14285714285714285,FX
1989-10,FN,0.14285714285714285,FX
1989-10,JN,0.14285714285714285,FX
1989-10,MP,0.0,FX
1989-10,SN,0.14285714285714285,FX
1989-11,AN,0.14285714285714285,FX
1989-11,BN,0.14285714285714285,FX
1989-11,CN,0.14285714285714285,FX
1989-11,EC,0.14285714285714285,FX
1989-11,FN,0.14285714285714285,FX
1989-11,JN,0.14285714285714285,FX
1989-11,MP,0.0,FX
1989-11,SN,0.14285714285714285,FX
1989-12,AN,0.14285714285714285,FX
1989-12,BN,0.14285714285714285,FX
1989-12,CN,0.14285714285714285,FX
1989-12,EC,0.14285714285714285,FX
1989-12,FN,0.14285714285714285,FX
1989-12,JN,0.14285714285714285,FX
1989-12,MP,0.0,FX
1989-12,SN,0.14285714285714285,FX
1990-01,AN,0.14285714285714285,FX
1990-01,BN,0.14285714285714285,FX
1990-01,CN,0.14285714285714285,FX
1990-01,EC,0.14285714285714285,FX
1990-01,FN,0.14285714285714285,FX
1990-01,JN,0.14285714285714285,FX
1990-01,MP,0.0,FX
1990-01,SN,0.14285714285714285,FX
1990-02,AN,0.14285714285714285,FX
1990-02,BN,0.14285714285714285,FX
1990-02,CN,0.14285714285714285,FX
1990-02,EC,0.14285714285714285,FX
1990-02,FN,0.14285714285714285,FX
1990-02,JN,0.14285714285714285,FX
1990-02,MP,0.0,FX
1990-02,SN,0.14285714285714285,FX
1990-03,AN,0.14285714285714285,FX
1990-03,BN,0.14285714285714285,FX
1990-03,CN,0.14285714285714285,FX
1990-03,EC,0.14285714285714285,FX
1990-03,FN,0.14285714285714285,FX
1990-03,JN,0.14285714285714285,FX
1990-03,MP,0.0,FX
1990-03,SN,0.14285714285714285,FX
1990-04,AN,0.14285714285714285,FX
1990-04,BN,0.14285714285714285,FX
1990-04,CN,0.14285714285714285,FX
1990-04,EC,0.14285714285714285,FX
1990-04,FN,0.14285714285714285,FX
1990-04,JN,0.14285714285714285,FX
1990-04,MP,0.0,FX
1990-04,SN,0.14285714285714285,FX
1990-05,AN,0.14285714285714285,FX
1990-05,BN,0.14285714285714285,FX
1990-05,CN,0.14285714285714285,FX
1990-05,EC,0.14285714285714285,FX
1990-05,FN,0.14285714285714285,FX
1990-05,JN,0.14285714285714285,FX
1990-05,MP,0.0,FX
1990-05,SN,0.14285714285714285,FX
1990-06,AN,0.14285714285714285,FX
1990-06,BN,0.14285714285714285,FX
1990-06,CN,0.14285714285714285,FX
1990-06,EC,0.14285714285714285,FX
1990-06,FN,0.14285714285714285,FX
1990-06,JN,0.14285714285714285,FX
1990-06,MP,0.0,FX
1990-06,SN,0.14285714285714285,FX
1990-07,AN,0.14285714285714285,FX
1990-07,BN,0.14285714285714285,FX
1990-07,CN,0.14285714285714285,FX
1990-07,EC,0.14285714285714285,FX
1990-07,FN,0.14285714285714285,FX
1990-07,JN,0.14285714285714285,FX
1990-07,MP,0.0,FX
1990-07,SN,0.14285714285714285,FX
1990-08,AN,0.14285714285714285,FX
1990-08,BN,0.14285714285714285,FX
1990-08,CN,0.14285714285714285,FX
1990-08,EC,0.14285714285714285,FX
1990-08,FN,0.14285714285714285,FX
1990-08,JN,0.14285714285714285,FX
1990-08,MP,0.0,FX
1990-08,SN,0.14285714285714285,FX
1990-09,AN,0.14285714285714285,FX
1990-09,BN,0.14285714285714285,FX
1990-09,CN,0.14285714285714285,FX
1990-09,EC,0.14285714285714285,FX
1990-09,FN,0.14285714285714285,FX
1990-09,JN,0.14285714285714285,FX
1990-09,MP,0.0,FX
1990-09,SN,0.14285714285714285,FX
1990-10,AN,0.14285714285714285,FX
1990-10,BN,0.14285714285714285,FX
1990-10,CN,0.14285714285714285,FX
1990-10,EC,0.14285714285714285,FX
1990-10,FN,0.14285714285714285,FX
1990-10,JN,0.14285714285714285,FX
1990-10,MP,0.0,FX
1990-10,SN,0.14285714285714285,FX
1990-11,AN,0.14285714285714285,FX
1990-11,BN,0.14285714285714285,FX
1990-11,CN,0.14285714285714285,FX
1990-11,EC,0.14285714285714285,FX
1990-11,FN,0.14285714285714285,FX
1990-11,JN,0.14285714285714285,FX
1990-11,MP,0.0,FX
1990-11,SN,0.14285714285714285,FX
1990-12,AN,0.14285714285714285,FX
1990-12,BN,0.14285714285714285,FX
1990-12,CN,0.14285714285714285,FX
1990-12,EC,0.14285714285714285,FX
1990-12,FN,0.14285714285714285,FX
1990-12,JN,0.14285714285714285,FX
1990-12,MP,0.0,FX
1990-12,SN,0.14285714285714285,FX
1991-01,AN,0.14285714285714285,FX
1991-01,BN,0.14285714285714285,FX
1991-01,CN,0.14285714285714285,FX
1991-01,EC,0.14285714285714285,FX
1991-01,FN,0.14285714285714285,FX
1991-01,JN,0.14285714285714285,FX
1991-01,MP,0.0,FX
1991-01,SN,0.14285714285714285,FX
1991-02,AN,0.14285714285714285,FX
1991-02,BN,0.14285714285714285,FX
1991-02,CN,0.14285714285714285,FX
1991-02,EC,0.14285714285714285,FX
1991-02,FN,0.14285714285714285,FX
1991-02,JN,0.14285714285714285,FX
1991-02,MP,0.0,FX
1991-02,SN,0.14285714285714285,FX
1991-03,AN,0.14285714285714285,FX
1991-03,BN,0.14285714285714285,FX
1991-03,CN,0.14285714285714285,FX
1991-03,EC,0.14285714285714285,FX
1991-03,FN,0.14285714285714285,FX
1991-03,JN,0.14285714285714285,FX
1991-03,MP,0.0,FX
1991-03,SN,0.14285714285714285,FX
1991-04,AN,0.14285714285714285,FX
1991-04,BN,0.14285714285714285,FX
1991-04,CN,0.14285714285714285,FX
1991-04,EC,0.14285714285714285,FX
1991-04,FN,0.14285714285714285,FX
1991-04,JN,0.14285714285714285,FX
1991-04,MP,0.0,FX
1991-04,SN,0.14285714285714285,FX
1991-05,AN,0.14285714285714285,FX
1991-05,BN,0.14285714285714285,FX
1991-05,CN,0.14285714285714285,FX
1991-05,EC,0.14285714285714285,FX
1991-05,FN,0.14285714285714285,FX
1991-05,JN,0.14285714285714285,FX
1991-05,MP,0.0,FX
1991-05,SN,0.14285714285714285,FX
1991-06,AN,0.14285714285714285,FX
1991-06,BN,0.14285714285714285,FX
1991-06,CN,0.14285714285714285,FX
1991-06,EC,0.14285714285714285,FX
1991-06,FN,0.14285714285714285,FX
1991-06,JN,0.14285714285714285,FX
1991-06,MP,0.0,FX
1991-06,SN,0.14285714285714285,FX
1991-07,AN,0.14285714285714285,FX
1991-07,BN,0.14285714285714285,FX
1991-07,CN,0.14285714285714285,FX
1991-07,EC,0.14285714285714285,FX
1991-07,FN,0.14285714285714285,FX
1991-07,JN,0.14285714285714285,FX
1991-07,MP,0.0,FX
1991-07,SN,0.14285714285714285,FX
1991-08,AN,0.14285714285714285,FX
1991-08,BN,0.14285714285714285,FX
1991-08,CN,0.14285714285714285,FX
1991-08,EC,0.14285714285714285,FX
1991-08,FN,0.14285714285714285,FX
1991-08,JN,0.14285714285714285,FX
1991-08,MP,0.0,FX
1991-08,SN,0.14285714285714285,FX
1991-09,AN,0.14285714285714285,FX
1991-09,BN,0.14285714285714285,FX
1991-09,CN,0.14285714285714285,FX
1991-09,EC,0.14285714285714285,FX
1991-09,FN,0.14285714285714285,FX
1991-09,JN,0.14285714285714285,FX
1991-09,MP,0.0,FX
1991-09,SN,0.14285714285714285,FX
1991-10,AN,0.14285714285714285,FX
1991-10,BN,0.14285714285714285,FX
1991-10,CN,0.14285714285714285,FX
1991-10,EC,0.14285714285714285,FX
1991-10,FN,0.14285714285714285,FX
1991-10,JN,0.14285714285714285,FX
1991-10,MP,0.0,FX
1991-10,SN,0.14285714285714285,FX
1991-11,AN,0.14285714285714285,FX
1991-11,BN,0.14285714285714285,FX
1991-11,CN,0.14285714285714285,FX
1991-11,EC,0.14285714285714285,FX
1991-11,FN,0.14285714285714285,FX
1991-11,JN,0.14285714285714285,FX
1991-11,MP,0.0,FX
1991-11,SN,0.14285714285714285,FX
1991-12,AN,0.14285714285714285,FX
1991-12,BN,0.14285714285714285,FX
1991-12,CN,0.14285714285714285,FX
1991-12,EC,0.14285714285714285,FX
1991-12,FN,0.14285714285714285,FX
1991-12,JN,0.14285714285714285,FX
1991-12,MP,0.0,FX
1991-12,SN,0.14285714285714285,FX
1992-01,AN,0.14285714285714285,FX
1992-01,BN,0.14285714285714285,FX
1992-01,CN,0.14285714285714285,FX
1992-01,EC,0.14285714285714285,FX
1992-01,FN,0.14285714285714285,FX
1992-01,JN,0.14285714285714285,FX
1992-01,MP,0.0,FX
1992-01,SN,0.14285714285714285,FX
1992-02,AN,0.14285714285714285,FX
1992-02,BN,0.14285714285714285,FX
1992-02,CN,0.14285714285714285,FX
1992-02,EC,0.14285714285714285,FX
1992-02,FN,0.14285714285714285,FX
1992-02,JN,0.14285714285714285,FX
1992-02,MP,0.0,FX
1992-02,SN,0.14285714285714285,FX
1992-03,AN,0.14285714285714285,FX
1992-03,BN,0.14285714285714285,FX
1992-03,CN,0.14285714285714285,FX
1992-03,EC,0.14285714285714285,FX
1992-03,FN,0.14285714285714285,FX
1992-03,JN,0.14285714285714285,FX
1992-03,MP,0.0,FX
1992-03,SN,0.14285714285714285,FX
1992-04,AN,0.14285714285714285,FX
1992-04,BN,0.14285714285714285,FX
1992-04,CN,0.14285714285714285,FX
1992-04,EC,0.14285714285714285,FX
1992-04,FN,0.14285714285714285,FX
1992-04,JN,0.14285714285714285,FX
1992-04,MP,0.0,FX
1992-04,SN,0.14285714285714285,FX
1992-05,AN,0.14285714285714285,FX
1992-05,BN,0.14285714285714285,FX
1992-05,CN,0.14285714285714285,FX
1992-05,EC,0.14285714285714285,FX
1992-05,FN,0.14285714285714285,FX
1992-05,JN,0.14285714285714285,FX
1992-05,MP,0.0,FX
1992-05,SN,0.14285714285714285,FX
1992-06,AN,0.14285714285714285,FX
1992-06,BN,0.14285714285714285,FX
1992-06,CN,0.14285714285714285,FX
1992-06,EC,0.14285714285714285,FX
1992-06,FN,0.14285714285714285,FX
1992-06,JN,0.14285714285714285,FX
1992-06,MP,0.0,FX
1992-06,SN,0.14285714285714285,FX
1992-07,AN,0.14285714285714285,FX
1992-07,BN,0.14285714285714285,FX
1992-07,CN,0.14285714285714285,FX
1992-07,EC,0.14285714285714285,FX
1992-07,FN,0.14285714285714285,FX
1992-07,JN,0.14285714285714285,FX
1992-07,MP,0.0,FX
1992-07,SN,0.14285714285714285,FX
1992-08,AN,0.14285714285714285,FX
1992-08,BN,0.14285714285714285,FX
1992-08,CN,0.14285714285714285,FX
1992-08,EC,0.14285714285714285,FX
1992-08,FN,0.14285714285714285,FX
1992-08,JN,0.14285714285714285,FX
1992-08,MP,0.0,FX
1992-08,SN,0.14285714285714285,FX
1992-09,AN,0.14285714285714285,FX
1992-09,BN,0.14285714285714285,FX
1992-09,CN,0.14285714285714285,FX
1992-09,EC,0.14285714285714285,FX
1992-09,FN,0.14285714285714285,FX
1992-09,JN,0.14285714285714285,FX
1992-09,MP,0.0,FX
1992-09,SN,0.14285714285714285,FX
1992-10,AN,0.14285714285714285,FX
1992-10,BN,0.14285714285714285,FX
1992-10,CN,0.14285714285714285,FX
1992-10,EC,0.14285714285714285,FX
1992-10,FN,0.14285714285714285,FX
1992-10,JN,0.14285714285714285,FX
1992-10,MP,0.0,FX
1992-10,SN,0.14285714285714285,FX
1992-11,AN,0.14285714285714285,FX
1992-11,BN,0.14285714285714285,FX
1992-11,CN,0.14285714285714285,FX
1992-11,EC,0.14285714285714285,FX
1992-11,FN,0.14285714285714285,FX
1992-11,JN,0.14285714285714285,FX
1992-11,MP,0.0,FX
1992-11,SN,0.14285714285714285,FX
1992-12,AN,0.14285714285714285,FX
1992-12,BN,0.14285714285714285,FX
1992-12,CN,0.14285714285714285,FX
1992-12,EC,0.14285714285714285,FX
1992-12,FN,0.14285714285714285,FX
1992-12,JN,0.14285714285714285,FX
1992-12,MP,0.0,FX
1992-12,SN,0.14285714285714285,FX
1993-01,AN,0.14285714285714285,FX
1993-01,BN,0.14285714285714285,FX
1993-01,CN,0.14285714285714285,FX
1993-01,EC,0.14285714285714285,FX
1993-01,FN,0.14285714285714285,FX
1993-01,JN,0.14285714285714285,FX
1993-01,MP,0.0,FX
1993-01,SN,0.14285714285714285,FX
1993-02,AN,0.14285714285714285,FX
1993-02,BN,0.14285714285714285,FX
1993-02,CN,0.14285714285714285,FX
1993-02,EC,0.14285714285714285,FX
1993-02,FN,0.14285714285714285,FX
1993-02,JN,0.14285714285714285,FX
1993-02,MP,0.0,FX
1993-02,SN,0.14285714285714285,FX
1993-03,AN,0.14285714285714285,FX
1993-03,BN,0.14285714285714285,FX
1993-03,CN,0.14285714285714285,FX
1993-03,EC,0.14285714285714285,FX
1993-03,FN,0.14285714285714285,FX
1993-03,JN,0.14285714285714285,FX
1993-03,MP,0.0,FX
1993-03,SN,0.14285714285714285,FX
1993-04,AN,0.14285714285714285,FX
1993-04,BN,0.14285714285714285,FX
1993-04,CN,0.14285714285714285,FX
1993-04,EC,0.14285714285714285,FX
1993-04,FN,0.14285714285714285,FX
1993-04,JN,0.14285714285714285,FX
1993-04,MP,0.0,FX
1993-04,SN,0.14285714285714285,FX
1993-05,AN,0.14285714285714285,FX
1993-05,BN,0.14285714285714285,FX
1993-05,CN,0.14285714285714285,FX
1993-05,EC,0.14285714285714285,FX
1993-05,FN,0.14285714285714285,FX
1993-05,JN,0.14285714285714285,FX
1993-05,MP,0.0,FX
1993-05,SN,0.14285714285714285,FX
1993-06,AN,0.14285714285714285,FX
1993-06,BN,0.14285714285714285,FX
1993-06,CN,0.14285714285714285,FX
1993-06,EC,0.14285714285714285,FX
1993-06,FN,0.14285714285714285,FX
1993-06,JN,0.14285714285714285,FX
1993-06,MP,0.0,FX
1993-06,SN,0.14285714285714285,FX
1993-07,AN,0.14285714285714285,FX
1993-07,BN,0.14285714285714285,FX
1993-07,CN,0.14285714285714285,FX
1993-07,EC,0.14285714285714285,FX
1993-07,FN,0.14285714285714285,FX
1993-07,JN,0.14285714285714285,FX
1993-07,MP,0.0,FX
1993-07,SN,0.14285714285714285,FX
1993-08,AN,0.14285714285714285,FX
1993-08,BN,0.14285714285714285,FX
1993-08,CN,0.14285714285714285,FX
1993-08,EC,0.14285714285714285,FX
1993-08,FN,0.14285714285714285,FX
1993-08,JN,0.14285714285714285,FX
1993-08,MP,0.0,FX
1993-08,SN,0.14285714285714285,FX
1993-09,AN,0.14285714285714285,FX
1993-09,BN,0.14285714285714285,FX
1993-09,CN,0.14285714285714285,FX
1993-09,EC,0.14285714285714285,FX
1993-09,FN,0.14285714285714285,FX
1993-09,JN,0.14285714285714285,FX
1993-09,MP,0.0,FX
1993-09,SN,0.14285714285714285,FX
1993-10,AN,0.14285714285714285,FX
1993-10,BN,0.14285714285714285,FX
1993-10,CN,0.14285714285714285,FX
1993-10,EC,0.14285714285714285,FX
1993-10,FN,0.14285714285714285,FX
1993-10,JN,0.14285714285714285,FX
1993-10,MP,0.0,FX
1993-10,SN,0.14285714285714285,FX
1993-11,AN,0.14285714285714285,FX
1993-11,BN,0.14285714285714285,FX
1993-11,CN,0.14285714285714285,FX
1993-11,EC,0.14285714285714285,FX
1993-11,FN,0.14285714285714285,FX
1993-11,JN,0.14285714285714285,FX
1993-11,MP,0.0,FX
1993-11,SN,0.14285714285714285,FX
1993-12,AN,0.14285714285714285,FX
1993-12,BN,0.14285714285714285,FX
1993-12,CN,0.14285714285714285,FX
1993-12,EC,0.14285714285714285,FX
1993-12,FN,0.14285714285714285,FX
1993-12,JN,0.14285714285714285,FX
1993-12,MP,0.0,FX
1993-12,SN,0.14285714285714285,FX
1994-01,AN,0.14285714285714285,FX
1994-01,BN,0.14285714285714285,FX
1994-01,CN,0.14285714285714285,FX
1994-01,EC,0.14285714285714285,FX
1994-01,FN,0.14285714285714285,FX
1994-01,JN,0.14285714285714285,FX
1994-01,MP,0.0,FX
1994-01,SN,0.14285714285714285,FX
1994-02,AN,0.14285714285714285,FX
1994-02,BN,0.14285714285714285,FX
1994-02,CN,0.14285714285714285,FX
1994-02,EC,0.14285714285714285,FX
1994-02,FN,0.14285714285714285,FX
1994-02,JN,0.14285714285714285,FX
1994-02,MP,0.0,FX
1994-02,SN,0.14285714285714285,FX
1994-03,AN,0.14285714285714285,FX
1994-03,BN,0.14285714285714285,FX
1994-03,CN,0.14285714285714285,FX
1994-03,EC,0.14285714285714285,FX
1994-03,FN,0.14285714285714285,FX
1994-03,JN,0.14285714285714285,FX
1994-03,MP,0.0,FX
1994-03,SN,0.14285714285714285,FX
1994-04,AN,0.14285714285714285,FX
1994-04,BN,0.14285714285714285,FX
1994-04,CN,0.14285714285714285,FX
1994-04,EC,0.14285714285714285,FX
1994-04,FN,0.14285714285714285,FX
1994-04,JN,0.14285714285714285,FX
1994-04,MP,0.0,FX
1994-04,SN,0.14285714285714285,FX
1994-05,AN,0.14285714285714285,FX
1994-05,BN,0.14285714285714285,FX
1994-05,CN,0.14285714285714285,FX
1994-05,EC,0.14285714285714285,FX
1994-05,FN,0.14285714285714285,FX
1994-05,JN,0.14285714285714285,FX
1994-05,MP,0.0,FX
1994-05,SN,0.14285714285714285,FX
1994-06,AN,0.14285714285714285,FX
1994-06,BN,0.14285714285714285,FX
1994-06,CN,0.14285714285714285,FX
1994-06,EC,0.14285714285714285,FX
1994-06,FN,0.14285714285714285,FX
1994-06,JN,0.14285714285714285,FX
1994-06,MP,0.0,FX
1994-06,SN,0.14285714285714285,FX
1994-07,AN,0.14285714285714285,FX
1994-07,BN,0.14285714285714285,FX
1994-07,CN,0.14285714285714285,FX
1994-07,EC,0.14285714285714285,FX
1994-07,FN,0.14285714285714285,FX
1994-07,JN,0.14285714285714285,FX
1994-07,MP,0.0,FX
1994-07,SN,0.14285714285714285,FX
1994-08,AN,0.14285714285714285,FX
1994-08,BN,0.14285714285714285,FX
1994-08,CN,0.14285714285714285,FX
1994-08,EC,0.14285714285714285,FX
1994-08,FN,0.14285714285714285,FX
1994-08,JN,0.14285714285714285,FX
1994-08,MP,0.0,FX
1994-08,SN,0.14285714285714285,FX
1994-09,AN,0.14285714285714285,FX
1994-09,BN,0.14285714285714285,FX
1994-09,CN,0.14285714285714285,FX
1994-09,EC,0.14285714285714285,FX
1994-09,FN,0.14285714285714285,FX
1994-09,JN,0.14285714285714285,FX
1994-09,MP,0.0,FX
1994-09,SN,0.14285714285714285,FX
1994-10,AN,0.14285714285714285,FX
1994-10,BN,0.14285714285714285,FX
1994-10,CN,0.14285714285714285,FX
1994-10,EC,0.14285714285714285,FX
1994-10,FN,0.14285714285714285,FX
1994-10,JN,0.14285714285714285,FX
1994-10,MP,0.0,FX
1994-10,SN,0.14285714285714285,FX
1994-11,AN,0.14285714285714285,FX
1994-11,BN,0.14285714285714285,FX
1994-11,CN,0.14285714285714285,FX
1994-11,EC,0.14285714285714285,FX
1994-11,FN,0.14285714285714285,FX
1994-11,JN,0.14285714285714285,FX
1994-11,MP,0.0,FX
1994-11,SN,0.14285714285714285,FX
1994-12,AN,0.14285714285714285,FX
1994-12,BN,0.14285714285714285,FX
1994-12,CN,0.14285714285714285,FX
1994-12,EC,0.14285714285714285,FX
1994-12,FN,0.14285714285714285,FX
1994-12,JN,0.14285714285714285,FX
1994-12,MP,0.0,FX
1994-12,SN,0.14285714285714285,FX
1995-01,AN,0.14285714285714285,FX
1995-01,BN,0.14285714285714285,FX
1995-01,CN,0.14285714285714285,FX
1995-01,EC,0.14285714285714285,FX
1995-01,FN,0.14285714285714285,FX
1995-01,JN,0.14285714285714285,FX
1995-01,MP,0.0,FX
1995-01,SN,0.14285714285714285,FX
1995-02,AN,0.14285714285714285,FX
1995-02,BN,0.14285714285714285,FX
1995-02,CN,0.14285714285714285,FX
1995-02,EC,0.14285714285714285,FX
1995-02,FN,0.14285714285714285,FX
1995-02,JN,0.14285714285714285,FX
1995-02,MP,0.0,FX
1995-02,SN,0.14285714285714285,FX
1995-03,AN,0.14285714285714285,FX
1995-03,BN,0.14285714285714285,FX
1995-03,CN,0.14285714285714285,FX
1995-03,EC,0.14285714285714285,FX
1995-03,FN,0.14285714285714285,FX
1995-03,JN,0.14285714285714285,FX
1995-03,MP,0.0,FX
1995-03,SN,0.14285714285714285,FX
1995-04,AN,0.14285714285714285,FX
1995-04,BN,0.14285714285714285,FX
1995-04,CN,0.14285714285714285,FX
1995-04,EC,0.14285714285714285,FX
1995-04,FN,0.14285714285714285,FX
1995-04,JN,0.14285714285714285,FX
1995-04,MP,0.0,FX
1995-04,SN,0.14285714285714285,FX
1995-05,AN,0.14285714285714285,FX
1995-05,BN,0.14285714285714285,FX
1995-05,CN,0.14285714285714285,FX
1995-05,EC,0.14285714285714285,FX
1995-05,FN,0.14285714285714285,FX
1995-05,JN,0.14285714285714285,FX
1995-05,MP,0.0,FX
1995-05,SN,0.14285714285714285,FX
1995-06,AN,0.125,FX
1995-06,BN,0.125,FX
1995-06,CN,0.125,FX
1995-06,EC,0.125,FX
1995-06,FN,0.125,FX
1995-06,JN,0.125,FX
1995-06,MP,0.125,FX
1995-06,SN,0.125,FX
1995-07,AN,0.125,FX
1995-07,BN,0.125,FX
1995-07,CN,0.125,FX
1995-07,EC,0.125,FX
1995-07,FN,0.125,FX
1995-07,JN,0.125,FX
1995-07,MP,0.125,FX
1995-07,SN,0.125,FX
1995-08,AN,0.125,FX
1995-08,BN,0.125,FX
1995-08,CN,0.125,FX
1995-08,EC,0.125,FX
1995-08,FN,0.125,FX
1995-08,JN,0.125,FX
1995-08,MP,0.125,FX
1995-08,SN,0.125,FX
1995-09,AN,0.125,FX
1995-09,BN,0.125,FX
1995-09,CN,0.125,FX
1995-09,EC,0.125,FX
1995-09,FN,0.125,FX
1995-09,JN,0.125,FX
1995-09,MP,0.125,FX
1995-09,SN,0.125,FX
1995-10,AN,0.125,FX
1995-10,BN,0.125,FX
1995-10,CN,0.125,FX
1995-10,EC,0.125,FX
1995-10,FN,0.125,FX
1995-10,JN,0.125,FX
1995-10,MP,0.125,FX
1995-10,SN,0.125,FX
1995-11,AN,0.125,FX
1995-11,BN,0.125,FX
1995-11,CN,0.125,FX
1995-11,EC,0.125,FX
1995-11,FN,0.125,FX
1995-11,JN,0.125,FX
1995-11,MP,0.125,FX
1995-11,SN,0.125,FX
1995-12,AN,0.125,FX
1995-12,BN,0.125,FX
1995-12,CN,0.125,FX
1995-12,EC,0.125,FX
1995-12,FN,0.125,FX
1995-12,JN,0.125,FX
1995-12,MP,0.125,FX
1995-12,SN,0.125,FX
1996-01,AN,0.125,FX
1996-01,BN,0.125,FX
1996-01,CN,0.125,FX
1996-01,EC,0.125,FX
1996-01,FN,0.125,FX
1996-01,JN,0.125,FX
1996-01,MP,0.125,FX
1996-01,SN,0.125,FX
1996-02,AN,0.125,FX
1996-02,BN,0.125,FX
1996-02,CN,0.125,FX
1996-02,EC,0.125,FX
1996-02,FN,0.125,FX
1996-02,JN,0.125,FX
1996-02,MP,0.125,FX
1996-02,SN,0.125,FX
1996-03,AN,0.125,FX
1996-03,BN,0.125,FX
1996-03,CN,0.125,FX
1996-03,EC,0.125,FX
1996-03,FN,0.125,FX
1996-03,JN,0.125,FX
1996-03,MP,0.125,FX
1996-03,SN,0.125,FX
1996-04,AN,0.125,FX
1996-04,BN,0.125,FX
1996-04,CN,0.125,FX
1996-04,EC,0.125,FX
1996-04,FN,0.125,FX
1996-04,JN,0.125,FX
1996-04,MP,0.125,FX
1996-04,SN,0.125,FX
1996-05,AN,0.125,FX
1996-05,BN,0.125,FX
1996-05,CN,0.125,FX
1996-05,EC,0.125,FX
1996-05,FN,0.125,FX
1996-05,JN,0.125,FX
1996-05,MP,0.125,FX
1996-05,SN,0.125,FX
1996-06,AN,0.125,FX
1996-06,BN,0.125,FX
1996-06,CN,0.125,FX
1996-06,EC,0.125,FX
1996-06,FN,0.125,FX
1996-06,JN,0.125,FX
1996-06,MP,0.125,FX
1996-06,SN,0.125,FX
1996-07,AN,0.125,FX
1996-07,BN,0.125,FX
1996-07,CN,0.125,FX
1996-07,EC,0.125,FX
1996-07,FN,0.125,FX
1996-07,JN,0.125,FX
1996-07,MP,0.125,FX
1996-07,SN,0.125,FX
1996-08,AN,0.125,FX
1996-08,BN,0.125,FX
1996-08,CN,0.125,FX
1996-08,EC,0.125,FX
1996-08,FN,0.125,FX
1996-08,JN,0.125,FX
1996-08,MP,0.125,FX
1996-08,SN,0.125,FX
1996-09,AN,0.125,FX
1996-09,BN,0.125,FX
1996-09,CN,0.125,FX
1996-09,EC,0.125,FX
1996-09,FN,0.125,FX
1996-09,JN,0.125,FX
1996-09,MP,0.125,FX
1996-09,SN,0.125,FX
1996-10,AN,0.125,FX
1996-10,BN,0.125,FX
1996-10,CN,0.125,FX
1996-10,EC,0.125,FX
1996-10,FN,0.125,FX
1996-10,JN,0.125,FX
1996-10,MP,0.125,FX
1996-10,SN,0.125,FX
1996-11,AN,0.125,FX
1996-11,BN,0.125,FX
1996-11,CN,0.125,FX
1996-11,EC,0.125,FX
1996-11,FN,0.125,FX
1996-11,JN,0.125,FX
1996-11,MP,0.125,FX
1996-11,SN,0.125,FX
1996-12,AN,0.125,FX
1996-12,BN,0.125,FX
1996-12,CN,0.125,FX
1996-12,EC,0.125,FX
1996-12,FN,0.125,FX
1996-12,JN,0.125,FX
1996-12,MP,0.125,FX
1996-12,SN,0.125,FX
1997-01,AN,0.125,FX
1997-01,BN,0.125,FX
1997-01,CN,0.125,FX
1997-01,EC,0.125,FX
1997-01,FN,0.125,FX
1997-01,JN,0.125,FX
1997-01,MP,0.125,FX
1997-01,SN,0.125,FX
1997-02,AN,0.125,FX
1997-02,BN,0.125,FX
1997-02,CN,0.125,FX
1997-02,EC,0.125,FX
1997-02,FN,0.125,FX
1997-02,JN,0.125,FX
1997-02,MP,0.125,FX
1997-02,SN,0.125,FX
1997-03,AN,0.125,FX
1997-03,BN,0.125,FX
1997-03,CN,0.125,FX
1997-03,EC,0.125,FX
1997-03,FN,0.125,FX
1997-03,JN,0.125,FX
1997-03,MP,0.125,FX
1997-03,SN,0.125,FX
1997-04,AN,0.125,FX
1997-04,BN,0.125,FX
1997-04,CN,0.125,FX
1997-04,EC,0.125,FX
1997-04,FN,0.125,FX
1997-04,JN,0.125,FX
1997-04,MP,0.125,FX
1997-04,SN,0.125,FX
1997-05,AN,0.125,FX
1997-05,BN,0.125,FX
1997-05,CN,0.125,FX
1997-05,EC,0.125,FX
1997-05,FN,0.125,FX
1997-05,JN,0.125,FX
1997-05,MP,0.125,FX
1997-05,SN,0.125,FX
1997-06,AN,0.125,FX
1997-06,BN,0.125,FX
1997-06,CN,0.125,FX
1997-06,EC,0.125,FX
1997-06,FN,0.125,FX
1997-06,JN,0.125,FX
1997-06,MP,0.125,FX
1997-06,SN,0.125,FX
1997-07,AN,0.125,FX
1997-07,BN,0.125,FX
1997-07,CN,0.125,FX
1997-07,EC,0.125,FX
1997-07,FN,0.125,FX
1997-07,JN,0.125,FX
1997-07,MP,0.125,FX
1997-07,SN,0.125,FX
1997-08,AN,0.125,FX
1997-08,BN,0.125,FX
1997-08,CN,0.125,FX
1997-08,EC,0.125,FX
1997-08,FN,0.125,FX
1997-08,JN,0.125,FX
1997-08,MP,0.125,FX
1997-08,SN,0.125,FX
1997-09,AN,0.125,FX
1997-09,BN,0.125,FX
1997-09,CN,0.125,FX
1997-09,EC,0.125,FX
1997-09,FN,0.125,FX
1997-09,JN,0.125,FX
1997-09,MP,0.125,FX
1997-09,SN,0.125,FX
1997-10,AN,0.125,FX
1997-10,BN,0.125,FX
1997-10,CN,0.125,FX
1997-10,EC,0.125,FX
1997-10,FN,0.125,FX
1997-10,JN,0.125,FX
1997-10,MP,0.125,FX
1997-10,SN,0.125,FX
1997-11,AN,0.125,FX
1997-11,BN,0.125,FX
1997-11,CN,0.125,FX
1997-11,EC,0.125,FX
1997-11,FN,0.125,FX
1997-11,JN,0.125,FX
1997-11,MP,0.125,FX
1997-11,SN,0.125,FX
1997-12,AN,0.125,FX
1997-12,BN,0.125,FX
1997-12,CN,0.125,FX
1997-12,EC,0.125,FX
1997-12,FN,0.125,FX
1997-12,JN,0.125,FX
1997-12,MP,0.125,FX
1997-12,SN,0.125,FX
1998-01,AN,0.125,FX
1998-01,BN,0.125,FX
1998-01,CN,0.125,FX
1998-01,EC,0.125,FX
1998-01,FN,0.125,FX
1998-01,JN,0.125,FX
1998-01,MP,0.125,FX
1998-01,SN,0.125,FX
1998-02,AN,0.125,FX
1998-02,BN,0.125,FX
1998-02,CN,0.125,FX
1998-02,EC,0.125,FX
1998-02,FN,0.125,FX
1998-02,JN,0.125,FX
1998-02,MP,0.125,FX
1998-02,SN,0.125,FX
1998-03,AN,0.125,FX
1998-03,BN,0.125,FX
1998-03,CN,0.125,FX
1998-03,EC,0.125,FX
1998-03,FN,0.125,FX
1998-03,JN,0.125,FX
1998-03,MP,0.125,FX
1998-03,SN,0.125,FX
1998-04,AN,0.125,FX
1998-04,BN,0.125,FX
1998-04,CN,0.125,FX
1998-04,EC,0.125,FX
1998-04,FN,0.125,FX
1998-04,JN,0.125,FX
1998-04,MP,0.125,FX
1998-04,SN,0.125,FX
1998-05,AN,0.125,FX
1998-05,BN,0.125,FX
1998-05,CN,0.125,FX
1998-05,EC,0.125,FX
1998-05,FN,0.125,FX
1998-05,JN,0.125,FX
1998-05,MP,0.125,FX
1998-05,SN,0.125,FX
1998-06,AN,0.125,FX
1998-06,BN,0.125,FX
1998-06,CN,0.125,FX
1998-06,EC,0.125,FX
1998-06,FN,0.125,FX
1998-06,JN,0.125,FX
1998-06,MP,0.125,FX
1998-06,SN,0.125,FX
1998-07,AN,0.125,FX
1998-07,BN,0.125,FX
1998-07,CN,0.125,FX
1998-07,EC,0.125,FX
1998-07,FN,0.125,FX
1998-07,JN,0.125,FX
1998-07,MP,0.125,FX
1998-07,SN,0.125,FX
1998-08,AN,0.125,FX
1998-08,BN,0.125,FX
1998-08,CN,0.125,FX
1998-08,EC,0.125,FX
1998-08,FN,0.125,FX
1998-08,JN,0.125,FX
1998-08,MP,0.125,FX
1998-08,SN,0.125,FX
1998-09,AN,0.125,FX
1998-09,BN,0.125,FX
1998-09,CN,0.125,FX
1998-09,EC,0.125,FX
1998-09,FN,0.125,FX
1998-09,JN,0.125,FX
1998-09,MP,0.125,FX
1998-09,SN,0.125,FX
1998-10,AN,0.125,FX
1998-10,BN,0.125,FX
1998-10,CN,0.125,FX
1998-10,EC,0.125,FX
1998-10,FN,0.125,FX
1998-10,JN,0.125,FX
1998-10,MP,0.125,FX
1998-10,SN,0.125,FX
1998-11,AN,0.125,FX
1998-11,BN,0.125,FX
1998-11,CN,0.125,FX
1998-11,EC,0.125,FX
1998-11,FN,0.125,FX
1998-11,JN,0.125,FX
1998-11,MP,0.125,FX
1998-11,SN,0.125,FX
1998-12,AN,0.125,FX
1998-12,BN,0.125,FX
1998-12,CN,0.125,FX
1998-12,EC,0.125,FX
1998-12,FN,0.125,FX
1998-12,JN,0.125,FX
1998-12,MP,0.125,FX
1998-12,SN,0.125,FX
1999-01,AN,0.125,FX
1999-01,BN,0.125,FX
1999-01,CN,0.125,FX
1999-01,EC,0.125,FX
1999-01,FN,0.125,FX
1999-01,JN,0.125,FX
1999-01,MP,0.125,FX
1999-01,SN,0.125,FX
1999-02,AN,0.125,FX
1999-02,BN,0.125,FX
1999-02,CN,0.125,FX
1999-02,EC,0.125,FX
1999-02,FN,0.125,FX
1999-02,JN,0.125,FX
1999-02,MP,0.125,FX
1999-02,SN,0.125,FX
1999-03,AN,0.125,FX
1999-03,BN,0.125,FX
1999-03,CN,0.125,FX
1999-03,EC,0.125,FX
1999-03,FN,0.125,FX
1999-03,JN,0.125,FX
1999-03,MP,0.125,FX
1999-03,SN,0.125,FX
1999-04,AN,0.125,FX
1999-04,BN,0.125,FX
1999-04,CN,0.125,FX
1999-04,EC,0.125,FX
1999-04,FN,0.125,FX
1999-04,JN,0.125,FX
1999-04,MP,0.125,FX
1999-04,SN,0.125,FX
1999-05,AN,0.125,FX
1999-05,BN,0.125,FX
1999-05,CN,0.125,FX
1999-05,EC,0.125,FX
1999-05,FN,0.125,FX
1999-05,JN,0.125,FX
1999-05,MP,0.125,FX
1999-05,SN,0.125,FX
1999-06,AN,0.125,FX
1999-06,BN,0.125,FX
1999-06,CN,0.125,FX
1999-06,EC,0.125,FX
1999-06,FN,0.125,FX
1999-06,JN,0.125,FX
1999-06,MP,0.125,FX
1999-06,SN,0.125,FX
1999-07,AN,0.125,FX
1999-07,BN,0.125,FX
1999-07,CN,0.125,FX
1999-07,EC,0.125,FX
1999-07,FN,0.125,FX
1999-07,JN,0.125,FX
1999-07,MP,0.125,FX
1999-07,SN,0.125,FX
1999-08,AN,0.125,FX
1999-08,BN,0.125,FX
1999-08,CN,0.125,FX
1999-08,EC,0.125,FX
1999-08,FN,0.125,FX
1999-08,JN,0.125,FX
1999-08,MP,0.125,FX
1999-08,SN,0.125,FX
1999-09,AN,0.125,FX
1999-09,BN,0.125,FX
1999-09,CN,0.125,FX
1999-09,EC,0.125,FX
1999-09,FN,0.125,FX
1999-09,JN,0.125,FX
1999-09,MP,0.125,FX
1999-09,SN,0.125,FX
1999-10,AN,0.125,FX
1999-10,BN,0.125,FX
1999-10,CN,0.125,FX
1999-10,EC,0.125,FX
1999-10,FN,0.125,FX
1999-10,JN,0.125,FX
1999-10,MP,0.125,FX
1999-10,SN,0.125,FX
1999-11,AN,0.125,FX
1999-11,BN,0.125,FX
1999-11,CN,0.125,FX
1999-11,EC,0.125,FX
1999-11,FN,0.125,FX
1999-11,JN,0.125,FX
1999-11,MP,0.125,FX
1999-11,SN,0.125,FX
1999-12,AN,0.125,FX
1999-12,BN,0.125,FX
1999-12,CN,0.125,FX
1999-12,EC,0.125,FX
1999-12,FN,0.125,FX
1999-12,JN,0.125,FX
1999-12,MP,0.125,FX
1999-12,SN,0.125,FX
2000-01,AN,0.125,FX
2000-01,BN,0.125,FX
2000-01,CN,0.125,FX
2000-01,EC,0.125,FX
2000-01,FN,0.125,FX
2000-01,JN,0.125,FX
2000-01,MP,0.125,FX
2000-01,SN,0.125,FX
2000-02,AN,0.125,FX
2000-02,BN,0.125,FX
2000-02,CN,0.125,FX
2000-02,EC,0.125,FX
2000-02,FN,0.125,FX
2000-02,JN,0.125,FX
2000-02,MP,0.125,FX
2000-02,SN,0.125,FX
2000-03,AN,0.125,FX
2000-03,BN,0.125,FX
2000-03,CN,0.125,FX
2000-03,EC,0.125,FX
2000-03,FN,0.125,FX
2000-03,JN,0.125,FX
2000-03,MP,0.125,FX
2000-03,SN,0.125,FX
2000-04,AN,0.125,FX
2000-04,BN,0.125,FX
2000-04,CN,0.125,FX
2000-04,EC,0.125,FX
2000-04,FN,0.125,FX
2000-04,JN,0.125,FX
2000-04,MP,0.125,FX
2000-04,SN,0.125,FX
2000-05,AN,0.125,FX
2000-05,BN,0.125,FX
2000-05,CN,0.125,FX
2000-05,EC,0.125,FX
2000-05,FN,0.125,FX
2000-05,JN,0.125,FX
2000-05,MP,0.125,FX
2000-05,SN,0.125,FX
2000-06,AN,0.125,FX
2000-06,BN,0.125,FX
2000-06,CN,0.125,FX
2000-06,EC,0.125,FX
2000-06,FN,0.125,FX
2000-06,JN,0.125,FX
2000-06,MP,0.125,FX
2000-06,SN,0.125,FX
2000-07,AN,0.125,FX
2000-07,BN,0.125,FX
2000-07,CN,0.125,FX
2000-07,EC,0.125,FX
2000-07,FN,0.125,FX
2000-07,JN,0.125,FX
2000-07,MP,0.125,FX
2000-07,SN,0.125,FX
2000-08,AN,0.125,FX
2000-08,BN,0.125,FX
2000-08,CN,0.125,FX
2000-08,EC,0.125,FX
2000-08,FN,0.125,FX
2000-08,JN,0.125,FX
2000-08,MP,0.125,FX
2000-08,SN,0.125,FX
2000-09,AN,0.125,FX
2000-09,BN,0.125,FX
2000-09,CN,0.125,FX
2000-09,EC,0.125,FX
2000-09,FN,0.125,FX
2000-09,JN,0.125,FX
2000-09,MP,0.125,FX
2000-09,SN,0.125,FX
2000-10,AN,0.125,FX
2000-10,BN,0.125,FX
2000-10,CN,0.125,FX
2000-10,EC,0.125,FX
2000-10,FN,0.125,FX
2000-10,JN,0.125,FX
2000-10,MP,0.125,FX
2000-10,SN,0.125,FX
2000-11,AN,0.125,FX
2000-11,BN,0.125,FX
2000-11,CN,0.125,FX
2000-11,EC,0.125,FX
2000-11,FN,0.125,FX
2000-11,JN,0.125,FX
2000-11,MP,0.125,FX
2000-11,SN,0.125,FX
2000-12,AN,0.125,FX
2000-12,BN,0.125,FX
2000-12,CN,0.125,FX
2000-12,EC,0.125,FX
2000-12,FN,0.125,FX
2000-12,JN,0.125,FX
2000-12,MP,0.125,FX
2000-12,SN,0.125,FX
2001-01,AN,0.125,FX
2001-01,BN,0.125,FX
2001-01,CN,0.125,FX
2001-01,EC,0.125,FX
2001-01,FN,0.125,FX
2001-01,JN,0.125,FX
2001-01,MP,0.125,FX
2001-01,SN,0.125,FX
2001-02,AN,0.125,FX
2001-02,BN,0.125,FX
2001-02,CN,0.125,FX
2001-02,EC,0.125,FX
2001-02,FN,0.125,FX
2001-02,JN,0.125,FX
2001-02,MP,0.125,FX
2001-02,SN,0.125,FX
2001-03,AN,0.125,FX
2001-03,BN,0.125,FX
2001-03,CN,0.125,FX
2001-03,EC,0.125,FX
2001-03,FN,0.125,FX
2001-03,JN,0.125,FX
2001-03,MP,0.125,FX
2001-03,SN,0.125,FX
2001-04,AN,0.125,FX
2001-04,BN,0.125,FX
2001-04,CN,0.125,FX
2001-04,EC,0.125,FX
2001-04,FN,0.125,FX
2001-04,JN,0.125,FX
2001-04,MP,0.125,FX
2001-04,SN,0.125,FX
2001-05,AN,0.125,FX
2001-05,BN,0.125,FX
2001-05,CN,0.125,FX
2001-05,EC,0.125,FX
2001-05,FN,0.125,FX
2001-05,JN,0.125,FX
2001-05,MP,0.125,FX
2001-05,SN,0.125,FX
2001-06,AN,0.125,FX
2001-06,BN,0.125,FX
2001-06,CN,0.125,FX
2001-06,EC,0.125,FX
2001-06,FN,0.125,FX
2001-06,JN,0.125,FX
2001-06,MP,0.125,FX
2001-06,SN,0.125,FX
2001-07,AN,0.125,FX
2001-07,BN,0.125,FX
2001-07,CN,0.125,FX
2001-07,EC,0.125,FX
2001-07,FN,0.125,FX
2001-07,JN,0.125,FX
2001-07,MP,0.125,FX
2001-07,SN,0.125,FX
2001-08,AN,0.125,FX
2001-08,BN,0.125,FX
2001-08,CN,0.125,FX
2001-08,EC,0.125,FX
2001-08,FN,0.125,FX
2001-08,JN,0.125,FX
2001-08,MP,0.125,FX
2001-08,SN,0.125,FX
2001-09,AN,0.125,FX
2001-09,BN,0.125,FX
2001-09,CN,0.125,FX
2001-09,EC,0.125,FX
2001-09,FN,0.125,FX
2001-09,JN,0.125,FX
2001-09,MP,0.125,FX
2001-09,SN,0.125,FX
2001-10,AN,0.125,FX
2001-10,BN,0.125,FX
2001-10,CN,0.125,FX
2001-10,EC,0.125,FX
2001-10,FN,0.125,FX
2001-10,JN,0.125,FX
2001-10,MP,0.125,FX
2001-10,SN,0.125,FX
2001-11,AN,0.125,FX
2001-11,BN,0.125,FX
2001-11,CN,0.125,FX
2001-11,EC,0.125,FX
2001-11,FN,0.125,FX
2001-11,JN,0.125,FX
2001-11,MP,0.125,FX
2001-11,SN,0.125,FX
2001-12,AN,0.125,FX
2001-12,BN,0.125,FX
2001-12,CN,0.125,FX
2001-12,EC,0.125,FX
2001-12,FN,0.125,FX
2001-12,JN,0.125,FX
2001-12,MP,0.125,FX
2001-12,SN,0.125,FX
2002-01,AN,0.125,FX
2002-01,BN,0.125,FX
2002-01,CN,0.125,FX
2002-01,EC,0.125,FX
2002-01,FN,0.125,FX
2002-01,JN,0.125,FX
2002-01,MP,0.125,FX
2002-01,SN,0.125,FX
2002-02,AN,0.125,FX
2002-02,BN,0.125,FX
2002-02,CN,0.125,FX
2002-02,EC,0.125,FX
2002-02,FN,0.125,FX
2002-02,JN,0.125,FX
2002-02,MP,0.125,FX
2002-02,SN,0.125,FX
2002-03,AN,0.125,FX
2002-03,BN,0.125,FX
2002-03,CN,0.125,FX
2002-03,EC,0.125,FX
2002-03,FN,0.125,FX
2002-03,JN,0.125,FX
2002-03,MP,0.125,FX
2002-03,SN,0.125,FX
2002-04,AN,0.125,FX
2002-04,BN,0.125,FX
2002-04,CN,0.125,FX
2002-04,EC,0.125,FX
2002-04,FN,0.125,FX
2002-04,JN,0.125,FX
2002-04,MP,0.125,FX
2002-04,SN,0.125,FX
2002-05,AN,0.125,FX
2002-05,BN,0.125,FX
2002-05,CN,0.125,FX
2002-05,EC,0.125,FX
2002-05,FN,0.125,FX
2002-05,JN,0.125,FX
2002-05,MP,0.125,FX
2002-05,SN,0.125,FX
2002-06,AN,0.125,FX
2002-06,BN,0.125,FX
2002-06,CN,0.125,FX
2002-06,EC,0.125,FX
2002-06,FN,0.125,FX
2002-06,JN,0.125,FX
2002-06,MP,0.125,FX
2002-06,SN,0.125,FX
2002-07,AN,0.125,FX
2002-07,BN,0.125,FX
2002-07,CN,0.125,FX
2002-07,EC,0.125,FX
2002-07,FN,0.125,FX
2002-07,JN,0.125,FX
2002-07,MP,0.125,FX
2002-07,SN,0.125,FX
2002-08,AN,0.125,FX
2002-08,BN,0.125,FX
2002-08,CN,0.125,FX
2002-08,EC,0.125,FX
2002-08,FN,0.125,FX
2002-08,JN,0.125,FX
2002-08,MP,0.125,FX
2002-08,SN,0.125,FX
2002-09,AN,0.125,FX
2002-09,BN,0.125,FX
2002-09,CN,0.125,FX
2002-09,EC,0.125,FX
2002-09,FN,0.125,FX
2002-09,JN,0.125,FX
2002-09,MP,0.125,FX
2002-09,SN,0.125,FX
2002-10,AN,0.125,FX
2002-10,BN,0.125,FX
2002-10,CN,0.125,FX
2002-10,EC,0.125,FX
2002-10,FN,0.125,FX
2002-10,JN,0.125,FX
2002-10,MP,0.125,FX
2002-10,SN,0.125,FX
2002-11,AN,0.125,FX
2002-11,BN,0.125,FX
2002-11,CN,0.125,FX
2002-11,EC,0.125,FX
2002-11,FN,0.125,FX
2002-11,JN,0.125,FX
2002-11,MP,0.125,FX
2002-11,SN,0.125,FX
2002-12,AN,0.125,FX
2002-12,BN,0.125,FX
2002-12,CN,0.125,FX
2002-12,EC,0.125,FX
2002-12,FN,0.125,FX
2002-12,JN,0.125,FX
2002-12,MP,0.125,FX
2002-12,SN,0.125,FX
2003-01,AN,0.125,FX
2003-01,BN,0.125,FX
2003-01,CN,0.125,FX
2003-01,EC,0.125,FX
2003-01,FN,0.125,FX
2003-01,JN,0.125,FX
2003-01,MP,0.125,FX
2003-01,SN,0.125,FX
2003-02,AN,0.125,FX
2003-02,BN,0.125,FX
2003-02,CN,0.125,FX
2003-02,EC,0.125,FX
2003-02,FN,0.125,FX
2003-02,JN,0.125,FX
2003-02,MP,0.125,FX
2003-02,SN,0.125,FX
2003-03,AN,0.125,FX
2003-03,BN,0.125,FX
2003-03,CN,0.125,FX
2003-03,EC,0.125,FX
2003-03,FN,0.125,FX
2003-03,JN,0.125,FX
2003-03,MP,0.125,FX
2003-03,SN,0.125,FX
2003-04,AN,0.125,FX
2003-04,BN,0.125,FX
2003-04,CN,0.125,FX
2003-04,EC,0.125,FX
2003-04,FN,0.125,FX
2003-04,JN,0.125,FX
2003-04,MP,0.125,FX
2003-04,SN,0.125,FX
2003-05,AN,0.125,FX
2003-05,BN,0.125,FX
2003-05,CN,0.125,FX
2003-05,EC,0.125,FX
2003-05,FN,0.125,FX
2003-05,JN,0.125,FX
2003-05,MP,0.125,FX
2003-05,SN,0.125,FX
2003-06,AN,0.125,FX
2003-06,BN,0.125,FX
2003-06,CN,0.125,FX
2003-06,EC,0.125,FX
2003-06,FN,0.125,FX
2003-06,JN,0.125,FX
2003-06,MP,0.125,FX
2003-06,SN,0.125,FX
2003-07,AN,0.125,FX
2003-07,BN,0.125,FX
2003-07,CN,0.125,FX
2003-07,EC,0.125,FX
2003-07,FN,0.125,FX
2003-07,JN,0.125,FX
2003-07,MP,0.125,FX
2003-07,SN,0.125,FX
2003-08,AN,0.125,FX
2003-08,BN,0.125,FX
2003-08,CN,0.125,FX
2003-08,EC,0.125,FX
2003-08,FN,0.125,FX
2003-08,JN,0.125,FX
2003-08,MP,0.125,FX
2003-08,SN,0.125,FX
2003-09,AN,0.125,FX
2003-09,BN,0.125,FX
2003-09,CN,0.125,FX
2003-09,EC,0.125,FX
2003-09,FN,0.125,FX
2003-09,JN,0.125,FX
2003-09,MP,0.125,FX
2003-09,SN,0.125,FX
2003-10,AN,0.125,FX
2003-10,BN,0.125,FX
2003-10,CN,0.125,FX
2003-10,EC,0.125,FX
2003-10,FN,0.125,FX
2003-10,JN,0.125,FX
2003-10,MP,0.125,FX
2003-10,SN,0.125,FX
2003-11,AN,0.125,FX
2003-11,BN,0.125,FX
2003-11,CN,0.125,FX
2003-11,EC,0.125,FX
2003-11,FN,0.125,FX
2003-11,JN,0.125,FX
2003-11,MP,0.125,FX
2003-11,SN,0.125,FX
2003-12,AN,0.125,FX
2003-12,BN,0.125,FX
2003-12,CN,0.125,FX
2003-12,EC,0.125,FX
2003-12,FN,0.125,FX
2003-12,JN,0.125,FX
2003-12,MP,0.125,FX
2003-12,SN,0.125,FX
2004-01,AN,0.125,FX
2004-01,BN,0.125,FX
2004-01,CN,0.125,FX
2004-01,EC,0.125,FX
2004-01,FN,0.125,FX
2004-01,JN,0.125,FX
2004-01,MP,0.125,FX
2004-01,SN,0.125,FX
2004-02,AN,0.125,FX
2004-02,BN,0.125,FX
2004-02,CN,0.125,FX
2004-02,EC,0.125,FX
2004-02,FN,0.125,FX
2004-02,JN,0.125,FX
2004-02,MP,0.125,FX
2004-02,SN,0.125,FX
2004-03,AN,0.125,FX
2004-03,BN,0.125,FX
2004-03,CN,0.125,FX
2004-03,EC,0.125,FX
2004-03,FN,0.125,FX
2004-03,JN,0.125,FX
2004-03,MP,0.125,FX
2004-03,SN,0.125,FX
2004-04,AN,0.125,FX
2004-04,BN,0.125,FX
2004-04,CN,0.125,FX
2004-04,EC,0.125,FX
2004-04,FN,0.125,FX
2004-04,JN,0.125,FX
2004-04,MP,0.125,FX
2004-04,SN,0.125,FX
2004-05,AN,0.125,FX
2004-05,BN,0.125,FX
2004-05,CN,0.125,FX
2004-05,EC,0.125,FX
2004-05,FN,0.125,FX
2004-05,JN,0.125,FX
2004-05,MP,0.125,FX
2004-05,SN,0.125,FX
2004-06,AN,0.125,FX
2004-06,BN,0.125,FX
2004-06,CN,0.125,FX
2004-06,EC,0.125,FX
2004-06,FN,0.125,FX
2004-06,JN,0.125,FX
2004-06,MP,0.125,FX
2004-06,SN,0.125,FX
2004-07,AN,0.125,FX
2004-07,BN,0.125,FX
2004-07,CN,0.125,FX
2004-07,EC,0.125,FX
2004-07,FN,0.125,FX
2004-07,JN,0.125,FX
2004-07,MP,0.125,FX
2004-07,SN,0.125,FX
2004-08,AN,0.125,FX
2004-08,BN,0.125,FX
2004-08,CN,0.125,FX
2004-08,EC,0.125,FX
2004-08,FN,0.125,FX
2004-08,JN,0.125,FX
2004-08,MP,0.125,FX
2004-08,SN,0.125,FX
2004-09,AN,0.125,FX
2004-09,BN,0.125,FX
2004-09,CN,0.125,FX
2004-09,EC,0.125,FX
2004-09,FN,0.125,FX
2004-09,JN,0.125,FX
2004-09,MP,0.125,FX
2004-09,SN,0.125,FX
2004-10,AN,0.125,FX
2004-10,BN,0.125,FX
2004-10,CN,0.125,FX
2004-10,EC,0.125,FX
2004-10,FN,0.125,FX
2004-10,JN,0.125,FX
2004-10,MP,0.125,FX
2004-10,SN,0.125,FX
2004-11,AN,0.125,FX
2004-11,BN,0.125,FX
2004-11,CN,0.125,FX
2004-11,EC,0.125,FX
2004-11,FN,0.125,FX
2004-11,JN,0.125,FX
2004-11,MP,0.125,FX
2004-11,SN,0.125,FX
2004-12,AN,0.125,FX
2004-12,BN,0.125,FX
2004-12,CN,0.125,FX
2004-12,EC,0.125,FX
2004-12,FN,0.125,FX
2004-12,JN,0.125,FX
2004-12,MP,0.125,FX
2004-12,SN,0.125,FX
2005-01,AN,0.125,FX
2005-01,BN,0.125,FX
2005-01,CN,0.125,FX
2005-01,EC,0.125,FX
2005-01,FN,0.125,FX
2005-01,JN,0.125,FX
2005-01,MP,0.125,FX
2005-01,SN,0.125,FX
2005-02,AN,0.125,FX
2005-02,BN,0.125,FX
2005-02,CN,0.125,FX
2005-02,EC,0.125,FX
2005-02,FN,0.125,FX
2005-02,JN,0.125,FX
2005-02,MP,0.125,FX
2005-02,SN,0.125,FX
2005-03,AN,0.125,FX
2005-03,BN,0.125,FX
2005-03,CN,0.125,FX
2005-03,EC,0.125,FX
2005-03,FN,0.125,FX
2005-03,JN,0.125,FX
2005-03,MP,0.125,FX
2005-03,SN,0.125,FX
2005-04,AN,0.125,FX
2005-04,BN,0.125,FX
2005-04,CN,0.125,FX
2005-04,EC,0.125,FX
2005-04,FN,0.125,FX
2005-04,JN,0.125,FX
2005-04,MP,0.125,FX
2005-04,SN,0.125,FX
2005-05,AN,0.125,FX
2005-05,BN,0.125,FX
2005-05,CN,0.125,FX
2005-05,EC,0.125,FX
2005-05,FN,0.125,FX
2005-05,JN,0.125,FX
2005-05,MP,0.125,FX
2005-05,SN,0.125,FX
2005-06,AN,0.125,FX
2005-06,BN,0.125,FX
2005-06,CN,0.125,FX
2005-06,EC,0.125,FX
2005-06,FN,0.125,FX
2005-06,JN,0.125,FX
2005-06,MP,0.125,FX
2005-06,SN,0.125,FX
2005-07,AN,0.125,FX
2005-07,BN,0.125,FX
2005-07,CN,0.125,FX
2005-07,EC,0.125,FX
2005-07,FN,0.125,FX
2005-07,JN,0.125,FX
2005-07,MP,0.125,FX
2005-07,SN,0.125,FX
2005-08,AN,0.125,FX
2005-08,BN,0.125,FX
2005-08,CN,0.125,FX
2005-08,EC,0.125,FX
2005-08,FN,0.125,FX
2005-08,JN,0.125,FX
2005-08,MP,0.125,FX
2005-08,SN,0.125,FX
2005-09,AN,0.125,FX
2005-09,BN,0.125,FX
2005-09,CN,0.125,FX
2005-09,EC,0.125,FX
2005-09,FN,0.125,FX
2005-09,JN,0.125,FX
2005-09,MP,0.125,FX
2005-09,SN,0.125,FX
2005-10,AN,0.125,FX
2005-10,BN,0.125,FX
2005-10,CN,0.125,FX
2005-10,EC,0.125,FX
2005-10,FN,0.125,FX
2005-10,JN,0.125,FX
2005-10,MP,0.125,FX
2005-10,SN,0.125,FX
2005-11,AN,0.125,FX
2005-11,BN,0.125,FX
2005-11,CN,0.125,FX
2005-11,EC,0.125,FX
2005-11,FN,0.125,FX
2005-11,JN,0.125,FX
2005-11,MP,0.125,FX
2005-11,SN,0.125,FX
2005-12,AN,0.125,FX
2005-12,BN,0.125,FX
2005-12,CN,0.125,FX
2005-12,EC,0.125,FX
2005-12,FN,0.125,FX
2005-12,JN,0.125,FX
2005-12,MP,0.125,FX
2005-12,SN,0.125,FX
2006-01,AN,0.125,FX
2006-01,BN,0.125,FX
2006-01,CN,0.125,FX
2006-01,EC,0.125,FX
2006-01,FN,0.125,FX
2006-01,JN,0.125,FX
2006-01,MP,0.125,FX
2006-01,SN,0.125,FX
2006-02,AN,0.125,FX
2006-02,BN,0.125,FX
2006-02,CN,0.125,FX
2006-02,EC,0.125,FX
2006-02,FN,0.125,FX
2006-02,JN,0.125,FX
2006-02,MP,0.125,FX
2006-02,SN,0.125,FX
2006-03,AN,0.125,FX
2006-03,BN,0.125,FX
2006-03,CN,0.125,FX
2006-03,EC,0.125,FX
2006-03,FN,0.125,FX
2006-03,JN,0.125,FX
2006-03,MP,0.125,FX
2006-03,SN,0.125,FX
2006-04,AN,0.125,FX
2006-04,BN,0.125,FX
2006-04,CN,0.125,FX
2006-04,EC,0.125,FX
2006-04,FN,0.125,FX
2006-04,JN,0.125,FX
2006-04,MP,0.125,FX
2006-04,SN,0.125,FX
2006-05,AN,0.125,FX
2006-05,BN,0.125,FX
2006-05,CN,0.125,FX
2006-05,EC,0.125,FX
2006-05,FN,0.125,FX
2006-05,JN,0.125,FX
2006-05,MP,0.125,FX
2006-05,SN,0.125,FX
2006-06,AN,0.125,FX
2006-06,BN,0.125,FX
2006-06,CN,0.125,FX
2006-06,EC,0.125,FX
2006-06,FN,0.125,FX
2006-06,JN,0.125,FX
2006-06,MP,0.125,FX
2006-06,SN,0.125,FX
2006-07,AN,0.125,FX
2006-07,BN,0.125,FX
2006-07,CN,0.125,FX
2006-07,EC,0.125,FX
2006-07,FN,0.125,FX
2006-07,JN,0.125,FX
2006-07,MP,0.125,FX
2006-07,SN,0.125,FX
2006-08,AN,0.125,FX
2006-08,BN,0.125,FX
2006-08,CN,0.125,FX
2006-08,EC,0.125,FX
2006-08,FN,0.125,FX
2006-08,JN,0.125,FX
2006-08,MP,0.125,FX
2006-08,SN,0.125,FX
2006-09,AN,0.125,FX
2006-09,BN,0.125,FX
2006-09,CN,0.125,FX
2006-09,EC,0.125,FX
2006-09,FN,0.125,FX
2006-09,JN,0.125,FX
2006-09,MP,0.125,FX
2006-09,SN,0.125,FX
2006-10,AN,0.125,FX
2006-10,BN,0.125,FX
2006-10,CN,0.125,FX
2006-10,EC,0.125,FX
2006-10,FN,0.125,FX
2006-10,JN,0.125,FX
2006-10,MP,0.125,FX
2006-10,SN,0.125,FX
2006-11,AN,0.125,FX
2006-11,BN,0.125,FX
2006-11,CN,0.125,FX
2006-11,EC,0.125,FX
2006-11,FN,0.125,FX
2006-11,JN,0.125,FX
2006-11,MP,0.125,FX
2006-11,SN,0.125,FX
2006-12,AN,0.125,FX
2006-12,BN,0.125,FX
2006-12,CN,0.125,FX
2006-12,EC,0.125,FX
2006-12,FN,0.125,FX
2006-12,JN,0.125,FX
2006-12,MP,0.125,FX
2006-12,SN,0.125,FX
2007-01,AN,0.125,FX
2007-01,BN,0.125,FX
2007-01,CN,0.125,FX
2007-01,EC,0.125,FX
2007-01,FN,0.125,FX
2007-01,JN,0.125,FX
2007-01,MP,0.125,FX
2007-01,SN,0.125,FX
2007-02,AN,0.125,FX
2007-02,BN,0.125,FX
2007-02,CN,0.125,FX
2007-02,EC,0.125,FX
2007-02,FN,0.125,FX
2007-02,JN,0.125,FX
2007-02,MP,0.125,FX
2007-02,SN,0.125,FX
2007-03,AN,0.125,FX
2007-03,BN,0.125,FX
2007-03,CN,0.125,FX
2007-03,EC,0.125,FX
2007-03,FN,0.125,FX
2007-03,JN,0.125,FX
2007-03,MP,0.125,FX
2007-03,SN,0.125,FX
2007-04,AN,0.125,FX
2007-04,BN,0.125,FX
2007-04,CN,0.125,FX
2007-04,EC,0.125,FX
2007-04,FN,0.125,FX
2007-04,JN,0.125,FX
2007-04,MP,0.125,FX
2007-04,SN,0.125,FX
2007-05,AN,0.125,FX
2007-05,BN,0.125,FX
2007-05,CN,0.125,FX
2007-05,EC,0.125,FX
2007-05,FN,0.125,FX
2007-05,JN,0.125,FX
2007-05,MP,0.125,FX
2007-05,SN,0.125,FX
2007-06,AN,0.125,FX
2007-06,BN,0.125,FX
2007-06,CN,0.125,FX
2007-06,EC,0.125,FX
2007-06,FN,0.125,FX
2007-06,JN,0.125,FX
2007-06,MP,0.125,FX
2007-06,SN,0.125,FX
2007-07,AN,0.125,FX
2007-07,BN,0.125,FX
2007-07,CN,0.125,FX
2007-07,EC,0.125,FX
2007-07,FN,0.125,FX
2007-07,JN,0.125,FX
2007-07,MP,0.125,FX
2007-07,SN,0.125,FX
2007-08,AN,0.125,FX
2007-08,BN,0.125,FX
2007-08,CN,0.125,FX
2007-08,EC,0.125,FX
2007-08,FN,0.125,FX
2007-08,JN,0.125,FX
2007-08,MP,0.125,FX
2007-08,SN,0.125,FX
2007-09,AN,0.125,FX
2007-09,BN,0.125,FX
2007-09,CN,0.125,FX
2007-09,EC,0.125,FX
2007-09,FN,0.125,FX
2007-09,JN,0.125,FX
2007-09,MP,0.125,FX
2007-09,SN,0.125,FX
2007-10,AN,0.125,FX
2007-10,BN,0.125,FX
2007-10,CN,0.125,FX
2007-10,EC,0.125,FX
2007-10,FN,0.125,FX
2007-10,JN,0.125,FX
2007-10,MP,0.125,FX
2007-10,SN,0.125,FX
2007-11,AN,0.125,FX
2007-11,BN,0.125,FX
2007-11,CN,0.125,FX
2007-11,EC,0.125,FX
2007-11,FN,0.125,FX
2007-11,JN,0.125,FX
2007-11,MP,0.125,FX
2007-11,SN,0.125,FX
2007-12,AN,0.125,FX
2007-12,BN,0.125,FX
2007-12,CN,0.125,FX
2007-12,EC,0.125,FX
2007-12,FN,0.125,FX
2007-12,JN,0.125,FX
2007-12,MP,0.125,FX
2007-12,SN,0.125,FX
2008-01,AN,0.125,FX
2008-01,BN,0.125,FX
2008-01,CN,0.125,FX
2008-01,EC,0.125,FX
2008-01,FN,0.125,FX
2008-01,JN,0.125,FX
2008-01,MP,0.125,FX
2008-01,SN,0.125,FX
2008-02,AN,0.125,FX
2008-02,BN,0.125,FX
2008-02,CN,0.125,FX
2008-02,EC,0.125,FX
2008-02,FN,0.125,FX
2008-02,JN,0.125,FX
2008-02,MP,0.125,FX
2008-02,SN,0.125,FX
2008-03,AN,0.125,FX
2008-03,BN,0.125,FX
2008-03,CN,0.125,FX
2008-03,EC,0.125,FX
2008-03,FN,0.125,FX
2008-03,JN,0.125,FX
2008-03,MP,0.125,FX
2008-03,SN,0.125,FX
2008-04,AN,0.125,FX
2008-04,BN,0.125,FX
2008-04,CN,0.125,FX
2008-04,EC,0.125,FX
2008-04,FN,0.125,FX
2008-04,JN,0.125,FX
2008-04,MP,0.125,FX
2008-04,SN,0.125,FX
2008-05,AN,0.125,FX
2008-05,BN,0.125,FX
2008-05,CN,0.125,FX
2008-05,EC,0.125,FX
2008-05,FN,0.125,FX
2008-05,JN,0.125,FX
2008-05,MP,0.125,FX
2008-05,SN,0.125,FX
2008-06,AN,0.125,FX
2008-06,BN,0.125,FX
2008-06,CN,0.125,FX
2008-06,EC,0.125,FX
2008-06,FN,0.125,FX
2008-06,JN,0.125,FX
2008-06,MP,0.125,FX
2008-06,SN,0.125,FX
2008-07,AN,0.125,FX
2008-07,BN,0.125,FX
2008-07,CN,0.125,FX
2008-07,EC,0.125,FX
2008-07,FN,0.125,FX
2008-07,JN,0.125,FX
2008-07,MP,0.125,FX
2008-07,SN,0.125,FX
2008-08,AN,0.125,FX
2008-08,BN,0.125,FX
2008-08,CN,0.125,FX
2008-08,EC,0.125,FX
2008-08,FN,0.125,FX
2008-08,JN,0.125,FX
2008-08,MP,0.125,FX
2008-08,SN,0.125,FX
2008-09,AN,0.125,FX
2008-09,BN,0.125,FX
2008-09,CN,0.125,FX
2008-09,EC,0.125,FX
2008-09,FN,0.125,FX
2008-09,JN,0.125,FX
2008-09,MP,0.125,FX
2008-09,SN,0.125,FX
2008-10,AN,0.125,FX
2008-10,BN,0.125,FX
2008-10,CN,0.125,FX
2008-10,EC,0.125,FX
2008-10,FN,0.125,FX
2008-10,JN,0.125,FX
2008-10,MP,0.125,FX
2008-10,SN,0.125,FX
2008-11,AN,0.125,FX
2008-11,BN,0.125,FX
2008-11,CN,0.125,FX
2008-11,EC,0.125,FX
2008-11,FN,0.125,FX
2008-11,JN,0.125,FX
2008-11,MP,0.125,FX
2008-11,SN,0.125,FX
2008-12,AN,0.125,FX
2008-12,BN,0.125,FX
2008-12,CN,0.125,FX
2008-12,EC,0.125,FX
2008-12,FN,0.125,FX
2008-12,JN,0.125,FX
2008-12,MP,0.125,FX
2008-12,SN,0.125,FX
2009-01,AN,0.125,FX
2009-01,BN,0.125,FX
2009-01,CN,0.125,FX
2009-01,EC,0.125,FX
2009-01,FN,0.125,FX
2009-01,JN,0.125,FX
2009-01,MP,0.125,FX
2009-01,SN,0.125,FX
2009-02,AN,0.125,FX
2009-02,BN,0.125,FX
2009-02,CN,0.125,FX
2009-02,EC,0.125,FX
2009-02,FN,0.125,FX
2009-02,JN,0.125,FX
2009-02,MP,0.125,FX
2009-02,SN,0.125,FX
2009-03,AN,0.125,FX
2009-03,BN,0.125,FX
2009-03,CN,0.125,FX
2009-03,EC,0.125,FX
2009-03,FN,0.125,FX
2009-03,JN,0.125,FX
2009-03,MP,0.125,FX
2009-03,SN,0.125,FX
2009-04,AN,0.125,FX
2009-04,BN,0.125,FX
2009-04,CN,0.125,FX
2009-04,EC,0.125,FX
2009-04,FN,0.125,FX
2009-04,JN,0.125,FX
2009-04,MP,0.125,FX
2009-04,SN,0.125,FX
2009-05,AN,0.125,FX
2009-05,BN,0.125,FX
2009-05,CN,0.125,FX
2009-05,EC,0.125,FX
2009-05,FN,0.125,FX
2009-05,JN,0.125,FX
2009-05,MP,0.125,FX
2009-05,SN,0.125,FX
2009-06,AN,0.125,FX
2009-06,BN,0.125,FX
2009-06,CN,0.125,FX
2009-06,EC,0.125,FX
2009-06,FN,0.125,FX
2009-06,JN,0.125,FX
2009-06,MP,0.125,FX
2009-06,SN,0.125,FX
2009-07,AN,0.125,FX
2009-07,BN,0.125,FX
2009-07,CN,0.125,FX
2009-07,EC,0.125,FX
2009-07,FN,0.125,FX
2009-07,JN,0.125,FX
2009-07,MP,0.125,FX
2009-07,SN,0.125,FX
2009-08,AN,0.125,FX
2009-08,BN,0.125,FX
2009-08,CN,0.125,FX
2009-08,EC,0.125,FX
2009-08,FN,0.125,FX
2009-08,JN,0.125,FX
2009-08,MP,0.125,FX
2009-08,SN,0.125,FX
2009-09,AN,0.125,FX
2009-09,BN,0.125,FX
2009-09,CN,0.125,FX
2009-09,EC,0.125,FX
2009-09,FN,0.125,FX
2009-09,JN,0.125,FX
2009-09,MP,0.125,FX
2009-09,SN,0.125,FX
2009-10,AN,0.125,FX
2009-10,BN,0.125,FX
2009-10,CN,0.125,FX
2009-10,EC,0.125,FX
2009-10,FN,0.125,FX
2009-10,JN,0.125,FX
2009-10,MP,0.125,FX
2009-10,SN,0.125,FX
2009-11,AN,0.125,FX
2009-11,BN,0.125,FX
2009-11,CN,0.125,FX
2009-11,EC,0.125,FX
2009-11,FN,0.125,FX
2009-11,JN,0.125,FX
2009-11,MP,0.125,FX
2009-11,SN,0.125,FX
2009-12,AN,0.125,FX
2009-12,BN,0.125,FX
2009-12,CN,0.125,FX
2009-12,EC,0.125,FX
2009-12,FN,0.125,FX
2009-12,JN,0.125,FX
2009-12,MP,0.125,FX
2009-12,SN,0.125,FX
2010-01,AN,0.125,FX
2010-01,BN,0.125,FX
2010-01,CN,0.125,FX
2010-01,EC,0.125,FX
2010-01,FN,0.125,FX
2010-01,JN,0.125,FX
2010-01,MP,0.125,FX
2010-01,SN,0.125,FX
2010-02,AN,0.125,FX
2010-02,BN,0.125,FX
2010-02,CN,0.125,FX
2010-02,EC,0.125,FX
2010-02,FN,0.125,FX
2010-02,JN,0.125,FX
2010-02,MP,0.125,FX
2010-02,SN,0.125,FX
2010-03,AN,0.125,FX
2010-03,BN,0.125,FX
2010-03,CN,0.125,FX
2010-03,EC,0.125,FX
2010-03,FN,0.125,FX
2010-03,JN,0.125,FX
2010-03,MP,0.125,FX
2010-03,SN,0.125,FX
2010-04,AN,0.125,FX
2010-04,BN,0.125,FX
2010-04,CN,0.125,FX
2010-04,EC,0.125,FX
2010-04,FN,0.125,FX
2010-04,JN,0.125,FX
2010-04,MP,0.125,FX
2010-04,SN,0.125,FX
2010-05,AN,0.125,FX
2010-05,BN,0.125,FX
2010-05,CN,0.125,FX
2010-05,EC,0.125,FX
2010-05,FN,0.125,FX
2010-05,JN,0.125,FX
2010-05,MP,0.125,FX
2010-05,SN,0.125,FX
2010-06,AN,0.125,FX
2010-06,BN,0.125,FX
2010-06,CN,0.125,FX
2010-06,EC,0.125,FX
2010-06,FN,0.125,FX
2010-06,JN,0.125,FX
2010-06,MP,0.125,FX
2010-06,SN,0.125,FX
2010-07,AN,0.125,FX
2010-07,BN,0.125,FX
2010-07,CN,0.125,FX
2010-07,EC,0.125,FX
2010-07,FN,0.125,FX
2010-07,JN,0.125,FX
2010-07,MP,0.125,FX
2010-07,SN,0.125,FX
2010-08,AN,0.125,FX
2010-08,BN,0.125,FX
2010-08,CN,0.125,FX
2010-08,EC,0.125,FX
2010-08,FN,0.125,FX
2010-08,JN,0.125,FX
2010-08,MP,0.125,FX
2010-08,SN,0.125,FX
2010-09,AN,0.125,FX
2010-09,BN,0.125,FX
2010-09,CN,0.125,FX
2010-09,EC,0.125,FX
2010-09,FN,0.125,FX
2010-09,JN,0.125,FX
2010-09,MP,0.125,FX
2010-09,SN,0.125,FX
2010-10,AN,0.125,FX
2010-10,BN,0.125,FX
2010-10,CN,0.125,FX
2010-10,EC,0.125,FX
2010-10,FN,0.125,FX
2010-10,JN,0.125,FX
2010-10,MP,0.125,FX
2010-10,SN,0.125,FX
2010-11,AN,0.125,FX
2010-11,BN,0.125,FX
2010-11,CN,0.125,FX
2010-11,EC,0.125,FX
2010-11,FN,0.125,FX
2010-11,JN,0.125,FX
2010-11,MP,0.125,FX
2010-11,SN,0.125,FX
2010-12,AN,0.125,FX
2010-12,BN,0.125,FX
2010-12,CN,0.125,FX
2010-12,EC,0.125,FX
2010-12,FN,0.125,FX
2010-12,JN,0.125,FX
2010-12,MP,0.125,FX
2010-12,SN,0.125,FX
2011-01,AN,0.125,FX
2011-01,BN,0.125,FX
2011-01,CN,0.125,FX
2011-01,EC,0.125,FX
2011-01,FN,0.125,FX
2011-01,JN,0.125,FX
2011-01,MP,0.125,FX
2011-01,SN,0.125,FX
2011-02,AN,0.125,FX
2011-02,BN,0.125,FX
2011-02,CN,0.125,FX
2011-02,EC,0.125,FX
2011-02,FN,0.125,FX
2011-02,JN,0.125,FX
2011-02,MP,0.125,FX
2011-02,SN,0.125,FX
2011-03,AN,0.125,FX
2011-03,BN,0.125,FX
2011-03,CN,0.125,FX
2011-03,EC,0.125,FX
2011-03,FN,0.125,FX
2011-03,JN,0.125,FX
2011-03,MP,0.125,FX
2011-03,SN,0.125,FX
2011-04,AN,0.125,FX
2011-04,BN,0.125,FX
2011-04,CN,0.125,FX
2011-04,EC,0.125,FX
2011-04,FN,0.125,FX
2011-04,JN,0.125,FX
2011-04,MP,0.125,FX
2011-04,SN,0.125,FX
2011-05,AN,0.125,FX
2011-05,BN,0.125,FX
2011-05,CN,0.125,FX
2011-05,EC,0.125,FX
2011-05,FN,0.125,FX
2011-05,JN,0.125,FX
2011-05,MP,0.125,FX
2011-05,SN,0.125,FX
2011-06,AN,0.125,FX
2011-06,BN,0.125,FX
2011-06,CN,0.125,FX
2011-06,EC,0.125,FX
2011-06,FN,0.125,FX
2011-06,JN,0.125,FX
2011-06,MP,0.125,FX
2011-06,SN,0.125,FX
2011-07,AN,0.125,FX
2011-07,BN,0.125,FX
2011-07,CN,0.125,FX
2011-07,EC,0.125,FX
2011-07,FN,0.125,FX
2011-07,JN,0.125,FX
2011-07,MP,0.125,FX
2011-07,SN,0.125,FX
2011-08,AN,0.125,FX
2011-08,BN,0.125,FX
2011-08,CN,0.125,FX
2011-08,EC,0.125,FX
2011-08,FN,0.125,FX
2011-08,JN,0.125,FX
2011-08,MP,0.125,FX
2011-08,SN,0.125,FX
2011-09,AN,0.125,FX
2011-09,BN,0.125,FX
2011-09,CN,0.125,FX
2011-09,EC,0.125,FX
2011-09,FN,0.125,FX
2011-09,JN,0.125,FX
2011-09,MP,0.125,FX
2011-09,SN,0.125,FX
2011-10,AN,0.125,FX
2011-10,BN,0.125,FX
2011-10,CN,0.125,FX
2011-10,EC,0.125,FX
2011-10,FN,0.125,FX
2011-10,JN,0.125,FX
2011-10,MP,0.125,FX
2011-10,SN,0.125,FX
2011-11,AN,0.125,FX
2011-11,BN,0.125,FX
2011-11,CN,0.125,FX
2011-11,EC,0.125,FX
2011-11,FN,0.125,FX
2011-11,JN,0.125,FX
2011-11,MP,0.125,FX
2011-11,SN,0.125,FX
2011-12,AN,0.125,FX
2011-12,BN,0.125,FX
2011-12,CN,0.125,FX
2011-12,EC,0.125,FX
2011-12,FN,0.125,FX
2011-12,JN,0.125,FX
2011-12,MP,0.125,FX
2011-12,SN,0.125,FX
2012-01,AN,0.125,FX
2012-01,BN,0.125,FX
2012-01,CN,0.125,FX
2012-01,EC,0.125,FX
2012-01,FN,0.125,FX
2012-01,JN,0.125,FX
2012-01,MP,0.125,FX
2012-01,SN,0.125,FX
2012-02,AN,0.125,FX
2012-02,BN,0.125,FX
2012-02,CN,0.125,FX
2012-02,EC,0.125,FX
2012-02,FN,0.125,FX
2012-02,JN,0.125,FX
2012-02,MP,0.125,FX
2012-02,SN,0.125,FX
2012-03,AN,0.125,FX
2012-03,BN,0.125,FX
2012-03,CN,0.125,FX
2012-03,EC,0.125,FX
2012-03,FN,0.125,FX
2012-03,JN,0.125,FX
2012-03,MP,0.125,FX
2012-03,SN,0.125,FX
2012-04,AN,0.125,FX
2012-04,BN,0.125,FX
2012-04,CN,0.125,FX
2012-04,EC,0.125,FX
2012-04,FN,0.125,FX
2012-04,JN,0.125,FX
2012-04,MP,0.125,FX
2012-04,SN,0.125,FX
2012-05,AN,0.125,FX
2012-05,BN,0.125,FX
2012-05,CN,0.125,FX
2012-05,EC,0.125,FX
2012-05,FN,0.125,FX
2012-05,JN,0.125,FX
2012-05,MP,0.125,FX
2012-05,SN,0.125,FX
2012-06,AN,0.125,FX
2012-06,BN,0.125,FX
2012-06,CN,0.125,FX
2012-06,EC,0.125,FX
2012-06,FN,0.125,FX
2012-06,JN,0.125,FX
2012-06,MP,0.125,FX
2012-06,SN,0.125,FX
2012-07,AN,0.125,FX
2012-07,BN,0.125,FX
2012-07,CN,0.125,FX
2012-07,EC,0.125,FX
2012-07,FN,0.125,FX
2012-07,JN,0.125,FX
2012-07,MP,0.125,FX
2012-07,SN,0.125,FX
2012-08,AN,0.125,FX
2012-08,BN,0.125,FX
2012-08,CN,0.125,FX
2012-08,EC,0.125,FX
2012-08,FN,0.125,FX
2012-08,JN,0.125,FX
2012-08,MP,0.125,FX
2012-08,SN,0.125,FX
2012-09,AN,0.125,FX
2012-09,BN,0.125,FX
2012-09,CN,0.125,FX
2012-09,EC,0.125,FX
2012-09,FN,0.125,FX
2012-09,JN,0.125,FX
2012-09,MP,0.125,FX
2012-09,SN,0.125,FX
2012-10,AN,0.125,FX
2012-10,BN,0.125,FX
2012-10,CN,0.125,FX
2012-10,EC,0.125,FX
2012-10,FN,0.125,FX
2012-10,JN,0.125,FX
2012-10,MP,0.125,FX
2012-10,SN,0.125,FX
2012-11,AN,0.125,FX
2012-11,BN,0.125,FX
2012-11,CN,0.125,FX
2012-11,EC,0.125,FX
2012-11,FN,0.125,FX
2012-11,JN,0.125,FX
2012-11,MP,0.125,FX
2012-11,SN,0.125,FX
2012-12,AN,0.125,FX
2012-12,BN,0.125,FX
2012-12,CN,0.125,FX
2012-12,EC,0.125,FX
2012-12,FN,0.125,FX
2012-12,JN,0.125,FX
2012-12,MP,0.125,FX
2012-12,SN,0.125,FX
2013-01,AN,0.125,FX
2013-01,BN,0.125,FX
2013-01,CN,0.125,FX
2013-01,EC,0.125,FX
2013-01,FN,0.125,FX
2013-01,JN,0.125,FX
2013-01,MP,0.125,FX
2013-01,SN,0.125,FX
2013-02,AN,0.125,FX
2013-02,BN,0.125,FX
2013-02,CN,0.125,FX
2013-02,EC,0.125,FX
2013-02,FN,0.125,FX
2013-02,JN,0.125,FX
2013-02,MP,0.125,FX
2013-02,SN,0.125,FX
2013-03,AN,0.125,FX
2013-03,BN,0.125,FX
2013-03,CN,0.125,FX
2013-03,EC,0.125,FX
2013-03,FN,0.125,FX
2013-03,JN,0.125,FX
2013-03,MP,0.125,FX
2013-03,SN,0.125,FX
2013-04,AN,0.125,FX
2013-04,BN,0.125,FX
2013-04,CN,0.125,FX
2013-04,EC,0.125,FX
2013-04,FN,0.125,FX
2013-04,JN,0.125,FX
2013-04,MP,0.125,FX
2013-04,SN,0.125,FX
2013-05,AN,0.125,FX
2013-05,BN,0.125,FX
2013-05,CN,0.125,FX
2013-05,EC,0.125,FX
2013-05,FN,0.125,FX
2013-05,JN,0.125,FX
2013-05,MP,0.125,FX
2013-05,SN,0.125,FX
2013-06,AN,0.125,FX
2013-06,BN,0.125,FX
2013-06,CN,0.125,FX
2013-06,EC,0.125,FX
2013-06,FN,0.125,FX
2013-06,JN,0.125,FX
2013-06,MP,0.125,FX
2013-06,SN,0.125,FX
2013-07,AN,0.125,FX
2013-07,BN,0.125,FX
2013-07,CN,0.125,FX
2013-07,EC,0.125,FX
2013-07,FN,0.125,FX
2013-07,JN,0.125,FX
2013-07,MP,0.125,FX
2013-07,SN,0.125,FX
2013-08,AN,0.125,FX
2013-08,BN,0.125,FX
2013-08,CN,0.125,FX
2013-08,EC,0.125,FX
2013-08,FN,0.125,FX
2013-08,JN,0.125,FX
2013-08,MP,0.125,FX
2013-08,SN,0.125,FX
2013-09,AN,0.125,FX
2013-09,BN,0.125,FX
2013-09,CN,0.125,FX
2013-09,EC,0.125,FX
2013-09,FN,0.125,FX
2013-09,JN,0.125,FX
2013-09,MP,0.125,FX
2013-09,SN,0.125,FX
2013-10,AN,0.125,FX
2013-10,BN,0.125,FX
2013-10,CN,0.125,FX
2013-10,EC,0.125,FX
2013-10,FN,0.125,FX
2013-10,JN,0.125,FX
2013-10,MP,0.125,FX
2013-10,SN,0.125,FX
2013-11,AN,0.125,FX
2013-11,BN,0.125,FX
2013-11,CN,0.125,FX
2013-11,EC,0.125,FX
2013-11,FN,0.125,FX
2013-11,JN,0.125,FX
2013-11,MP,0.125,FX
2013-11,SN,0.125,FX
2013-12,AN,0.125,FX
2013-12,BN,0.125,FX
2013-12,CN,0.125,FX
2013-12,EC,0.125,FX
2013-12,FN,0.125,FX
2013-12,JN,0.125,FX
2013-12,MP,0.125,FX
2013-12,SN,0.125,FX
2014-01,AN,0.125,FX
2014-01,BN,0.125,FX
2014-01,CN,0.125,FX
2014-01,EC,0.125,FX
2014-01,FN,0.125,FX
2014-01,JN,0.125,FX
2014-01,MP,0.125,FX
2014-01,SN,0.125,FX
2014-02,AN,0.125,FX
2014-02,BN,0.125,FX
2014-02,CN,0.125,FX
2014-02,EC,0.125,FX
2014-02,FN,0.125,FX
2014-02,JN,0.125,FX
2014-02,MP,0.125,FX
2014-02,SN,0.125,FX
2014-03,AN,0.125,FX
2014-03,BN,0.125,FX
2014-03,CN,0.125,FX
2014-03,EC,0.125,FX
2014-03,FN,0.125,FX
2014-03,JN,0.125,FX
2014-03,MP,0.125,FX
2014-03,SN,0.125,FX
2014-04,AN,0.125,FX
2014-04,BN,0.125,FX
2014-04,CN,0.125,FX
2014-04,EC,0.125,FX
2014-04,FN,0.125,FX
2014-04,JN,0.125,FX
2014-04,MP,0.125,FX
2014-04,SN,0.125,FX
2014-05,AN,0.125,FX
2014-05,BN,0.125,FX
2014-05,CN,0.125,FX
2014-05,EC,0.125,FX
2014-05,FN,0.125,FX
2014-05,JN,0.125,FX
2014-05,MP,0.125,FX
2014-05,SN,0.125,FX
2014-06,AN,0.125,FX
2014-06,BN,0.125,FX
2014-06,CN,0.125,FX
2014-06,EC,0.125,FX
2014-06,FN,0.125,FX
2014-06,JN,0.125,FX
2014-06,MP,0.125,FX
2014-06,SN,0.125,FX
2014-07,AN,0.125,FX
2014-07,BN,0.125,FX
2014-07,CN,0.125,FX
2014-07,EC,0.125,FX
2014-07,FN,0.125,FX
2014-07,JN,0.125,FX
2014-07,MP,0.125,FX
2014-07,SN,0.125,FX
2014-08,AN,0.125,FX
2014-08,BN,0.125,FX
2014-08,CN,0.125,FX
2014-08,EC,0.125,FX
2014-08,FN,0.125,FX
2014-08,JN,0.125,FX
2014-08,MP,0.125,FX
2014-08,SN,0.125,FX
2014-09,AN,0.125,FX
2014-09,BN,0.125,FX
2014-09,CN,0.125,FX
2014-09,EC,0.125,FX
2014-09,FN,0.125,FX
2014-09,JN,0.125,FX
2014-09,MP,0.125,FX
2014-09,SN,0.125,FX
2014-10,AN,0.125,FX
2014-10,BN,0.125,FX
2014-10,CN,0.125,FX
2014-10,EC,0.125,FX
2014-10,FN,0.125,FX
2014-10,JN,0.125,FX
2014-10,MP,0.125,FX
2014-10,SN,0.125,FX
2014-11,AN,0.125,FX
2014-11,BN,0.125,FX
2014-11,CN,0.125,FX
2014-11,EC,0.125,FX
2014-11,FN,0.125,FX
2014-11,JN,0.125,FX
2014-11,MP,0.125,FX
2014-11,SN,0.125,FX
2014-12,AN,0.125,FX
2014-12,BN,0.125,FX
2014-12,CN,0.125,FX
2014-12,EC,0.125,FX
2014-12,FN,0.125,FX
2014-12,JN,0.125,FX
2014-12,MP,0.125,FX
2014-12,SN,0.125,FX
