Month,AN,AP,AX,BN,CA,CB,CC,CN,CT,DA,DT,EC,FB,FN,GS,HS,JN,JO,KC,LB,LX,MD,MP,MW,ND,NK,RL,SB,SN,SP,SS,TU,TY,UB,US,UZ,XU,XX,ZA,ZB,ZC,ZD,ZF,ZG,ZI,ZK,ZL,ZM,ZN,ZO,ZP,ZR,ZS,ZT,ZU,ZW,ZZ
1969-01,,,,,,,,,,,,,,,,,,,,,,,,,,,,,,,,,,,,,,,,,,,,,,,,,,,,,,,,,
1969-02,,,,,,,,,,,,,,,,,,,,,,,,,,,,,,,,,,,,,,,,,,,,,,,0.04229195088676674,-0.0219780219780219,,,,,-0.007955047667150716,,,-0.03882435501872139,
1969-03,,,,,,,,,,,,,,,,,,,,,,,,,,,,,,,,,,,,,,,,,,,,,,,0.006821282401091366,-0.017268445839874302,,,,,-0.022413031125702476,,,-0.08081167577867254,
1969-04,,,,,,,,,,,,,,,,,,,,,,,,,,,,,,,,,,,,,,,,,,,,,,,0.03137789904502042,0.008372579801151359,,,,,-0.0084390849590672,,,-0.04794731188977619,
1969-05,,,,,,,,,,,,,,,,,,,,,,,,,,,,,,,,,,,,,,,,,,,,,,,-0.04638472032742158,0.04238618524332827,,,,,-0.018982679882989295,,,-0.06257945057843217,
1969-06,,,,,,,,,,,,,,,,,,,,,,,,,,,,,,,,,,,,,,,,,,,,,,,-0.05320600272851295,0.03192046049188901,,,,,-0.025927562767009693,,,-0.08329842755156691,
1969-07,,,,,,,,,,,,,,,,,,,,,,,,,,,,,,,,,,,,,,,,,,,,,,,-0.02046384720327421,0.006279434850863463,,,,,-0.022665572321485028,,,-0.11200147471224409,
1969-08,,,,,,,,,,,,,,,,,,,,,,,,,,,,,,,,,,,,,,,,,,,,,,,0.05593451568894969,0.020408163265306145,,,,,-0.015973230633247182,,,-0.08132453981403664,
1969-09,,,,,,,,,,,,,,,,,,,,,,,,,,,,,,,,,,,,,,,,,,,,,,,0.22783083219645328,0.03976975405546823,,,,,-0.016478313024812286,,,-0.07273087322858873,
1969-10,,,,,,,,,,,,,,,,,,,,,,,,,,,,,,,,,,,,,,,,,,,,,,,0.4815825375170535,0.07221350078492894,,,,,0.015741734537112917,,,-0.0701875421493019,
1969-11,,,,,,,,,,,,,,,,,,,,,,,,,,,,,,,,,,,,,,,,,,,,,,,0.38062755798090064,0.08163265306122436,,,,,-0.007660416272071258,,,-0.026350443098100418,
1969-12,,,,,,,,,,,,,,,,,,,,,,,,,,,,,,,,,,,,,,,,,,,,,,,0.43929058663028675,0.24385138670852924,,,,,0.0020834648652059418,,,-0.0009299082776439427,
1970-01,,,,,,,,,,,,,,,,,,,,,,,,,,,,,,,,,,,,,,,,,,,,,,,0.5675306957708053,0.2836211407639977,,,,,0.011048677315486977,,,-0.025536431141615412,
1970-02,,,,,,,,,,,,,,,,,,,,,,,,,,,,,,,,,,,,,,,,,0.013586634968104194,,,,,,0.8949522510231926,0.3710099424385136,,,,,0.018035650398804615,,,0.03257507937072868,0.014529525815640154
1970-03,,,,,,,,,,,,,,,,,,,,,,,,,,,,,,,,,,,,,,,,,0.011528379895079155,,,,,,0.896316507503411,0.2888540031397171,,,,,0.011217038112675493,,,0.011537615656771694,-0.057304258323958024
1970-04,,,,,,,,,,,,,,,,,,,,,,,,,,,,,,,,,,,,,,,,,0.054619061450029927,,,,,,1.1323328785811735,0.36263736263736246,,,,,0.030347033693204573,,,0.0659924603511386,-0.06249850396150991
1970-05,,,,,,,,,,,,,,,,,,,,,,,,,,,,,,,,,,,,,,,,,0.05568046127862836,,,,,,1.09549795361528,0.3328100470957611,,,,,0.03943851674137688,,,0.00791562747819663,-0.09615338583431077
1970-06,,,,,,,,,,,,,,,,,,,,,,,,,,,,,,,,,,,,,,,,,0.12936527573087786,,,,,,0.9413369713506143,0.4563055991627418,,,,,0.11581118336595342,,,0.0431417211242493,-0.058477152500179375
1970-07,,,,,,,,,,,,,,,,,,,,,,,,,,,,,,,,,,,,,,,,,0.07397526508102148,,,,,,1.1377899045020468,0.47148090005232857,,,,,0.09175663446766413,,,0.08082718945945788,-0.07923019843454526
1970-08,,,,,,,,,,,,,,,,,,,,,,,,,,,,,,,,,,,,,,,,,0.28481373508751195,,,,,,1.0791268758526606,0.5170068027210881,,,,,0.06498726771471275,,,0.17217265449116503,-0.12377624051511582
1970-09,,,,,,,,,,,,,,,,,,,,,,,,,,,,,,,,,,,,,,,,,0.243234472545244,,,,,,1.4542974079126876,0.4992150706436418,,,,,0.09072542458488542,,,0.20164591027434575,-0.12040117768149927
1970-10,,,,,,,,,,,,,,,,,,,,,,,,,,,,,,,,,,,,,,,,,0.21313159564969508,,,,,,1.9222373806275583,0.49816849816849795,,,,,0.16101605741103175,,,0.2453214845314915,-0.26775498480024873
1970-11,,,,,,,,,,,,,,,,,,,,,,,,,,,,,,,,,,,,,,,,,0.21274253523955022,,,,,,1.73806275579809,0.5698587127158552,,,,,0.12709135677757422,,,0.21056353901736347,-0.2504966847787058
1970-12,,,,,,,,,,,,,,,,,,,,,,,,,,,,,,,,,,,,,,,,,0.23863029220767595,,,,,,1.6289222373806278,0.5839874411302977,,,,,0.10697224151356366,,,0.18420944564143138,-0.27701845513081347
1971-01,,,,,,,,,,,,,,,,,,,,,,,,,,,,,,,,,,,,,,,,,0.22572675408872023,,,,,,1.7748976807639836,0.5416012558869696,,,,,0.142285918723825,,,0.17015313828073753,-0.17483304210450712
1971-02,,,,,,,,,,,,,,,,,,,,,,,,,,,,,,,,,,,,,,,,,0.19404074197585341,,,,,,1.747612551159618,0.526949241234955,,,,,0.12795420586316486,-0.019572075455501436,,0.17230953990985665,-0.17832778801732996
1971-03,,,,,,,,,,,,,,,,,,,,,,,,,,,,,,,,,,,,,,,,,0.14416391455731392,,,,,,1.6821282401091406,0.5211930926216637,,,,,0.10137424500705028,0.02888597978410612,,0.1443046083845061,-0.17600593628072847
1971-04,,,,,,,,,,,,,,,,,,,,,,,,,,,,,,,,,,,,,,,,,0.12182969552885337,,,,,,1.480218281036835,0.5368916797488223,,,,,0.07304754088010612,0.04423031525634702,,0.142486770024284,-0.14699475788113048
1971-05,,,,,,,,,,,,,,,,,,,,,,,,,,,,,,,,,,,,,,,,,0.1635972131082879,,,,,,1.6834924965893592,0.5986394557823125,,,,,0.1278700254645706,0.07504774985514095,,0.1857772399701776,-0.1255475500873684
1971-06,,,,,,,,,,,,,,,,,,,,,,,,,,,,,,,,,,,,,,,,,0.1740695718901164,,,,,,2.0313778990450206,0.6237571951857661,,,,,0.16958141296799067,0.04772839453183675,,0.16106394647962685,-0.17617349259161708
1971-07,,,,,,,,,,,,,,,,,,,,,,,,,,,,,,,,,,,,,,,,,0.035368639220875187,,,,,,2.3451568894952257,0.6248037676609102,,,,,0.1954037502367576,0.1363607099169475,,0.09525765029790856,-0.22019292912368016
1971-08,,,,,,,,,,,,,,,,,,,,,,,,,,,,,,,,,,,,,,,,,-0.04743309774560123,,,,,,2.211459754433834,0.528519099947671,,,,,0.153776543131932,0.1524776273150632,,0.08723068934584322,-0.2609809225171743
1971-09,,,,,,,,,,,,,,,,,,,,,,,,,,,,,,,,,,,,,,,,,-0.09360399028962596,,,,,,2.0873124147339706,0.5463108320251173,,,,,0.13454132205316016,0.16589050797261606,,0.06639307834317565,-0.20678842425257893
1971-10,,,,,,,,,,,,,,,,,,,,,,,,,,,,,,,,,,,,,,,,,-0.0705597808352787,,,,,,2.3178717598908603,0.5766614338042904,,,,,0.172296230822653,0.19578513638217032,,0.17166800358092282,-0.18962587069440096
1971-11,,,,,,,,,,,,,,,,,,,,,,,,,,,,,,,,,,,,,,,,,-0.07281704837616598,,,,,,2.098226466575717,0.5279958137100988,,,,,0.12606014689479572,0.2593514603944458,,0.17733505991474807,-0.14512770184551282
1971-12,,,,,,,,,,,,,,,,,,,,,,,,,,,,,,,,,,,,,,,,,-0.04471146777970236,,,,,,1.9618008185538889,0.5960230245944527,,,,,0.12989035503083102,0.28662789449964565,,0.23510435688036346,-0.09165330205615496
1972-01,,,,,,,,,,,,,,,,,,,,,,,,,,,,,,,,,,,,,,,,,-0.06507349118069983,,,,,,1.8676671214188274,0.6169544740973307,,,,,0.12054633078687638,0.3642294568319846,,0.2464612837844622,-0.007851209995930364
1972-02,,,,,,,,,,,,,,,,,,,,,,,,,,,,,,,,,,,,,,,,,-0.08985323278721458,,,,,,1.859481582537518,0.7148090005232861,,,,,0.17665256644990213,0.36225508079919266,,0.24256369962958835,-0.08806280967996705
1972-03,,,,,,,,,,,,,,,,,,,,,,,,,,,,,,,,,,,,,,,,,-0.06733255162670293,,,,,,1.9849931787175996,0.7807430664573518,,,,,0.2060315255592735,0.36180440800909897,,0.2646086400251142,-0.052038202838882275
1972-04,,,,,,,,,,,,,,,,,,,,,,,,,,,,,,,,,,,,,,,,,-0.07546516923231394,,,,,,1.8281036834924977,0.801151229722658,,,,,0.21426015952185518,0.42631499881966617,,0.27035782761015437,-0.03025588242334265
1972-05,,,,,,,,,,,,,,,,,,,,,,,,,,,,,,,,,,,,,,,,,-0.08639651172380669,,,,,,1.840381991814462,0.8267922553636833,,,,,0.21253446135067433,0.5093031740240781,,0.2562832688603014,-0.013787490724560869
1972-06,,,,,,,,,,,,,,,,,,,,,,,,,,,,,,,,,,,,,,,,,-0.11392656977807436,,,,,,1.5511596180081861,0.886446886446886,,,,,0.17570553696571722,0.5863896817391674,,0.24848901312001148,0.029920769801565994
1972-07,,,,,,,,,,,,,,,,,,,,,,,,,,,,,,,,,,,,,,,,,-0.0889424369883498,,,,,,1.4406548431105057,0.8953427524856092,,,,,0.160952922112086,0.48775672253578506,,0.3458026824066649,-0.010915096823610693
1972-08,,,,,,,,,,,,,,,,,,,,,,,,,,,,,,,,,,,,,,,,,-0.04161153483435376,,,,,,1.4693042291950897,0.9387755102040811,,,,,0.21933202853715494,0.4899457046590978,,0.5950965817885818,0.04926155540129784
1972-09,,,,,,,,,,,,,,,,,,,,,,,,,,,,,,,,,,,,,,,,,0.0003657526436384728,,,,,,1.4297407912687592,1.0392464678178959,,,,,0.2591704021718544,0.5918406764383968,,0.7808126796050767,0.12193312109534005
1972-10,,,,,,,,,,,,,,,,,,,,,,,,,,,,,,,,,,,,,,,,,-0.023763164405813386,,,,,,1.4297407912687592,1.1480900052328615,,,,,0.27600648189069177,0.5318582741378193,,0.8200194012266762,0.11331593939248918
1972-11,,,,,,,,,,,,,,,,,,,,,,,,,,,,,,,,,,,,,,,,,-0.002929606959340525,,,,,,1.3192360163710783,1.452642595499737,,,,,0.36452217101247975,0.5139601261883808,,1.0108677896746414,0.1586279531799799
1972-12,,,,,,,,,,,,,,,,,,,,,,,,,,,,,,,,,,,,,,,,,0.07239750857905092,,,,,,1.3001364256480223,2.286237571951856,,,,,0.5380179725151,0.6265210206665659,,1.1623999481660543,0.2740981879981814
1973-01,,,,,,,,,,,,,,,,,,,,,,,,,,,,,,,,,,,,,,,,,0.1191744030522417,,,,,,1.462482946793998,2.876504447933017,,,,,0.7683776332680934,0.7543404081807836,,1.0231546248563839,0.34186274744476686
1973-02,,,,,,,,,0.03921293042867169,,,,,,,,,0.026596317432970862,,,,,,,,,,,,,,,,,,,,,,,0.14981873729278505,,,,0.22966619652092146,,2.1255115961800826,3.6661433804290917,,,0.19281482896999824,,1.3406359829113792,0.8199454900530074,,0.9908524037535804,0.5466404959666809
1973-03,,,,,,,,,0.11510892480674628,,,,,,,,,0.061699149348551696,,,,,,,,,,,,,,,,,,,,,,,0.12713131595649707,,,,0.06281669539779555,,2.386084583901774,2.8116169544740948,,,0.008599273839098087,,1.0697855504345815,0.7967036504495995,,0.8810702979630534,0.48184407688441055
1973-04,,,,,,,,,0.3731553056921997,,,,,,,,,-0.01905889953698725,,,,,,,,,,,,,,,,,,,,,,,0.19512186376072616,,,,0.03356318236431077,,2.6834924965893587,4.256410256410252,,,-0.01261226829734352,,1.7438600921775365,0.8058458699057875,,1.103001714718011,0.5186107188165743
1973-05,,,,,,,,,0.40618411806043575,,,,,,,,,0.044255410789275196,,,,,,,,,,,,,,,,,,,,,,,0.5829128970836606,,,,0.2341064618920754,,3.437926330150068,7.85452642595499,,,0.08255302885534133,,3.2801313214218073,0.924802025881494,,1.534361434084651,0.6370490939990914
1973-06,,,,,,,,,0.5569922698524248,,,,,,,,,0.021966189296866334,,,,,,,,,,,,,,,,,,,,,,,0.5469561849847782,,,,0.27905761897299297,,3.1964529331514324,6.694924123495546,,,0.11771450410854234,,2.7704400530336515,0.9442453376826832,,1.4127752423556332,0.7266677837087403
1973-07,,,,,,,,,0.8178496134926216,,,,,,,,,0.16582319371163967,,,,,,,,,,,,,,,,,,,,,,,1.230406236441155,,,,0.36365773389750844,,5.211459754433833,6.5876504447932955,,,0.20370724249952255,,2.989666856072564,1.2717556924265505,,2.277052437153622,1.242406108624364
1973-08,,,,,,,,,1.5453267744202392,,,,,,,,,0.11898352535802714,,,,,,,,,,,,,,,,,,,,,,,1.0204014673135466,,,,0.22966619652092168,,5.922237380627558,5.032967032967028,,,0.14867188992929514,,2.2766378348801486,0.9706633474257995,,3.7389768453751424,0.8873303492352262
1973-09,,,,,,,,,1.5592410400562198,,,,,,,,,0.16302358135027428,,,,,,,,,,,,,,,,,,,,,,,1.034517009290834,,,,0.29000156715248426,,7.556616643929058,4.034536891679744,,,0.15536021402637146,,2.0148788854515227,0.660085413224027,,3.681823532793638,0.6817626923905509
1973-10,,,,,,,,,1.1519325368938866,,,,,,,,,0.2936362657478191,,,,,,,,,,,,,,,,,,,,,,,0.9236168633483572,,,,0.31695658987619546,,6.354706684856752,3.2522239665096775,,,0.08866806802981109,,1.5082181114127575,0.6234950747902224,,3.100763181837676,0.6972496828398413
1973-11,,,,,,,,,1.3779339423752637,,,,,,,,,0.30741897275761776,,,,,,,,,,,,,,,,,,,,,,,1.1220430512376423,,,,0.35610928276654685,,8.062755798090041,3.9748822605965417,,,0.04204089432447944,,1.7959256687080414,0.5061699251024743,,3.643165265416263,0.642913564880198
1973-12,,,,,,,,,1.8725228390723827,,,,,,,,,0.20781737913211984,,,,,,,,,,,,,,,,,,,,,,,1.1520724190234404,,,,0.48195162722666285,,9.406548431105048,3.7660910518053337,,,0.06802981081597581,,1.6933308079213756,0.6166706011116592,,4.361282598121748,0.6182588505637081
1974-01,,,,,,,,,1.3336612789880538,,,,,,,,,0.17680628836007295,,,,,,,,,,,,,,,,,,,,,,,1.416326911147208,,,,0.8249229483362066,,13.38199181446112,3.860805860805857,,,0.2526275558952804,,1.9586463791906055,0.6414576045668174,,4.553107435889712,0.6556239078919033
1974-02,,,,,,,,,1.219676739283205,,,,,,,,,0.0746204371702377,-0.01776433691756263,0.15439907374329098,,,,,,,,,,,,,,,,,,,,,1.5350907389279143,,,,1.6145066081596409,,15.661664392905866,3.422815279958133,,,0.7704949359831843,,1.8401414230696385,0.37676245251840257,,4.826320693333769,0.40572563850922827
1974-03,,,,,,,,,1.124244553759663,,,,,,,,,-0.010875417249919472,-0.012499999999999956,0.10596858819022703,,,,,,,,,,,,,,,,,,,,,1.1835952767707627,,,,1.3913702136551223,,14.568894952251025,3.128728414442697,,,0.5660233135868531,,1.790348717301177,0.2997403266304697,,3.3952046300124,0.25853938770136753
1974-04,,,,,,,,,1.1943780744905137,,,,,,,,,0.03241089695272925,-0.07497759856630826,0.026453409545781348,,,,,,,,,,,,,,,,,,,,,1.1714842027130241,,,,1.5195110484250125,,15.63574351978172,2.1156462585033986,,,0.506019491687369,,1.4988319969695056,0.2510676653003412,,2.9627845049356307,0.14038825190894588
1974-05,,,,,,,,,0.8147575544624039,,,,,,,,,0.00958328846775025,-0.0752240143369175,0.04231426443940389,,,,,,,,,,,,,,,,,,,,,1.079621123290913,,,,1.1661704017134205,,16.807639836289226,2.0005232862375695,,,0.33231416013758874,,1.4931287749647497,0.05328669227632665,,2.7052555787652373,-0.08057064892165489
1974-06,,,,,,,,,0.9598032326071684,,,,,,,,,-0.0023689027673094998,-0.12930107526881707,0.03400722239199783,,,,,,,,,,,,,,,,,,,,,1.3617204000329894,,,,1.0642793710494702,,17.57571623465212,1.9754055468341156,,,0.2604624498375696,,1.5968179809331398,0.20306028285082722,,3.366035259858715,0.2085357972089914
1974-07,,,,,,,,,1.0850316233309911,,,,,,,,,0.04587057176698561,-0.14955197132616482,0.050879556498646394,,,,,,,,,,,,,,,,,,,,,2.0986115742782663,,,,1.1511518570756936,,27.709413369713513,4.21297749869178,,,0.3344162048538124,,3.0738682997663993,0.4029014743438417,,3.9777013652951654,0.44560404050075486
1974-08,,,,,,,,,0.8389318341531979,,,,,,,,,0.04479379778184511,-0.2456317204301074,0.03400722239199783,,,,,,,,,,,,,,,,,,,,,1.842853659498632,,,,0.7882776994201539,,24.09140518417463,2.701726844583984,,,0.14332123065163382,,2.3273354799334975,0.12425692641157138,,3.5274313816210334,0.19898508748833166
1974-09,,,,,,,,,0.8959943780744908,,,,,,,,,0.08668030580381125,-0.3111111111111111,-0.1744435788286639,,,,,,,,,,,,,,,,,,,,,2.2187164950856477,,,,0.8423966985321008,,33.15961800818555,3.195185766614334,,,0.1526848843875408,,2.988256834396111,0.09558555271798608,,4.032748467567737,0.36481796203652794
1974-10,,,,,,,,,0.6281096275474352,,,,,,,,,0.04920857112092114,-0.26787634408602146,-0.08792982486345025,,,,,,,,,,,,,,,,,,,,,2.16264876630199,,,,1.0172647965313697,,27.083219645293322,2.927263212977495,,,0.12287406841200088,,2.677525938085317,0.03689078696053394,,4.316031928980194,0.30442588026904804
1974-11,,,,,,,,,0.4854532677442025,,,,,,,,,0.057607408205017085,-0.21626344086021498,-0.1638122866747298,,,,,,,,,,,,,,,,,,,,,2.0295327330687014,,,,0.9161573421093876,,28.023192360163723,2.5667189952904206,,,0.10491114083699604,,2.4933813161605323,-0.014872202073094809,,3.998423079976674,0.30830361203533085
1974-12,,,,,,,,,0.3335207308503163,,,,,,,,,-0.050608377301604945,-0.24182347670250892,-0.1690719785824657,,,,,,,,,,,,,,,,,,,,,1.7590747892440044,,,,0.8070312908112629,,26.24420190995908,2.130821559392985,,,-0.04528950888591632,,2.11976766209988,-0.05601218962594168,,3.506935984165094,0.23742729252938255
1975-01,,,,,,,,,0.4210822206605762,,,,,,,,,-0.13179713578120011,-0.3037634408602149,-0.10462999229554126,,,,,,,,,,,,,,,,,,,,,1.5128354077245532,,,,0.6594577652405582,,23.002728512960445,1.5499738356881188,,,-0.13797057137397295,,1.6299850579792499,-0.14938729961156305,,2.7303868290675264,0.18876415252411638
1975-02,,,,,,,,,0.42333099086437076,,,,,,,,,-0.1549477764617212,-0.35336021505376325,-0.2396129693155945,,,,,,,,-0.19929239920326702,,,,,,,,,,,,,1.0856399057649075,,,0.028084407249576504,0.7958000313430502,,18.09140518417463,1.244897959183671,,-0.09328781702798539,-0.10605771068220915,,1.1656459793337124,-0.1674142112153144,,2.4670019446855145,0.14215956148119813
1975-03,,,,,,,,,0.5276177090653547,,,,,-0.030374608707617212,,,,-0.17831377193927045,-0.35147849462365577,-0.1520145653006676,,,,,,,,-0.28386797515211604,,,,,,,,,,,,,1.3759202085507236,,,-0.004620834830826093,0.7003343258632404,,23.279672578444753,1.5567765567765544,,0.05727370285154065,-0.10357347601758071,,1.604331081507671,-0.026868682533210397,,2.846981265861597,0.23678100390166867
1975-04,,,,,,,,,0.6198172874209416,,,,,-0.0382463221382624,,,,-0.14751803596425161,-0.403942652329749,-0.09957690039727474,,,,,,,,-0.456457084648337,,,,,,,,,,,,,1.26454494275254,,,-0.07506289469630845,0.7110693203782068,,19.0968622100955,1.4385138670852937,,0.15513228728266792,-0.1737053315497803,,1.325715007260559,0.0714209069253382,,2.3635430326690736,0.27914881394068547
1975-05,,,,,,,,,0.5397048489107517,,,,,-0.021373450596828603,,,,-0.1250134596748147,-0.34110663082437265,-0.24353406532864474,,,,,,,,-0.5628700579359522,,,,,,,,,,,,,1.147446723824482,,,-0.07362530163782921,0.7718225983388192,,17.62073669849932,1.3636839351125047,,0.14785438904075732,-0.1475253200840818,,1.1937201422648736,0.19655771830804536,,2.125665377206022,0.3611077865811336
1975-06,,,,,,,,,0.6192550948699926,,,,,-0.030374608707617434,,,,-0.11155378486055822,-0.3312275985663081,-0.21999888091661546,,,,,,,,-0.5809966438985348,,,,,,,,,,,,,1.1054066846674346,,,-0.08019715561944851,0.8054641383273267,,17.17598908594816,1.4102564102564084,,0.04631710968516933,-0.12249187846359655,,1.1893848517372727,0.24780565272442412,,2.08182371530753,0.4954161380664006
1975-07,,,,,,,,,0.6441321152494728,,,,,-0.11023838735939295,,,,-0.06912888984602172,0.01738351254480297,-0.2852113130721853,,,,,,,,-0.4754022319439014,,,,,,,,,,,,,1.4267132104834754,,,-0.08014581301021717,0.9522279684479977,,22.169167803547072,1.6091051805337497,,0.15746404108832857,-0.032295050640168355,,1.5673127512258769,0.11983604094684175,,2.6756390495771596,0.5477894535270611
1975-08,,,,,,,,,0.7630358397751227,,,,,-0.11450963754572252,,,,-0.045655216969958556,0.029547491039426665,-0.34370063658627925,,,,,,,,-0.47633902991386934,,,,,,,,,,,,,1.5638614873223688,,,-0.13636597011860152,0.7548189938881062,,20.162346521145977,1.7210884353741474,,0.2284544623496838,-0.09191668259124797,,1.479659911189679,0.26720604330750874,,3.14856083233635,0.7647030662804899
1975-09,,,,,,,,,0.8590302178496132,,,,,-0.13655960830629166,,,,-0.02627328523742911,-0.0045250896057345,-0.4314712072757637,,,,,,,,-0.5652347906756771,,,,,,,,,,,,,1.5680963292060666,,,-0.24562304256302314,0.6985059812986478,,20.58799454297408,1.6760858189429597,,0.2557112511537327,-0.13797057137397284,,1.4763979207441542,0.3528124128162753,,3.1875604006909963,1.0669267778921423
1975-10,,,,,,,,,0.6975404075895992,,,,,-0.11023838735939295,,,,-0.00850651448261075,-0.014740143369175396,-0.3691339585853064,,,,,,,,-0.550373354919099,,,,,,,,,,,,,1.3521480796193313,,,-0.24243980079067617,0.5735255707046969,,17.30695770804911,1.4353741496598622,,0.18757369534400015,-0.20714695203516154,,1.1414862049371801,0.23061570487370409,,2.7658793929952976,0.6587356679512655
1975-11,,,,,,,,,0.861278988053408,,,,,-0.1361066837898891,,,,-0.07451275977172445,-0.011447132616487221,-0.3345714986678603,,,,,,,,-0.5848438821635487,,,,,,,,,,,,,1.2998705522506349,,,-0.27144837500641783,0.5376116596144811,,15.266030013642563,1.5426478283621128,,0.27795123631529917,-0.20944009172558764,,1.0649241324157668,0.362104856535828,,2.3397176692611,0.7289417622136589
1975-12,,,,,,,,,0.9267744202389316,,,,,-0.13678320395362986,,,,-0.11952191235059817,0.07950268817204309,-0.3193648771375568,,,,,,,,-0.5446889012178375,,,,,,,,,,,,,1.1556134066272952,,,-0.2598962879293525,0.555973462884606,,14.184174624829465,1.3406593406593394,,0.1791829146039332,-0.1989298681444679,,0.9065808026601003,0.3153851106294392,,2.1541776973499878,0.6695310816956705
1976-01,,,,,,,,,0.9270555165144063,,,,,-0.1282349703592437,,,,-0.10843114030365075,0.17538082437276015,-0.2968928219409208,,,,,,,,-0.5778861108332047,,,,,,,,,,,,,1.184464835751963,,,-0.32936283821943824,0.45826150551115363,,13.942701227830831,1.4065934065934056,,0.2618276886932023,-0.24937894133384297,,0.9418734347707134,0.12784084812326935,,2.2856990327676296,0.5709361610455519
1976-02,,,,0.002440788284216122,,,,,0.9576950105411104,,,,,-0.12148696838701556,,,,-0.0961559168730487,0.2112903225806455,-0.3146130769197658,,,,,,,,-0.5681179455929569,0.011110367445284819,,,,,,,,,,,,1.2436253258605054,,,-0.3106741284592083,0.540249699629108,,15.105047748976805,1.4526425954997375,,0.32476737664448274,-0.25797821517294095,,0.9877938422038426,0.1338283580488009,,2.6980864331036374,0.6978241616200307
1976-03,,,,-0.0476405713252579,,,,,0.7762473647224175,,,,,-0.11455550331953557,,,,-0.10681597932593978,0.3641353046594986,-0.36922004192258506,,,,,,,,-0.557740406915934,0.018740378823372206,,,,,,,,,,,,1.1427421408004252,,,-0.32623093905632283,0.4705897717181222,,14.343792633015003,1.3589743589743581,,0.2178025870101883,-0.2606535448117715,,0.9193551781467681,0.17563362448226227,,2.161898947533642,0.8122651219570582
1976-04,,,,-0.08325800036159847,,,,,0.9643007730147575,,,,,-0.1138847163775214,,,,-0.14977926133304664,0.5890232974910401,-0.39571649313700574,,,,,,,,-0.5575585043974935,0.026169600428351814,,,,,,,,,,,,1.1727069640020522,,,-0.3303896904040663,0.614114820038657,,14.245566166439287,1.4306645735217156,,0.2976916520564039,-0.1442767055226447,,0.9565839594250474,0.25351417473227844,,2.032335986172746,0.9395361083849973
1976-05,,,,-0.11932742722834944,,,,,1.0909346451159525,,,,,-0.13737945901319792,,,,-0.18595886723376798,0.785909498207886,-0.44167638691016753,,,,,,,,-0.5736932577831542,0.046650157285322624,,,,,,,,,,,,1.30763203849726,,,-0.34337937053961076,0.6894426160998803,,15.147339699863569,2.079016221873364,,0.47756791012149,-0.12822472768966187,,1.324999473872508,0.2004420885464726,,2.203045791822828,0.9567465351748576
1976-06,,,,-0.10621949014644749,,,,,1.7416725228390724,,,,,-0.13332607125247975,,,,-0.2591794982233232,0.9316756272401439,-0.39533772645297893,,,,,,,,-0.5921927439085396,0.03620908908372966,,,,,,,,,,,,1.312286420178073,,,-0.36093854289675,0.7412370056939879,,17.435197817189625,2.5714285714285703,,0.6330844068380452,-0.079113319319702,,1.7077887913799263,0.06762237912311919,,2.2673244467319504,0.9360174258563332
1976-07,,,,-0.10106671487976882,,,,,1.3810260014054814,,,,,-0.11910768137046956,,,,-0.2563798858619577,0.7913978494623661,-0.4225874068685892,,,,,,,,-0.6435711102420214,0.030921625058563995,,,,,,,,,,,,1.2697676753550864,,,-0.421214766134415,0.6066447265318919,,16.818553888130964,2.1098901098901086,,0.5040386152562064,-0.13166443722530108,,1.4320138055853682,-0.02985170719145025,,1.9850174346394924,0.7242262488929321
1976-08,,,,-0.09826432833122434,,,,,1.3915671117357693,,,,,-0.12133217140039698,,,,-0.33573812856681395,0.9754704301075277,-0.4115429146957167,,,,,,,,-0.7288197255090998,0.023023893983000088,,,,,,,,,,,,1.290233687252805,,,-0.4769728397597166,0.4496160476414359,,19.26875852660299,2.2820512820512806,,0.4434306811105866,-0.1912860691763807,,1.6476418965843789,-0.038693478120909286,,1.7139222509073204,0.7400722885798408
1976-09,,,,-0.1544024588681977,,,,,1.5174982431482782,,,,,-0.09033837474630502,,,,-0.30892645633681504,1.2205645161290328,-0.4000335725015385,,,,,,,,-0.7829630101228753,0.03406733150391572,,,,,,,,,,,,1.1838068395744377,,,-0.41156235559891163,0.5301154468996503,,18.567530695770795,2.063317634746205,,0.3446226135957151,-0.16243072807185177,,1.4863522528779165,-0.14350709273129192,,1.4202984649669133,0.5600210642219405
1976-10,,,,-0.1876694991864042,,,,,1.65818692902319,,,,,-0.0777252869477475,,,,-0.34316786906428365,1.3841845878136203,-0.3812372758067082,,,,,,,,-0.7977516848720771,0.034803560671976985,,,,,,,,,,,,1.0650985918523235,,,-0.3725419725830468,0.5161155513764826,,20.066848567530684,2.196755625327053,,0.3918759577634603,-0.1966367284540418,,1.6559336658459065,-0.09062815202695451,,1.3070431198194559,0.4250903607248009
1976-11,,,,-0.14219851744711653,,,,,1.5018973998594518,,,,,-0.08037976860717133,,,,-0.3569505760740823,1.5385528673835127,-0.35266621616386795,,,,,,,,-0.7903573474974762,0.026035740579613664,,,,,,,,,,,,0.9667882256335245,,,-0.3325460799917852,0.49681345661599563,,18.297407912687575,2.288330716902144,,0.3066079606428229,-0.20275176762851144,,1.6190626512616526,-0.03412236839281502,,1.14472804061299,0.6030351628886708
1976-12,,,,-0.11037787018622336,,,,,1.3783555867884751,,,,,-0.06091548084530629,,,,-0.4382470119521914,2.0472670250896057,-0.33747681130102025,,,,,,,,-0.8019354427962055,0.025968810655244257,,,,,,,,,,,,1.028066136683916,,,-0.3169379267854392,0.5154625711748426,,18.125511596180072,2.4840397697540535,,0.4113028232769096,-0.23466462832027524,,1.7457751962455528,-0.04358649698478434,,1.2395558706962073,0.9026497833736264
1977-01,,,,-0.09274995480021708,,,,,1.3293042867182008,,,,,-0.07993831053422162,,,,-0.04134812102939622,2.026635304659498,-0.4121067605548929,,,,,,,,-0.7809984629237193,-0.002342547352921165,,,,,,,,,,,,1.0043460020008834,,,-0.32956820865636394,0.5516899127618455,,19.24420190995906,2.4877027734170576,,0.5201886600806407,-0.19529906363462646,,1.7930635351558375,-0.09786037727750707,,1.2133267993360137,0.9183043301338056
1977-02,,,,-0.08524679081540432,,,,,1.4427266338721014,,,,,-0.07329923977479924,,,,-0.002799612361365611,2.6254480286738353,-0.3781856215001741,,,,,,,,-0.7912759552156001,-0.024496352319121506,,,,,,,,,,,,1.02083535035159,,,-0.27653129332032655,0.6304654442877295,,20.21964529331513,2.712192569335424,,0.5076775643771618,-0.16606153258169332,,1.9957488898709919,-0.13646801296220779,,1.1499068722868162,0.9059290997438778
1977-03,,,,-0.07005966371361438,,,,,1.504708362614196,,,,,-0.0748472096409859,,,,0.06331431032626234,3.1846550179211466,-0.40381693517494266,,,,,,,,-0.7764872804663981,-0.024496352319121506,,,,,,,,,,,,0.9417771992670614,,,-0.2522975817631051,0.6499242542966099,,24.218281036834906,3.113029827315539,,0.40377320161279706,-0.1857443149245176,,2.4217858871561737,-0.10904135459364328,,1.1323170959849675,0.9720899059290997
1977-04,,,,-0.06599168323992077,,,,,1.403092059030218,,,,,-0.05960257306991101,,,,0.05868418219015803,3.0515008960573473,-0.4471685038285562,,,,,,,,-0.7584425506371137,-0.016598621243557488,,,,,,,,,,,,0.9212430569749397,,,-0.26713559583098,0.6232304236535551,,25.394270122783063,3.6802721088435337,,0.48704065995698675,-0.21307089623542907,,2.8100469305722138,-0.019250166319719875,,1.0112474185691451,1.2402518131986495
1977-05,,,,-0.0668052793346594,,,,,1.1554462403373162,,,,,-0.06225705472933485,,,,0.26445569075051134,2.6641801075268816,-0.4666835963896646,,,,,,,,-0.7962237037171781,-0.011645806840237749,,,,,,,,,,,,0.8984157890396134,,,-0.2921907891359038,0.5415295408243224,,27.46793997271485,3.313448456305596,,0.4060519610137836,-0.23714886298490356,,2.720899888460969,-0.09120758847136057,,0.8654224694677068,1.3323599109557889
1977-06,,,,-0.05830772012294372,,,,,1.0011243851018978,,,,,-0.056988223962573636,,,,0.26240982017874415,2.295855734767025,-0.453969087473583,,,,,,,,-0.818925138018536,0.000401579546215558,,,,,,,,,,,,0.695252745834186,,,-0.2956307439544076,0.5068432325131906,,22.409276944065468,2.223443223443221,,0.15121953373756347,-0.25128989107586475,,1.7664204390007767,-0.12037255617314402,,0.8452939249338611,1.4820834430428227
1977-07,,,,-0.04538058217320595,,,,,0.8230498945888973,,,,,-0.03610209721250779,,,,0.5471088618498974,2.1013888888888888,-0.4775257927199321,,,,,,,,-0.8259010996007241,0.025901880730875293,,,,,,,,,,,,0.4587058093711571,,,-0.2902911125943418,0.5081753121245369,,17.90723055934514,1.4992150706436402,,-0.04644517949646443,-0.2652398241926238,,1.1964560052191833,-0.1645170289932827,,0.6545276677371101,1.1951552289537304
1977-08,,,,-0.040951003435183875,,,,,0.742515811665496,,,,,-0.050171423329625986,,,,0.5190050608377297,1.7233198924731181,-0.42284135271356194,,,,,,,,-0.8362058772703709,0.026905829596413078,,,,,,,,,,,,0.368961943796011,,,-0.28546490732659,0.4865747270542762,,16.17053206002727,1.2365253793825208,,-0.023790071498283938,-0.27651442767055234,,1.0298629964012864,-0.14977359057450035,,0.6079784122569023,1.4067309763745603
1977-09,,,,-0.03344783945037111,,,,,0.6803935347856647,,,,,-0.04624416644689344,,,,0.7807688166253899,1.4969982078853046,-0.46421300460976267,,,,,,,,-0.8476748310580361,0.04517769894920076,,,,,,,,,,,,0.4492787142718839,,,-0.2454176721260971,0.5357049574256914,,16.27421555252386,1.2417582417582405,,-0.00563948789740254,-0.2516720810242691,,1.10164783130248,-0.09052084898169399,,0.7635331769189275,1.4390932809919335
1977-10,,,,0.012023142288916544,,,,,0.614757554462404,,,,,-0.02089759319351958,,,,0.7985355873802085,1.7836693548387097,-0.4968428936052993,,,,,,,,-0.842190470127059,0.09791847935211884,,,,,,,,,,,,0.5278115441574609,,,-0.21502284746110756,0.6028835605704441,,15.579809004092755,1.4374672946101503,,0.01251551190386846,-0.17943818077584572,,1.1704442620535795,-0.08605704229886013,,0.8107239687280692,1.5826651028077654
1977-11,,,,0.0020791900198873225,,,,,0.6120871398453975,,,,,-0.015215970462442052,,,,0.8210401636696454,2.090972222222222,-0.4295472446875821,,,,,,,,-0.8304850430654214,0.1278361555451446,,,,,,,,,,,,0.5819160418392348,,,-0.22739641628587526,0.5597607480541194,,18.07776261937243,1.5102040816326516,,0.11752392476561058,-0.16892795719472586,,1.2743018288191585,-0.0546172500375558,,0.8588328054119014,1.8200205854896239
1977-12,,,,0.060025311878502574,,,,,0.6722417427969085,,,,,0.04307942805380027,,,,0.558522666092387,2.4847446236559136,-0.40825022704480207,,,,,,,,-0.8281112151997745,0.21799076367043746,,,,,,,,,,,,0.5473380737744606,,,-0.20264927863633986,0.5581674763621172,,18.817189631650734,1.5981161695447392,,0.08134199497436434,-0.10911523026944392,,1.3115727002967352,0.0021460609052088575,,0.8875604919479427,2.1048902506163683
1978-01,,,,0.07855722292532952,,,,,0.7378777231201692,,,,,0.03354508032243597,,,,0.5889953698718633,2.447916666666667,-0.4192387650484434,,,,,,,,-0.8279293126813342,0.21993173147714384,,,,,,,,,,,,0.5646270578068477,,,-0.16044565384812803,0.6060439847463825,,18.252387448840366,1.3663003663003646,,0.06727198053338901,0.03458819033059424,,1.1622577182902956,0.043200206021847265,,0.8030675109759284,2.413122052804175
1978-02,,,,0.07114445850659856,,,,-0.00607976653696507,0.7332396345748422,,,,,0.07299537902328779,,,0.013705305476030993,0.7997200387638626,2.24719982078853,-0.4120981522211653,,,,,,,,-0.8454374300812195,0.3230707449300587,,,,,,-0.007323458303124752,,,,,,0.5544792148509925,,0.05730864220200327,-0.1346716640139647,0.5919918508070838,,19.989085948158234,1.3720565149136559,,-0.041750758482416606,0.08446397859736288,,1.2329902982090615,0.10050003219091397,,0.7378726363310322,2.5189218948225096
1978-03,,,,0.02802386548544522,,,,-0.02403534370946836,0.7055516514406188,,,,,0.07792594970817834,,,0.09289151489309866,0.7094863788090873,2.434341397849462,-0.4245587152922744,,,,,,,,-0.8596803972751004,0.28471989826651534,,,,,,-0.012470082177319708,,,,,,0.7432613661219831,,0.1259651667753101,-0.13836833187862563,0.7382855351825737,,23.80218281036833,1.7509157509157487,,0.11078480297121995,0.06248805656411238,,1.6073615758570616,0.22810481361461066,,1.0894454954202697,2.8281829714914903
1978-04,,,,0.002892786114626178,,,,-0.01949578469520119,0.7516514406184123,,,,,0.03726594122301008,,,0.05762319546811234,0.7406051469796486,2.533378136200717,-0.407664860351306,,,,,,,,-0.8652648045912197,0.21772304397296072,,,,,,-0.017295155815357344,,,,,,0.6852555069080641,,0.20443632424094993,-0.2105560404579757,0.5691114245416082,,24.892223738062732,1.69492412349555,,0.08879212503146561,-0.01700745270399384,,1.691415703853358,0.30596390325557477,,1.0549841349799731,2.903463628312229
1978-05,,,,0.016091122762610377,,,,-0.012956658019887657,0.8044975404075898,,,,,0.029990482851933065,,,0.07961259669854415,0.5865187897060404,2.9201164874551973,-0.40311105180925644,,,,,,,,-0.8720770539068115,0.24308948530888186,,,,,,-0.02891312986686001,,,,,,0.8406340429651789,,0.3180161404346351,-0.14612106587256735,0.6939090006790998,,26.67257844474759,1.7859759288330697,,0.11877370947584165,0.17618956621440862,,1.8235999747458806,0.45779771229907573,,1.1867135362340262,2.9731431170261144
1978-06,,,,0.026487072862049876,,,,-0.011173259835711269,0.6964160224877025,,,,,0.031406588618407394,,,0.16604738990071266,0.8067190696672766,2.535551075268817,-0.4025429017832163,,,,,,,,-0.886201784463706,0.26597951944314335,,,,,,-0.035717557552941925,,,,,,0.7160289303169503,,0.2369650841450992,-0.16121579298659916,0.6263647286214284,,23.55661664392904,1.637362637362635,,-0.036186345991635394,0.10070705140454805,,1.5498242734179346,0.2747387170847915,,1.0733395570570359,2.3888024511094623
1978-07,,,,0.07503163984812855,,,,-0.020725248594898327,0.7432185523541819,,,,,0.04873811789797067,,,0.2427361880977037,0.8580811887584794,2.106966845878136,-0.34770351176974423,,,,,,,,-0.8960245204594858,0.3373937487450642,,,,,,-0.029885060958037668,,,,,,0.5556840470888604,,0.3185302839724937,-0.07136622683164706,0.7516063312960355,,22.506139154160966,1.4730507587650425,,-0.04875043609978813,0.22415440473915527,,1.4305827388092687,0.3218018327360137,,1.063536735939814,2.703880125427867
1978-08,,,,0.08117881034170993,,,,-0.035600410722005926,0.78608573436402,,,,,0.06269277958055652,,,0.22141682402387786,0.9029826639388387,2.8647849462365587,-0.33316403610335166,,,,,,,,-0.8796987694294628,0.409410347366308,,,,,,-0.007163593232884291,,,,,,0.48821523467335104,,0.32885906040268487,-0.06782358679468037,0.6839314631980364,,25.980900409276924,1.5468341182626881,,-0.09472308215457548,0.18230460538887816,,1.5481406654460508,0.3350001073030462,,1.176716337822262,2.7543624482370683
1978-09,,,,0.10088591574760386,,,,-0.06186500216169477,0.769079409697822,,,,,0.08831454747680811,,,0.23591399159407933,0.8279315171745445,2.8226478494623652,-0.29274790925094585,,,,,,,,-0.8602079145785774,0.5040492604243361,,,,,,-0.02703994806660326,,,,,,0.5149994441994143,,0.4130133401885807,-0.022231349797195987,0.7194274669592025,,26.691678035470645,1.5641025641025625,,-0.0426560795622658,0.29313969042614185,,1.5899151882484168,0.3802605317938934,,1.2557494157274043,3.1687052684491466
1978-10,,,,0.16109202675827095,,,,-0.042720492866407334,0.8702740688685879,,,,,0.20173487289447323,,,0.29767923493939197,1.245504468612038,2.9097446236559135,-0.26580382468267527,,,,,,,,-0.8573247596612975,0.5441402851214783,,,,,,-0.049522983258153186,,,,,,0.5685678632515414,,0.42488454723234725,0.06541048416080564,0.8698741054171244,,28.371077762619347,1.8958660387231796,,-0.05105569270311172,0.7156506783871583,,1.8218321863754028,0.31577140159237826,,1.3808864152172782,3.021088158556143
1978-11,,,,0.091303561742903,,,,-0.04773292261132733,0.8532677442023902,,,,,0.0843528912637157,,,0.16422001583724177,0.9404543986217291,2.6374999999999997,-0.2520907490541593,,,,,,,,-0.8715677268551784,0.31303125627468087,,,,,,-0.03583374032694964,,,,,,0.5233705181854369,,0.558075266941489,-0.1457616676079473,0.8094864963694308,,26.684856753069553,1.7315541601255866,,-0.1280830598969257,0.4500286642461302,,1.6646252920007583,0.3937592548876545,,1.5224177250190953,3.149196926538526
1978-12,,,,0.1544024588681967,,,,-0.06285127539991353,0.7416725228390728,,,,,0.14476958181880617,,,0.18468660534811465,0.9950468396683534,2.607616487455197,-0.17262291624521697,,,,,,,,-0.8723226223067059,0.3966936617361627,,,,,,-0.059262618571649384,,,,,,0.481809184694328,,0.5771812080536913,-0.004004723520048659,0.823460272684533,,26.287858117326035,1.7666143380429071,,-0.179010682788742,0.5776801070131856,,1.6593219268893247,0.4227310771079693,,1.3463949399848691,2.902793403068674
1979-01,,,,0.11842343156752766,,,,-0.07406506701253779,0.6389318341531978,,,,,0.0985770143674527,,,0.12286044953401953,1.0127059330246575,2.468615591397849,-0.17928576655059758,,,,,,,,-0.8755059163794123,0.30801151194699194,,,,,,-0.04722268567251009,,,,,,0.4977929338023577,,0.6659811419495223,0.009960466190892525,1.0070783053857815,,26.7407912687585,1.785452642595497,,-0.15894788441920304,0.7116376839289127,,1.719026874592252,0.5695216430242303,,1.4027908199162806,3.3004284654235585
1979-02,,,,0.1447297052974137,,,,-0.06951199740596636,0.6011243851018977,,,,,0.1098198621733486,,,0.11701285253091309,0.7992893291698067,2.501142473118279,-0.14339331907219388,,,,,,,,-0.8698760334336829,0.32521250250987266,,,,,,-0.0683718940825655,,,,,,0.5111877279230632,,0.829634866276775,0.07952970169944118,1.2971059917463315,,29.109140518417433,1.915750915750913,,-0.20292440789793242,0.8446397859736285,,1.8829471557547834,0.6730476210914877,,1.5386751499123474,3.39926275223209
1979-03,,,,0.17085517989513566,,,,-0.043071768266320754,0.4888264230498951,,,,,0.09106076068385782,,,0.06523725406590741,0.7824916550016146,2.7763440860215045,-0.18787257944415992,,,,,,,,-0.8752967284832058,0.2915467505521723,,,,,,-0.0631761276251086,,,,,,0.5402794063332585,,0.8105289251645722,0.02218000718796609,1.2035208692472454,,29.15279672578442,1.9016221873364705,,-0.20726553288081973,0.716415058283967,,1.9027085043247691,0.742880442946972,,1.441655327991152,2.834047442372598
1979-04,,,,0.1719399746881205,,,,-0.028075010808473855,0.5370344342937461,,,,,0.06853493251997955,,,0.004812085033806701,0.7928286852589634,3.264045698924731,-0.13648943542243241,,,,,,,,-0.8859562160638115,0.26169600428351547,,,,,,-0.08363369967814616,,,,,,0.597469493719454,,0.8693891791147557,0.04482209785901414,1.3310348430235606,,27.56753069577078,1.710099424385136,,-0.19976682461943374,0.8175042996369195,,1.7187322431971723,0.9138785758739847,,1.5931820110658172,3.0137635541087207
1979-05,,,,0.17311516904718793,,,,-0.0427340034587117,0.5023190442726637,,,,,0.05385215167811319,,,0.004568435158676998,0.7002261225368789,3.25804211469534,-0.09470027934042946,,,,,,,,-0.8904037326396784,0.24416036409878883,,,,,,-0.0680685448031716,,,,,,0.610995169913618,,0.6964349654330289,0.15736509729424553,1.5258318967768902,,27.231923601637085,1.7592883307168994,,-0.1753099068623335,0.9904452512898909,,1.7335269482501015,0.7419576367577325,,1.7368332197184357,2.5500394954161387
1979-06,,,,0.22916290001807904,,,,-0.04928664072632949,0.6345748418833455,,,,,0.09527467865292127,,,0.011451544131083846,0.6162377516959183,4.943929211469533,-0.05447353583003689,,,,,,,,-0.8853377475011142,0.2932199986614019,,,,,,-0.047323094283989176,,,,,,0.7786568989195959,,0.5983437233173283,0.1685064434974597,1.4862874157655543,,28.14870395634377,1.8079539508110907,,-0.11383639744037,0.8748327918975731,,1.7411242292232267,0.668798420499175,,2.1822784486684244,2.141680829164373
1979-07,,,,0.27119869824624754,,,,-0.048948875918720325,0.6371047083626147,,,,,0.09108942679249088,,,0.012974355850642771,0.7294066975341871,4.312589605734766,0.04971312727851851,,,,,,,,-0.8890030832476876,0.275148919081722,,,,,,-0.06093740994318242,,,,,,0.6717585171957532,,0.5167785234899336,0.1803665862299133,1.5669957686882938,,27.964529331514303,1.7080062794348483,,-0.2787064065819048,0.6931014714313013,,1.6450112591283133,0.5014056698929128,,2.0134375852682087,2.204179333125883
1979-08,,,,0.28539143012113444,,,,-0.045273994811932616,0.6673225579761071,,,,,0.09527467865292127,,,-0.0010355119693000736,0.8752018951222131,4.942293906810034,0.14113793563548915,,,,,,,,-0.8774340830748802,0.2756174285523063,,,,,,-0.07293548064176536,,,,,,0.6853057082513083,,0.6923034548609526,0.2971196796221198,1.9988768740531793,,31.16916780354704,1.645211930926214,,-0.25106540834396873,0.890884769730556,,1.6818191384136219,0.7301543017790859,,2.2549381414792933,2.646719486798957
1979-09,,,,0.2501355993491221,,,,-0.038059338521400865,0.6473647224174282,,,,,0.13744252445218974,,,-0.029177072546750282,0.9152578873694404,5.124171146953405,0.20117245505373793,,,,,,,,-0.8682934815232517,0.3465631483836429,,,,,,-0.08914858957752514,,,,,,0.6603269541769314,,0.7201865606551665,0.6059968167582293,3.6391370213655136,,30.83356070941334,1.667189952904236,,-0.25931045447118184,1.538887827250143,,1.646526506303009,0.789600188853361,,2.2157003924961245,2.6194556813557712
1979-10,,,,0.18450551437353013,,,,-0.06194606571552108,0.6864371047083628,,,,,0.10285399777550897,,,-0.07711518547846741,0.844083126951652,5.080913978494624,0.056711702599286706,,,,,,,,-0.8395892641133618,0.26008968609865546,,,,,,-0.17053811128671625,,,,,,0.5545365878146999,,0.7041838430393235,0.5313446629357719,3.6363683853105577,,29.916780354706656,1.4594453165881713,,-0.3252531586873283,1.1473342251098795,,1.404213228949641,0.6504710603686945,,2.00524362410534,2.6705364195610035
1979-11,,,,0.2501355993491221,,,,-0.051164613056636554,0.7281799016163037,,,,,0.13979887858182938,,,-0.1332155692270206,0.8421449337783993,5.393862007168459,0.07258977416036494,,,,,,,,-0.8079109405269718,0.2897396425942045,,,,,,-0.15124540046655077,,,,,,0.6085837125327658,,0.77594359110899,0.6636545669250928,4.109857389123961,,30.959072305593423,1.6441653584510703,,-0.31216354073282404,1.4313013567743162,,1.4546162426079103,0.6936927269995938,,2.0994198795955863,2.9235703856188824
1979-12,,,,0.26396673295968065,,,,-0.04605760916558588,0.8185523541813071,,,,,0.1417309743036994,,,-0.10677955777547654,0.8245935178206085,4.639381720430109,0.08335019132021748,,,,,,,,-0.8141774822872424,0.27936550431698093,,,,,,-0.15349837556460832,,,,,,0.597537624113857,,0.7439289747426996,1.0906710479026565,6.703233557958522,,28.14051841746246,1.4625850340136033,,-0.31216354073282404,2.0859927383909795,,1.3154449986320702,0.64877567225358,,2.0875254492807587,2.863297986930609
1980-01,,,,0.2955161815223275,,,,-0.04161262429744905,1.0822206605762479,,,,,0.12288014126658253,,,-0.10251568496071128,0.6781522558414981,4.1681899641577065,0.16282663246288775,,,,,,,,-0.7492382832040312,0.23438859514088817,,,,,,-0.2326770877255777,,,,,,0.517453931303048,,0.7212148477308835,1.6352621040201285,8.479888209789477,,28.11596180081853,1.4636316064887467,,-0.3692120173644997,2.7070514045480594,,1.3441715596523367,0.5182951692169038,,2.1792843082769138,2.6609138999928206
1980-02,,,,0.29443138672934244,,,,-0.03018266320795504,1.120168657765285,,,,,0.09372670878673484,,,-0.15295120911250515,0.61946807365134,4.5959901433691766,0.071199528263312,,,,,,,,-0.7324759661297513,0.17254534502376084,,,,,,-0.29411987756823055,,,,,,0.45160769801740575,,0.7315436241610749,1.3956974893464107,8.412892441101183,,26.36425648021826,1.30350601779173,,-0.4023158554842582,3.099560481559334,,1.2088305238125314,0.5024143185183607,,1.9488805966744147,2.463532565765853
1980-03,,,,0.24019164708009266,,,,-0.07168720276696938,1.0798313422347157,,,,,-0.010772723624314251,,,-0.1494791983919107,0.6674921933886073,4.565143369175629,-0.0813358412278925,,,,,,,,-0.7881745172761918,0.07549695468844186,,,,,,-0.30594837601963243,,,,,,0.3570229886293961,,0.4470845307063054,0.886019407506291,3.9343885493391832,,23.336971350613894,1.072736787022499,,-0.46188156633795396,1.487865469138161,,0.9585411536923638,0.35347769169689136,,1.5285538420543037,1.8781386887521854
1980-04,,,,0.29352739106852166,,,,-0.07630782533506275,0.9970484891075198,,,,,0.05980323583034175,,,-0.1187184016568189,0.6636158070421014,4.443503584229392,-0.2001911050087587,,,,,,,,-0.7401067767783247,0.17836824844388,,,,,,-0.21163920850105977,,,,,,0.39714641221757296,,0.39752476611059673,0.8424295322688313,2.276106148461578,,22.23874488403818,1.10779696493982,,-0.4183819925012915,1.4146760940187262,,0.984826483153399,0.37955233169517455,,1.5981491266254007,1.892811834262873
1980-05,,,,0.34433194720665217,,,,-0.050880890618244634,0.8657765284609982,,,,,0.06720482507940417,,,-0.05737954559298253,0.6589856789059971,4.7206317204301085,-0.1168495220222695,,,,,,,,-0.6315837342768013,0.17622649086406605,,,,,,-0.18797553791410926,,,,,,0.38836834877024673,,0.4950926835538343,0.9835703650459531,2.515514809590973,,23.5388813096862,1.0884353741496575,,-0.37078860090355426,1.5350659277660985,,1.0114274891091624,0.39498250960362347,,1.6209250351567386,1.7649663690547444
1980-06,,,,0.3534623033809423,,,,-0.04427421098140927,0.8926212227687984,,,,,0.07478414420199209,,,-0.04812085033806379,0.5828577581565626,4.047267025089607,-0.12312499730989546,,,,,,,,-0.6594602952277876,0.18961247573790296,,,,,,-0.17008672755897836,,,,,,0.4268369209364704,,0.5565328363279143,1.3373722852595384,3.19610301415661,,26.432469304229173,1.2344322344322323,,-0.3365012210794073,1.9208866806802969,,1.1918471283961547,0.46593128312981635,,1.742901806613756,2.2970055293582607
1980-07,,,,0.34270475501717446,,,,-0.05089440121054911,1.243851018973999,,,,,0.0601930949077516,,,-0.07802887251020241,0.6215139442231072,3.0583557347670265,-0.14481369413729406,,,,,,,,-0.7070368989258657,0.1646476139481967,,,,,,-0.23014230114696332,,,,,,0.6452181427654491,,0.5968012927037532,1.2164604405195885,2.8608890978425525,,30.26603001364254,1.5991627420198822,,-0.28998979857709983,1.6814446780049677,,1.4968958478018415,0.5624611026460942,,1.942213364214684,2.7630753764032856
1980-08,,,,0.39920448381847606,,,,-0.045152399481193095,1.4684469430780043,,,,,0.05962550595681648,,,-0.036121093987938946,0.7528803704102505,2.6183243727598575,-0.24869045723164562,,,,,,,,-0.6856815432609666,0.17080516699016202,,,,,,-0.2505892559752221,,,,,,0.7595194297127412,,0.5647866763374627,1.264773835806337,3.052238416131222,,28.20873124147337,1.6807953950811063,,-0.29217140156951726,1.7743168354672263,,1.5389229117999896,0.5215142605747161,,1.8843245206500785,2.638221988175313
1980-09,,,,0.39595009943952086,,,,-0.05508268482490275,1.3204497540407591,,,,,0.04650216142458996,,,0.004081135408418479,0.841068159793259,2.3967965949820793,-0.3050276973137692,,,,,,,,-0.6435893004938655,0.16257278629275196,,,,,,-0.2771141169654149,,,,,,0.7164556417345285,,0.5926697821316769,1.3770087795861796,4.1134357206289485,,26.6139154160982,1.751962323390892,,-0.3026598774946009,1.8792279763042226,,1.520276953511377,0.49346524454364094,,2.044564416909183,3.135241879503077
1980-10,,,,0.425601157114444,,,,-0.06213521400778199,1.3367533380182715,,,,,-0.010457396429350285,,,0.0037156605957242572,0.6644772262302141,2.3560259856630834,-0.3251496774026933,,,,,,,,-0.6247078190797553,0.11358008165450828,,,,,,-0.30651533582281953,,,,,,0.838267408212223,,0.588024128021742,1.216460440519588,3.5960664472653168,,27.65484311050475,2.1742543171114566,,-0.2659568360573926,1.6512516720810235,,1.7852768482858794,0.499967809086423,,2.197246412917604,3.0680278622208403
1980-11,,,,0.38853733502079013,,,,-0.07468655425853865,1.3540407589599441,,,,,-0.024744584972080097,,,-0.02686239873302043,0.5810272423818239,2.097491039426524,-0.3232515398156953,,,,,,,,-0.6959772258046913,0.08955223880597063,,,,,,-0.30176670620318913,,,,,,0.9346575730519191,,0.5988670479897913,1.1558761616265345,3.4699367915164787,,29.454297407912662,2.0779696493982174,,-0.2139119144670305,1.5973628893560088,,1.8154555211818955,0.420906925338542,,2.0959137877381693,3.1645402972927696
1980-12,,,,0.40770204303019186,,,,-0.08442769130998695,1.4484891075193258,,,,,-0.05408721376890613,,,0.036608393738198686,0.42683320770970146,2.235819892473119,-0.3873965385890078,,,,,,,,-0.7351954087804347,0.04410682015929379,,,,,,-0.2803408432503266,,,,,,0.7880212423398132,,0.5720214104058987,1.0053396313600662,2.7046439951940644,,24.508867667121397,1.5724751439037123,,-0.27494380385004313,1.3347983948022155,,1.3687311909421913,0.3590145288323292,,1.868336303746919,2.46137827034014
1981-01,,,,0.37714698969444793,,,,-0.08627864245568517,1.2999297259311318,,,,,-0.13096971712284078,,,0.010416032161783884,1.2595025304188647,2.122513440860216,-0.38977243869790323,,,,,,,,-0.768019718232999,-0.03948865537781887,,,,,,-0.3014515263018991,,,,,,0.6815926017563301,,0.5085155023457806,0.666786466088207,2.0910254401086545,,22.07776261937242,1.2689691261119806,,-0.2920344993574425,0.7854003439709527,,1.0995854115369257,0.23855613022297661,,1.6665224806923118,2.293798022835532
1981-02,,,,0.2805098535527015,,,-0.007883648226179152,-0.0926151102464331,1.2865776528461006,,,,,-0.13704119893132816,,,-0.01333983066333655,1.3117260686981798,2.020564516129033,-0.47665635101341586,,,,0.00869327422674493,,,,-0.7914942382377284,-0.0621778997389727,,,,,,-0.3442877813943752,,,,,,0.6951828225346661,,0.4687611895078001,0.5822251886840892,1.790393355273467,,23.267394270122765,1.2066980638409186,,-0.2660230790632352,0.7789031148480787,,1.124313403623968,0.22025023070154814,,1.544806704100266,2.0329367833975636
1981-03,,,,0.2966009763153121,,,0.009514747859181716,-0.08333333333333326,1.1846802529866487,,,,,-0.1306601231496033,,,-0.029908022172138393,1.5003768708947987,2.1572580645161294,-0.4772718468749594,,,,-0.03254220699779786,,,,-0.8167423077972514,-0.05053209289873428,,,,,,-0.3334160465701812,,,,,,0.6722587377230824,,0.4770242106519531,0.6765929044514045,1.6854724964739063,,23.57980900409275,1.2642595499738336,,-0.27011248062392046,0.956812535830307,,1.187111980975232,0.20179410691675503,,1.4126994990906248,2.013117265481007
1981-04,,,,0.23946845055143595,,,-0.05781342032531378,-0.08868352788586242,1.1189037245256506,,,,,-0.17008175574182216,,,-0.053785709934823345,1.3459674814256481,2.090456989247312,-0.45015129146526733,,,,-0.003914851969659794,,,,-0.8586617431718342,-0.10153269526805364,,,,,,-0.38497844703369877,,,,,,0.6392101177221501,,0.4197247495845542,0.5601478667145867,1.471817374497205,,22.297407912687568,1.2982731554160103,,-0.28708393872080307,0.7962927575004772,,1.1684239324873222,0.23027233512887157,,1.427352626876813,1.963233358067837
1981-05,,,,0.1982462484180063,,,-0.18526573331521,-0.09316904453091202,1.1467322557976116,,,,,-0.21461742211418344,,,-0.09039410367302159,1.3825777969204256,1.7722670250896062,-0.4641527462736673,,,,-0.0340534550007916,,,,-0.8484752021391736,-0.1283715949400971,,,,,,-0.3577055267205209,,,,,,0.5689569236616863,,0.3949356861520952,0.5272372541972585,1.363213707360392,,21.077762619372425,1.1690214547357383,,-0.2812192246035352,0.7743168354672267,,1.0696592798366922,0.20235208275210925,,1.2588631027179056,2.153816693395888
1981-06,,,,0.10911227626107256,,,-0.28961080150423635,-0.09250702550799805,1.070133520730851,,,,,-0.2380204332022342,,,-0.11676920265578339,1.0352105093140942,1.215098566308244,-0.4998773312443775,,,,-0.10407461247283356,,,,-0.8741598377429536,-0.1253597483434835,,,,,,-0.3717345208446454,,,,,,0.45601107298199595,,0.3541530862383977,0.32879806951789314,0.8570756934649737,,19.69304229195087,0.9764521193092601,,-0.34150477612072094,0.5276132237722144,,0.8971105078182566,0.1884670686954102,,1.0378625068100495,1.8878808913995746
1981-07,,,,0.051527752666785887,,,-0.06424720221104618,-0.11765023778642414,0.9793394237526363,,,,,-0.2658093589111471,,,-0.16933666321495988,1.1050931409497142,1.9639784946236563,-0.5156305819664015,,,,-0.09551087378920264,,,,-0.863545825791958,-0.16953349842714605,,,,,,-0.40436792627399076,,,,,,0.47342376746737846,,0.3572563097347574,0.24659855213841997,0.823303557436138,,20.361527967257828,1.051805337519621,,-0.31685796174687186,0.4744888209440088,,0.9752720079129598,0.20252376762452595,,1.1306708206828393,1.8992268473083276
1981-08,,,,0.04872536611824141,,,-0.05518553758325406,-0.09315553393860754,0.7879128601546035,,,,,-0.26382566419373765,,,-0.1480782116099162,0.9470227199310859,1.5062275985663085,-0.5903939603930564,,,,-0.13414125131334653,,,,-0.9008085566944675,-0.17642728063717217,,,,,,-0.44024383215077645,,,,,,0.3200084625121471,,0.4078443614061831,0.30641269189300213,0.9552839157916728,,17.326057298772156,0.7922553636839331,,-0.32126091353521224,0.5450028664246125,,0.7721026159058881,0.23862051205013302,,1.0296220046048257,1.9050913181894344
1981-09,,,,0.019074308443318255,,,-0.03914639119206209,-0.09362840466926026,0.6813773717498248,,,,,-0.22906514086525864,,,-0.16123530486690607,0.9913858081188756,2.3001792114695347,-0.6591745468788333,,,,-0.13517753565825663,,,,-0.9073843327360868,-0.11250920286459998,,,,,,-0.461865355388848,,,,,,0.24134654345822737,,0.38822427675612214,0.30492375622529133,0.8869038290759022,,16.650750341064104,0.7404500261643099,,-0.30627674561360874,0.4586279380852276,,0.7100827072416207,0.19760928815159873,,1.0673430631488943,1.826914330851904
1981-10,,,,0.057674923160367486,,,-0.16233972180689604,-0.08769725464764322,0.7065354884047794,,,,,-0.19804841132426043,,,-0.16714381433879488,0.8068267470657908,2.606048387096775,-0.6640339512682226,,,,-0.11432231321694342,,,,-0.9115589955342932,-0.03881935613412657,,,,,,-0.4360397144876579,,,,,,0.23919147150894515,,0.3856443779322254,0.27016480977563284,0.8607585018022252,,16.802182810368336,0.7467294610151733,,-0.22694412181647128,0.4506019491687363,,0.7206683923648396,0.16078288301822097,,1.1379175347483637,1.7397132393422217
1981-11,,,,0.10332670403181932,,,-0.1986316886412035,-0.0679042369217463,0.5873506676036548,,,,,-0.19893706069188588,,,-0.10160199792897562,0.8794013136642616,2.501433691756273,-0.6233294452359328,,,,-0.13178082586105166,,,,-0.9080937525580042,-0.021149856100661668,,,,,,-0.36967811607963486,,,,,,0.1367054292752723,,0.37274488381274207,0.19756636032243158,0.648409340228804,,15.563437926330135,0.7305075876504428,,-0.22962475545290306,0.38390980317217616,,0.6566071090346628,0.15657660364401238,,1.0147945760521697,1.4693252267994352
1981-12,,,,0.0772916290001795,,,-0.1386887771283586,-0.06776913099870263,0.5992972593113146,,,,,-0.20832807788008467,,,-0.12767253456782568,0.771831592548724,2.7722446236559155,-0.6473294796692677,,,,-0.17442680522172183,,,,-0.9068931959362977,-0.02590188073087385,,,,,,-0.4053962803311357,,,,,,0.09715752822929113,,0.1373222302812187,0.16717153565744214,0.6191297079872535,,14.278308321964516,0.674515960230244,,-0.24956390021153563,0.30708962354290037,,0.5704274259738635,0.013756250402387149,,0.7947485277973221,1.351341647317902
1982-01,,,,0.06318929669137452,,,-0.18562819990032176,-0.0736462386511022,0.6373858046380891,,,,,-0.2360195388196451,,,-0.16409819089967692,1.0946484332938518,3.026859318996417,-0.6774586477168545,,,,-0.17290116438060443,,,,-0.90406461177455,-0.060638511478481205,,,,,,-0.41680221323634203,,,,,,0.111353750936793,,0.2983960557845744,0.11367253683832201,0.6171707673823328,,15.083219645293301,0.736787022501306,,-0.21784233281369347,0.25300974584368396,,0.6469053180966828,0.17346610296800313,,0.7282760559113055,1.7819853029178732
1982-02,,,,0.02748146808895191,,,-0.20280005436998783,-0.10037019022913929,0.5537596626844701,,,,,-0.26230636043618427,,,-0.20369129560821075,0.8470980941100463,3.293055555555557,-0.7101875325502618,,,,-0.18356625743030286,,,,-0.9113952832676968,-0.09504049260424252,,,,,,-0.41414821039092575,,,,,,0.047386482212588454,,0.33970198037073507,0.03609385428967493,0.5109178289714253,,13.658935879945417,0.674515960230244,,-0.23445166247863636,0.17160328683355597,,0.55150788138982,0.22147348541751732,,0.6247167612544908,1.5780453359504034
1982-03,,,,0.011480744892423234,,,-0.32689955144760097,-0.09485786856895773,0.5772312016865784,,,-0.0024805920088332156,,-0.26910022818222545,,,-0.23999512700249714,0.6316356196834285,2.9071012544802883,-0.7112033159301518,,,,-0.18356625743030286,,,,-0.9227369052924538,-0.10882805702429477,,,,,,-0.4093804697666936,,,,,,0.0638722447530633,,0.3768672132502142,-0.0708014581301023,0.3758031656480172,,13.46657571623464,0.6886446886446869,,-0.21810288863667449,0.07624689470666901,,0.5692909905928418,0.2999120115028877,,0.6402213163449404,1.8746439428393615
1982-04,,,,0.03010305550533232,,,-0.3305695256218568,-0.08829172070903568,0.6139142656359811,,,0.008856918798185065,,-0.24766944536813085,,,-0.20850338064201712,0.6167761386884894,3.255421146953407,-0.7428389423801182,,,,-0.17801062191453543,,,,-0.9375528654194217,-0.1263636972090214,,,,,,-0.3974606631821942,,,,,,0.07193314615403934,,0.3768672132502142,-0.03660728038198913,0.3046022044611605,,14.175989085948144,0.7048665620094172,,-0.21764801999655514,0.06936747563539059,,0.6041416756108358,0.36156834130952764,,0.6121132644708422,2.1052492998539876
1982-05,,,,0.00524317483275949,,,-0.3999365683476056,-0.10776048421962792,0.5152494729444841,,,0.014170772465577519,,-0.2572553920950347,,,-0.23853322775172048,0.6313125874878864,3.5489695340501823,-0.7367571546013696,,,,-0.21518732278818076,,,,-0.946593420585908,-0.1525332976373729,-0.05532200357781758,,,,,-0.4003949607617704,,,,,,0.029805254646313672,,0.3799704367465737,-0.1043795245674386,0.1698793292587366,,13.492496589358787,0.6347462061747757,,-0.2410141362574466,-0.041276514427670774,,0.5318517583180773,0.43240981179046,,0.5120956518803039,2.2192594011058726
1982-06,,,,-0.019707105405895375,,,-0.41896606406596903,-0.13694336359705994,0.5723120168657772,,,-0.004852555813320003,,-0.29362695072869316,,,-0.278918194554425,0.6940885108215789,3.693637992831544,-0.7470785467411001,,,,-0.21210725542969833,,,,-0.9493947193698897,-0.19898266514958762,-0.045796064400715486,,,,,-0.4232626428395916,,,,,,0.008943010717986866,,0.3376362250846965,-0.13487703445089094,0.11411482003865614,,12.826739427012265,0.588697017268444,,-0.23196534165934302,-0.08064207911331944,,0.4826272702401262,0.3308796703650465,,0.46548616681587185,2.0214232711779214
1982-07,,,,-0.022509491954439964,,,-0.451225590140909,-0.11063824038045811,0.4989458889669718,,,0.01748021255414689,,-0.2996353670981877,,,-0.29256258756167364,0.7549262409820179,3.459767025089609,-0.7562894638299338,,,,-0.2013126268368861,,,,-0.9520777815168852,-0.20808513486379698,-0.08130590339892663,,,,,-0.40306777126250903,,,,,,-0.06522947392578082,,0.3815128673601491,-0.0720850233608874,0.21900955963015178,,12.350613915416087,0.5489272632129758,,-0.28405442525360025,-0.08102426906172389,,0.44125260433108315,0.34738287872609996,,0.41193385331541066,2.2594968523350176
1982-08,,,,-0.033447839450371886,,,-0.4474649993203753,-0.09754647643752679,0.3935347856640905,,,0.04096622555679419,,-0.310276226622789,,,-0.30109033319120404,0.8362226768601273,3.7502912186379973,-0.7515032302772313,,,,-0.2131435397746082,,,,-0.958462559914142,-0.22140418981326493,0.017084078711985695,,,,,-0.36365723958222695,,,,,,-0.13661219820924642,,0.3985530531863133,0.0923653540072904,0.4201797001514911,,11.507503410641192,0.3861852433280988,,-0.3089794602519884,0.01968278234282428,,0.32929267420081376,0.33064360366547363,,0.3832508826828085,2.3813342269669926
1982-09,,,,-0.04935816308081853,,,-0.42721217887725993,-0.09315553393860776,0.36134926212227736,,,0.05951188734808799,,-0.32233319191386467,,,-0.3261253578607539,0.7617099170884036,4.42596326164875,-0.7728217687543311,,,,-0.23674779429755766,,,,-0.9625189860753622,-0.2462351917542327,0.016413237924866042,,,,,-0.32159240170724923,,,,,,-0.16482714601777848,,0.35157318741450094,0.056579555373003965,0.45551898866426344,,10.877216916780347,0.3165881737310292,,-0.36294542901178684,-0.08599273839098043,,0.26931414020245525,0.24162499731742537,,0.24152793329482303,2.307034971395745
1982-10,,,,-0.06120050623757134,,,-0.48602238231163075,-0.08234706009511439,0.34926212227688036,,,0.08070777971390619,,-0.33491761360378913,,,-0.3491502710604859,0.7179928932916986,4.221460573476707,-0.7530742511825699,,,,-0.24679399530793478,,,,-0.9586717478103485,-0.2645070611070204,0.14584078711985682,,,,,-0.2693841706279022,,,,,,-0.19022185407903847,,0.3582845968104744,0.1040714689120501,0.7822964007731279,,10.682128240109131,0.35845107273678534,,-0.37247117325195744,0.11026180011465692,,0.2638424142938329,0.25214069575294684,,0.23279190587393583,2.0251813198649984
1982-11,,,,-0.08660278430663648,,,-0.48402881609351645,-0.09000756593169035,0.32761770906535537,,,0.08189524967374351,,-0.3088945201866743,,,-0.278552719741731,0.7276838591579631,4.255331541218641,-0.7417801173315887,,,,-0.2417565019646224,,,,-0.9561433028040274,-0.2346563148383637,0.1807692307692308,,,,,-0.2814623255362452,,,,,,-0.11820085557432125,,0.37274488381274207,0.15413051291266622,0.7796583607585013,,10.622100954979526,0.4761904761904743,,-0.3271918706583229,0.2079113319319701,,0.3250836542711044,0.2902332768203979,,0.28675396306101364,2.242406108624364
1982-12,,,,-0.08578918821189774,,,-0.43541298536541173,-0.07967196281884992,0.3391426563598039,,,0.09750497383250734,,-0.2814839871117182,,,-0.23085825668514326,0.6519866480025844,4.013978494623658,-0.7408504172889774,,,,-0.24276400063328496,,,,-0.963892350089587,-0.19409678067063718,0.20120751341681564,,,,,-0.26466860607972587,,,,,,-0.10447975272252652,,0.3706791285267039,0.1644503773681778,0.9123178185237415,,10.09686221009549,0.47305075876504254,,-0.34391160533300347,0.2289317790942098,,0.3032177957362643,0.2918857437174085,,0.23004050895823847,2.165713191468991
1983-01,,,,-0.14834568794069902,,,-0.356893661365593,-0.08511673151750976,0.3391426563598039,,,0.09048729422023571,,-0.3148914701127158,,,-0.25546689407321654,0.46850436093464,3.7428539426523324,-0.7230742081409012,,,,-0.2372227579556413,,,,-0.967321212562188,-0.20601030720835223,0.2469588550983901,,,,,-0.29615717132863906,,,,,,-0.020324372393564216,,0.4063019307926079,0.31226574934538176,1.4481272527816942,,10.7694406548431,0.5410779696493961,,-0.34686604339358496,0.561054844257596,,0.3742660521497585,0.314204777131577,,0.27745670542349177,2.212269909280227
1983-02,,,,-0.15476405713252683,,,-0.39622128585021077,-0.07888834846519666,0.4156008432888272,,,0.10320721053187665,,-0.3079714714886891,,,-0.25528415666686943,0.5110369333476905,3.8100582437276014,-0.7461144133635772,,,,-0.2681097885692081,,,,-0.9675849712139265,-0.23097516899805837,0.26390876565295196,,,0.0394345203412958,,-0.2567093276869916,,,,-0.24870403857745638,,-0.008328044263241519,,0.4765100671140945,0.07295784771782121,1.0106566368907686,,9.978171896316498,0.4133961276818401,,-0.4477850546946417,0.240588572520543,,0.27642738388366417,0.4050260746400005,,0.15446880700707366,2.0433492112885085
1983-03,,,,-0.16353281504248884,,,-0.40872638303656383,-0.08399535235624722,0.49739985945186316,,,0.09155423151497666,,-0.30714015433832953,,,-0.2549795943229577,0.5705825347259612,3.934610215053766,-0.7542363762358338,,,,-0.20298219605924106,,,,-0.9636376865637705,-0.23914061977109902,0.27839892665474086,,,0.03026977910502482,,-0.26367574388827,,,,-0.2523809523809525,,0.10175991566174325,,0.39545901082455814,0.05365302664681426,0.8209267095021671,,11.171896316507492,0.5641025641025621,,-0.407085351904928,0.24020638257213855,,0.41282067470589645,0.5343047835697603,,0.2936155728152863,1.903296072001341
1983-04,,,,-0.11896582896402208,,,-0.3481038466766344,-0.07470006485084324,0.4037947997189044,,,0.10393487069523544,,-0.3189907236472469,,,-0.2530303953219222,0.5409712501345969,3.9888888888888916,-0.7427872923777508,,,,-0.17635544553030436,,,,-0.9610910513056053,-0.23679807241817763,0.38282647584973173,,,0.05700027713238631,,-0.23490124464209294,,,,-0.10295358649789055,,0.10666888986901024,,0.35157318741450116,0.08235354520716753,1.0404064148774999,,11.806275579808993,0.5688121402407096,,-0.42686551344953827,0.3244792661952993,,0.4214702106614492,0.4571753546365671,,0.2541934848016123,1.747277209948058
1983-05,,,,-0.0960947387452552,,,-0.30197997372117247,-0.07865866839602254,0.48039353478566493,,,0.09347828998373542,,-0.34051897123069397,,,-0.2601571541694583,0.6106385269731884,4.285775089605738,-0.6977269694791527,,,,-0.20183076900934127,,,,-0.9348607081465043,-0.25433371260290427,0.3655635062611806,,,0.01942898695004991,,-0.2765231925691557,,,,-0.059132007233273165,,0.05885569623884357,,0.34073026744645163,0.029367972480361715,1.183774747949641,,11.013642564802172,0.45159602302459234,,-0.4749976814947955,0.39633097649531845,,0.3138666161584289,0.4702448655492868,,0.19087667810116216,1.631543672355603
1983-06,,,,-0.13785933827517727,,,-0.29223868424629595,-0.07583495460440981,0.477301475755447,,,0.09542615737399518,,-0.34507114928162796,,,-0.2621063531704937,0.6150533003122645,3.986760752688175,-0.7331631752699788,,,,-0.17801062191453554,,,,-0.9464478985711557,-0.2574124891238867,0.4275939177101966,,,0.01711999118254215,,-0.2728599466711963,,,,-0.009222423146473813,,0.1011521208274615,,0.3025275663566509,0.029367972480361715,0.9286423235647485,,11.533424283765337,0.45682888540031175,,-0.4437265665366832,0.3000191094974203,,0.3261569543531804,0.4443848316415244,,0.20474225844514615,1.6752998061134123
1983-07,,,,-0.14554330139215443,,,-0.2281727153278056,-0.0801313229571986,0.4996486296556579,,,0.08727160176007476,,-0.374757771382051,,,-0.27666443320947776,0.6571551631312587,4.021818996415774,-0.7584329389281763,,,,-0.1380704961211302,,,,-0.9458476202603026,-0.27534970885482846,0.37347942754919505,,,-0.02790574034298743,,-0.31681798739887057,,,,0.04755877034358047,,0.18635455774409482,,0.29581615696067787,0.01627560712635434,0.9532466175625547,,13.912687585266017,0.6148613291470408,,-0.4198835006337248,0.34607299828014537,,0.517898857251091,0.4662531922655988,,0.25877458348048554,1.7273619455681364
1983-08,,,,-0.1556680527933476,,,-0.32907435095827087,-0.08036100302637272,0.5253689388615608,,,0.08835639574594101,,-0.38547889601082486,,,-0.28543582871413753,0.6747065790890492,4.161895161290326,-0.7984530824290995,,,,-0.0971372644971864,,,,-0.9518322131169906,-0.2881333244093428,0.38398926654740584,,,-0.029571708310741518,,-0.3181217826017051,,,,0.05352622061482837,,0.3214535440355424,,0.16210211257907314,0.010063151409354765,0.9822128193073179,,20.241473396998614,0.9105180533751933,,-0.3832157887996326,0.33365182495700374,,0.9150619778184672,0.3571474558447991,,0.3141228336741786,1.9116499509299385
1983-09,,,,-0.15792804194539967,,,-0.33582529110597603,-0.08069876783398178,0.44624033731553125,,,0.10242895641032912,,-0.3747061723865115,,,-0.25723335566790506,0.7105631527942284,4.4233646953405055,-0.7908691404148356,,,,-0.1321694324903928,,,,-0.9566071542260502,-0.27307409142627603,0.3996422182468693,,,0.008530044268121983,,-0.28364310350580724,,,,-0.017239300783604472,,0.3039924411120314,,0.26123082290509525,-0.030343482055757987,0.7681920284176975,,19.23738062755796,0.8759811616954449,,-0.37167184098145634,0.21918593540989884,,0.8194751352147671,0.46271219177200495,,0.1875950783303999,1.7531895540608478
1983-10,,,,-0.1587416380401384,,,-0.3707580082461147,-0.08160397751837445,0.5018973998594525,,,0.10169534401659508,,-0.3804164612262221,,,-0.2565633185112991,0.8500053838699255,4.624417562724018,-0.8212049084718916,,,,-0.14862044646583872,,,,-0.9628736959863209,-0.28893648350177303,0.37634168157423975,,,-0.00896566080800909,,-0.3036529320224596,,,,-0.015069318866786974,,0.2672343004263529,,0.3040791781048304,-0.09929660625352965,0.3784412056626436,,16.758526603001343,0.8084772370486633,,-0.40053171052689684,0.1232562583604051,,0.7069259422943388,0.43080026611155486,,0.13554302901879667,1.9128707183378424
1983-11,,,,-0.17510395950099544,,,-0.29291830909338035,-0.08681906614785984,0.4617006324666204,,,0.10132630573333734,,-0.3934595406542759,,,-0.25010659682036895,0.8612038333153869,4.908288530465954,-0.811473187192521,,,,-0.16984988269836943,,,,-0.9620369444014952,-0.29121210093032524,0.3842576028622542,,,0.0011611923020076187,,-0.29438803833121463,,,,0.1457504520795665,,0.2543648275045989,,0.3748014579641754,-0.042717050880525576,0.5337721360288348,,15.859481582537498,0.7399267399267375,,-0.42494888248049134,0.22472768966176182,,0.6370562114611633,0.4994956756872786,,0.088864188675561,1.8448428561170034
1983-12,,,,-0.1770927499548013,,,-0.12405418875447405,-0.09031830955469078,0.4144764581869296,,,0.10206438229985282,,-0.40048273726938177,,,-0.24675641103733914,1.1484871325508772,4.694130824372764,-0.8291762255039103,,,,-0.16240878538839065,,,,-0.9675576858361604,-0.3007830801151188,0.3728085867620754,,,-0.008634906957999733,,-0.3046278966064313,,,,0.13670886075949418,,0.24147921843680198,,0.43004434488014054,-0.09190327052420788,0.4255602570130066,,17.08731241473395,0.7299843014128706,,-0.40824681260736884,0.16319510796866044,,0.6766209988004313,0.6213704744940689,,0.11258460659587,2.06783636929411
1984-01,,,,-0.20999819200867942,,,-0.19845045534864736,-0.09393914829226102,0.42052002810962796,,,0.10587529779752636,,-0.4224581761475049,,,-0.26241091551440554,1.3265855496931191,4.843884408602155,-0.8343627465749592,,,,-0.17091495271952684,,,,-0.9702498431090778,-0.325413292282979,0.35800536672629724,,,0.003904085548912972,,-0.29687064883377345,,,,0.1605183845690179,,0.2120307519085476,,0.42281879194630934,-0.12609744827232106,0.34848247401138743,,15.641200545702574,0.49345892203034847,,-0.42415396641037983,0.13930823619338817,,0.47126291642991114,0.6315428031847574,,0.006223723703170814,2.0369581348588945
1984-02,,,,-0.1624480202495039,,,-0.2270400072493316,-0.09574956766104614,0.4255797610681664,,,0.10242746835273553,,-0.379476212863057,,,-0.2603398915758053,1.4482610100139977,5.130846774193552,-0.8265334670494505,,,,-0.17020970365146315,,,,-0.9746973596849449,-0.30647212368649956,0.28949016100178926,,,-0.011441107913328086,,-0.31617367352943837,,,,0.13851717902350846,,0.20977886308300797,,0.45534755185045794,-0.08071058171176237,0.5019067021887889,,16.13506139154159,0.5112506541077948,,-0.46961433321998425,0.17580737626600418,,0.5036302796893763,0.7370216966757548,0.0251104394326902,0.016191719892280743,1.962347703281711
1984-03,,,,-0.18911589224371828,,,-0.166870554120792,-0.113394401210549,0.4921995783555875,,,0.09661809150661416,,-0.3748552361514037,,,-0.2329292806237433,1.6164531064929468,5.4072356630824405,-0.8356066507986382,,,,-0.12560629830596304,,,,-0.9741334618777797,-0.30098386988822634,0.30344364937388235,,,-0.03599666383253097,,-0.33622172405529427,,,,0.18185654008438856,,0.28624447336998027,,0.39081335671462303,-0.10668994198285131,0.5156976440474319,,17.08731241473395,0.5279958137100975,,-0.41696880837664896,0.14542327536785793,,0.55079234800177,0.7562289417773707,0.04022320390606837,0.14733798926270825,2.206716614405057
1984-04,,,,-0.21298137768938807,,,-0.17846948484436587,-0.12163586251621261,0.5070976809557282,,,0.09439344540391148,,-0.4087041772253507,,,-0.24279710056648562,1.7982125551846662,5.418951612903229,-0.8691533273361942,,,,-0.11652441744987685,,,,-0.9777169414910549,-0.3367244495013715,0.3062611806797857,,,-0.048274425262704646,,-0.3515711975926199,,,,0.14285714285714324,,0.24968713805727982,,0.34176773565677276,-0.14001129537403068,0.36869874105417066,,18.603001364256457,0.39769754055468165,,-0.45375575762125786,0.12382954328301188,,0.513311025527708,0.6916754297486993,0.02394791908858407,0.09797528214366258,2.109605763937096
1984-05,,,,-0.22220213342976047,,,-0.15558878165919066,-0.12662127107652388,0.5513703443429381,,,0.07935215924597183,,-0.4138124777837665,,,-0.2619236157641466,1.7482502422741457,5.295967741935487,-0.8821562154321598,,,,-0.09382691172872382,,,,-0.9797724399494311,-0.34395288133324353,0.2204830053667266,,,-0.09801385371013427,,-0.3975164794496029,,,,0.1191681735985537,,0.2798115298142192,,0.3489932885906044,-0.12419777173075919,0.40325445332497467,,21.317871759890835,0.43485086342229007,,-0.41826717129116464,0.13242881712210997,,0.6380453311446452,0.6522522909200192,0.04231574052545928,0.1437570667097403,1.9556693874620024
1984-06,,,,-0.2394684505514384,,,-0.2514158850980923,-0.14290153480328582,0.42333099086437165,,,0.08409311073975845,,-0.42741167971930216,,,-0.28257294268136657,1.6660923872079243,5.253897849462368,-0.9012279788062824,,,,-0.07790843276385684,,,,-0.9823463605853623,-0.3702563416103334,0.23376565295170004,,,-0.08921398306282435,,-0.3959336029097261,,,,0.08233875828812587,,0.281140072505083,,0.3789329685362519,-0.16311546952816125,0.2576137491511252,,17.86357435197815,0.3301936159079,,-0.42003365144696814,0.06478119625453882,,0.4228802323379022,0.7083503229821693,0.0032550569634968163,0.13749410251987837,1.9532278526461946
1984-07,,,,-0.27454348219128644,,,-0.368130125504055,-0.13860516645049725,0.30513000702740745,,,0.09782044204238916,,-0.45556753161871844,,,-0.3116891027593345,1.6208678798320224,5.094310035842296,-0.9107789250773674,,,,-0.09451776795866385,,,,-0.9856024156654449,-0.4084733284251384,0.2130590339892673,,,-0.036014780085385056,,-0.34654439668378545,,,,-0.08619650391802247,,0.14756505556212973,,0.3489932885906044,-0.25070596087693164,0.04213028260983109,,15.053206002728494,0.12872841444269878,,-0.45097796757625674,-0.08140645901012789,,0.18050381968558793,0.6721462755113019,-0.07626133457335516,0.10583159260709274,1.7008401752160296
1984-08,,,,-0.2711986982462493,,,-0.20166734629151362,-0.1278642455685256,0.27069571328179953,,,0.09831298910593067,,-0.4543119560605893,,,-0.3031004446610218,1.662108323462904,5.5701388888888905,-0.9125866751602226,,,,-0.15621986499517848,,,,-0.9853841326433165,-0.3976306806773303,0.33376565295170013,,,-0.03127414019619312,,-0.3327071193042379,,,,-0.011452682338757847,,0.16231528595043687,,0.38977588850430167,-0.23427632592288317,0.09543958627174409,,16.40381991814459,0.05860805860805729,,-0.4425916030365794,-0.05216892795719463,,0.2267609487130937,0.7264416164130767,-0.027667984189723382,0.0687146550441824,1.7079732867367228
1984-09,,,,-0.3120593021153508,,,-0.25381722622445724,-0.14267185473411148,0.25158116654954377,,,0.10859249096377077,,-0.4903739207210105,,,-0.32052141073277673,1.773016043932377,5.082459677419357,-0.9120400459685021,,,,-0.16232242835964839,,,,-0.9867484015316192,-0.43096178301318466,0.33072450805009024,,,-0.011553508022276837,,-0.3115843022814897,,,,0.002591922845088135,,0.1418152088555169,,0.3706791285267037,-0.2486009138984442,0.0897194797053753,,15.392905866302844,-0.007326007326008632,,-0.4581145474057031,-0.11523026944391357,,0.1405181303533487,0.662124171083978,-0.02232039060683577,0.05353406211130296,1.5369461665509747
1984-10,,,,-0.3192912674019174,,,-0.21847673417606783,-0.14041558581928226,0.2969782150386513,,,0.12413525253081459,,-0.4838667140613001,,,-0.3198513735761709,1.557876601701302,5.203718637992835,-0.9079984332832615,,,,-0.15788943421753343,,,,-0.9857934133098073,-0.42299712201325157,0.3190071556350633,,,0.025875463786817043,,-0.2750992710516812,,,,0.0462326702833038,,0.12541550576060412,,0.4248845472323475,-0.2813061559788468,0.04111163349527236,,16.907230559345134,0.027210884353740195,,-0.43094608260944456,-0.12287406841200077,,0.19582465222972978,0.6732407665729578,-0.06672866775168573,0.10059344391850056,1.6749886301074772
1984-11,,,,-0.3370999819200877,,,-0.257441892075574,-0.14686013834846512,0.2403373155305697,,,0.13177196410209913,,-0.5021384917040287,,,-0.329353718706219,1.590825885646602,5.268391577060935,-0.9042710247790886,,,,-0.19532520617740612,,,,-0.987139491946266,-0.4433438190214839,0.28729874776386444,,,0.036271349863488345,,-0.26556348645393746,,,,0.03833634719710721,,0.10738605191536044,,0.47031280125597985,-0.29711967962211827,0.0029775897194797007,,17.207366984993158,-0.003139717425432953,,-0.4200071542446311,-0.14714313013567737,,0.15413430982595844,0.7614224091679747,-0.10067426179958161,0.07477137853654914,1.950403331976927
1984-12,,,,-0.3582534803832951,,,-0.2802772869376101,-0.14449578469520097,0.24483485593815923,,,0.13869440802836874,,-0.5113001800231627,,,-0.34366814887007346,1.473349843867771,5.520026881720433,-0.9035264039116269,,,,-0.20986197268239326,,,,-0.9898680297228715,-0.4545211163911379,0.30474060822898097,,,0.0358659160587389,,-0.26394481469909237,,,,-0.0854731766124166,,0.07156918641551657,,0.5141986246660368,-0.3472814088411972,-0.10815964059969707,,16.79945429740789,-0.09105180533752077,,-0.42794306634457857,-0.22396330976495304,,0.08323336911000423,0.7653926218426106,-0.12555219716345056,0.056541891044682435,1.9175622950427287
1985-01,,,,-0.3774181883926965,,,-0.2034343708939328,-0.1463062040639861,0.2120871398453974,,,0.14611832736374275,,-0.5140635928953922,,,-0.3533532314064687,1.6874125121137062,5.877553763440863,-0.910296858388606,,,,-0.20932943767181456,,,,-0.9894769393082248,-0.4736630747607249,0.3833184257602871,,,0.0654620879226051,,-0.24193439768483793,,,,-0.02453285111512893,,0.08450320392144195,,0.5250415446340864,-0.3600143759305846,-0.10674920336415405,,18.564802182810343,-0.11407639979068673,,-0.4422250584042502,-0.25702274030192995,,0.11284382431550943,0.7376225937292129,-0.12694722157637783,0.06565663479061601,1.8259329296024145
1985-02,,,,-0.4032724642921721,,,-0.2521408182683156,-0.1805825767401642,0.18622628250175732,,,0.1352629472171094,,-0.5422653105686214,,,-0.36571846256928775,1.5222353827931507,5.482616487455201,-0.9198090671579155,,,,-0.2238230256624305,,,,-0.9903682616485825,-0.5088012850545474,0.3936493738819329,,,0.021106161869843376,,-0.2868173503653838,,,,-0.15418927064496635,0.034059945504087086,0.05278671242160504,,0.45328179656442,-0.39893207372798667,-0.21449093663480123,,19.227830832196428,-0.22082679225536472,,-0.444627471416143,-0.33957576915727106,,0.03769177347054864,0.6603644011417069,-0.09439665194140912,0.053362499053209556,1.7027551044833298
1985-03,,,,-0.30862411860423156,,,-0.14634588373884239,-0.16673421962818835,0.24947294448348623,,,0.14516150633094127,,-0.5007166527158275,,,-0.3450082231832854,1.4246796597394198,5.689650537634413,-0.932248109394705,,,,-0.2040040875660274,,,,-0.9910049204631238,-0.4587377016263965,0.3690518783542047,,,0.04159385866962384,,-0.2674445553354584,,,,-0.11591320072332678,0.12329700272479549,0.09159952237007696,,0.43521332366253884,-0.3147815371977202,-0.0732382594159745,,21.646657571623436,-0.17425431711146122,,-0.4527797773351764,-0.25358303076629074,,0.09655491718753417,0.6313067364851841,-0.020227853987444977,0.11679885235264997,1.5935562630155364
1985-04,,,,-0.31287289821008935,,,-0.20977753613338734,-0.16662613488975342,0.21630358397751293,,,0.15556898114184636,,-0.512567222024745,,,-0.351891332155692,1.373748250242273,5.77968189964158,-0.9250472382313317,,,,-0.19866434462211613,,,,-0.9921781917070642,-0.4655645539120534,0.35035778175313137,,,0.06290105144020774,,-0.2566089190755123,,,,-0.1605786618444841,0.1485013623978202,0.10022877469278546,,0.38461609085650883,-0.3508753914873952,-0.15138692994828395,,23.301500682128207,-0.27734170591313556,,-0.4712306625625444,-0.29008217083890686,,0.06460845592104025,0.5208489816941031,-0.026040455707975085,0.09513810369891806,1.422217966823852
1985-05,,,,-0.2760802748146818,,,-0.2165737846042315,-0.16480220492866404,0.1648629655657068,,,0.17146590041621002,,-0.5010205134673382,,,-0.34829749649753283,1.1903736405728425,5.7066084229390714,-0.9179884045744685,,,,-0.2242692036442666,,,,-0.993078609173344,-0.4552573455591987,0.41610017889087736,,,0.13776666471288856,,-0.18602196855481323,,,,-0.2505123568414702,0.1668937329700273,0.07958167937836369,,0.40577860612014516,-0.3518509010627917,-0.15817792404534292,,22.23601637107773,-0.31554160125588804,,-0.4954932675025061,-0.3061341486718898,,0.016246816928679575,0.4803313518037666,0.0032550569634965942,0.054949457340571994,1.5408478349330985
1985-06,,,,-0.2645995299222573,,,-0.2211952335644054,-0.15950605274535223,0.17976106816584725,,,0.17619197133405873,,-0.499243214732087,,,-0.34372906133885583,1.1282437816302346,5.634094982078857,-0.9226756422893002,,,,-0.23090430201931522,,,,-0.9937516484915734,-0.45130848002141666,0.4183810375670849,,,0.14025629406724827,,-0.17903098106190396,,,,-0.26305003013863715,0.2350136239782017,0.06510934928301704,,0.351059043876643,-0.3554962263182213,-0.16925246826516227,,21.120054570259178,-0.30402930402930506,,-0.4990438926156714,-0.31282247276896613,,-0.004566786623733221,0.3737794278601647,-2.220446049250313e-16,0.07259672551827134,1.5037460803791576
1985-07,,,,-0.20141023323088147,,,-0.19971908839653807,-0.1544666018158235,0.14884047786366872,,,0.17069955075541254,,-0.45604338902202757,,,-0.3101053785709932,1.0619145041455789,5.168750000000003,-0.9289769425781098,,,,-0.2852516587745938,,,,-0.9904683080337248,-0.3912723378622571,0.40152057245080597,,,0.12324374416531891,,-0.1990056210621467,,,,-0.22736588306208494,0.20572207084468674,-0.03702528354794421,,0.24729386057529057,-0.33583200698259474,-0.15047275766598756,,18.987721691678008,-0.31554160125588804,,-0.559581167555059,-0.26371106439900627,,-0.058694782919795796,0.24501577354765525,0.03441060218553815,-0.014213269307459808,1.3185484836153876
1985-08,,,,-0.21271017899114186,,,-0.17294186942141232,-0.16099221789883256,0.11834153197470165,,,0.17286169843917643,,-0.46284298998979545,,,-0.3201559359200826,1.0940023689027663,5.271236559139789,-0.9299066426207211,,,,-0.28856201154305616,,,,-0.9899407907302477,-0.4012448965932658,0.37625223613595815,,,0.15013308999370967,,-0.17845522412961468,,,,-0.18800482218203662,0.21457765667574935,-0.05435550439799641,,0.2586509240811985,-0.3267443651486367,-0.1620435668390534,,16.680763983628896,-0.31868131868131977,,-0.5919386678089905,-0.13797057137397284,,-0.08169707683565741,0.24892160439513455,0.0918391071843756,-0.0859631303687598,1.1040764056777665
1985-09,,,,-0.20755740372446319,,,-0.15395768202618787,-0.16374837872892334,0.1439212930428675,,,0.17606548643858733,,-0.4383334671085075,,,-0.24974112200767473,1.1562399052438885,5.242741935483875,-0.9259252882715757,,,,-0.2635328660458557,,,,-0.9891768001527981,-0.3722642393414083,0.3266994633273712,,,0.15097261963098996,,-0.1831826192996875,,,,-0.25557564798071064,0.32220708446866486,-0.028417546086626166,,0.36964166031638235,-0.3519022436720233,-0.19821867000992532,,16.058663028649363,-0.2956567242281539,,-0.5886750957211435,-0.2233900248423467,,-0.07990824336553093,0.31242354658025384,0.1601953034178094,-0.05658021896191545,1.4009143787251372
1985-10,,,,-0.1780871451817042,,,-0.2172081011281769,-0.16076253782965844,0.19803232607167987,,,0.17965319329719343,,-0.42546238433225214,,,-0.23384296765547874,0.8414988693873151,6.308064516129036,-0.9233772214881226,,,,-0.2232473121374806,,,,-0.9882400021828303,-0.3586105347700944,0.3735241502683373,,,0.17993581358719668,,-0.15144197079959787,,,,-0.23634719710669017,0.42506811989100823,0.006165800693495704,,0.4186872813742326,-0.3526723828104943,-0.194274669592018,,15.009549795361504,-0.23286237571951984,,-0.5903046736648723,-0.17427861647238685,,-0.07765641770313647,0.4063566324012293,0.24691932108811865,0.028390948406060934,1.5968355793857882
1985-11,,,,-0.14834568794069913,,,-0.21403651850844962,-0.17053069606571547,0.1499648629655661,,,0.17901184047427376,,-0.4034640125672224,,,-0.20088932204422216,0.8164100355335409,6.5833333333333375,-0.9237430756715576,,,,-0.22377984714805932,,,,-0.9882581924346743,-0.3395355063248764,0.4689624329159223,,,0.21187711454771163,,-0.117297582609592,,,,-0.2393007836045804,0.4196185286103542,0.04391183209802163,,0.39597315436241654,-0.35950094983827063,-0.19991641853419018,,14.368349249658916,-0.23966509680795522,,-0.5965889268191433,-0.12096311866997911,,-0.12749121367089555,0.45013627486748264,0.26156707742385454,0.0672855712730438,1.6818823754697578
1985-12,,,,-0.17022238293256298,,,-0.18422364188301343,-0.17983949416342404,0.18496134926212293,,,0.18221562847368444,,-0.38880989783398934,,,-0.19181336419565043,0.6775061914504139,9.855376344086029,-0.923273921483388,,,,-0.21999453072151298,,,,-0.9892313709083302,-0.33451576199718747,0.520974955277282,,,0.2610817829473897,,-0.06555529602339383,,,,-0.2902350813743212,0.24591280653950953,0.06318376918856683,,0.3701558038542405,-0.3520562714997175,-0.23922582667293535,,16.114597544338313,-0.22658294086865638,,-0.5720481012546426,-0.13376648194152507,,-0.07660416272070925,0.3626842929802365,0.10230179028132969,0.0943861464655733,1.62419513129234
1986-01,,,,-0.18956789007412866,,,-0.23814054641837668,-0.1927556204063985,0.1510892480674637,,,0.1805504920262433,,-0.3763516070220504,,,-0.15745873180239967,0.3898998600193817,8.646975806451618,-0.929183542587579,,,,-0.26976496495343916,,,,-0.988658377975243,-0.3268857506191004,0.5252683363148494,,,0.2623543174749674,,-0.0662405620455444,,,,-0.23261000602772675,0.019073569482289,0.04498219645219925,,0.3577704532726158,-0.31637315808389377,-0.21731181110588726,,14.597544338335586,-0.22135007849293686,,-0.6203657497162591,-0.06745652589336903,,-0.09318770124376419,0.32757473657102554,-0.17391304347826098,0.04337351376656695,1.5320391603035186
1986-02,,,,-0.1707647803290554,,,-0.2943228671106879,-0.1919449848681366,0.20435699226985293,,,0.1831114391451405,,-0.3343672243180338,,,-0.10349028446122888,0.3306772908366531,10.083400537634414,-0.921018538046683,,,,-0.25413434275104707,,,,-0.9884491900790366,-0.27916471454387093,0.6179785330948135,,,0.3457372473563747,,0.0422902263895677,,,,-0.2012055455093421,-0.23297002724795635,-0.015465599529541851,,0.32988734747840165,-0.339425989628793,-0.27443451914537953,,12.212824010914034,-0.178440607012037,,-0.618064909313325,0.006497229122873982,,-0.10680388071637403,0.31632937742773315,-0.4168797953964196,0.09567560710964651,1.2954257127127384
1986-03,,,,-0.15051527752666893,,,-0.3558968782565354,-0.1720573929961089,0.24680252986647977,,,0.1913061723140932,,-0.3685085597000384,,,-0.09142961564232166,0.5089910627759227,10.058714157706097,-0.9091648625033895,,,,-0.23776968580434377,,,,-0.9831649219183439,-0.3049996653503766,0.7048300536672645,,,0.40424758689363194,,0.13446078148841423,,,,-0.2071127185051228,-0.31267029972752036,0.018147785582891318,,0.23696508414509898,-0.3582687272167171,-0.34312803635793765,,13.901773533424265,-0.21664050235478938,,-0.6554612942116862,0.005732849226065095,,-0.08700044194709144,0.2216880915080386,-0.5533596837944665,0.16457368861487498,1.4301649232831486
1986-04,,,,-0.10531549448562749,,,-0.39413710298581817,-0.15668233895373962,0.24792691496837715,,,0.19412455339671464,,-0.32702870050796395,,,-0.048364500213193384,0.4734575212662857,9.265008960573482,-0.9123757709838894,,,,-0.17439801954547418,,,,-0.9836196782144448,-0.26229837360283625,0.6610017889087669,,,0.39741425532894725,,0.11713559409439678,,,,-0.19608197709463449,-0.07765667574931878,0.05240482363192367,,0.18120805369127546,-0.33280279303794214,-0.34764665935328853,,13.398362892223721,-0.188383045525904,,-0.6407774279165692,0.042231989298681105,,-0.06296693814845089,0.19966950662059957,-0.42083236456638007,0.2739770780803559,1.5840534265265602
1986-05,,,,-0.14201771831495302,,,-0.40727651669611675,-0.15843871595330716,0.26900913562895346,,,0.18938508996052184,,-0.36615220557039874,,,-0.07839434732289663,0.5743512436739524,7.272020609319002,-0.9170457920312655,,,,-0.29260639905582986,,,,-0.9870212553092798,-0.3051335251991151,0.7512075134168172,,,0.33320238720640827,,0.04037760918298994,,,,-0.21609403254972792,-0.09604904632152578,0.0716211806638769,,0.1657194796132908,-0.34112029573342917,-0.33759076424802814,,12.297407912687568,-0.24699110413396252,,-0.6868295655783677,0.05025797821517264,,-0.10676179051707702,0.14494495353778292,-0.35480120902115797,0.07864797359389053,1.7398089858055896
1986-06,,,,-0.10197071054059026,,,-0.41244166553395833,-0.1583846735840898,0.21222768798313463,,,0.19720036844306033,,-0.3300214422492581,,,-0.01669001644636625,0.6083773016043927,6.3051075268817245,-0.9206871171981595,,,,-0.32340707264065416,,,,-0.9887402341085413,-0.2467037012248161,0.7719141323792502,,,0.394761315228056,,0.11266968600316152,,,,-0.19457504520795588,-0.21321525885558568,-0.009853806516851638,,0.2761960723106165,-0.339939415721107,-0.358773441989239,,11.398362892223721,-0.2658294086865528,,-0.6740225844487919,0.06707433594496437,,-0.15053559778605452,0.26299976393330193,-0.4219948849104861,0.06454786289921532,2.4079038705507854
1986-07,,,,-0.12836738383655844,,,-0.3660912509628016,-0.15335873324686544,0.2096978215038654,,,0.19873753193743604,,-0.29976723119789994,,,0.04105500395931072,0.5835038225476468,6.313306451612907,-0.9211390547188734,,,,-0.34922782423466103,,,,-0.9892040855305642,-0.1995850344689094,0.6574239713774614,,,0.4025099803858505,,0.09311245461136464,,,,-0.1697408077154906,-0.35013623978201636,-0.11075133481785893,,0.29581615696067765,-0.3106227858499768,-0.36347489944104905,,11.036834924965879,-0.23390894819466368,,-0.684992426216332,0.1440856105484425,,-0.13054275311993502,0.3041826727042529,-0.48360846314810524,0.11431301314921383,2.608947507001464
1986-08,,,,-0.12601699511842424,,,-0.3280775678492136,-0.15664180717682663,0.32817990161630406,,,0.20860186572661132,,-0.2793053628556037,,,0.03740025583236917,0.5633681490255191,7.678068996415776,-0.9063456332075082,,,,-0.3639948761496281,,,,-0.9914232962555367,-0.18345492269593566,0.7747316636851536,,,0.4469002876484083,,0.14590614979994188,,,,0.029294755877034895,-0.08719346049046317,-0.15927989758925987,,0.3267933051166467,-0.26662216973866604,-0.3606279057618974,,8.772169167803535,-0.17530088958660528,,-0.6511466664311361,0.5333460729982797,,-0.14584254056442847,0.36435822048629896,-0.25482445942804033,0.11393155911579389,2.808531009885827
1986-09,,,,-0.15358886277345962,,,-0.36532100946943924,-0.15557447038478167,0.7219957835558684,,,0.20411834819654895,,-0.27846257926179097,,,0.03356277029908061,0.6279745881339502,7.550694444444451,-0.9078434832761596,,,,-0.38533945508714873,,,,-0.9916961500331972,-0.1879392276286711,0.6123434704830069,,,0.40958890618858823,,0.08781870633666378,,,,0.004701627486438209,-0.15054495912806531,-0.10077202494289617,,0.27310202994886135,-0.19854186989782818,-0.3123334900485818,,9.206002728512948,-0.18262689691261258,,-0.6425880700762678,0.3466462832027515,,-0.1333627964728401,0.30920445522244067,-0.3071378749128112,0.1309874822847461,2.406060751131009
1986-10,,,,-0.1722111733863687,,,-0.4079108332200623,-0.15581766104626027,0.7278988053408295,,,0.20539956578479446,,-0.2930249624473983,,,-0.023268563074861137,0.8217939054592438,6.376545698924737,-0.9022308496855805,,,,-0.36162005785920937,,,,-0.9908775887002156,-0.22100261026704882,0.7109123434704847,,,0.4312815652151549,,0.10506896645867081,,,,-0.05039180229053597,-0.14373297002724794,-0.1185791585537711,,0.28136505109301435,-0.2438773938491553,-0.3056208535757198,,9.529331514324682,-0.18472004186290036,,-0.6204717385256073,0.391171412191859,,-0.12385041143169695,0.38781466618022775,-0.2936526389211813,0.22372552830927428,2.406060751131009
1986-11,,,,-0.1524136684143924,,,-0.41864890580399594,-0.1495757674016428,0.9782150386507382,,,0.20411834819654895,,-0.2612743805253931,,,-0.015654504477066178,0.8789706040702052,5.606966845878141,-0.8976339994748915,,,,-0.3657651952388493,,,,-0.9912777742407843,-0.18961247573790074,0.738550983899823,,,0.4434295045194927,,0.12267111174477452,,,,-0.158890898131404,-0.1546321525885559,-0.14535978226960278,,0.3133704863247002,-0.2703701802125583,-0.34080342684009834,,9.646657571623454,-0.1951857666143394,,-0.5389972575395582,0.16147525320084033,,-0.11770524233432123,0.44573685001180485,-0.31016042780748676,0.2531203031190721,2.651722239509783
1986-12,,,,-0.11688663894413398,,,-0.40351592587558316,-0.1467520536100302,1.2189739985945187,,,0.20181483504137576,,-0.24317459953446297,,,0.007492233660230774,0.8631420264886396,4.9929211469534085,-0.9051275539850129,,,,-0.3770347874897454,,,,-0.9918507671738716,-0.17401780335988049,0.6860465116279089,,,0.44561585193282416,,0.11627620558587415,,,,-0.12483423749246492,-0.008174386920980936,-0.23070206578527452,,0.23334771711088087,-0.24798480258766742,-0.34263177140469114,,9.286493860845829,-0.2171637885923613,,-0.5152425156443899,0.14848079495509214,,-0.1361617947260968,0.3565465587913399,-0.18112066961171847,0.20168241305266443,2.289704861526682
1987-01,,,,-0.0970891339721579,,,-0.4389923428933894,-0.11632619974059655,1.0654954321855241,,,0.19925537598007237,,-0.20615518684569667,,,0.03319729548638661,0.8059653278776782,4.4301075268817245,-0.8888621074061799,,,,-0.3515450711725847,,,,-0.9897679833377293,-0.141356000267718,0.9088550983899844,,,0.45785943050633504,,0.13332928867627514,,,,-0.08601567209162098,0.020435967302452118,-0.24512778034760851,,0.40319870729624796,-0.2514247574061713,-0.3347960089850077,,10.118690313778979,-0.21821036106750524,,-0.5248919134954669,0.2725014332123059,,-0.12654418418671087,0.5204197695130601,-0.14392001860032577,0.26187549449857594,2.494027814347613
1987-02,,,,-0.07403724462122674,,,-0.42979475329618033,-0.11325929528750545,1.068025298664793,,,0.1982301042979573,,-0.20455561798397048,,,0.0355728817688985,0.8825239582211692,4.5443772401433735,-0.8789840444534354,,,,-0.33903769484304624,,,,-0.9895678905674449,-0.1380095040492587,0.9743291592128824,,,0.46621902331512155,,0.15299087222018337,,,,-0.13333333333333286,-0.077656675749319,-0.29718657329216835,,0.4001046649344926,-0.254197258304667,-0.3459489108290239,,9.171896316507492,-0.2244897959183686,,-0.5487217307972567,0.26753296388304926,-0.025668249190138215,-0.15276637834880036,0.5711955705302929,-0.23761915833527114,0.2573290734591047,2.288819206740556
1987-03,,,,-0.034623033809438764,,,-0.41769743101807777,-0.09177745352356248,1.1607870695713287,,,0.19413645785746558,,-0.1958067216291528,,,0.08728756776512192,0.9136427263917302,3.289381720430111,-0.8768061360202812,,,,-0.3172901164380606,,,,-0.9914869621369908,-0.12221404189813079,1.0161001788908792,,,0.4428617517338791,,0.1303901375082286,,,,-0.04442435201928818,0.03269754768392352,-0.2571886530621027,,0.3861677026046879,-0.23427632592288317,-0.25936373609152197,,9.151432469304218,-0.18942961800104785,,-0.5758901955935154,0.3418689088476967,-0.05814114822433636,-0.12909064124418523,0.6236882202716927,-0.12950476633341113,0.2775360989663336,2.6480360006702313
1987-04,,,,0.005333574398841634,,,-0.41393684019754395,-0.11467790747946371,1.4773014757554468,,,0.18467092350342384,,-0.1903200284367803,,,0.1287689590059089,0.9661892968665875,4.089202508960578,-0.8809682653777121,,,,-0.3221836814001354,,,,-0.9909048740779817,-0.09892242821765418,1.003667262969591,,,0.3785191027786927,,0.06832821178633308,,,,0.0631103074141055,-0.0054495912806542535,-0.17671948565138051,,0.4104242602300796,-0.17302459310982155,-0.04960037611659651,,9.353342428376525,-0.10099424385138811,,-0.5101992147995709,0.4553793235237906,-0.014677050594502083,-0.06441905002420056,0.7203253428332308,-0.11392699372239035,0.27740012611709997,3.0790147688919802
1987-05,,,,-0.01464472970529862,,,-0.44243577545195023,-0.114205036748811,1.8179901616303589,,,0.18842975698531483,,-0.2077834218160558,,,0.09812998720838184,0.9804027134704423,4.042764336917568,-0.8797028403197135,,,,-0.3426502972121074,,,,-0.991641579277665,-0.12703299645271204,1.003667262969591,,,0.3585750588588128,,0.057737985093416766,,,,0.009463532248342954,0.029972752043596396,-0.15661384768195308,,0.40371285083410613,-0.1843713097499612,-0.09781643420571517,,9.448840381991806,-0.05180533751962457,,-0.526923365674641,0.38218994840435605,-0.01251138632675608,-0.043942168066164466,0.7192523123806263,-0.06789118809579187,0.2785654773148931,3.3850204658065515
1987-06,,,,-0.022780690652686175,,,-0.41842236418830103,-0.10871973627323828,1.9841180604356996,,,0.19358736460536008,,-0.21004804439806957,,,0.07346043735152619,0.9983848390222891,3.3935483870967778,-0.8704617940628322,,,,-0.38253285165301765,,,,-0.9917507207887293,-0.13225353055350852,1.0889534883720957,,,0.37013739359552766,,0.06281969222182138,,,,0.0016877637130807699,0.055858310626702545,-0.19290583303750408,,0.4646388600703275,-0.19114853416850608,-0.14005119364780882,,9.678035470668476,-0.06070120355834785,,-0.5310966750427268,0.31931970189183945,-0.021174043397740427,-0.061830502767429296,0.7440393158357841,-0.01557777261102078,0.1977647523697157,3.568757929004004
1987-07,,,,-0.03706382209365522,,,-0.42861673689456714,-0.10646346735840895,2.2505973295853834,,,0.1952629174559577,,-0.22821662404971887,,,0.046841688493635125,1.0351028319155806,3.218637992831545,-0.8675005272604408,,,,-0.3931115876739736,,,,-0.9929694676622798,-0.1501238203600811,1.2035330948121672,,,0.3545726893322807,,0.03958859770728651,,,,0.07558770343580523,0.05722070844686589,-0.29243896054533014,,0.49406439647811684,-0.16958463829131754,-0.030951261557749965,,9.305593451568887,-0.08581894296180148,,-0.4917659943737609,0.4649340722338995,0.01780188093069257,-0.09463981311951397,0.7668090220400465,0.06231109044408245,0.18866460973510923,3.9587332742896884
1987-08,,,,-0.010938347495933365,,,-0.42345158805672567,-0.09992434068309541,2.164019676739284,,,0.19344004690357575,,-0.21090802765706218,,,0.10001827374063521,1.0719285022073861,3.7524193548387137,-0.8481920347088016,,,,-0.38158292433685015,,,,-0.9933423678250826,-0.12783615554514238,1.2768336314847968,,,0.3263860478934879,,0.01577112903568323,,,,0.00024110910186903034,-0.014305177111717193,-0.32002101284795814,,0.6179638079673888,-0.19823381424243947,-0.1427153528705013,,8.793997271487031,-0.10047095761381597,,-0.4693670259981719,0.4060768201796283,0.21316410185257784,-0.12020960919249835,0.8589823379187513,-0.007905138339921125,0.23590103001714824,4.118773487804302
1987-09,,,,-0.011932742722836287,,,-0.47129717729146814,-0.09145319930825757,1.9440618411806048,,,0.18475574278626916,,-0.22587746958525923,,,0.06596820369129608,1.238613115107139,3.5218413978494656,-0.8582637851704235,,,,-0.37989896227637143,,,,-0.9926966138846193,-0.15326952680543282,1.2236583184257626,,,0.2775097531062183,,-0.04108835654460874,,,,-0.017058468957202755,0.004768392370571473,-0.26590755064060523,,0.6179638079673888,-0.1980797864147451,-0.13362586846366842,,9.218281036834917,0.006802721088433827,,-0.4656706662721529,0.3311675902923745,0.7800734757403371,-0.07178483490119203,0.8650342296714393,-0.004185073238781922,0.24667665017653784,3.86358522632071
1987-10,,,,0.04999096004339054,,,-0.47596393457478114,-0.09337170341547751,1.7319747013352078,,,0.19797713450701449,,-0.17581497746843922,,,0.12487056100383809,1.3812856681382573,3.912813620071688,-0.8596497269006125,,,,-0.37822939305401637,,,,-0.9920326696923119,-0.0928318051000584,0.7698568872987497,,,0.33894143759276507,,0.027876888728451066,,,,-0.13881856540084347,0.047002724795639494,-0.26692950655665415,,0.48993288590604056,-0.176413205319094,-0.20419996865695045,,9.42837653478853,0.08110936682365089,,-0.4841480487018581,0.2363844830880939,0.9064420971351697,-0.07254245848853969,0.7474086314569619,0.02232039060683544,0.2779239409859595,3.616511477607303
1987-11,,,,0.11751943590670622,,,-0.4684880612568526,-0.08846735840899256,1.8007027406886866,,,0.19797564644942067,,-0.13170356950384765,,,0.17573247243710854,1.7782922364595666,4.02623207885305,-0.8516870182023216,,,,-0.3823745304336563,,,,-0.9915961036480551,-0.035071280369451174,0.5832289803220052,,,0.3361200956815844,,0.02911516048693641,,,,-0.07540687160940285,-0.010217983651226947,-0.2184009437852532,,0.5436241610738255,-0.14170560147866673,-0.19782688188894126,,10.060027285129593,0.29147043432757513,,-0.3823767107256262,0.20485381234473454,1.0022742491056826,0.03666056358776992,0.8155460651973312,-0.04882585445245313,0.3290825847982368,3.664624075448221
1987-12,,,,0.1515096727535692,,,-0.48330388292329274,-0.08032047124945951,1.6855938158819406,,,0.1994026936818567,,-0.09894967377968422,,,0.2778217701163437,1.6785829654355546,3.8812948028673873,-0.8432336344815415,,,,-0.38343960045481384,,,,-0.9900408371153899,0.016732481092298634,0.6782647584973185,,,0.35374221782142756,,0.043573090492123656,,,,-0.08396624472573799,-0.10354223433242571,-0.2651366014407788,,0.5668524316235,-0.15603018945422775,-0.24468474115864813,,11.302864938608447,0.24751439037153133,,-0.42571730134826613,0.15937320848461622,1.1492377947625907,0.03274617505314037,0.856728973968282,-0.12531969309462931,0.29776137586272156,3.4949852789812654
1988-01,,,,0.07720122943409735,,,-0.49866340446740043,-0.06283776480760916,1.4801124385101905,,,0.2061495468120602,,-0.16251963628441424,,,0.2044222452336002,1.7332830838806932,4.09791666666667,-0.8379050759039826,,,,-0.35214957037378214,,,,-0.9898862199747156,-0.06050465162974161,0.7483005366726319,,,0.4151938037390295,,0.11400988311952287,,,,-0.15437010247136795,-0.076294277929156,-0.2174058814459423,,0.6200295632534267,-0.2178466909688347,-0.2697853001097008,,11.261937244201897,0.1543694400837241,,-0.39630540675413706,0.045862793808522095,1.4154274924744672,0.02392827830039934,0.9617786552782372,-0.10392931876307854,0.3614486857630965,4.034492663427253
1988-02,0.02259414225941403,,,0.08361959862592538,,,-0.5467355353178376,-0.0491920665801987,1.4349964862965572,,,0.20848728529189042,,-0.16827579089793765,,,0.1988792105744055,1.6861203833315384,4.138911290322585,-0.841369930229455,,,,-0.35796427697577704,,,,-0.991568818270289,-0.08004818954554382,0.8180232558139557,,,0.42478107020838096,,0.12303482753076755,,,,-0.12007233273056028,-0.0858310626703005,-0.19576372379220963,,0.6210670314637483,-0.26323355752939337,-0.3041059395079142,,11.394270122783071,0.22344322344322176,,-0.40472268469654094,0.08484616854576665,1.3800951927079241,0.059220910411012406,1.0688456338390888,-0.15112764473378304,0.33035014377531935,3.931852454699963
1988-03,0.057461645746164525,,,0.15630084975591974,,,-0.5610076571066103,-0.03020968439256355,1.4986647926914975,,,0.20484898447509559,,-0.15486578527938044,,,0.23463482974965055,1.8255626144072354,4.108512544802871,-0.8386324801039886,,,,-0.3837850285697838,,,,-0.9905410690411008,-0.06478816678936938,0.752191413237927,,,0.3910638475264754,,0.08030262124112353,,,,-0.07389993972272424,-0.039509536784742005,-0.19384172950799117,,0.618477951505247,-0.2265749345381729,-0.2529122916993157,,11.186903137789894,0.25745682888539867,,-0.4688547467529889,0.21154213644181086,0.9962055631631965,0.07736178630805979,1.1288924179668225,-0.09160660311555469,0.2306254659807807,4.056011681068538
1988-04,0.08451882845188297,,,0.1507864762249127,,,-0.5505414344615104,-0.023954280155641827,1.5796205200281102,,,0.20082081256873008,,-0.16710621366570777,,,0.22470609733812585,1.8784322170776346,3.953472222222226,-0.8373498383785342,,,,-0.3552440305703882,,,,-0.9910503960927339,-0.09095776721772086,0.7653846153846173,,,0.36919319962150277,,0.05443815163217103,,,,-0.09065702230259143,0.00817438692098027,-0.2189710876121015,,0.607120887999339,-0.23555989115366816,-0.2848560831635586,,12.128240109140508,0.31815803244374496,,-0.47267476008991416,0.18861073953754937,0.4857241100567653,0.13477281814929576,1.1296435392836455,-0.03627063473610792,0.26040990794912,4.004739449936576
1988-05,0.15397489539748954,,,0.12836738383655621,,,-0.5513569842780117,-0.025035127539991153,1.739985945186227,,,0.19821224760683198,,-0.19590991962023185,,,0.2210513492111843,1.9167653709486374,3.9971774193548413,-0.8308806755820309,,,,-0.2839419105053327,,,,-0.9900408371153899,-0.1248243089485288,0.7785330948121665,,,0.3414211823493085,,0.02937209732658297,,,,-0.05485232067510504,0.020435967302451674,-0.17090688726571224,,0.5766670645158332,-0.22909072239051165,-0.2778038969858435,,13.334242837653465,0.5656724228152781,,-0.41762682223468606,0.38295432830116494,0.4585477381175005,0.2964202285497841,1.1671996051247944,-0.06998372471518266,0.40422811681254234,4.665701223161078
1988-06,0.14783821478382153,,,0.05071415657204725,,,-0.570522404965792,-0.008011781236489268,1.58959943780745,,,0.20278504859252133,,-0.23545768309043624,,,0.144301638545411,2.230860342414127,3.851635304659501,-0.8271317462435384,,,,-0.09296334144129892,,,,-0.9865210233835687,-0.1631082256877029,0.8505366726296979,,,0.381333535389059,,0.0759720069284977,,,,-0.07287522603978269,-0.02179836512261646,0.21955557467987652,,0.5276214434579827,-0.2661600862555833,-0.2743561615211829,,16.813096862210077,0.8791208791208764,,0.1292842664028715,0.26313777947639916,0.6216120022440863,0.5980175516131094,1.0641457604566829,-0.19879097884212982,0.5521127351805581,3.766929171553733
1988-07,0.16234309623430998,,,0.04944856264689812,,,-0.6009695981151735,-0.0047557284911369235,1.3933942375263535,,,0.1958596285510641,,-0.2646512481223703,,,0.14125601510629293,2.3205556153763323,3.603942652329751,-0.8388864259489611,,,,-0.17275723599936688,,,,-0.9876851995015871,-0.19751020681346432,0.8360912343470503,,,0.35793662623998435,,0.04490540052722114,,,,-0.07739602169981885,0.04495912806539448,-0.007024602244000366,,0.6417154031895262,-0.26954869846485574,-0.26578906127566226,,13.57708049113232,0.5761381475667169,,-0.13633693842491856,0.1845977450793037,0.40418896174797436,0.2617379043289787,1.1500096572740741,-0.14740757963264361,0.4451714581126074,3.709672786461457
1988-08,0.16820083682008402,,,0.03697342252757063,,,-0.6565176022835393,-0.026129485516644957,1.235699226985243,,,0.19285524026922007,,-0.2649264427652479,,,0.11104343059024258,2.4142349520835573,3.490994623655916,-0.8440600345194182,,,,-0.1633874983808059,,,,-0.9890585635158119,-0.21076233183856308,0.7578264758497337,,,0.3520213060357109,,0.04426017660995041,,,,-0.08836648583483986,0.004768392370571695,0.03983835167475247,,0.6850779019271205,-0.28161421163423495,-0.2978895679882988,,13.7694406548431,0.7639979068550471,,-0.1722009017881202,0.19606344353143434,0.27524446669763325,0.3892291179998757,1.2332338991780594,-0.213903743315508,0.5801541694842267,3.616870526844922
1988-09,0.14225941422594168,,,0.045561381305368576,,,-0.6904535363146208,-0.006241893644617136,1.2275474349964872,,,0.1982420087587078,,-0.2642671222666869,,,0.130413595663033,2.351889738343922,3.784767025089608,-0.8445033637064041,,,,-0.15882496869557716,,,,-0.9892586562860963,-0.2130379492671154,0.8256708407871223,,,0.3907426807445824,,0.08395433986646572,,,,-0.10307414104882417,0.0034059945504081313,0.002138935803239317,,0.723803927689384,-0.3481028905888994,-0.34863918925978177,,12.173260572987713,0.7163788592359992,,-0.24703341738834805,0.12077202369577611,0.24690382399604238,0.30195508975735175,1.2287057106680694,-0.30132527319228086,0.5763533176918949,3.8124566148837964
1988-10,0.201673640167364,,,0.09220755740372333,,,-0.6420189388790719,-0.01194336359705983,1.4089950808151803,,,0.20073748134347857,,-0.2339613122197891,,,0.19851373576171127,2.5523850543770865,3.483019713261651,-0.8419165594211756,,,,-0.17352005641992552,,,,-0.9882036216791421,-0.17776587912455455,0.8586314847942775,,,0.4133301768738036,,0.11639663524979271,,,,-0.07172995780590674,0.13215258855585765,-0.010137085525159906,,0.7129610077213344,-0.3221235303178105,-0.33576241968343545,,11.563437926330142,0.6807953950811065,,-0.2641815235008109,0.22816739919740048,0.22560913077837208,0.2410926615737543,1.2407880335643933,-0.2736572890025577,0.5801541694842267,3.6027479234985833
1988-11,0.2878661087866108,,,0.14915928403543544,,,-0.5995197317747268,0.02165747946389973,1.411384399156712,,,0.19351147366807764,,-0.21021430782814132,,,0.23707132850094514,2.3447830300419943,3.5029121863799304,-0.8466511429715107,,,,-0.20013241411073857,,,,-0.987667009249743,-0.14758048323405182,0.8183363148479448,,,0.37691280604524824,,0.08131095424582813,,,,-0.02839059674502664,0.2656675749318791,-0.08296668423713682,,0.7021180877532847,-0.3064126918930017,-0.3573891239617617,,10.60436562073669,0.6488749345892177,,-0.3784816219820796,0.35772979170647723,0.18752601511742228,0.2009807016436238,1.193960984612744,-0.1787956289235063,0.5974227213368797,3.495846997151551
1988-12,0.26080892608089257,,,0.12845778340263836,,,-0.5929953332427165,0.018293341980112565,1.4962754743499662,,,0.1881351215817466,,-0.2280618270631002,,,0.19662544922945813,2.198449445461398,4.796998207885308,-0.8411288968850744,,,,-0.18696296722750783,,,,-0.9875760579905228,-0.17876982799009233,0.8474060822898053,,,0.37044626248314816,,0.09396911297637178,,,,-0.010729355033151977,0.31335149863760137,-0.03550310710456561,,0.7299920124128942,-0.33434307131488394,-0.37371362900276883,,11.040927694406541,0.7357404500261615,,-0.2768736834202594,0.16300401299445744,0.16592969734992646,0.2652103457709889,1.233985020494882,-0.06161357823761937,0.6441307639027698,3.7782751274624884
1989-01,0.316875871687587,,,0.0945579461218573,,,-0.6076752299397398,0.02596735840899278,1.551370344342939,,,0.18603696037451511,,-0.2767770120741653,,,0.14399707620149926,1.8377301604393241,3.8256048387096806,-0.8424072344436648,,,,-0.17380791318240063,,,,-0.9883127631902063,-0.23418780536777806,0.9682915921288036,,,0.3843031462674851,,0.11468240847193822,,,,0.06172393007836097,0.3371934604904623,-0.06855710582084573,,0.7444522994151617,-0.36869127689069137,-0.4038551951104844,,10.298772169167796,0.643118785975926,,-0.34214070897681104,0.1673991974011073,0.19296128950527502,0.1933834206704983,1.2765414082451665,-0.037200651011392916,0.6459997061526366,3.523302295521468
1989-02,0.19051603905160364,,,0.0922075574037231,,,-0.5840242852612023,0.01452388672719418,1.556430077301477,,,0.17540627692454303,-0.013693739153167295,-0.256343809840502,,,0.1711031248096495,1.8575428017659092,3.768660394265236,-0.8457257470957633,,,,-0.18513507678579155,,,,-0.9872850139610183,-0.21370724851080725,0.9083184257602881,,,0.35706007068446155,,0.08360457814732425,,,,0.1291742013261008,0.4039509536784731,-0.07889320381386766,,0.7016039442154263,-0.3773168352415668,-0.40437757927179663,-0.02509491619594406,10.889495225102312,0.5813710099424358,,-0.38480562093985626,0.2201414102809085,0.1873088454415479,0.17564240166677325,1.32495654226667,0.05952104161822813,0.6293060730584876,3.549297460325068
1989-03,0.224546722454672,,,0.06065810884107625,,,-0.5991572651896151,0.021616947686986743,1.6168657765284622,,,0.17304175340802486,-0.01727556263581287,-0.2865005561225077,,,0.11616007796796124,2.3977603101109075,3.7989919354838744,-0.8456396637584845,,,,-0.20295341038299364,,,,-0.9862026939762981,-0.26651495883809473,0.937745974955279,,,0.35752147313169647,,0.08629255611203246,,,,0.2945750452079574,0.7132152588555847,-0.11196692448642231,,0.6778523489932888,-0.38619910663859913,-0.41560883874000953,-0.029447171034355013,10.291950886766704,0.5133437990580823,,-0.45598593881796023,0.19568125358302968,0.20444715236262478,0.1220615779615728,1.2995042599308975,0.20530109276912323,0.513127767937239,3.37906024846208
1989-04,0.1938633193863315,,,0.061471704935814886,,,-0.6485433374110823,0.028710008646779306,1.6891075193253706,,,0.1843405747176048,-1.7650161129534325e-05,-0.28422446709704074,,,0.10781506974477795,2.6434801335199736,4.022983870967746,-0.8532106932721567,,,,-0.1957569913211188,,,,-0.9873850603461605,-0.2765544474934726,1.0268783542039372,,,0.38243859375430334,,0.10817981331885296,,,,0.2663652802893317,0.8923705722070834,-0.11260699161278975,,0.5776953515915499,-0.4011398059249368,-0.4381497153006323,0.03176220020372256,10.431105047748972,0.47723704866561767,,-0.4761900555999633,0.20561819224154299,0.3892163190946436,0.09865942715238862,1.2499087924115293,0.27272727272727226,0.5650073416212911,3.3932067884242603
1989-05,0.13556485355648507,,,-0.008497559211717132,,,-0.6726020569978703,0.012186554258538873,1.8265635980323283,,,0.19063803445448668,0.015448752261684184,-0.32217266170551906,,,0.024608637388074506,2.7969204264024974,4.150268817204305,-0.8514072473561655,,,,-0.21370486046143466,,,,-0.988130860671766,-0.29355464828324573,1.091279069767444,,,0.41934285540773963,,0.14429172493500686,,,,0.16407474382157994,0.7881471389645764,-0.14459241888000796,,0.5787328198018713,-0.42830004620834805,-0.4873844225043099,-0.11686267246967308,9.36971350613915,0.4144427001569837,,-0.5322890491478944,0.12975348748327842,0.3892163190946436,0.0753204116421502,1.1844324741936183,0.30667286677516814,0.49738411964880846,3.4684156353974753
1989-06,0.15704323570432321,,,-0.014011932742724387,,,-0.6526663948167277,0.023589494163424263,1.8910751932536911,,,0.1979726703342335,0.04065204182542237,-0.3133492334682554,,,0.014923554851679288,2.7079788952298904,3.390972222222226,-0.8518161432082398,,,,-0.2185552469091382,,,,-0.9842563370289862,-0.2779599759052256,1.0616279069767462,,,0.45990868284560493,,0.20504348511920067,,,,0.24279686558167657,0.6805177111716612,-0.12730164194250504,,0.6701126525215988,-0.4114596703804485,-0.49255602570130097,-0.18094267987776635,9.12141882673942,0.4013605442176851,,-0.5756561369728717,0.12612268297343676,0.5310039874765484,0.04954016457268029,1.2888383372320114,0.4036270634736103,0.542788100459298,3.6056921272470577
1989-07,0.1645746164574613,,,0.057494124028202975,,,-0.6419283222327941,0.038370082144401296,2.0966971187631787,,,0.20216304051832124,0.060164257559901735,-0.2826764972308541,,,0.06426265456539082,2.4415850113061257,2.209722222222225,-0.8472322054981427,,,,-0.2428359648239038,,,,-0.9840107686290916,-0.24971554782142924,1.2355992844364958,,,0.4930988812519632,,0.22734511744167318,,,,0.13399638336347253,0.6035422343324239,-0.24001800076736335,,0.7170925182934107,-0.4222929609282742,-0.485765031604242,-0.12501157514584682,7.776261937244195,0.30350601779173014,,-0.6500646973357065,0.12937129753487375,0.4465672109984373,-0.07889807858240105,1.366654505654871,0.3273657289002554,0.46560115056757434,3.513847332264172
1989-08,0.17796373779637342,,,0.0008135960947370791,,,-0.6825698880884417,0.042436770428015747,2.0195361911454697,,,0.19378230015014575,0.029107303275819563,-0.32175413651947593,,,-0.0009136870317341117,2.5734898244858395,2.4575716845878164,-0.8513340765194785,,,,-0.24653492422170753,,,,-0.9853841326433165,-0.2915467505521703,1.2580500894454403,,,0.4460803288536275,,0.1838957934555423,,,,0.05889089813140491,0.677792915531334,-0.1981769740781778,,0.6897235560370552,-0.4425732915746776,-0.5120409549182471,0.03009537920177796,7.714870395634373,0.3506017791732057,,-0.6347758115872268,0.06382572138352671,0.28087881328837083,-0.07109034661279012,1.3110286069918669,0.38735177865612624,0.46639964884327445,3.5875242358235466
1989-09,0.20641562064156194,,,0.03634062556499562,,,-0.7126999229758506,0.04769239083441468,1.9955024595924127,,,0.19051303761660865,0.025530060608297545,-0.2882835880794856,,,0.04081135408418235,2.3097878755249264,2.249551971326167,-0.8484761097218216,,,,-0.24653492422170753,,,,-0.9839925783772476,-0.2596881065524378,1.2330500894454404,,,0.43962872789424634,,0.17928154756668335,,,,0.12953586497890357,0.8603542234332413,-0.21087612101392372,,0.716569193620948,-0.4325101401653231,-0.4983283706838011,-0.022779887026576517,7.867667121418819,0.33699633699633513,,-0.6422303578447177,0.11408369959869957,0.21078126790895735,-0.10192141759791129,1.2585574178595191,0.5091839107184373,0.4957825602501189,3.944155875242366
1989-10,0.22231520223152024,,,0.015187127101788267,,,-0.7300983190612114,0.052785884133160765,2.058468025298667,,,0.19809766717211108,0.04634309695747696,-0.2772528694774744,,,0.00938052019248481,2.1588241628082256,2.017719534050181,-0.8519065307123826,,,,-0.26141711884166463,,,,-0.9842108613993761,-0.2577471387457314,1.1732110912343492,,,0.47465167619472526,,0.22234652801582233,,,,0.07703435804701697,0.7493188010899172,-0.19563642752898225,,0.6959208218951698,-0.42398726703291045,-0.5070260669696497,-0.07926659875914432,7.735334242837645,0.348508634222918,,-0.6459576309734633,0.10300019109497338,0.11428554192882845,-0.11444325188879667,1.2623559456617381,0.5075563822366889,0.44895314594632274,4.189290758072633
1989-11,0.23682008368200846,,,0.01428313144096749,,,-0.742150333016175,0.06421584522265489,1.7992972593113157,,,0.19888038546643982,0.049761731238491036,-0.25332813521230146,,,0.007614058597796403,2.258641111230752,2.03785842293907,-0.8490873014165012,,,,-0.2579196591775933,,,,-0.9840016735031697,-0.2471052807710309,1.2007602862254045,,,0.4820247927532084,,0.22388450886234867,,,,0.1085593731163359,0.6784741144414159,-0.1972643853741971,,0.7062495983253612,-0.37136109257072425,-0.4646868306952936,-0.11232521529771278,7.637107776261928,0.3668236525379365,,-0.6385030847159723,0.14828969998088937,0.13904891746949066,-0.09819643496011854,1.262119878962165,0.5168565449895368,0.48672074553274625,4.518921894822519
1989-12,0.25718270571827073,,,0.044476586512383065,,,-0.7460015404829866,0.07282209252053629,1.727758257203094,,-0.002368265245707657,0.19588938970293968,0.04489120292971749,-0.21494421575260014,0.0209479819249605,,-0.003593835658157629,3.0414557984279096,2.1109767025089625,-0.8471547304945918,,,,-0.26259733156781195,,,,-0.9851203739915779,-0.22521919550230718,1.228130590339895,,,0.47005070997032994,,0.21388733001064697,,,,0.07179023508137505,0.9543596730245221,-0.20390530592339984,,0.7227664594790624,-0.3898444318940286,-0.5129028887844123,-0.12862302065006026,7.451568894952242,0.3532182103610655,,-0.6476843653257612,0.09440091725587507,0.19002346638997647,-0.12115663867668314,1.3621048565358285,0.6770518484073467,0.49218977429419786,4.397012710343021
1990-01,0.23570432357043236,,,0.09519074308443143,,,-0.7358524760998595,0.04963791612624302,1.6480674631061154,,-0.030195381882770933,0.19159931966006893,0.023298530543688134,-0.2112233548520257,-0.03433945708068964,,-0.007735883535358146,4.002368902767309,2.1273969534050194,-0.8394588801418652,,,,-0.30522891809035835,,,,-0.9833468244367843,-0.20353390000669103,1.0665026833631504,,,0.42952296633408515,,0.15967183674955132,,,,0.0820373719107903,1.0027247956403254,-0.2088859963353018,,0.7041838430393228,-0.37921651178312865,-0.5170558428668446,-0.19251782572460407,7.443383356070932,0.2522239665096788,,-0.6895720260202529,0.12956239250907586,0.30559392890106096,-0.15322937054106855,1.3948966671674143,0.8153917693559634,0.37004417748746077,4.400363836560795
1990-02,0.22538354253835435,,,0.10124751401193066,,,-0.7112047483122649,0.04751675313445758,1.7197470133520745,,-0.0931517663311624,0.19159931966006893,0.018588910377586254,-0.2202531790714476,-0.07199504695813308,,-0.03904489248949117,3.955313879616668,2.5954973118279585,-0.8425535761170388,-0.03693306110543981,,,-0.29777342794225614,,,,-0.9837288197255091,-0.20186065189746139,1.0818425760286243,,,0.42031888505968196,,0.14776689427974232,,,,0.0061482820976497266,0.8514986376021783,-0.1826235221979583,,0.6535866102332928,-0.3924115623555986,-0.5267983074753175,-0.0643578109084173,8.336971350613904,0.20931449502877886,,-0.6807705386439618,0.12019873877316911,0.2401896615169299,-0.14182292653155615,1.376783913127455,0.7384329225761446,0.3932937095674711,4.800703736505742
1990-03,0.22677824267782443,,,0.08651238474055112,,,-0.6761814145258482,0.07210603112840475,1.8182712579058342,,-0.06473258338267229,0.18795655467049266,0.009016315573363576,-0.21493848253087355,-0.11683299296017735,,-0.09484071389413273,4.165607838914612,2.5322580645161303,-0.8403799718507486,-0.05676680764182607,,,-0.30390477698297347,,,,-0.9823463605853623,-0.20032126363697011,1.1102415026833654,,,0.40741528643465275,,0.13160110783156798,,,,0.01199517781796322,0.8862397820163472,-0.15680210271911998,,0.6794039607414686,-0.45037736817785057,-0.5472496473906914,0.057968330400963275,8.60163710777625,0.2501308215593909,,-0.6748130843185143,0.04949359831836331,0.20362673358709982,-0.12077782688300942,1.437517436744855,0.6193908393396883,0.35290794820620963,5.104531201378759
1990-04,0.2292887029288706,,,0.08777797866570025,,,-0.6504009786597796,0.08072578901859062,1.89360505973296,,-0.09255970001973579,0.1863955822546164,-0.004612450793865297,-0.20803568357202662,-0.15929240986421445,,-0.09983553633428621,3.9708194250026922,2.5134408602150557,-0.8440040803501869,-0.11145544698847909,,,-0.2943767181450512,,,,-0.9820826019336237,-0.1751556120741563,1.0524597495527748,,,0.37515625681322406,,0.09388114168534756,,,,-0.08474984930681073,0.745912806539508,-0.0915188416398629,,0.7021180877532844,-0.45561431431945354,-0.5514548398892547,-0.005278266506157814,9.184174624829456,0.3411826268969105,,-0.6425615728739309,0.03420600038218913,0.18859979851480024,-0.06452427552244377,1.439191364250918,0.4271099744245521,0.44479091664864545,5.757546018143966
1990-05,0.26220362622036286,,,0.1174290363406234,,,-0.6185945358162293,0.07895590142671849,2.1099086437104724,,-0.08032366291691351,0.1925114989650567,0.012909223145920468,-0.21746683331231165,-0.1028067979608791,,-0.061887068282876156,4.103585657370519,2.525425627240145,-0.8396611759844704,-0.007109523115064964,,,-0.3219533959901554,,,,-0.984701998199165,-0.16330901546081045,1.235688729874778,,,0.4147978908846852,,0.14394105316802808,,,,-0.06799276672694332,0.8576294277929137,-0.10757072114229582,,0.727412113588997,-0.4668583457411304,-0.542966097267931,0.012501157514584804,9.184174624829456,0.26530612244897767,,-0.7018755603054245,0.07701127460347701,0.14123267921022586,-0.1240398173285342,1.4600939974676481,0.3078353871192743,0.39464613750414257,5.902338607367701
1990-06,0.3110181311018134,,,0.1715783764237908,,,-0.6721489737664808,0.09226383484651945,2.4192550948699942,,-0.0755871324254983,0.19589682999090852,0.021502832317991105,-0.2001983694717413,-0.07313754267655803,,-0.06231345556435264,3.839883708409606,2.1345654121863813,-0.8377673425643364,-0.0052865684701765,,,-0.34076483541789626,,,,-0.9855660351617568,-0.15487584499029305,1.2076475849731678,,,0.431399155564429,,0.1639897103924428,,,,-0.08161543098251889,0.7922343324250662,-0.06242895613478361,,0.7351609911952914,-0.4794372850028237,-0.5632868411429767,0.06046856190388006,9.658935879945416,0.29094714809000344,,-0.7164578539915829,0.06382572138352671,0.15455845182151018,-0.08841046362354432,1.4592570337146165,0.23366658916531025,0.37300729051740134,5.649567944084076
1990-07,0.31994421199442136,,,0.2548363767853892,,,-0.6716052738888132,0.10650399913532183,2.333942375263529,,-0.0609828300769687,0.19941311008501317,0.031717863071807795,-0.162743231931752,-0.08527516775534127,,-0.023451300481207027,3.775061914504146,2.434834229390682,-0.8465263221324564,-0.029057897039521774,,,-0.42820132701967517,,,,-0.9874669164794586,-0.10956428619235448,1.1847942754919512,,,0.4392386664573382,,0.16823083666764727,,,,-0.1003616636528023,1.1076294277929137,-0.15715709793206345,,0.8306631533524911,-0.46423987267032885,-0.5756934649741421,0.15908880451893714,9.628922237380614,0.1983254840397679,,-0.7467662372647823,0.05751958723485462,0.03910260663935916,-0.14479028558200135,1.6298688756786914,0.43036503138804916,0.19567770601940104,6.017713095722538
1990-08,0.3623430962343097,,,0.28032905442053635,,,-0.6673462915137509,0.10573389537397282,2.2269852424455387,,-0.08861259127688981,0.19889228992718988,0.015018436098124921,-0.15902810425290426,-0.10670420050911211,,-0.009380520192481923,3.41401959728653,2.611738351254481,-0.8445550137087714,-0.11021583782995481,,,-0.47078973502785026,,,,-0.9883218583161284,-0.08540258349507834,0.9651610017889101,,,0.3945066959224319,,0.09958198469299528,,,,-0.14912597950572581,2.0592643051771087,-0.2222001097257933,,0.7599408734931461,-0.4501206551316935,-0.5812568562921174,0.2265950550976945,9.293315143246918,0.19727891156462407,,-0.7915244282124547,0.043187464169691214,-0.051402855781238155,-0.14161247553507073,1.5416228512565184,0.9016507788886303,0.09818517311899067,5.182516695789559
1990-09,0.3854951185495117,,,0.2757186765503501,,,-0.6769516560192106,0.1125297233030691,2.214195361911456,,-0.10183540556542348,0.19706941937480815,0.017614393377330728,-0.1526527616929061,-0.11373956888046555,,0.028385210452581244,3.1068159793259396,2.265837813620072,-0.8526554557467083,-0.1996499927081815,,,-0.48089350739072245,,,,-0.9881763363013761,-0.07509537514222375,0.8485241502683372,,,0.39866388006961295,,0.10654627744931777,,,,-0.2586497890295354,2.735013623978198,-0.23970603527720136,,0.7749061228986678,-0.4234224983313649,-0.5843389228438596,0.1676081118622097,9.006821282401079,0.21559392987964254,,-0.7853152504648052,-0.06802981081597659,0.0076974585115427985,-0.13635120062293404,1.6391183981801398,1.8232969076958843,0.09917439841140085,6.001436196950487
1990-10,0.31854951185495106,,,0.33330320014463677,,,-0.7092111820941505,0.10590953307392947,2.353056921995785,,-0.08348134991119016,0.19928216101676077,0.02767371381135053,-0.12325853390054042,-0.08961576065048771,,0.09593713833221806,2.5294497684935933,2.1780465949820798,-0.8557544558887458,-0.1723056730348549,,,-0.502079765108882,,,,-0.9889767073825138,-0.06659527474733717,0.8488372093023264,,0.004539051156395635,0.41529264971719315,,0.12782592604951248,,,,-0.26323086196503864,2.483651226158035,-0.23553753088279095,,0.7749061228986678,-0.4613133439441389,-0.6404429817687929,0.1376053338272063,8.251023192360153,0.18628990057561334,,-0.7848692142254647,-0.0693674756353918,0.06613419879470794,-0.16730854220594638,1.6736485181449443,1.6112531969309458,0.0368449918644449,5.878545611221496
1990-11,0.310739191073919,,,0.3371903814861661,,,-0.6916768610393726,0.11201632079550317,2.333661278988055,,-0.07262680086836393,0.19577778538340618,0.04081524972425865,-0.11195262065565159,-0.05554800820458916,,0.07394773710178626,2.3973296005168514,1.9133736559139791,-0.8812695570581879,-0.1386174711973166,,,-0.5160839966032903,,,,-0.9885128559604908,-0.060103072083526166,0.952772808586763,,0.009391141326008157,0.44392075911330986,,0.17504102799003785,,,,-0.3077757685352617,2.180517711171659,-0.24241152909705754,,0.8089864945509966,-0.4594650100118085,-0.64480488951575,0.09343457727567372,8.06275579809003,0.15541601255886817,,-0.8028431498107659,-0.09917829161093172,-0.0019665920648617163,-0.19428835995538352,1.6938858724810606,1.2020460358056262,-0.026686268658621892,5.629796299399201
1990-12,0.31129707112970695,,,0.33493039233411404,,,-0.7236645371754789,0.12058203631647157,2.4962754743499667,,-0.08624432603118226,0.2022553000891354,0.04909500762013952,-0.10667232344543731,-0.06055004598935021,,0.05287202290308968,2.6073005276192522,1.9720430107526887,-0.8656023896734427,-0.15258130377716184,,,-0.5193223851811339,,,,-0.9890403732639679,-0.05267385047854656,0.977370304114491,,0.014399749680842788,0.46196398495544355,,0.18940855990996575,,,,-0.3859553948161538,1.8528610354223405,-0.26152927634763745,,0.7893664099009354,-0.44478102377162776,-0.6422974455414513,0.19298083155847778,7.668485675306947,0.08006279434850727,,-0.8229191967814732,-0.1318555321995042,0.027839945948880507,-0.23418986888902849,1.7673669978753992,1.2018135317368053,-0.03133489747738272,5.722622495631578
1991-01,0.3338912133891212,,,0.3644006508768729,,,-0.7289203026595983,0.12097384349329832,2.55432185523542,,-0.06137754095125325,0.20406924229595447,0.05234198286584468,-0.09652452098932496,-0.014195453624250454,,0.08564293110799936,2.6615699364703347,1.7826388888888896,-0.8734101483646317,-0.13894560303339654,,,-0.5123850372054866,,,,-0.9897134125821972,-0.044374539856767536,1.061091234347049,,0.016669275259040495,0.4716795859021303,,0.19678662108338152,,,,-0.3594936708860754,1.5054495912806516,-0.22169809629334836,,0.8105289251645718,-0.4877547876983106,-0.6756516742412371,0.08630428743402185,7.899045020463836,0.042386185243326935,,-0.8253304421941451,-0.18956621440856203,0.1785376035326265,-0.24483868931119324,1.7969826383672758,0.7314578005115087,-0.022038552409318846,6.268832132513117
1991-02,0.3422594142259412,,,0.3320376062194872,,,-0.7329074350958269,0.13721357544314694,2.982993675333804,,-0.04420761791987371,0.20692184870323316,0.050214540139168484,-0.12589581589478427,-0.01979657785785416,,0.07084120119388593,2.4427694626897813,2.0364247311827963,-0.8670098522379515,-0.06901706285547615,,,-0.5048575828667656,,0.10385637813626603,,-0.9894860344341467,-0.09370189411685736,1.1935599284436504,,0.01674537388535491,0.468378229408027,,0.19397396656484234,,,,-0.33809523809523756,1.5129427792915506,-0.22846631310577825,,0.8218859886704799,-0.4870873337783024,-0.6863344303400722,0.17649782387258095,7.890859481582526,0.0638409209837767,-0.015158648442529676,-0.82276904596823,-0.14924517485190258,0.13088695715121612,-0.23360060609886912,1.8943923428546898,0.6540339455940476,-0.03783969257359965,6.466740072288592
1991-03,0.32831241283124113,,,0.2181341529560632,,,-0.7406551583525891,0.13121487246000818,2.7274771609276196,,-0.05407538977698845,0.20976850288013638,0.04842181476900076,-0.21742096753849893,-0.02012841384624653,,0.009075957848572846,2.580596532787767,2.100268817204302,-0.8624689561964938,-0.03995916581595449,,,-0.4842182529973087,,0.09752011944211803,,-0.9893405124193945,-0.1738170135867726,1.2307692307692322,,0.01674537388535491,0.468378229408027,,0.19319284217040322,,,,-0.3126582278481007,1.745231607629425,-0.22308580485303586,,0.8053691275167787,-0.5043897930892847,-0.6784203102961919,0.12056671914066142,7.587994542974068,0.041339612768182876,0.0005495471918435246,-0.809136235365816,-0.1781005159564315,0.20287870470353297,-0.2508786329103262,1.935081657617442,0.7205301092769119,0.023745969865132777,6.601551092706525
1991-04,0.34504881450488134,,,0.21750135599348863,,,-0.7636264781840422,0.13952388672719396,3.084047786366833,,-0.04420761791987371,0.21546181123394303,0.05298512930921273,-0.2168820446961971,-0.02774950614342009,,0.047268075775112495,2.5759664046516635,1.853651433691757,-0.8612767019751821,-0.03802683389237271,,,-0.49994962506656704,,0.09606350824806098,,-0.9906684008040091,-0.1658523525868396,1.2286672629695898,,0.020431505982485332,0.4762777421238018,,0.20490970808698838,,,,-0.2467751657625069,1.8746594005449566,-0.23996600651900335,,0.8156979039469701,-0.5067002105046976,-0.6702972365877868,0.1277896101490883,7.2455661664392785,0.06907378335949654,-0.04577953716122396,-0.8179818847460023,-0.1756162812918034,0.1389704950865358,-0.24883725824441705,1.8960662703607523,0.8653801441525222,-0.027140728248677526,6.6666108145630485
1991-05,0.31436541143654106,,,0.1996926414753184,,,-0.7647591862625162,0.15100789018590555,2.9609276177090678,,-0.04341819617130449,0.2145555841593303,0.05282033214798698,-0.23017738588022196,-0.04131914827278271,,0.03368459523664624,2.7526650156132226,1.769018817204302,-0.8432121136472217,-0.03496427008896008,,,-0.5060521884310369,,0.07891191143803944,,-0.9902864055152844,-0.18713606853624054,1.3105098389982124,,0.02191502617285268,0.4725573315764533,,0.19669834644307782,,,,-0.27582881253767266,1.8862397820163461,-0.26465251705949244,,0.833243052176388,-0.5002823843507725,-0.6619390900067912,0.039262894712473795,7.137789904502034,0.05808477237048537,-0.08173363026192515,-0.8226365599565446,-0.2151729409516543,0.2260434701301206,-0.2587074099795855,1.884391699036418,0.8858405022087881,-0.014260722919271829,6.342796275462586
1991-06,0.3277545327754534,,,0.15042487796058324,,,-0.7989669702324315,0.15673638132295697,2.919747013352075,,-0.05723307677126499,0.21377733003778276,0.04642968371191758,-0.258367637109998,-0.04594480832574277,,0.04020222939635887,2.4822870679444384,1.6731630824372772,-0.8394459676412733,-0.07784016333673605,,,-0.5272960175016913,,-0.0455919303739849,,-0.9880580996643898,-0.2208687504183101,1.1907871198568887,,0.021126633040314147,0.4594596113514984,,0.17976569301659628,,,,-0.27842073538276013,1.7636239782016325,-0.3283024415781871,,0.8270549674528778,-0.4931457616676077,-0.6370474847202634,0.08648948976757143,6.4188267394270015,-0.0020931449502890054,-0.17422910575603656,-0.8384598059521549,-0.21249761131282374,0.15441970452859088,-0.32396826398972933,1.8256969332789663,0.8239944199023479,-0.0816658407913059,6.209493261842651
1991-07,0.35258019525801965,,,0.20204303019345238,,,-0.770649268270581,0.14942715088629432,2.5727336612789897,,-0.06690349319123745,0.21727872955594996,0.0546228361561536,-0.2271158454782085,-0.024466779654222504,,0.04294329049156498,2.6183912996662007,1.533131720430109,-0.8551303516934743,-0.011885664284672526,,,-0.5166021387757453,,-0.013874221623393246,,-0.9864300721243485,-0.20520714811592056,1.285822898032202,,0.026487705284467644,0.47396064693667883,,0.195123053635186,,,,-0.35111512959614166,1.9754768392370545,-0.22634889216392928,,0.7831691440428206,-0.5014632643630947,-0.6692524682651624,0.09899064728215623,7.492496589358787,0.10361067503924515,-0.15393374478568678,-0.8239305066706707,-0.24670361169501365,0.10105025668249179,-0.24885830334406567,1.7630748760649824,0.9314112996977439,-0.018217624088912032,6.6698901309333
1991-08,0.3695955369595536,,,0.2025854275899448,,,-0.7721444429341667,0.16177583225248537,2.4278285312719623,,-0.056246299585553605,0.22233366120202414,0.07475376108760634,-0.22643932531446775,-0.0076210922971736705,,0.04854723761954216,2.725530311187682,1.651993727598568,-0.8602867435964756,0.0073282776724517,,,-0.5034326918925145,,-0.08987291067331848,,-0.9876215336201329,-0.2063449568301967,1.3279069767441873,,0.03674610799462408,0.5090502418899934,,0.235699053246899,,,,-0.4093429776974076,2.117166212534057,-0.24615690788412126,,0.711409395973154,-0.5255429480926218,-0.691323199080604,0.13427169182331733,6.798090040927682,0.15227629513343666,-0.05511758266662614,-0.8308639412821996,-0.3025033441620497,0.14596215215148778,-0.26135909253530254,1.6441616413073796,0.9932573820041843,0.02522707009537406,6.487684611149686
1991-09,0.3997210599721057,,,0.256463568974866,,,-0.7451859906664852,0.1737867488110676,2.290934645115954,,-0.05091770278271157,0.22714603946031242,0.09356565432709174,-0.18630677322814837,0.016462628363736576,,0.08076993360541063,2.8394529988155486,1.4702284946236577,-0.8576525934757437,-0.00958874143211308,,,-0.4785618676146751,,-0.03819962856414538,,-0.9870849211907339,-0.16330901546081034,1.2809928443649388,,0.0452316756674902,0.5462584136027142,,0.2706415533909896,,,,-0.3995177817962622,2.089918256130787,-0.2624311076209229,,0.7842066122531419,-0.5196385480310106,-0.6671629316199135,0.15242152051115898,6.694406548431093,0.18628990057561357,-0.0033554304372013233,-0.8359514041309138,-0.275941142747947,0.1571825854049913,-0.2657364732622004,1.8154173015430168,0.9932573820041843,0.06195616563865847,6.65571965435528
1991-10,0.3704323570432355,,,0.25275718676550074,,,-0.747677948439128,0.18568958063121466,2.1422347153900225,,-0.05091770278271157,0.23234828880817093,0.10379668988803448,-0.18780887732052198,0.0068950618796168595,,0.09916549917768314,4.228168407451276,1.4002016129032278,-0.853920880804707,-0.04254776141169603,,,-0.4324903927805527,,-0.0028039765485595725,,-0.987130396820344,-0.17200990562880447,1.2985241502683382,-0.003772737480350341,0.05221046146883501,0.5519102877869249,,0.26825904815063084,,,,-0.37040385774562923,2.2588555858310597,-0.25725319764627463,,0.7330952359092533,-0.5166606766955895,-0.6723345348169045,0.17223817020094523,6.360163710777615,0.1433804290947136,-0.04145748258518578,-0.8318178405663336,-0.2585515000955487,0.21598127514794685,-0.30629038028495015,1.6953022726784979,1.111136944896535,0.16096538897816992,6.142183498097051
1991-11,0.3821478382147836,,,0.27824986440064814,,,-0.7555615966653071,0.17686716385646317,1.9349262122276891,,-0.05052299190842702,0.23689876892995354,0.11454844259671249,-0.16160805402988188,-0.005634530541160143,,0.10738868246330191,4.194034672122322,1.3705421146953425,-0.8533613391123945,-0.09738223712994021,,,-0.4255674376430292,,-0.11347001201704221,,-0.9872122529536421,-0.15012382036008065,1.1956618962432932,-0.008544801257579171,0.05943731769232152,0.5599422673369812,,0.2671008606019052,,,,-0.3914406268836642,2.1035422343324224,-0.29675986187459036,,0.7016039442154258,-0.5051085896185241,-0.6767225617719272,0.12149273080840883,6.147339699863564,0.09471480900052232,-0.07583163815122618,-0.8414495736158524,-0.24804127651442898,0.17202854574739534,-0.31851758318075585,1.70901560186278,0.9523366658916523,0.1689503717351699,6.185341216458829
1991-12,0.34393305439330524,,,0.35608389079732095,,,-0.7527524806306916,0.15735786856895762,1.945888966971189,,-0.030590092757055376,0.24585687564451564,0.13932728691913154,-0.10080150439738145,0.0062180273798093655,,0.1538039836754601,3.760740820501776,1.1979838709677435,-0.8579022351538523,-0.06537115356569934,,,-0.36832712042487703,,-0.08146098102763899,,-0.9870940163166559,-0.10193427481426698,1.434704830053669,-0.015169548618908624,0.0716989549654059,0.6292308516744691,,0.34323910293551063,,,,-0.4157323688969251,1.798365122615801,-0.2853946363450559,,0.564272532799603,-0.5263130872310928,-0.6924985634435565,0.08315584776368246,5.946793997271477,0.0900052328623746,-0.28268503224152086,-0.835796837117281,-0.31931970189184145,0.13860251313574912,-0.3230843698044906,1.624739790115243,0.733317833062078,0.2927121290519237,5.648227493596965
1992-01,0.32914923291492304,,,0.3016633520159073,,,-0.7662543609261019,0.14188824038045778,1.6417427969079426,,-0.028024472074205553,0.24403995732250894,0.11987007836054597,-0.14996388070312272,0.026963344372261666,,0.14527623804593004,3.3933455367718315,1.0409722222222237,-0.8395320509785522,-0.04746973895289486,,,-0.3033722419723951,,-0.14038090382724577,,-0.9882763826865183,-0.14597416504919125,1.3788014311270143,-0.010307657758814481,0.06477192653676678,0.5722813198853878,,0.2955522928655281,,,,-0.37191078963230784,1.8501362397820142,-0.2491671955736764,,0.6329382385075144,-0.5240026698156798,-0.6714464817426737,0.09482359477729507,6.102319236016361,0.10989010989010883,-0.3477782373182301,-0.8182468567693728,-0.2824383718708211,0.13997792108295282,-0.3048382684092006,1.758353542073523,0.6993722390141823,0.40609340878457756,5.905881226512207
1992-02,0.3352859135285913,,,0.2877418188392664,,,-0.7849213900593537,0.13583549502810133,1.7287420941672536,,-0.026445628577067226,0.24482713978961912,0.12012505213949276,-0.15880450860556605,0.032212588832939204,,0.11378449168545002,3.373855927640788,0.9239471326164888,-0.8442580261951593,-0.05771474405716781,,,-0.32222685991450706,,-0.17293616401442036,,-0.9884764754568027,-0.17361622381366482,1.4006708407871211,-0.008544801257579282,0.06478921158852602,0.5814955171695961,,0.3002111310984579,,,,-0.4022905364677509,1.81743869209809,-0.2443711743887096,,0.5823410057014842,-0.5303691533603735,-0.6776628532622893,0.15390313917955467,6.286493860845828,0.10047095761381386,-0.376446637222402,-0.8182733539717097,-0.278043187464171,0.041141588596179224,-0.2957888755603254,1.7673026160482426,0.6712392466868164,0.28217012667376795,5.854106326447578
1992-03,0.3707112970711295,,,0.27852106309889413,,,-0.8099768927551989,0.13332252485948914,1.8442726633872115,,-0.04262877442273538,0.2432646793161488,0.1100519705628975,-0.1581967871025446,-0.012095310422545524,,0.08868855454711766,3.4772262302142787,0.8588261648745532,-0.8427128302910045,-0.10912206504302169,-0.045915768854064676,,-0.34889678895781506,,-0.25188449073231123,,-0.9875214872349908,-0.1797068469312606,1.345393559928445,-0.01064450931956007,0.05998058973652509,0.5599231262596045,,0.2795536518702999,,,,-0.38282097649186175,1.7840599455040844,-0.26992724391039835,,0.6195154197155679,-0.5445910561174716,-0.6770359922687146,0.13658672099268543,6.22100954979535,0.11198325484039673,-0.27740231298496165,-0.8284968578734229,-0.26638639403783815,0.0005248267166961806,-0.2969884462402925,1.7977552202931508,0.7207626133457332,0.21485626574752814,6.012830026090923
1992-04,0.3506276150627614,,,0.31477128909780916,,,-0.8280549136876443,0.13318741893644548,1.9035839775122994,,-0.0442076179198736,0.24821395887306474,0.11576004015112584,-0.15749733405189748,0.03418356097875974,,0.0840592069196584,3.0033379993539357,0.6494175627240155,-0.847860613860278,-0.035985124690097736,-0.053516160626836506,,-0.369996689647232,,-0.3373875678234587,,-0.986157218346688,-0.18318720299845814,1.4068872987477654,-0.012845272849764444,0.06647222936886488,0.5604025127242709,,0.2718576806520794,,,,-0.4069921639541886,1.8821525885558557,-0.3219143206503231,,0.5596268786896679,-0.5546542075268263,-0.6894948545160113,0.12038151680711273,6.013642564802171,0.08110936682365155,-0.22393575567719293,-0.8450929389371972,-0.3002102044716236,-0.05120981606934938,-0.31504514173874565,1.7350687812520111,0.8418972332015806,0.18079461072981062,6.385164085501603
1992-05,0.3528591352859134,,,0.36060386910142506,,,-0.8407412441665533,0.12599978383052246,1.700632466619819,,-0.036905466745608795,0.25069008670911663,0.13413613894610799,-0.13118184632672514,0.047960322214971374,,0.13236279466406975,3.286852589641435,0.6599014336917575,-0.8514890265265802,-0.020490010208546128,-0.05285014691478951,,-0.34948689532088884,,-0.3011907796511415,,-0.985165849621188,-0.14878522187269672,1.4074686940966026,-0.009982034583427057,0.07466067940980348,0.5925881186274715,,0.30673223055758614,,,,-0.42851115129596073,1.9625340599455017,-0.29473567199876705,,0.5539529375040162,-0.5561944858037683,-0.6889463511466334,0.1276044078155396,6.626193724420179,0.12401883830455152,-0.06897689892605463,-0.8527815438153321,-0.26103573476017705,-0.0689091446531015,-0.27520676810404654,1.6988432731720917,0.9467565682399439,0.16743368129606906,6.22914522344832
1992-06,0.33947001394700127,,,0.42325076839630826,,,-0.8325857460015403,0.13276859057501023,1.8792691496837688,,-0.041641997237023776,0.2553953248206524,0.15263947221830154,-0.07936498836156025,0.027992258644995216,,0.15057562282999504,3.131581780984172,0.477105734767026,-0.8447487012176487,-0.09596033250692726,-0.07851126346718906,,-0.3533441759380537,,-0.3978733476566766,,-0.9843290980363624,-0.0938357539655954,1.3708855098389998,-0.012396137435436994,0.0851648810793717,0.6182671797533286,,0.31901726967447597,,,,-0.4221820373719102,1.7302452316076273,-0.3225077722436779,,0.6412012596516672,-0.5483390665913639,-0.6885545630256492,0.22113158625798812,6.440654843110493,0.11878597592883189,-0.11058064364533604,-0.8600329448549058,-0.24670361169501365,-0.06618245872268025,-0.2829092745754146,1.8134429255102256,0.9044408277144846,0.16846032193625482,6.596165354142244
1992-07,0.3377963737796372,,,0.44756825167238845,,,-0.8222101400027183,0.14925151318633745,1.7964862965565724,,-0.054075389776988225,0.26075233215826454,0.17657499782504882,-0.044438201603009264,0.011623167942416135,,0.1381494791983937,3.0674060514697974,0.43008512544802957,-0.8554919017100454,-0.14251859413737789,-0.039216454456415195,,-0.4301011816520104,,-0.40464658970904177,,-0.9847292835769311,-0.052339200856700296,1.454248658318427,-0.01776330563664974,0.09461866271412167,0.6705943892973143,,0.3738910308718564,,,,-0.35877034358046944,1.6689373297002703,-0.41078862724426946,,0.7217381724033449,-0.5310366072803818,-0.6978268818889413,0.2523381794610624,5.623465211459743,0.06959706959706846,0.11183723799880019,-0.8602979168782763,-0.240779667494746,-0.030789834046172526,-0.348043857987667,1.8689185999098643,0.9344338525924201,0.05161401597179194,6.2136582329990295
1992-08,0.2873082287308226,,,0.5011751943590634,,,-0.8185401658284625,0.13971303501945465,1.5397048489107532,,-0.038286954805604845,0.2619278976573518,0.1913339541179211,0.009941406473953585,-0.008930619553380259,,0.17603703478102162,2.886292667169162,0.3103046594982086,-0.8350212841051421,-0.1783943415487823,-0.06476003917727724,,-0.4113329207386409,,-0.3238410837187282,,-0.98517494474711,0.005287464025168553,1.3978085867620766,-0.022917134516056814,0.10247804400689287,0.6860331393208272,,0.3779067686324713,,,,-0.37197106690777504,1.7588555858310602,-0.4188154634480439,,0.7134751512591919,-0.551933049237562,-0.7138118372250954,0.22483563292897601,5.34106412005456,0.07535321821036,0.23841672857408724,-0.8611060815495564,-0.28855341104529053,-0.09873378013983292,-0.3583770019151036,1.8737901581646876,0.9072308765403392,0.0625657620365645,6.632931996074405
1992-09,0.2817294281729428,,,0.3519255107575452,,,-0.8323138960627066,0.08721087332468613,1.4586085734364036,,-0.012828103414248893,0.2683444020017358,0.20902021954968242,0.008490901377119497,0.016213194600649627,,0.20698056892246042,2.798966296974266,0.34655017921147024,-0.847348418003469,-0.08713723202566714,-0.05461312438785515,,-0.3830941723398441,,-0.34674629474527496,,-0.9859935060800917,0.021484505722511482,1.4212432915921305,0.00691668538064194,0.1108535600372409,0.7124922572027883,,0.39571579812712177,,,,-0.32290536467751585,1.663487738419616,-0.4241654923138163,,0.7124376830488703,-0.5465934178774963,-0.7142036253460796,0.1574219835169932,5.478854024556607,0.04761904761904656,0.4188538020577839,-0.8541770631384169,-0.27020829352188147,-0.10140617365128568,-0.35867163331018315,1.9527437388673077,0.9393164380376653,0.11760830146184675,7.063575651674379
1992-10,0.2549511854951185,,,0.19255107575483343,,,-0.8451361515110324,0.10007295719844311,1.4276879831342248,,-0.01026248273139907,0.26140410138434067,0.18549575198577029,-0.06985357351710253,0.05539879336417086,,0.17475787293659217,2.4904705502315077,0.6547939068100368,-0.8363814008341475,-0.06234504885518444,-0.03698334965719885,,-0.39083751925042143,,-0.3731473726375586,,-0.9859025548208715,-0.07730406264640655,1.4180679785330965,0.023804176959352885,0.10036383679532546,0.6728035803798462,,0.3617546329018697,,,,-0.3308619650391794,1.6846049046321498,-0.4455674006820216,,0.6695893278491347,-0.5586589310468756,-0.7142036253460796,0.12038151680711273,5.6261937244201805,0.028780743066456393,0.2875433529308702,-0.8565750599499202,-0.29447735524555807,-0.13574914489440104,-0.3513058484331918,1.9577655213854959,0.8477098349221108,0.13116908360687796,6.97893577805971
1992-11,0.23291492329149222,,,0.16543120593020855,,,-0.8401975442888857,0.06027075226977918,1.689810260014056,,-0.011051904479968178,0.2562970877224837,0.17290832642798915,-0.09538934308745495,0.03116363077567197,,0.16330632880550833,2.7637557876601715,0.6963485663082447,-0.8198490959097501,-0.025740119585824783,0.01661116552399622,,-0.37404107716000556,,-0.3372054914242014,,-0.9864755477539586,-0.11358008165450528,1.4941860465116301,0.016236245227935653,0.09514745368790045,0.6623676600290758,,0.3666312759174042,,,,-0.2922845087402042,1.5483651226158015,-0.4288234598048606,,0.7325719112367899,-0.5662062946038915,-0.7164498772397222,0.08195203259561179,5.978171896316496,0.024071166928308907,0.23561501694955078,-0.8477691563732396,-0.27670552264475545,-0.1712262244448599,-0.33838415724898396,2.0691460823658163,0.7735410369681468,0.18944120634381978,7.286880340857422
1992-12,0.24965132496513243,,,0.16380401374073128,,,-0.8516152417199038,0.07906398616515298,1.7239634574841896,,-0.002170909808564936,0.26048299373379,0.1864298830241189,-0.10721124628773926,0.06563894017375693,,0.16056526771030222,2.210724668892001,0.8020833333333344,-0.796658244846836,-0.009843955082397549,0.0488932419196868,,-0.3960765123274662,,-0.36925093769345596,,-0.9864755477539586,-0.13044642259554018,1.5297853309481235,0.01657309678868124,0.10390732394004631,0.6970933431002411,,0.40265036265406384,,,,-0.21778179626280803,1.5633514986376005,-0.4417162404931211,,0.7485838099872375,-0.5692868511577756,-0.7226140103432064,0.1322344661542747,5.968622100954969,0.054421768707482165,0.16392145638263944,-0.8472436285268881,-0.2927575004777384,-0.21641561449969526,-0.3321758528526626,2.1922870571066793,0.7298302720297605,0.13413675948410808,7.334633889460722
1993-01,0.2331938633193864,,,0.14934008316759795,,,-0.8554211408635765,0.08527885862516182,1.7461700632466632,,0.003749753305703818,0.2647998488133494,0.21676671447355012,-0.09814702273795772,0.06792838578494775,,0.16153986721081992,1.5307418972757625,0.35474910394265313,-0.7715133020276929,-0.024026542219629632,0.05766895200783573,,-0.3722419723945368,,-0.3610939150067366,,-0.986657450272399,-0.14048591125091803,1.5332289803220052,0.025286323826632984,0.11389521248491219,0.7427328122794865,,0.4365754293150679,,,,-0.1859553948161533,1.632152588555856,-0.4468744285114947,,0.7377408900191877,-0.5735482877239819,-0.7248863814449147,0.08139642559496374,5.991814461118679,0.03139717425431643,0.1738562139356996,-0.8522383511674225,-0.27231033823810535,-0.2523692608388781,-0.33247048424774217,2.2136189025044515,0.7802836549639616,0.21829574003451513,7.445364674342354
1993-02,0.2635983263598327,,,0.1069426866751011,,,-0.8568256988808842,0.1046125162127105,1.88713984539705,,0.028024472074205775,0.2662402885641295,0.23605246966607707,-0.11364392106500365,0.08955562929688599,,0.22610708412012137,1.4513836545709062,0.40855734767025154,-0.6681530389570141,-0.004302172961936801,0.04203721841332042,,-0.39515537068754625,,-0.36983358217107876,,-0.9847201884510091,-0.16163576735158058,1.5647584973166389,0.02441050976869441,0.12118493365277971,0.785071156376618,,0.486628970462881,,,,-0.21561181434599064,1.5238419618528587,-0.4538775158941043,,0.7356751347331496,-0.5756019920932379,-0.73152066029358,0.041207519214743416,6.009549795361517,0.00889586603872261,0.36983870470662694,-0.8551353786229403,-0.30651633862029526,-0.3522793767230301,-0.326072773954584,2.3547438676309618,0.8109741920483609,0.16359450158650368,7.777987888072397
1993-03,0.28423988842398895,,,0.1764599529922226,,,-0.8594082732998051,0.09889753566796333,1.7827125790583294,,0.025853562265640395,0.2666331357688876,0.23727646346713094,-0.08940385960486663,0.10087145920978458,,0.2619236157641489,1.8834930548077966,0.2728046594982083,-0.6485992088941301,-0.0032084001750037894,0.06942213516160645,,-0.3821586378618004,,-0.30162776300935845,0.026109510086455234,-0.9817551774004312,-0.1386788032929499,1.6127459749552795,0.020615315517627852,0.12176019513342107,0.7860751207615195,,0.4853576336329417,,,,-0.15159734779987855,1.5538147138964558,-0.42647833991329565,,0.7454805864908778,-0.5641525902346355,-0.7095021678942695,0.04398555421798456,5.929058663028638,0.05232862375719449,0.5646291335441393,-0.8479855501923255,-0.26887062870246603,-0.39224462957489026,-0.3164972536144953,2.429255102259801,0.7907463380609161,0.2124771971706716,8.800105321109715
1993-04,0.285913528591353,,,0.22572771650695778,,,-0.8611752979022245,0.09056150021616904,1.7673928320449774,,0.017761989342806483,0.2680735755196677,0.24794263907041647,-0.072691518271778,0.0733892035268151,,0.30626789303770674,1.9033056961343822,0.3478270609319001,-0.7113066159348864,-0.031391278984978954,0.03600391772771805,,-0.40868463852387094,,-0.22861512690724994,-0.004697406340057775,-0.9811367088377339,-0.10166655511679035,1.5322450805008967,0.01715697282730666,0.12701972942579043,0.7991268230595168,,0.4938332124992042,,,,-0.08565400843881765,1.5599455040871915,-0.4351183496666995,,0.760455017031004,-0.5412024439081992,-0.6725696076894949,-0.09019353643855788,5.900409276944054,0.04709576138147509,0.8014264218884435,-0.8488246282663322,-0.21574622587426062,-0.3943560014236678,-0.3144558789485863,2.4528617722170947,0.7828411997209954,0.22787680677345756,7.950379395361097
1993-05,0.2532775453277545,,,0.21976134514554047,,,-0.8674278464954011,0.09042639429312538,1.7249472944483504,,0.01243339253996445,0.2650572827770732,0.23987531881304802,-0.06973317586084371,0.07271216902700783,,0.3507949077176118,2.7501884354474004,0.3341845878136207,-0.7691847477543008,-0.022094210296048078,0.08497551420176297,,-0.4222282991983193,,-0.22952550890353562,0.03547550432276658,-0.984165385769766,-0.0910916270664589,1.5983005366726322,0.01899842802604912,0.11945114689654868,0.793593663225669,,0.49689491677612563,,,,-0.05057263411693713,1.4536784741144397,-0.45455523402790543,,0.7625207723170422,-0.5140935462340194,-0.6573682285953091,-0.14019816649689676,6.016371077762608,0.07587650444793237,0.6821163637019949,-0.8581118976854694,-0.195872348557234,-0.4039054346711387,-0.2944630342824667,2.3807755864111417,0.7249476865845155,0.17488937376746283,7.842473131148731
1993-06,0.22036262203626222,,,0.16723919725185032,,,-0.8710978206696569,0.0848735408560306,1.6129304286718216,,0.027827116637063387,0.26742031823599755,0.26072545041612694,-0.1317207691690272,0.11997318587046801,,0.3546933057196828,2.8978141488101663,0.2468189964157712,-0.7999896699995264,-0.004411550240630335,0.09002938295788465,,-0.420400408756603,,-0.27384290448272064,0.04472622478386157,-0.9852658960063302,-0.1480489927046359,1.5988819320214693,0.01844823714349797,0.126140106474544,0.8408068331067642,,0.5624617400721368,,,,0.05967450271247854,1.2942779291553115,-0.4591289349785037,,0.814146292198789,-0.5154797966832672,-0.6624353549600377,-0.07408093341975985,6.781718963165063,0.1423338566195702,0.6958140935059443,-0.8555769986618913,-0.2165106057710693,-0.34660280269531696,-0.24001936149167602,2.4579479365624395,0.6010230179028135,0.14425076678648896,7.432774014409855
1993-07,0.2666666666666666,,,0.16299041764599242,,,-0.8659326718318154,0.08363056636402888,1.7354884047786383,,0.03157686994276698,0.2684693988396134,0.2589584897938795,-0.14487851303161337,0.1437651581120536,,0.38393129073521526,2.6935501238290094,0.5557347670250903,-0.7801431565898945,0.0048126002625050734,0.08258570029382972,,-0.37935203442766907,,-0.2462765376351913,0.050691642651296887,-0.9868029722871513,-0.15199785824241785,1.581574239713777,0.02082865483943319,0.12564462764470363,0.8402991813205825,,0.5838888164221168,,,,0.1071127185051246,1.181880108991824,-0.4431864226881391,,0.7940120640108694,-0.4802074241412946,-0.6019955074962128,-0.05481989073062188,6.583901773533413,0.2485609628466765,0.6887758029646434,-0.8560892779070743,-0.15516911905217,-0.34041949942389704,-0.2049792705768455,2.471832950619138,0.4984887235526625,0.21097419527343986,8.12834813414081
1993-08,0.23709902370990243,,,0.17175917555595444,,,-0.8527479497983779,0.05615002161694704,1.537737174982433,,0.052101835405565566,0.27004673988902117,0.2800422990598812,-0.10959626652601184,0.19469864169953466,,0.38338307851617426,2.864757187466352,0.5251792114695348,-0.7731359729353986,0.06044917602450006,0.12391772771792375,,-0.35033607277018985,,-0.22734059211244995,0.09239193083573505,-0.9872122529536421,-0.12435579947794417,1.6694543828264785,0.017370312149112,0.1325795394628999,0.8810688166030558,,0.643005523990378,,,,-0.03297166968052945,1.2629427792915515,-0.45404246316476504,,0.7934979204730113,-0.525183549828002,-0.643995194065716,-0.0838040559311034,6.571623465211449,0.18628990057561445,0.7696730658194928,-0.8603509112829504,-0.22587425950697593,-0.3727114237282,-0.23219058442241658,2.4695152048415134,0.5003487561032323,0.23393353026582453,8.417813629509073
1993-09,0.1860529986052999,,,0.17908154040860302,,,-0.8429160436772234,0.047192498919152115,1.6170063246661992,,0.05881192026840343,0.270836898471319,0.28359994705699654,-0.08382543486486838,0.18651186926107477,,0.36456112566242505,2.9905243889307647,0.458602150537635,-0.760636672362514,0.03365174274464011,0.1279921645445643,,-0.34783171893665743,,-0.26189869269145294,0.1150432276657063,-0.9859753158282476,-0.09062311759587471,1.6423524150268363,0.015966763979338827,0.1343213311762108,0.8907993601524615,,0.6447400751699515,,,,-0.024050632911391423,1.2179836512261568,-0.4373774101127027,,0.7671664264269771,-0.5486984648559837,-0.7025283393407512,-0.20205574590239717,6.538881309686209,0.09994767137624239,0.6292820197864233,-0.8636056509700184,-0.27441238295432924,-0.24340497921806836,-0.27125028937011963,2.393201279052299,0.508951406649617,0.2466437976760527,8.517006965555224
1993-10,0.2301255230125525,,,0.16995118423431244,,,-0.8471297177291467,0.05896022481625551,1.5533380182712588,,0.07223208999407937,0.27044107515137306,0.28271053973201865,-0.10974533029090394,0.19568301422885992,,0.33520131570932743,2.2606869818025204,0.5525761648745529,-0.721985253924324,0.07871518156628232,0.13151811949069536,,-0.3038615984686024,,-0.27817632278504023,0.1483573487031702,-0.9857479376801972,-0.130379492671171,1.692397137745977,0.01844823714349797,0.1334919063620552,0.8861901622730282,,0.6477753880595656,,,,0.009342977697408994,1.0497275204359662,-0.40749326764129057,,0.7480604853147743,-0.5328849412127121,-0.6817635689285901,-0.2206685804241122,6.459754433833549,0.09628466771323874,0.5894245666239346,-0.8683574825891299,-0.25243646092107874,0.11167347332734123,-0.28019445672075205,2.3897675816039654,0.34503603813066785,0.31215350878393955,8.848289728798157
1993-11,0.21562064156206429,,,0.1769119508226329,,,-0.8350323954510442,0.04915153480328538,1.6820801124385114,,0.068482336688376,0.27031012608312044,0.27008499057408564,-0.12270814461478508,0.22192255527073557,,0.3263690077358854,1.9022289221492414,0.46628584229390735,-0.6851932355713565,0.07871518156628232,0.10131243878550444,,-0.18739475237122039,,-0.3942682349513853,0.10002881844380407,-0.9860935524652339,-0.13298975972156934,1.6567084078712004,0.019099483494272596,0.13067078136436217,0.8559826329930478,,0.6031969980555312,,,,-0.057986738999396215,0.7963215258855576,-0.35905793593591506,,0.6783664925311463,-0.532474200338861,-0.6779762837590764,-0.20844522640985164,7.34652114597543,0.17216117216117177,0.5028313386458783,-0.8715062334668497,-0.26351996942480516,0.2050865964082551,-0.23216953932276796,2.2960920230916146,0.20530109276912412,0.3912358654398107,8.010699667281052
1993-12,0.25383542538354287,,,0.1684143916109171,,,-0.8505731502877077,0.060216709900561494,1.9255094869992986,,0.08446812709690166,0.271759494179463,0.27223616005338225,-0.13247182121521395,0.2687092025468967,,0.2918316379362875,2.111661462259073,0.35197132616487514,-0.6475188630112809,0.15287297652034404,0.14718903036238973,,-0.1144230630838099,,-0.3677579112195474,0.13723342939481298,-0.9855478449099128,-0.12716685630145008,1.6800089445438307,0.01887491578710887,0.13100404287067002,0.8611453022324869,,0.6071447855775618,,,,-0.03230861965039089,0.6307901907356939,-0.31303585451650795,,0.676300737245108,-0.5073163218154744,-0.6309617092409758,-0.12084452264098422,8.433833560709399,0.17320774463631583,0.37975771226270916,-0.8705611665834948,-0.2065736671125561,0.2680356399568078,-0.19348864616873884,2.3392922291134615,0.08602650546384627,0.501383911582973,7.792589223735559
1994-01,0.3110181311018134,,,0.1956246610016239,,,-0.8579130986362193,0.05348843493298694,2.355727336612791,,0.07538977698835625,0.2737371227215981,0.2858602147250553,-0.12761578241276927,0.2568499633644159,,0.32886641895596225,2.0231506406805218,0.36706989247311883,-0.7086079033111954,0.17372757765786773,0.17375122428991197,,-0.18850300090674899,,-0.25279487272859646,0.17097982708933745,-0.9857934133098073,-0.1064855096713716,1.7646690518783563,0.017594879856275725,0.13566969470927748,0.8885074888721403,,0.6444285354600139,,,,-0.02724532851115047,0.7145776566757482,-0.3483937363066878,,0.6964349654330275,-0.5202546593417875,-0.6296557488376953,-0.08389665709787819,8.219645293315127,0.1245421245421241,0.8710177409668658,-0.8752953334010484,-0.22950506401681747,0.22212235098239153,-0.2226361091819763,2.343863338841555,0.1432225063938628,0.47558374786801205,8.6641453431314
1994-02,0.32050209205020974,,,0.1821551256553937,,,-0.8556476824792714,0.037491893644616914,2.3991567111735783,,0.03651075587132446,0.26793072199066414,0.2596747610043857,-0.11016958869867377,0.1961662921448406,,0.37924103063897396,2.0290728975987946,0.41845878136200776,-0.6734256433653418,0.11685139273734868,0.15420176297747323,,-0.21584939334187325,,-0.266778340191544,0.15541786743515895,-0.9846929030732431,-0.08680811190683102,1.6754472271914156,0.01887491578710887,0.126594417519998,0.8347707489030813,,0.577281262418361,,,,0.07016274864376215,0.7016348773841952,-0.35453085051832955,,0.6835354713135442,-0.5216409097910353,-0.614010343206394,-0.08815631076951458,8.207366984993161,0.11041339612768142,0.6709674090846323,-0.878832709913045,-0.20619147716415176,0.04345203264784159,-0.2337058315971119,2.3722771852265154,0.08021390374331627,0.40803444402162303,8.252890346362843
1994-03,0.2973500697350073,,,0.1830591213162145,,,-0.8545149744007974,0.01095709035884096,2.3541813070976825,,0.037694888494178125,0.26515251846307475,0.22954071943590026,-0.08954719014803214,0.14839972651369537,,0.4103063897179773,2.017874448153333,0.5261424731182802,-0.7186667412722254,0.028729765203441504,0.09637610186092083,,-0.23181105082111164,,-0.3000254906958957,0.09639769452449598,-0.9844837151770366,-0.07609932400776143,1.5569767441860485,0.015225690545698445,0.11787672194845777,0.769726392679499,,0.5051238726782403,,,,0.06823387582881346,0.7479564032697534,-0.3962804390466055,,0.6701126525215979,-0.509832109667813,-0.5857232408713369,-0.08704509676821814,8.159618008185522,0.11198325484039717,0.5263857570989492,-0.8847239212326499,-0.14924517485190258,0.045503079586654005,-0.23595765725950635,2.3415670536729816,0.09625668449197944,0.3448207576699205,7.57909854704743
1994-04,0.32635983263598356,,,0.21135418549990637,,,-0.8599066648543336,0.013064742758322367,2.569922698524246,,0.02013025458851403,0.2603907341629754,0.21456392201239005,-0.07902672827968982,0.12815773122175744,,0.41737223609673113,1.9215031764832569,0.6255824372759864,-0.7542191595683779,0.05286568470176456,0.0986092066601374,,-0.14709480562472133,,-0.28859109282254813,0.09204610951008685,-0.9852113252507981,-0.07000870089016564,1.5775939177101992,0.016090276218278632,0.10982961925876467,0.7535954232791393,,0.4803335628676211,,,,0.08028933092224322,0.824250681198909,-0.410209518891842,,0.6215811750016058,-0.5303178107511421,-0.617719270751711,-0.038151680711175695,8.23328785811731,0.09523809523809468,0.5121120030812101,-0.8933266795914131,-0.19835658322186234,-0.2226833726450661,-0.2406928046804293,2.2077386956241805,0.2527319228086502,0.3542649389901713,7.315317040476829
1994-05,0.36847977684797817,,,0.2047550171759145,,,-0.8276471387793937,0.014321227842628126,2.5814476458186943,,-0.005131241365699535,0.25799644949458167,0.20978826331968836,-0.07475547809336003,0.06953188854764947,,0.37126149722848467,1.7940131366426195,1.28850806451613,-0.7215204039030183,-0.00751057313694059,0.0877962781586683,,-0.14895148174268513,,-0.23924838862386644,0.08008645533141268,-0.9847474738287751,-0.07194966869687192,1.6110465116279094,0.016943633505500877,0.10688493937385357,0.7450863713843068,,0.466429548646607,,,,0.0635925256178429,0.9271117166212519,-0.3955740344309506,,0.5271072999201232,-0.5187657236740769,-0.6058611502899233,0.09056394110565913,8.061391541609806,0.16169544740973252,0.35380316454047356,-0.8907122889608239,-0.1945346837378188,-0.2564351597705239,-0.21318685943977866,1.919243728137003,0.3878167867937701,0.34095785115444843,6.690332000861729
1994-06,0.35034867503486766,,,0.23277888266135993,,,-0.8413755606904987,0.015145373973194598,2.2184118060435716,,-0.00888099467140313,0.2586616112390019,0.20378661022504208,-0.03825205535998932,0.07187701133810065,,0.45678260339891774,1.3571659308711106,2.505197132616489,-0.759681147318719,-0.024938019542073975,0.045719882468168827,,-0.1618186790253172,,-0.25239430465023116,0.03567723342939533,-0.9852749911322523,-0.022555384512413013,1.5361359570661919,0.0176959353244992,0.10637916562479766,0.7309029322246179,,0.446335389030283,,,,0.11886678722121857,0.9277929155313338,-0.4591343136938514,,0.5420725493256449,-0.5221029932741179,-0.6182155357049575,0.13584591165848825,7.43246930422918,0.09471480900052298,0.5216439012521161,-0.8921740512897512,-0.19262373399579702,-0.3429229831874475,-0.277353368268198,1.8482091121746023,0.5159265287142538,0.29355078038377447,6.553558177944812
1994-07,0.3729428172942819,,,0.2298860965467333,,0.00934389599837493,-0.8188573240904353,0.014996757457846677,2.215319747013354,,0.009275705545688018,0.26265109364792893,0.2197910247098338,-0.037334739883730705,0.08963580443502117,,0.42882378022781453,1.6010552385054382,2.7091845878136214,-0.7618504474181452,0.033870497302026736,0.08211557296767902,,-0.14136645605146902,,-0.2545792214413167,0.056628242074928226,-0.9852749911322523,-0.02857907770563972,1.6150715563506286,0.013923197844148971,0.11286992389259942,0.767674793161484,,0.49724073495463395,,,,0.1971066907775778,1.0919618528610342,-0.5160967021303304,,0.5957638244934298,-0.5274939672434151,-0.624771456929426,0.1689045281970567,6.672578444747598,0.011512297226582646,0.28446324946786294,-0.8966829918874398,-0.15555130900057457,-0.2743637230121434,-0.350969126838815,2.047106036869325,0.6391536851894921,0.32666701344306315,6.7425856332431815
1994-08,0.3796373779637381,,,0.2265413126016962,,0.04103189112329897,-0.8407412441665533,0.03092574578469498,2.128179901616305,,-0.0108545490428259,0.2629263843027785,0.2194756963544815,-0.03443372969006253,0.09338176505566609,,0.4265091064140849,1.4469688812318298,2.7680331541218655,-0.7587041014406044,0.08998104127169282,0.12857982370225307,,-0.04073173189021173,,-0.25472488256072245,0.11423631123919353,-0.9846929030732431,-0.022354594739305345,1.701699463327373,0.0168425780372774,0.11296909656323928,0.7688677219648419,,0.48170743175399555,,,,0.19674502712477482,0.8732970027247946,-0.5133051488649124,,0.5425958739981076,-0.5255429480926219,-0.6175364362952516,0.21344568941568798,7.09140518417461,-0.011512297226583201,0.00487739095596007,-0.8905621381475806,-0.17829161093063373,-0.28417255337246405,-0.3419407790895883,2.009936261991114,0.4261799581492689,0.455449727917419,6.056586159848729
1994-09,0.374058577405858,,,0.26026035075031273,,0.03656307129798919,-0.8450908431878935,0.05240758754863761,2.0773014757554478,,-0.03414249062561647,0.2595782547167709,0.19840602217514736,-0.015043973810643596,0.07353619128006295,,0.43820430042029823,1.4100355335415098,2.7314068100358444,-0.7900728695450063,0.013015896164503049,0.10276199804113673,,0.016177550051094114,,-0.292414697206948,0.1002593659942368,-0.9842654321549081,0.011378087142764226,1.6267441860465142,0.015090949921400476,0.10533789090327539,0.7221929486056118,,0.424563101200353,,,,0.1858348402652208,0.7963215258855576,-0.52859862950333,,0.5162643799520734,-0.5173281306155977,-0.6074805411899912,0.17992406704324626,6.952251023192345,-0.07116692830978577,-0.08205178020087467,-0.8856601557152257,-0.17274985667877052,-0.34610813843360344,-0.3852305490666492,1.9469279138141933,0.4817484305975366,0.5485144738078909,5.545706967948878
1994-10,0.37796373779637404,,,0.30826252033989876,,0.022750355474304484,-0.8442752933713922,0.044355274535235356,2.287561489810262,,-0.030590092757055265,0.2595782547167709,0.19181030279917244,0.015038240588916008,0.0826182527610313,,0.4679904976548721,1.700118445138366,2.3481630824372774,-0.7717285103708899,0.03532886101793742,0.11314397649363417,,-0.021761971243109857,,-0.2834565383634974,0.09642651296830018,-0.9837561051032752,0.03580750953751677,1.6789355992844386,0.01792050303166337,0.10364206624871808,0.7084026784152544,,0.4160138084591978,,,,0.24098854731766206,0.8957765667574922,-0.52859862950333,,0.5575611234036291,-0.532730913385018,-0.6348795904508175,0.2853041948328565,7.481582537517038,-0.07744636316064923,-0.07308492381343368,-0.8878859207115382,-0.18001146569845328,-0.3505842467530118,-0.37765431319317233,2.011459965233812,0.4566379911648464,0.4755983489793396,5.343394690858613
1994-11,0.42761506276150674,,,0.25311878502982843,,0.025797278082470232,-0.8600878981468895,0.026413207955036322,2.5304286718201006,,-0.006907440299980028,0.2543343397562865,0.17973052504312093,-0.027714393826467343,0.10957937004612273,,0.4346713772309212,1.4890707440508244,1.7953853046594994,-0.7747242105081928,0.03033396529094312,0.059745347698335394,,-0.045121547517955385,,-0.3157204763118605,0.045014409221902474,-0.9813368016080183,-0.020346697008229886,1.5740161001788926,0.019773186615763994,0.0951382449480711,0.7005550350438741,,0.421138894534556,,,,0.2010247136829424,0.8290190735694816,-0.5368531646568206,,0.5038698482358441,-0.5378138316989266,-0.6604764143551167,0.4619872210389868,8.55115961800817,-0.09994767137624316,-0.26151116198029056,-0.903271962868587,-0.20829352188037564,-0.37412905911237926,-0.36696340257171056,1.9017104105414502,0.45338293420134956,0.42790564396832953,4.702635421404128
1994-12,0.44211994421199474,,,0.25438437895497756,,0.028437944342880606,-0.8541525078156856,0.007052529182878908,3.0192550948699957,,-0.022103808959936688,0.25042521245742333,0.18028327050231296,-0.013541869718270094,0.09196088344093867,,0.419382347566549,1.6516636158070428,1.9353270609319013,-0.7912565154325901,0.023479655826162515,0.06362389813907976,,-0.04143698095827553,,-0.29500018207639933,0.06763688760806974,-0.9807547135490091,-0.0076300113780845,1.5987477638640453,0.018133842353468932,0.09181085332430183,0.7085689644587874,,0.4369895010814402,,,,0.23574442435202014,0.7949591280653945,-0.5202365200428869,,0.5327812411057751,-0.5379165169173894,-0.6644204147730242,0.5322715066209851,9.102319236016353,-0.12925170068027236,-0.25452965656322823,-0.8991295669032278,-0.18096694056946416,-0.3552835572392907,-0.38047435654607764,2.13578127347254,0.4268774703557321,0.49103811163827515,5.5232065490581
1995-01,0.41004184100418417,,,0.26441873079008893,,0.028641072516758292,-0.8446830682796429,0.0012564850843055364,3.1581166549543243,,-0.00749950661140697,0.25959164723511496,0.19539149057686211,0.0001662634300712007,0.10517641871020467,,0.41475299993908954,1.4392161085388184,1.7032482078853066,-0.7998648491604721,-0.009114773224442652,0.07142017629774777,,-0.10103772362872254,,-0.3317431994464879,0.05083573487031745,-0.9820826019336237,0.008500100394889243,1.659838998211094,0.02066022905906073,0.10290215741548026,0.7384876254587696,,0.47050261942102756,,,,0.22417118746232756,0.9059945504087186,-0.5233525891342785,,0.49819590705019245,-0.5499306874775374,-0.6817635689285901,0.5068061857579422,8.54160982264664,-0.1323914181057042,-0.4382145496939649,-0.8991295669032278,-0.1914771641505839,-0.33952065826541733,-0.395921459688111,2.188746056613086,0.48174843059753636,0.38705538475297496,5.568925485314892
1995-02,0.378242677824268,,,0.2681251129994544,,0.07353239894373353,-0.8409677857822482,0.0148211197578898,3.6430077301475787,,-0.0007894217485689969,0.2666212313081371,0.2203141911913702,0.043131027049339465,0.10346156158898223,,0.45404154230371185,1.2716700764509539,2.11451612903226,-0.805047066064657,-0.0033177774536976568,0.11784524975514232,,-0.15895450423869095,,-0.3925567167983687,0.0950720461095107,-0.9815005138746146,0.04705173683154018,1.7519677996422214,0.02274870873568302,0.11451370179089237,0.7840305297208858,,0.5064003664459296,,,,0.18523206751054921,0.9141689373296995,-0.5136207001653065,,0.4625731047842885,-0.5492118909482977,-0.6918978216580474,0.45050467635892355,8.828103683492479,-0.14599686028257486,-0.38601463268367875,-0.8982595754264945,-0.19969424804127767,-0.37274761867417905,-0.3886819454090109,2.1941112088761074,0.5026737967914447,0.3031272842754271,5.585489623477039
1995-03,0.374058577405858,,,0.29831856807087,,0.07332927076985585,-0.8542431244619636,0.011659641158668022,3.460295151089251,,0.012236037102822284,0.26675664454917114,0.22086897464586208,0.10683858687550796,0.11326965348750706,,0.6184442955473011,1.387315602455046,1.857638888888891,-0.8323354839820428,0.04313110689805977,0.1303428011753185,,-0.16259589228399962,,-0.4332325843924111,0.1023631123919313,-0.981682416393055,0.1416906498895687,1.81847048300537,0.026734785537838812,0.1153699665997987,0.7851042813499023,,0.5132269386294075,,,,0.3395418927064504,0.8910081743869203,-0.49754371999125135,,0.32214765100671094,-0.5334497099142574,-0.6416183461317453,0.5424576349662023,8.519781718963147,-0.0936682365253797,-0.3266603008300506,-0.8939052018424387,-0.14198356583221983,-0.3589332142921776,-0.37868552307595116,1.8583385196471869,0.5580097651708915,0.28811642926172487,5.081743543097882
1995-04,0.3629009762900979,,,0.29063460495389304,,0.09079829372333936,-0.8459970096506728,0.04377431906614748,4.168798313422349,,0.024669429642786955,0.26960181066848055,0.23159456996532368,0.09681691529738146,0.12036960738680258,,0.659682036912959,1.2619791105846891,1.9597222222222244,-0.8411375052188022,0.06460551261484548,0.15008814887365363,,-0.1280674736251245,,-0.4012599686828594,0.1289625360230553,-0.9836014879626008,0.12696606652834785,1.8875223613595735,0.02694812485964415,0.12067880445085977,0.8092635938262056,,0.5341619824482109,,,,0.2477396021699827,1.0865122615803804,-0.5006508245570636,,0.39906719672417057,-0.5403296195512652,-0.6141931776628533,0.45346791369571426,8.694406548431086,-0.12087912087912123,-0.37192953808919693,-0.8914851240289878,-0.14217466080642205,-0.3167721347175888,-0.38495696277121816,1.9162392428697124,0.6649616368286453,0.34012376266988875,4.996792493477277
1995-05,0.34421199442119965,,,0.2740010847947898,,0.12147064797887452,-0.8510262335190975,0.03566796368352754,4.373858046380888,,0.050917702782711904,0.2751552416084715,0.2719552906460829,0.0746465468805535,0.16339025025778509,,0.6485959675945692,1.365349413158179,1.6147177419354857,-0.8573857351301793,0.09898643721744138,0.1722624877571013,,-0.06266641719080612,,-0.4471068060158043,0.15449567723343005,-0.9833741098145504,0.10307208352854857,1.9802772808586795,0.03170896025151482,0.13609323067213297,0.8942490847903775,,0.6471914406967327,,,,0.21440626883664948,1.040190735694822,-0.4796218404529603,,0.3412535921189135,-0.5450531396005542,-0.6457451810061119,0.49800907491434554,8.68212824010912,-0.10570381998953471,-0.3762861575234673,-0.8815707541545404,-0.16243072807185288,-0.2206986831072153,-0.3841572489845734,1.832006352340279,0.5596372936526397,0.42507485350979035,5.258491514469689
1995-06,0.3322175732217576,,,0.2767130717772519,,0.11822059719683109,-0.8621267726881428,0.036262429744919444,4.947716092761773,,0.029998026445628767,0.2769141256843206,0.27380945503052234,0.09720104115306483,0.12093528752808891,,0.6351952244624499,1.1646387423279863,1.1843637992831555,-0.8475808430141218,0.0895070730640215,0.21853085210577894,0.05541031690365372,0.18527900516702855,,-0.4867994610538583,0.19443804034582213,-0.983228587799798,0.11685964794860082,2.0317978533094845,0.029047832921624828,0.13729281537844806,0.9001821245412378,,0.659985196555166,,,,0.20198915009041674,0.9618528610354216,-0.46793747781279993,,0.37015580385423985,-0.5474148996251986,-0.6656480175521078,0.594962496527458,8.732605729877196,-0.09733124018838346,-0.46773532240754634,-0.8876695268924523,-0.15956430345882022,-0.2550054594043516,-0.38182124292358466,1.9790544455651649,0.4475703324808191,0.6692620142050594,5.649424324389023
1995-07,0.38744769874477036,,,0.2816850479117665,,0.08572008937639652,-0.8677903130805128,0.040829009943795125,4.237947997189039,,0.04756266035129286,0.2756954065150139,0.2658365556563158,0.09493068534932436,0.14165833364883706,,0.5637448985807421,1.2535802735005932,1.4425403225806468,-0.8656066938403066,0.1396747848913511,0.2685994123408426,0.10450806605878982,0.21121489946602545,,-0.4104002039255673,0.2580691642651305,-0.983674248969977,0.11478482029315606,2.120438282647589,0.03214686728048388,0.1352363831319503,0.8796862622041308,,0.6261729758260963,,,,0.14966847498493152,0.9863760217983641,-0.4607604786339504,,0.37945629320871443,-0.5517790214098678,-0.6665099514182731,0.5785720900083358,9.057298772169146,-0.059654631083203014,-0.44548108748876436,-0.8743193531149669,-0.18841964456334914,-0.2488764485519004,-0.36315423953532366,2.023499366912033,0.4752383166705427,0.7375669255626254,5.893529932738113
1995-08,0.4142259414225946,,,0.2452540227806872,,0.12126751980499706,-0.8602238231163064,0.061054366623432,4.870976809557276,,0.054864811525557666,0.2766447872598463,0.2716006420694852,0.031406588618407616,0.15352425409282922,,0.41201193884388365,1.2532572413050511,1.5007840501792131,-0.8487860097360254,0.13901852121919123,0.2890499510284039,0.1097366575272587,0.1572273636638406,,-0.36357015403663395,0.27642651296830056,-0.9831194462887338,0.06251254936082207,2.1187835420393597,0.03348304513810785,0.13703719059189168,0.8981465255093204,,0.6555851152575594,,,,0.10247136829415404,1.0320163487738405,-0.43532632666014126,,0.32214765100671117,-0.5535246701237354,-0.6482787441884762,0.5836651541809446,8.95088676671212,-0.06541077969649445,-0.41270457756209467,-0.8741780347025025,-0.17427861647238796,-0.29539901911696376,-0.35597786055516933,1.9064532051419616,0.5182515694024654,0.6787655125400764,5.9597864853867
1995-09,0.4256624825662485,,,0.2693907069246031,,0.13528336380255945,-0.8647093471070635,0.06277021184608667,5.268025298664796,,0.06315373988553397,0.27569689457260793,0.2758708779278034,0.058186467303435796,0.15011681072208827,,0.37071328500944367,1.2368902767309153,0.9879032258064528,-0.8602135727597886,0.15090418550386375,0.3148677766895205,0.10112861059746225,0.23434419033089116,,-0.3658279013874224,0.2821037463976952,-0.9824555020964265,0.10420989224282473,2.2327370304114527,0.03392095216707691,0.13789520227324092,0.9111475485817235,,0.6789872987656724,,,,0.09204339963833719,1.0504087193460476,-0.4007250508288608,,0.3376362250846956,-0.553986753606818,-0.6420884918769263,0.5800537086767312,9.155525238744861,-0.02825745682888592,-0.45586646522562435,-0.8697220885094882,-0.1802025606726556,-0.12435376940199894,-0.33219689795231133,1.9642251647101743,0.5224366426412475,0.7857861831508686,6.259808028340957
1995-10,0.43486750348675063,,,0.270385102151506,,0.1523461304082876,-0.8628517058583661,0.06277021184608667,4.939142656359806,,0.07835010854549052,0.275832307813642,0.2871962795704013,0.07234752496817975,0.16615406543627498,,0.3347140159590689,1.4020674060514708,1.0608198924731198,-0.871636831616688,0.1525083855913656,0.2707933398628799,-0.005292354779060093,0.2631730450927614,,-0.3778085284585414,0.21789625360230613,-0.9818006530300412,0.1212770229569673,2.2088550983899857,0.03359532899168971,0.14261426718135461,0.9333575786980104,,0.7189086706324535,,,,0.04267631103074221,1.0265667574931867,-0.3608364978108637,,0.3345421827229407,-0.5565025414591567,-0.650237684793397,0.4971756644133736,9.04502046384718,0.03087388801674451,-0.4590552862353371,-0.8588538193509068,-0.2054270972673431,-0.21952837985389284,-0.3027758486436428,2.039830890400669,0.5580097651708917,0.8057386017793315,5.808004404337318
1995-11,0.4039051603905164,,,0.23124209003796414,,0.1807840747511682,-0.866566988355761,0.05092142239515707,5.051721714687283,,0.1024274718768503,0.2773188773498292,0.3020451694173347,0.04101546823221747,0.20242440709371778,,0.328622769080833,1.5647679552062033,0.8244623655913992,-0.8691016773338268,0.1938529969374354,0.32090107737512286,-0.030606389083721153,0.21805149757480624,,-0.33800662758093314,0.2724207492795394,-0.9810912332081237,0.07710327287330476,2.337432915921292,0.035695037053670386,0.1477614823326341,0.9642229461450411,,0.7538560243650145,,,,-0.005907172995779808,1.1416893732970013,-0.36401531858131086,,0.3304106721508644,-0.5532679570775785,-0.6612338713890193,0.5622742846559887,8.386084583901752,0.04918890633176276,-0.4228639215585449,-0.847782404974408,-0.20064972291228866,-0.23644348460809894,-0.30098701517351645,2.010923450007511,0.631248546849571,0.8122379214588009,6.090983076812604
1995-12,0.4044630404463043,,,0.2495932019526268,,0.1905342270972985,-0.8716868288704634,0.04720600951145637,4.76430077301476,,0.1154529307282417,0.2773188773498292,0.31132429289836683,0.04821639472084849,0.2168381152606691,,0.3050496436620598,1.3601808980295047,0.6513216845878147,-0.8701992398841317,0.1973895289485188,0.3002154750244861,-0.021169419116240373,0.256408411174599,,-0.2971486835876336,0.2885014409221909,-0.9800089132234036,0.09657988086473779,2.3654293381037603,0.0352571300247011,0.1511924996982481,0.9853378024938999,,0.7878936336086737,,,,-0.03459915611814268,1.3344686648501347,-0.3047006386328033,,0.2116710583093857,-0.5538327257791239,-0.6650995141827298,0.523752199277713,8.396998635743497,0.1444270015698581,-0.20034464398791985,-0.831813424365944,-0.22453659468756093,-0.2579553475016436,-0.25258328598185875,1.9575079940768716,0.7909788421297386,0.875391378226279,6.135050386576349
1996-01,0.41143654114365447,,,0.2172301572952413,,0.1945967905748529,-0.873317928503466,0.040207522697794484,5.094307800421647,,0.12591276889678316,0.2786670575297949,0.31670617105537846,0.009511414844456834,0.2123817138326609,,0.25552780654200125,1.4717346828900628,1.2377240143369188,-0.8652021021550962,0.21612950269797215,0.3210969637610188,0.06344449403813046,0.2765295988716008,,-0.26736098466916747,0.28547550432276725,-0.9790539250015916,0.03955558530219139,2.4715116279069806,0.036694363350548764,0.15573860044956267,0.9896690415156735,,0.7800741992337401,,,,-0.028631705846895006,1.2111716621253392,-0.30517037977316264,,0.1688135219750455,-0.5328335986034809,-0.6405996970171863,0.45106028335957205,8.040927694406525,0.13814756671899464,-0.1510646061470624,-0.8434456961919103,-0.18364227020829493,-0.2878644378623263,-0.258602184481343,1.8361053286692273,0.6668216693792153,0.9019343734800054,5.761806735763701
1996-02,0.4496513249651328,,,0.23386367745434455,,0.16128377005890737,-0.8731366952109102,0.04135592304366553,4.8680252986647945,,0.08979672389974347,0.27678020050088037,0.29051654785808556,0.019263625001432638,0.16835220047347832,,0.2719132606444561,1.4862711316894597,1.0650537634408614,-0.8772580735409949,0.20318652471926435,0.35298726738491704,0.05649429318370225,0.34206019084903283,,-0.30013473653545053,0.3060806916426517,-0.9784809320685045,0.047988755772709,2.47316636851521,0.0365820794969669,0.1445913065859552,0.9294759731708864,,0.689380651776262,,,,0.024532851115130372,1.3882833787465927,-0.2728227856725377,,0.18791946308724827,-0.5412024439081993,-0.6466854724964738,0.47809982405778495,7.825375170532038,0.13134484563055948,-0.20416755136244313,-0.8399348168822508,-0.20064972291228877,-0.24721751352786092,-0.2632321064040234,1.8394317230723005,0.8781678679376903,0.9002442948438951,6.402159082748884
1996-03,0.4875871687587172,,,0.23106129090580008,,0.15458054032094282,-0.8693307960672375,0.052637267617811734,4.893323963457486,,0.08900730215117436,0.2743546666230172,0.2732178941746084,0.015370767449059741,0.1555620388537624,,0.24407626241091762,1.531172606869819,1.0570340501792126,-0.8725364024912516,0.19964999270818096,0.3700293829578847,0.1083976280048462,0.3574461348033211,,-0.2488620225046433,0.3338328530259369,-0.9781353172834678,0.05381165919282793,2.5094812164579645,0.03514484617111924,0.13687611758873341,0.8973543361532199,,0.6473540359104881,,,,0.04002411091018776,1.5708446866485,-0.2359265912929367,,0.16210211257907248,-0.547568927452893,-0.6469989029932611,0.49347161774238546,8.245566166439266,0.1344845630559912,-0.12863329018117986,-0.8361633817496102,-0.21593732084846307,-0.23096598278327052,-0.257297388303133,1.7739339442453375,1.1446175308067907,0.8917190709677931,6.71266486344161
1996-04,0.49679218967921934,,,0.21596456337009218,,0.14604915701807863,-0.8642562638756739,0.05020536100302553,4.908503162333101,,0.09828300769686193,0.2732773129251196,0.26094144052351087,-0.02314501611035369,0.1728397811218727,,0.26478650179691976,1.6471411650694532,1.2155241935483883,-0.8522207348934503,0.23621846288464288,0.4003917727717927,0.16450934132500206,0.6454180399833036,,-0.22792323659007352,0.3955331412103751,-0.9797997253271972,0.005019744327691589,2.5288908765652987,0.03646979564338504,0.1320755548706425,0.8728547819353578,,0.6131784027447047,,,,-0.030138637733573503,1.85217983651226,-0.11754285939679632,,0.11047659269732546,-0.5531652718591158,-0.6629316199132842,0.5591258449856489,8.85948158253749,0.14913657770800604,-0.16382159288828924,-0.82186814108877,-0.22682973437798715,-0.20667917403133274,-0.221815350295683,1.546387106466081,1.3196930946291574,1.2737106077986406,7.401680350432061
1996-05,0.5213389121338916,,,0.2509491954438583,,0.15600243753808662,-0.8634860223823116,0.043787829658451516,4.503162333099089,,0.08959936846260108,0.2713874797810176,0.25067759136851886,-0.01956175253121817,0.16688009585383168,,0.22293963574343878,1.4450306880585777,1.0668906810035854,-0.8427816969608277,0.2084001750036455,0.40983349657198853,0.18599757699419794,0.5807654111314202,0.03288828470165561,-0.23349477440734168,0.44034582132564903,-0.978208078290844,-0.002409477277287908,2.594096601073349,0.03504379070289532,0.12820720230698335,0.8537315232816487,,0.5973641981113478,,,,-0.02471368294152998,1.5538147138964566,-0.06824693323580056,,0.2028938936273743,-0.5555270318837602,-0.6589353810792455,0.5048615612556737,8.530695770804886,0.1271585557299839,-0.10678923626476866,-0.8501229911808478,-0.2272119243263916,-0.18868425338875172,-0.2284235115853267,1.737150460330064,1.2555219716345052,1.1203250207381452,7.735859444191785
1996-06,0.5015341701534175,,,0.2529379858976639,,0.16615884623197252,-0.8640297222599791,0.04720600951145615,3.9644413211524974,,0.09374383264258923,0.27246780959410266,0.2624289153315984,-0.02094345896733274,0.18953848072567392,,0.20180300907595994,1.4217723699795424,1.1928539426523308,-0.8605105602734006,0.19563949248942647,0.3828011753183156,0.18676273672129118,0.5117949308424123,0.01124435597417106,-0.21306580241069184,0.3695389048991362,-0.9771075680542797,-0.0076300113780845,2.6153398926654776,0.040332360206600804,0.13241660991225168,0.8788557576344214,,0.6270739231858957,,,,-0.01778179626280807,1.669618528610353,-0.05630259935383841,,0.24058245117931643,-0.5699543050777839,-0.6856030925142348,0.22316881192703186,8.088676671214165,0.12506541077969624,0.05627099325610607,-0.8400540542927676,-0.2507166061532594,-0.19215896820273992,-0.2549824273417929,1.7923042255939219,1.4875610323180672,0.9240888222104844,7.137874907245617
1996-07,0.4806136680613673,,,0.25528837461579834,,0.17326833231769267,-0.8690589461284037,0.03908614353653195,4.04089950808152,,0.10913755673968817,0.271792231446526,0.2585118135763067,0.011873502195823171,0.1933779790074761,,0.22994456965340992,1.3581350274577377,0.9211245519713271,-0.8458376554342257,0.19789995624908796,0.29230166503428046,0.20691194286807435,0.3688308697592071,-0.05518279361071998,-0.2837842758821605,0.24487031700288253,-0.9759797724399495,0.036610668629946996,2.4315742397137776,0.04000673703121338,0.13112801531590068,0.8723016081050521,,0.6210390926216358,,,,-0.028028933092223318,1.7179836512261568,-0.1595093894440932,,0.2731020299488609,-0.5628690250038506,-0.6785509063365197,0.26104268913788475,7.75170532060025,0.12140240711669259,-0.21854099860429543,-0.8556388254673444,-0.2241544047391567,-0.14049671530865226,-0.26531557126922933,1.7792990965083586,1.5096489188560818,0.7546091601897087,8.435047992914766
1996-08,0.5126917712691776,,,0.2611643464111335,,0.18606540727198895,-0.871233745639074,0.04293666234327631,4.20955727336613,,0.11032168936254183,0.2712431381944207,0.2498605235280864,0.004001788765177983,0.1947409563557725,,0.1990619479807536,1.3967912135242826,1.3216621863799296,-0.8152909832008366,0.2541563365903452,0.3568266405484821,0.23892112478479932,0.3381885173937442,-0.017682186726222127,-0.3000983212555991,0.3076945244956779,-0.9758069650474311,0.030319255739243545,2.479382826475853,0.040332360206600804,0.1287976438713041,0.8546014009483456,,0.5929726105935638,,,,-0.08179626280892016,1.850817438692097,-0.11560114315630332,,0.3040791781048302,-0.5648713867638753,-0.6771143498929111,0.3103065098620259,7.946793997271463,0.2579801151229719,-0.3474537022453711,-0.8583547887068923,-0.24001528759793755,-0.1699051089166248,-0.19727676410547734,1.928278644547932,1.8007440130202301,0.7895906852210326,8.223903104579078
1996-09,0.5165969316596937,,,0.26351473512926793,,0.21612837700589105,-0.8688324045127089,0.04661154345006402,4.139423752635279,,0.13854351687388977,0.274897807644747,0.2652123120867844,-0.02777172604373379,0.22037472968729444,,0.16757020162027358,1.4241412727468519,1.0212589605734776,-0.8348017715950811,0.2809173107773075,0.41132223310479965,0.27354460243575907,0.2671742540911637,0.08584745351264766,-0.2533775172062199,0.35097982708933806,-0.9776805609873669,-0.01505923298306433,2.66037567084079,0.03779474511565084,0.13456515994892615,0.885355822876073,,0.6288694475706276,,,,-0.13080168776371248,1.9284741144414155,-0.23652362869652344,,0.3577704532726156,-0.576885557324023,-0.7000731337825836,0.23946661727937912,7.328785811732583,0.2354788069073781,-0.3008574638895142,-0.8747256435508017,-0.2669596789604446,-0.21142674444558374,-0.2341688237893801,1.9922956413503012,2.15391769355964,0.7214810637274667,9.134595590875366
1996-10,0.5202231520223157,,,0.313144096908331,,0.2732073938655297,-0.871143128992796,0.0643779723303064,3.892902319044274,,0.149398065916716,0.2784155757964455,0.28487010425617454,-0.025558702457259552,0.2284546019415743,,0.13492111835292864,1.2905136211909136,1.3010304659498222,-0.7883598111331578,0.28605804287589276,0.411909892262488,0.22444685328062297,0.15354279710416052,0.10860804971597826,-0.2881541094643314,0.33132564841498646,-0.9788902127349953,-0.03031925573923866,2.757021466905191,0.03438131596676253,0.14265690038294143,0.9265447766826367,,0.6857447073134482,,,,-0.15256178420735322,2.0483651226158024,-0.3156373598396437,,0.3443476344806695,-0.5784771782101965,-0.7043044454892127,0.2559496249652762,6.7776261937244,0.08581894296179993,-0.2010701654703202,-0.8794863075706923,-0.27192814828970124,-0.19570004041768962,-0.328029968221899,1.9275489838401612,2.0597535456870517,0.46582564265422977,8.62168178662901
1996-11,0.5651324965132503,,,0.35771108298679755,,0.3075360552508639,-0.8694214127135155,0.0538667315175092,4.049613492621225,,0.1843299782909018,0.27963429496575243,0.2998621959930363,-0.03986882388689572,0.25698581568181145,,0.13230188219528705,1.2296758910304741,1.3802867383512556,-0.7840642526029448,0.30727723494239423,0.48336924583741436,0.26149333673404374,0.21429496682450755,0.22189639267854533,-0.2696187320199558,0.38348703170028897,-0.9781535075353118,-0.05863061374740408,3.0143112701252264,0.032607231080169274,0.1468767575096006,0.9611503238726489,,0.7342633011075286,,,,-0.16323086196503866,2.164168937329699,-0.30277326563323737,,0.3660334744167688,-0.5851003748010473,-0.709920075223319,0.5042133530882509,6.912687585266009,0.17896389324960738,0.023773896789332394,-0.8837302761450103,-0.27976304223199056,-0.15009440848409528,-0.2840878001557332,1.9368843487778182,2.138804929086261,0.5662749005983752,9.558680613734836
1996-12,0.5285913528591357,,,0.38564454890616107,,0.27666057282145085,-0.873317928503466,0.03600572849113637,3.988615600843291,,0.1742648509966449,0.2781447493143776,0.28034362320899797,-0.04181238605221893,0.2428549475855033,,0.10665773283791369,0.7691396575858742,1.5824372759856642,-0.7661718309495421,0.31963686743473785,0.4693829578844271,0.28476694509979006,0.20234891118179554,0.19397970578239532,-0.3309420632897565,0.3944092219020181,-0.9774531828393164,-0.08607188273877009,2.904561717352417,0.03249494722658741,0.14049995425889783,0.9188391541547987,,0.6856215475060141,,,,-0.1097649186256775,2.4223433242506793,-0.3355762576332947,,0.4052644625822863,-0.5915182009549724,-0.7096066447265317,0.4388369293453116,6.748976807639815,0.15960230245944507,-0.08981848681861548,-0.8884997725656799,-0.29294859545194085,-0.1110641917366938,-0.30647978618178706,1.9968452904693437,2.4912810974192072,0.5818342098563012,9.676592383368845
1997-01,0.46861924686192524,,,0.29289459410594443,,0.2697542149096084,-0.8788455439264192,0.051840142671853995,3.9752635277582593,,0.18492204460232875,0.27773850959127544,0.27902988282592833,-0.10167295409982757,0.2545115218354759,,0.05177559846500723,0.9280714977926148,2.0794802867383533,-0.7694774311010488,0.36411696077001543,0.5220763956904997,0.3244914875980365,0.2031549101167256,0.33537893868039026,-0.36753941954043934,0.4232564841498567,-0.9785809784536467,-0.14242687905762452,3.130053667262972,0.036481024028743425,0.14075847288104448,0.9127947060606567,,0.6678486165756117,,,,-0.09035563592525553,2.295640326975475,-0.3047024315379193,,0.43882150956215193,-0.6189351542845407,-0.7017447630987826,0.48911936290397473,6.956343792632993,0.2611198325484039,-0.10829408462464929,-0.8844633654096689,-0.33460729982801574,-0.010285397149044528,-0.25555064503230374,2.0225551001137414,2.3294582655196487,0.49262872020347004,9.176005936280735
1997-02,0.49902370990237155,,,0.3182968721750097,,0.28681698151533674,-0.8843278510262335,0.034168287937742514,3.9030217849613518,,0.2020919676337083,0.2765183023643747,0.2728129314204679,-0.13057412482370412,0.26965794168149504,,0.05963330693793156,0.7042101862819008,3.0130152329749134,-0.7851101651508824,0.3711535656992848,0.4991576885406468,0.325575463878085,0.2951683242418568,0.2229547992426082,-0.36167655948435984,0.3830835734870326,-0.9773531364541742,-0.1756241215447406,3.1453041144901634,0.037143498764876215,0.13790775544132483,0.9038681869376461,,0.6597710319639138,,,,0.0971066907775775,1.9427792915531317,-0.24297629420855926,,0.4346899989900752,-0.5978846844996661,-0.6781591182155355,0.6439485137512757,7.105047748976785,0.38670852956567225,-0.3135765655028758,-0.8663436952115139,-0.2518631759984725,-0.021499797911551433,-0.2026432645158569,2.1492156147391466,1.8249244361776351,0.5538146772196237,9.138569069105017
1997-03,0.5146443514644357,,,0.3280600253118746,,0.2598009343896004,-0.8693307960672375,0.019698443579766023,3.6255797610681686,,0.1744622064337873,0.2737400988367853,0.25513758515618545,-0.12451984268039651,0.23701997919900553,,0.02558323688859243,0.6449876170991722,3.337500000000003,-0.7848303943047262,0.3734140294589463,0.42856023506366325,0.34916788879678706,0.3831949222067095,0.14381706073700062,-0.38534649138778654,0.3131123919308365,-0.977726036616977,-0.1621712067465343,2.937656529516997,0.03559398158544669,0.13056975611039023,0.8651941525099556,,0.6113962257282661,,,,0.04508740204942807,1.9836512261580364,-0.20515854659939825,,0.4424388765963698,-0.6127226985675411,-0.6952671994985111,0.6750625057875754,6.864938608458369,0.5410779696493979,-0.2959098364605455,-0.8618170898122673,-0.3011656793426345,-0.06330496051734624,-0.13982364206494446,2.1366396978346245,1.8321320623110928,0.6459467771240779,9.023792996146211
1997-04,0.5051603905160396,,,0.3150424877960547,,0.27300426569165204,-0.8775769108785283,0.00845763078253281,3.6663387210119494,,0.18847444247089018,0.2746210289323039,0.2669838161297462,-0.15370194126887726,0.2554669422315856,,-0.006152159347017072,0.5965327877678488,4.248185483870972,-0.7720470187188215,0.4176753682368375,0.4582957884427037,0.3635146336797812,0.49427884684580903,0.25100742826625244,-0.3281380867411968,0.3131123919308365,-0.9770439021728256,-0.1774981594270778,3.1703488372093043,0.03670559173590693,0.13549053193021687,0.8911610240324326,,0.6423936684938407,,,,0.10524412296564267,1.958446866485012,-0.24998117449628465,,0.563758389261745,-0.6267392308877137,-0.7210468578592696,0.6685804241133464,7.214188267394249,0.5792778649921504,-0.21879265801546344,-0.8668162286531913,-0.3044142939040715,-0.08859919526570081,-0.11000273586295373,2.1209734532266027,1.7886538014415274,0.763909155535605,9.22885798405822
1997-05,0.4658298465829851,,,0.3295064183691878,,0.28905139142799174,-0.8715509039010466,0.021103545179420147,3.590302178496138,,0.1827511347937636,0.2765867530136885,0.27056158231899685,-0.14319867906571482,0.2785328840556145,,0.08125723335566915,0.6102078173791332,5.894466845878142,-0.7805821816100165,0.471488989353944,0.584681684622919,0.38328125996301776,0.3011413520632129,0.3696557751128806,-0.3039583409198502,0.44902017291066376,-0.9766073361285688,-0.14563951542734543,3.418694096601075,0.0364810240287432,0.13782337436684688,0.9005800209269168,,0.6537073832181113,,,,0.24538878842676404,2.02792915531335,-0.3075280500005392,,0.61744966442953,-0.622683164758433,-0.7221177453899597,0.7847022872488221,6.669849931787156,0.5996860282574568,-0.19876743077706105,-0.8666174996356635,-0.24689470666921576,-0.06772074392678962,-0.11652671675400317,2.121059295662811,1.8839804696582214,0.46687235982249065,8.791871125260315
1997-06,0.45299860529986113,,,0.34849032724642504,,0.3055047735120866,-0.8545149744007974,0.01576686121919546,3.659030217849617,,0.204657588316558,0.2781492134871586,0.2769681046817605,-0.164291201797939,0.2905725172988993,,0.09234330267405877,0.5456013782707021,3.763687275985668,-0.7820240775094367,0.4567959749161432,0.6227619980411365,0.40298412293566344,0.24290792901452174,0.35736272272661096,-0.28928298313972567,0.5034582132564853,-0.9764981946175045,-0.17689579010775514,3.5780858676207536,0.03314619357736226,0.14076505206250678,0.9155626909789425,,0.675392306455576,,,,0.2590717299578067,1.823569482288827,-0.3463587890001698,,0.6701126525215986,-0.6359295579401345,-0.7264535339288511,0.7095101398277648,6.046384720327403,0.2982731554160125,-0.24091084701440546,-0.8692539712682003,-0.19606344353143634,-0.13015702574063903,-0.3038912389250158,2.0982252076313928,1.687282027435482,0.32326404193439506,9.368863250113703
1997-07,0.4384937238493729,,,0.3295064183691878,,0.3538492788949834,-0.8715055955779076,0.015631755296151795,3.5706254392129333,,0.22281428853364904,0.2806610547054611,0.30221727718555425,-0.20995057962871722,0.3075629653220253,,0.04964366205762438,0.5345106062237548,4.098028673835131,-0.7982292657521746,0.5551626075543232,0.7712438785504414,0.4443665115092781,0.35495617380791256,0.5652182356653883,-0.29685736134882224,0.5661959654178685,-0.9754704453883164,-0.20908908372933344,3.9262522361359604,0.031259824837187145,0.14889792328209772,0.9710540627664026,,0.7611888864958001,,,,0.4440626883664869,2.0960490463215247,-0.27083445389903227,,0.6876578007510168,-0.6470195615341171,-0.7357519720002088,0.6599685156032993,6.219645293315124,0.40293040293040283,-0.225625432379985,-0.848692142254647,-0.1714121918593553,-0.1306094625653771,-0.25957025906517617,2.2291993046762673,1.7107649383864239,0.4417511477842393,9.52897527347584
1997-08,0.41199442119944263,,,0.3150424877960547,,0.3378021531586437,-0.8580490236056363,0.006552637267617456,3.4323260716795536,,0.21274916123939214,0.2802533269247651,0.28676014857621546,-0.19792228044627458,0.29728718511771235,,0.024913199731986246,0.3775169591902672,4.753517025089611,-0.7905936737355432,0.525740119585824,0.7589422135161614,0.4664286169737941,0.44855280012665655,0.5178132737777346,-0.37176359200320475,0.598414985590779,-0.9756432527808347,-0.20025433371260104,3.6441860465116314,0.03103525713002342,0.1446589945896528,0.9360839755759851,,0.7065004717081294,,,,0.38444846292947665,2.182561307901906,-0.27318136669571313,,0.6236469302876448,-0.6483031267649022,-0.7283341169095752,0.5136586720992711,6.1527967257844285,0.5463108320251178,-0.046005230361159,-0.8493634047138523,-0.20600038218994965,-0.1697844590966947,-0.28678157291074724,2.0726012404232037,1.6126482213438758,0.5079808761944431,8.870478971682985
1997-09,0.3974895397489546,,,0.31350569517265936,,0.36116189315458125,-0.8611752979022246,0.009903264159100145,3.362192550948703,,0.2324847049536214,0.28134258508341303,0.2984717035851394,-0.17787320406829477,0.35586403187407134,,0.025217762075897987,0.4199418542048037,4.197043010752693,-0.819711362570104,0.6639929998541629,0.8500293829578853,0.497481349231653,0.3603103095899476,0.5367966208671167,-0.39193765704089456,0.7007492795389056,-0.9766437166322568,-0.17977377685563023,3.8565295169946365,0.03158544801257457,0.14873343978137932,0.9616906047492813,,0.7448116655998884,,,,0.42411091018686053,2.240463215258854,-0.30422372587198077,,0.6277784408597213,-0.6380859475278533,-0.6966253983179229,0.4785628298916591,6.3574351978171695,0.4939822082679226,0.033434689530099426,-0.8575554564363912,-0.13969042614179383,-0.08940151656823647,-0.2913483595344818,2.0838036783483918,1.8002790048825874,0.3558436841524133,8.409364004117101
1997-10,0.3481171548117161,,,0.3627734586873943,,0.38716229941092895,-0.8674731548185401,-0.012321660181582872,3.409135628952919,0.03962101636520243,0.23090586145648295,0.282634219074815,0.3105610543099393,-0.16216417653736392,0.3487640779747758,,0.02119753913626221,0.32927748465597184,3.7540770609319036,-0.8198921375783895,0.5152763599241645,0.7738687561214503,0.3890199579162159,0.3576908130514249,0.4290721949798515,-0.43399730526929126,0.6233429394812688,-0.9749702134626054,-0.15280101733484852,3.7013416815742426,0.03248371884122947,0.15332802747476704,0.9906372362188458,,0.793055424946838,,,,0.5111512959614235,2.2193460490463197,-0.2448373297188381,,0.6190012761777102,-0.6647327617189505,-0.72533040798203,0.3832762292804912,6.773533424283745,0.6917844060701204,0.15194388165401107,-0.8575554564363912,-0.19415249378941457,-0.06966923851866147,-0.21343940063556144,2.1033328325857887,1.7819111834457124,0.3797648673534695,8.231323455489866
1997-11,0.3085076708507677,,,0.37497740010847536,,0.37070891732683386,-0.8730913868877712,-0.023711089494164006,3.245115952213637,0.05167958656330773,0.2445233866193013,0.28032177757407917,0.306783078453976,-0.18306176973088317,0.35584621517670834,-0.014058407623731894,-0.041968690991044943,0.5025304188650812,4.369578853046599,-0.8090241162469386,0.5199795829079765,0.7771988246816854,0.44608812089523786,0.3232775370975396,0.45955236199446525,-0.42780670769454887,0.6069740634005774,-0.975270352618032,-0.17174218593132806,3.858542039355995,0.028250617561193403,0.14985997562053144,0.9883981268720197,,0.8048790698097696,,,,0.5314647377938528,2.0551771117166195,-0.26481925723527,,0.6504925678715376,-0.6803922575345278,-0.6966776367340541,0.299286971015837,6.892223738062735,0.7781266352694922,-0.17023328895523426,-0.8655929411452974,-0.23581119816548946,-0.0812697187049447,-0.1885851379506276,2.094126231302444,1.5026737967914454,0.3174254225424762,8.253225458984613
1997-12,0.25020920502092125,,0.06355108464220693,0.34794792984993284,,0.3765996343692877,-0.8692401794209595,-0.030493406830956027,3.025439212930432,0.08785529715762297,0.2555752910992697,0.28140954767513304,0.31320554953225166,-0.19959064796871995,0.37104385802764717,-0.003412234860128982,-0.06761284034841852,0.5143749327016269,4.625851254480292,-0.8337601632140074,0.6032886101793777,0.8323604309500499,0.4914875980360911,0.24142546668777554,0.3696751954168085,-0.4756563854193222,0.6198847262247851,-0.9753067331217201,-0.19496686968743537,3.925805008944546,0.03103525713002342,0.15298200269998263,1.0023459225091833,,0.8266759289313308,,,,0.49933694996986255,1.844005449591279,-0.3060632465208689,,0.5632442457238866,-0.6896852698054114,-0.6571853941388496,0.17927585887582387,6.608458390177334,0.5855572998430141,-0.259357924555642,-0.8720052641108643,-0.26103573476017694,-0.08181867538562693,-0.23825157312119816,1.9960512479344161,1.271564752383168,0.19958441586885534,7.828637767192479
1998-01,0.318270571827058,,0.1081710741506463,0.33330320014463544,,0.3983343489742037,-0.8751755697521635,-0.04889483354950319,2.980463808854535,0.18518518518518534,0.28359976317347546,0.283994303715531,0.3294505970400723,-0.2146403550010897,0.39756846622733666,-0.1361684598831847,-0.04604982639946298,0.8662646710455488,5.050089605734773,-0.8288921504908902,0.6880560011666899,0.7932615083251724,0.4373525473442592,0.27382374530433595,0.47519541680827326,-0.42037799060485803,0.5821037463976957,-0.9773076608245641,-0.20520714811592078,3.969588550983902,0.0320345834269018,0.15948622589228778,1.0302415137835101,,0.8541590702951285,,,,0.7396021699819184,1.8153950953678457,-0.28511494314698005,,0.6210670314637485,-0.675412024439082,-0.6493235125111005,0.19733308639689073,6.54024556616642,0.5416012558869701,-0.2631099143762061,-0.8734979398425182,-0.22224345499713483,-0.12039042281729384,-0.24220805185512495,1.908556344829066,1.1873982794698916,0.2419331141341523,7.802092060224531
1998-02,0.30404463040446394,,0.16993242200759084,0.34559754113179864,,0.3904123501929728,-0.8735897784422998,-0.027453523562473547,2.913281799016166,0.18518518518518534,0.29642786658772446,0.2819556648120509,0.318119193594802,-0.20962378599029985,0.3863595364986181,0.06480909929296041,-0.042090515928609795,0.7998277161623788,4.750672043010758,-0.8347673382601696,0.788282047542656,0.9326542605288943,0.4420072690174084,0.25127016796442025,0.6369179977666652,-0.41418739303011565,0.6984438040345835,-0.9794904910458485,-0.20125828257813894,4.285017889087659,0.03058612171569597,0.1544563683273512,1.0112690696289257,,0.8309097748238299,,,,0.6995780590717313,1.567438692098091,-0.31294083054536714,,0.5353611399296727,-0.6801868870976023,-0.6288982918037924,0.14945828317436982,7.07094133697133,0.4086865515436944,-0.2553669604566108,-0.8802370616369088,-0.23122491878463725,-0.1437542604467662,-0.2596333943641217,1.7749425928707856,0.935363868867706,0.20914540607972287,6.488450582856601
1998-03,0.2700139470013956,,0.2627055882988243,0.3696438257096324,,0.4026000406256358,-0.8706447374382673,-0.024818958063122065,2.9498243148278314,0.19896640826873413,0.2999802644562859,0.28114020925065897,0.31585307370170734,-0.22506908532180625,0.4037976290429983,0.06142760528742719,-0.09703356277029829,0.81899429309788,4.186783154121869,-0.8286468129796455,0.8237202858392874,1.0170812928501478,0.46056239239941443,0.26288518833028607,0.6669320774870131,-0.44852700193001005,0.7657348703170042,-0.9787810712239311,-0.23619570309885374,4.527415026833635,0.030810689422859694,0.15384939886551452,1.0068045373014805,,0.8275853700709532,,,,0.915913200723329,1.5170299727520424,-0.34154125295381244,,0.5141986246660366,-0.6785439236021975,-0.6296296296296295,0.19122140938976018,7.1145975443383165,0.30193615907901616,-0.20318585830757907,-0.8903015823245995,-0.1834511752340926,-0.186319516918121,-0.27455437001494143,1.7473657102388565,0.9069983724715192,0.1448001336001712,7.226895181559236
1998-04,0.24490934449093538,,0.2979140309192456,0.372265413126013,,0.40219378427788044,-0.8691042544515427,-0.03378999135322147,2.726212227687986,0.11369509043927684,0.29366489046773236,0.2810717586013449,0.3160419154680316,-0.2041026934675677,0.40946779297888525,-0.05273901014448179,-0.0994091490528104,0.8034887477118566,3.8577956989247353,-0.8393900134720422,0.8246682222546291,1.037335945151813,0.4864502964993953,0.19483584968119771,0.6953536922852848,-0.460070645642912,0.7657348703170042,-0.9820644116817797,-0.22742788300649042,4.5707066189624355,0.03137210869076901,0.15402281890052283,1.0056884042196192,,0.8271103250994227,,,,1.2980108499095864,1.4904632152588544,-0.377910333229346,,0.6406779349792049,-0.6736663757252144,-0.6459280154625711,0.24270765811649442,7.377899045020445,0.2422815279958137,-0.3071503964657353,-0.8995049439363361,-0.19071278425377536,-0.17494827138970492,-0.281583433297556,1.9029551258664719,0.8400372006510124,0.038852644671919956,7.220025372812797
1998-05,0.1938633193863326,,0.37388527170055874,0.3405351654312019,,0.40788137314645656,-0.8701010375605998,-0.05147535667963732,3.044132115249477,0.30921619293712355,0.30846654825340436,0.2819556648120509,0.3196279458217093,-0.20067996009677735,0.4226053801971865,-0.18753765754687968,-0.14046415301212078,0.8380531926348671,3.8965949820788577,-0.8593226102189528,0.8060011666909717,0.9323016650342815,0.4422623222597728,0.19318067329696653,0.6086711657037438,-0.45956083172499196,0.654985590778099,-0.9824464069705046,-0.2204671708720951,4.429338103756711,0.030810689422859916,0.15488968254745084,1.0179527768132859,,0.8499422119622753,,,,1.3075346594333954,1.3794277929155299,-0.41181954768589846,-0.024234263854748916,0.5394926505017492,-0.6899419828515685,-0.7109909627540092,0.15066209834244115,6.635743519781703,0.23652537938252238,-0.33603750849010017,-0.897734047580143,-0.2558761704567182,-0.11718717009814861,-0.3040806448218526,1.7091443655170933,0.7326203208556159,-0.019770817306329902,7.3841108744045805
1998-06,0.18410041841004277,,0.4390563767087361,0.372265413126013,,0.4064594759293123,-0.8796610937429206,-0.059338521400778776,3.3631763879128647,0.4384151593453922,0.3179396092362343,0.28202411546136474,0.3251020198945367,-0.21214640355001146,0.40732533512094227,-0.21287181063633565,-0.1464335749527922,0.7514805642295694,3.0248207885304694,-0.8484761097218216,0.7770526469301433,0.9455827619980421,0.4307849263533774,0.16913024079218086,0.799893188328398,-0.45886894140781487,0.6582997118155629,-0.9822554093261421,-0.24208553644334208,4.6279964221824725,0.024691219402648734,0.15610334794419845,1.0307740258290825,,0.881821491083048,,,,1.3991561181434617,1.1716621253405979,-0.3851464982770193,-0.019602010302014916,0.4821931894343505,-0.6867587410792216,-0.6880060596562712,0.0913973516066322,6.4420190995907065,0.30298273155416044,-0.25875695575204427,-0.9015628933178472,-0.27422128798012724,-0.19378170828080032,-0.2761327524885824,1.657038006738631,0.5140664961636838,-0.04092052706361393,7.06127773655361
1998-07,0.1603905160390524,,0.4419878421328729,0.34514554330138836,,0.3928498882795053,-0.88142811834534,-0.08731895806312207,3.0014054813773754,0.579672695951766,0.33037300177619855,0.2821595287023988,0.32264812397577947,-0.2003760993452668,0.4119866285686291,-0.28595634798647396,-0.1831028811597727,0.7555723053731034,3.7187724014336956,-0.8441332053561051,0.769505614700305,0.8546131243878561,0.46661990690556765,0.032412671454683295,0.8344613293198047,-0.4385127999708679,0.5055043227665714,-0.9818825091633394,-0.2293688508131968,4.529516994633278,0.025802829553109197,0.15584327669336795,1.025757013907299,,0.8665954807024356,,,,1.5520795660036186,0.9407356948228869,-0.47194103493655004,-0.0337158752276725,0.3846160908565084,-0.6993376803409149,-0.6923418481951626,0.137975738494307,6.050477489768061,0.2339089481946628,-0.45243543480293047,-0.9185034380120032,-0.24001528759793744,-0.21102860003981438,-0.30976282172696024,1.4288688112968644,0.4819809346663575,-0.15767740122119855,6.073629030327695
1998-08,0.0931659693165976,,0.1821057179004537,0.38627734586873586,,0.37639650619541043,-0.8794798604503646,-0.12290585819282374,3.055938158819399,0.6149870801033592,0.3814880599960524,0.2852844496493392,0.3524525338274038,-0.1921431929458447,0.4550829924034061,-0.36448693513679675,-0.16513370286897666,0.8344998384839037,3.6138888888888925,-0.8510629140070501,0.5852049001020843,0.501900097943194,0.3169036536376979,0.04198390880697711,0.49947079671796946,-0.5361057499726887,0.20691642651296904,-0.9843836687918944,-0.20627802690582775,3.6973613595706647,0.028913092297326415,0.16728238018088226,1.0887388611905275,,0.9365878666355232,,,,1.3427968655816778,0.8412806539509525,-0.538118955668629,-0.18734428248605262,0.3954590108245579,-0.7113518509010628,-0.738703442511623,0.04796740438929703,5.8212824010913895,0.11773940345368938,-0.4906096815316562,-0.9254015430204161,-0.27632333269635134,-0.2172058708202379,-0.37039375381442374,1.391377127282872,0.35387119274587375,-0.20528797498099394,5.211288508030737
1998-09,0.13863319386332007,,0.08152559632178247,0.4048996564816447,,0.4428194190534236,-0.88709165873771,-0.09808690012970211,3.139845397048493,0.7502153316106808,0.40102624827313926,0.28976647912180775,0.3869519426311434,-0.1514430519085902,0.49903010353728283,-0.29770181371042115,-0.1430833891697625,0.5727360826962433,3.1697356630824407,-0.8619137186710454,0.5306620971270226,0.6430166503428023,0.3347573806032018,0.10512528965586676,0.7870854978880428,-0.5383270820436257,0.29780979827089404,-0.9853295618877843,-0.1725453450237583,4.001028622540254,0.03191107118796199,0.17862951519485093,1.1656454620885843,,1.0047307320121468,,,,1.4127185051235704,1.1062670299727508,-0.5161253886121848,-0.151491809010871,0.41972474958455397,-0.6905580941623453,-0.7006216371519616,0.08324844893045813,5.976807639836273,0.10256410256410287,-0.3785578178983652,-0.9222792893450333,-0.28511370150965154,-0.23144858206299124,-0.35900835490455996,1.4150267184582694,0.6161357823761926,-0.15757428087245096,6.0925868300739685
1998-10,0.19442119944212055,,0.14748356836485965,0.38654854456698207,,0.42900670322973866,-0.8875447419690997,-0.1062202766969309,2.813492621222772,0.9483204134366929,0.38069863824748307,0.2902426575518178,0.3831815204458331,-0.1453715701001027,0.4783493720727725,-0.05310298186289564,0.005482122190413108,0.8419295789813732,3.36207437275986,-0.8592709602165856,0.6288464343007136,0.7760626836434878,0.3981381113307412,0.18284661552411463,0.8556488809049869,-0.5255089035359237,0.3537752161383292,-0.9852113252507981,-0.1580215514356451,4.38707513416816,0.03479676622501571,0.17888937370251723,1.1455828691126189,,0.9656557046348742,,,,1.3770946353224853,0.9693460490463202,-0.4929718119457692,-0.06970821395208071,0.5353611399296727,-0.6960004107408738,-0.7183304602204461,0.0634317992406721,6.096862210095482,0.2197802197802201,-0.4861372783358199,-0.9205437225919564,-0.3242881712210981,-0.2501975640801356,-0.3133194435675646,1.5421379058737683,0.42827249476865936,-0.07935430235433583,5.565909471718891
1998-11,0.19972105997210665,,0.2263399882741386,0.36711263785933435,,0.43774121470648053,-0.8952471569027229,-0.10042423259835753,2.6521433591004957,1.279069767441861,0.4045786461417007,0.28810283073196064,0.368265264570774,-0.16653862471477288,0.5133614094789289,-0.032255763910236546,-0.05683133337394086,0.8536664154194049,3.5187948028673866,-0.8485837138934201,0.7284891351903151,0.8465426052889335,0.4318051393228344,0.22506080974107223,1.0455697431664817,-0.48741852081133263,0.4129106628242081,-0.9842108613993761,-0.18773843785556354,4.666368515205728,0.03457219851785176,0.1731708110162664,1.122710339530646,,0.9799989686124506,,,,1.357926461723932,0.5361035422343312,-0.49231202286312703,-0.02149854133070317,0.45586169538831633,-0.6966165220516507,-0.7302930575144961,0.03657746087600855,6.335607094133681,0.2585034013605447,-0.5739452993240104,-0.9253441324153524,-0.28626027135486465,-0.2818440118478124,-0.2828040490771716,1.455115136167564,0.09114159497791285,-0.12821144599368106,4.100892835770881
1998-12,0.16178521617852226,,0.2223593668034689,0.37958777797866206,,0.4517570587040429,-0.8997779892166191,-0.10111327280588023,2.4497540407589633,1.2816537467700262,0.4158279060588115,0.28654632248886536,0.3630041516581872,-0.15456765774959647,0.5375052614934408,-0.06676544727943423,0.017238228665408695,0.5949176267901379,3.832773297491042,-0.840715696866136,0.7331194399883321,1.0457982370225287,0.49512210673978285,0.18866132212610953,1.4027576831577426,-0.5240522923418669,0.493573487031701,-0.9849293763472156,-0.17749815942707814,5.009570661896247,0.039411632607229796,0.1720453428570945,1.1193753952392802,,0.9523068195951505,,,,1.8657022302591946,0.5728882833787454,-0.528733097387021,-0.011321778793714654,0.420753036660271,-0.7026749499409559,-0.7228229640077313,-0.025094916195942618,5.51978171896315,0.16535845107273728,-0.5894626220220377,-0.9329664942876448,-0.26982610357347736,-0.2809632681623223,-0.35155838962897423,1.3671266390540162,0.12066961171820578,-0.1815401799769466,3.5535103047131216
1999-01,0.2033472803347287,,0.2545746289381927,0.369734225275715,,0.44972577696526583,-0.903266730098319,-0.08733246865542621,2.468025298664796,0.960378983634798,0.4381290704558909,0.28647787183955153,0.3641315370031426,-0.181955257937646,0.5527407648262765,-0.13198155548724244,-0.011025156849606144,0.5902874986540336,3.2643369175627264,-0.8230427877227944,0.7514219046230117,0.9739862879529888,0.4830708410380675,0.1878409303530557,1.771471573530127,-0.4912421251957323,0.4997118155619604,-0.9863664062428944,-0.20306539053610706,5.183273703041149,0.03842353469570958,0.17152589672591523,1.119931213778032,,0.9556491219555112,,,,1.895901145268236,0.5946866485013611,-0.5265260311893785,-0.00011690229786109896,0.49922419412591035,-0.70575550649484,-0.7109648435459438,-0.0642652097416414,5.124147339699849,0.0905285190999483,-0.6296318399895661,-0.9324939608459674,-0.310147143130137,-0.3429531456424302,-0.39289096533872025,1.4308861085477602,0.18298070216228868,-0.18376228660703753,4.900495487947916
1999-02,0.18019525801952652,,0.184821180609128,0.3333032001446359,-0.041004566528636044,0.4058500914076788,-0.9092021204295229,-0.08719736273238266,2.251721714687284,0.8966408268733854,0.4020130254588512,0.2843112599830062,0.32439919197412803,-0.20808154934584,0.4972372983650959,-0.09707715954503515,-0.03636474386306798,0.29686658770324215,3.1471550179211496,-0.82773432960449,0.8187618492051905,0.8632713026444676,0.5600969202320993,0.044315548583024666,1.5012574646793237,-0.5007829285168058,0.3815273775216146,-0.9873759652202385,-0.2234120875443395,4.961314847942759,0.04117448910846511,0.16001157069108007,1.0382572944943353,-0.01048524750060964,0.8548024741167233,-0.004904006677796335,,,2.0557564798071146,0.44891008174386804,-0.547996069951987,-0.00726673033666847,0.531752954030059,-0.7056528212763773,-0.6907485765031605,-0.09556440411149048,3.9645293315143135,0.04343275771847255,-0.6658644100638567,-0.9348919576574707,-0.24097076246894855,-0.4348340160102311,-0.4564050760780347,1.541086336030216,0.12694722157637828,-0.29156594181274464,4.897048615266776
1999-03,0.21255230125523084,,0.1681426852223289,0.342433556318926,-0.01869520776135447,0.43489742027219247,-0.9153187440532826,-0.0860894941634246,2.3560084328882676,0.8828596037898369,0.40536806789027,0.2866817357298994,0.32999367604449303,-0.2278496978592155,0.5022304278011751,0.005909621887488559,-0.04008040445879191,0.32012490578227726,3.421214157706096,-0.8258232795169003,0.8525958874143198,0.9046425073457411,0.6689408914110828,0.10103772362872188,1.7240277710346184,-0.4484905866501586,0.3880115273775224,-0.9880853850421559,-0.24476273341810972,5.180724508050093,0.0432629687850874,0.16330385837134065,1.0371471450653327,-0.003779565959522002,0.8485735000136514,-0.0008347245409014992,,,2.1264617239300803,0.9707084468664835,-0.5152110070030884,0.04068721850813817,0.48838127415786037,-0.7143810648457154,-0.7270020372982291,-0.10269469395314246,4.256480218281025,0.13710099424385191,-0.5946803831829537,-0.9299899752251157,-0.27957194725778856,-0.4496679113706423,-0.4258475913883447,1.4683992531708046,0.5412694722157649,-0.20105182755722317,4.662302223711614
1999-04,0.2633193863319394,,0.29501342302589006,0.34062556499728447,0.03733110995600897,0.4239284988827956,-0.929681482488333,-0.05451523994812002,2.457062543921296,0.9543496985357458,0.42214328004736523,0.2866817357298994,0.32645049968372786,-0.24143170012957138,0.4866118654750273,0.23910974485090675,-0.047572638119022126,0.3231398729406707,3.120698924731185,-0.8225219835322575,0.9256234504885505,1.0484231145935379,0.7304724861314809,0.03698959397803625,1.76248968296354,-0.41921270164961244,0.508357348703171,-0.9902409298856742,-0.26618030921624913,5.387209302325586,0.04084886593307746,0.1620042698425197,1.0371471450653327,0.0012192148256524593,0.8428238177720215,0.0013564273789647974,,,1.6883062085593754,0.9911444141689358,-0.5409929825693774,0.14385662768183738,0.5296871987440206,-0.7084253221748729,-0.7031552003343259,0.026946939531439673,4.335607094133684,0.0884353741496604,-0.5533877221877617,-0.9248583503725065,-0.2963883049875802,-0.4259541892633726,-0.43348696256076724,1.4383329398888338,0.7170425482445955,-0.2659364285864192,5.389688105895591
1999-05,0.24435146443514721,,0.2167587249668288,0.3342975953715386,0.02172676878852653,0.40544383505992343,-0.9396946219020434,-0.06458063121487301,2.234715390021085,1.114556416881999,0.4002368265245708,0.2846133356745435,0.3057215633607788,-0.25573035511575426,0.4589581240799352,0.1308379956962804,-0.06676006578546545,0.45849036287283407,3.818033154121866,-0.8148863915156261,0.8314860726265116,1.0517923604309525,0.6787604412421102,0.020293901754486754,1.6724280234985693,-0.44535887258293605,0.5355331412103757,-0.9887311389826192,-0.27213707248510666,5.199373881932026,0.039961823489780945,0.15550185166364638,0.9904415608527084,-0.0035357229943914215,0.8082847721695243,0.00020868113522531928,,,1.9670283303194718,0.770435967302451,-0.5394188118776388,0.11602761816786922,0.5596268786896681,-0.7259331519227807,-0.7324087133678108,-0.11352903046578255,3.8881309686220895,0.07535321821036156,-0.5384239480321615,-0.921842085506472,-0.2747945729027341,-0.46354264066260886,-0.4622977039796279,1.4792154001330555,0.5605673099279249,-0.3090763245717525,4.699547597960603
1999-06,0.2705718270571835,,0.2856173049032624,0.3163984812872864,0.07407962993326356,0.39691245175705925,-0.9295002491957772,-0.059068309554691445,2.0319044272663414,1.1963824289405696,0.36116044997039665,0.28427405854316157,0.3060141933097631,-0.2607583905699975,0.4250306781257731,0.25321856747617577,-0.06761284034841852,0.346290513621192,2.952150537634411,-0.7860484735272216,0.8488770599387476,1.1460528893241944,0.7699419753873633,0.0767570057139566,1.9535757634606998,-0.3829430829175925,0.5940634005763699,-0.9868666381686054,-0.28338129977912985,5.537790697674422,0.04161239613743417,0.15480764825471138,0.9843068290239958,-0.019263594245305993,0.784232207806391,-0.006677796327211993,,,1.7897528631705866,1.0183923705722058,-0.5518597804766987,0.1571918398021006,0.5394926505017488,-0.7344046824459619,-0.7128715457347334,0.06583942957681432,3.4788540245566058,0.11093668236525422,-0.5364579227337503,-0.9254722022266482,-0.3044142939040717,-0.44841315324336883,-0.4754088010606725,1.4723050840182839,0.7777261102069295,-0.3094148878406493,3.62764200397348
1999-07,0.24323570432357133,,0.22144906964544764,0.35264870728620146,0.027113109669946844,0.3757871216737767,-0.932082823614698,-0.08400886294855225,1.9606465214335937,1.690783807062878,0.33609630945332536,0.28312081390798105,0.2984207537026409,-0.2365928609923067,0.39533024362106617,0.2264961573931754,-0.018578302978618955,0.27220846344352423,2.5506944444444466,-0.7916783237852565,0.8178503718827463,1.090773751224292,0.7844800102021308,0.031074137509175426,1.8893528183716093,-0.38745857761916924,0.5378097982708943,-0.9873759652202385,-0.2574124891238857,5.301654740608232,0.039198293285424235,0.15246471042816911,0.9686911480054554,-0.029870763228480923,0.7698003658392316,-0.01053839732888151,,,1.946955997588911,1.1982288828337864,-0.5787999727478432,0.12026219515377301,0.587509984483882,-0.7415413051291266,-0.7032074387504572,0.06028335957033226,3.091405184174615,0.07901622187336521,-0.5155093199968606,-0.9301622070403066,-0.32123065163386344,-0.45706977782335667,-0.5034619188921855,1.5404210571496013,0.8807254126947233,-0.3107216873044234,4.133303013619936
1999-08,0.22092050209205127,,0.26176443361002333,0.3394503706382175,0.08337664965410885,0.37091204550071133,-0.9381088305921798,-0.07752377864245619,1.828531271960649,1.5650301464254968,0.3291888691533449,0.2806357577263665,0.2995338169888828,-0.24725092018208783,0.41751425892560934,0.25414079311404847,0.02162392641773847,0.5370948637880921,2.434206989247314,-0.8087701704019661,0.8159544990520626,1.0112047012732637,0.8230568131097376,0.02960606802055299,2.037209302325583,-0.3909180292050547,0.4781268011527384,-0.9856024156654449,-0.27126698346830724,5.244901610017892,0.03963620031439352,0.15081087942431948,0.9630636381978019,-0.03133382101926363,0.7610993984583796,-0.01106010016694492,,,1.9753465943339386,1.3882833787465931,-0.5716785536275859,0.1362089211066051,0.6096640622848168,-0.7430302407968373,-0.7174424071462153,0.08445226409852946,3.6098226466575616,0.1758241758241763,-0.4679848534407447,-0.9304360114644562,-0.3074718134913067,-0.49519512092128204,-0.4464507439442722,1.626242032748889,1.016972797023949,-0.30614332633392405,4.423438734231755
1999-09,0.24435146443514744,,0.2222359366803477,0.3710902187669465,0.07672396049551522,0.37517773715214364,-0.9330342984006161,-0.06143266320795582,1.9300070274068895,1.4289405684754533,0.3187290309848032,0.28118038680569013,0.30592990631148687,-0.2430198025478444,0.37389007543144315,0.1699354442053489,0.04678077602485309,0.46258210401636823,2.1513664874551988,-0.8277687629394015,0.754411550240629,0.9500097943192969,0.8460753682331197,0.0031376387109773862,2.056678157013159,-0.3921197334401517,0.4663976945244963,-0.9859662207023256,-0.2671842580817869,5.073166368515209,0.03609925892656518,0.1537643491696623,0.9768070309309564,-0.03291880029261174,0.7606164664055848,-0.0116861435726211,,,2.2141651597347827,1.6219346049046313,-0.5931683143464692,0.0842615062652321,0.6501804092949803,-0.7009293012270884,-0.6960507757404796,0.13167885915362731,3.4024556616643844,0.2255363683935121,-0.5150652552172081,-0.9323747234354506,-0.22644754442958315,-0.49435057218177103,-0.4370014942020747,1.6787776037083928,1.237619158335272,-0.3221215049730458,4.667376786269958
1999-10,0.21283124128312503,,0.31278736075539326,0.3697342252757154,0.14561260906119267,0.35100548446069535,-0.9430927461374654,-0.06432392996109026,1.9138439915671146,1.1955211024978474,0.31932109729623015,0.2804304057784246,0.29972192956422816,-0.25430851612755334,0.39325014420389515,0.2206627728250845,0.06432356703417286,0.5198664800258437,2.8297939068100377,-0.8167845291026241,0.8140950853142763,1.0302056807051931,0.8322387298348541,-0.008966738151096054,2.326804874496288,-0.3744219074323589,0.4742651296829976,-0.9860662670874678,-0.2811726122749466,5.4381037567084105,0.036660678194474494,0.15107148055098185,0.9695146110389272,-0.03718605218239468,0.75530451717412,-0.014607679465776457,,,2.4247136829415337,1.3705722070844675,-0.6102618717212256,0.12322650342095742,0.6186340307935254,-0.7001078194793859,-0.7196103014156612,0.10287989628669503,3.2919508867667036,0.19256933542647903,-0.5139340648937338,-0.9338673991671046,-0.2060003821899501,-0.533018839469382,-0.45941452532777705,1.6536472305084016,0.983957219251338,-0.37128800965863373,4.6552169854226015
1999-11,0.21255230125523106,,0.3969358471935085,0.33158560838907647,0.2584780796159789,0.33881779402803214,-0.9445879208010511,-0.06639105058365824,1.7259311314125112,0.9879414298018956,0.32307085060193397,0.28036344318670436,0.2915364429738725,-0.2874637373725798,0.40310945910733986,0.407578235474946,0.08351099470061629,0.6352966512329075,3.9908826164874576,-0.8040872368539983,0.9104200087501813,1.123839373163567,0.8890518395715117,-0.04657522416845383,2.7260474826431054,-0.3582535231783259,0.5445821325648421,-0.9882945729383623,-0.3138344153671092,5.509660107334528,0.03776105995957679,0.1472821666977413,0.9573457454790115,-0.034869544013655385,0.7273654418433935,-0.014503338898163798,,,2.466124171187465,1.6641689373296988,-0.6299623131344652,0.1313313814824668,0.6717744378850337,-0.7090927760948812,-0.7180953873478557,0.09973145661635519,3.414733969986348,0.20722135007849363,-0.6406410878769807,-0.938835624605302,-0.17122109688515363,-0.5346415795474425,-0.46669612980617425,1.6819752344571532,1.2622645896303197,-0.42283632062945264,5.393254661655936
1999-12,0.2513249651324976,,0.6514641898355302,0.3477671307177692,0.3991125096371544,0.3306926670729238,-0.9484844365910018,-0.0504755728491143,1.7361911454673251,0.8983634797588294,0.3025458851391354,0.2779795749214671,0.2788962912991573,-0.2880943917625076,0.3727965756307676,0.5477331693821086,0.07406956203935056,0.47378055346182957,3.6683019713261666,-0.8056453452587449,0.9948957269943115,1.2422722820763976,0.9010393419626357,-0.07281336806804928,3.6406661164247245,-0.3450711918721098,0.7190201729106633,-0.9876033433682889,-0.3161100327956614,5.852146690518786,0.036211542780147266,0.14233930919456084,0.9247180765590863,-0.04108753962448186,0.6879227551394957,-0.017007512520868406,,,2.9387582881253804,1.704359673024522,-0.62257912986729,0.19355680460093994,0.6766863448985023,-0.7124300456949222,-0.7066290550070522,0.16020001852023524,3.0859481582537436,0.19518576661433862,-0.6373030250040144,-0.9400721607143645,-0.15096502961972258,-0.5806513883778028,-0.48302712713344653,1.6647423653883293,1.4047895838177182,-0.42514968420533783,5.202623453096202
2000-01,0.20725244072524518,,0.611735118955782,0.34496474416922474,0.31503465887089144,0.30733292707698623,-0.9509763943636446,-0.051569930825767996,2.1201686577652876,0.801033591731267,0.2885336491020327,0.27593647184520553,0.26380968519311,-0.31822247193588016,0.34950792508969664,0.4211005225945279,0.017177316196626435,0.3751480564229579,3.1195116487455223,-0.8042981410303314,0.7970322298381207,1.1666601371204717,0.8950455907670736,-0.07062565667323939,3.4655046851483258,-0.32395032955828296,0.6711527377521618,-0.9890221830121239,-0.3474332374004403,5.468023255813955,0.03643611048731099,0.13452060677331423,0.9030709065177882,-0.044989027066569154,0.7117044285961305,-0.019094323873122043,,,3.2500301386377375,1.9986376021798353,-0.5939733287434972,0.13144097738671134,0.6766863448985023,-0.7183344457565334,-0.7139424332654234,0.1420501898323936,3.229195088676663,0.3108320251177401,-0.5910801041440884,-0.9385618201811525,-0.0850372635199712,-0.5520211861083797,-0.44093692783635285,1.6763310942764553,1.654498953731692,-0.40722134463459225,5.47686526078943
2000-02,0.1762900976290107,,0.8068009997839984,0.31477128909780916,0.4425451158377254,0.3396303067235431,-0.9537855103982601,-0.05404236921746697,2.0445537596626875,0.7536606373815684,0.29701993289915096,0.2783292684560057,0.27301069175337944,-0.32242492346149054,0.37948674549070605,0.5431945896095909,-0.011938843881341477,0.47367287606331554,2.6277105734767052,-0.8135607081215324,0.7870059792912343,1.3221547502448598,0.9633998597207178,-0.0949927316167476,4.316580084478326,-0.30505079931539303,0.9543227665706058,-0.9901681688782982,-0.350578943845792,5.334168157423973,0.037098585223444,0.13721310672526865,0.9228904177287236,-0.04047793221165574,0.7650857113388934,-0.017842237061770017,,,5.279324894514773,2.5422343324250667,-0.6014999444199424,0.04570984223408603,0.6319925816432392,-0.710479026544129,-0.7270020372982291,0.058801740901937016,2.9618008185538804,0.32339089481946703,-0.5780311890805019,-0.9389239486130923,-0.051404548060387856,-0.5941581357189823,-0.44834480291264134,1.6438397321715987,2.042315740525461,-0.425802171367767,5.243052397252076
2000-03,0.15481171548117234,,0.7739685870336666,0.32697523051889044,0.45549814931746235,0.3603493804590703,-0.9524715690272303,-0.05419098573281511,2.024314827828534,0.66322136089578,0.32839944740477556,0.2771656074176687,0.2914482482598375,-0.3308240932909845,0.4019669633889147,0.5842139563479862,0.0585368824998489,0.4602132012490592,2.7469310035842325,-0.8194014625559003,0.8668149336444504,1.4877962781586698,1.0138366383982667,-0.07592222110277924,4.431859008593488,-0.29379847784130253,0.8132564841498566,-0.9883764290716605,-0.3540592999129897,5.905277280858678,0.03753649225241329,0.14036328065033765,0.9770652205929828,-0.030846135089002913,0.8210090610429763,-0.01471202003338934,,,4.266666666666671,2.464577656675748,-0.5801518232052134,0.12303653718693375,0.6477198652209437,-0.7257277814858552,-0.7303714151386931,0.06815445874618176,3.582537517053198,0.378335949764522,-0.5538805693904856,-0.9367246808191169,0.0005732849226045555,-0.5725497529694936,-0.411116021634362,1.6959460909500614,1.86259009532667,-0.41859652292785,5.993920099576322
2000-04,0.10934449093444987,,0.7403647360138252,0.2926233954076993,0.4961259510694187,0.3400365630712985,-0.9557337682932354,-0.07526750972762708,1.8137737174982456,0.6115417743324725,0.32366291691336024,0.2754558292424143,0.27936142165765676,-0.3649424957860825,0.40431208617936565,0.40347002766676887,-0.004507522689893517,0.4253257241305062,2.4395609318996443,-0.833415829864892,0.80570949394779,1.376532810969639,0.9958553848115805,-0.1107672822003769,3.6429771325921276,-0.3690324460143479,0.6923919308357354,-0.987139491946266,-0.37842179238337326,5.653264758497319,0.03953514484617027,0.136133046678524,0.9543873746114804,-0.034869544013655496,0.8000379186599251,-0.017424874791319267,,,4.48866787221218,2.3957765667574917,-0.6030257066735525,0.09685772885973276,0.6638970243942741,-0.7322482928582431,-0.7345766076372564,0.04389295305120999,3.4270122783083146,0.36473050758765124,-0.5258841409789894,-0.9357045385291403,0.02274030193005716,-0.6213345076582473,-0.43138245259591257,1.7076635834924998,1.8121367123924688,-0.46099358737441776,6.328553989037031
2000-05,0.08758716875871753,,0.6631591940012971,0.2472428132344937,0.4911198635274254,0.35283363802559475,-0.9518372525032849,-0.08484651967142276,2.158257203092062,0.5064599483204135,0.3287941582790599,0.273574924443875,0.2812197929131277,-0.34753643462407313,0.40807809058454403,0.3442766676913618,-0.004812085033805369,0.453967912135244,2.264068100358425,-0.8395234426448244,0.8009333527781826,1.3521645445641544,0.9848880953899135,-0.10598885994329221,3.0519396028547874,-0.4359273151014168,0.5810086455331418,-0.9853750375173944,-0.3652365972826438,5.480992844364939,0.04020884796766144,0.13550289878285882,0.9538057701653817,-0.035357229943916324,0.7849535723927894,-0.021598497495826874,,,4.175226039783006,3.14509536784741,-0.6150023128476003,0.07047642905230855,0.6337278160835109,-0.7347640807105817,-0.7372407668599488,0.06815445874618176,2.892223738062749,0.4071166928309793,-0.3471583685182593,-0.9403238841365665,0.10605771068220671,-0.6199470347290506,-0.45430056611318004,1.6206837350043997,2.1750755638223693,-0.4186768290401489,5.566053091413936
2000-06,0.13361227336122794,,0.6033727281142973,0.26188754293979133,0.501187855615365,0.3688807637619347,-0.9535589687825653,-0.0759430393428453,1.6445537596626867,0.45822566752799343,0.32662324847049473,0.2783143878800678,0.299886296689748,-0.337044638864364,0.40733647055679456,0.4620043037196433,0.006091246878237033,0.5313879616668475,1.9643817204301093,-0.8511403890106011,0.7802975061980455,1.3681096963761035,0.9473315054517639,-0.12360569380676178,3.5792202747973034,-0.3938312515931687,0.7144380403458219,-0.9834741561996926,-0.34870490596345494,5.590339892665476,0.041533797439927245,0.14415434930433801,0.9881882031391309,-0.03389417215313362,0.8170360955307558,-0.020242070116861743,,,4.753285111512963,3.4461852861035407,-0.678101815495721,0.05700761430591861,0.6660086853533354,-0.7186425014119218,-0.7337669121872226,0.07158070191684573,2.873124147339693,0.344845630559917,-0.32648347518830634,-0.9480875644213231,0.1412191859354075,-0.6709457136135224,-0.4801860386808927,1.6002317745777628,2.67123924668682,-0.4494358951895713,5.772434593197214
2000-07,0.10013947001394752,,0.6776622334680791,0.24706201410232964,0.5159898273510299,0.3662400975015243,-0.9541026686602329,-0.08059068309554729,1.885453267744205,0.18346253229974185,0.3307677126504829,0.2798932169870696,0.30234782106797686,-0.3564229283003296,0.4028822962159566,0.5197171841377188,-0.03100444661021995,0.37600947561107056,1.9304883512544824,-0.8672293647480125,0.7758130377716199,1.3976885406464263,1.0646559969393619,-0.20685386951452955,3.339282419769873,-0.4488547394486728,0.6600000000000006,-0.979736059445743,-0.36403185864399845,5.459257602862256,0.04142151358634538,0.14604685435367148,0.9963895432062884,-0.035357229943916324,0.8403688120538877,-0.022120200333890172,,,6.271609403254977,3.001362397820162,-0.7035915475281224,0.05931225960660269,0.6592605514189436,-0.732607691122863,-0.7361176409131276,0.13723492916010915,2.735334242837647,0.23652537938252283,-0.43143038748227713,-0.9467097098997964,0.21937703038409828,-0.6801452623831958,-0.5190352926321102,1.6027212052278048,2.191118344571032,-0.5001793198984845,5.623716398975512
2000-08,0.09483960948396164,,0.6749004844632345,0.20565901283673593,0.5337919630491434,0.38309973593337476,-0.9580444927733225,-0.07157911802853467,2.044834855938161,0.224806201550388,0.32366291691336,0.28219524208464897,0.31321738486275486,-0.3847966426253574,0.39075135239868475,0.5378198585920688,-0.012913443381859069,0.31075697211155506,1.5435035842293927,-0.8822078654345271,0.8729765203441735,1.634593535749267,1.1159216986545952,-0.18928021416543128,3.9115405156090723,-0.41112850952259583,0.7618443804034589,-0.9794268251643944,-0.39247707650090236,5.828711985688733,0.041533797439927245,0.15001155578584457,1.0216305083780899,-0.03901487442087337,0.8741980203426034,-0.02264190317195358,,,5.392646172393012,3.7765667574931863,-0.6982684122390881,0.1281426625542108,0.6280079692248361,-0.7336345433074909,-0.7391997074648697,0.1503842948421168,2.7557980900409214,0.4432234432234441,-0.27840094792846704,-0.9511789046939794,0.23428243837186824,-0.6672055691956879,-0.4649914767346419,1.533682425907248,2.911648453847945,-0.49456975544050974,5.102017856715418
2000-09,0.02928870292887087,,0.5669608417934409,0.22572771650695822,0.44929548475323666,0.3796465569774534,-0.9579538761270445,-0.09242596195417241,1.9134223471539027,0.1679586563307498,0.33274126702190565,0.2832279540547331,0.31957432223895443,-0.3903521344784494,0.40501807281238844,0.40183338456809103,-0.03076079673509058,0.2845913642726403,1.6488127240143386,-0.887032836489005,0.757656409508531,1.6052497551420193,1.074858126633936,-0.17140430921573413,3.2733019371753196,-0.45675685517643216,0.7064553314121043,-0.9814914187486926,-0.38879593066059714,5.430008944543831,0.044093869301593314,0.15307416938144458,1.024471189719781,-0.03169958546695972,0.8409594331008674,-0.018885642737896835,,,5.357986738999402,3.4393732970027227,-0.6963482108599854,0.06526697040388707,0.6610967783398667,-0.738512091184474,-0.7442145954134671,0.1831651078803611,2.641200545702586,0.42961800104657333,-0.23467410361659113,-0.9523094519936937,0.20791133193196787,-0.6607568363204217,-0.4803543994780811,1.6090735455072225,2.740292955126717,-0.5006930965033065,5.732436508126481
2000-10,-0.009762900976289512,,0.6239547011448154,0.2036702223829301,0.4754597053559906,0.37030266097907827,-0.9601739839608536,-0.1045584738434936,1.93394237526353,0.04048234280792462,0.3347148213933284,0.2836401460082105,0.32141986721207916,-0.41377807845340664,0.409358665707535,0.33896833691976647,-0.04379606505451561,0.22375363411220106,1.3743727598566324,-0.8982753203376188,0.7944071751494819,1.49034280117532,1.0663138430147305,-0.19374199398379366,2.8944700684565743,-0.4904409890390009,0.6194236311239201,-0.9806091915342567,-0.41402851214778,5.370304114490164,0.04487985627666635,0.15370470708601336,1.0342558175569043,-0.029870763228481367,0.8631184912620249,-0.018989983305509606,,,5.955635925256183,3.68460490463215,-0.6836813362163254,0.0898884731202998,0.6896133824217991,-0.7484725573753659,-0.7529906493235126,0.09065654227243436,2.373806275579803,0.43223443223443336,-0.3505238448994785,-0.9510640834838522,0.23198929868144247,-0.6540366413503127,-0.5132268451291112,1.6828980406463945,2.979074633806094,-0.5200058039417513,5.3566795126505005
2000-11,0.0008368200836827988,,0.45891319776591577,0.1828783221840511,0.3562869133545672,0.4038188096689017,-0.9633002582574419,-0.11165153480328616,2.045537596626847,0.06373815676141303,0.3597789619103997,0.2859391949906023,0.33966624480163965,-0.39861944020823115,0.43720170951211235,0.2510986781432525,-0.060546993969664564,0.35641218908151306,1.1382392473118292,-0.8945479118334458,0.6991760245005103,1.3052301665034296,1.116431805139324,-0.20024755681572848,1.9857649172209566,-0.4969957394122575,0.45342939481268063,-0.9809002355637614,-0.39287865604711747,4.845259391771022,0.04644060184145404,0.1603606201186798,1.079684371237593,-0.018044379419653978,0.9150066888516117,-0.01419031719532593,,,6.284689572031348,3.698228882833784,-0.6803734262775352,0.031844394691383116,0.6819838595653644,-0.7444164912460851,-0.7576398683591914,0.07704417075655323,2.4133697135061327,0.6148613291470446,-0.04468146439896237,-0.9551755660464849,0.29122874068411764,-0.6629044031151783,-0.4762295599469658,1.6500203875786004,3.2348291095094197,-0.5195668580324808,5.715130334873256
2000-12,0.05801952580195335,,0.4643286944178737,0.23847405532453192,0.3547938084988367,0.41295957749339895,-0.9618503919169952,-0.09164234760051915,1.7751229796205217,0.08010335917312705,0.3712255772646529,0.29163547945959634,0.3587311299163858,-0.35330978890277664,0.4364556353100222,0.3371140485705504,-0.10044466102211014,0.3091418111338442,0.9548387096774205,-0.9077100541033775,0.702384424675514,1.4588834476003938,1.0874194988203802,-0.20024755681572848,1.7531582269262538,-0.5272568369687922,0.559452449567724,-0.9800180083493256,-0.3529214911987135,4.818425760286228,0.04799011902088357,0.16890127770003116,1.1165850625346279,-0.004511094854913633,0.9517328827585383,-0.006886477462437757,,,7.499819168173602,3.250681198910079,-0.664065161343532,0.0609708109575029,0.7316629789109332,-0.7441597781999281,-0.7639084782949381,0.0738031299194386,2.3015006821282338,0.6384092098377823,0.43231766569039376,-0.9534444154937974,0.313013567743166,-0.6792343562427232,-0.4814908348591025,1.7886988432731727,2.3975819576842623,-0.5094756649665486,5.7329152404433055
2001-01,0.04016736401673704,,0.5324775511463584,0.21162538419815347,0.3623605010971529,0.41438147471054276,-0.9486656698835576,-0.09177745352356292,1.734082923401267,0.09560723514211955,0.3765541740674949,0.30179147253715244,0.36570107384216044,-0.3594844687023432,0.4398140827630137,0.4142723639717183,-0.11877931412560061,0.27220846344352445,0.9011648745519723,-0.9075421915956837,0.7271036896602012,1.4965328109696396,1.0946247529171726,-0.21369046762331045,2.027372918386175,-0.5243436145806781,0.6297982708933723,-0.9805091451491146,-0.36396492871962915,4.983586762075137,0.05055019088254986,0.17735203213433337,1.123839034977625,-0.0053645452328703325,0.9412397278350277,-0.006990818030050527,,,8.393490054249554,3.434604904632149,-0.6970438580449452,0.06341010265483038,0.6001983125074593,-0.7516557991477126,-0.7547406362639085,0.07704417075655323,2.231923601637102,0.4285714285714295,-0.12068797008420029,-0.9580284314981076,0.29772596980699184,-0.7020371722095203,-0.5326093819054227,1.771315749940984,2.797023947919092,-0.5208836957602924,5.48854632931996
2001-02,-0.0036262203626215017,,0.40000617150615714,0.19770385102151278,0.21722582513230382,0.4210847044485073,-0.9437270626614109,-0.11448875918720314,1.4725228390723841,0.21274763135228314,0.3810933491217676,0.30470211319058826,0.3748898150362212,-0.36702365527284464,0.4328967500116927,0.2986670765447277,-0.13004812085033712,0.18951222138473245,0.8783378136200726,-0.9166885461815584,0.61976812016917,1.3433888344760057,1.1131798762991787,-0.22458584608298904,1.2180608826528152,-0.5527475328647902,0.5160518731988479,-0.9817551774004312,-0.37614617495482094,4.413103756708409,0.05010105546822263,0.180226583415394,1.145386301157381,-0.0023165081687396283,0.9699317160772096,-0.006886477462437868,,,6.5144665461121205,3.416893732970024,-0.688927376585377,0.024476418614603368,0.6496295412187034,-0.7518098269754069,-0.7723972209162618,0.030465783868878438,2.4502046384720266,0.3584510727367878,-0.1881079179576698,-0.9587924341654926,0.3170265622014119,-0.6860269411047903,-0.5364185449418097,1.9354464879713293,2.6631016042780784,-0.5359766820252094,6.1300236972496815
2001-03,-0.08117154811715444,,0.30442496991390855,0.1746519616705815,0.16233677887047304,0.4131627056672764,-0.9468986452811381,-0.13733517077388713,1.0936050597329605,0.3152454780361764,0.38977698835602825,0.3088776027987381,0.38081959607643645,-0.3971632018896706,0.4332664464819822,0.12864309867814305,-0.19351891332155602,0.16550016151609892,0.7187275985663091,-0.9126340209957259,0.5362038792474841,1.158707149853087,1.1874641331377944,-0.24971574144705588,0.8202165363887959,-0.5469210880885622,0.43492795389049044,-0.9842745272808302,-0.40265042500501846,4.04315742397138,0.05187514035481611,0.18417893649433026,1.1507656050773911,0.004876859302608727,0.9494665602921872,-0.0028171953255431426,,,5.639843279083789,3.6662125340599427,-0.7158406752797833,-0.036968264157442365,0.6181474306594807,-0.7615135801201417,-0.7834717651360811,-0.03518844337438498,2.466575716234646,0.2867608581894303,-0.22836754942136228,-0.9587924341654926,0.17523409134339563,-0.7282905730263196,-0.564134941178946,1.7999442024164654,2.4822134387351813,-0.5724447827035224,6.273164659980371
2001-04,-0.02956764295676384,,0.4062085351930149,0.18559030916651365,0.2665436366871212,0.37924030062969805,-0.9519278691495627,-0.11517779939472583,1.056219255094872,0.49440137812230933,0.3564239194789809,0.3118894313685512,0.36262130769707257,-0.3916822419190247,0.39729898867971647,0.1747531509375959,-0.18103185722117243,0.12372133089264681,0.7485887096774202,-0.8906913783233548,0.6326017208691843,1.386170421155732,1.2584326978256728,-0.20924308064307184,1.136748070107299,-0.5062816357743711,0.5402017291066288,-0.9816369407634449,-0.4005755973495737,4.410241502683365,0.05132494947226496,0.1813943240377438,1.1017191563604865,-0.014996342355523384,0.8798846059341197,-0.012103505843072293,0.09240317114973728,,5.140084388185658,4.581062670299724,-0.7199500138053698,0.03804856664213818,0.6590952909960608,-0.7567387174616214,-0.7822180431489317,-0.02824335586628235,2.252387448840376,0.3783359497645218,-0.2865988639229208,-0.9580990907043397,0.29237531052933075,-0.7266497354752697,-0.5552539091272592,1.7604566817606289,2.7435480120902147,-0.5430481827548086,6.122962395576513
2001-05,-0.04239888423988791,,0.3776498904557668,0.1746519616705815,0.2290520528447486,0.3737558399349996,-0.9544198269222056,-0.11558311716385683,0.8217849613492636,0.6167097329888036,0.34379317150187405,0.31685507955899883,0.35998500185036875,-0.420451548543189,0.3870477064342779,0.163795880725484,-0.15337759639398096,0.17831377193927134,0.5505376344086028,-0.8805636736925017,0.5755796995770743,1.431576885406466,1.3030032519288417,-0.23022783862749863,1.064048162353742,-0.543315975383271,0.571325648414986,-0.9815277992523807,-0.4225955424670358,4.4236135957066205,0.05098809791151937,0.1823883763837042,1.0976174119141016,-0.013411363082175498,0.8745890375637426,-0.006990818030050527,0.06845519929251731,,4.726160337552747,4.340599455040869,-0.739856639306935,0.05467583097180273,0.7231796105362698,-0.7553011244031421,-0.7796322415504362,-0.05259746272802879,2.1923601637107715,0.49084249084249154,-0.4147282393359325,-0.9570656998131947,0.3101471431301335,-0.7218056452050744,-0.5420586316476204,1.888855505719253,2.6572890025575484,-0.5692635655731335,6.402805371376593
2001-06,-0.03486750348674983,,0.35333415620082187,0.173024769481104,0.17699571953350945,0.3658338411537685,-0.9526981106429251,-0.10157263294422847,0.7304286718200999,0.5107665805340231,0.35109532267613863,0.317608036701452,0.35998500185036875,-0.41839905516506004,0.381865274588713,0.14406885951429427,-0.19412803800937972,0.11036933347690447,0.5092965949820796,-0.8904288241446544,0.5269797287443485,1.4123800195886407,1.3594975451125442,-0.2805452007081274,1.0910520949652875,-0.5560249080514186,0.6184438040345828,-0.9794813959199266,-0.4225955424670358,4.272048300536674,0.047226588816527304,0.18274872366258021,1.101761636989898,-0.0064618385759576125,0.8887102498688026,-0.0049040066777966684,0.02921887350618646,,4.329957805907177,3.2949591280653925,-0.7443102156147697,0.015069958718876286,0.7100597691862758,-0.7512450582738615,-0.7856657786135924,-0.11686267246967164,2.2251023192360107,0.5677655677655686,-0.5465904491677787,-0.9587394397608185,0.21880374546149217,-0.7150311578159969,-0.5112906959614449,1.870420842543512,2.3485235991629887,-0.6013531579922367,7.012447040237449
2001-07,-0.03570432357043185,,0.30320609744808324,0.18414391610920045,0.14818367980575697,0.39853747714808097,-0.9530605772280368,-0.11124621703415505,0.7444834855938176,0.6020671834625331,0.37477797513321365,0.32144424917821945,0.3873327485969569,-0.40056873559528106,0.4133295621323918,0.075730710113741,-0.19881829810562157,0.12027565414019725,0.34030017921147016,-0.8864905114641484,0.4949686451801074,1.3687365328109715,1.3438117707071369,-0.2725859612256939,0.9172209545079395,-0.5897090419139872,0.5272622478386173,-0.9826192143630229,-0.40084331704705045,4.201833631484796,0.050213339321804495,0.19445999833357264,1.1648814388774333,0.002194586686173672,0.9587278137920798,-0.002399833055092171,-0.01564444305313173,,3.0999397227245353,3.228201634877382,-0.7164395055884858,0.011706930114345093,0.6631900770297188,-0.7556091800585305,-0.7905500705218618,-0.15519955551439812,2.9577080491132266,0.6143380429094725,-0.5288967322927893,-0.9465683914873321,0.04452512898910577,-0.7329114611296442,-0.46126649409684906,1.8156104470244876,2.412229714019998,-0.5696778721070396,7.185077913684561
2001-08,0.005578800557880514,,0.15016817354275402,0.20999819200867575,0.05334361296489476,0.42677229331708366,-0.9535136604594264,-0.12200064850843084,0.5751229796205215,0.589147286821706,0.38464574699032816,0.32384150996180106,0.3984536589129919,-0.3758757496187415,0.4293824064567717,-0.029794036274208513,-0.1589206310531759,0.09669430386561984,0.3013888888888898,-0.8849367072262657,0.44348840600845807,1.2828599412340864,1.3508257348721564,-0.29247686351271585,0.6675243967568105,-0.629037544153527,0.47265129682997165,-0.9826646899926329,-0.3790241617026959,3.8585867620751353,0.05287446665169471,0.19969725009189876,1.1872747803478734,0.008656425262130618,0.997125158879187,0.0010434056761265964,-0.1015323571534783,,3.0152501506931912,3.7091280653950927,-0.7151342706641284,-0.04065590539264041,0.6860143776567904,-0.7489859834676799,-0.793762733113932,-0.1620520418557262,2.473396998635738,0.6352694924123505,-0.665019188604426,-0.94631666806513,-0.02465125167208282,-0.7799648909024003,-0.4891302060315251,1.787046376376162,2.6163682864450157,-0.5778681829920769,6.923235272997102
2001-09,-0.06778242677824209,,-0.055821273181719144,0.22518531911046558,-0.08844901988829612,0.4320536258379044,-0.9472158035431109,-0.13779453091223548,0.4098383696416037,0.63910422049957,0.3838563252417593,0.3368620139073859,0.4281553276254131,-0.3758700163970149,0.42429351227236434,-0.12876975099907784,-0.16750928915148877,0.102939592979435,0.15651881720430172,-0.9088721791566415,0.3179962082543384,0.9895396669931456,1.2819613594337835,-0.33424487974783723,0.31954168082730616,-0.6625760168966899,0.2682420749279544,-0.9849293763472156,-0.36122080182049254,3.44423076923077,0.058847967662249534,0.21641997409787117,1.2341266169375533,0.01377712752987037,1.0006807157829618,0.006677796327211993,-0.21098867558324275,,2.1504520795660054,3.0449591280653934,-0.736905517486204,-0.1536388449635464,0.5965442209348226,-0.7331211172151769,-0.7709867836807188,-0.20474117973886352,2.1527967257844423,0.5463108320251187,-0.7282154980991882,-0.9369764042413188,-0.050066883240972415,-0.7852674504883301,-0.5256644990214026,1.5043457733330472,2.0767263427110003,-0.604525249428046,7.025947291571917
2001-10,-0.043514644351463905,,0.002653747647114235,0.21243898029289188,-0.031990120390300136,0.47755433678651293,-0.9501608445471433,-0.14242866407263322,0.2085734364019689,0.32472006890611604,0.42648509966449444,0.34200176483630584,0.4502253209473326,-0.38274414924722877,0.46475745907170585,-0.12388195511835232,-0.18895047816287924,0.2853451060622392,0.05116487455197194,-0.9154489461247433,0.3500437509114771,1.0716944172380036,1.366065166103426,-0.31634018912189277,0.5374083604408424,-0.6409089253850917,0.33881844380403514,-0.984683807947321,-0.3670437052406117,3.5166368515205724,0.06139681113855766,0.22762871902271775,1.290284653606502,0.030114606193610838,1.0943146278056037,0.013251252086811327,-0.17272670355384778,,1.7921639541892724,2.5197547683923687,-0.7479444342846493,-0.13363080793056847,0.6407146595176227,-0.7453920008214818,-0.793031395288095,-0.2377071951106573,2.144611186903133,0.5599162742019894,-0.6445573033417067,-0.9250879927927609,-0.07662908465507523,-0.8093431220553904,-0.5459730201822501,1.5322445651007577,1.7291327598232993,-0.5716599729696915,6.561146085166478
2001-11,-0.006415620641561537,,0.09144629246767777,0.1883926957150579,-0.007475989966893248,0.44789762340036643,-0.9346653980336188,-0.13397103329009974,0.526493323963459,0.3755383290267018,0.40596013420169585,0.3460224964547023,0.426282484733592,-0.3848081090688109,0.44876920027526834,-0.01190162926529359,-0.1983309983553626,0.3079573597501901,0.03449820788530533,-0.922761725626579,0.3940134169461862,1.2217825661116573,1.394886182490597,-0.353804746758013,0.7945817352041578,-0.6324969957394124,0.43985590778098027,-0.9825464533556467,-0.3703232715347017,3.854293381037568,0.06305861217156905,0.22109235443457176,1.221367882217646,0.0181663009022186,0.9866171398409862,0.008451585976627651,-0.12947557072086546,,2.089572031344185,2.348092643051769,-0.7439570133069422,-0.05819438138330901,0.7024118840606319,-0.7512450582738615,-0.7980201640286266,-0.1182516899712922,2.271487039563433,0.5321821036106762,-0.7293193600495282,-0.9166088880449038,0.005923944200265652,-0.7996127140780243,-0.5379127470168568,1.5278666008541322,1.4780283654963986,-0.5893008531611851,6.535509969600496
2001-12,-0.028451882845187737,,0.1282130403925088,0.2160549629361752,0.025731638822122038,0.43347552305504844,-0.9360699560509266,-0.14446876351059257,0.38355586788475193,0.33074935400516847,0.36273929346753375,0.3470522323095986,0.4123115969168383,-0.3875485890541338,0.4060247162134176,-0.008440209037811286,-0.24876652250715658,0.224830408097342,0.03449820788530533,-0.9150658752738525,0.3947790578970394,1.3325367286973573,1.4370337307913044,-0.3746599691993262,0.770869544108367,-0.6429481810567715,0.5259942363112395,-0.9832013024220321,-0.37755170336657373,3.8878801431127012,0.061284527284975576,0.21717918045392026,1.1837230691405147,0.002194586686173672,0.9453040014803462,0.0033388981636057746,-0.0952049273343405,,2.9417118746232696,2.467983651226156,-0.7573105706099825,-0.045556407968143975,0.7326269980444182,-0.7475483904092006,-0.7770725591600063,-0.20622279840725866,2.066848567530691,0.4740973312401895,-0.7479386659360938,-0.922173300535685,0.10682209057901582,-0.8148507863352014,-0.5610413115306097,1.546773397429019,1.4726807719135109,-0.5900108321994646,6.78100390166838
2002-01,-0.0331938633193859,,0.11647174993057163,0.18079913216416288,-0.012796048156119788,0.430225472273005,-0.934438856417924,-0.14038856463467386,0.3791988756148994,0.3686477174849274,0.37675152950463664,0.3466400403561214,0.4156479261032624,-0.40893350609441537,0.4303266914170294,-0.06444266830617884,-0.2677712127672529,0.1609777107785091,0.009856630824373491,-0.9130601335152561,0.3728306839725828,1.3165132223310496,1.447745966970607,-0.3777832150721798,0.7373209690731679,-0.6577327846764504,0.5076080691642655,-0.9855023692803027,-0.3991700689378207,3.8079159212880134,0.06150909499213908,0.21945428096013386,1.1989757308660063,0.00036576444769509386,0.9704510500435322,-0.00041736227045097163,-0.1313303646196109,,2.2466546112115755,2.39509536784741,-0.7607941852501285,-0.0513973477791172,0.6993912907757138,-0.744775889510705,-0.7948075014365564,-0.11649226780257282,2.0013642564802137,0.5552066980638419,-0.7893723958231349,-0.920384739377934,0.022740301930057383,-0.8236099632621299,-0.5527284971694337,1.6350838036783482,1.367356428737505,-0.5942661435818521,6.719343179261313
2002-02,-0.010599721059971534,,0.10027154627086832,0.18848309528114005,-0.015879937624497797,0.4468819825309778,-0.9295002491957772,-0.14937310851707764,0.3394237526352788,0.27906976744186096,0.3757647523189249,0.3477754283001764,0.4321395149507612,-0.4013427205283745,0.42222009411670447,-0.09336366430986764,-0.26253274045197006,0.2408743404759357,-0.02560483870967667,-0.8993771870547876,0.36506489718535806,1.3158080313418234,1.4698080724351228,-0.4036327523424341,0.5214837112200823,-0.6359200320454463,0.4640922190201733,-0.985693366924665,-0.39087075831604157,3.707960644007155,0.061733662699302805,0.22482009698043726,1.227253680863892,0.002316508168738851,0.9943731742165263,0.0010434056761265964,-0.14077259600710634,,2.2778179626280917,2.570163487738417,-0.7669438497975813,-0.032917390782462475,0.6419541126892461,-0.7319402372028547,-0.7813561092827666,-0.13936475599592402,2.0300136425647977,0.5620094191522775,-0.7740004839080152,-0.9105454449101081,0.1133193197018898,-0.8316392087784809,-0.5464149672748697,1.588857651780157,1.5959079283887498,-0.6156914493154351,6.649639753931586
2002-03,0.022315202231520725,,0.1622334680778852,0.19707105405893777,0.02980976867340468,0.40260004062563537,-0.9273707580082461,-0.14488759187202793,0.4245959241040069,0.22997416020671868,0.34616143674758093,0.34336482559220927,0.39658846317784646,-0.3993016935936987,0.39358420727945775,-0.033099292960344306,-0.25832978010598706,0.2647787229460552,0.20378584229390762,-0.9043355872820477,0.40866997229108937,1.4774534769833512,1.5153988395077493,-0.3869514529570084,0.6234791474486594,-0.60893630967554,0.578933717579251,-0.9850930886138118,-0.38585101398835275,3.876475849731663,0.06050976869526048,0.21225925032120685,1.154315167459138,-0.012923677151914559,0.9023157683988938,-0.0063647746243741254,-0.11471939394413722,,2.437793851717905,3.307220708446863,-0.7725592286205033,-0.007909692974902405,0.5851137083520781,-0.7270113467166401,-0.7749307840986261,-0.08797110843596478,2.222373806275575,0.6572475143903729,-0.6894596933739507,-0.9118747212273504,0.1960634435314328,-0.8334308586044435,-0.5093335016941302,1.4424104556087296,2.1025342943501544,-0.6031591329495056,5.631328242813027
2002-04,0.032914923291492704,,0.08996513099021897,0.22608931477128635,-0.020073190046432487,0.4288035750558612,-0.9248334919124643,-0.13056636402939925,0.25242445537596736,0.2067183462532305,0.36155516084467987,0.34977388964862444,0.4277219264230965,-0.37784797789269775,0.4057663741016493,0.010574853980940713,-0.23530486690625507,0.23204479379778342,0.07116935483871045,-0.9072193790808881,0.3795756161586701,1.4609990205680718,1.4260026780590471,-0.4254091164236674,0.4238092926154309,-0.5999781508320893,0.5904610951008649,-0.9851203739915779,-0.3594806237868937,3.57097495527728,0.06283404446440488,0.22702053784981446,1.2196969884804112,-0.002926115581565636,0.9828659226520025,-0.0005217028380636313,-0.15460137583446176,,2.1425557564798097,3.2302452316076264,-0.7806434377879857,-0.05017926758622848,0.5466906600317667,-0.7220824562304257,-0.7805986522488638,-0.12501157514584538,2.1459754433833513,0.6698063840920998,-0.6453419937316716,-0.9309571231104182,0.2279763042231966,-0.8411283171159867,-0.5214133888923961,1.3616756443547864,2.1971634503603847,-0.6356785455832997,4.705124829451609
2002-05,0.09093444909344539,,0.03601073842071245,0.22726450913035356,-0.05820666943425956,0.4466788543571001,-0.9204385845679851,-0.10723357111975829,0.41349262122276986,0.0895779500430669,0.35898954016183016,0.3519479417931388,0.44299245693066114,-0.355012555755582,0.40137678528875353,-0.0026068244697201592,-0.21057440458061705,0.2679013675029629,0.05190412186380011,-0.9088721791566414,0.3520854601137524,1.4153183153770827,1.3732066568896282,-0.4028123605693804,0.34539010535515025,-0.5939332143767526,0.5170317002881848,-0.9836287733403669,-0.3414095442072136,3.529785330948121,0.06273298899618118,0.23061139007979747,1.2423095762810128,-0.0049987807851745725,0.9824912862919513,-0.0022954924874794003,-0.18783896945459666,,2.0767932489451497,2.878065395095365,-0.7658752783485197,-0.052761555844332064,0.48884951202269566,-0.7068337012886995,-0.7571436034059448,-0.0953792017779409,2.6030013642564747,0.7749869178440623,-0.7037389811744118,-0.9067695935770781,0.2589336900439494,-0.8187055480819695,-0.4783340699118207,1.2479129557696842,2.0481283422459926,-0.6173778776737133,4.148742130837539
2002-06,0.0867503486750354,,-0.05589841700867004,0.2932561923702739,-0.13629116940111818,0.456835263050986,-0.9173123102713968,-0.09970817120622599,0.6016865776528473,-0.05857019810508135,0.38425103611604383,0.3569998973240258,0.4640751256671829,-0.3126555136393352,0.4257856606765451,-0.07198893329234546,-0.18023999512700173,0.2657478195326819,-0.062029569892472325,-0.9067631373933104,0.23953624033834053,1.234123408423116,1.2990499266721947,-0.3476158263648007,0.16720881681798438,-0.6379228724372747,0.43971181556195993,-0.9857752230579633,-0.30292483769493195,3.197227191413237,0.06640467100830794,0.24123444382340375,1.2839077656607167,0.0098756400877833,1.0149608831104242,0.004904006677796113,-0.25286632179500235,,1.8173598553345403,3.0401907356948206,-0.753301634770885,-0.1171298398334143,0.509341804460195,-0.7190018996765416,-0.7672517369273364,-0.09158255394017822,2.515688949522505,0.8885400313971761,-0.7069478089370421,-0.8953183859670816,0.23772214790750779,-0.8291236600329374,-0.45118589136519527,1.3437989570143993,2.1990234829109547,-0.5871900800049632,4.507432319218706
2002-07,0.04741980474198093,,-0.20578887277439983,0.3219128548182939,-0.24348423692922727,0.4806012593946789,-0.910289520184858,-0.139361759619542,0.5680955727336625,-0.10422049956933621,0.40773633313597646,0.35928406573047966,0.50368502270336,-0.3223847909094043,0.4432393428311181,-0.10453120196741461,-0.1836510933788139,0.40712824378163215,-0.10138888888888808,-0.9175020337188431,0.12618492051917762,1.0137904015670922,1.343301664222408,-0.257862087825098,0.06809729572267931,-0.6597720403481302,0.2200288184438044,-0.9833650146886284,-0.305468174820961,2.864042933810375,0.07087356838086589,0.2593398200107193,1.355789453570508,0.023652767617654114,1.0768371590733308,0.011894824707846308,-0.36527700603394986,-0.10242021262660406,1.8231464737793863,3.1123978201634843,-0.7382125453156771,-0.16734772692875743,0.538822427675612,-0.728654310212045,-0.7795538839262394,-0.20122233540142476,2.825375170532054,0.9476713762428066,-0.7372810260893167,-0.8899217890911016,0.22205236002292916,-0.815846147349625,-0.4034766504619396,1.3971285705088303,2.2194838409672206,-0.5594935969563971,5.009359216793927
2002-08,0.06722454672245526,,-0.2051562933934019,0.3122401012475111,-0.25713149439562366,0.5061954093032712,-0.9009560056182321,-0.12323011240812831,0.5027406886858761,-0.22394487510766536,0.42924807578448654,0.3590072870180365,0.5258716117930813,-0.3189104585430743,0.46569060859611144,-0.11702182600676281,-0.1773161966254485,0.37331754064821987,-0.05132168458781272,-0.9270271549887446,0.12950269797287461,1.0213124387855057,1.3410061850411288,-0.14837576821773457,0.044841481769190894,-0.6683660463930665,0.21507204610951036,-0.9828556876369954,-0.31175958771166445,2.883542039355992,0.07064900067370217,0.26304171360141937,1.4101775191120693,0.034138015118263754,1.173868279675904,0.015442404006677624,-0.35533781509974416,-0.10438509622689962,1.8790837854129,3.226158038147136,-0.7279589209579855,-0.1742345247973781,0.5978663043178876,-0.7209015762181034,-0.7871545734733323,-0.1931660338920258,2.8744884038199117,0.9890109890109908,-0.71132869188017,-0.8862165969643037,0.3181731320466248,-0.8443858622541005,-0.39430098701517313,1.3776637980985895,2.5170890490583626,-0.5277215787086581,3.4493620891878285
2002-09,0.054393305439331074,,-0.4021044835992218,0.33285120231422605,-0.3925888973002011,0.5267113548649205,-0.8915771827284672,-0.13803772157371408,0.43640196767392947,-0.20068906115417706,0.46161436747582263,0.36302057834846435,0.5685488226360913,-0.3140257536319966,0.49476745869310124,-0.20400122963418366,-0.1993665103246628,0.3027888446215157,-0.028136200716845083,-0.9320931593876031,-0.017427446405133273,0.8555142017629784,1.280112223426642,-0.015112480029936814,-0.0786619410593764,-0.6814027165798769,0.1257925072046111,-0.9804636695195045,-0.3012515895857023,2.454203935599284,0.07232203009207172,0.2761239792212975,1.4991189319106932,0.05352353084613504,1.2642912395761625,0.024415692821369017,-0.47494463009774857,-0.24777444184206532,1.8103676913803506,3.34877384196185,-0.7447064476453781,-0.27481016423729077,0.629623848915249,-0.7108384248087487,-0.783341169095753,-0.22742846559866525,2.708049113233282,1.012035583464157,-0.6729580384323766,-0.8692363064666421,0.3105293330785377,-0.8492420175062889,-0.39318559673380016,1.4105843723844878,2.6756568239944243,-0.4938953666110898,4.877348780429421
2002-10,0.08228730822873143,,-0.32503780047520536,0.3306816127282559,-0.311786806953403,0.5167580743449125,-0.9046712881156268,-0.1204874621703419,0.4955727336612801,-0.26614987080103325,0.4444444444444431,0.3635041970664432,0.5610427924604111,-0.31123367465113416,0.47484616395370405,-0.1721647709806331,-0.2066760065785459,0.31334122967589284,0.17605286738351356,-0.9307889968278289,0.06781391278985005,0.9328501469147903,1.3044060447618455,-0.08612674333251735,0.09336311113269069,-0.7035796220093952,0.15994236311239218,-0.9776714658614448,-0.3035941369386239,2.752593917710197,0.072097462384908,0.27770127422002866,1.4735145837984316,0.04815898561326515,1.193067558918016,0.024207011686143476,-0.4084616167228845,-0.16780629915483813,1.7354430379746844,3.1989100817438665,-0.748767377732836,-0.20008767672339556,0.6441116793213302,-0.7168968526980541,-0.7853784673248707,-0.1682563200296312,3.083219645293309,0.9827315541601276,-0.6838777241748152,-0.8732506326207057,0.3466462832027495,-0.8611320572604045,-0.3729612559715465,1.4984655664527757,2.2745873052778465,-0.4865564830303132,5.2505684946262265
2002-11,0.09344490934449179,,-0.2889344894621526,0.32552883746157724,-0.27477315620737397,0.512898639041236,-0.9135064111277241,-0.12377053610030286,0.5489810260014067,-0.2420327304048231,0.44483915531872764,0.3643687585284301,0.5339929856689096,-0.30634896974005643,0.46367954888122354,-0.10866769136181953,-0.20752878114149897,0.35372025411866237,0.2031137992831551,-0.9303757968088906,0.1055855330319384,1.0415670910871704,1.328699866097049,-0.1740813771067513,0.23175219692188342,-0.6860638724008594,0.2617867435158503,-0.9775168487207705,-0.30660598353523727,2.967039355992844,0.0696384459914654,0.26982007816389886,1.4238793899226243,0.04681784930504773,1.163745514222533,0.02347662771285486,-0.3802718799157909,-0.13529926487154909,1.3518384569017488,3.1757493188010875,-0.7551052973174557,-0.1502726850474655,0.6952046933960097,-0.7182317605380706,-0.7898970903202215,-0.1312158533197505,3.2537517053205933,0.9445316588173749,-0.6897524730474984,-0.8745136659321051,0.3703420600038194,-0.8572833280046329,-0.3594082117978823,1.539970384359508,2.31969309462916,-0.5155999185988029,5.718864446944488
2002-12,0.09372384937238576,,-0.3894683247446534,0.3753389983728046,-0.33312983383975625,0.5504773512086134,-0.8973313397671152,-0.13009349329874653,0.5791988756148994,-0.2773471145564166,0.4776001578843485,0.3665844762855701,0.5728365029862883,-0.2664572129662549,0.4982884835095338,-0.18516569320627085,-0.1824937564719491,0.1987724776569415,0.025873655913979166,-0.9359109553959187,0.041162315881581035,0.9549069539667001,1.2915258560224459,-0.2766591344147149,0.08525513424285247,-0.7070390735952806,0.19005763688760835,-0.9769074752839954,-0.2555384512415486,2.7287567084078708,0.07209746238490777,0.2843685458877323,1.5097769416532043,0.06571567910265808,1.258965336277846,0.03130217028380633,-0.440478333346377,-0.2172480102278741,1.104279686558168,4.025885558583103,-0.7609376176593985,-0.20041542066561246,0.6786694699730991,-0.6912768906915849,-0.7720315520033433,-0.19427724789332212,2.9795361527967197,0.9539508110936703,-0.6429328401399146,-0.8771015593603574,0.41677813873494873,-0.8642689525785883,-0.36911000273586236,1.5771830804558231,2.847709834922116,-0.5854370340762549,5.396557914642024
2003-01,0.15397489539749043,,-0.4199401363902856,0.40951003435183164,-0.35951732245832024,0.5291488929514532,-0.8776222192016674,-0.09666828793774351,0.6163035839775137,-0.3221360895779498,0.4951647917900126,0.3667243536993856,0.5628543646128017,-0.24753758126841852,0.5098671097085419,-0.1876483246234243,-0.19169153925808557,0.1467642941746543,0.11279121863799357,-0.9224432172786474,-0.059464780516260696,0.8955925563173368,1.1907160619779389,-0.26851278803667245,0.08250716123707469,-0.7116638141364117,0.15559077809798305,-0.973787847092743,-0.24683756107355448,2.626073345259391,0.07176061082416219,0.28362247014549946,1.4900068864902063,0.0731528895391369,1.2489423727373956,0.03359766277128551,-0.4734185338519453,-0.2686493652116049,1.2899336949969862,4.549727520435963,-0.7584024498255506,-0.22767244393647623,0.644286120878818,-0.6737177183344457,-0.7697591809016351,-0.08880451893693708,2.7967257844474696,1.0031397174254337,-0.5777930661532227,-0.8780157128409857,0.5704184979934999,-0.8526202124643328,-0.37022539301723534,1.6307702212588788,3.2287840037200706,-0.5911770959667155,5.356990688656435
2003-02,0.19804741980474305,,-0.4657635695991603,0.34993672030373935,-0.4018684742073112,0.542352224253505,-0.8950206152870283,-0.07409208819714708,0.6320449754040776,-0.3660637381567612,0.5176633116242342,0.3671038083857998,0.5894163239422312,-0.24333512974280824,0.5217018509321483,-0.20005902244082352,-0.17987452031430773,0.07246688919995847,-0.034655017921146336,-0.934068771978152,-0.03350590637304929,0.8485014691478949,1.1828731747752355,-0.2764144561666111,0.11109384861873228,-0.7107898474199774,0.11956772334293975,-0.9734149469299402,-0.24034535840974358,2.567531305903399,0.07476981810015593,0.2899710248038536,1.5476546874267036,0.0879053889295296,1.321608782568339,0.038814691151920044,-0.5021561000806093,-0.3005328764324001,1.141591320072333,5.045640326975472,-0.7657461891801766,-0.23986159602949697,0.5700566476005102,-0.6903527237254197,-0.7826359504779815,-0.11056579312899195,2.8854024556616578,1.0732600732600752,-0.36739677409413285,-0.8691788958615785,0.60290464360787,-0.8485844759876695,-0.357093250836542,1.4942592870785667,3.7256451987909855,-0.6054533325667738,5.099815688058019
2003-03,0.19051603905160475,,-0.49034159286573853,0.3576206834207163,-0.42971069349138835,0.527320739386554,-0.8988265144307009,-0.06351329442282794,0.615741391426565,-0.3660637381567612,0.5036510755871313,0.36848919000560976,0.5865769103621037,-0.2356526126291415,0.5094261464487992,-0.24580633261604656,-0.1817018943777784,0.09906320663292933,-0.042809139784945605,-0.9383212888397257,-0.03667784745515523,0.8626444662095993,1.2578588280303524,-0.2954273953280844,0.11976501432247555,-0.7264848330359419,0.13363112391930865,-0.9758342504251971,-0.24148316712401974,2.599194991055456,0.07399505951044127,0.29118788927638395,1.5366139222543667,0.07985857108022443,1.2867497034760818,0.03672787979966641,-0.5195379450135784,-0.31306621395748513,0.6083182640144666,4.283378746594002,-0.7624831018692831,-0.23500806312724087,0.6123816781277829,-0.702931662987113,-0.7890090372459907,-0.18631354755069773,2.9699863574351912,1.0225013082155958,-0.6045027623791999,-0.8784882462826632,0.5343015478692881,-0.8369658983283967,-0.3576614685270527,1.495911753975578,3.1169495466170716,-0.635338157175487,4.595447255666991
2003-04,0.24128312412831332,,-0.3873700126515872,0.3766045922979535,-0.35572874331504156,0.5512898639041248,-0.8936160572697205,-0.037248702983139204,0.503162333099088,-0.3488372093023253,0.5046378527728428,0.36772730451759394,0.5900715861741712,-0.21526527616929125,0.5039163327891827,-0.22407254841684587,-0.18730584150575558,0.019704963928073083,0.08187724014336983,-0.9375422346373523,0.04345923873414037,0.9959647404505396,1.3904865140598117,-0.327120424876581,0.21517696751954318,-0.7316558027748443,0.2400000000000002,-0.9768347142766192,-0.24288869553577253,2.892844364937389,0.07343364024253196,0.29343441084372035,1.5421342883111073,0.08059009997561595,1.3127355127967917,0.03745826377295525,-0.45294536575440036,-0.24262906665409134,0.37516576250753464,3.4747956403269713,-0.7682401201963592,-0.18558239785400799,0.6506119226213976,-0.7007239307901627,-0.7808598443295199,-0.1714973608667455,3.0504774897680695,1.2778649921507088,-0.5847102094204736,-0.8926465847314287,0.4540416587043732,-0.8038173603025898,-0.298672054212176,1.5508723737579673,2.5140664961636876,-0.6441033868190282,5.019771644684871
2003-05,0.29874476987447784,,-0.3740087018236796,0.4139396130898536,-0.3374800715853076,0.6073532398943744,-0.9202120429522903,0.010173476005187698,0.36570625439213056,-0.3910422049956931,0.547661338069863,0.3674505258051506,0.6276933346578419,-0.1716641249383687,0.5344897854646937,-0.14536120504149996,-0.1908387646951324,0.03381070313341383,-0.08841845878136145,-0.9344131053272673,0.0853142773807789,1.1592556317335956,1.3879997449467592,-0.28463276673527216,0.3149779094042837,-0.7087505917482975,0.37190201729106676,-0.9772167095653439,-0.21009303259487166,3.093425760286226,0.07277116550639917,0.29886869977107344,1.62845621657068,0.09936600829066111,1.443952580440648,0.0434056761268784,-0.44340139461718475,-0.23406741384640373,0.6282097649186258,3.878065395095363,-0.7552110787192923,-0.14714032972710633,0.6652374700465484,-0.6783898957745033,-0.7864493548555608,-0.11315862579868352,3.07366984993178,1.2412349555206719,-0.5239561710786809,-0.8922844562994889,0.54500286642461,-0.8200628585561835,-0.30174463876086377,1.663325965190892,3.083701464775639,-0.5918679110463784,5.347679345094188
2003-06,0.33863319386332,,-0.32912642330360686,0.4304827336828747,-0.31376482203097145,0.6020719073735539,-0.9093833537220788,0.02487300043233831,0.5062543921293055,-0.378983634797588,0.5385829879613173,0.36807253387935135,0.6197791071116281,-0.19139214089965795,0.5210069997349775,-0.14249369812480783,-0.1949808125723329,0.05157747388823242,-0.07609767025089553,-0.9261361924479088,0.07142336298672891,1.1842899118511272,1.3691895683223891,-0.31505922652887886,0.3177938534738085,-0.6868650085575907,0.3962824207492801,-0.9795814423050687,-0.2429556254601417,3.140474060822898,0.07288344935998103,0.29933801251308134,1.606263443177002,0.095586442331139,1.4055154965979408,0.04309265442404042,-0.4193008131353845,-0.21072459667489307,0.6004219409282701,4.085149863760214,-0.7717613858439386,-0.13485515074655696,0.6925605266298809,-0.695384299430097,-0.7855090633651988,-0.1514955088434099,3.043656207366978,1.2234432234432258,-0.5944295751229736,-0.891339389416134,0.6239250907701095,-0.8182772412212175,-0.3123934591830285,1.6681116810095071,3.322018135317374,-0.6186545623453754,4.953850204658063
2003-07,0.2937238493723855,,-0.27717777023482537,0.3937805098535492,-0.2860586566940285,0.5547430428600459,-0.9195777264283449,-0.014875162127108155,0.4709768095572744,-0.2954349698535742,0.5012828103414237,0.36696690708717195,0.5663580524774801,-0.2083108782149048,0.48517539425010714,-0.09493882569935441,-0.20125479685691594,-0.02045870571766839,-0.040568996415770164,-0.9285895675603552,0.10358028292256094,1.2597845249755149,1.3504431550086098,-0.25453734221851165,0.3993008690586024,-0.6663996212810895,0.48253602305475596,-0.9763344823509081,-0.25359748343484223,3.2085420393559936,0.07220974623848986,0.28938859216077106,1.4550751806311082,0.07583516215557196,1.165284101767619,0.03620617696160311,-0.39848329511570957,-0.18795814535946898,0.6061482820976491,4.367166212534055,-0.789866141704049,-0.11070856361520365,0.7638153122962934,-0.6885557324023207,-0.7595988089641122,-0.0753773497546053,2.5961800818553824,1.0842490842490862,-0.6469312961294,-0.8840791559757814,0.7009363653735874,-0.7954563277814308,-0.38051644674537466,1.970770650471061,3.4133922343641077,-0.5719848476967191,4.314120209684753
2003-08,0.2987447698744776,,-0.2746783102416138,0.36720303742541693,-0.2635609155384071,0.566727605118831,-0.9014090888496217,0.0024994595763070393,0.4899508081517929,-0.3066322136089574,0.5054272745214121,0.36755468983671546,0.5659587175819207,-0.2266399880748995,0.47818234053499187,-0.01643406086689192,-0.17469696046780692,-0.03951760525465553,-0.0803091397849458,-0.9107014500738164,0.11371591074814047,1.359882468168463,1.2542243193266613,-0.2355100102189147,0.4682332378501741,-0.6421106296201886,0.5490201729106636,-0.9793540641570182,-0.27166856301452236,3.286806797853311,0.0704356613518966,0.2887486224021196,1.4744336861010763,0.0747378688124849,1.20145243634974,0.03516277128547607,-0.3865210483889904,-0.17740017081388093,0.8013261000602774,4.899863760217978,-0.7618842715605808,-0.09119736134813416,0.9041214113240115,-0.6701750782974791,-0.7600689547092933,-0.0945457912769685,2.9672578444747537,1.4421768707483018,-0.6490709970701601,-0.8846841754291441,0.7578826676858366,-0.7966447285077427,-0.2831407706715483,2.16767173852394,3.5777726110206993,-0.5482480035261672,4.674102975321347
2003-09,0.3654114365411443,,-0.32425093344030553,0.44548906165250046,-0.30557367670093594,0.6047125736339645,-0.9089755788138281,0.029520644185040412,0.7121574139142663,-0.30577088716623557,0.5291099269784874,0.3690085221058397,0.6174075162874608,-0.17859559000584868,0.4888701318658324,0.011284352905011064,-0.13717487969787323,-0.06234521373963464,-0.08754480286738309,-0.9157373253046274,0.09198629138107028,1.3214103819784526,1.2815787795702374,-0.26913168007599375,0.4256445113366041,-0.6490295327919595,0.5198847262247845,-0.9796087276828348,-0.22582156482163018,3.2356440071556367,0.07088479676622406,0.30415500402472984,1.5850819401753076,0.0914411119239209,1.3293080906286336,0.0428839732888151,-0.4267904239417112,-0.21095514301732754,0.9007233273056059,4.474114441416889,-0.7830620667893017,-0.10245233882878524,1.0187478768626224,-0.6620116034296863,-0.7595988089641122,-0.08565607926659724,3.6903137789904426,1.6739926739926765,-0.6572340076659068,-0.8824539942324421,0.7590292375310494,-0.802846129252152,-0.17572658206536507,2.339657059467348,3.2227388979307197,-0.572850876112307,4.60954592239749
2003-10,0.42566248256624895,,-0.2435122041534229,0.4767673115169011,-0.25351385482694977,0.5754621165955733,-0.9193964931357891,0.056177042801556,0.9316936050597338,-0.28596037898363447,0.4971383461614358,0.36824812467541745,0.5937989860917279,-0.1828381740835452,0.4404621651296061,0.09463141715339729,-0.1273070597551309,-0.15354797028103673,-0.14921594982078812,-0.9238248548419724,0.14277380778766213,1.4947306562193927,1.2866160811069327,-0.24152621655464201,0.5479050347137948,-0.6343905902916864,0.6460806916426522,-0.9812276600969541,-0.23907368984672894,3.471690518783544,0.06787558949023031,0.2973497307554216,1.5325768739883383,0.07388441843452798,1.2579166578189822,0.03589315525876513,-0.38388755409815556,-0.16421187208869736,0.8388788426763112,4.536784741144409,-0.756467905205521,-0.05349323897647873,1.118629440226223,-0.6633465112697028,-0.7632032596771666,0.04843041022317052,3.961800818553879,2.3574045002616457,-0.6801966519082101,-0.8852936110828964,0.8759793617427827,-0.7971454252604528,-0.02973672580339548,2.5735776981350735,3.206928621250877,-0.5618836163667495,4.580774110156304
2003-11,0.4627615062761512,,-0.22521368840065348,0.5037967817754436,-0.24226323996776566,0.5793215518992498,-0.9181278600878982,0.075010808473843,0.6719606465214343,-0.3074935400516793,0.48588908624432525,0.3671380337104566,0.5909885905731187,-0.15315155198312214,0.4399053933370016,0.11625945281278871,-0.1239568739721012,-0.1833746096694291,-0.16538978494623624,-0.9184747754300938,0.15582616304506325,1.579353574926543,1.2152011732449166,-0.1969228112091419,0.5555469243093671,-0.6497214231091366,0.7026224783861676,-0.980209005993688,-0.21042768221671748,3.5070661896243305,0.06798787334381218,0.29534354157314247,1.5322364338936456,0.06815410875396233,1.2685411629804704,0.03391068447412415,-0.37101747575854827,-0.15203483345646596,0.6731766124171188,4.785422343324245,-0.7600734373935465,-0.0511666744949455,1.2082373139672598,-0.6526672485495713,-0.749464556234655,0.011945550513938086,4.225102319236007,2.042909471480902,-0.6941549803108011,-0.8890871272174845,0.9312058092872122,-0.7790117573249522,-0.08022391986025934,2.889113033027878,3.432225063938624,-0.533538296433586,4.261196352059744
2003-12,0.5249651324965139,,-0.17832567037985547,0.5615621045018946,-0.21568736896086182,0.6018687791996766,-0.913732952743419,0.0781317552961518,0.7907238229093474,-0.30490956072351383,0.5093743832642579,0.3692867888758766,0.6090065818086545,-0.11207875153363778,0.47012473915241637,0.14142145711650866,-0.10897240665164065,-0.2700549154732409,-0.10620519713261622,-0.9187846754442975,0.18936852851101027,1.619549461312439,1.2601543072116321,-0.22019603045524516,0.6017284070495721,-0.629911510869961,0.7361095100864561,-0.9820462214299357,-0.17897061776320022,3.738282647584975,0.07044688973725499,0.3031439507250244,1.5636351729164937,0.08217507924896372,1.2994369837374484,0.04100584307178701,-0.34462774990804323,-0.12895924045459528,0.732368896925859,5.375340599455034,-0.7627251440599263,0.012367636851361663,0.7538170567118683,-0.6368537249062998,-0.7223266990544848,0.15760718585054367,4.357435197817181,2.2407116692831,-0.6156598899679673,-0.8849579798532936,1.0439518440664974,-0.7758507320427824,-0.040890628617125224,2.068910015666245,3.75773076028831,-0.5676556181882382,4.092012351293772
2004-01,0.5539748953974903,,-0.16106088190822898,0.6002531187850262,-0.19845038042776753,0.6205565711964265,-0.9134611028045853,0.05556906614785939,0.6871398453970494,-0.27131782945736393,0.5190447996842302,0.369910285007671,0.6191417007100681,-0.11774890782126213,0.46158831402820044,0.20044389794036377,-0.09465797648778607,-0.2985894260794647,0.03897849462365621,-0.9171663087034557,0.1650138544553008,1.673692458374143,1.3030670152394332,-0.18008319060435485,0.6278584259843687,-0.6295473580714468,0.8099711815561967,-0.9814459431190825,-0.1902817749815926,3.820617173524152,0.06988547046934568,0.30590263230050674,1.5903954569727272,0.08863691782492067,1.3421652464864602,0.043196994991653526,-0.3225345719495688,-0.11082467474626789,1.0311030741410487,5.617847411444134,-0.7335491991092851,0.01751864435085282,0.8889358146879791,-0.6493299789495303,-0.7090581413571541,0.26826558014631186,4.633015006821273,2.3935112506541096,-0.669462135049158,-0.876699685124912,1.1073953755016208,-0.7930553963648209,-0.010080602731652788,2.2561538296456853,3.8749128109741973,-0.5538940707624597,4.58987002417598
2004-02,0.5796373779637387,,-0.17186101768136441,0.6413849213523737,-0.18066568754338896,0.6426975421490977,-0.91019890353858,0.047584306095978635,0.712438510189741,-0.1765719207579669,0.545293072824155,0.37091621194106694,0.6396721475091263,-0.11491669628831325,0.47691067376068275,0.2631945896095922,-0.12389596150331872,-0.32830838806934304,0.02439516129032282,-0.9042322872773131,0.1924310923144228,1.7353183153770817,1.3088057131926307,-0.13073014867801735,0.6022721755595493,-0.6187320199555733,0.8246109510086463,-0.9814186577413164,-0.1930259018807292,3.883363148479429,0.06999775432292732,0.31285034967153513,1.6347096627497555,0.10387710314557408,1.394919202919437,0.04956176961602754,-0.3118440720943524,-0.09566101304158714,1.018203737191079,6.262942779291544,-0.7140244623974014,0.028600355925745946,0.9527079756516312,-0.6546182677003646,-0.6883194901530587,0.497175664413374,5.619372442019088,2.7404500261643143,-0.6641948252491012,-0.875692791436104,1.2524364609210745,-0.7701258980870971,0.14462192478481506,2.408052020516342,4.472680771913515,-0.5607547679472742,4.856619671110897
2004-03,0.5693165969316605,,-0.20654488227851941,0.6250225998915169,-0.20355763628942503,0.6518383099735947,-0.911422228263332,0.06947146562905249,0.4416022487702045,0.12144702842377297,0.5618709295441076,0.3717495241935844,0.6565383909421305,-0.12767884785176276,0.4805853675918741,0.1458419920073788,-0.08424194432600252,-0.34575212662861954,-0.015636200716845683,-0.9029840788867702,0.16851392737348658,1.7439373163565137,1.3045335713830282,-0.11140056707782175,0.5662863523814166,-0.5942609518954152,0.8409798270893383,-0.9805637159046467,-0.19670704772103442,3.80402504472272,0.06909948349427242,0.31677073313482573,1.6701379787372725,0.11338697878566162,1.4295316590475475,0.053005008347246196,-0.33790118722461837,-0.12225767745518723,1.5152501506931886,6.321525885558574,-0.6979797545154319,0.008309457082765537,1.0543155923208989,-0.6280741387277302,-0.631222901321632,0.5127326604315239,5.268758526602991,3.177394034536894,-0.6368988885950783,-0.8666925750422849,1.3061341486718865,-0.7633634756800125,0.21482837721236736,2.544477112260446,4.525459195535929,-0.541364492104904,5.52086076070565
2004-04,0.48563458856345965,,-0.1859783380133916,0.572500451997827,-0.19294891697569505,0.6199471866747934,-0.9199855013365956,0.023521941201901653,0.3329585382993683,0.13436692506460002,0.535227945529898,0.3695278542060694,0.6036604527068128,-0.14970015250369872,0.45513866958266735,0.08349216108207913,-0.1348602058841435,-0.36502638096263484,-0.10723566308243726,-0.8894689949339956,0.1943998833309022,1.651635651322234,1.2520563667665647,-0.14649030642352334,0.524455017721029,-0.6013255161865918,0.745129682997119,-0.979726964319821,-0.21484505722508374,3.723703041144902,0.06909948349427242,0.30070672274953414,1.5566227615311692,0.09924408680809527,1.2810973963531382,0.04757929883138656,-0.33790118722461837,-0.10797428360343908,1.2406871609403258,6.9870572207084365,-0.7014741265862732,-0.00601107440518156,1.3550436562950448,-0.6635518817066284,-0.7181476257639869,0.3419761088989741,5.534788540245555,3.2244897959183696,-0.647094329881899,-0.8668515582563072,1.0345881903305916,-0.7199295405051608,0.23879874571206217,2.738609781745606,4.862590095326675,-0.5707957696930195,5.470641740670702
2004-05,0.47308228730822965,,-0.19538988490140963,0.6239378050985318,-0.18334490373311096,0.6065407271988641,-0.9170404603325631,0.029277453523561814,0.3739985945186233,0.16279069767441934,0.5190447996842298,0.36852490338786104,0.5982756016942723,-0.13264955108873966,0.43894551876655097,0.11963356901321975,-0.1360175427910083,-0.4112199849251632,0.10528673835125457,-0.8928262450878695,0.17635263234650678,1.7039373163565141,1.2657017152330567,-0.1748298046891863,0.593989415934361,-0.6101015986307854,0.7713256484149864,-0.9794086349125504,-0.18814001740177866,3.7843470483005373,0.06708960251515728,0.2983294619186767,1.5412530714569486,0.0913191904413555,1.2693504988578934,0.044866444073456524,-0.33741987994709577,-0.11196168738963885,1.2327908378541292,7.596730245231596,-0.7177232256514524,-0.006303330149833419,1.6529347496763642,-0.658006879909637,-0.7172073342736249,0.4197610889897234,4.50750341064119,2.406593406593408,-0.6173004437072123,-0.8907034565600447,1.1242117332314132,-0.7506952445873474,-0.004566786623733665,2.976758160396592,5.283654963961877,-0.6016105025793765,5.715609067190078
2004-06,0.4432357043235713,,-0.1680501126299867,0.6150786476224877,-0.16575557036256627,0.5998374974608995,-0.9246975669430475,0.054866515348031886,0.1643007730147581,0.22739018087855367,0.5291099269784867,0.36720053212939585,0.6058941329499499,-0.13337767024802005,0.44509005226973697,0.13080479557331826,-0.12420052384723046,-0.36567244535371923,-0.053293010752688,-0.9004876621056844,0.184993437363278,1.7632125367286986,1.2628323662564576,-0.20701219073389054,0.6481914841967296,-0.5873784640034958,0.8497118155619605,-0.9793813495347843,-0.1879392276286711,3.871511627906977,0.06787558949023031,0.2983294619186767,1.563602609943754,0.09424530602292092,1.2942882364182982,0.04570116861435802,-0.32103195410754704,-0.10565834079989078,0.8498493068113322,6.903950953678463,-0.7601899762260784,0.01747689353018833,1.707378877881728,-0.659649843405042,-0.7327221438645981,0.33697564589314033,4.499317871759882,2.8728414442700174,-0.6383067680546473,-0.9013111698956451,1.0206382572138328,-0.7843022519288889,0.04002777953153713,2.8477584393845095,4.80748663101605,-0.629189264167868,5.988031692079372
2004-07,0.4577405857740593,,-0.20531058104730393,0.6210450189839052,-0.18619854806018465,0.6162908795449944,-0.9076163291196593,0.056839061824469406,0.0064652143359105185,0.2937123169681317,0.5439115847641587,0.3683165753247317,0.6178991031904506,-0.14546903486945528,0.4465933361097696,0.12867506916692428,-0.14582445026496826,-0.3763325078066103,-0.16456093189964138,-0.8832021279800975,0.16884205920956652,1.630793339862881,1.2885289804246653,-0.28661897839634987,0.5197747244744397,-0.6109755653472195,0.722766570605188,-0.9777987976243531,-0.2088882939562262,3.703622540250448,0.067314170222321,0.3018944480154748,1.5962109394331692,0.10095098756400844,1.33405429345403,0.04820534223706252,-0.3453751457617571,-0.12261921603764159,0.8691983122362872,8.064713896457752,-0.801527196577703,-0.010813462552123454,1.8373102948062314,-0.6613441495096781,-0.697435093767957,0.44763404018890873,3.6534788540245478,2.132914704343277,-0.6435582427226076,-0.9135572935757532,1.1135104146760915,-0.815749627493681,-0.1257234253004179,2.84848810009228,5.834689607068132,-0.6648752928207239,6.152907101993918
2004-08,0.46778242677824355,,-0.22749714567840218,0.6083890797324136,-0.19831083791788617,0.645541336583386,-0.9065742376874633,0.07247081712062142,0.23232607167955077,0.1533161068044797,0.5701598579040836,0.36922280239934446,0.6479872057272666,-0.13408858974212046,0.4649022197377839,0.186336304949279,-0.1302917707254665,-0.24744266178529006,-0.1325268817204298,-0.8781705569161504,0.1857955374070288,1.6205680705191003,1.3075942102913998,-0.2732480317793864,0.48456571345341715,-0.6178580532391391,0.7115273775216144,-0.9785809784536467,-0.20072284318318556,3.7164132379248658,0.06888614417246686,0.3114464747078123,1.661669787587928,0.11399658619848796,1.4267860447197553,0.053005008347246196,-0.35405041595905395,-0.12594117924454118,0.8459915611814348,6.994550408719334,-0.7922327764570046,-0.007593430508368582,1.8235753174377285,-0.6452225702110181,-0.6874314370788278,0.42003889249004756,4.725784447476114,2.234955520669808,-0.7097115502985945,-0.8961133020371931,1.2432639021593705,-0.7928261617069536,-0.03621861649514824,2.6707084147048086,5.641246221808889,-0.666949563198628,5.817100318356989
2004-09,0.5241283124128322,,-0.2082574752368308,0.624028204664614,-0.19029760928794948,0.6496039000609399,-0.919487109782067,0.116420773886726,0.05073787772312066,0.2721791559000868,0.5758831655812102,0.3674043960197442,0.649150545796642,-0.1148593640710468,0.4739375123881735,0.2148711958192453,-0.13717487969787312,-0.11618391299666064,-0.016017025089605452,-0.8969324202760692,0.21171795245734248,1.6945347698334983,1.3202193457884346,-0.28176859194864623,0.5304947322425613,-0.625468846728087,0.7938328530259373,-0.9781080319057017,-0.1865336992169182,3.760017889087657,0.07012126656186735,0.3087358744088662,1.6690756324134286,0.1152158010241402,1.4465437899852316,0.0521702838063447,-0.343669048420295,-0.11362790868268924,0.9163351416515977,8.318801089918244,-0.8204172448785667,-0.018034266986060477,1.858142289224102,-0.6383426605740105,-0.6816590920963277,0.5474580979720371,3.712141882673933,1.8508634222919946,-0.6524803180375607,-0.9014083263042142,1.244601566978785,-0.8163106491563561,-0.1902477008228627,2.6757516578320484,6.821436875145324,-0.6834597698317304,6.707326998109005
2004-10,0.5704323570432364,,-0.19480359181658202,0.6500632796962538,-0.1766538403843001,0.6689010765793233,-0.9185809433192877,0.15518266320795382,0.019676739283204903,0.3410852713178303,0.5934477994868743,0.3671231531345196,0.6584572663516439,-0.08922039650961533,0.4832445096733544,0.2103203197048893,-0.10513492111835188,-0.21470873263701828,-0.11102150537634392,-0.902050074677295,0.22079626658888696,1.7339862879529888,1.2975196072180082,-0.26472747161012655,0.6087682672233836,-0.6296201886311495,0.8266570605187324,-0.979217637268188,-0.1530018071079563,3.825760286225403,0.07080619806871646,0.31202731772339964,1.6912932660664972,0.1236283833211409,1.4819713456270733,0.055509181969950694,-0.3230158792270913,-0.10566358048949154,0.8092827004219412,8.373978201634865,-0.8230384721579767,-0.023498405640535958,1.8290656359312885,-0.6306412691893003,-0.6648122028940082,0.48263728122974614,3.885402455661654,1.7477760334903203,-0.6237136722062954,-0.9024328847945803,1.170265622014138,-0.8234470860052241,-0.18490224551213186,2.5578256110908417,7.2125087189025905,-0.6733986915579103,6.520573521315556
2004-11,0.626778242677825,,-0.16453235412102252,0.7201229434098677,-0.1666695738022892,0.6723542555352446,-0.908069412351049,0.18816201902291274,0.050456781447646204,0.760551248923343,0.6110124333925384,0.3647080356598129,0.6325827097488395,-0.053617089587323474,0.4974533258206275,0.30514355979096397,-0.08101358348053733,-0.26800904490147404,0.12034050179211508,-0.8952882285340437,0.23909873122356684,1.8920666013712064,1.3716763374354408,-0.3244865354999351,0.698383259698016,-0.625468846728087,0.9818155619596549,-0.9786355492091788,-0.11304464225955246,4.012745974955278,0.07147990119020742,0.30224906840693166,1.6389665854642006,0.1299683004145329,1.420948694536381,0.05717863105175369,-0.3095666669275381,-0.09007550392714714,0.7990355635925257,7.9931880108991695,-0.8312607350193815,0.019624973253380418,1.8266693597994839,-0.6120552446475331,-0.6456407041738494,0.6058894342068735,3.6643929058662925,1.7430664573521728,-0.6990927320659892,-0.8982154134225993,1.2726925281865054,-0.809457739384324,-0.182987141444114,2.780994484623472,6.785631248546859,-0.6988575542956006,7.784953443282188
2004-12,0.6532775453277553,,-0.13966118431203067,0.7281685047911728,-0.15495149153500232,0.6946983546617937,-0.9138688777128359,0.17351653696497915,0.05017568517217197,0.6149870801033599,0.6252220248667835,0.364496731481496,0.6431306255331148,-0.03510451663207692,0.5052793101374795,0.3193741162004322,-0.07961259669854304,-0.14676429417465142,0.19276433691756312,-0.8899467574558929,0.26239609158524124,2.0076003917727734,1.4040680992157126,-0.31156176686480797,0.7490314123416049,-0.6032191107388659,1.0393371757925078,-0.9781535075353118,-0.11545411953684326,4.172227191413239,0.07159218504378928,0.30322060565489295,1.667262519479518,0.13179712265301124,1.4731599591085223,0.055717863105176235,-0.2937304835768568,-0.0814509748442499,0.5638939119951778,6.694822888283366,-0.8304324128558471,0.049952769384123075,1.768203894637299,-0.6247368691276892,-0.6884762054014523,0.6265394943976319,3.654843110504765,1.8644688644688658,-0.7594714096689998,-0.8968949695061361,1.2455570418497959,-0.8163709740663212,-0.16044783972052024,2.708178638109748,5.7772611020692946,-0.6926101037865235,7.699547597960597
2005-01,0.6396094839609492,,-0.13986175826210323,0.7016814319291227,-0.13375498428402466,0.706682916920579,-0.9150922024375878,0.136429961089493,0.026423049894589434,0.8036175710594324,0.6435760805210169,0.3634431867050989,0.638911451740523,-0.07210672965566345,0.4974533258206273,0.2718426068244715,-0.09106414082962666,-0.20211047701087415,0.21115591397849487,-0.881334119561147,0.2698702056292839,1.9248579823702268,1.4080851877829512,-0.32298968033506514,0.6368014759431002,-0.6075161137613341,0.950144092219021,-0.9777169414910549,-0.15293487718358723,4.035867620751343,0.07147990119020742,0.2999173782189932,1.6750811041168503,0.13777127529870725,1.5246841375628364,0.057700333889817434,-0.28270737300140125,-0.06516601956500057,0.6073538276069925,7.96730245231606,-0.8368510131706812,0.022357564465876445,1.8018160284247924,-0.6387534014478617,-0.6925769210677533,0.6070006482081696,3.335607094133689,1.7027734170591327,-0.7541656187952461,-0.8896391522661731,1.2822472768966144,-0.8342633423619615,-0.21030368078792772,2.8061463184325155,6.4787258777028685,-0.7091038841693831,7.49735500394954
2005-02,0.6794979079497916,,-0.12796618014626393,0.7415476405713208,-0.11013043736111128,0.7014015843997585,-0.9042635132073762,0.14333387375702422,0.17905832747716155,0.9190353143841525,0.6228537596210764,0.3624908298450791,0.6215368687092195,-0.057876873330199974,0.4832935055911036,0.316665232093454,-0.10026192361576292,-0.17906751372886698,0.3656137992831545,-0.8707716940770358,0.3017354528219338,2.0170812928501483,1.43799018045017,-0.26605161271751165,0.6249842210030603,-0.5942609518954152,0.9791642651296835,-0.9787083102165549,-0.13365905896526176,4.131305903398928,0.07012126656186712,0.2942774247926738,1.641082781986006,0.13069982930992396,1.4853991924842234,0.056135225375627096,-0.270009469622859,-0.0442177405410501,0.544484629294756,7.809264305177097,-0.8224073695571885,0.050927651046640765,1.763493972585132,-0.6272526569800279,-0.6649427989343364,0.6832114084637491,4.1950886766712046,2.2182103610675057,-0.7420479116610764,-0.8937064728249108,1.262182304605386,-0.8356749452551442,-0.051350043142453394,2.708114256282592,6.930016275284826,-0.6639554228071175,7.348325633721901
2005-03,0.6418410041841012,,-0.12614558583022106,0.71415657204845,-0.10185207796239992,0.6971358927483264,-0.9107426034162476,0.16489677907479328,0.21953619114546807,0.7777777777777786,0.6380501282810329,0.3616441250742175,0.6142358346846262,-0.07847060577220832,0.4878902135108485,0.25046664617276515,-0.12505329841018353,-0.07655863034348931,0.42009408602150566,-0.8736124442072369,0.2873341111273151,1.9651714005876602,1.435567174647709,-0.3087839491069243,0.5909112977618116,-0.5987400313171405,0.9205187319884729,-0.9797997253271972,-0.1604979586373051,4.026923076923079,0.07125533348304391,0.29115704019616273,1.626435130376359,0.1374055108510115,1.463967262545773,0.057804674457430094,-0.27011120937257915,-0.0439243179234059,0.7007233273056057,9.085831062670284,-0.8301814061396245,0.023118473172488052,2.029260275984906,-0.6350053909739695,-0.6746852635428094,0.6876562644689348,4.09549795361527,2.2689691261119855,-0.7120804349791598,-0.8902309231183673,1.2707815784444838,-0.8291477899969234,-0.04297409348233172,2.8240444663819546,7.376889095559182,-0.6778255659983912,7.023266390597694
2005-04,0.6635983263598335,,-0.15708026043755896,0.7326884830952769,-0.13779125138234272,0.71907373552712,-0.9186262516424267,0.11966331603977398,0.2825017568517225,0.6141257536606379,0.6666666666666654,0.36291492625930655,0.6347258394301636,-0.08557406749148688,0.5068182273722388,0.2925877651398725,-0.10769324480721088,-0.12361365349413012,0.40152329749103965,-0.8875837698475894,0.25681785037188254,1.8527326150832524,1.4762481668048215,-0.3229608946588177,0.5210273340777798,-0.6217544881832415,0.805533141210375,-0.9798179155790412,-0.161501907502843,3.9190518783542068,0.07215360431169882,0.2962276664868795,1.6782652669679465,0.15057303096805597,1.5407070465004167,0.06291736227045175,-0.29320221949177117,-0.06435910736647932,0.6535262206148282,7.933242506811974,-0.8361804666573438,-0.008294844295533288,2.1593294099284783,-0.6307439544077631,-0.6875097947030246,0.6483007685896867,3.9918144611186808,2.386185243328103,-0.7559576279108335,-0.9001806225959308,1.2734569080833147,-0.8213779415934221,-0.0559799650651337,2.840869583878789,6.335038363171364,-0.6923381580880567,6.838547526150751
2005-05,0.6133891213389131,,-0.10179899404449566,0.6540408606038652,-0.07703095401725424,0.7456835263051009,-0.9224321507860994,0.12360840899264902,0.09346451159522196,0.6658053402239457,0.6895598973751715,0.36365895505619683,0.6446264766888574,-0.1260391464379501,0.531697018152989,0.3070667076544744,-0.1396113784491675,-0.1367502961128444,0.29637096774193594,-0.8825608071173703,0.30082397549948925,2.0166895200783554,1.5307020340496087,-0.31412369205083535,0.648531339515465,-0.6125778376606823,0.9185014409221908,-0.9795905374309908,-0.19858108560337184,4.062567084078714,0.07306310352571166,0.29886123129675624,1.719567877119971,0.15886369178249127,1.6008812296566446,0.0655258764607689,-0.24896499369996206,-0.011768342843369584,0.5298372513562388,7.698910081743856,-0.8296578778457888,0.019228340457067228,2.281493586977478,-0.6474303024079685,-0.6644465339810898,0.6398740624131889,4.0995907230559245,2.7571951857666175,-0.7659770949070981,-0.9050737726275065,1.254347410663097,-0.827145002986083,0.025422480375445478,2.8231001995836627,6.463380609160669,-0.6869111075216704,6.256863824592478
2005-06,0.6256624825662491,,-0.07881013361310729,0.6323449647441655,-0.04956898807260357,0.7666057282145056,-0.9220696842009878,0.14753566796368234,0.18032326071679616,0.6873385012919906,0.7090980856522584,0.3620295319910065,0.6465165957977164,-0.14160484342571522,0.5463245266883001,0.3331177374731036,-0.15989523055369337,-0.113276623236781,0.14948476702508984,-0.8966096077612736,0.3381216275339065,2.07800195886386,1.5727220557291344,-0.31808172253486655,0.591756080982669,-0.6015440078657003,0.9924207492795392,-0.9786173589573348,-0.22053410079646463,4.0546064400715585,0.07519649674376705,0.29866582603958025,1.7244450170238244,0.16764203852718773,1.6299490676559953,0.06865609348914958,-0.22296657457914992,0.022436350870574717,0.5066305003013862,8.233651226158026,-0.8363364494024249,-0.0009404372354694379,2.1868452703385084,-0.6320788622477795,-0.6834090790367238,0.7294193906843252,4.219645293315133,2.6153846153846185,-0.7467894269674343,-0.8945234698969698,1.319701891840242,-0.8497306492770059,-0.016141591430434588,2.5793720625791345,6.944664031620563,-0.6962156657148559,5.721545347918709
2005-07,0.622873082287309,,-0.023606011046995,0.6036883022961455,-0.0022675657855715237,0.7566524476944976,-0.920619817860541,0.15006214872459878,0.09852424455376019,0.5521102497846693,0.6944937833037288,0.3602587434544071,0.6210001841487671,-0.1408996571533414,0.5295278352490005,0.39904457423916595,-0.173905098373636,-0.1271670076450936,0.09735663082437296,-0.9039352997637011,0.37705993874872346,2.231380999020569,1.6246253905502783,-0.3136631212308755,0.7066660193232042,-0.5892356432759185,1.1134005763688766,-0.9774713730911605,-0.2262231443678454,4.229203935599286,0.07530878059734891,0.29114270976375467,1.6647938494395924,0.15971714216044797,1.553819015752934,0.06427378964941677,-0.1913802953583199,0.05229210221586511,0.6113924050632911,9.413487738419603,-0.8258443686643218,0.03542557133388646,2.181024430999183,-0.6381886327463163,-0.6750509324557281,0.8835077321974285,4.35607094133696,2.721611721611725,-0.7157744477838222,-0.8899571186942177,1.3588763615516886,-0.8464188117199234,0.014815750152577634,2.6705152692233387,7.375261567077434,-0.6996514897240108,6.081049381238478
2005-08,0.6178521617852168,,-0.03556330422439491,0.6465376966190526,-0.015126408071138409,0.7785902904732909,-0.9266005165148838,0.18520319930825635,0.04118060435699267,0.5891472868217065,0.7152161042036693,0.36299379331177684,0.6420534982740882,-0.12746098542615114,0.5467454461635093,0.4009259145404265,-0.1633672412742877,-0.21083234629051195,0.028315412186380007,-0.9058076123495155,0.38344028000583297,2.18468168462292,1.5986737231397066,-0.3483210754328646,0.6775452735835332,-0.5673136448053602,1.0670893371757928,-0.9769256655358394,-0.20721504584699657,4.16413237924866,0.0745227936222761,0.2967176377793961,1.711126463643641,0.16593513777127455,1.6224360160532498,0.06552587646076913,-0.20547125069456973,0.047592100643958135,0.5075949367088608,13.07084468664848,-0.8500234870570181,0.018454906504255852,2.3156933133796676,-0.6362889562047545,-0.6965209214856607,0.9088804518936966,3.957708049113224,2.2522239665096833,-0.5877054331700385,-0.8998714885686651,1.350085992738388,-0.8462438694810247,-0.11522192057579328,2.619911153078523,8.365263892118122,-0.7210521560822291,6.841156617277446
2005-09,0.6404463040446311,,0.004350911840035776,0.6111010667148764,0.027078224042477173,0.7550274223034759,-0.9261021249603553,0.20945471249459424,0.11173576950105457,0.5857019810508193,0.7083086639036893,0.3586605695986862,0.6190893672344306,-0.15068053341895027,0.53058792874212,0.4493857977251787,-0.18761040384966676,-0.12006029934316598,-0.04903673835125444,-0.8995106162275698,0.4250036459092892,2.202820763956906,1.6134668111968384,-0.2527238446149195,0.6955284750206359,-0.5262007938531006,1.072161383285303,-0.9748519768256192,-0.2342547352921477,4.191771019677999,0.07160341342914789,0.28918427019009685,1.658967622851089,0.15922945623018703,1.5418952656278027,0.06197829716193781,-0.16737362749164586,0.0948593405326672,0.6321277878239904,12.43392370572205,-0.8576433337994889,0.02506928026804034,2.4663281888375765,-0.6078964932997897,-0.6674241237005696,1.0362070562089114,4.207366984993168,1.9858712715855598,-0.5306069265592115,-0.8970009583154843,1.460538887827247,-0.8403018658494652,-0.1529136940463408,2.887460566130865,7.884677981864693,-0.6957931460558284,7.181487421308372
2005-10,0.6117154811715488,,-0.023312864504581143,0.619327427228346,-0.01027730585276121,0.7316676823075383,-0.9293643242263604,0.1877161694768683,0.08573436401967727,0.573643410852714,0.6789027037694875,0.35731090136112664,0.6044112576541905,-0.15349554528671916,0.5246148809510567,0.35130525668613766,-0.20911250532983983,0.004953160331648387,-0.016465053763440762,-0.8976684328098031,0.38292985270526403,2.1241527913810003,1.6184403494229427,-0.2732048532650152,0.6666407729280981,-0.5255089035359236,1.001556195965418,-0.9746245986775687,-0.2319121879392262,4.088685152057247,0.07070514260049321,0.2848794888992665,1.6234391385311855,0.1463057790782729,1.4877386221269089,0.057595993322205,-0.19669424074755248,0.06872900849353702,0.8555756479807111,9.24046321525884,-0.8640511766836277,0.005557034230454061,2.529641293070998,-0.612414642912153,-0.6644204147730242,1.1346420964904196,3.971350613915406,1.9733124018838328,-0.6002693334618306,-0.8987586060705088,1.4813682400152848,-0.8428475770499912,-0.16667718921649033,2.927398759576795,7.045570797488965,-0.7214911019914996,6.965148287335133
2005-11,0.5947001394700147,,0.03240040731940752,0.5823540047007743,0.020167381240603133,0.7446678854357123,-0.9276426079470799,0.2041315391266738,0.033731553056922436,0.5503875968992256,0.6771265048352071,0.3566710365958008,0.607243753268621,-0.1689867103920384,0.53494633833463,0.3962705195204448,-0.23445209234330155,0.01033703025735111,-0.047267025089605674,-0.8926712950807676,0.41304506343882075,2.2646033300685615,1.6874322514824973,-0.2723412829775902,0.7596057678302683,-0.4849422817814355,1.090662824207493,-0.9721689146786238,-0.24924703835084527,4.26243291592129,0.07036829103974762,0.2851712126330759,1.629465040607351,0.1441111923920988,1.4939591024501584,0.0556135225375638,-0.1625253371107479,0.0975420616082705,1.0996986136226639,8.312670299727506,-0.869603803827494,0.04641751864435095,2.6270439500913523,-0.5893618113672539,-0.632972888262028,1.3444763404018931,3.5879945429740703,1.9984301412872862,-0.6125155094902671,-0.8897407248751317,1.5792088668068,-0.8398675264977167,-0.19273102258139152,3.037749211322615,6.593582887700543,-0.7314654861668152,7.175263901189647
2005-12,0.5849372384937246,,0.07137346869503625,0.5732236485264839,0.05032251762596385,0.7527930123908211,-0.9230664673100449,0.20596897968006767,0.0715390021082225,0.6218776916451341,0.6950858496151557,0.3568124020672099,0.6134072306689637,-0.1676107371776503,0.5479302565381725,0.3852234860129131,-0.22555887190107704,0.00969096586626672,0.051926523297491034,-0.8819883529244661,0.4563949248942678,2.2762781586679743,1.685774405407129,-0.24238978684206725,0.7255522648929471,-0.4409526237209134,1.0771757925072047,-0.9671302149178256,-0.25172344555250514,4.244230769230771,0.07126656186840252,0.2857586744717091,1.6506642962144884,0.14569617166544657,1.5419598790243136,0.05498747913188762,-0.13424559975582484,0.1193182115891458,1.111814345991561,9.395776566757476,-0.8605550117076706,0.03275769389342065,2.5758499435360225,-0.5727268059762798,-0.6108760382385208,1.4856005185665384,3.6466575716234555,2.4149659863945603,-0.6566852266901322,-0.8813764413374019,1.5595260844639758,-0.8315728513775192,-0.13035334722309866,3.065154409082128,6.953731690304587,-0.7159773573266087,6.923402829307989
2006-01,0.6370990237099032,,0.1223038232480651,0.6295425781956214,0.10244164506664966,0.730448913264272,-0.924108558742241,0.23045017293558012,0.10175685172171534,0.5581395348837217,0.6753503059009263,0.3561011105373826,0.6041620239170518,-0.14659274632787211,0.5429282187534117,0.4767623731939772,-0.22452335993177697,0.03198018735867558,0.16095430107526876,-0.885496248918578,0.4892081085022597,2.4574338883447617,1.7410571956896006,-0.23368211977719877,0.788474049618878,-0.42569462146316606,1.2560230547550435,-0.9596449262840044,-0.2323137674854412,4.364579606440073,0.07036829103974762,0.2836046459682058,1.6271936658174857,0.1387466471592287,1.5120463032340128,0.0536310517529226,-0.10601673227576192,0.15383728667913754,1.3980711271850508,9.604223433242488,-0.8586150883722933,0.04390829432241028,2.4467540098605385,-0.5302664681419111,-0.5673091991850809,1.7126585794981062,3.7421555252387346,2.218210361067506,-0.7199288713109464,-0.8832047482986586,1.8373781769539428,-0.8252990607411518,-0.157648841467264,2.940511191707619,7.749360613810749,-0.7126282274159583,5.928980060799001
2006-02,0.6069735006973509,,0.14347208936341072,0.6060386910142799,0.10964901570202157,0.7351208612634594,-0.9266458248380228,0.23185527453523447,0.0827828531271968,0.4194659776055134,0.6747582395894993,0.3557097513902181,0.5968145647334699,-0.16410773870268724,0.5379172726199688,0.4794712573009552,-0.21617835170859356,0.10358565737052006,0.0874775985663081,-0.8936354284582904,0.4948957269943117,2.416454456415281,1.7410571956896006,-0.18892039321233745,0.7416711171529851,-0.44666982265758726,1.2416138328530262,-0.961964183394119,-0.25406599290542653,4.359570661896246,0.07036829103974762,0.28115742170676183,1.6177371471219257,0.137893196781272,1.5169147558190037,0.05321368948247174,-0.08864271347738673,0.16053884967854537,1.336889692585895,7.452316076294263,-0.8528508984247537,0.05755768136817441,2.354162267373002,-0.539713508240489,-0.5744136237789271,1.6670062042781786,3.990450204638462,2.029827315541603,-0.8034362066379171,-0.8886366747777545,1.7575004777374326,-0.8307584650929908,-0.17690510764568435,2.7533317595553344,6.782376191583359,-0.6905768990342269,5.88974794743519
2006-03,0.5514644351464442,,0.17443762150152908,0.5890435725908483,0.1555061730117815,0.7190737355271197,-0.9252412668207151,0.19693039342844676,0.02825017568517274,0.41688199827734795,0.641405170712452,0.3537812287486777,0.5854290702753306,-0.1515863824517556,0.5140495794145892,0.4720811558561353,-0.2325638058110484,0.22752234306019403,0.023387096774193372,-0.8971519327861301,0.5451728161003351,2.488148873653283,1.6394822419180008,-0.23392679802530247,0.7693547604020021,-0.40821528713448174,1.346628242074928,-0.9602270143430136,-0.2514557258550283,4.403846153846156,0.06980687177183831,0.2779251434554897,1.5809690548945952,0.12509144111192305,1.4292853394326825,0.04904006677796424,-0.07034912386423264,0.1751051867687361,1.6789029535864977,8.961852861035405,-0.8545469866643719,0.06901828164059842,2.14216068821785,-0.5253889202649281,-0.5000000000000002,2.0153717936846056,3.7448840381991717,2.0036630036630054,-0.7934541139588052,-0.8962590366500468,1.775081215364033,-0.8300586961373959,-0.20809394532483072,2.4312509389016443,7.187165775401075,-0.7175798292947564,5.357541230820784
2006-04,0.6451882845188293,,0.17951368531490264,0.6666064002892753,0.1480546029841172,0.6963233800528157,-0.9250600335281591,0.24827064418503975,-0.02220660576247313,0.4160206718346262,0.619104006315373,0.353995509042182,0.5811595262135825,-0.11884968639277205,0.4876073734402049,0.5537964955425787,-0.20868611804836334,0.20307957359750417,0.02226702508960554,-0.8908807616653682,0.5591731077730784,2.5239569049951043,1.607664349933049,-0.2194476028728103,0.7600912754284623,-0.41116492480244726,1.3374927953890494,-0.9620005638978072,-0.21638444548557512,4.456082289803223,0.06924545250392922,0.27714156016840663,1.5612583073184951,0.11875152401853128,1.3778203140878502,0.04820534223706252,-0.07230957057999532,0.18761232584581755,1.9990355635925257,10.138964577656656,-0.8536505341064342,0.09117231085573518,2.0996336727292757,-0.47055501360579166,-0.4141461630883354,2.9794425409760237,4.259208731241462,1.9869178440607027,-0.8172820715485756,-0.8897495572759107,2.0160519778329795,-0.8364591690846901,-0.18648062798577325,2.3920209455544335,7.659846547314585,-0.7188136232018951,5.525528400794695
2006-05,0.6295676429567651,,0.11523744869935659,0.7094557946121822,0.11057348482998552,0.7009953280520032,-0.927461374654524,0.26710440985732675,-0.036964160224876474,0.4659776055124898,0.6252220248667839,0.35156848710672506,0.5735670214666895,-0.10700485030558127,0.4928833429469277,0.4818161696895198,-0.20454407017116283,0.24819640357489203,-0.07791218637992847,-0.9069180874004122,0.48202566720139983,2.349657198824683,1.5483644710833389,-0.14283452554009124,0.6284216147982733,-0.45533665926222655,1.1958213256484158,-0.9662934633329998,-0.20440398902349077,4.274463327370306,0.0686840332360199,0.2735179890968511,1.549114500371104,0.12192148256522728,1.367371751508411,0.04924874791318956,-0.1112485032517595,0.13453427018983444,1.77040385774563,10.281335149863741,-0.8523273701309181,0.06835026850996528,2.241454658966755,-0.48031010935975793,-0.4646607114872279,3.478099824057791,4.144611186903127,1.9644165358451091,-0.829156632783457,-0.8946692045098236,2.2325625836040475,-0.8252508008131797,-0.21558600079971357,2.6746357061613395,7.420599860497566,-0.6913617087680577,5.623285539890369
2006-06,0.6122733612273368,,0.11229055450982961,0.6893870909419599,0.12088567631021774,0.6904326630103619,-0.9205292012142631,0.248284154777344,-0.0763176387912855,0.37984496124031053,0.613183343201104,0.34935276934958504,0.5704820574987268,-0.10977972962126403,0.4805118737152505,0.5203209345219821,-0.2202594871170117,0.3843006352966538,-0.08458781362007184,-0.9090185208300154,0.5040469593116521,2.3372380019588657,1.557801441050819,-0.09469048201614882,0.6177501577899711,-0.46156367211682037,1.2056484149855913,-0.965365760488954,-0.21009303259487155,4.259928443649375,0.06913316865034735,0.27077629261848046,1.5475960410169174,0.11558156547183551,1.377122610745245,0.046640233722872404,-0.10517542280692171,0.14126727132684702,1.5377938517179022,10.967983651226136,-0.8622206205603189,0.06617818206489123,2.4219098596204525,-0.5067515531139295,-0.5348169043514601,3.252986387628492,4.347885402455651,2.0214547357404524,-0.8425659248049171,-0.8884732753633426,2.18192241544047,-0.8242494073077595,-0.19675063661426417,2.9316050389510036,7.6503138804929165,-0.7031657947065486,6.342078176987336
2006-07,0.6616457461645753,,0.10792421390440476,0.7069246067618837,0.1289651876323481,0.7261832216128401,-0.9279144578859136,0.23131485084305958,-0.057343640196766854,0.33763996554694287,0.633905664101045,0.3507813046396149,0.5828219133705774,-0.11255460893694669,0.4917965244077631,0.5816747617583793,-0.22452335993177686,0.40669753418757626,-0.10044802867383518,-0.9182940004218083,0.5275630742307129,2.228246816846231,1.6487279219537077,-0.10754328646065714,0.5438073505850385,-0.4638214194676087,1.1245533141210382,-0.9684035325469081,-0.21658523525868256,4.2698121645796085,0.06857174938243804,0.2750846733650856,1.5760671539079176,0.12350646183857528,1.413340087910628,0.04862270450751338,-0.09711450417524314,0.1635411918197971,1.4879445449065702,10.929155313351478,-0.8661417040487385,0.06456660038723894,2.395918067554789,-0.4926323355752942,-0.5156454056313013,3.525511621446438,4.399727148703945,1.8267922553636864,-0.7945115772694,-0.8897804706786373,2.1817313204662683,-0.8293468621998081,-0.22657154281625502,2.897031997768095,7.5770750988142375,-0.702041509134363,6.292696938506832
2006-08,0.6566248256624834,,0.13842688308081752,0.739016452721023,0.1598285022553565,0.7564493195206197,-0.9300439490734448,0.26038964548205645,-0.06071679550245901,0.36003445305770954,0.654233274126701,0.3529970223967549,0.595159002056149,-0.11186088910802605,0.5005022081569308,0.6203701198893354,-0.24614728634951466,0.4923010660062479,-0.05781810035842305,-0.91365410854248,0.5243182149628114,2.2481488736532826,1.663265956768475,-0.15092330056563863,0.6091081225421195,-0.4412439459597248,1.176109510086456,-0.9749884037144494,-0.2197309417040343,4.367665474060826,0.06655064001796451,0.27929312825096564,1.60833332424215,0.12911485003657575,1.4676253515059847,0.04904006677796402,-0.0690108548486823,0.18918947241565442,1.6902350813743219,8.704359673024507,-0.8707512631016543,0.07982965665168873,2.4524004076423767,-0.5024901165477232,-0.45269811419317774,3.418649874988433,4.046384720327412,1.699633699633702,-0.8517674987148854,-0.8948855983289096,2.2063825721383497,-0.8423770427522637,-0.28330913146873726,3.0914436551709317,6.938851429900031,-0.6997044187525714,6.900902410417214
2006-09,0.618688981868899,,0.16484092942882866,0.7076478032905404,0.17779460040258077,0.7718870607353263,-0.9306329572742513,0.24428501945525127,-0.1397048489107513,0.325581395348838,0.6613380698638236,0.353139875925758,0.6013243117825413,-0.12222655398974958,0.49873167385644757,0.6326812173378447,-0.2537613449473096,0.39872940669753665,-0.06086469534050176,-0.926850684147323,0.5358392883185066,2.2566503428011764,1.6516610342408975,-0.15899768275306203,0.6790503471379346,-0.43953242780670787,1.1897118155619606,-0.9766891922618669,-0.23445552506525513,4.483989266547409,0.06587693689647356,0.2802713305704865,1.625033930782891,0.12874908558887999,1.4974812909332003,0.04810100166944986,-0.04764942047473386,0.19584387820865534,1.4410488245931288,7.272479564032684,-0.8631941680382392,0.10522250577987946,2.372047117582791,-0.5260563741849363,-0.5152797367183828,3.424391147328465,3.751705320600263,1.7346938775510226,-0.8921694760972086,-0.8863446667755993,1.9243263902159344,-0.8261979018996314,-0.293957951890902,2.9858145374165703,5.989304812834232,-0.6849472580481772,6.447016300835386
2006-10,0.6822873082287315,,0.21271638843459928,0.7397396492496795,0.1963223571520778,0.7674182409100165,-0.9300892573965838,0.23873216601815672,-0.15966268446943022,0.3428079242032738,0.6575883165581198,0.3527113153387491,0.6020357030226506,-0.1180929011248587,0.4983241169042609,0.7049505072241038,-0.249436559663762,0.6245289113815038,-0.0556451612903226,-0.9258478132680248,0.5753609450196877,2.3770029382957896,1.708665433909328,-0.11144374559219328,0.7508763412147419,-0.4306470995229601,1.306051873198848,-0.9770893778024357,-0.23244762733417956,4.638103756708411,0.06531551762856425,0.279684409178774,1.628829517167813,0.1263106559375753,1.50303591958818,0.04705759599332282,-0.023552752060230442,0.23515202959376724,1.489692585895118,6.605585831062658,-0.832836698616236,0.14002807742689694,2.1663346156318,-0.5240026698156803,-0.4846157864493549,3.2774330956570132,4.260572987721681,2.1711145996860313,-0.8790939137414382,-0.8710513648267301,1.7624689470666892,-0.8289185553390561,-0.18761706336679496,2.8959804279245427,5.336433387584289,-0.6565006429051821,6.948799578715559
2006-11,0.7154811715481177,,0.22033819853735492,0.792623395407698,0.19029760928795048,0.7824497257769676,-0.9282769244710254,0.21625054042369074,-0.14420238931834084,0.39018087855297234,0.6670613775409497,0.3534970097482657,0.6086664796572252,-0.08639965142011974,0.4983241169042609,0.7624691054411343,-0.24529451178656148,0.664369548831703,0.046438172043010706,-0.925679950760331,0.5549438529969373,2.469892262487758,1.6611617675189692,-0.07638279192273922,0.8031266689323706,-0.4357088234223082,1.3554178674351594,-0.9754613502623943,-0.20594337728398215,4.718381037567088,0.0655400853357282,0.28056066788097356,1.6493100071370788,0.12862716410631458,1.5405238235356644,0.04747495826377368,-0.026229290091331348,0.21465960356508518,1.5370705244122966,7.485013623978189,-0.8051165926196855,0.1520690141065586,2.0771215306787614,-0.492991733839914,-0.41547824269968137,3.0440781553847653,4.717598908594804,2.25117739403454,-0.8655504487727518,-0.858814073547401,1.9917829161093032,-0.8259505697687746,-0.13559357703558717,2.8344314011631635,5.59521041618229,-0.6453818966296061,6.505565263183089
2006-12,0.7143654114365419,,0.27032739840158193,0.7837642379316538,0.23515703765205864,0.7574649603900083,-0.9246975669430475,0.19048584089926357,-0.1011946591707652,0.3944875107665813,0.629563844483914,0.35163991387122673,0.5920920434962034,-0.09146781942644933,0.4739263769523214,0.8504002459268398,-0.2690503746116818,0.6386346505868448,0.06243279569892457,-0.9252882715757124,0.5898352049001021,2.438746327130265,1.7071351144551423,-0.09641762259099884,0.7617614215662492,-0.4002767561268711,1.3565129682997128,-0.9766891922618669,-0.2225419985275402,4.7729427549195025,0.06396811138558234,0.2745092374614768,1.607606492243519,0.11375274323335671,1.4752752136337373,0.042570951585977346,0.0059517753586322275,0.2424351981388626,1.5685352622061486,6.922343324250669,-0.8052403030726809,0.1712702165301938,2.1313544927882195,-0.5045951635262107,-0.4643472809904404,2.633391980738964,4.637107776261925,2.193615907901625,-0.9052253722405367,-0.8577630178546979,1.8838142556850728,-0.8234953459331962,-0.1412547088410463,2.980749833680279,5.270867240176709,-0.6593213950996835,6.105368982933191
2007-01,0.6884239888423997,,0.3086215941000423,0.7898210088591537,0.2458913452246818,0.7454803981312232,-0.9255131167595487,0.17886673151750832,-0.1361911454673218,0.4556416881998284,0.6149595421353844,0.3509271342838056,0.5840416068145764,-0.1037541135865897,0.4484351371997064,0.8606603135567201,-0.2817810805871951,0.54603208786476,-0.009543010752688263,-0.9333155427769624,0.5823975499489571,2.5472673849167493,1.661671874003698,-0.13693346190935396,0.7890566587367109,-0.39452314191034576,1.3846685878962544,-0.9789720688682935,-0.23960912924168243,4.831932021466909,0.06114978666067761,0.2717763334863099,1.5901668549864398,0.10985125579126964,1.4461218311375972,0.04173622704507585,0.021439695719886354,0.2665377703024876,1.584086799276673,6.404632152588545,-0.7983788551942256,0.18257320745460914,2.064497470597417,-0.4940699286337734,-0.43804523846836974,2.2834521714973666,4.568894952251012,2.3642072213500813,-0.8860319151127947,-0.8649790892911554,1.9795528377603646,-0.8289909452310141,-0.1138329439989898,2.8662360237783537,4.869797721460132,-0.6821018664783113,6.396510041410343
2007-02,0.7163179916318001,,0.28512358441077734,0.7897306092930714,0.22199120184475274,0.767621369083894,-0.921752525939015,0.18370352356247155,-0.13886156008432804,0.4599483204134376,0.6327215314781907,0.3529955343391613,0.6036817301256321,-0.09105502746213301,0.4680468668224156,0.8031699969259176,-0.26996406164341724,0.7228383762248334,-0.028225806451612878,-0.9328937344242961,0.5749963540907099,2.558276199804115,1.6249442071032325,-0.10781675038500849,0.7523328640093236,-0.39226539455955733,1.3559365994236319,-0.9784081710611283,-0.2252861254266766,4.694141323792491,0.06249719290365996,0.27830894798066397,1.6349033215257043,0.11631309436722681,1.5099989989473852,0.043718697829717046,-0.012439640936945384,0.2186627264200871,1.66449668474985,7.333787465940041,-0.788971482051227,0.14651719872868751,2.248331328785612,-0.48282589721209657,-0.4160006268609936,2.469765719048066,4.724420190995896,2.6488749345892235,-0.8919194342532978,-0.8672357676901944,2.166252627555893,-0.8270605481121318,-0.05044510385756662,3.0270403674056254,5.162055335968385,-0.6779715771116619,6.344998444119967
2007-03,0.7637377963737806,,0.31770913691486613,0.7933465919363547,0.24676348591144026,0.7580743449116414,-0.9117846948484437,0.19970006485084157,-0.14293745607870623,0.6158484065460821,0.6214722715610796,0.35192562092923274,0.6013167581118886,-0.08388850030386164,0.44829928488231063,0.8308502920381216,-0.26959858683072313,0.6261440723592147,-0.10407706093189972,-0.9382610305036305,0.612512760682514,2.592282076395691,1.663265956768475,-0.16786367103729194,0.756673301937177,-0.3990386366119225,1.374524495677234,-0.9797997253271972,-0.22582156482163007,4.733631484794279,0.061486638221423195,0.27791912982728406,1.6235296536777453,0.11107047061692188,1.472495017488093,0.04163188647746319,0.012455293206132145,0.23651958857957278,1.6693188667872216,8.213896457765653,-0.8185293157915499,0.1529510001930976,2.4288324351123314,-0.4903732607691125,-0.4482056104058926,2.966478377627565,5.043656207366973,2.350078492935638,-0.8875346350947052,-0.8584033669111767,2.142556850754823,-0.834293504816944,-0.08209693372898097,3.057836341395367,5.386189258312028,-0.7109664384330443,6.0239126792254085
2007-04,0.8122733612273372,,0.4005924645909853,0.8222744530826216,0.3192488426693094,0.7529961405646985,-0.9199401930134565,0.24621703415477558,-0.23471539002108144,0.8751076658053414,0.6121965660153919,0.35106998781280874,0.6017897599935189,-0.06460194241552186,0.43970050131732297,0.8639557331693852,-0.28306024243162464,0.4152040486701867,-0.15201612903225814,-0.9403915931012813,0.6486072626513049,2.6863075416258577,1.6935535292992414,-0.08144907094229903,0.8434820604942488,-0.3974727795783112,1.4065417867435168,-0.9813368016080183,-0.2229435780737552,4.962790697674422,0.061037502807095745,0.2768471315572216,1.6284582331608703,0.10716898317483481,1.4836073082908463,0.04006677796327285,0.06364603958458837,0.2839230603979024,1.794454490657023,9.29904632152587,-0.8274346755021031,0.2156033254528662,2.419890010007437,-0.4793345997843612,-0.44836232565428624,3.4710621353829136,5.178717598908582,2.055468341182629,-0.8875103715858477,-0.8659948153807424,2.2516720810242665,-0.8369779633103898,-0.12467117031799124,3.0257527308625,5.076958846779825,-0.6811208543110225,5.995954711922826
2007-05,0.8086471408647151,,0.48838213966118627,0.8047369372626973,0.3709109683901337,0.7014015843997585,-0.9161796021929228,0.29149102896670787,-0.20688685874912072,1.080103359173128,0.5810144069469096,0.3500715011673814,0.5793262840010756,-0.07917005882285577,0.4175365297973137,0.9135198278512175,-0.2986538344399088,0.34876709378701665,-0.10607078853046603,-0.9324073635686708,0.6846653055271981,2.8521057786483848,1.7452018108780205,-0.06800616013471705,0.8954799242608165,-0.3750045519099815,1.493544668587897,-0.9808365696823073,-0.23612877317448477,5.14105545617174,0.06047608353918643,0.26905371121649724,1.5814461272393712,0.09314801267983364,1.425267478227112,0.03526711185308917,0.10917457758438487,0.325610030861772,1.7499095840868,9.456403269754752,-0.8168637069389015,0.26509579203916256,2.3813292446680565,-0.496842429532269,-0.4526458757770465,3.2686359848134163,5.534788540245552,2.333856619570908,-0.8887669659393119,-0.8589686405610337,2.220141410280907,-0.8384016311855654,-0.048088052696929284,2.908127132648023,4.768658451522908,-0.6672844761896928,6.0677166862149
2007-06,0.8532775453277555,,0.49646681272564797,0.8304104140300088,0.3629500682014024,0.6912451757058726,-0.9095192786914956,0.2982598357111954,-0.09964862965565602,1.011197243755385,0.5662127491612376,0.35014143987428925,0.5738917358187439,-0.0747440116499074,0.3936220677613551,1.0126959729480514,-0.30943534141438644,0.19349628512975348,-0.1210797491039427,-0.9319209927130454,0.6818944144669679,2.7538883447600395,1.7357648409105395,0.07979389455806785,0.8940331116181985,-0.36874112377553636,1.4519884726224794,-0.9814277528672384,-0.2359949133257463,5.012298747763868,0.05934201661800964,0.26895641359275313,1.5651414666118302,0.0888807607900508,1.3947086785195406,0.03453672787980033,0.09630841231207432,0.31108037159878665,1.7149487643158539,9.778610354223416,-0.841673927932386,0.24151701606884757,2.3851210532597626,-0.508753914873954,-0.4980932978112105,3.3384572645615416,5.7025920873124,2.5222396650968104,-0.9067286030331599,-0.8695851862974131,2.201031912860689,-0.8367125337065434,-0.0010312098827783833,2.856857737622592,5.302487793536394,-0.6247496137549755,5.829451612131074
2007-07,0.8725244072524416,,0.4068102570432335,0.8558126920990738,0.290046083913889,0.6951046110095491,-0.914820352498754,0.29481463467358204,-0.07730147575544521,1.1007751937984511,0.5958160647325814,0.3509271342838054,0.5949210614305804,-0.06499180149293171,0.4178037802577639,1.1345650169074735,-0.2868977279649133,0.24184343706256284,-0.1093862007168459,-0.9355451012124838,0.6097783287151812,2.576219392752204,1.7016514697443088,0.08454353113890511,0.884109336311115,-0.4048650813881506,1.2740634005763698,-0.9798452009568073,-0.22541998527541507,4.8000447227191465,0.05979115203233709,0.27615644303535003,1.6068510973936712,0.0997317727383562,1.4461030234822743,0.03808430717863143,0.0433020027078419,0.24942494406631366,1.7031344183242925,9.438010899182544,-0.8506169386503728,0.2192888791470311,2.5611325847648256,-0.4967397443138061,-0.476205401452228,3.5873692008519393,5.881309686220994,2.287807430664576,-0.9160085012524227,-0.8699605633305214,2.2409707624689448,-0.8405371329983289,-0.029273733611128283,3.0428568362770116,5.937921413624746,-0.6041903364369805,6.481485027646786
2007-08,0.7874476987447707,,0.43303915820656247,0.8400831676007918,0.2648551723175576,0.7115579930936444,-0.9215259843233201,0.3066634241245114,-0.1330990864371039,1.332472006890613,0.6027235050325617,0.3490923592706734,0.6150142927975866,-0.06935478322688737,0.43822616961050564,1.2025883799569663,-0.27209599805079987,0.08431140303650464,-0.12663530465949824,-0.9398105305746492,0.6001531281901702,2.591968658178257,1.689026334247274,0.2120208984009555,0.931553138806624,-0.4241287644295547,1.314265129682998,-0.9815096090005366,-0.2299712201325197,4.858720930232564,0.05471592185043739,0.28238087989600125,1.6543012331515143,0.10582784686661761,1.4829402432254586,0.04215358931552626,0.05307293174827965,0.261088493117668,1.452380952380953,9.079700272479547,-0.8511010230316592,0.22746368983315368,2.57888889909015,-0.49478872516301287,-0.5146267565167425,3.250949161959449,5.562073669849917,2.5918367346938807,-0.9271679274893977,-0.878669310498633,2.163959487865467,-0.8344563820738498,-0.0012627059789125372,2.9194797948365756,5.588235294117656,-0.522268063627991,5.648275366828634
2007-09,0.9464435146443524,,0.46503841762582354,0.8679262339540732,0.2728544466965064,0.7237456835263074,-0.9124190113723891,0.38576794206657805,-0.0758959943780736,1.134366925064601,0.5928557331754472,0.3503691126861377,0.6199806442798663,-0.027559596839848877,0.4367473837293474,1.4927623731939788,-0.2680757751111642,0.18025196511252517,-0.03015232974910398,-0.9423370765237826,0.6337319527490153,2.6742409402546525,1.714531658483708,0.5429266397040831,1.0229645093945736,-0.4175375987764467,1.3514985590778106,-0.9807638086749311,-0.20346697008232217,5.048255813953495,0.054816977318660864,0.2879209510673373,1.6600061337400644,0.10473055352353056,1.4780714872911882,0.04152754590985008,0.06919868207893387,0.26783721332348276,1.5555153707052445,9.576975476839221,-0.8372382806757102,0.2758528909833886,2.5371239177737586,-0.4443702828977769,-0.4475526302042523,3.554958792480794,6.072305593451553,3.12244897959184,-0.9167976186685651,-0.8620025702286264,2.458054653162619,-0.8255282953990191,0.12269293095102829,2.9238148378650965,6.383399209486176,-0.4211270780347248,4.984704502477436
2007-10,1.0463040446304053,,0.4924553337241977,0.9014644729705259,0.2966220246920481,0.7288238878732503,-0.9163155271623398,0.454428772157369,-0.08896697118763097,1.344530577088718,0.5973949082297201,0.3517172928661032,0.6247105135185353,-0.012796550893810155,0.4415846170634976,1.8621174300645604,-0.2747761466772237,0.2857758156562962,-0.08517025089605745,-0.9470200100717504,0.6911185649701033,2.751537708129285,1.7839061404068093,0.42070265835720133,1.1554983735495479,-0.4144058847092241,1.406743515850145,-0.9810912332081237,-0.2010574928050315,5.1143112701252305,0.053581854929260375,0.28830972796845944,1.6778815197724537,0.1029017312850522,1.505891649704393,0.039232053422370905,0.09810451020136579,0.29227512562155855,1.7174201326100063,11.05381471389644,-0.8359276670360052,0.2705651495462209,2.296945436517045,-0.4107922164604406,-0.426996813456616,3.3460505602370674,6.481582537517037,3.0873888016745195,-0.9071460205206285,-0.864263664828055,2.5803554366520127,-0.8239719127219202,0.14253845991960779,2.7321501384209266,7.620320855614985,-0.5019789068695473,4.17952461880939
2007-11,0.937796373779638,,0.4583886197426503,0.8806725727716467,0.2569361348817909,0.771277676213693,-0.9157265189615332,0.3753107436229983,-0.1591004919184813,1.5762273901808803,0.6173278073810917,0.3511503429228726,0.6710779168419747,-0.0037495270092083866,0.47208012168804414,1.6357762065785475,-0.25016750928915044,0.27317756003015203,-0.057347670250896154,-0.9476785476019334,0.619294151961499,2.5483643486777665,1.7324491487598035,0.6281754199110521,1.0043015973199996,-0.45417137030698096,1.2248703170028827,-0.9815277992523807,-0.18439194163710426,4.834347048300542,0.05043790702896844,0.30571194042759964,1.7714994713393128,0.11436235064618372,1.6081303673863192,0.04528380634390694,0.06968390242375322,0.24240376000125763,1.5303194695599758,10.547683923705707,-0.8315242920714151,0.2237029846617924,2.2870389922786662,-0.420444626995944,-0.445280259102544,2.927863691082515,7.058663028649368,3.2448979591836773,-0.9219883919968221,-0.8726500293677323,2.571756162812915,-0.8138493928297812,0.2036744743986365,2.7034573041182886,7.176005580097662,-0.4688937011718285,4.321875673217319
2007-12,0.9274755927475598,,0.4895084395346707,0.8155848851925473,0.23841535525778812,0.7682307536055271,-0.9135064111277241,0.38864569822740824,-0.09880534082923309,1.676141257536608,0.5942372212354434,0.3502336994451034,0.6736863825510491,-0.00810104229971087,0.4812178603482731,1.5422834306793773,-0.257720655418163,0.3283083880693467,-0.006272401433691899,-0.9517718102895413,0.6120387924748429,2.5321057786483836,1.7345533380093094,0.7929878092661089,0.9940088362382886,-0.47241542551254523,1.2218731988472635,-0.9794995861717706,-0.19061642460343842,4.768917710196786,0.0530092072759929,0.30658195954456824,1.776089924847636,0.10424286759326962,1.590047413492376,0.040692821368948584,0.06621692479867214,0.22037610491954474,1.7082579867389995,11.741825613079001,-0.8090412619183369,0.2076184810007673,2.2076864458909835,-0.38455614314319464,-0.41571331557227187,2.75090286137606,7.555252387448821,3.7802197802197837,-0.9216255461205033,-0.8610751681468295,2.7775654500286615,-0.8041551797983941,0.33059747037902243,2.7189304032448423,7.855149965124401,-0.46784698400356795,3.943892572468103
2008-01,0.9721059972106003,,0.26648563581942364,0.8213704574218004,0.0700991798388988,0.7871216737761548,-0.9011372389107879,0.3682987462170322,-0.10175685172171389,1.5305770887166248,0.6433787250838741,0.36898620124193293,0.7149475606046967,0.010187935008197702,0.48578784322197244,1.125175530279746,-0.22379241030638852,0.2631635619683452,0.007952508960573201,-0.9592481481322067,0.46693160274172363,2.293555337904015,1.7638206975706177,1.3756530750298648,0.7505267757440415,-0.528094388405375,1.057291066282422,-0.9765800507508027,-0.15233250786426422,4.3877459749552825,0.054794520547944314,0.3250310216532466,1.8575708795913517,0.1304559863447936,1.6554243401394872,0.051752921535893615,-0.07875047935074442,0.06725141602611484,1.8249547920433997,10.865122615803799,-0.7901117697049238,0.1429245406105013,2.11824383257283,-0.3230476972839761,-0.33445645928015466,3.067876655245864,8.266030013642544,3.8487702773417096,-0.9147711474358069,-0.8510857228657605,3.302694439136247,-0.790666529930204,0.3951427910011154,2.5305491769856414,7.510346431062553,-0.4428763459258771,4.149532039160302
2008-02,1.0555090655509072,,0.2258771253124343,0.8227264509130316,0.04867940457211106,0.824091001421899,-0.8835123012097322,0.3989677907479443,0.0723822909346461,1.7269595176571935,0.6526544306295616,0.37140727094701487,0.7438305161226819,0.03235257020329918,0.4840707590135793,1.2009972333230903,-0.2069805689224572,0.17842144933778603,0.1958557347670249,-0.958718735607942,0.4564313839871661,2.224133202742409,1.798316648600395,2.3543084960923437,0.6562606204787116,-0.5383270820436257,0.9761671469740647,-0.9731057126485916,-0.12174553242754638,4.199105545617178,0.050999326296877756,0.3383573076468265,1.9035164737732053,0.14020970495001173,1.6652880453082557,0.05707429048414081,-0.11336938572669619,0.03629532986465911,3.0975286317058464,11.600136239781998,-0.7728407147236955,0.11501724830778715,2.0708416346092053,-0.2887508343174001,-0.22486026223684896,3.7406241318640703,10.467939972714843,4.3239141810570425,-0.901132841944779,-0.8068398111632709,4.400535065927762,-0.7561908438851654,0.6585432582023278,2.532416249973173,8.446175308067902,-0.36041109428941154,3.6458098953969875
2008-03,1.023430962343097,,0.19684018884809018,0.8216416561200466,0.027681745397714286,0.8531383302864126,-0.9026324135743736,0.33767023346303304,-0.09163738580463732,1.7011197243755394,0.6410104598381665,0.37267063184413485,0.7435920332781805,0.07388402839091301,0.4973909673798551,1.0496341838303143,-0.17433148565511214,-0.004845482933130585,-0.08662634408602177,-0.9624848816138903,0.42190462301297926,2.183976493633692,1.8236944462156468,1.4726320183076895,0.689226586396078,-0.5586468082007212,0.9862536023054767,-0.9784991223203485,-0.0782410815875757,4.16234347048301,0.04971929036604461,0.3367032136871402,1.944906855186776,0.12631065593757573,1.6691496816349387,0.0482053422370623,-0.12502250013695793,-0.013827540856479414,2.1990355635925254,11.30790190735693,-0.7684516830000324,0.11011987704383319,1.79164333128288,-0.3309031164963804,-0.32625502794755257,3.711084359662941,7.772169167803526,3.48979591836735,-0.8944987729475328,-0.8350504992514537,4.046818268679529,-0.7271624972099728,0.29233747921796427,2.289825525248405,8.524529179260648,-0.45287445690709915,3.2619623237666646
2008-04,1.105997210599722,,0.2585552504088642,0.8324896040498966,0.09431329386606091,0.829981718464353,-0.8854152507815686,0.371433203631645,-0.10990864371047004,1.8251507321274776,0.6153542530096681,0.3669817876631096,0.7092496435985589,0.06569125454357727,0.4568958413601276,1.347920073778055,-0.20880794298592797,0.09949391622698567,-0.046998207885304844,-0.964482015038759,0.5186670555636572,2.4227228207639557,1.880571319262896,1.339339944443644,0.8144778365781435,-0.516113761334256,1.0654178674351598,-0.9795814423050687,-0.11398166120072084,4.404069767441865,0.04866382214237519,0.32444345146095177,1.867154840175146,0.1119239209948788,1.62631979687733,0.041840567612688284,-0.07928265650312727,0.05586033083400177,2.0039783001808313,12.637602179836492,-0.7557650864000978,0.1599338249492468,1.9226397598215192,-0.37187451866303844,-0.3583816538682547,3.8008148902676266,8.817189631650725,3.695970695970699,-0.8878719404353844,-0.8321888013990519,3.7794763997706813,-0.7026585187821607,0.40745417429551534,2.5044745369873582,9.690769588467811,-0.5350814513869668,3.608516647916317
2008-05,1.1361227336122743,,0.2867898910729185,0.828692822274449,0.1195356025271157,0.8066219784684154,-0.8875900502922387,0.38479517942066366,-0.1777933942375256,2.0000000000000018,0.5812117623840516,0.36564700000148775,0.6899267370605187,0.061391338248614424,0.42567207923085393,1.2345441131263488,-0.2218432113053529,-0.006352966512327418,-0.05788530465949848,-0.9636986566695217,0.5047396820767096,2.5954554358472075,1.9344513167123636,1.6304207026583564,0.9201340000971026,-0.5008193437966573,1.1552161383285315,-0.9826828802444769,-0.12154474265443882,4.461001788908771,0.04489108466202496,0.3176124283404369,1.8178932113673159,0.09131919044135528,1.5704158615271284,0.031823873121870294,-0.07043129827746841,0.0495831826922577,2.093068113321277,14.748637602179812,-0.7609519609003255,0.1445371660586705,2.1258366308908463,-0.3559069671920727,-0.3478556130178132,3.433836466339484,9.319236016371052,3.694400837257983,-0.8807521755853933,-0.8347811110276937,3.973628893560094,-0.7392455766759768,0.45520550539806814,2.6252763053415435,10.995814926761234,-0.5586969238196124,3.943054790913659
2008-06,1.1503486750348686,,0.1566945413028069,0.8442415476405674,-0.011072698159084626,0.8037781840341274,-0.8694214127135155,0.3532479463899676,-0.11342234715389932,1.680447889750217,0.5620682849812493,0.3643806629891799,0.6994139791258036,0.07785141782573213,0.40653917334978473,1.01971964340609,-0.2273862459645476,0.09561752988047978,0.05907258064516108,-0.964331369198521,0.4004302172961933,2.336728697355533,1.9475865586941268,1.670389614128009,0.7334951691993989,-0.5331196970248718,0.9914121037463988,-0.9792813031496421,-0.10193427481426731,3.987209302325587,0.042510666966089516,0.32122902117192353,1.855888150783822,0.07461594732991905,1.6178326907384504,0.02504173622704564,-0.17784499557823452,-0.047623538781562336,2.274502712477395,15.510217983651202,-0.7114032351179913,0.02672156899584066,2.014037954810456,-0.3293114956102069,-0.32709084260565213,3.775627372904907,10.10504774897678,4.9377289377289415,-0.8650129907677775,-0.8084693891069997,4.101280336327149,-0.7327485838727386,0.7026958772649792,2.681331416185589,12.132527319228103,-0.5123283570920772,3.5228474998204735
2008-07,1.122175732217574,,0.16268090227420218,0.8390887723738887,-0.02488042951184455,0.8230753605525105,-0.8826514430700919,0.3462089277993925,-0.15994378074490423,1.4677002583979344,0.5912768896783085,0.3660681203005278,0.7114231188429274,0.06722202474458405,0.4465577027150427,1.0756126652320965,-0.24200523847231392,-0.04780876494023756,-0.03667114695340523,-0.9650501650647992,0.34030917310777276,2.2664446620959833,2.0420837849901163,1.4456310539875354,0.7407680730203436,-0.5400021849167913,1.059942363112393,-0.9779625098909495,-0.12609597751154333,3.932737030411454,0.045508645856725094,0.3262140533557094,1.8786067913931022,0.09387954157522516,1.615709549131973,0.031823873121870516,-0.17955109291969662,-0.06172354349728282,1.702049427365882,13.399863760217963,-0.7701800435317363,0.028532510842166348,2.065893003057319,-0.34045284181342095,-0.31632972888262023,3.5038429484211573,8.744884038199158,4.36368393511251,-0.9084061054139636,-0.8414407412150731,3.337855914389447,-0.7664219486152417,0.5029147463013239,2.521750327274286,10.583585212741237,-0.5549197988331869,4.049716351102279
2008-08,0.9377963737796382,,0.1489030147807593,0.6894774905080419,-0.009084217393275362,0.8454194596790592,-0.8828326763626478,0.2954766536964959,-0.21321152494729367,1.1515934539190371,0.6121965660153916,0.36596246821136935,0.7295563596475345,0.0036979280136673065,0.48305743435103876,0.9448004918536768,-0.24931473472619714,-0.015505545386022002,-0.020564516129032206,-0.9651878984044453,0.40053959457488686,2.315572967678745,1.9806159535803096,1.3935433728176854,0.7607321454580771,-0.5546775426969157,1.1302017291066293,-0.9798179155790412,-0.17033665751957505,3.9930679785331007,0.04633954637323079,0.33266834929507727,1.9263733003987813,0.10229212387222586,1.6761573533382146,0.034536727879800555,-0.18004022633181305,-0.0446735935363185,1.142736588306208,12.82425068119889,-0.7797075413174985,0.04501260352898817,1.933510223193383,-0.40298813985726745,-0.47766807710390224,3.1750162052041926,7.837653478854003,4.138147566718999,-0.9212497597061272,-0.851646580315228,2.6678769348366105,-0.7365550856915346,0.41888166340467636,2.4472176320363945,9.76005580097653,-0.5588356343772198,3.647293965579145
2008-09,0.8052998605299868,,0.05572870058938073,0.670855179895133,-0.10954784738235623,0.8100751574243366,-0.8960627067192243,0.3011375918720258,-0.3544624033731546,1.1877691645133521,0.6275902901124906,0.3592051986780094,0.7341434009403671,-0.025742165552511298,0.4859726914571172,0.6519397479249951,-0.2291527075592361,-0.21696995800581353,-0.12336469534050187,-0.97053367364946,0.22626513052355257,1.9614495592556307,1.825671108843971,1.067531196476633,0.49129484876438356,-0.5985943701977351,0.955043227665707,-0.9815459895042247,-0.1803761461749529,3.5405635062611855,0.044116326072310086,0.33992710510074575,1.904203800439427,0.11619117288466185,1.6729494347086256,0.043301335559266185,-0.24601845402537292,-0.12887540542098253,0.41567209162145846,11.308583106267013,-0.8153971105541153,-0.015949857264381695,1.7547535324415398,-0.3704369256045591,-0.5322311027529645,2.548847115473661,6.285129604365603,3.071166928309788,-0.9288211663613437,-0.8741471212997758,1.5113701509650275,-0.7378701687287732,0.1186312267188585,2.2656179582376526,8.375261567077436,-0.6243061049984152,3.5963329104531176
2008-10,0.5235704323570438,-0.1444402289038541,-0.1026938624371262,0.5084071596456305,-0.23793044503594896,0.8102782855982145,-0.9165873771011734,0.14903534370946647,-0.5006324666198168,1.2118863049095623,0.6421945924610202,0.3762404820116154,0.7499566365082613,-0.12176216302989362,0.4745766864060834,0.2758376882877367,-0.17707254675031858,-0.3279853558738012,-0.24063620071684588,-0.9726900612482945,0.07966311798162451,1.3049167482859936,1.4046419690110308,0.7927287381798813,0.25065786279555313,-0.6922544699756019,0.5461095100864561,-0.9837561051032752,-0.20775048524194983,2.7622540250447267,0.06258701998652527,0.34865723095146217,1.8650113039797827,0.1419166057059249,1.5806311485107138,0.05926544240400733,-0.36512048334207303,-0.2287596082808051,0.393670886075949,6.42166212534059,-0.8479634390788772,-0.1575634221060156,1.6091407376123548,-0.48662525029521986,-0.6292117223005799,1.2545606074636582,4.503410641200533,2.8995290423861877,-0.937749541675088,-0.907802984468223,1.0305751958723466,-0.7921082952783693,-0.009175663446766347,2.0159237719166447,5.293420134852369,-0.7037261123537253,2.923354956076308
2008-11,0.5006973500697356,-0.21067691043030135,-0.16865183448020338,0.43961308985716574,-0.282447994250848,0.8791387365427605,-0.9075710207965203,0.11259727626458971,-0.47477160927617656,1.3479758828596053,0.7219261890665065,0.3795841474248416,0.8415503714564272,-0.1245886413411158,0.5557139261987865,0.2778481401782993,-0.15069744776755667,-0.37773231398729323,-0.251008064516129,-0.9733916404471168,0.05709493947790567,1.0843486777668945,1.316712363705923,0.6752687862519609,0.10940428217701648,-0.7067477513564693,0.3622478386167154,-0.9839198173698714,-0.24643598152733914,2.482245080500898,0.07245677071637036,0.36858378640844114,2.1147364113309775,0.16569129480614442,1.929844108805328,0.065734557595994,-0.4059533405855519,-0.2916358834902617,0.34611211573236855,4.833106267029965,-0.8676585017767691,-0.20078178411694392,1.4307696545139055,-0.41505365302664665,-0.611189468735308,1.0332438188721214,4.326057298772157,2.6237571951857688,-0.9412265450619333,-0.919196781473156,1.1544047391553582,-0.8202679632500648,-0.06227244986004998,1.828164903319954,3.8244594280399973,-0.701287726762102,3.280608947506999
2008-12,0.6111576011157607,-0.19956369154889508,-0.1477149998457108,0.37886458145000623,-0.2934439440294987,0.97704651635182,-0.8926192741606633,0.10805771725032254,-0.46268446943077957,0.6950904392764867,0.7649496743635265,0.39168056760468817,0.878531778077418,-0.039140704727615216,0.6451181135680841,0.3158696587765162,-0.10769324480721054,-0.43835468935070454,-0.27715053763440867,-0.9767058489323514,0.09118419133731925,1.180528893241919,1.2210673978192945,0.7959671267577251,0.13233966111569706,-0.6911255963002076,0.4348696014574047,-0.9840471491327797,-0.1477143430827904,2.5032647584973207,0.08039523916460745,0.37647415156281694,2.237845341483269,0.18154108753962395,2.1725911792096633,0.0715776293823045,-0.40756161124459056,-0.30335182943762384,0.3076552139843276,3.8576294277929097,-0.852732566687106,-0.2072061916467044,1.4930636528062142,-0.36838322123530287,-0.5707046962336102,0.7380312991943729,4.384720327421542,3.279958137100998,-0.9496824204663463,-0.9218023397029662,1.2860691763806584,-0.7901175732495219,0.03567144390428689,1.7765306779406376,2.684026970471988,-0.6749427590807493,2.8878330181678895
2009-01,0.4627615062761512,-0.25362799962060134,-0.23541210232357057,0.36801663352015646,-0.34946328462136833,0.9343895998374996,-0.888360291785601,0.10588251188931941,-0.45832747716092703,0.5925925925925934,0.7294256956779135,0.3890779548731649,0.8646020988995728,-0.11761704372154935,0.5645064663476,0.20379711035966985,-0.09892184930255066,-0.4003445676752442,-0.2329525089605735,-0.9816298158246999,0.02008896018667028,1.018570029382957,1.1807689855257282,0.7884252795808802,0.10128659513521443,-0.7332216598084558,0.27549965067550874,-0.9828829730147614,-0.21658523525868245,2.201207513416819,0.0820458118122609,0.37371252461768645,2.158588917131071,0.17520117044623218,1.9118894716565684,0.07481218697829806,-0.4610023713187822,-0.3466631036777378,0.3395418927064493,4.570163487738412,-0.8628642734969181,-0.2773381764285303,1.414115076341135,-0.3381424243980077,-0.5224363997283603,0.8101676081118652,4.2455661664392785,3.440083725798015,-0.9605658386481769,-0.9236659762673389,1.4070322950506369,-0.8380095192707925,0.03567144390428689,1.6416292894392321,2.051150895140669,-0.6976958533756389,2.7160399262752213
2009-02,0.4797768479776854,-0.2914572069935819,-0.3256858086215928,0.3566262881938138,-0.4089816536485129,0.9559211862685377,-0.9029495718363463,0.07067390834414011,-0.5382993675333796,0.5882859603789847,0.765936451549238,0.38809434880367566,0.858360560670081,-0.12368852553003673,0.6039994031406393,0.1617128804180774,-0.1732350612170298,-0.426833207709701,-0.29115143369175633,-0.9817675491643459,-0.05359486655972012,0.8220959843290883,1.0781100554740797,0.7165042674765032,0.04315191532747531,-0.7506281635774372,0.11959735354001744,-0.9819461750447935,-0.22086875041831033,1.8575581395348868,0.07957556703346014,0.3736220876306471,2.1377605818834646,0.18483296756888534,1.8623291764370498,0.07867278797996757,-0.5255679817181498,-0.4123006953068097,0.35057263411693773,4.649182561307896,-0.8732667089792275,-0.35937018887027494,1.456559461618267,-0.3280792729886529,-0.5030820665517421,0.8739698120196346,3.934515688949511,2.892203035060181,-0.9626454341950653,-0.9306744862854895,1.6351996942480378,-0.8270303856571494,-0.07927689037607588,1.6672317960383696,1.8116717042548283,-0.7283298975093231,2.5876917921344265
2009-03,0.6019525801952585,-0.23873660248506123,-0.2791063659085987,0.35979027300668665,-0.38513035014704255,0.9983749746089805,-0.8952018485795841,0.0774292044963234,-0.504005621925509,0.6718346253229985,0.7789619104006291,0.3909767163628295,0.8931044167265854,-0.08324637947048019,0.6578191917009835,0.2377399323701217,-0.1843211305354192,-0.3720254118660484,-0.26675627240143374,-0.9802180490933272,-0.021911914831559187,0.9895788442703224,1.2412803672766684,0.8099425725758858,0.15696460649609234,-0.7187283784275884,0.22249002731038736,-0.9833377293108623,-0.20206144167056916,2.1072003577817564,0.08309005165057193,0.38174710320978966,2.243550737954653,0.18836869056327665,2.009905870718613,0.07961185308848173,-0.4998160858370445,-0.3986093863799506,0.5099457504520792,4.7758855585830995,-0.8571162196954214,-0.30773277387233644,1.4509314261056385,-0.3421471479180569,-0.5078357624196834,1.2466895082878082,4.332878581173248,3.2600732600732627,-0.9670063955203944,-0.9310277823166503,1.7290273265813068,-0.8297691365695636,0.005198139613191044,1.611219606412428,2.035108114392006,-0.722469376450414,2.5999712760609883
2009-04,0.6834030683403074,-0.19603844573018436,-0.1625883296818572,0.4045380582173177,-0.3022909391559766,0.953686776355883,-0.9050337547007385,0.13752431906614593,-0.4296556570625434,0.36175710594315347,0.7550819025064117,0.3931567207377187,0.8672021882609928,-0.08476568322803368,0.6227024811978175,0.42125668613587686,-0.18164098190899536,-0.3427371594702262,-0.2782034050179213,-0.9814059991477749,0.05917310777307838,1.2836043095004888,1.2998788497098763,0.896673815109601,0.3028207991455074,-0.7008848913003898,0.4122730059746853,-0.9816369407634449,-0.20259688106552265,2.4012075134168196,0.0839658657085105,0.3795672231083487,2.1614510536700293,0.18385759570836324,1.8441995067540802,0.07794240400667873,-0.4214725654851815,-0.3297127078191885,0.505846895720313,4.878065395095361,-0.8609046282052663,-0.2561016214974976,1.5634003250121657,-0.3661754890383526,-0.5338243744449669,1.5022687285859848,4.743519781718949,3.857666143380432,-0.9715426500553294,-0.9306391566823735,1.6755207338046967,-0.8217579885262021,0.11934676010690914,1.636800652402513,1.9844222273889836,-0.7265540373441663,2.208416114129783
2009-05,0.8465829846582993,-0.18900376236997707,-0.12211867806337984,0.5294702585427558,-0.2577454814391015,0.9096079626244182,-0.896515789950614,0.24051556420233244,-0.4022487702037941,0.29457364341085346,0.7132425498322454,0.39688430501014027,0.8525841901934983,-0.024721652085173185,0.5921178930864541,0.6847894251460214,-0.15142839739294478,-0.25670291805749856,-0.14431003584229396,-0.9798392824093004,0.10536677847455156,1.344760039177276,1.4316138493910602,1.2244275248636272,0.342088653687431,-0.6788900622701286,0.4546522812762379,-0.9800816742307797,-0.14978917073823528,2.5892665474060856,0.08517853132719466,0.3813535455337065,2.0983308220173718,0.17227505486466677,1.762176591749515,0.07856844741235491,-0.38054579462657634,-0.2743920650140683,0.6331525015069317,6.658038147138956,-0.8496147046905984,-0.22296190759499623,1.6119042591283441,-0.30399958925912585,-0.4095491824687877,1.6856190387998935,5.1432469304229045,4.621664050235482,-0.9685578979253764,-0.9142418046361269,1.8916491496273604,-0.8320313206932538,0.2562240882210576,1.584029014743436,2.799348988607306,-0.675202841376263,2.180529956674724
2009-06,0.8711297071129716,-0.16263555597710966,-0.1529299225475962,0.5607485084071564,-0.2863691387785141,0.9205768840138149,-0.9001857641248697,0.16715304798962194,-0.4473647224174273,0.13608957795004373,0.7400828892835973,0.39779797237272185,0.8405511554489129,-0.03009941406474015,0.6031152495339829,0.7097473101752252,-0.16099165499177526,-0.3959297943361678,-0.26543458781362006,-0.9799167574128513,0.06978270380632923,1.3627815866797248,1.4513167123637056,0.8346118971199927,0.38133708792542675,-0.668657368631878,0.47881216323889353,-0.978699215090633,-0.164112174553241,2.5947674418604687,0.08484167976644907,0.3775706522955946,2.078883487402479,0.1803218727139717,1.778683949486286,0.07929883138564375,-0.3963350211696943,-0.2968126968158403,0.725979505726341,6.747956403269745,-0.8801962872520861,-0.22679776424355347,1.6434047319567764,-0.34153103660728,-0.48680979992686635,1.7631262153903187,4.518417462482933,4.890633176347465,-0.9697732017462235,-0.9260683892792317,1.8490349703802749,-0.8333222737665064,0.2500789191236821,1.6921904843659434,2.9653568937456467,-0.7381801722383585,1.891782559781697
2009-07,0.9380753138075322,-0.09695216415315078,-0.062363069707160323,0.5819924064364457,-0.22154815437587816,0.9077798090595188,-0.885007475873318,0.25648508430609396,-0.42290934645115874,0.18432385874246404,0.7580422340635458,0.40026070769042965,0.8512054022356723,-0.015313435231794736,0.5941556778473873,0.8933980940670176,-0.14795638667235034,-0.3006352966512318,-0.21671146953405007,-0.981401694980911,0.1605658451217733,1.5680313418217424,1.447235860485876,0.7513781142503484,0.49900470942370356,-0.6550016386875934,0.6207869990076773,-0.9777897024984311,-0.15126162907435747,2.8652951699463367,0.08824388052997922,0.3798603052270835,2.105778750766017,0.18836869056327687,1.7937234000600708,0.08201168614357379,-0.3389029324526326,-0.23376875153915855,0.8198915009041592,7.2288828337874556,-0.8852666229197819,-0.1593701888702751,1.6311938229326395,-0.3233044103301326,-0.47398526876665104,2.1906658023891157,4.502046384720313,4.587650444793305,-0.9723167836905632,-0.9349405358617551,1.9184024460156652,-0.814072594996652,0.22949681166740343,1.6826834345558699,2.876307835387125,-0.7442323328834356,1.780668789046604
2009-08,0.9631799163179922,-0.04029529861835668,-0.038479340883140645,0.5420357982281654,-0.16697656732402777,0.932155189924845,-0.8902632413574374,0.23696227842628437,-0.4255797610681652,0.15245478036175775,0.76356818630353,0.40332461827602506,0.8703702613033424,-0.010067537351940103,0.6302701234029009,0.8302539194589635,-0.131327282694766,-0.3021427802304285,-0.2676971326164874,-0.9832352700649498,0.24744786349715642,1.6794515181194893,1.4277242874450038,0.5230645230933084,0.5205224061756579,-0.6524889843778451,0.6668613150799894,-0.9708865019236191,-0.14423398701559298,3.0038908765652996,0.09055692791376546,0.38704980850789483,2.142446145719272,0.19092904169714653,1.84081170200181,0.08368113522537679,-0.3037909795972674,-0.19486929594290814,1.009463532248342,6.7901907356948135,-0.8900985022070662,-0.12620959955744138,1.5093968912678246,-0.3249473738255374,-0.43828031134096024,2.4215205111584464,4.470668485675294,4.531658817373106,-0.979927352500427,-0.9307230644897742,1.9900630613414823,-0.8134391834420187,0.22636109181977004,1.5778268987273831,2.7967914438502732,-0.7718968760009737,1.4840223089259634
2009-09,1.057182705718271,0.01626671725315365,-0.00010800135772948138,0.5168143192912642,-0.13449107102364866,0.9459679057485295,-0.8766707444157492,0.26922557284911175,-0.39578355586788394,0.1782945736434114,0.7690941385435142,0.4045939314035203,0.8840633086599399,0.011695772322298126,0.6313703044650878,0.9506965877651425,-0.10288115977340406,-0.32324755033918273,-0.23476702508960556,-0.98425105344484,0.299365611783579,1.8249559255631724,1.4080214244723583,0.392132874681558,0.6090110210224802,-0.6625031863369871,0.7653483633159923,-0.9714685899826283,-0.12495816879726751,3.1519677996422226,0.09219627217606052,0.39105688547136297,2.1721867186642814,0.1958059009997557,1.8793613284271724,0.08733305509182077,-0.27686907659437965,-0.1698707368575484,1.048462929475587,6.518392370572198,-0.8853490965551122,-0.10529139463397585,1.5001514887209777,-0.2854649073265899,-0.3729822911769316,2.4124455968145253,4.27557980900408,4.308738880167454,-0.9746639589158349,-0.9282588246724282,2.1182877890311436,-0.8235798008071473,0.16063724561735837,1.5824838508916854,2.8144617530806846,-0.7907624244050266,1.6071043875816828
2009-10,1.1029288702928874,-0.010069872585285689,-0.051902366772609065,0.5587597179533506,-0.17863185546186788,0.9329677026203556,-0.8704635041457116,0.25540423692174463,-0.3496837666900905,0.21705426356589208,0.7748174462206405,0.4052992707029728,0.8898955463838276,0.01729139672747637,0.6310963727431265,1.0249283738087942,-0.10684047024425747,-0.1737913212016784,-0.18866487455197123,-0.9825509075335832,0.27639638325798477,1.6946131243878537,1.4713383918893066,0.45158968897076734,0.560295188619703,-0.6655256545646555,0.6447479172365229,-0.9743699351517522,-0.116123418780535,3.0734794275491994,0.09175836514709124,0.3951641459658486,2.1797265840902753,0.19787856620336464,1.8504491086081503,0.08785475792988429,-0.3134288643496095,-0.18753897019140564,1.2131404460518378,7.343324250681189,-0.8780161146311816,-0.10427163083924362,1.4554577254657146,-0.26343892796631896,-0.3881314318549862,2.577646078340593,4.593451568894939,4.522239665096811,-0.9779036907265891,-0.9216389402885543,2.1742786164723813,-0.8088725877576628,0.22109981690763347,1.5689851277979239,3.1320623110904497,-0.7739547201286349,1.9803001651626482
2009-11,1.1397489539748955,0.00512188181731954,-0.007035517017926374,0.5568613270656269,-0.15742139395990196,0.9932967702620374,-0.8739975533505505,0.2822362732382169,-0.3245256500351361,0.21447028423772663,0.7994868758634273,0.4053692094098804,0.9223121800826481,0.03559757370056471,0.6523004696926851,1.0357872732862,-0.06840470244258834,-0.1488101647464184,-0.1689516129032257,-0.9796412907335591,0.3262724223421323,1.8036434867776676,1.5287891347318752,0.6145310093697369,0.6558527940962289,-0.6890499253486764,0.6956826330919106,-0.9745609327961146,-0.09972558731008452,3.317173524150273,0.09143274197170381,0.40399229355989963,2.2490438965732564,0.21177761521580063,1.9262066475961168,0.09171535893155358,-0.2919969947643163,-0.16953015703349705,1.497950572634116,7.44618528610353,-0.8663227874654418,-0.042171460182764076,1.374544386195247,-0.16398829388509484,-0.304053701091783,2.813871654782856,5.167803547066835,4.993197278911568,-0.9803978943020257,-0.9215726972827117,2.4947448882094343,-0.8008674722052977,0.32613590925353053,1.5082945253986284,3.1164845384794297,-0.740471634147253,2.08775163367403
2009-12,1.110460251046025,0.04745644819627537,0.04624000987441179,0.5316398481287259,-0.09634712594758055,0.9352021125330103,-0.8728195369489375,0.29605760916558377,-0.31623330990864285,0.13436692506460002,0.7686994276692294,0.4057918177665141,0.8750548272152983,-0.00945408262719205,0.596099924947163,1.0518007992622223,-0.13528659316561942,-0.10240120598686198,-0.20436827956989234,-0.9830501908898004,0.3793933206941813,1.9807247796278142,1.5181406618631637,0.49709984311806377,0.7432830023789887,-0.643239503295583,0.8339055813088465,-0.9697223258056007,-0.12469044909979077,3.398747763864047,0.0921962721760603,0.39352150049545576,2.127564536588733,0.20238966105827805,1.751096152621097,0.0910893155258774,-0.2495832583328772,-0.11621107565587796,1.788908981314043,7.49659400544958,-0.8672819917024353,-0.033591666536195275,1.4486361424544856,-0.22488062843353662,-0.36718382698636587,3.01740901935365,5.133697135061378,4.916797488226063,-0.9775948205155884,-0.9187860748369316,2.5079304414293846,-0.8100066960650061,0.30136582696719105,1.5214498787475565,3.123227156475245,-0.761300119455341,2.0288914953203903
2010-01,1.086471408647141,-0.024028581365203028,-0.023714012404725704,0.5164527210269358,-0.14331713477364427,0.9839528742636625,-0.876897286031444,0.26732057933419595,-0.3755446240337308,0.12833763996554737,0.8042234063548419,0.40670846124428306,0.9091211152747904,-0.041863985047758234,0.6129745644374274,0.8900977559176169,-0.10805871961990454,-0.0533003122644542,-0.22923387096774184,-0.9820387116767743,0.32459530406883474,1.883682664054846,1.5289166613530574,0.3755379323248744,0.6312084284119062,-0.6601361931466445,0.7665989924999415,-0.966402604844064,-0.1464426745197761,3.2391323792486624,0.09264540759038775,0.4043950163700707,2.2007907612135402,0.2203121189953665,1.8330626446596954,0.09714106844741344,-0.30765709008663567,-0.16234130290121596,1.8148282097649169,6.882152588555848,-0.8858529028926732,-0.06603831681566485,1.5141159944545959,-0.2343276685321145,-0.39178812098417193,2.664413371608488,4.437926330150056,4.291993720565152,-0.9792953093784676,-0.933151974704004,2.5914389451557365,-0.8188081004289101,0.1344360965549174,1.5038307187157947,2.762148337595914,-0.7910553592010263,2.0659453766426497
2010-02,1.1199442119944214,-0.01179297480160646,-0.016339062548213157,0.4461218586150755,-0.15018960338530107,0.9819215925248852,-0.8884962167550179,0.2885997622135734,-0.25411103302881144,0.08096468561584902,0.8144858890862412,0.40769801954414775,0.919590970229917,-0.058725390145739076,0.6164443662489403,0.9285041500153728,-0.09392702686239718,-0.02810380101216592,-0.2413530465949819,-0.9814232158152307,0.3729765203441737,2.0333398628795276,1.5937001849136,0.42372515436318814,0.70552993154343,-0.6619933724190672,0.8456728649941871,-0.9726236709747246,-0.15735225219195337,3.369856887298752,0.0924208398832238,0.4081348998115528,2.2209601012341516,0.2295781516703237,1.8416446991230249,0.10267111853088595,-0.31094015354876103,-0.14891721814399705,1.949065702230257,7.478201634877372,-0.8793841012345945,-0.03862681550834213,1.5694139681781887,-0.20952918827334777,-0.3803217886433685,2.916658949902775,4.899045020463834,4.34222919937206,-0.9804952037428123,-0.9349361196613656,2.6722721192432575,-0.8286953531721855,0.18090367657890893,1.575273086250185,3.091141594977919,-0.7775803585850419,2.25365631806975
2010-03,1.1746164574616458,0.04269815675487654,0.08013700743666696,0.4402458868197401,-0.08891997585914557,0.9538899045297604,-0.8865026505369036,0.3353734327712905,-0.2713984539704839,0.05081826012058621,0.8221827511347908,0.40741528860132936,0.9014816244527712,-0.06625884349451383,0.6213907268544405,0.9982071933599777,-0.1386976914174316,-0.08431140303650109,-0.21272401433691746,-0.9805064282732113,0.4561397112439842,2.2501860920665995,1.6983357775935723,0.29600310885303394,0.8366461135116781,-0.6268526273624414,0.9977095810156535,-0.9807547135490091,-0.14115521049461055,3.633184257602866,0.09285874691219309,0.40499807320762304,2.1871183789021575,0.23299195318215027,1.8039171492448198,0.10361018363940011,-0.25845418189502056,-0.0963683711376937,2.2631705846895693,7.933923705722059,-0.8930263162612909,0.012629623251032118,1.7758425986283397,-0.21348256918416564,-0.34263177140469114,3.238077599777764,4.691678035470655,4.259549973835692,-0.9845647475564944,-0.9412866158214794,2.9126695967895975,-0.8479329669600468,0.15632300018940626,1.6909243084318701,3.2838874680306978,-0.8070289749928583,2.308542978193742
2010-04,1.2005578800557881,0.029877643934363762,0.06901286759033742,0.4496474416922769,-0.12611852043076766,0.9583587243550704,-0.8773956775859726,0.33306312148724393,-0.2539704848910742,0.08096468561584902,0.8423130057233046,0.406003121944831,0.9182974602222098,-0.08021923839882639,0.6382052349911036,0.9877282508453757,-0.14290065176341438,-0.0853881770216417,-0.22811379928315412,-0.9802137449264633,0.42941519614991974,2.3883643486777646,1.7193139067780394,0.41642798543444703,0.8767975918823143,-0.6285277302356069,1.1110052157252377,-0.9825737387334128,-0.1595609396961365,3.705545617173528,0.09209521670783638,0.4090456004428178,2.232526237739257,0.2429895147524992,1.874845064355557,0.10767946577629517,-0.2949357083043118,-0.13340773692566432,2.778541289933692,8.236376021798353,-0.8867224618738728,0.027916686237364097,1.7715458276333806,-0.16676079478359063,-0.3020686412787966,2.974256875636639,4.716234652114585,4.8037676609105215,-0.984687342127564,-0.9406197695626636,3.145996560290457,-0.8463946817559375,0.21478628701306945,1.7103461596240073,3.369681469425722,-0.7899301610593827,2.445244991263134
2010-05,1.0186889818688982,-0.051550791994688594,0.04588514827043744,0.37515819924064076,-0.17684919989813386,1.0160471257363421,-0.8877712835847945,0.2895455036748791,-0.2900913562895283,0.04823428079242098,0.9068482336688348,0.4040269814602897,0.9456809747211723,-0.14823244774168443,0.6924370346779751,0.8778911773747331,-0.11341901687275224,-0.051146764294172975,-0.23409498207885304,-0.9854002659975122,0.3462155461572116,2.143388834476002,1.600076515972709,0.3334100951366594,0.7392144487061236,-0.6719347438185064,0.9504983293215699,-0.983674248969977,-0.21758918412422035,3.3282200357781786,0.09253312373680567,0.41704449236013574,2.3099492840790785,0.26725188978297965,1.970539021334563,0.11414858096828184,-0.3265024221886571,-0.16415947519268947,2.1395418927064473,6.76975476839236,-0.8916278502709081,-0.05030243250718891,1.5915037780368912,-0.14386199106638564,-0.31019171498720177,2.6791369571256656,4.522510231923589,4.415489272632133,-0.9833865626474434,-0.9469393523200508,2.6810624880565577,-0.8582726565280601,0.14030767935686228,1.59220550679228,2.5784701232271625,-0.8088276493944637,2.2586590707805723
2010-06,1.0228730822873082,-0.0868822915678652,0.03519301385503337,0.41936358705477894,-0.1887347331772783,1.0593134267722961,-0.8892664582483802,0.2751837440553373,-0.29627547434996393,0.07407407407407485,0.9259917110716374,0.40671738958984593,0.9736923226529461,-0.15426379699808568,0.7301705726063832,0.9185367353212441,-0.0908814034232791,-0.017443738559274613,-0.06440412186379929,-0.9873758785880611,0.2755942832142335,1.936180215475023,1.6069629535165464,0.3205572906921508,0.6337621983784059,-0.6850442445650196,0.8005080974192933,-0.9812731357265642,-0.1610333980322587,3.0987924865831875,0.0935212216483261,0.4215105025776853,2.3837242195886894,0.2761521580102415,2.087846917819655,0.11529632721202154,-0.34330122009438346,-0.1951941566981571,2.0104882459312816,6.910762942779281,-0.8932755300723976,-0.08329393099633109,1.7020538198110535,-0.12209272475227151,-0.30120670741263145,2.475969997221971,4.328785811732595,4.649398220826795,-0.9825035411952664,-0.9306303242815944,2.631759984712396,-0.881690786576501,0.13978155186564867,1.6147176856879168,2.601488026040462,-0.8058398969891588,2.098355554491705
2010-07,1.1715481171548117,-0.04382054443706762,0.08038386768291028,0.48933285120231096,-0.14177867860220283,1.0613447085110734,-0.883738842825427,0.3170936013834824,-0.2743499648629646,0.1403962101636529,0.9129662522202462,0.4101860518409497,0.998316241938161,-0.0986056804760872,0.7367449339334597,1.0076925914540444,-0.06919656453675904,-0.02896522020027814,-0.005465949820788518,-0.9876685619348091,0.37086189295610317,2.137982370225268,1.6637122999426128,0.7729817642740962,0.7505559061999334,-0.678999308109683,0.9243488100208128,-0.9771803290616559,-0.13171809115855548,3.38501788908766,0.09440826409162284,0.42343899954199604,2.4186702399322497,0.26652036088758835,2.1173631060539497,0.11227045075125353,-0.28829523310141925,-0.14033984626750695,2.3871609403254945,7.177792915531326,-0.8844490581869426,-0.017154368440554735,1.7181850733113615,-0.168352415669764,-0.32753486914276775,2.9012871562181752,4.807639836289209,5.251700680272112,-0.9813357427707088,-0.9256930122461235,2.725014332123059,-0.8710675699316519,0.2765957446808518,1.714638281434424,2.7330853289932637,-0.7325623946552622,2.257988845537017
2010-08,1.1422594142259412,-0.06010306996743542,0.03536273027432579,0.4549810160911196,-0.17752598107105855,1.122486288848266,-0.8981015812604776,0.2705631214872437,-0.20590302178496034,0.17657192075796813,1.0015788434971356,0.41100001934474806,1.019873146571816,-0.1256722202474463,0.8097198992465773,0.9543141715339707,-0.044161539867209276,-0.08743404759340845,-0.003024193548387011,-0.9879354202803734,0.35948665597199936,1.982056807051908,1.5543582222789003,0.7774003655780877,0.660552507646746,-0.703907359528058,0.7821465871276747,-0.9769711411654494,-0.11177297369653816,3.185420393559931,0.09473388726701026,0.42536776739046056,2.4930400364890444,0.29419653742989516,2.3041143262764265,0.11811352253756402,-0.32098891036728083,-0.15283650596538645,2.3865581675708234,6.367166212534052,-0.8752120110299524,-0.05593253067380599,1.7193694396753565,-0.12173332648765178,-0.2761845060857757,2.945643115103257,4.736698499317859,5.36368393511251,-0.9855867095225503,-0.9275787298124438,2.5990827441238236,-0.8647636168403019,0.28295136477471283,1.7914028800137318,2.3813066728667813,-0.7356085515058755,2.098235871412499
2010-09,1.3408647140864711,-0.019222865092162755,0.09177029654087332,0.4915024407882811,-0.12462890413778416,1.1255332114564318,-0.8951565402564451,0.31998486813661664,-0.06099789177793269,0.23255813953488458,0.9778961910400603,0.4117797615238894,1.029053791876291,-0.058335531068329116,0.7961391216813625,1.1483012603750407,-0.03673021867576143,0.020135673522129638,0.02267025089605723,-0.9867517743927896,0.45048855184482983,2.3188246816846205,1.7002486769113045,0.8216151642942466,0.8783220857406435,-0.6819489457776484,1.005383896462615,-0.9713958289752521,-0.08065055886486683,3.55867620751342,0.09495845497417377,0.4276036385857169,2.5047703763297817,0.28566203365032905,2.2719984347177267,0.1128964941569297,-0.28725435720043546,-0.142739624104668,2.8548523206751026,7.108310626702988,-0.8591619244326353,0.018183526169936348,1.6377950587133574,-0.08009447040098538,-0.18719636420623753,3.27521066765442,5.458390177353328,5.615907901622192,-0.9859979972814654,-0.9105056991066025,2.9082744123829483,-0.8501529236467614,0.4058337016225777,1.796961177758222,2.715182515694031,-0.7401385462951039,2.190870574718146
2010-10,1.37907949790795,-0.00920041733851884,0.15987286697318748,0.5206111010667116,-0.09545405388434014,1.1243144424131657,-0.8957908567803905,0.33086089494163184,0.1540407589599453,0.1834625322997423,0.9467140319715781,0.41227528470261876,1.0409886102051829,-0.04079187258488104,0.782271049871164,1.2168398401475584,-0.0023755862825103335,0.02390438247012172,0.13664874551971296,-0.9849999784791656,0.4849788537261188,2.4324779627815842,1.7592935025186507,0.9624634781732604,0.9973879691217187,-0.6892320017479336,1.0877264588694553,-0.9645199137782062,-0.08459942440264878,3.7311270125223652,0.09518302268133749,0.43085581426909614,2.51128726852892,0.27627407949280647,2.2039432372828482,0.11112270450751405,-0.25854418244285005,-0.11950160072517302,3.3532248342374897,7.260899182561298,-0.8346582902139654,0.05075229759984956,1.604706249598327,-0.04636237613595484,-0.0850180222535657,3.371238077599785,6.061391541609805,6.279958137101,-0.986848667388499,-0.9037003343063693,3.0225492069558513,-0.8278025445047024,0.5551276385293691,1.7751786595703556,2.75168565449896,-0.7234631645901137,1.8211934796658444
2010-11,1.3417015341701535,-0.02070884315027388,0.1733576079242165,0.4783945037063788,-0.14348458578550205,1.0794231159861902,-0.8966970232431697,0.32447038478166634,0.12930428671820238,0.1619293712316976,0.9214525360173647,0.4099003447829439,1.0243146488241468,-0.101500957448029,0.7657148838462697,1.2198278512142657,-0.04008040445879102,-0.031226445569073058,0.10994623655913949,-0.9867689910602454,0.45442613387778863,2.533672869735551,1.7438627813556078,0.8799781228860515,0.9926882555712015,-0.6631586613743128,1.1599787176330683,-0.9664389853477521,-0.10113111572183764,3.730724508050093,0.09495845497417377,0.42780667220492985,2.4751447820844557,0.2783467446964152,2.1504700397084293,0.11550500834724708,-0.3073479577701781,-0.13822825135838956,3.7328511151295922,7.84400544959127,-0.8494999587631824,0.0441055669500503,1.806645305226822,-0.02782769420341913,0.04798098521652783,3.4684693027132214,6.2537517053205836,6.301936159079021,-0.9869060484585691,-0.9116627436086537,2.926619529906358,-0.8376837647569811,0.5639455352821101,1.8747129643539258,2.853987444780289,-0.7491510822617476,1.9446106709433413
2010-12,1.5048814504881447,0.00915299250687629,0.20980035177585354,0.48056409329234895,-0.09733787776773839,1.0810481413772122,-0.888314983462462,0.3677313013402481,0.39367533380182884,0.13695090439276547,0.8880994671403171,0.4128779480281002,0.9882910625997161,-0.07642384561580595,0.7448337145364217,1.2217522287119604,-0.011451544131081959,0.09529449768493814,0.3267697132616483,-0.9838206367584459,0.5560011666909723,2.7640744368266374,1.7749155136134669,1.1798097266800038,1.0872942661552671,-0.6531444594151707,1.3328782023140513,-0.9608636731575548,-0.03466970082323639,4.045617173524154,0.0958454974174705,0.42475580308911254,2.372329856897142,0.2688368690563274,2.0228422007383604,0.11550500834724708,-0.270295123535535,-0.09972701217179902,4.408077154912593,8.858991825613066,-0.8259842152633599,0.09928867039292744,1.8702246623637775,-0.0030805565538837287,0.14921903567883765,4.194369849060108,7.223738062755778,6.927786499215076,-0.9863256823537204,-0.9005604158294285,3.1775272310338174,-0.8364290066297076,0.7504051181682352,1.9280854990664609,3.162520344106028,-0.7114601385097912,2.099073652966943
2011-01,1.4507670850767083,0.008299345537323033,0.24122874687567775,0.522328692822271,-0.05117721549898635,1.0591102985984189,-0.8766254360926101,0.35874675745784446,0.6212227687983152,0.42032730404823515,0.8579040852575461,0.4131621670285124,1.000035019864189,-0.05403561477336627,0.7132914789417781,1.2493661235782376,-0.02205031369921251,0.12878216862280834,0.35049283154121813,-0.9843242242815269,0.5401779203733406,2.8380803134182138,1.825671108843971,1.4227752270470213,1.1475748895470232,-0.6531444594151707,1.3266250563943052,-0.9586171770548163,-0.04457532962987587,4.163998211091239,0.09539636200314305,0.4265863245586028,2.3823926088862017,0.24494025847354273,1.9857143723855168,0.10538397328881643,-0.22484875994897402,-0.07740593447244193,4.521217600964431,9.115122615803804,-0.81754680378805,0.13051097785640864,1.9799943076965474,-0.06515377111464782,0.04638771352452542,4.207797018242439,7.155525238744865,7.0638409209837825,-0.9862791134437376,-0.9000525527846349,3.230842728836226,-0.8224637899727935,0.7628848622598232,1.9434942163658575,3.1378749128109806,-0.6945675652738107,2.365057328194939
2011-02,1.5129707112970712,0.029624711498940526,0.27372172678742523,0.5458325800036123,-0.02702938416401801,1.0643916311192392,-0.8648905803996194,0.4017779939472521,0.8705551651440642,0.49956933677864,0.8691533451746567,0.41383476906090166,0.9915171343706939,-0.046226966781713785,0.7229035871693064,1.249559176145099,-0.019004690260094437,0.18908151179067767,0.48579749103942604,-0.9853916576637843,0.5772568178503714,3.016062683643482,1.8411655933176045,1.3004648886713968,1.2142156624751195,-0.6399257128291034,1.4539618460327741,-0.9608363877797887,-0.02985074626865525,4.339982110912348,0.09539636200314305,0.4257806556240078,2.3703119112941,0.25115825408436954,2.017782638107352,0.1054883138564291,-0.21179085437911405,-0.05612755500364164,4.372212176009639,10.037465940054483,-0.8007150105602112,0.16622149854133084,2.028305437986029,-0.012322226215536025,0.2567256960768942,4.235855171775174,6.989085948158235,6.589743589743593,-0.9875740186006613,-0.9055330574680155,3.250334416204848,-0.8408508225301474,0.6866595113327867,1.9138141940468243,3.196930946291567,-0.7148138312677312,2.1789022667975195
2011-03,1.5665271966527197,0.03190110341774921,0.23178634245687935,0.527029470258539,-0.05620074585471513,1.0601259394678073,-0.8920755742829958,0.40627702118460607,0.9585382993675355,0.3608957795004317,0.8454706927175817,0.4139061958254031,0.9889891788245693,-0.01848964006834053,0.7301371662988267,1.2714528127881977,-0.03520740695620228,0.10843114030365264,0.4445116487455194,-0.985628386841301,0.5651888581012099,3.1132223310479885,1.8991902059554926,1.2582938729688102,1.2027091323979238,-0.6680747241542553,1.5177155110236416,-0.963946920845119,-0.016933270865402306,4.338908765652956,0.09595778127105214,0.4246580667651785,2.3698695507476755,0.23738112655449872,2.0138642754654223,0.1010016694490834,-0.2369557901656797,-0.09508988687510167,4.159252561784202,10.83719346049045,-0.8110062859253364,0.17603294139750436,2.161496157695171,0.0077013913847103765,0.4079036723606533,4.015742198351709,7.1909959072305405,6.773940345368921,-0.9867330538971707,-0.9089423641687163,3.180202560672649,-0.8433724037666874,0.7428920175937035,2.1447732686653618,3.564752383166714,-0.7335762593230367,2.316059075567895
2011-04,1.7263598326359828,0.019807771349078074,0.3114450581664485,0.5887723738926014,-0.024960666455027036,1.0877513711151767,-0.8783018440487517,0.44121541288369803,0.7023190442726654,0.33677863910422134,0.8717189658575064,0.41482879153354735,1.0175952661370369,0.025736432330783376,0.7595235815125048,1.2850624039348317,-0.0119388438813407,0.1588241628082292,0.6226254480286735,-0.9887747328188419,0.6046740557094932,3.223623898139075,2.0049735382261042,1.295269074108723,1.2635141039957292,-0.6603911001056045,1.5841125513351288,-0.9683216764136099,0.04276822167191141,4.495348837209307,0.09805748933303304,0.43118945104906015,2.429587629455587,0.24567178736893447,2.0687189256582013,0.10246243739566085,-0.20857431306103646,-0.0663501894147791,4.322182037371905,12.002043596730232,-0.7957701782506268,0.22440961730153997,1.9919389638171516,0.08923345484417533,0.8052029462466688,3.845263450319483,7.073669849931768,6.5185766614338085,-0.9859988486326534,-0.9144626146556024,3.373017389642647,-0.8364712340666831,0.7113243681208832,1.946541622851254,3.8481748430597627,-0.7321225361765337,2.039926275223208
2011-05,1.659693165969316,-0.0007746055834838561,0.27469373900700744,0.5649068884469317,-0.029945822620538465,1.1222831606743888,-0.8907616329119659,0.4079253134457388,0.7093464511595242,0.46597760551249023,0.9060588119202653,0.4150772971517087,1.048990621126931,-0.004787240141725935,0.7918764768371804,1.3051349523516778,-0.016507279040017697,0.2535802735005952,0.4318772401433688,-0.989644174525358,0.5867361820037911,3.1657198824681645,1.9945801185997571,1.4816995063256515,1.2361800262174119,-0.6692764283893524,1.535963327753083,-0.9670028831549172,0.055284117528948906,4.431484794275497,0.09828205704019677,0.4367101890201599,2.5104114072093644,0.26127773713728364,2.1630229362390243,0.10715776293823165,-0.23106662388379795,-0.06421763574725836,4.235141651597342,11.121934604904618,-0.798199564682638,0.2054046437350283,1.743772895454423,0.07470349643168861,0.422843859374183,3.843504028150763,7.0613915416098045,6.346938775510208,-0.9863038026281892,-0.9063323897385166,3.299254729600606,-0.8350475661915076,0.689227013489909,1.724832070734165,3.3457335503371386,-0.738474932173274,1.8880005744787796
2011-06,1.6881450488145044,-0.021515065288185253,0.28259326688678654,0.5289278611462627,-0.03276806988288894,1.1178143408490793,-0.884962167550179,0.41682879377431625,0.5079409697821522,0.5021533161068055,0.9149398065916685,0.41486450491579796,1.0499311466092482,0.005704555617983331,0.792920980720107,1.1948084844758706,-0.00408113540841637,0.32787767847529103,0.41908602150537577,-0.9895839161892628,0.5796631179816238,3.079882468168459,1.9686922144997765,0.9628808704788492,1.1919794144778382,-0.6648337642474784,1.4790312764928477,-0.9607454365205685,0.07148115922629206,4.339266547406087,0.09849539636200211,0.43773436236259267,2.5023589972865636,0.26578883199219705,2.1171016189751133,0.10934891485809795,-0.23451012310509756,-0.09118107843291368,4.098734177215184,10.861716621253393,-0.8237538412992109,0.19169576176981717,2.0460066655037257,0.050931868357549925,0.2933448257848814,3.9428650801000176,6.578444747612533,5.916797488226063,-0.9872640416331163,-0.9177703487473445,3.038410089814633,-0.8487352882625823,0.595323778858093,1.8670515269223316,3.0148802604045644,-0.8037373369580585,1.9689302726380538
2011-07,1.765132496513249,-0.06914540453381424,0.23738698429351968,0.5643644910504393,-0.1080791624658558,1.1779402803168835,-0.8914412577590503,0.4302313013402481,0.2940267041461715,0.6968130921619302,0.9926978488257319,0.41443743238638264,1.088626843827166,-0.0040132552086324935,0.866637566060974,1.1891964340608694,0.03989766705244735,0.41768062883601065,0.2798835125448025,-0.990005724541929,0.5480895435321564,2.9344564152791346,1.9713065102340113,1.051137753853682,1.2281108899354294,-0.6644696114489641,1.3892417857634012,-0.9555703098709402,0.1412221404189833,4.229293381037572,0.09860768021558397,0.44152380967583094,2.5985407622796886,0.2982199463545476,2.246156109606171,0.11842654424040178,-0.2897235026647992,-0.11532556811334493,4.548161543098246,11.373978201634863,-0.8189936782165615,0.16688638036041392,2.0233935309725606,0.13924115623555977,0.48916052865277027,4.170200944531911,6.623465211459736,6.294610151753012,-0.9878613496266059,-0.9166839634515254,3.1769539461112117,-0.8357895625840779,0.6569227855293898,1.9176127218490437,3.005812601720537,-0.7851254828633136,2.2787658280872245
2011-08,1.6981868898186887,-0.08786240475513019,-0.0024686024624287484,0.5467365756644331,-0.21010915712835476,1.2342067844810112,-0.8877259752616555,0.39630620406398376,0.34546732255797763,0.5478036175710601,1.0495362147227123,0.4146159992976364,1.1241157834864444,-0.0020008943825899905,0.9062262676023407,1.013942822010454,0.046110738868248013,0.16216216216216495,0.5174731182795691,-0.9902811912212213,0.441446696806183,2.6532810969637577,1.8339603392208121,1.3991134011715767,1.116191678399769,-0.6938567422890647,1.1810972968074847,-0.9557704026412245,0.11853289605782957,3.9423524150268383,0.09794520547945118,0.4458255174225594,2.721042136784256,0.32016581321628856,2.477735376289623,0.12760851419031827,-0.3829992878217523,-0.2093989552058937,4.285412899336944,11.307901907356934,-0.7953542242637437,0.12006805383768304,1.9012109916543514,0.27925245160959045,0.5496003761165953,3.829799055468108,6.979536152796707,6.883830455259031,-0.9881579603804995,-0.9127049669005779,3.3428243837187015,-0.820412743033981,0.7793000399856895,1.835547352833871,2.70146477563358,-0.7572364476591216,2.0339181846470544
2011-09,1.457740585774058,-0.15155395365013147,-0.05450982812355132,0.4880672572771618,-0.27468594213869835,1.2927076985577939,-0.9059399211635177,0.31025724167747293,0.27392832044975557,0.38673557278208515,1.1101243339253966,0.41426184159031654,1.1230324674526995,-0.06831707009436949,0.9592799381760606,0.7132038118659716,0.039044892489494165,0.09777107785076167,0.20504032258064453,-0.9918091704579203,0.36903893831121426,2.265700293829576,1.5231142000892688,1.2616042257372726,1.02040102927611,-0.6997560176249955,0.9362866340494198,-0.9609728146686191,-0.00729536175623946,3.591994633273708,0.09883224792274792,0.4438789055760095,2.751682836248812,0.33735674225798573,2.6463093009922654,0.13053005008347363,-0.42106560648630065,-0.236729176163604,3.109282700421936,10.004087193460476,-0.8420163728095182,0.053152969788062165,2.07114461205116,0.1330287005185602,0.11607376064357666,2.6207982220576045,5.7830832196452775,5.273678702250135,-0.989599893887588,-0.9231360322205979,2.5555130900057272,-0.8403802882324198,0.4393164551634152,2.050024679700408,2.2945826551964714,-0.8131349772359542,2.3219953562965263
2011-10,1.6928870292887024,-0.09130860918777095,0.059817323417782564,0.5374254203579787,-0.21152900216639758,1.2652853950843022,-0.9027683385437905,0.3772832900994354,0.3006324666198188,0.5357450473729548,1.09749358594829,0.4146159992976364,1.1251990995201893,-0.033246952792653106,0.934412282831163,0.9502121118967131,0.025765974294939653,0.288575428017662,0.19475806451612865,-0.9913012787679752,0.489499781245442,2.7151811949069504,1.6517247975514886,1.3034298133248892,1.230052920328205,-0.6898874767852592,1.231463544851986,-0.9602270143430135,0.028512147781274866,4.094812164579612,0.09871996406916606,0.4443911673308858,2.7219433211871804,0.34503779565959514,2.554432387995872,0.13261686143572748,-0.3644670011034852,-0.16671644371787409,3.3540084388185605,10.56743869209808,-0.8274830839402318,0.15573891124297368,2.017315619864305,0.20490835344252156,0.2745389959776412,3.1721455690341775,5.912687585266014,5.426478283621146,-0.9894543979695615,-0.9216124430862173,2.7515765335371625,-0.8339134578841642,0.47566134225645573,1.9493100414189732,2.868402697047205,-0.807307308677531,2.309691935754123
2011-11,1.6181311018131095,-0.1273672895127892,0.062069923164750795,0.49647441692279526,-0.2316475435285419,1.3229737964655737,-0.9176747768565086,0.34315553393860543,0.20590302178496267,0.6098191214470292,1.0615748963883926,0.41540318176474655,1.1315491002334879,-0.06686083177580882,0.9478460726431301,0.7834294497387049,0.032039958579522576,0.33993754710886503,0.22898745519713204,-0.9921018538046683,0.47728598512468956,2.702605288932416,1.573359688835044,1.1696339901265125,1.1723163567509847,-0.7085685153490405,1.2236186890617589,-0.963437593793486,-0.016732481092294527,4.081350626118074,0.09871996406916606,0.44521063153651275,2.748802550398144,0.33881980004876877,2.6182419089163558,0.13679048414023498,-0.3690492029081919,-0.16887519583339872,3.081615430982515,10.362397820163476,-0.8398254427579185,0.1690469853298049,2.0430595212956444,0.22020845099347897,0.21425586376220984,3.086859894434677,5.65484311050476,4.905808477237053,-0.9908487409452416,-0.9263819395068869,2.6422702082935166,-0.8542912124703654,0.3714039185975544,2.043500654548574,3.1701929783771288,-0.8170891406972206,2.3327189601934073
2011-12,1.6267782426778234,-0.1439501723102219,0.02465516709353155,0.47893690110287124,-0.2275031309850657,1.3548649197643754,-0.9246975669430474,0.34876242974491767,0.21770906535488543,0.6227390180878558,1.1432800473653018,0.4147618289418269,1.1422760978432938,-0.09976379126486401,1.0070531850687172,0.8198696587765162,0.03880124261436446,0.30580381177991045,0.17683691756272357,-0.9910559412567306,0.49930727723494184,2.687796278158664,1.532359880124976,1.2381295067574367,1.1563917075302248,-0.7066749207967664,1.24107065085596,-0.9640378721043392,-0.0439060303861839,4.131797853309488,0.0981697731866149,0.4455178683433023,2.80042897832169,0.3655206047305537,2.706218356878304,0.14085976627712982,-0.3774583845292975,-0.1389460888336974,3.3717299578059015,10.74318801089917,-0.829682978517411,0.18692468673837337,2.04983519863385,0.09231401139805895,0.03327587107558827,2.9274006852486414,5.998635743519765,5.248560962846681,-0.9924090122674598,-0.9287976011199482,2.2625644945537884,-0.8565292666300696,0.4521750110486771,1.99055733201708,3.098814229249019,-0.8055460496237011,2.0679560523733147
2012-01,1.7274755927475582,-0.09986088716051744,0.12659302002653994,0.5027119869824588,-0.19344429288577425,1.3678651228925491,-0.918173168411037,0.36825821444011875,0.23696416022487865,0.5185185185185188,1.1561081507795512,0.41746860570491484,1.1559903478298925,-0.09157101741752827,1.0122022106067257,1.0093980940670173,0.04872997502588916,0.6226983956067658,0.11563620071684522,-0.9914992704437166,0.5286933061105432,2.9299118511263424,1.713320155582478,1.1808316181867893,1.336291692964997,-0.6948763701249046,1.4000142507796909,-0.9635194499267842,-0.025433371260288662,4.359615384615392,0.09949472265888093,0.44684919260242695,2.8330351259266373,0.37100707144598877,2.722214267730018,0.14138146911519311,-0.3428277389514548,-0.11880996169786895,3.5729957805907118,11.745231607629414,-0.8316587599551057,0.22863793166434387,2.1807581780956524,0.21127483698721528,0.23120722979679176,3.3319751828873123,5.791268758526587,5.372579801151234,-0.9937438457950999,-0.9314429051532641,2.687941907127837,-0.8648782341692356,0.4416735063240522,2.0794686353198677,3.0762613345733625,-0.8015982741486403,2.2027910094070897
2012-02,1.7735006973500687,-0.08664516740965589,0.18937266639923744,0.5188935093111517,-0.15743185964814388,1.3564899451553973,-0.917221693625119,0.3885916558581908,0.1919887561489826,0.4289405684754526,1.1551213735938397,0.41789567823432994,1.1440423666689714,-0.07401015926890009,0.9996102597451773,1.142711343375348,-0.0162027166961064,0.45127597717239487,0.04422043010752619,-0.9908966870827648,0.5851684410091873,3.089676787463267,1.7647771472294846,1.146547877776018,1.4867990484051097,-0.6631586613743128,1.4570315722115588,-0.9600178264468071,-0.008165450773038763,4.589847942754927,0.0991690994834935,0.44459608260392525,2.8036010416316466,0.3697878566203363,2.6623358501211993,0.14138146911519311,-0.3209145620886391,-0.09354941813246975,3.7079566003616575,12.681880108991813,-0.8277484338973814,0.2638056916806266,2.2155271348433274,0.19104584895004328,0.27965836075850103,3.425039355495888,6.219645293315126,5.990057561486139,-0.9934613674709267,-0.9256620988433969,2.9306325243646034,-0.8628211547394266,0.5796872698192226,2.1076034937871513,3.4157172750523213,-0.8021750180460602,2.2226105273236465
2012-03,1.6794979079497896,-0.0773973252394956,0.20893634091400282,0.5265774724281287,-0.16129718717185737,1.3323176924639486,-0.9212994427076253,0.377472438391697,0.23260716795502612,0.4702842377260985,1.153345174659559,0.41760997117632415,1.1330270581644415,-0.07450321633738921,0.9905705129204467,1.0256649246849086,-0.03654748126941465,0.2852374286637265,-0.06263440860215108,-0.9913701454377983,0.5655534490301877,3.144329089128301,1.7702607919403177,1.2166985707911735,1.6134291401660454,-0.6446961144896399,1.522803297931071,-0.960490772994752,-0.007830801151192834,4.773568872987485,0.09850662474736072,0.44398114386243415,2.7609404398103883,0.36942209217264055,2.561345111374699,0.14096410684474225,-0.32752373275315627,-0.09737963123064575,3.3470765521398373,12.909400544959114,-0.8314131319542308,0.292994734177743,1.9609067288535549,0.1619345895158386,0.199942537742255,3.362903972590063,6.30286493860844,6.6991104133961334,-0.9949261171898531,-0.9193380998856202,2.807185171029996,-0.8599255590611031,0.6790201401603639,1.8611283988239564,3.2301790281330005,-0.8043213814111418,1.976326686933001
2012-04,1.705160390516038,-0.06636314774415897,0.17746165951800807,0.5495389622129776,-0.21352794862044822,1.3469429209831447,-0.9221603008472656,0.3921854734111523,0.20913562895291782,0.41085271317829486,1.201105190447994,0.4175400324694165,1.1549216904045436,-0.08123401864443758,1.009692283365664,1.0873286197356307,1.1102230246251565e-15,0.12038333153871261,-0.08929211469534093,-0.9905738745679692,0.561579407904331,3.1330460333006815,1.7300261429573425,1.0652859137293276,1.5835024518133727,-0.6696405811878665,1.4837779827137454,-0.9656386142666145,-0.013051335251989316,4.734078711985696,0.0979452054794514,0.446645882813516,2.842177122670274,0.384540356010729,2.6938450431211116,0.1441986644407358,-0.3676561509504843,-0.10971386055090093,3.534840265220007,12.41485013623977,-0.8313485873700593,0.2942743968311119,1.9748069666449406,0.15659495815577285,0.1432116178237468,3.357996110751004,6.238744884038182,7.544217687074836,-0.9948048847806843,-0.9188788150451113,2.63997706860309,-0.8587854182627632,0.7985773512637584,1.8118548404403696,3.283189955824236,-0.8084279439718847,1.8289968164300925
2012-05,1.5380753138075303,-0.13516077017926598,0.08743481346622906,0.47143373711805836,-0.24667627184276386,1.4135689620150358,-0.9269176747768565,0.33164450929528555,-0.03232607167954915,0.5667527993109391,1.2804420761791957,0.4175400324694165,1.1669036443861986,-0.14187430484686614,1.1150335065264798,0.8640098370734723,0.018395565572273842,-0.11499946161300545,-0.18514784946236607,-0.9906040037360169,0.4450561470030623,2.8624094025465188,1.4932729707326406,0.9842254494163696,1.3979997086954428,-0.704162266487018,1.3198034426636727,-0.968403532546908,-0.07817415166320696,4.386806797853317,0.09816977318661513,0.44705680350313926,2.9195788460482506,0.4029504998780784,2.886342912092425,0.14670283806344053,-0.4100151044397664,-0.1583015022190084,3.066606389391194,10.959809264305166,-0.852356056612772,0.21832026010761196,2.004002974687615,0.08548544437028238,0.023089379930000042,2.8299842578016556,5.469304229195073,6.739926739926745,-0.9946561537281434,-0.9340837929861904,2.2826294668450164,-0.8672369381488698,0.6008586400656608,1.8932120093568234,2.522204138572433,-0.8115744834628718,1.9484884027096245
2012-06,1.6744769874476977,-0.1297701476493094,0.11542259388404008,0.4975592117157801,-0.19667819055227476,1.4172252691448346,-0.9190793348738163,0.35326145698227207,0.06704146170063385,0.6589147286821708,1.2157094927965235,0.41860845782175127,1.1630867596474905,-0.12175642980816681,1.0889030927559546,0.9586228097141121,-0.0010964244380812227,0.024765801658234388,-0.14408602150537675,-0.9908579495809894,0.521219192066501,2.8981782566111614,1.6810559204233888,1.4400754184717677,1.4853133951546362,-0.6814391318597284,1.437078352049459,-0.9648291480595549,-0.05675657586506744,4.609570661896251,0.10038176510217767,0.4456206219703114,2.9031176847984264,0.38502804194098994,2.8409172675510432,0.14336393989983454,-0.36348482121195547,-0.10670627872004868,2.872212176009639,10.841280653950944,-0.8218677051173099,0.2705766310219029,1.9015139690963037,0.11326179596447039,0.015436451966775788,2.968886007963708,5.863574351978155,7.511773940345375,-0.993885680903018,-0.9191349546677028,2.351614752532003,-0.8670800933829607,0.7894858682155861,1.9309182994613368,2.44640781213672,-0.7838250713857449,2.2312516456423386
2012-07,1.7531380753138066,-0.09330045211672866,0.17098157805412706,0.49792080998010846,-0.1717210126599945,1.4257566524476992,-0.916043677223506,0.37339223951577827,0.06732255797610809,0.627906976744186,1.2727452141306461,0.41996259023209226,1.1772637841448108,-0.1463691506805338,1.137482545204303,0.989340301260377,0.02052750197965647,-0.074943469365778,-0.12553763440860255,-0.9905437453999216,0.5440790433134022,2.8944564152791337,1.695466428616974,1.7557391442018444,1.5107831237558886,-0.6994282801063326,1.4039935254558928,-0.9621006102829494,-0.08393012515895681,4.6848389982111,0.10249270154951651,0.448390408474697,2.940612509847822,0.40733967325042686,2.920412373010421,0.1484766277128562,-0.3497343027305386,-0.07050526326820394,2.9119349005424904,12.114441416893722,-0.7714189409668063,0.28456419971504987,1.6558084448076116,0.11721517687528804,0.026537115394660526,2.879155477359022,5.894952251023175,9.560439560439567,-0.9930271783650549,-0.9090306881765065,2.2696350085992685,-0.8567585012879368,1.0655554854052238,1.9041569199733868,2.555684724482687,-0.7464279749992461,2.221054647293965
2012-08,1.7118549511854941,-0.07592715545859852,0.20598944672447606,0.5171759175555923,-0.14146819651771714,1.4113345521023812,-0.9080241040279099,0.3984814094249871,0.1558678847505286,0.6813092161929373,1.2638642194592427,0.4203896627615076,1.181381824757794,-0.12771898040384855,1.1388566579884514,0.9635905318167866,0.01736005360297388,0.18079035210509597,-0.18904569892473166,-0.990302712055541,0.5695639492489424,3.0280509304603287,1.7306000127526624,1.6970307574950696,1.6388794484633702,-0.6894869087068934,1.485170728850417,-0.966893741643853,-0.0639850076969396,4.811001788908774,0.10194251066696536,0.44828792441045495,2.9449918495044556,0.40587661545964404,2.908760120490347,0.14805926544240555,-0.318300633134289,-0.05542543659713606,3.157625075346589,14.04359673024522,-0.7753597464115005,0.2974610282183352,1.7702788310579445,0.16773630435898657,0.15292796322415425,2.9148995277340566,6.366984993178698,10.381998953427532,-0.9940171295264427,-0.904035965535972,2.5474871010892355,-0.8622420356037619,1.2109350337773854,1.9420992767774727,2.8835154615205854,-0.7519928235537817,1.975369222299351
2012-09,1.7322175732217566,-0.06070378450156544,0.25548492609621687,0.5418549990960009,-0.1518466706901429,1.4227097298395335,-0.911331611617054,0.40206171638564436,0.05692199578355739,0.7691645133505598,1.251233471482136,0.42088965011301793,1.1808350250096602,-0.1091433420096094,1.1330194625147834,1.1193249308330793,0.021745751355303655,0.12318294390007822,-0.14596774193548445,-0.990440445395187,0.5814860726265125,3.0683251714005833,1.80386405662182,1.726176254695663,1.6653104821090468,-0.6871927460762537,1.569019730956105,-0.9669937880289953,-0.05013051335251817,4.959883720930241,0.10138109139905604,0.4479801431925865,2.9380772923316276,0.4006339917093391,2.856320737260101,0.1462854757929899,-0.30778622130743427,-0.050557764958004014,3.2329113924050583,14.381471389645766,-0.7875783947761918,0.33462969631496753,1.718396239407268,0.22744775889510582,0.2678785979209102,3.2557644226317324,5.7967257844474585,9.389848246991113,-0.9932565323750978,-0.910554277310887,2.8427288362316006,-0.8605288081607538,1.015194561946251,1.852243706676394,2.698209718670085,-0.7483680976668325,2.0577590540249417
2012-10,1.7419804741980465,-0.03499952575168397,0.2591261147283024,0.541041403001262,-0.133322402503393,1.418850294535857,-0.9158171356078111,0.3798097708603525,0.048208011243852544,0.7777777777777779,1.25498322478784,0.4209610768775196,1.1741365271000732,-0.10186788363853239,1.1068489611751904,1.2004402090378137,-0.0014009867819931854,0.05340798966297222,-0.23875448028673896,-0.9890760244993178,0.5955957415779489,3.033692458374138,1.7620990881846588,1.6792556024122396,1.5206777686070807,-0.6848985834456138,1.512968804802743,-0.9685490545616604,-0.04163041295763159,4.846019677996431,0.10128003593083235,0.4466464562950896,2.924709117609228,0.4039258717386005,2.8547072224430057,0.1464941569282152,-0.295370058774271,-0.0475292243687484,3.0281494876431534,13.465940054495903,-0.78771824137523,0.30215068914948295,1.7400453548049488,0.18955691328233182,0.18497623152065956,2.9834243911473353,5.473396998635727,9.289900575614869,-0.9931879986044652,-0.9060894987170935,2.630231224918778,-0.8664346168463344,0.9465875370919885,1.8802712620984168,2.4447802836549717,-0.7589630290735493,2.245374248988677
2012-11,1.7603905160390503,-0.032422776565810274,0.28547844601475325,0.531097450732233,-0.09893912806862748,1.436116189315463,-0.9120565447872774,0.39059122351923703,0.11145467322558145,0.7002583979328165,1.2749161239392115,0.4209967902597702,1.1853568130584855,-0.09958606139133874,1.1240799346127215,1.235768828773442,-0.03350185783029691,0.2190158285775845,-0.28561827956989316,-0.9887833411525698,0.6259297068688927,3.1215279138099854,1.8029713702735446,1.6326371997294147,1.5543331553138824,-0.6670915115982666,1.526839419388362,-0.9687400522060228,-0.037882337192957194,4.877593917710205,0.10128003593083235,0.4477751222086579,2.957528329538344,0.4116069251402097,2.909081064027946,0.14743322203672937,-0.27194643793483997,-0.03126522784790231,3.5355635925256124,14.248637602179825,-0.7897657390175599,0.29995250844149335,1.694396753550806,0.18349848539302638,0.21702449981716465,3.1211223261413163,5.380627557980884,8.380952380952388,-0.9936215917645054,-0.9107397577272465,2.693865851328103,-0.8652884435569981,0.8083212324010358,1.892503809258106,2.531736805394102,-0.7633022968460677,2.4175503267348057
2012-12,1.7570432357043226,-0.005596130133738608,0.31900515320764344,0.552160549629358,-0.07559366616547691,1.4151939874060582,-0.9212994427076253,0.3893347384349308,0.13000702740688874,0.6339362618432385,1.2883362936648872,0.42128100926018264,1.180017994563637,-0.08609579066860873,1.1164276630951622,1.301265293575164,-0.08119632088688455,0.14762571336276809,-0.31787634408602206,-0.9876685619348091,0.6300860434592384,3.2077962781586633,1.8128546834151633,1.432389642913686,1.5397582172161015,-0.6335530388551036,1.6173110714908727,-0.9684671984283622,-0.025232581487181216,4.927057245080508,0.10149337525263791,0.44787772916180835,2.9320794902826983,0.4175810777859059,2.8423287517480635,0.14785058430718023,-0.2598159293143527,-0.0290907566635753,3.635443037974677,14.37125340599454,-0.8049875034513424,0.30847802602119834,1.8012559792139138,0.15798120860502007,0.10541712375280698,3.1239929623113323,5.321964529331498,8.097331240188389,-0.9940683808679593,-0.9181015637765577,2.541372061914765,-0.8686787034970351,0.7734284571837451,1.9346524454364005,2.624505928853763,-0.7867389056649565,2.3703712569116973
2013-01,1.7771269177126907,0.04374150305099711,0.34645292683679774,0.5151871271017865,-0.05301219950392688,1.3824903514117457,-0.9223868424629604,0.38629485516644846,0.2473647224174298,0.5202411714039621,1.2299190842707683,0.4212095824956812,1.1681083239749142,-0.06049695565926361,1.0710440807363648,1.4115376575468828,-0.1293171712249489,0.1705609992462611,-0.3029345878136207,-0.988404574468543,0.7449321860872098,3.509931439764932,1.8659057578269467,1.4309935376156822,1.6064766713599092,-0.6080987582389571,1.78270678106816,-0.9696495647982246,-0.02068134663007648,5.232558139534892,0.10149337525263791,0.4475698950884952,2.887659661462114,0.3936844672031212,2.737315904906081,0.14190317195325708,-0.23604013241819766,-0.00012051286081826706,3.9145268233875763,15.818119891008163,-0.7931883948837661,0.3858193337612785,1.711262497819483,0.14694254762026882,0.14652875724807934,3.213723492916018,5.72442019099589,8.249084249084255,-0.9940912822149162,-0.9151559581167553,2.8467418306898455,-0.8658193027646907,0.8476545236441699,1.8454836148249876,2.8298070216228868,-0.7863282494088822,2.4299255571247333
2013-02,1.725801952580194,0.09545037781782506,0.33978770018823434,0.45009943952268694,-0.05529371954048701,1.4129595774934036,-0.9246975669430474,0.3431014915693884,0.25509486999297426,0.5478036175710594,1.2814288533649068,0.4213524360246843,1.1804547612627792,-0.09599133136874971,1.0951522993561498,1.334702735936062,-0.1416214899189857,0.2445353720254151,-0.3355510752688179,-0.9874963952602515,0.7723858830392298,3.5533398628795254,1.8659057578269467,1.2222398134688177,1.6189056658736733,-0.5939696296566039,1.8139156638858025,-0.9699133234499632,-0.04932735426008794,5.3160554561717435,0.1018302268133835,0.44859640860573613,2.9304444323449057,0.41514264813460144,2.7848822853121438,0.1476419031719549,-0.2569867816586713,0.005213491152783911,3.828571428571421,15.210490463215248,-0.8020166596743368,0.41002541581207885,1.5743901431338907,0.08902808440724819,0.03753330199028282,2.9868506343179995,5.203274215552507,8.482993197278917,-0.993955747105789,-0.9091675903885813,2.635772979170641,-0.8660183749675754,0.8486436433276514,1.7822821211665971,2.595442920251112,-0.8048889996139823,2.1093903343945235
2013-03,1.7835425383542525,0.06814948306933477,0.3544604560743081,0.4501898390887691,-0.05067835102616136,1.4318504976640312,-0.9234289338951566,0.3620973843493276,0.3017568517217164,0.5762273901808788,1.3155713439905234,0.42106672896667807,1.1816913195853154,-0.11327699487450016,1.1326787181777092,1.2644020903781152,-0.15459584576962826,0.31603316463874576,-0.36362007168458854,-0.9873242285856938,0.7883185066355547,3.7656415279138056,1.9674169482879558,1.1626390707983703,1.692838762926642,-0.5588652998798296,1.9437252885016258,-0.9711047849457476,-0.06197710996586392,5.54262075134169,0.10094318437008676,0.4484937501185269,2.9435163336036583,0.4239209948792979,2.802979799971498,0.14899833055091993,-0.25626677727603586,0.030977044919858754,4.050090415913193,15.306539509536776,-0.8043384717993955,0.4621774096747082,1.5375554311001776,0.09991271756430553,0.03356318236430966,2.8233169737938764,5.328785811732589,7.80847723704867,-0.9930889864613026,-0.9045924067850502,2.6059621631951013,-0.8695896096375078,0.7881810720373765,1.7705646286241588,2.7781911183445795,-0.812194118124815,2.0518227732963115
2013-04,1.776011157601114,0.1113693129722717,0.370691517264792,0.4847224733321249,-0.016134602705032086,1.462725980093444,-0.9172670019482578,0.3749999999999978,0.2572030920590318,0.6304909560723517,1.3335306887704719,0.42185093531860063,1.191995928646306,-0.08955865659148532,1.1547625145595832,1.3071577005840789,-0.18444295547298462,0.37148702487348273,-0.3835573476702516,-0.9888048619868895,0.7974697389528949,3.7933790401567045,2.0292035962507176,1.3327624174210908,1.7589357673447612,-0.5075561705691709,1.9319295814257407,-0.9710593093161375,-0.04250050197443089,5.666144901610025,0.10116775207725026,0.4496230542615882,2.984599499072387,0.4241648378444285,2.9058076219540077,0.14805926544240577,-0.2258231137059098,0.04684806472064573,3.5869801084990893,13.638283378746586,-0.8115818084675324,0.4900147693528092,1.440914808252006,0.014683986240179525,-0.11936478085984525,2.5658857301602063,5.212824010914035,8.245944531658822,-0.9925921379079952,-0.9037135829075378,2.4515574240397418,-0.874029523010937,0.8397836563756134,1.715432323969353,2.6189258312020542,-0.8010844975438185,2.1020657299471006
2013-05,1.5709902370990223,0.06083025071927617,0.4348751812879972,0.45163623214608273,0.02739917181520335,1.3881779402803218,-0.9234289338951565,0.3372784262862063,0.14068868587491368,0.48923341946597776,1.2893230708505983,0.4216381430826901,1.161443742794447,-0.10221187694212908,1.092165775460618,1.2899108515216753,-0.21014801729914045,0.47841068159793654,-0.42029569892473195,-0.9902166287182621,0.8509916873268188,3.8997845249755096,1.8714531658483708,1.3270916392003334,1.854969170267517,-0.5139288445431703,2.0498298054035016,-0.972787383241321,-0.07302054748677955,5.820214669051887,0.10105546822366862,0.4470557477156336,2.8891223174680927,0.41672762740794944,2.710493458272803,0.14722454090150427,-0.2029160177496735,0.06194885015011686,3.9405666063893845,13.461852861035416,-0.808103572542734,0.5229958301367852,1.3751136165407343,-0.04066334651127079,-0.19006947709345534,2.683304009630528,5.107776261937228,8.975405546834121,-0.9932839458833509,-0.9080149620869195,2.3476017580737563,-0.8724429778788556,0.9857735126375828,1.713500869154665,2.5521971634503684,-0.808023675702016,2.1978840031596345
2013-06,1.4641562064156193,0.0336558221884975,0.3698120776375511,0.45480021695895556,-0.025019972021727344,1.3197237456835316,-0.9245163336504916,0.3211062472978794,0.2324666198172891,0.38931955211024993,1.2506414051707089,0.4216381430826901,1.1373035388890909,-0.09992432147320884,1.0215292516764407,1.1282852751306511,-0.19839191082414498,0.25401098309465153,-0.45945340501792176,-0.9904920953975543,0.7470103543823825,3.8058765915768804,1.85085761652745,1.2619064753378715,1.7845317279215442,-0.5165871599723244,2.0340832470419588,-0.9724872440858944,-0.05769359480623615,5.720483005366734,0.10050527734111747,0.4461313680953145,2.8091766159771945,0.40209704950012193,2.5995346622054223,0.14451168614357446,-0.24613584604428052,0.007272689165893631,3.331223628691977,13.318119891008166,-0.8226763053245697,0.5019774232437246,1.4594515190187227,-0.15726241207578262,-0.292535130334849,2.4155014353180913,4.849931787175973,9.350601779173212,-0.994024195741303,-0.9069859873961639,2.05923944200267,-0.8698610717323505,0.9876886167056005,1.748996716526813,2.7205301092769205,-0.8227945249482794,2.3987600832994245
2013-07,1.429288702928869,0.08588637010338562,0.4259110685962948,0.4584161996022389,0.041677859138812945,1.3221612837700638,-0.9198495763671786,0.35459900562040425,0.24961349262122434,0.4229112833763997,1.2729425695677876,0.4221366423766064,1.1429592376072724,-0.07808074669479792,1.035622259290852,1.2495296649246872,-0.18694036669306136,0.4021750834499873,-0.4675403225806458,-0.9901305453809833,0.8609814787808077,4.103036238981384,1.9029522412803668,1.1634018912189292,1.9589746079526171,-0.5164050835730672,2.246377551017343,-0.9724053879525961,-0.03748075764674197,6.061717352415035,0.10128003593083235,0.44818553152185436,2.8054144851541127,0.41124116069251415,2.5523356377767046,0.1457637729549266,-0.19736728832262496,0.04303881038087276,3.76160337552742,15.049727520435962,-0.8383104379350037,0.5636820048744073,1.524867103076601,-0.0965241053550352,-0.2867889045604145,2.4836558940642717,4.417462482946779,9.96180010465725,-0.9942252848919048,-0.9135882069784798,2.2635199694247983,-0.8678944796674892,0.9605825283582723,1.7357340601326245,3.081143920018609,-0.821043304158487,2.350791105153554
2013-08,1.4061366806136668,0.10929842865724448,0.39411238312710584,0.48246248418007287,0.027451500256408856,1.2988015437741263,-0.9154546690226995,0.31943093385213794,0.22487702037948165,0.34194659776055136,1.2360371028221788,0.42249377619911366,1.1297675370944584,-0.08713350380112628,0.9763661509475152,1.2274294497387048,-0.19035146494487354,0.333369225799508,-0.48909050179211533,-0.9898120370330517,0.816902435467405,3.909618021547497,1.7774660460371097,1.1110119604484807,1.9498567752585352,-0.5261643785732493,2.1442807321822137,-0.9734331371817843,-0.04544541864667495,5.8549642218246944,0.10083090051650512,0.4471601715746911,2.7778658796278823,0.39978054133138263,2.532890948967563,0.14451168614357424,-0.2107225870070517,0.03798774960571305,3.733514165159728,15.176430517711164,-0.8390527006529761,0.49903920923945555,1.5285946437260747,-0.03932843867125457,-0.14733845269811519,2.604963422539131,4.619372442019084,11.717425431711149,-0.9940432660079138,-0.9051444318337387,2.486718899292942,-0.8680995843613705,1.2064103373529482,1.7646200399167307,3.215298767728444,-0.8266537811859198,2.523709217990761
2013-09,1.5258019525801938,0.1314142084795593,0.48546610300244164,0.5489061652504037,0.08348828366201366,1.3138330286410773,-0.9083865706130215,0.34962710765239713,0.2794096978215057,0.3341946597760552,1.2701795934477955,0.42270805649261844,1.1540973867459363,-0.06544472600933393,0.9929869025003519,1.3675696280356613,-0.19083876469513228,0.27468504360934953,-0.500515232974911,-0.9890588078318621,0.8306475134898643,4.162115572967672,1.8352356054326338,1.106679716173232,2.086459193086375,-0.48199264411347,2.346513155904916,-0.9714322094789402,-0.01713406063850942,6.063237924865839,0.10105546822366884,0.45055581807680145,2.8419860424850616,0.4140453547915144,2.5722289801700695,0.1465984974958281,-0.1569726946164024,0.08038207816568921,3.7550934297769674,13.771117166212528,-0.8525765839420247,0.5316643442772662,1.6072586050184112,-0.08687169481953194,-0.21279318811053738,2.705343087322907,4.214188267394255,11.16849816849817,-0.9941975308431765,-0.9110621403556807,2.2178482705904776,-0.8732935591093631,1.0849169770818872,1.7927119771659097,3.0409207161125407,-0.8201599369231983,2.6850180721449615
2013-10,1.5673640167364007,0.17321129343324104,0.5565927114512337,0.5365214246971584,0.12430446780230975,1.3445053828966125,-0.9071179375651307,0.33541396454820327,0.1322557976106833,0.43410852713178283,1.2932701795934438,0.423206555786535,1.1654976706929032,-0.06094988017566627,1.0099684421747965,1.403640946818324,-0.1919961016019971,0.18778938300850956,-0.5369623655913984,-0.9885078744732776,0.9100918769141022,4.352673849167476,1.8698590830835937,1.1110119604484803,2.2403553915618812,-0.4878919194494009,2.428969411873933,-0.9711502605753577,-0.01907502844521569,6.386806797853317,0.10122389400404153,0.4515847999433038,2.8714338131462593,0.4231894659839064,2.6107300707107286,0.14785058430718023,-0.10767195974236399,0.12260873665844008,3.818203737191072,13.619209809264301,-0.8569996808628895,0.5755392379431445,1.5880241280217438,-0.08918211223494499,-0.20702084312803715,2.680248171126963,4.244201909959058,11.114599686028258,-0.9943570740558048,-0.908001713485751,2.2998280145232117,-0.874898201714434,1.0624408106572392,1.8085928278644525,2.810276679841905,-0.8230755963413258,2.7934988151375166
2013-11,1.475034867503486,0.1543678269942137,0.6228746875675053,0.5664436810703277,0.12496031759875215,1.3219581555961857,-0.9041275882379592,0.3106220276696907,0.1499648629655672,0.4530577088716625,1.287941582790602,0.42331369593328705,1.1674582034742351,-0.061299606700989995,0.9851030139170689,1.4723725791577031,-0.22464518486934193,0.35565844729191687,-0.5269041218638,-0.9886068703111482,0.8937217442030041,4.4221743388834405,1.8511764330804055,1.0191568675427103,2.35432344516192,-0.4399329958850734,2.5660838478596415,-0.9729965711375274,-0.020748276554445333,6.6108228980322075,0.10128003593083235,0.4529234182537787,2.8505648155062975,0.4235552304316019,2.5405068359760223,0.1479549248747929,-0.10038191536818086,0.13512111542512173,3.6905967450271175,14.089918256130785,-0.8603972360574734,0.635498635270048,1.6013734977368528,-0.14006263798326346,-0.27506138013895487,2.5654227243263326,4.100954979536139,12.282574568288856,-0.9938499241531227,-0.9026625272148348,2.118478884005345,-0.8678160572845346,1.1768630174463888,1.817906732193057,2.652173913043486,-0.8243687072632309,2.649520070852384
2013-12,1.4323570432357036,0.1594580922571054,0.6548739469867668,0.5863315856083859,0.12711276081367218,1.2866138533414624,-0.9068460876262969,0.3114596843925612,0.22670414617006496,0.5822566752799312,1.2461022301164357,0.42302798887528104,1.1386110344058284,-0.04733921179667744,0.9413763844130631,1.4084930833077185,-0.24559907413047377,0.3440292882523992,-0.5275313620071691,-0.9887532119845223,0.92172232754849,4.5849559255631664,1.8631001721609382,0.8129506757437492,2.451871631791041,-0.4197589308473836,2.6385350703570642,-0.9741607472555457,-0.001472458336119975,6.794051878354211,0.10122389400404153,0.4497288140420075,2.7790625440819197,0.40636430138990454,2.4745031897176837,0.14534641068447574,-0.09068142153908809,0.1340574584361618,3.6817962628089145,14.712534059945497,-0.8612201795056602,0.6850276338244259,1.6206263370027294,-0.17317862093751712,-0.29906493235125176,2.778405407908146,3.896316507503397,12.06645735217164,-0.9934466390953747,-0.8959808160255077,2.126504872921836,-0.8729979670505342,1.1178525580318635,1.8257827757151723,2.870727737735418,-0.8410459141071368,2.442013548124567
2014-01,1.388284518828451,0.121312719339846,0.599962970963068,0.5738564454890587,0.0925131954885905,1.3713183018484703,-0.899913914186036,0.2536613705144808,0.24399156711173764,0.9956933677863913,1.323662916913357,0.4233851226977885,1.1621368855628798,-0.06834573620300222,1.0111554796366296,1.2690205963725818,-0.22397514771273586,0.37633250780661487,-0.46565860215053834,-0.9892180620058278,0.8531427738077875,4.463623898139073,1.8178282216412676,0.723772650728997,2.3846870903529673,-0.4700848476020538,2.5348181182609104,-0.9755159210179265,-0.022153804966198343,6.52101967799643,0.10160565910621977,0.45230510865631035,2.8620819587874444,0.43306510607168947,2.6175111405022973,0.14899833055091993,-0.12076899598519353,0.10975577806770676,3.58336347197106,13.782697547683917,-0.8572739953456183,0.5967611800869448,1.6559369806920765,-0.14750731632181668,-0.3081021783419533,2.556440411149187,3.709413369713494,12.351648351648354,-0.9922215447358658,-0.8808597458918294,2.1307089623542836,-0.8719543461081385,1.1018793273986165,2.016932420542093,2.82469193210882,-0.854045466035533,2.508988199248391
2014-02,1.4429567642956749,0.17646779853931482,0.661755176350793,0.6054058940517055,0.1546375208877695,1.3818809668901118,-0.8989171310769788,0.26147049286640467,0.24174279690794265,1.074074074074074,1.332346556147618,0.42359940299129306,1.1670806508220193,-0.04499432411049087,1.0107100622025458,1.3597614509683393,-0.22001583724188256,0.4120814041132801,-0.24298835125448126,-0.9893342745111543,0.9441082105877205,4.730068560235057,1.8395077472422368,0.9139452208581007,2.5592659125115347,-0.46848257528859116,2.7027435095966403,-0.9727600978635549,0.01030720835285659,6.863908765652958,0.1018302268133835,0.4530270994938401,2.872826648849268,0.4334308705193852,2.6441964732612893,0.1482679465776311,-0.08483921206476963,0.15639949489392202,3.8378541289933628,14.692098092643047,-0.8495645033473539,0.6659235020588357,1.6916056886310038,-0.09128715921343256,-0.23251319020007377,2.5795907028428626,4.193724420190982,13.850340136054426,-0.9917377218557345,-0.8494473125212526,2.2925664055035284,-0.8667845013241319,1.3348275354083818,2.114685494774339,3.049755870727747,-0.840723777088483,2.9549991622184466
2014-03,1.5419804741980458,0.17495020392677563,0.6476995710803266,0.5973603326704002,0.15337466117334309,1.3696932764574488,-0.8990077477232568,0.2645644185041047,0.33267744202389515,1.3669250645994833,1.3457667258732942,0.42359940299129306,1.150695486463027,-0.04823932760775618,1.0125474091181412,1.2945810021518627,-0.23091916915392507,0.49143964681813657,-0.25306899641577163,-0.9898292537005074,0.8933936123669242,4.745935357492648,1.8907096856468786,1.166222887491184,2.4608146817497727,-0.4709952295983395,2.679066825273238,-0.9725963855969586,0.0031457064453537242,6.923255813953496,0.10199865259375618,0.45096196724116666,2.840755558821773,0.4362350646183857,2.6484758215456976,0.1474332220367296,-0.0745987149487003,0.14464163142975361,4.050030138637727,14.423705722070839,-0.837067954689702,0.6796563907459292,1.7522011770214592,-0.11726651948452149,-0.2863187588152334,2.3977220112973487,4.023192360163698,14.551020408163268,-0.9920876271939959,-0.8701151303441542,2.2312249187846294,-0.8670800933829608,1.4173874613296316,2.129579157456486,3.0311555452220498,-0.8155989147723999,3.5647605141585093
2014-04,1.5534170153417,0.19150147016978036,0.6549048045175472,0.6183330320014437,0.18290185626423772,1.3885841966280763,-0.8984187395224502,0.2770211846087305,0.3236823612087161,1.5211024978466838,1.3643181369646697,0.4238136832847974,1.1597355848806248,-0.04160599007006027,1.0272461844429062,1.2847758991699996,-0.22269598586830663,0.5346182836222717,-0.14525089605734876,-0.9898249495336435,0.9515458655388651,4.6548481880509245,1.8954281706306189,1.2264713078771998,2.4482691654124418,-0.4885838097665781,2.5316631219104924,-0.9737423714631329,0.007630011378089163,6.979740608228988,0.102054794520547,0.45302709949384035,2.869425157081634,0.44025847354303815,2.69554743927707,0.14785058430718045,-0.05757295913975202,0.17290975682600518,4.280048221820367,14.840599455040866,-0.8333422978589128,0.6938140940332842,1.8040378629991123,-0.10894901678903446,-0.30825889359034697,2.4162422446522887,4.201909959072292,15.341182626896913,-0.9913077043706837,-0.8668029800520225,2.247276896617612,-0.8684615338211609,1.5172043689626893,2.122754683777923,2.9974424552429757,-0.8112331824856012,3.419393446154584
2014-05,1.5612273361227316,0.1989155521831223,0.7098003517758555,0.6069426866751013,0.20920561937687276,1.4186471663619784,-0.8953377735490009,0.29003188499783583,0.2111033028812388,1.507321274763135,1.420169725675939,0.4238136832847974,1.1788231684017387,-0.057911272660559066,1.0693381319638244,1.4152929603443005,-0.21965036242918845,0.5232044793797821,-0.26297043010752785,-0.9904060120602756,0.9741140440425844,4.753888344760033,1.9486067716635849,1.0461866175391124,2.6048453658299784,-0.47350788390808785,2.5618487626685402,-0.9742516985147659,-0.009637909109160736,7.165026833631494,0.102054794520547,0.4557127929859206,2.928815424177683,0.44367227505486473,2.7864733522825644,0.1496243739565961,-0.02979409439883607,0.2055582627285153,4.430801687763706,14.979564032697544,-0.850441233949017,0.7136133769629394,1.9399645608204295,-0.14339990758330456,-0.32601995507496273,2.524585609778689,3.7557980900409156,15.556253270538988,-0.9918153650840786,-0.8629255561100337,2.303649914007255,-0.8732814941273701,1.4847528253046303,2.135631049209174,3.1448500348756196,-0.8358917218086754,3.0839935849869553
2014-06,1.5999999999999983,0.1757090012330449,0.6886783719566807,0.6400289278611435,0.1886370534203612,1.421084704448511,-0.8933895156540256,0.31248648940769286,0.1544624033731572,1.5736434108527129,1.4432603118215872,0.4238136832847974,1.1734219573351847,-0.05362855603077599,1.0536438486738824,1.4467150322779005,-0.2164220015837235,0.3690104447076594,-0.28438620071684684,-0.9897087370283171,0.9555563657576198,4.9877766895200715,1.9238666071542436,0.9487471034413273,2.712773704908485,-0.45628345653836344,2.756776375021356,-0.9744972669146604,-0.00040157954621311553,7.327146690518793,0.101324949472265,0.45457429728104914,2.918055560101151,0.44952450621799556,2.7787264183854057,0.1501460767946594,-0.034599341039467824,0.201507982667106,4.474924653405658,15.534059945504083,-0.8640332476324688,0.7244685903357271,2.1745792745067467,-0.0911331313857382,-0.24199446272789082,2.6246874710621415,3.799454297407901,13.888016745159605,-0.9919834218085866,-0.8761653248777814,2.3703420600038148,-0.8779023822306946,1.3008607445756275,2.395240036912245,3.2873750290630186,-0.850945467586901,3.5393637647509406
2014-07,1.569037656903764,0.2231338328748924,0.6080167864967492,0.6190562285301004,0.14067978133688697,1.4373349583587283,-0.8902632413574373,0.2851410505836549,-0.012649332396344248,1.6873385012919897,1.460430234852967,0.4238136832847974,1.1620509719078047,-0.0747726777585398,1.0678437564724734,1.629932984936985,-0.22884814521532482,0.3125874878862962,-0.20284498207885404,-0.9900573745442963,0.9472436925769285,4.730146914789414,1.8799336861569853,0.773154478331582,2.755546924309369,-0.4383307235716105,2.5244720041027837,-0.9766891922618668,-0.025232581487181105,7.2094364937388296,0.10171794295980141,0.45343581611142514,2.9004485127994495,0.45257254328212637,2.784751845122004,0.1501460767946594,-0.07169521901437714,0.18592514579436226,4.673357444243512,14.346730245231603,-0.884083305543304,0.6991268859628508,2.2924466805607873,-0.11916619602608325,-0.26518831949015365,2.6558014630984412,3.4706684856752963,12.236002093144952,-0.9931028634856667,-0.8641930056218228,2.330021020447155,-0.8831687468706454,1.0543384472925497,2.543661609116464,3.015112764473388,-0.8631410458228496,3.063455968595161
2014-08,1.585774058577404,0.23301400613361078,0.6259450118801537,0.588772373892603,0.17681431427066352,1.4730855169612065,-0.889492999864075,0.28949146130566117,0.04553759662684631,1.9862187769164517,1.5164791790013785,0.4239565368138005,1.1784398944049186,-0.09252846544587279,1.121278258952335,1.629294804795577,-0.2381677529390258,0.3841929578981411,-0.19637096774193652,-0.9893213620105624,0.9819527490156046,5.0204505386875535,1.9181279092010457,0.7916492753206004,2.946244598727974,-0.4463785004187756,2.703425670969703,-0.9780625562760916,-0.035673649688773956,7.5361359570662,0.10221199191556152,0.4556126477751006,2.9572673629324497,0.46122896854425743,2.8986834641274433,0.1516068447412371,-0.04985639043020318,0.21269471996478861,4.900060277275459,14.09536784741144,-0.8837336890457084,0.7600079326559248,2.2666752357256343,-0.11598295425373628,-0.30089327691584455,2.5547735901472417,2.946793997271477,12.307692307692308,-0.9927600243622656,-0.858337123905334,2.2379132428817052,-0.8858713028370806,0.944672433023972,2.4107775178659545,2.9574517554057294,-0.8569812019817352,2.864566627570195
2014-09,1.4267782426778224,0.16032754750387235,0.6216712438670704,0.5545109383474935,0.18819400595148794,1.439772496445261,-0.8870463504145711,0.2519725464764351,-0.03612087139845255,2.020671834625323,1.5188474442470863,0.4240993903428034,1.1678420009927835,-0.1277419132907548,1.1138041544084092,1.432145096833695,-0.2772735578973008,0.3353074189727614,-0.22773297491039524,-0.9896613911928137,0.9323319235817411,4.736141038197839,1.8470318178919851,0.51781113717814,2.917405447395256,-0.4183023196533263,2.4759816998342066,-0.9800998644826238,-0.07295361756241048,7.416368515205734,0.10271726925667979,0.4542628320386941,2.9213815785015114,0.4661058278468666,2.8378073307386984,0.1526502504173639,-0.0379371874437503,0.229886141544974,4.0282700421940865,13.256130790190731,-0.897759585767202,0.7561919076471832,2.5458092711097278,-0.16804436001437695,-0.3882359086872492,2.3827206222798463,2.975443383356061,10.342229199372058,-0.9927755189538869,-0.8611325787518932,1.951270781578438,-0.8851474039174997,0.7339268051434238,2.5992875077794686,2.7940013950244222,-0.8787450709842147,3.1976207003853805
2014-10,1.446861924686191,0.21194157260741653,0.598852099854974,0.5348038329415994,0.1393227304282909,1.467601056266508,-0.9007747723256762,0.2452172503242518,0.012227687983135782,2.050818260120586,1.541938030392735,0.4241708171073051,1.1893242102941155,-0.13499443877492523,1.1504241487516076,1.5512216415616393,-0.2940853992812321,0.2744696888123219,-0.2491039426523307,-0.9899712912070175,0.9030917310777307,4.946209598432902,1.844162468915386,0.633745448264943,3.019828130310243,-0.3854557372273404,2.7118105711802727,-0.9805910012824127,-0.0806505588648666,7.612924865831852,0.10360431169997653,0.4590390772881261,2.975456047739105,0.46817849305047576,2.92651242366975,0.15254590984975125,-0.06706997346940446,0.19697041147282346,4.1362869198312175,11.696185286103537,-0.8799094224335461,0.7920088929248001,2.5251425371147405,-0.19551265595317646,-0.4223475944209377,2.427076581164928,3.274215552523864,13.761381475667191,-0.9933808296485435,-0.8608190285242381,1.80317217657175,-0.8906852306522933,0.9767662099880057,2.655986436895077,2.3799116484538563,-0.8648493758481186,2.908969049955718
2014-11,1.3712691771269165,0.17240507129532956,0.7106335051069259,0.49945760260350514,0.18346700342925737,1.5082266910420516,-0.9024964886049567,0.22835603112840253,-0.053689388615599354,1.8923341946597758,1.5733175448983592,0.42427795725405737,1.2042871343918224,-0.14148444576945585,1.2116801813739806,1.5540977559176183,-0.3323993421453365,0.3663185097448083,-0.2686379928315421,-0.989859382868555,0.969046230129794,5.052889324191963,1.7567429700950075,0.7273276817455634,3.2016701461377908,-0.37067113360766146,2.7137149383467407,-0.9811367088377339,-0.08433170470517193,7.847987477638652,0.10371659555355839,0.4613292006330716,3.0193937792688663,0.4695196293586934,3.0097171874668343,0.1512938230383991,-0.02561885159301036,0.235104872387359,4.2664255575647925,9.86852861035422,-0.8801048490911765,0.8438717623543275,2.561839532129385,-0.1933049237562262,-0.4442354907799201,2.2037225669043488,2.9522510231923507,13.32391418105704,-0.9931753134717641,-0.873228551618758,1.7489012038983311,-0.8902388263185518,0.9141359934339301,2.7165482756400605,1.776796093931651,-0.8548321009082798,2.979103334370588
2014-12,1.2811715481171535,0.1920547598722686,0.6765667911253788,0.4958416199602218,0.1540270224070388,1.522445663213492,-0.9001857641248697,0.21088683527885643,-0.05073787772311855,1.6089577950043066,1.6068679692125496,0.42384939666704846,1.1939106345791966,-0.16473839309261473,1.2491264250574043,1.5161967414694169,-0.3391606261801784,0.29180574997308417,-0.34997759856630906,-0.9897517786969565,0.9251859413737782,5.102918707149847,1.6056876873047248,0.7434332676060391,3.1041025392047414,-0.37194566840246135,2.8200752657635153,-0.9824282167186604,-0.1096312161167241,7.8189624329159315,0.10394116326072189,0.45768238241560955,3.0114845141906974,0.4772006827603026,3.0641874941226206,0.1529632721202021,-0.05986210350845689,0.20018758088770738,4.169981916817354,7.679836512261577,-0.8775607167317492,0.8449176204119746,2.382651328051125,-0.18740052369461513,-0.4426944575040491,2.180572275210673,2.9113233287858025,13.036630036630038,-0.9952054455146307,-0.8743679313192513,1.7416395948786483,-0.8972847758024722,0.9133994149462312,2.5919050582655516,1.228086491513607,-0.8520086110054045,2.6622782870957713
