Month,AN,AP,AX,BN,CA,CB,CC,CN,CT,DA,DT,EC,EN,ER,ES,FB,FN,GS,HS,JN,JO,KC,LB,LX,MD,MP,MW,ND,NK,RL,SB,SC,SN,SP,SS,TU,TY,UB,US,UZ,XU,XX,YM,ZA,ZB,ZC,ZD,ZF,ZG,ZI,ZK,ZL,ZM,ZN,ZO,ZP,ZR,ZS,ZT,ZU,ZW,ZZ
1969-01,,,,,,,,,,,,,,,,,,,,,,,,,,,,,,,,,,,,,,,,,,,,,,,,,,,,,,,,,,,,,,
1969-02,,,,,,,,,,,,,,,,,,,,,,,,,,,,,,,,,,,,,,,,,,,,,,,,,,,,0.04229195088676674,-0.0219780219780219,,,,,-0.007955047667150716,,,-0.03882435501872139,
1969-03,,,,,,,,,,,,,,,,,,,,,,,,,,,,,,,,,,,,,,,,,,,,,,,,,,,,-0.03403141361256545,0.0048154093097914075,,,,,-0.014573919684337855,,,-0.04368329657454961,
1969-04,,,,,,,,,,,,,,,,,,,,,,,,,,,,,,,,,,,,,,,,,,,,,,,,,,,,0.024390243902439046,0.026091586794462218,,,,,0.014294325325066914,,,0.03575367856933642,
1969-05,,,,,,,,,,,,,,,,,,,,,,,,,,,,,,,,,,,,,,,,,,,,,,,,,,,,-0.07539682539682535,0.03373118837571365,,,,,-0.010633330503438398,,,-0.015369042986160819,
1969-06,,,,,,,,,,,,,,,,,,,,,,,,,,,,,,,,,,,,,,,,,,,,,,,,,,,,-0.007153075822603716,-0.010040160642570406,,,,,-0.007079266330580203,,,-0.02210211519890337,
1969-07,,,,,,,,,,,,,,,,,,,,,,,,,,,,,,,,,,,,,,,,,,,,,,,,,,,,0.03458213256484144,-0.024847870182555742,,,,,0.0033488171113751353,,,-0.03131122278323761,
1969-08,,,,,,,,,,,,,,,,,,,,,,,,,,,,,,,,,,,,,,,,,,,,,,,,,,,,0.07799442896935949,0.014040561622464809,,,,,0.0068475452196381514,,,0.03454615522955584,
1969-09,,,,,,,,,,,,,,,,,,,,,,,,,,,,,,,,,,,,,,,,,,,,,,,,,,,,0.16279069767441867,0.01897435897435895,,,,,-0.0005132811497498002,,,0.009354409645064843,
1969-10,,,,,,,,,,,,,,,,,,,,,,,,,,,,,,,,,,,,,,,,,,,,,,,,,,,,0.20666666666666655,0.03120281831907379,,,,,0.03275987503744604,,,0.0027428186767548546,
1969-11,,,,,,,,,,,,,,,,,,,,,,,,,,,,,,,,,,,,,,,,,,,,,,,,,,,,-0.06813996316758753,0.00878477306002945,,,,,-0.023039469594944628,,,0.04714617306003066,
1969-12,,,,,,,,,,,,,,,,,,,,,,,,,,,,,,,,,,,,,,,,,,,,,,,,,,,,0.04249011857707519,0.14997581035316876,,,,,0.009819099527071495,,,0.026108505509254476,
1970-01,,,,,,,,,,,,,,,,,,,,,,,,,,,,,,,,,,,,,,,,,,,,,,,,,,,,0.08909952606635074,0.03197307530500648,,,,,0.00894657258064524,,,-0.024629425971055552,
1970-02,,,,,,,,,,,,,,,,,,,,,,,,,,,,,,,,,,,,,,,,,,,,,,0.013586634968104194,,,,,,0.2088772845953002,0.06807990216061954,,,,,0.006910619874276769,,,0.05963435922024618,0.014529525815640154
1970-03,,,,,,,,,,,,,,,,,,,,,,,,,,,,,,,,,,,,,,,,,,,,,,-0.0020306651666630593,,,,,,0.0007199424046075986,-0.059923664122137454,,,,,-0.006697812874684739,,,-0.020373786017359286,-0.0708050207625518
1970-04,,,,,,,,,,,,,,,,,,,,,,,,,,,,,,,,,,,,,,,,,,,,,,0.04259957744282006,,,,,,0.12446043165467624,0.057247259439707765,,,,,0.018917793964620122,,,0.0538337317876314,-0.005509991620750165
1970-05,,,,,,,,,,,,,,,,,,,,,,,,,,,,,,,,,,,,,,,,,,,,,,0.0010064295890299668,,,,,,-0.017274472168905985,-0.02188940092165903,,,,,0.008823709634592225,,,-0.05448146683308763,-0.03589848337844048
1970-06,,,,,,,,,,,,,,,,,,,,,,,,,,,,,,,,,,,,,,,,,,,,,,0.06979840695640349,,,,,,-0.07356770833333326,0.09265802905378884,,,,,0.07347492458140148,,,0.034949446844264376,0.04168432203389849
1970-07,,,,,,,,,,,,,,,,,,,,,,,,,,,,,,,,,,,,,,,,,,,,,,-0.049045257402668296,,,,,,0.10119465917076598,0.010420409629895877,,,,,-0.021557902678234764,,,0.03612689203399233,-0.022041999288147762
1970-08,,,,,,,,,,,,,,,,,,,,,,,,,,,,,,,,,,,,,,,,,,,,,,0.19631594587104817,,,,,,-0.02744097000638157,0.030938833570412383,,,,,-0.024519536596179337,,,0.08451440334082516,-0.04837913016351669
1970-09,,,,,,,,,,,,,,,,,,,,,,,,,,,,,,,,,,,,,,,,,,,,,,-0.03236209374694754,,,,,,0.1804461942257216,-0.011728182131769627,,,,,0.02416757237427114,,,0.02514412503162755,0.003851827569250954
1970-10,,,,,,,,,,,,,,,,,,,,,,,,,,,,,,,,,,,,,,,,,,,,,,-0.024213354407652488,,,,,,0.190661478599222,-0.0006980802792321272,,,,,0.06444392992204984,,,0.036346459371857875,-0.1675238795003673
1970-11,,,,,,,,,,,,,,,,,,,,,,,,,,,,,,,,,,,,,,,,,,,,,,-0.00032070750736368225,,,,,,-0.06302521008403372,0.04785190359762481,,,,,-0.02921983758700697,,,-0.027910821378950512,0.023569023569023573
1970-12,,,,,,,,,,,,,,,,,,,,,,,,,,,,,,,,,,,,,,,,,,,,,,0.02134645748449171,,,,,,-0.039860488290981544,0.008999999999999897,,,,,-0.017850474269922922,,,-0.021770103366341442,-0.03538579458354629
1971-01,,,,,,,,,,,,,,,,,,,,,,,,,,,,,,,,,,,,,,,,,,,,,,-0.010417586426016645,,,,,,0.05552672548002069,-0.026759167492566904,,,,,0.03190114068441052,,,-0.011869781492141573,0.14133889551052836
1971-02,,,,,,,,,,,,,,,,,,,,,,,,,,,,,,,,,,,,,,,,,,,,,,-0.025850795870425602,,,,,,-0.009832841691248762,-0.00950441276306857,,,,,-0.012546519768598552,-0.019572075455501436,,0.0018428371112924058,-0.00423519856119281
1971-03,,,,,,,,,,,,,,,,,,,,,,,,,,,,,,,,,,,,,,,,,,,,,,-0.04177146194861425,,,,,,-0.02383316782522349,-0.003769705277587354,,,,,-0.02356475175849393,0.04942541315530247,,-0.023888683467938043,0.002825763975879081
1971-04,,,,,,,,,,,,,,,,,,,,,,,,,,,,,,,,,,,,,,,,,,,,,,-0.019520121849937788,,,,,,-0.07527975584944047,0.01031991744066052,,,,,-0.02571941758703722,0.014913543165842924,,-0.0015885965562862925,0.035207994422496114
1971-05,,,,,,,,,,,,,,,,,,,,,,,,,,,,,,,,,,,,,,,,,,,,,,0.03723160275209558,,,,,,0.08195819581958208,0.040177051413006426,,,,,0.0510904526555267,0.029512104895392355,,0.03789144091793162,0.025143113705241804
1971-06,,,,,,,,,,,,,,,,,,,,,,,,,,,,,,,,,,,,,,,,,,,,,,0.008999986132532944,,,,,,0.12963904422979144,0.01571194762684125,,,,,0.0369824417367941,-0.02541222501696816,,-0.02084143012491313,-0.05789444870250726
1971-07,,,,,,,,,,,,,,,,,,,,,,,,,,,,,,,,,,,,,,,,,,,,,,-0.11813689409048289,,,,,,0.10351035103510364,0.0006445375443120405,,,,,0.022078272604588278,0.08459474406505407,,-0.05667758126608313,-0.053432896533689656
1971-08,,,,,,,,,,,,,,,,,,,,,,,,,,,,,,,,,,,,,,,,,,,,,,-0.07997319392326341,,,,,,-0.039967373572593834,-0.059259259259259234,,,,,-0.03482271750994681,0.014182923835243777,,-0.0073288334940021516,-0.05230523666277864
1971-09,,,,,,,,,,,,,,,,,,,,,,,,,,,,,,,,,,,,,,,,,,,,,,-0.048469973536508615,,,,,,-0.038657604078164876,0.011639849366655186,,,,,-0.016671530716474536,0.011638300249525058,,-0.01916576786036539,0.07333031029345083
1971-10,,,,,,,,,,,,,,,,,,,,,,,,,,,,,,,,,,,,,,,,,,,,,,0.025423997024998757,,,,,,0.07467962881131252,0.019627749576988096,,,,,0.03327768503060646,0.02564102564102555,,0.09872056315416988,0.021636791598768745
1971-11,,,,,,,,,,,,,,,,,,,,,,,,,,,,,,,,,,,,,,,,,,,,,,-0.0024286312280695777,,,,,,-0.06620065789473684,-0.030866246266179842,,,,,-0.03944061467758131,0.053158650394831364,,0.00483674241893195,0.05491064835327131
1971-12,,,,,,,,,,,,,,,,,,,,,,,,,,,,,,,,,,,,,,,,,,,,,,0.03031287465676602,,,,,,-0.04403346543372966,0.044520547945205546,,,,,0.0034014241127326983,0.02165911182304625,,0.049067847321049296,0.06255250042000338
1972-01,,,,,,,,,,,,,,,,,,,,,,,,,,,,,,,,,,,,,,,,,,,,,,-0.02131505059908101,,,,,,-0.031782588668816225,0.013114754098360715,,,,,-0.008269850434912018,0.06031391256484242,,0.009195115247414565,0.09225782649942027
1972-02,,,,,,,,,,,,,,,,,,,,,,,,,,,,,,,,,,,,,,,,,,,,,,-0.026504480697427835,,,,,,-0.0028544243577544037,0.060517799352751034,,,,,0.05007042914827675,-0.0014472462992969337,,-0.003126919548628204,-0.08084634128688262
1972-03,,,,,,,,,,,,,,,,,,,,,,,,,,,,,,,,,,,,,,,,,,,,,,0.02474401049566821,,,,,,0.043893129770992356,0.0384498016478485,,,,,0.024968253116560257,-0.0003308284890589652,,0.017741497198169753,0.03950338600451464
1972-04,,,,,,,,,,,,,,,,,,,,,,,,,,,,,,,,,,,,,,,,,,,,,,-0.008719739945674543,,,,,,-0.052559414990859143,0.011460476050543678,,,,,0.006822901216256172,0.04737140695915287,,0.004546218808789693,0.022978057217887482
1972-05,,,,,,,,,,,,,,,,,,,,,,,,,,,,,,,,,,,,,,,,,,,,,,-0.011823613484000295,,,,,,0.004341534008682979,0.014235909355025944,,,,,-0.0014211931089466168,0.05818362372483499,,-0.01107920811282792,0.016982203243403493
1972-06,,,,,,,,,,,,,,,,,,,,,,,,,,,,,,,,,,,,,,,,,,,,,,-0.030133486143110066,,,,,,-0.1018251681075889,0.032655399598968904,,,,,-0.030373507359066965,0.05107423680131973,,-0.006204218374539772,0.044319312638042785
1972-07,,,,,,,,,,,,,,,,,,,,,,,,,,,,,,,,,,,,,,,,,,,,,,0.028196458597643526,,,,,,-0.04331550802139028,0.004715672676837812,,,,,-0.012547882432964563,-0.06217448357029809,,0.07794515471422825,-0.03964952239291619
1972-08,,,,,,,,,,,,,,,,,,,,,,,,,,,,,,,,,,,,,,,,,,,,,,0.05195160446013536,,,,,,0.01173840134153159,0.022915516289342852,,,,,0.05028550711501856,0.0014713306887847999,,0.18523807586422025,0.060840734735364554
1972-09,,,,,,,,,,,,,,,,,,,,,,,,,,,,,,,,,,,,,,,,,,,,,,0.04379986717675788,,,,,,-0.016022099447513982,0.051821862348178094,,,,,0.032672293273960706,0.06838837916084506,,0.11642937483337312,0.06925972396486824
1972-10,,,,,,,,,,,,,,,,,,,,,,,,,,,,,,,,,,,,,,,,,,,,,,-0.0241200950609185,,,,,,0.0,0.05337439055683846,,,,,0.013370771493515177,-0.037681159420289934,,0.02201619635272034,-0.007680655415928772
1972-11,,,,,,,,,,,,,,,,,,,,,,,,,,,,,,,,,,,,,,,,,,,,,,0.02134067952249774,,,,,,-0.045480067377877575,0.14177831912302064,,,,,0.06936930993534762,-0.011683945082656022,,0.10486063407859025,0.04070004945066752
1972-12,,,,,,,,,,,,,,,,,,,,,,,,,,,,,,,,,,,,,,,,,,,,,,0.07554844278213335,,,,,,-0.008235294117647118,0.33987625346703654,,,,,0.12714766032265046,0.07434865194341267,,0.07535659940921868,0.09966118502603094
1973-01,,,,,,,,,,,,,,,,,,,,,,,,,,,,,,,,,,,,,,,,,,,,,,0.04361898838721756,,,,,,0.07058125741399768,0.17961783439490442,,,,,0.1497769628636325,0.07858452850602315,,-0.06439388024762271,0.05318629292853383
1973-02,,,,,,,,,0.03921293042867169,,,,,,,,,,,,0.026596317432970862,,,,,,,,,,,,,,,,,,,,,,,,,0.027381196493566407,,,,0.22966619652092146,,0.26925207756232683,0.20369870410367175,,,0.19281482896999824,,0.32360641690864966,0.03739586773826575,,-0.015966264123334795,0.1526070746891668
1973-03,,,,,,,,,0.07303218826075208,,,,,,,,,,,,0.03419341304803858,,,,,,,,,,,,,,,,,,,,,,,,,-0.019731302509215398,,,,-0.1356868242740924,,0.08336970755128759,-0.18313334080968935,,,-0.15443768023069537,,-0.1157165977342205,-0.012770624027168553,,-0.05514326706668071,-0.04189494536787708
1973-04,,,,,,,,,0.2314091252835897,,,,,,,,,,,,-0.07606490872210958,,,,,,,,,,,,,,,,,,,,,,,,,0.06032176272782519,,,,-0.027524514020299318,,0.08783239323126502,0.3790499725425589,,,-0.02103069344448638,,0.3256736146415862,0.0050883290930590075,,0.11798145821306072,0.02481141066438375
1973-05,,,,,,,,,0.0240532241555782,,,,,,,,,,,,0.0645444566410538,,,,,,,,,,,,,,,,,,,,,,,,,0.32447823530117725,,,,0.1940309822850066,,0.20481481481481478,0.6845196615231459,,,0.09638087865299005,,0.5598941555453292,0.06587281780693299,,0.2051161995483588,0.0779912677521557
1973-06,,,,,,,,,0.10724637681159432,,,,,,,,,,,,-0.02134460713549191,,,,,,,,,,,,,,,,,,,,,,,,,-0.022715534231307788,,,,0.03642405130267323,,-0.05441131263449117,-0.13096152709650732,,,0.032480141218005354,,-0.11908309117460503,0.010101460586464661,,-0.047975079676404464,0.05474404526911436
1973-07,,,,,,,,,0.16753926701570676,,,,,,,,,,,,0.14076493520177014,,,,,,,,,,,,,,,,,,,,,,,,,0.4418031086401468,,,,0.06614253624668165,,0.48016905071521454,-0.013940836450187066,,,0.0769362284151136,,0.05814355883009603,0.168451145745949,,0.35820874635392075,0.29868995633187767
1973-08,,,,,,,,,0.40018555744549245,,,,,,,,,,,,-0.040177334441673596,,,,,,,,,,,,,,,,,,,,,,,,,-0.09415539003454931,,,,-0.09825892087571109,,0.1144300461234351,-0.2048965517241379,,,-0.045721543102079654,,-0.1787189374238436,-0.13253729087353694,,0.4461095561508064,-0.15834587589799431
1973-09,,,,,,,,,0.005466593042517953,,,,,,,,,,,,0.03935719784449576,,,,,,,,,,,,,,,,,,,,,,,,,0.0069865035269729425,,,,0.04906646275409421,,0.23610563657863604,-0.1654957064793131,,,0.005822658459490926,,-0.07988644538074208,-0.15760070567480144,,-0.012060264155390632,-0.10891980671426937
1973-10,,,,,,,,,-0.15915206765884993,,,,,,,,,,,,0.11230441625775378,,,,,,,,,,,,,,,,,,,,,,,,,-0.05450932355740434,,,,0.020895341067849182,,-0.14046556122448983,-0.15538925267643688,,,-0.05772411511743303,,-0.1680534420416312,-0.022041238446124933,,-0.12410983602563175,0.009208784639690437
1973-11,,,,,,,,,0.10502253281954133,,,,,,,,,,,,0.010654236723822263,,,,,,,,,,,,,,,,,,,,,,,,,0.10315265564052756,,,,0.029729676127010496,,0.23223891671304053,0.16994831405365485,,,-0.04282955941723732,,0.11470595638639747,-0.07226701916721745,,0.1322685703921873,-0.032014216004287555
1973-12,,,,,,,,,0.20799101601749515,,,,,,,,,,,,-0.07618184813045625,,,,,,,,,,,,,,,,,,,,,,,,,0.014151158605516523,,,,0.09279661016949148,,0.14827638115309338,-0.0419690754181129,,,0.024940399779937783,,-0.03669441642705529,0.07336534488408852,,0.15466116143964248,-0.015006702022262397
1974-01,,,,,,,,,-0.18759174087484098,,,,,,,,,,,,-0.02567531425514835,,,,,,,,,,,,,,,,,,,,,,,,,0.12279070619922727,,,,0.2314321971165707,,0.3820136339800735,0.019872639437856776,,,0.1728395061728396,,0.09850834902601213,0.015332129772208436,,0.03577965426317342,0.023089666597639447
1974-02,,,,,,,,,-0.048843652132016246,,,,,,,,,,,,-0.08683319608381379,-0.01776433691756263,0.15439907374329098,,,,,,,,,,,,,,,,,,,,,,,0.049150562878232495,,,,0.432666847958322,,0.15850882185543536,-0.09010657767251595,,,0.41342486651411137,,-0.04005377491357598,-0.16125616117771635,,0.04920006691717882,-0.1509390316191248
1974-03,,,,,,,,,-0.04299373139998741,,,,,,,,,,,,-0.07955911823647288,0.005359545692977807,-0.04195298372513567,,,,,,,,,,,,,,,,,,,,,,,-0.13865202407145338,,,,-0.08534550794713225,,-0.06558585114222537,-0.06649313771888299,,,-0.11548839719373993,,-0.0175317698492089,-0.05594438295948756,,-0.24562946989148604,-0.10470482061062192
1974-04,,,,,,,,,0.033015746989546235,,,,,,,,,,,,0.04376224689745256,-0.06326845424436278,-0.07189641685444415,,,,,,,,,,,,,,,,,,,,,,,-0.00554639139705837,,,,0.05358469133644994,,0.06852436032246745,-0.2453738910012675,,,-0.03831604636973762,,-0.10447322176047802,-0.03744798890429957,,-0.09838452620021687,-0.09387956940165088
1974-05,,,,,,,,,-0.17299686158970085,,,,,,,,,,,,-0.02211097204839374,-0.0002663889763397931,0.015452094314384102,,,,,,,,,,,,,,,,,,,,,,,-0.042304281701583846,,,,-0.14024175322925103,,0.0704444808922422,-0.03694994961370501,,,-0.11534069280548154,,-0.0022823551209815163,-0.15808974886784688,,-0.06498686109467777,-0.19375760883254278
1974-06,,,,,,,,,0.07992565055762069,,,,,,,,,,,,-0.01183873720136519,-0.0584758490383217,-0.007969805586296896,,,,,,,,,,,,,,,,,,,,,,,0.13564936111808001,,,,-0.04703740323630834,,0.04313184708496132,-0.008371119637251567,,,-0.05393000573723472,,0.04158999206523384,0.14219641401792993,,0.17833579008163314,0.3144411757048762
1974-07,,,,,,,,,0.06389845094664359,,,,,,,,,,,,0.04835402050728543,-0.023258207265617004,0.016317423845084278,,,,,,,,,,,,,,,,,,,,,,,0.3120145696480343,,,,0.042083686561309674,,0.5455346650998825,0.7520225114315864,,,0.058671922377198094,,0.5687923950305123,0.16611070479316425,,0.14009646487743743,0.19616154013745568
1974-08,,,,,,,,,-0.11803168183350177,,,,,,,,,,,,-0.0010295480284154834,-0.11297545042671997,-0.016055440418752065,,,,,,,,,,,,,,,,,,,,,,,-0.08253952089467875,,,,-0.16868830364623166,,-0.1260216688842426,-0.2899016261794821,,,-0.14320492624946302,,-0.1832491295498455,-0.19862018326169095,,-0.09045741209254565,-0.17059924163396412
1974-09,,,,,,,,,0.031030265973708282,,,,,,,,,,,,0.04009069359991746,-0.08680029695619906,-0.20159511143301945,,,,,,,,,,,,,,,,,,,,,,,0.13221321974529743,,,,0.030263196331025588,,0.36140713353632026,0.13330506078597693,,,0.008189871302022533,,0.1986338192973025,-0.02550251016473548,,0.11161231244674918,0.13831104012776985
1974-10,,,,,,,,,-0.14128984432913272,,,,,,,,,,,,-0.034482758620689724,0.06276014568158184,0.10479447769598127,,,,,,,,,,,,,,,,,,,,,,,-0.0174192815270503,,,,0.0949133800221158,,-0.17788250329486,-0.06386428838717728,,,-0.025862068965517238,,-0.07791145585984904,-0.05357387710328887,,0.056288022983466135,-0.04424918446806281
1974-11,,,,,,,,,-0.08762085635359118,,,,,,,,,,,,0.008004926108374333,0.07049752157150735,-0.08319805194805197,,,,,,,,,,,,,,,,,,,,,,,-0.04209004637240776,,,,-0.05012106224023416,,0.033470974010201715,-0.0918054630246502,,,-0.015997277059223936,,-0.050072963461043285,-0.04992135110522389,,-0.05974547430238031,0.002972749793558993
1974-12,,,,,,,,,-0.10228025357176651,,,,,,,,,,,,-0.10232131948686618,-0.03261304521808728,-0.006290085137486301,,,,,,,,,,,,,,,,,,,,,,,-0.08927381469509399,,,,-0.05695046481829835,,-0.06129547804832203,-0.122212441314554,,,-0.1359391214112764,,-0.10694900448808697,-0.04176106657371914,,-0.09832843037646055,-0.0541742137329162
1975-01,,,,,,,,,0.06566188870151768,,,,,,,,,,,,-0.08551661562889878,-0.08169596690796266,0.07755423409236895,,,,,,,,,,,,,,,,,,,,,,,-0.08924708473992538,,,,-0.08166628122109154,,-0.11897846770155229,-0.18552565602540538,,,-0.09707766212970381,,-0.15699329474777723,-0.0989155886966604,,-0.17230090638649764,-0.03932606004333028
1975-02,,,,,,,,,0.0015824349718127628,,,,,,,,,,,,-0.02666501302244817,-0.07123552123552124,-0.1507566434642158,,,,,,,,-0.19929239920326702,,,,,,,,,,,,,,,-0.17000536551117917,,,0.028084407249576504,0.08216073283596192,,-0.20461520973059,-0.11963882618510158,,-0.09328781702798539,0.03702061627133668,,-0.17655578583488707,-0.021192854980320974,,-0.07060524724398343,-0.03920423655437644
1975-03,,,,,,,,,0.07326947763404767,,,,,,,,-0.030374608707617212,,,,-0.027650356778797125,0.0029099979214299854,0.11520239099302065,,,,,,,,-0.10562604359530647,,,,,,,,,,,,,,,0.1391804510373309,,,-0.03181182580902919,-0.05316054338656662,,0.2717593254251822,0.13892773892773902,,0.1660521637483865,0.0027789653698162553,,0.202565473009086,0.1688060624806682,,0.10959881974065344,0.08284432894626526
1975-04,,,,,,,,,0.06035513846720031,,,,,,,,-0.008118303729807708,,,,0.03747870528109032,-0.0808981001727116,0.06183793112199565,,,,,,,,-0.24100180344941446,,,,,,,,,,,,,,,-0.04687668609297313,,,-0.07076907205859595,0.006313461036267842,,-0.1722762263302804,-0.046254604993859916,,0.0925574751052598,-0.07823491792794723,,-0.10698181818181829,0.10100341823795334,,-0.1256669060186466,0.03425651744759928
1975-05,,,,,,,,,-0.04945770065075927,,,,,,,,0.01754385964912264,,,,0.026398888467854098,0.10541942273000604,-0.1598772454803583,,,,,,,,-0.19577658043572843,,,,,,,,,,,,,,,-0.05170938174701267,,,0.0015542603386067277,0.03550602961379945,,-0.07345054646663496,-0.030686695278969944,,-0.00630048897605584,0.03168362627197041,,-0.05675453122313601,0.11679519278918393,,-0.07072234639266328,0.06407305525926765
1975-06,,,,,,,,,0.051665905979005,,,,,,,,-0.009197745673544477,,,,0.015382722126507486,0.014993370278448381,0.031112021484819508,,,,,,,,-0.04146727144105533,,,,,,,,,,,,,,,-0.019576755358184927,,,-0.00709416394169482,0.018986968571260032,,-0.023884533665470165,0.019703342926721268,,-0.08845832740199833,0.029365613091234977,,-0.0019762277074800716,0.04282947126766623,,-0.014026345308172816,0.0986757645569174
1975-07,,,,,,,,,0.01536324971790659,,,,,,,,-0.08236560157044537,,,,0.04775178766210164,0.521270181550211,-0.08360556229996685,,,,,,,,0.2520132844211942,,,,,,,,,,,,,,,0.1526101955294179,,,5.581914596697324e-05,0.08128869857068466,,0.27471290249943725,0.0825010855405992,,0.10622681247810495,0.10278745644599296,,0.1726183038074458,-0.10255572372041832,,0.19268309583060428,0.03502256938886594
1975-08,,,,,,,,,0.07232005471020675,,,,,,,,-0.004800443316107406,,,,0.025216888374782975,0.011956138805707228,-0.08182743317536689,,,,,,,,-0.0017857452452365585,,,,,,,,,,,,,,,0.056516063062750366,,,-0.061118553248493024,-0.1011198373091795,,-0.08661602779249844,0.04292017649418378,,0.06133272286766256,-0.06161137440758291,,-0.034141862924314204,0.13159962438435446,,0.1286638259035784,0.14014413411277094
1975-09,,,,,,,,,0.05444834183673475,,,,,,,,-0.0249014237709535,,,,0.02030915040054171,-0.03309471485454418,-0.1337355718782791,,,,,,,,-0.16975823259691536,,,,,,,,,,,,,,,0.0016517436314862355,,,-0.12650853100291304,-0.03209049639056338,,0.02011346054667351,-0.016538461538461502,,0.022187870726534165,-0.0507154882154881,,-0.0013154991258296223,0.06755520932123016,,0.009400746410818117,0.17126037653952575
1975-10,,,,,,,,,-0.08686777046949423,,,,,,,,0.03048412050224747,,,,0.01824615724870049,-0.010261487915747769,0.10964659923687248,,,,,,,,0.034182670181164054,,,,,,,,,,,,,,,-0.08408884321465315,,,0.004219696454093924,-0.0735825554752495,,-0.1519843276036401,-0.0899491591709034,,-0.05426212096700456,-0.08024828197738876,,-0.1352414783591539,-0.0903279026603423,,-0.10069848965667849,-0.19748697162709905
1975-11,,,,,,,,,0.09645636694817017,,,,,,,,-0.029073288915808626,,,,-0.0665725456125108,0.0033422763857942073,0.054785735240941325,,,,,,,,-0.07666477870377864,,,,,,,,,,,,,,,-0.022225440575644795,,,-0.038292104371399516,-0.022823849677976238,,-0.11148371711751992,0.044048130640309546,,0.07610268004893772,-0.002892263195950817,,-0.035751840168243953,0.10684826395549574,,-0.11316393311131445,0.04232506457711027
1975-12,,,,,,,,,0.03518840141961799,,,,,,,,-0.00078310614406496,,,,-0.04863292611983716,0.09200299123025668,0.022852374822931232,,,,,,,,0.096722604390308,,,,,,,,,,,,,,,-0.06272402830766743,,,0.015856236786469413,0.011941769012553394,,-0.06651010651681633,-0.07944021403580992,,-0.07728645577756432,0.013294657964708634,,-0.07668239586624404,-0.03429966913502447,,-0.05555558591638743,-0.034362453274262794
1976-01,,,,,,,,,0.00014588956160199729,,,,,,,,0.00990276560133907,,,,0.012596306713953842,0.08881694992633182,0.033016302629415684,,,,,,,,-0.07291104852080466,,,,,,,,,,,,,,,0.013384324404351,,,-0.09386056191467218,-0.06279795877257766,,-0.015902964959568666,0.028169014084507227,,0.0700864751903465,-0.06297709923664119,,0.01851095535073677,-0.1425774558269296,,0.04169750345015144,-0.059055456787291405
1976-02,,,,0.002440788284216122,,,,,0.015899642622711596,,,,,,,,0.007740620170332946,,,,0.013768115942029091,0.030551373191789466,-0.025202779223164273,,,,,,,,0.023141065695632568,,0.011110367445284819,,,,,,,,,,,,,0.027082372368872454,,,0.027867095391211016,0.056223245150543555,,0.07778690769652141,0.01913459447706023,,0.04987978034977436,-0.011456211812627237,,0.02364747702444947,0.005308825208357071,,0.12550979143961438,0.0807722195980436
1976-03,,,,-0.049959419244296255,,,,,-0.09268432766171297,,,,,,,,0.00788999686749503,,,,-0.011794138670478849,0.126183607042462,-0.07967319358444591,,,,,,,,0.024028640623354747,,0.0075461706493680225,,,,,,,,,,,,,-0.04496436365612344,,,-0.022568151348130505,-0.045226386298117704,,-0.0472681067344346,-0.03819074034563685,,-0.08074231862897074,-0.0036054596961113683,,-0.034429457725453694,0.03687089508451158,,-0.14499052287428482,0.06740448329338777
1976-04,,,,-0.037399145704793524,,,,,0.1058711821490741,,,,,,,,0.0007575708522995495,,,,-0.048101265822784955,0.16485754167008793,-0.042005854617163996,,,,,,,,0.00041130259531940716,,0.007292556336640166,,,,,,,,,,,,,0.013984334666808484,,,-0.006172369122913857,0.0975969308917819,,-0.006401707121899136,0.03039041703637979,,0.06560099797648666,0.15740501421555964,,0.019396504462621422,0.06624559610083791,,-0.040976313130423825,0.0702275759136719
1976-05,,,,-0.0393452322256187,,,,,0.06446765884373229,,,,,,,,-0.0265143182494596,,,,-0.04255319148936165,0.12390391067753126,-0.07605683963104093,,,,,,,,-0.03646754101056604,,0.01995825723976008,,,,,,,,,,,,,0.06209998712697096,,,-0.019398865204723115,0.04666817696365566,,0.05914988814317668,0.2667384284176535,,0.1386124799215922,0.01875837427422944,,0.18829527487065856,-0.04233864064372539,,0.05629646794699128,0.008873475835513567
1976-06,,,,0.014884007390679521,,,,,0.3112186596760098,,,,,,,,0.004698923301874158,,,,-0.08994708994708989,0.08162010962959232,0.08299606065511833,,,,,,,,-0.04339477726574503,,-0.009975700217419115,,,,,,,,,,,,,0.0020169514043686387,,,-0.02674173117522871,0.03065767910701589,,0.1416863805339641,0.1599252209381372,,0.1052516744924219,0.05633494081543189,,0.16464060392660929,-0.11064232976384147,,0.02006797875735078,-0.01059366092945302
1976-07,,,,0.005765146151512024,,,,,-0.13154252319680115,,,,,,,,0.016405697010590803,,,,0.0037790697674420226,-0.07261973791024001,-0.04506595104033928,,,,,,,,-0.1259868861233775,,-0.00510269990957235,,,,,,,,,,,,,-0.01838818255902408,,,-0.09431991644573001,-0.0772969324233106,,-0.03344927107230067,-0.12923076923076926,,-0.0790196704110937,-0.05706578128242379,,-0.1018450872802451,-0.09130015276996051,,-0.08640311566695724,-0.10939528443021229
1976-08,,,,0.003117457763475384,,,,,0.004427129449265044,,,,,,,,-0.0025252689606696244,,,,-0.10671879525050687,0.10275360144057633,0.019127556801240342,,,,,,,,-0.23917425808262516,,-0.007660845289878648,,,,,,,,,,,,,0.009016787101136625,,,-0.0963363789585735,-0.09773702692157626,,0.1375086134292931,0.05535924617196697,,-0.040296793932578345,-0.06866197183098588,,0.08866236306052167,-0.009113834446754954,,-0.0908186265802875,0.009190232254660868
1976-09,,,,-0.06225563909774434,,,,,0.052656323460272825,,,,,,,,0.03527362177751403,,,,0.04036310585183989,0.12406871916992679,0.019558507292382954,,,,,,,,-0.1996579017976926,,0.01079489695780178,,,,,,,,,,,,,-0.04646986387054197,,,0.1250613527044271,0.05553153153153145,,-0.03459648650467784,-0.06664540816326525,,-0.0684536284339251,0.03568052930056709,,-0.06091822459620999,-0.10903245970442477,,-0.10819167197669077,-0.10347341632849572
1976-10,,,,-0.039341458199700696,,,,,0.05588432335864213,,,,,,,,0.01386569186651121,,,,-0.049548145839825586,0.07368399814377646,0.031328914141414144,,,,,,,,-0.06813895989607344,,0.0007119741100325427,,,,,,,,,,,,,-0.054358400922147054,,,0.06631184015356428,-0.009149568126728291,,0.07662274280136638,0.043559959002391624,,0.03514245832991225,-0.040839607574720604,,0.06820490249187428,0.06173891255324504,,-0.046793958177800854,-0.08649287281542972
1976-11,,,,0.05597596260850213,,,,,-0.05879553746100563,,,,,,,,-0.0028781897864670336,,,,-0.020983606557377077,0.06474678192239036,0.04617450037910675,,,,,,,,0.03656068714304994,,-0.00847293189315057,,,,,,,,,,,,,-0.047605652634055584,,,0.06374273791015472,-0.012731282086620999,,-0.08399171091827484,0.028646259616958547,,-0.061261204092964205,-0.007611798287345373,,-0.013882505823996416,0.06213715957898702,,-0.07035632659487023,0.12486562751948393
1976-12,,,,0.03709558436083893,,,,,-0.04937924835683383,,,,,,,,0.021165571501602365,,,,-0.12642330877427987,0.20039533713962987,0.023464563787841453,,,,,,,,-0.05522776572668109,,-6.523157208104813e-05,,,,,,,,,,,,,0.031156334094207372,,,0.02338461538461556,0.01245921091664215,,-0.00890774125132554,0.059516231699554334,,0.08012721932489919,-0.04002876318312554,,0.0483808758537565,-0.00979847579265436,,0.04421438442895265,0.18690458414215305
1977-01,,,,0.019815059445178473,,,,,-0.02062403971161808,,,,,,,,-0.02025678125972996,,,,0.7065363235576001,-0.006770565316474353,-0.11264503722567987,,,,,,,,0.10570785691325701,,-0.027594755039467622,,,,,,,,,,,,,-0.011695937451930094,,,-0.018490679494888806,0.023905137794936193,,0.05849204650831008,0.0010513667768099477,,0.07715270954458142,0.051435705368289675,,0.017222217964145248,-0.05674729614504337,,-0.011711728965279167,0.008227760514297966
1977-02,,,,0.008270227182144207,,,,,0.048693658359983294,,,,,,,,0.0072158974071372395,,,,0.04021116477591824,0.1978476637381672,0.05769948823826554,,,,,,,,-0.04692885917189249,,-0.022205823158459648,,,,,,,,,,,,,0.00822679733651066,,,0.07910859243375712,0.05076757339078908,,0.04818383988139363,0.06436609152288053,,-0.008229962525056034,0.03633341249109456,,0.07256739854428185,-0.04279563241905937,,-0.028653666086825957,-0.00645112988358032
1977-03,,,,0.016602431070263934,,,,,0.025373993095512137,,,,,,,,-0.00167040962155951,,,,0.06629953568729086,0.1542449332674245,-0.0412202010133732,,,,,,,,0.0708527604688658,,0.0,,,,,,,,,,,,,-0.039121520251896746,,,0.03349655808672214,0.011934512367038241,,0.18844027259868845,0.10797857344234552,,-0.06891683289542672,-0.02360219981668188,,0.1422138546811007,0.031761021919578525,,-0.008181645692931228,0.034713151813523746
1977-04,,,,0.004374453193350725,,,,,-0.040570113910555095,,,,,,,,0.016477966374785602,,,,-0.004354430379746921,-0.0318196174579638,-0.0727151964075573,,,,,,,,0.08073245167853504,,0.008096054888507842,,,,,,,,,,,,,-0.010574921932275494,,,-0.01984481219528933,-0.016178821890484252,,0.04663240465242091,0.13791348600508901,,0.05931688840371341,-0.033560197136822345,,0.11346736944394897,0.10078042200597381,,-0.056778458346457894,0.1359785405641596
1977-05,,,,-0.0008710801393727596,,,,,-0.10305298865364354,,,,,,,,-0.002822723226805657,,,,0.19436533767290487,-0.09559933428803646,-0.035300254591602354,,,,,,,,-0.15640649120825323,,0.00503641189682158,,,,,,,,,,,,,-0.01188150965722612,,,-0.03418803418803429,-0.05033227669879481,,0.07856515221998239,-0.0783765652951699,,-0.05446300234019552,-0.03059737736765422,,-0.02339788557351341,-0.0733698030634573,,-0.07250472903288152,0.041115064482696084
1977-06,,,,0.009105880073621897,,,,,-0.07159624413145549,,,,,,,,0.005618630130286295,,,,-0.0016179851826620961,-0.10052026973326245,0.023840460990904422,,,,,,,,-0.11140370453023885,,0.01218934109839509,,,,,,,,,,,,,-0.10701714786527627,,,-0.0048600029014941315,-0.02250122841796698,,-0.1776968419034839,-0.25269925997816334,,-0.18123969408106533,-0.01853707414829653,,-0.25651844394421,-0.03209200179469629,,-0.010790340988864222,0.06419400855920121
1977-07,,,,0.01372756071805692,,,,,-0.08898721730580128,,,,,,,,0.022148320180931602,,,,0.2255203002388264,-0.059003446002433235,-0.04314170627694891,,,,,,,,-0.03852529006981775,,0.025490064895965725,,,,,,,,,,,,,-0.13953490831635884,,,0.007580727458269543,0.0008840200377875362,,-0.19231889970277993,-0.2246753246753247,,-0.17170027735047821,-0.018631955079122076,,-0.20602957733621396,-0.0501854201229629,,-0.10337987602901166,-0.11559974540474871
1977-08,,,,0.004640151515151514,,,,,-0.04417546835247865,,,,,,,,-0.014596282527881033,,,,-0.018165367483296335,-0.12190312468399234,0.10466438198174455,,,,,,,,-0.059189217427645935,,0.0009786012526096233,,,,,,,,,,,,,-0.06152293697509459,,,0.006800260435506189,-0.014322330366111302,,-0.09185366909589443,-0.105108877721943,,0.023758579487036968,-0.015344603381014288,,-0.07584627619312256,0.0176466055328659,,-0.028134467853216938,0.09638304600521241
1977-09,,,,0.007823546045810037,,,,,-0.03565091143732857,,,,,,,,0.004134700701993621,,,,0.17232579570426032,-0.0831050679038241,-0.0716815941175154,,,,,,,,-0.07002054528291413,,0.01779313041778008,,,,,,,,,,,,,0.05866983435139295,,,0.0560465617589998,0.03304928402002982,,0.006038455426664591,0.0023397285914834587,,0.01859291026545784,0.03433703116745912,,0.03536437435849593,0.06969054470190317,,0.09673933647137334,0.013446581664113832
1977-10,,,,0.04704451926674147,,,,,-0.03905988624958179,,,,,,,,0.02657553680059621,,,,0.009977022614584552,0.11480630865017138,-0.06090086037226572,,,,,,,,0.03600429902077851,,0.0504610655737705,,,,,,,,,,,,,0.05418752729355569,,,0.04028032931890868,0.04374447241308932,,-0.0401990206918339,0.08730158730158721,,0.018257965376040408,0.09652706843718062,,0.03273451894576618,0.004908091271620618,,0.026759231086079582,0.058862784352980535
1977-11,,,,-0.009825815096025092,,,,,-0.0016537557663852676,,,,,,,,0.00580288914783611,,,,0.012512722265461296,0.11039488826118782,0.13374679213002572,,,,,,,,0.07417439917007673,,0.027249451353328347,,,,,,,,,,,,,0.035413070341480335,,,-0.01576296683890388,-0.026903272063616313,,0.15066238788776443,0.029841133533705433,,0.10371042381789408,0.01280857009781089,,0.04785083338989482,0.03440016906567722,,0.026568840703879326,0.09190331430266174
1977-12,,,,0.05782589084348233,,,,,0.037314734088927715,,,,,,,,0.05919612500582194,,,,-0.14415799432355725,0.1273943513962068,0.03733353453804655,,,,,,,,0.014003648460135354,,0.0799359088481395,,,,,,,,,,,,,-0.02185828270922119,,,0.03203083466241363,-0.0010214846693570312,,0.038758581235697864,0.03502188868042522,,-0.032376872646225574,0.07197056794665446,,0.016387829884887406,0.060042676836466136,,0.015454690950365224,0.10101687434217221
1978-01,,,,0.0174825174825175,,,,,0.03925029416708692,,,,,,,,-0.009140576906164877,,,,0.019552300677075918,-0.010568337415385654,-0.01856956860120884,,,,,,,,0.0010582570506374456,,0.001593581712276082,,,,,,,,,,,,,0.011173372080358401,,,0.052929813264649184,0.030726163336462164,,-0.028500619578686437,-0.08922457200402822,,-0.013011623063163169,0.16130416130416125,,-0.06459454292191302,0.040966229093946094,,-0.04476305863173602,0.09927301041530145
1978-02,,,,-0.0068728522336770626,,,,-0.00607976653696507,-0.0026688232915488275,,,,,,,,0.038169886782823736,,,0.013705305476030993,0.1326150301551805,-0.05821394925770729,0.012295264211072299,,,,,,,,-0.10174956393044032,,0.08454490590881658,,,,,,-0.007323458303124752,,,,,,,-0.006485790275210679,,0.05730864220200327,0.03069960861056753,-0.00874953243669585,,0.09020691609977316,0.0024325519681556163,,-0.10215084908470984,0.048208348725526484,,0.03271237249863734,0.054926969759308886,,-0.036157755740165776,0.03099796619678785
1978-03,,,,-0.04025656173516745,,,,-0.018065410651659786,-0.015974699967564066,,,,,,,,0.004595146243200787,,,0.07811561110443455,-0.05013760918990062,0.057631678796868036,-0.021194971776643756,,,,,,,,-0.09215017064846409,,-0.028986240388506723,,,,,,-0.005184593025032491,,,,,,,0.12144398552738878,,0.06493517770773094,-0.004271982912068428,0.09189348821184229,,0.18167045823854422,0.15971762629605113,,0.1591815102426435,-0.02026431718061672,,0.1676546816832385,0.11595163806552256,,0.2023007047463916,0.08788517787905592
1978-04,,,,-0.02444600773830463,,,,0.004651355953320335,0.02702925422332103,,,,,,,,-0.03772059527482008,,,-0.032270649871809165,0.018203577727387454,0.02883718503153765,0.029358086376352066,,,,,,,,-0.039797770287788525,,-0.05214899713467047,,,,,,-0.004886002490614216,,,,,,,-0.033274333006620416,,0.06969234908960464,-0.08378024073411994,-0.09732239451857194,,0.04394939493949379,-0.02035381396233593,,-0.019799224729152298,-0.07482014388489211,,0.03223723505577358,0.06339775626463506,,-0.0164930650336802,0.019664853373350777
1978-05,,,,0.013160266810888777,,,,0.006669146927920977,0.030169301131348636,,,,,,,,-0.007014072362675705,,,0.020791337902436258,-0.08852459016393444,0.10945286248652764,0.007687891933526592,,,,,,,,-0.050560280815444725,,0.02083104320105522,,,,,,-0.011822445081302257,,,,,,,0.0921988003719314,,0.09430122116689277,0.08162070759625384,0.0795339159384103,,0.06876020865166765,0.03378640776699027,,0.02753655519276421,0.19653965785381033,,0.0491132866257975,0.11626187267887089,,0.0641023933040421,0.017850682201441037
1978-06,,,,0.010231316725978656,,,,0.0018068083824958059,-0.0598956305008177,,,,,,,,0.001374872671205063,,,0.08006093432633721,0.13879462467761639,-0.09810050630307332,0.000951852145633314,,,,,,,,-0.11041592605758976,,0.018413826522371224,,,,,,-0.007007022641701499,,,,,,,-0.06769684235954654,,-0.06149473728205501,-0.017677830557392693,-0.03987479376435943,,-0.11260106487872212,-0.053343350864012096,,-0.13850884602935265,-0.06417546709991873,,-0.09695980442576169,-0.12557228871321524,,-0.05184674503467135,-0.14707264468087655
1978-07,,,,0.04729194187582575,,,,-0.009659921572913843,0.027589063794531965,,,,,,,,0.016803779877709868,,,0.06576816590920975,0.02842839263364927,-0.12122133728702944,0.09178799645556124,,,,,,,,-0.08631713554987219,,0.05641025641025643,,,,,,0.006048535510097208,,,,,,,-0.09343949883087,,0.06593977540099005,0.10711881006304713,0.0770070824031992,,-0.04277777777777769,-0.0623015873015873,,-0.013035808380489788,0.11215277777777777,,-0.04676460878177602,0.036919813464873164,,-0.004728034577769047,0.0929761114328902
1978-08,,,,0.005718129835183161,,,,-0.015189978201484489,0.024590824800451383,,,,,,,,0.013306145208639597,,,-0.01715518086462109,0.024165507649513085,0.24390929737914124,0.022289673375123664,,,,,,,,0.15701539538138576,,0.05384846361725559,,,,,,0.02342141823688637,,,,,,,-0.04336922560963663,,0.007833552672808164,0.0038148946757339264,-0.038635889177179195,,0.14782356355194426,0.029834955564959964,,-0.048328690807799446,-0.03418669996877921,,0.048366148890851335,0.009985062995194305,,0.054847388908199735,0.013629577929002101
1978-09,,,,0.018227424749163834,,,,-0.027234137935865377,-0.009521561221277897,,,,,,,,0.024110230528116006,,,0.011869140235387876,-0.0394386917897358,-0.010902830910481942,0.06060879892595272,,,,,,,,0.16201708626294686,,0.06714787729129057,,,,,,-0.02001976831051211,,,,,,,0.01799753752147426,,0.06332822064696209,0.04890945142101799,0.021079244931829777,,0.02634373261869838,0.0067803575097595825,,0.05751500073174309,0.09374494908679498,,0.01639411959035364,0.033902936968508435,,0.03630839560115229,0.11036303125358637
1978-10,,,,0.05468878305140423,,,,0.02040698762907378,0.057201874950345566,,,,,,,,0.1042164929988516,,,0.049975357318876146,0.22844015080113111,0.02278440955679395,0.03809686096471476,,,,,,,,0.02062459336369571,,0.026655393378426595,,,,,,-0.02310787081840948,,,,,,,0.03535870541552222,,0.008401341095747972,0.08963453056080639,0.08749810116967938,,0.060646369100403996,0.1293877551020408,,-0.008773872128425175,0.3267326732673266,,0.08954617478568228,-0.046722432987126084,,0.05547468997105831,-0.03541078113874918
1978-11,,,,-0.06010588601681721,,,,-0.005236119344003143,-0.009092958593221456,,,,,,,,-0.09767710355948467,,,-0.10284453623732626,-0.13584923755634404,-0.06963232892723925,0.018677672384481037,,,,,,,,-0.099827882960413,,-0.14966841489315585,,,,,,0.014402497577615359,,,,,,,-0.028814402057436794,,0.09347474500151431,-0.1982073153101055,-0.03229501327000972,,-0.0574109340889033,-0.056740151788941096,,-0.08117164158266565,-0.15482290042325686,,-0.05571092963418711,0.059271582587137495,,0.05944479707105277,0.031859228878081236
1978-12,,,,0.05781974817760105,,,,-0.015876168721535633,-0.06021537994843029,,,,,,,,0.055716816030877414,,,0.017579657824517314,0.028133843848842988,-0.008215398637746452,0.1062533090858866,,,,,,,,-0.005877770696126383,,0.0637169945967988,,,,,,-0.024299624685730548,,,,,,,-0.0272824851176815,,0.012262527695281022,0.16594542613294871,0.00772250931031504,,-0.014339920169516573,0.012835249042145502,,-0.05840880082659694,0.08803373748023202,,-0.001990285511195289,0.020786819616598784,,-0.06978336034048194,-0.05938583485730442
1979-01,,,,-0.03116679718089277,,,,-0.011965861253676269,-0.05898967075532602,,,,,,,,-0.04035097384223196,,,-0.05218777315029055,0.008851468048359123,-0.038529842775887335,-0.008052979030000906,,,,,,,,-0.024932326542242533,,-0.06349434540923904,,,,,,0.01279839957125839,,,,,,,0.01078664464569834,,0.0563029368105481,0.014021341306252877,0.10069757781502009,,0.016598340165983272,0.0068091545299791,,0.024437344005508344,0.08490794573643412,,0.022451192200248382,0.10317520174975492,,0.024035118287365265,0.10188473262310871
1979-02,,,,0.02352085354025224,,,,0.0049172673417572366,-0.02306834748306319,,,,,,,,0.010234009686038714,,,-0.0052077682543126835,-0.1060346672373208,0.009377482417220362,0.043733185091173965,,,,,,,,0.04522209234365859,,0.013150488666018534,,,,,,-0.02219743070287461,,,,,,,0.008943021307158183,,0.09823263913764713,0.06888312744649494,0.1445024270265347,,0.08537425002458932,0.0467781326319745,,-0.05228751306137658,0.07770458858992946,,0.06028637770897838,0.06596021056949475,,0.05655270898729392,0.02298242782159554
1979-03,,,,0.022822395956724417,,,,0.02841544336513202,-0.07013693820224709,,,,,,,,-0.016902834530961752,,,-0.04635183771403639,-0.009335727109515246,0.0786033744745378,-0.051924951511923445,,,,,,,,-0.04165792968476956,,-0.02540404040404043,,,,,,0.005577082125855615,,,,,,,0.0192508699433247,,-0.010442488533836558,-0.053124702748977404,-0.04074044595040205,,0.0014499320344358857,-0.004845656855707037,,-0.0054463152879123955,-0.06951206878690552,,0.006854564965070198,0.04173988891596858,,-0.03821671391258763,-0.12847955252791254
1979-04,,,,0.0009264978381715583,,,,0.01567176822725469,0.03237987350136873,,,,,,,,-0.020645805417619068,,,-0.0567246111619395,0.005799202609641174,0.12914649772209574,0.0632698056008989,,,,,,,,-0.08547881263219326,,-0.023112400891330265,,,,,,-0.021837159210275736,,,,,,,0.0371296838424533,,0.03250997712993353,0.022150786076648776,0.05786828505049546,,-0.05257442765360598,-0.06600541027953122,,0.009459293839760186,0.05889556891560899,,-0.06338089437967642,0.09811237117210303,,0.0620589979828694,0.046873731855782585
1979-05,,,,0.0010027769207037185,,,,-0.015082432094303488,-0.022585954645208517,,,,,,,,-0.013741039618835105,,,-0.00024248302618834483,-0.05165165165165164,-0.0014079549454417695,0.04839449312637689,,,,,,,,-0.038998325225297115,,-0.013898466924831654,,,,,,0.016985734710571077,,,,,,,0.008466938647242461,,-0.0925191049643439,0.10771498771498766,0.083566770499518,,-0.01174785100286535,0.018150222050588916,,0.0305622392441669,0.09515298075912093,,0.005441766135649617,-0.08982855092452424,,0.05539572927762859,-0.1155334768581191
1979-06,,,,0.047776835940509965,,,,-0.006845158285464281,0.0880344279165497,,,,,,,,0.03930582379022374,,,0.006851806936696736,-0.04939835338822052,0.39593011326869343,0.0444347243154839,,,,,,,,0.04622406639004151,,0.03943192210447055,,,,,,0.022260704264779774,,,,,,,0.10407339024794715,,-0.05782198794202642,0.009626475024399062,-0.015656022501654543,,0.03247318063206728,0.017637018774890878,,0.07454134581401073,-0.05808371735791085,,0.002779296168266665,-0.04199827522483679,,0.162759362076077,-0.11502933045647634
1979-07,,,,0.03419872030594995,,,,0.000355275125056842,0.0015477214101462522,,,,,,,,-0.0038211892797319624,,,0.001505570611261664,0.07001998667554976,-0.10621586887618384,0.1101890502874674,,,,,,,,-0.031966367890854164,,-0.013973708725804723,,,,,,-0.01429059062679916,,,,,,,-0.06010061962415325,,-0.051031075880291876,0.010149830836152729,0.03246139300346673,,-0.006318449873630949,-0.03559448378680574,,-0.18604917722339054,-0.09693201508510862,,-0.03506333973128606,-0.10030735201450591,,-0.05305659643670224,0.01989333333333332
1979-08,,,,0.011164841416583693,,,,0.003864020570227167,0.018458104395604247,,,,,,,,0.003835846776312213,,,-0.013830426939266505,0.08430359255339015,0.11853057506936415,0.08709504147480573,,,,,,,,0.10422812192723674,,0.00036741549443619625,,,,,,-0.01277664644042209,,,,,,,0.008103557371599068,,0.11572218926673372,0.09891257068290571,0.16824379324379324,,0.11064010173802452,-0.023188405797101463,,0.038321424854128816,0.11681715575620766,,0.013915963177199897,0.15235631280284734,,0.08014121725689893,0.13811341615556438
1979-09,,,,-0.027428089176454118,,,,0.007556781999575435,-0.011969990727471957,,,,,,,,0.038499790619765495,,,-0.028170731707317098,0.0213608957795004,0.030607244103987075,0.05260934506117887,,,,,,,,0.07457702582368664,,0.055616768980534026,,,,,,-0.017488652188936582,,,,,,,-0.014821497341449774,,0.016476421952648534,0.23812539582013925,0.5469581500675,,-0.010432569974554773,0.008308605341246222,,-0.011009033658041845,0.342698332491157,,-0.013159959821708811,0.03435871992061523,,-0.012054837074518487,-0.007476255177257363
1979-10,,,,-0.05249837298430826,,,,-0.024831809435525765,0.023718112789011148,,,,,,,,-0.030409032485697818,,,-0.04937884301668971,-0.037161972226907314,-0.00706335068383912,-0.12026645453503038,,,,,,,,0.217940749948208,,-0.06421790347432765,,,,,,-0.08935543248644773,,,,,,,-0.06371658672172476,,-0.009302896547307093,-0.046483375959079365,-0.0005967998018175935,,-0.028799177166366707,-0.0778889542868354,,-0.08902880378724187,-0.15422248983892806,,-0.09155898373822102,-0.07774313466842553,,-0.06544663454402899,0.014112823225977067
1979-11,,,,0.05540715866595436,,,,0.011493425127104606,0.02475206267188934,,,,,,,,0.03349933978644448,,,-0.060788066794270845,-0.001051033516290878,0.0514639788986635,0.015025925729810208,,,,,,,,0.19748256506208528,,0.023530036649492603,,,,,,0.02325930953873434,,,,,,,0.03476735455550961,,0.04210798521695103,0.08640112653389664,0.10212497464902981,,0.033712823228311706,0.07510638297872352,,0.01939930230579412,0.1322417015217583,,0.020964452341978745,0.026187473181895182,,0.03133731146947616,0.06893650876460766
1979-12,,,,0.011063706703304588,,,,0.005382391889390492,0.05229342875731935,,,,,,,,0.0016951198655976718,,,0.030498945888966844,-0.009527706336217134,-0.11800071473116991,0.01003218324384636,,,,,,,,-0.03262310606060603,,-0.00804359107420849,,,,,,-0.0026544481753572047,,,,,,,-0.006866965227141586,,-0.018026820517592523,0.2566737647748665,0.5075241775542334,,-0.08819260650559202,-0.06867207599445868,,0.0,0.2692761141240274,,-0.056697760554202725,-0.0265201910771532,,-0.003837631162248223,-0.015361620352011718
1980-01,,,,0.024960663710484887,,,,0.004659594657753674,0.14498802071257466,,,,,,,,-0.016510748557569288,,,0.004773595199127234,-0.0802596636175863,-0.083553797141518,0.07336172714920264,,,,,,,,0.34946894425138253,,-0.03515563693434476,,,,,,-0.09353639718503881,,,,,,,-0.050129456484776624,,-0.01302468583341665,0.26048624754420424,0.23063751585143377,,-0.0008426966292135463,0.0004249893752654721,,-0.08293901241067592,0.20125085144590993,,0.012406496823391455,-0.0791378143385224,,0.02971922353466927,-0.052386351667007336
1980-02,,,,-0.0008373456144024072,,,,0.011926243374309031,0.01822477219034746,,,,,,,,-0.025963084935283653,,,-0.05619655219220854,-0.03496952197625913,0.08277562980044051,-0.07879687447948092,,,,,,,,0.06684559863624817,,-0.050100309060348125,,,,,,-0.08007422802028707,,,,,,,-0.04339257484350745,,0.006000864124434013,-0.09090731973425281,-0.007067147544958408,,-0.060163058757379706,-0.06499575191163964,,-0.0524801344208351,0.1058817464817774,,-0.05773512407081571,-0.010459659637021668,,-0.07247030754772976,-0.05391586352996569
1980-03,,,,-0.04190236748376286,,,,-0.0427962441837787,-0.019025522041763332,,,,,,,,-0.09554437280494843,,,0.00409895009348471,0.029654255319149003,-0.0055122995936830455,-0.1423967855349071,,,,,,,,-0.20820017678656422,,-0.08276728123751353,,,,,,-0.016757092423360098,,,,,,,-0.06515858900251958,,-0.1642806392432582,-0.2127472621675489,-0.4757840291690484,,-0.11062917539136519,-0.10018173557473886,,-0.09966085163921712,-0.3931384887894467,,-0.1133130710671989,-0.09913152782539136,,-0.14253773282449367,-0.16901642063360423
1980-04,,,,0.04300605000364466,,,,-0.004977441420462747,-0.039802676037302254,,,,,,,,0.07134453440591626,,,0.03616701281959478,-0.0023246803564510587,-0.021857439580079574,-0.1293783616634494,,,,,,,,0.22692142550450844,,0.09565000933474388,,,,,,0.13588206447484708,,,,,,,0.029567239408893053,,-0.03424800938996919,-0.023112103228616565,-0.3360664415248944,,-0.04512584786142715,0.016914920474627726,,0.08083643137930752,-0.02941854213073214,,0.013420871658213818,0.01926492040337413,,0.027523750300905148,0.005098137059214913
1980-05,,,,0.039275980152351675,,,,0.02752749824479306,-0.0657329861355479,,,,,,,,0.00698392776963308,,,0.06960188001105894,-0.0027831715210356878,0.05090988403196728,0.1042018706073553,,,,,,,,0.417567804024497,,-0.0018175621947063014,,,,,,0.03001629563788666,,,,,,,-0.006282851511169474,,0.06981480386553396,0.07660582416051276,0.0730771990528507,,0.05594692967007164,-0.009185700099304972,,0.08182929514582282,0.049857549857549754,,0.013402182095787474,0.011184916696482583,,0.008766205256632187,-0.044194186325535956
1980-06,,,,0.006791742317261651,,,,0.00696085409252678,0.014387947269303147,,,,,,,,0.007102028537046667,,,0.00982229402261714,-0.04588823262153563,-0.11770810082664696,-0.007105782586446341,,,,,,,,-0.07566593428296342,,0.011380448389666453,,,,,,0.02202989095818486,,,,,,,0.027707756518864368,,0.04109454447201011,0.1783662059325981,0.19359560161967382,,0.11791849669205545,0.06990729140566287,,0.05449262342256356,0.15219357756671203,,0.08969731211483944,0.05085997353927585,,0.04653958805415548,0.19242156659048404
1980-07,,,,-0.007948169917178727,,,,-0.006926872022505415,0.18557849398485082,,,,,,,,-0.013575795077507502,,,-0.03141997824278486,0.024421768707483027,-0.19593005192845403,-0.024734080411531134,,,,,,,,-0.1397094172319855,,-0.02098570946326106,,,,,,-0.07236367411180644,,,,,,,0.1530526850157825,,0.02587061155152881,-0.05172981878088967,-0.07988696063541079,,0.13974537497513428,0.16323185011709596,,0.07010023828223799,-0.08197579326136728,,0.13917426788286136,0.06584880248287162,,0.0726644887980834,0.14136156063279093
1980-08,,,,0.04207904127112361,,,,0.006049908183746622,0.10009395552771672,,,,,,,,-0.000535363749925577,,,0.045454545454545414,0.08101467560927023,-0.10842602047856931,-0.12146682235464634,,,,,,,,0.07289435286082391,,0.0052870524682491205,,,,,,-0.02655939514370176,,,,,,,0.06947485198234138,,-0.02004921746530053,0.021797544591151352,0.04956094656943,,-0.06579980801117036,0.03140728810146953,,-0.0030726361227562116,0.0346351197263397,,0.016831724893590083,-0.026206631321594398,,-0.019675270416718016,-0.03317855098276201
1980-09,,,,-0.002325881896885984,,,,-0.010399864165039685,-0.059955588452997755,,,,,,,,-0.012384889244786979,,,0.04170879676440853,0.050310215615209763,-0.06122385805029662,-0.07498539134021576,,,,,,,,0.13391591191874785,,-0.0070313839821644075,,,,,,-0.035394289715862115,,,,,,,-0.024474744211971156,,0.01781910992460478,0.049556799891183445,0.261879286340432,,-0.05460065390004665,0.02654694514932676,,-0.014817818817070116,0.037815126050420256,,-0.007344042704862441,-0.018434934694913863,,0.055555432515266734,0.13661065568377695
1980-10,,,,0.0212407719207357,,,,-0.007463646892291731,0.00702604482132041,,,,,,,,-0.054428514296045005,,,-0.0003639893229798741,-0.09591765118727325,-0.01200266432768582,-0.02895364320440963,,,,,,,,0.052976752494449775,,-0.042141623488773705,,,,,,-0.040672005841339676,,,,,,,0.07096703434444729,,-0.0029168972514296287,-0.06754217335896495,-0.10117840560240687,,0.03769576601946545,0.1534512264689103,,0.05263291219404076,-0.07917966416672195,,0.10514713250275576,0.004354011294564142,,0.050149044362616024,-0.016253950612996282
1980-11,,,,-0.025998731769181993,,,,-0.013382888917700342,0.0073980512450380065,,,,,,,,-0.014438174254626457,,,-0.030464862240563217,-0.05013585198602666,-0.07703603826103211,0.002812679380062466,,,,,,,,-0.18990378789714757,,-0.021577112633730078,,,,,,0.006847490456425076,,,,,,,0.05243533362397956,,0.006827931500988482,-0.02733379661802182,-0.027442957406302426,,0.06279756236907263,-0.03033300362677216,,0.07090171824613756,-0.020325789246071868,,0.010835071175990585,-0.05270838698600755,,-0.031693717684701306,0.023724624889673418
1980-12,,,,0.013802083333333437,,,,-0.010527391659852836,0.04012179831631735,,,,,,,,-0.030087122147366863,,,0.0652228342513772,-0.09752775318395435,0.04465835454755851,-0.09478410745972488,,,,,,,,-0.12899751697729378,,-0.041710178757908944,,,,,,0.030685822551305586,,,,,,,-0.07579446241785692,,-0.016790412697318846,-0.06982614908311502,-0.17120886312640227,,-0.1623885678448237,-0.16422985379122756,,-0.07764001325835246,-0.1010888758092997,,-0.15866858022753438,-0.04355837486784464,,-0.07350898622972157,-0.16884505293651075
1981-01,,,,-0.021705625481633684,,,,-0.002021632948190133,-0.06067389931691647,,,,,,,,-0.08127863844643246,,,-0.025267363967563794,0.5835785978416725,-0.03501630355770624,-0.0038783654656848743,,,,,,,,-0.12395672333848529,,-0.08006410256410257,,,,,,-0.029334279781721206,,,,,,,-0.059523141036182614,,-0.04039761013415255,-0.16882584873777462,-0.16563495868467815,,-0.09530431062145683,-0.11798209926769732,,-0.023571546037604918,-0.23530856113930265,,-0.11362445026875745,-0.08863657897230204,,-0.0703591914208167,-0.048414311992586834
1981-02,,,,-0.07017198372062494,,,-0.007883648226179152,-0.006934792251959143,-0.005805426546076631,,,,,,,,-0.006986501998970773,,,-0.023510971786833923,0.02311284788410206,-0.03264963519359487,-0.14237952826994693,,,,0.00869327422674493,,,,-0.10119187642123417,,-0.023622047244094446,,,,,,-0.06132180758437833,,,,,,,0.008081755809428381,,-0.026353267683468684,-0.05073311976343031,-0.09725966047843981,,0.05154882951052264,-0.027444649446494385,,0.036741084516970224,-0.0036390880873380382,,0.01177755948920467,-0.01478003222844071,,-0.04564588428312999,-0.07919770357181788
1981-03,,,,0.012566184256971313,,,0.017536648856007586,0.010229150846473356,-0.0445632798573975,,,,,,,,0.007394415322982573,,,-0.016792196567477435,0.08160603661092747,0.04525430516619933,-0.0011760835595031605,,,,-0.040880099310817264,,,,-0.1210905125408942,,0.012417927490722347,,,,,,0.016580040017117215,,,,,,,-0.01352307521457019,,0.005625843876581493,0.05964240516597985,-0.037600741343966626,,0.012873847537665739,0.026084894474745157,,-0.00557156695808092,0.10001074229240525,,0.029561823243280827,-0.01512486809708058,,-0.05191247130746168,-0.006534761299691327
1981-04,,,,-0.044063306142369085,,,-0.06669359544006104,-0.005836575875486361,-0.0301080802882141,,,,,,,,-0.04534662867996209,,,-0.02461383900539993,-0.06175444640627015,-0.02115793954874423,0.05188271427042235,,,,0.02959028831562982,,,,-0.228745843466177,,-0.05371493021288598,,,,,,-0.07735319789534412,,,,,,,-0.01976286280072348,,-0.038793853651259425,-0.06945337620578784,-0.07955960161842512,,-0.052172947771549016,0.015021955165241518,,-0.023252155498411753,-0.08203125,,-0.008544623526581807,0.023696428571428507,,0.00607333312404279,-0.01655558115332978
1981-05,,,,-0.03325796805484649,,,-0.13527290213993748,-0.004922018620648672,0.01313345715043801,,,,,,,,-0.05366271518969856,,,-0.03868932663834168,0.015605636388672073,-0.10295887154061378,-0.02546419513417031,,,,-0.030257054922189996,,,,0.072072072072072,,-0.029871871275327866,,,,,,0.04434465781180874,,,,,,,-0.042857955365775746,,-0.017460471432728664,-0.02109454701023461,-0.043936768248869496,,-0.052351115535515635,-0.056238615664845115,,0.008226373953119648,-0.012234042553191493,,-0.04554674534390546,-0.02269436740105002,,-0.06941287487170622,0.06431600630073908
1981-06,,,,-0.07438702376461725,,,-0.12807251696140587,0.0007300357568533755,-0.03568155034699505,,,,,,,,-0.029798230501941747,,,-0.028996182950512317,-0.14579473041984914,-0.20097936228323932,-0.06666934415036752,,,,-0.0724896815818098,,,,-0.16950780312124836,,0.003455425017277358,,,,,,-0.02184199725788405,,,,,,,-0.07198785956219456,,-0.029236186527133334,-0.12993343642842736,-0.21417361126461676,,-0.0627201384168572,-0.08878166465621229,,-0.08387195871221431,-0.139041464728056,,-0.08337061742455054,-0.011548209759754458,,-0.0978370914297303,-0.08432189561085934
1981-07,,,,-0.05191947183959578,,,0.3172396198737164,-0.027706233530348623,-0.043859053567791295,,,,,,,,-0.03646938437692815,,,-0.05951724137931036,0.03433680757631885,0.3380797313970185,-0.03149877361332243,,,,0.009558540033414609,,,,0.08434518647007794,,-0.05050505050505061,,,,,,-0.05194206352578534,,,,,,,0.011959177240129293,,0.002291634179249158,-0.06186005177543363,-0.018185654008438856,,0.03230485232067504,0.038125496425734706,,0.0374289948963511,-0.03477608206154614,,0.04120028842420553,0.01182758807490214,,0.04554198998344905,0.00392881712765325
1981-08,,,,-0.002665061898211696,,,0.009683823173388895,0.027760764378023994,-0.09671234822125985,,,,,,,,0.0027018796023707825,,,0.025592139033511874,-0.07508951406649622,-0.15443799504202183,-0.15435197938419154,,,,-0.04270960966217385,,,,-0.2730787175898154,,-0.008301096067053537,,,,,,-0.06023165551237353,,,,,,,-0.10412164398496981,,0.037272290656222395,0.04798187808896204,0.07238529087340817,,-0.1420998850427896,-0.12649834225962764,,-0.006445148361238662,0.04782270606531869,,-0.10285641227799158,0.030017489381447104,,-0.04742582246732485,0.0020227706178119753
1981-09,,,,-0.028273424704766792,,,0.016975974679902084,-0.0005214463431711946,-0.059586510494457956,,,,,,,,0.04721778746933514,,,-0.015444015444015635,0.022785090144895603,0.3167915050322674,-0.16791887773866443,,,,-0.001196828404727568,,,,-0.06629378323858426,,0.07761072734660712,,,,,,-0.0386266815444819,,,,,,,-0.05959198087580131,,-0.013936259708753673,-0.0011397131067008015,-0.03497194763558642,,-0.036849549616615906,-0.028905109489051117,,0.022076477132985772,-0.05590599876314173,,-0.034997921738614046,-0.03311040266130716,,0.01858526290042506,-0.026910337326763734
1981-10,,,,0.03787811585203582,,,-0.12821238270382418,0.0065438392511105725,0.014962801972749462,,,,,,,,0.04023262040039266,,,-0.0070442992011618966,-0.09267870660754829,0.09268259571001902,-0.014257750836648264,,,,0.024115033201857372,,,,-0.04507512520868118,,0.08303167420814495,,,,,,0.04799103934267479,,,,,,,-0.0017360760060429747,,-0.0018584164440094142,-0.026636764242996436,-0.013856205531408206,,0.008579378574741225,0.0036079374624173877,,0.1143577403460525,-0.005502423686623792,,0.006190159738117984,-0.030749932801720337,,0.034137764968709794,-0.030846740050804455
1981-11,,,,0.04316239316239323,,,-0.04332540025962783,0.02169566827101055,-0.06984022401581291,,,,,,,,-0.0011081084945450126,,,0.07869523879177964,0.04016686531585201,-0.029010896169567757,0.12115660551398988,,,,-0.01971203848153924,,,,0.039181406828465715,,0.018383120952579768,,,,,,0.11767069439603417,,,,,,,-0.08270396027570881,,-0.009309382930368426,-0.057156716116253725,-0.11411967827515057,,-0.06958387615909278,-0.00928699820251655,,-0.003467580691230987,-0.04597549729943351,,-0.037230464402343455,-0.0036236573055519194,,-0.057590134649737945,-0.09869208523725059
1981-12,,,,-0.02359688652191716,,,0.07480070107988923,0.0001449485432671871,0.007526120063750641,,,,,,,,-0.011723195179032864,,,-0.0290189165367144,-0.0572361636301133,0.07734287030402309,-0.06371624787174457,,,,-0.04911890986854106,,,,0.013062840178129642,,-0.004854700854700855,,,,,,-0.05666654635144075,,,,,,,-0.03479168835429558,,-0.17149774609077162,-0.025380493033226093,-0.01776235521541414,,-0.07758833703978252,-0.03235560931357728,,-0.025882379917795517,-0.05550952775476392,,-0.05202179961126563,-0.12348542482326097,,-0.10921512836609404,-0.04777968418297618
1982-01,,,,-0.01309054292187628,,,-0.054497632824829,-0.00630434782608702,0.023815801036997986,,,,,,,,-0.03497845529927224,,,-0.04175686055443073,0.1821938620480097,0.06749686744698402,-0.0854314900472315,,,,0.0018479776847977192,,,,0.030379994138907795,,-0.0356602995740003,,,,,,-0.019182410953564655,,,,,,,0.012939092465977353,,0.14162549646420608,-0.045836449214798014,-0.0012098725600903082,,0.05268327529243688,0.03718749999999993,,0.04227084412221638,-0.04137426900584784,,0.04869877516014043,0.15754265633600073,,-0.037037206525862176,0.18314805765941844
1982-02,,,,-0.03358557945752916,,,-0.02108601313007674,-0.02884853788375985,-0.05107296137339057,,,,,,,,-0.03440771453228775,,,-0.04736573635502439,-0.11818228550866194,0.06610517414983397,-0.10147190306524145,,,,-0.012894581143632733,,,,-0.07641259006446721,,-0.036622728892055534,,,,,,0.00455077660727099,,,,,,,-0.05755797258099382,,0.03181303917409162,-0.06966022774422564,-0.0657029798917872,,-0.08855712952752559,-0.03585417294365767,,-0.02123527053655616,-0.06496873570230288,,-0.057925270905745174,0.04091075347476236,,-0.05992057478468549,-0.07330734880359302
1982-03,,,,-0.015572760865739887,,,-0.1556692242114237,0.006127322149969139,0.01510628674807779,,,-0.0024805920088332156,,,,,-0.009209605968757195,,,-0.045590147632525,-0.11664917803427766,-0.08990200477974553,-0.0035049678463755507,,,,0.0,,,,-0.12800246355984402,,-0.015235559500036966,,,,,,0.008138134437403632,,,,,,,0.01573990386590518,,0.02774141818406095,-0.103171456888008,-0.08942555361557214,,-0.01312238250348996,0.008437500000000098,,0.02135563888087688,-0.08138965910944373,,0.011461823311585073,0.06421631498497815,,0.009542928010712437,0.11504786310502024
1982-04,,,,0.018410939315399055,,,-0.005452342487883732,0.007254272706918252,0.023257886294778096,,,0.011365704482732886,,,,,0.029321096599600027,,,0.041436242686543334,-0.009107107503464662,0.08915046470159904,-0.10954290057677696,,,,0.0068047598060820835,,,,-0.19175985874043566,,-0.01967705595193392,,,,,,0.02018187000993832,,,,,,,0.007576944920531403,,0.0,0.03679964636976463,-0.05175228765614903,,0.04903809883062982,0.009606445615122361,,0.0005817499943518989,-0.006392045454545525,,0.0222079176054073,0.04743115630984618,,-0.017136743434559176,0.08022049394640884
1982-05,,,,-0.024133391838525697,,,-0.10362098138747888,-0.021354158948444613,-0.061133850039188364,,,0.005267202482709399,,,,,-0.012741668762336067,,,-0.0379405879636755,0.00899100899100902,0.06898221749613098,0.023649722998644318,,,,-0.04522771445080642,,,,-0.14477133702301193,,-0.0299547996629127,-0.05532200357781758,,,,,-0.004869885500045634,,,,,,,-0.039300857202592576,,0.002253829175751898,-0.07034747388616502,-0.10326739809401786,,-0.0450377562028047,-0.04112952731737263,,-0.029866501086619035,-0.10346676197283777,,-0.045064546599496214,0.05202931673102684,,-0.062041306150636966,0.03671528120374945
1982-06,,,,-0.024820143884892176,,,-0.031712473572938715,-0.032707450030284746,0.037658844263055435,,,-0.018757519734718286,,,,,-0.04896913184768925,,,-0.053035757139428874,0.03848184818481859,0.031802468163060205,-0.03920863309352518,,,,0.003924589201877993,,,,-0.0524523160762943,,-0.05480966671931764,0.010083794915495048,,,,,-0.03813790842530873,,,,,,,-0.020258436082161824,,-0.03067762216825798,-0.03405182297638165,-0.04766688993078816,,-0.04593805892873959,-0.028169014084507005,,0.011922217567378768,-0.041060394658162136,,-0.03213397628762582,-0.07088065202409122,,-0.03082442900121618,-0.061453926285030325
1982-07,,,,-0.0028587237181851854,,,-0.055520898315658096,0.030479023168440866,-0.0466613032984714,,,0.022441667813073884,,,,,-0.008506010210458714,,,-0.018922115222165914,0.035911777791902244,-0.049827227429793175,-0.03641809332561863,,,,0.013700632055825501,,,,-0.05301941049604608,,-0.011363636363636465,-0.03721409823772037,,,,,0.035015716125123,,,,,,,-0.07351503886328015,,0.03280162532430997,0.07258160237388722,0.09415074434415671,,-0.03443512580167729,-0.025032938076416267,,-0.06782126695531676,-0.0004157139887758232,,-0.027906316536550735,0.012400225751834304,,-0.03654235346132051,0.07879517690491666
1982-08,,,,-0.011190233977619424,,,0.006852708058124213,0.014720403481853994,-0.07032348804500699,,,0.0230825255497511,,,,,-0.015193313632233418,,,-0.01205441708283117,0.04632470241747466,0.065143356573105,0.019639009572250954,,,,-0.014812946010235528,,,,-0.13323211235528554,,-0.016818796484110887,0.10709765358777146,,,,,0.06602178569522898,,,,,,,-0.0763639013986176,,0.012334438736517406,0.17722569578929903,0.1650275331576354,,-0.06315144083384416,-0.10506756756756763,,-0.03481414771956237,0.10958619255562496,,-0.07768237836574976,-0.01242354740061169,,-0.020314670241279864,0.03737919689804081
1982-09,,,,-0.016460905349794275,,,0.036654366543665384,0.004865560812024494,-0.023096318709026842,,,0.01781581509176644,,,,,-0.017480860826413314,,,-0.035820115042705214,-0.040579370198791875,0.14223802539931052,-0.08579000242491419,,,,-0.029998170843241412,,,,-0.09765710532077954,,-0.03189203129029483,-0.0006595725969570365,,,,,0.06610405663664842,,,,,,,-0.03267934495948566,,-0.033591765192445444,-0.03275991727768368,0.024883673882257762,,-0.050392670157068054,-0.05020762551906377,,-0.07809604151488425,-0.1036356821589206,,-0.04512063833829394,-0.06689890974775814,,-0.10245643155716944,-0.021973354476079954
1982-10,,,,-0.012457208063902603,,,-0.10267362759057108,0.011918773558200924,-0.00887879413586623,,,0.02000533700369389,,,,,-0.01857021996615915,,,-0.034167947211425465,-0.02481510910091067,-0.03768965588423512,0.08692521930240038,,,,-0.013162360927776562,,,,0.10264498908032027,,-0.024240809802877017,0.12733752805033638,,,,,0.07695702585102504,,,,,,,-0.030406529546757266,,0.00496562780208154,0.044948734146460056,0.22450920575673816,,-0.01642545371008508,0.031796502384737746,,-0.014952791603699,0.21471879573489439,,-0.004310773618065533,0.00846930309734506,,-0.007036512982597998,-0.08522850649256641
1982-11,,,,-0.027058257101588712,,,0.00387870239774335,-0.008347933628774729,-0.016041666666666732,,,0.0010987891288722906,,,,,0.03912762380931856,,,0.1084698175011698,0.0056408649326229465,0.006486876088653837,0.04573898795516751,,,,0.0066880684858212636,,,,0.06117957746478875,,0.04058604058604054,0.030482807072323537,,,,,-0.016531471702061373,,,,,,,0.08893917286790654,,0.01064599203747374,0.04534040178571419,-0.0014801354104078124,,-0.005138386079645008,0.08667180277349762,,0.07215493641667314,0.0879518072289156,,0.048456389249675436,0.03042196551605958,,0.043772235143630045,0.07180554346708035
1982-12,,,,0.0008907363420427306,,,0.09422198805760451,0.011357900050479541,0.008680923142070807,,,0.014428128937132412,,,,,0.03966186620653045,,,0.06610942249240126,-0.04381427235899038,-0.045925370207759775,0.003600420049005626,,,,-0.0013287270794579698,,,,-0.1766901700539194,,0.05299519020550947,0.017309294750397664,,,,,0.023372079228904052,,,,,,,0.015560349472476975,,-0.0015048355381960254,0.008941678900306949,0.07454209228601605,,-0.04519309778142966,-0.002126905352711872,,-0.024850672792910977,0.017402309761113788,,-0.0165014929165872,0.001280750486518878,,-0.0440748237276547,-0.02365308804205002
1983-01,,,,-0.0684267774152082,,,0.13907391060107543,-0.0059161173828155,0.0,,,-0.0063942121262245966,,,,,-0.04649511270696194,,,-0.03199493149600052,-0.11106765741102853,-0.054073736507255554,0.06859439618661667,,,,0.007317722192655696,,,,-0.09496221662468518,,-0.014782825346732031,0.03808779180163091,,,,,-0.04282227783181969,,,,,,,0.09397373268198939,,0.02598916225141168,0.12694003527336872,0.28018848596599044,,0.06060978608310785,0.04618117229129659,,-0.004503109770873204,0.270253459804074,,0.05451756156641108,0.017276321472474265,,0.03854848366368979,0.014706549518351153
1983-02,,,,-0.007536354951703572,,,-0.06115259969000986,0.006807844527142892,0.057094878253568515,,,0.011664433303403499,,,,,0.010100587457530619,,,0.0002454389266137724,0.028963191083736683,0.014169591112832558,-0.08319992539517229,,,,-0.04049285808630687,,,,-0.008071249652101264,,-0.031442299586950884,0.013592999067498779,,,0.0394345203412958,,0.05604638142880969,,,,,-0.24870403857745638,,0.012245204220944439,,0.049923942209135985,-0.18236237724480608,-0.17869602791025185,,-0.0672307870638692,-0.08285229202037347,,-0.15451502755333169,-0.20528828497980156,,-0.07119339673205616,0.06910741696332345,,-0.0962755903149346,-0.052586084844149505
1983-03,,,,-0.01037433155080214,,,-0.020711391265195833,-0.005544391803687487,0.05778395552025417,,,-0.010562819845314264,,,,,0.0012012758377863975,,,0.0004089645018812149,0.03940711180788137,0.025894067184858427,-0.031990641847218115,,,,0.08898546734577484,,,,0.12177328843995494,,-0.010617928633594453,0.011464562471250161,,,-0.008817045284643554,,-0.009372398256525805,,,,,-0.00489409499358151,,0.11101247674508996,,-0.05489366994154954,-0.017992152359077584,-0.09436217199272534,,0.10873617497203925,0.10662717512032582,,0.07370264628967615,-0.00030807147258171685,,0.10685550352832562,0.09201160837024602,,0.12052882240183393,-0.0460194113668182
1983-04,,,,0.053280017291689186,,,0.10252873563218401,0.010147642295608827,-0.0625117326825606,,,0.011342211704017391,,,,,-0.017103847745138512,,,0.002616302837053386,-0.018853695324283604,0.010999586891288882,0.046585754566629944,,,,0.033407974573822496,,,,0.07003501750875452,,0.0030788177339899914,0.0816861990554485,,,0.0259451442422991,,0.03907857035448625,,,,,0.19987099895186633,,0.004455575246008703,,-0.03144902363282276,0.027239060520417135,0.12053187216707784,,0.05211835911230667,0.0030110404817664804,,-0.033360892007239684,0.06795069337442228,,0.006122175383194595,-0.05026995272330537,,-0.030474345580024154,-0.053738529651829126
1983-05,,,,0.025959367945823875,,,0.07075340561579102,-0.004278184180939282,0.05456547857428928,,,-0.009472099295961711,,,,,-0.03161226774875192,,,-0.00954089537633529,0.04520997833834106,0.059509483439902366,0.17518700112117003,,,,-0.030929996854576647,,,,0.6741467975689575,,-0.022976409716741197,-0.012483829236740074,,,-0.035545203719592466,,-0.054400752367702254,,,,,0.0488509608923533,,-0.04320460624480549,,-0.00802244382251438,-0.04895403443859392,0.07026459632099735,,-0.06189410887397462,-0.07471647765176792,,-0.08398058252427187,0.05424902611455784,,-0.07569880374274562,0.008969072164948466,,-0.05048408197596843,-0.042126632570377964
1983-06,,,,-0.0462046204620461,,,0.013955601713617982,0.0030647857582779547,-0.002088673692205445,,,0.0017813498522121218,,,,,-0.006902667176687527,,,-0.0026346122180140874,0.00274100815617051,-0.05656962921210218,-0.11723244290026769,,,,0.029843479515291538,,,,-0.17788327282881877,,-0.004128893277084544,0.045424772384882406,,,-0.0022649893195757498,,0.0050633909205299865,,,,,0.0530463194310975,,0.03994540968978,,-0.028493949914744188,0.0,-0.11683092527030903,,0.043265955030660885,0.0036049026676279183,,0.0595637654461183,-0.0689749555221022,,0.009354327177203636,-0.017588929921616092,,0.011643170614519471,0.016627553712092347
1983-07,,,,-0.00891265597147961,,,0.09051917290826461,-0.004648918907065647,0.015127009799257962,,,-0.007444185588437069,,,,,-0.04532801092494354,,,-0.01972923889714384,0.026068404560303904,0.007030263825811067,-0.09470118557948226,,,,0.04858958869569796,,,,0.011209239130434812,,-0.02415502478593967,-0.037906080636571415,,,-0.04426786604909905,,-0.06045333430119404,,,,,0.05730972805256429,,0.07737571885400163,,-0.005152604497074775,-0.01271883884483016,0.01275731310942585,,0.18983346032437143,0.10847701149425282,,0.04286213302424535,0.03542554755255045,,0.14458462270887895,0.015140259122786048,,0.044849696818200835,0.01946030098598861
1983-08,,,,-0.011849344054168376,,,-0.1307308482535955,-0.00024968789013724013,0.017150890346766534,,,0.0009977212539260538,,,,,-0.017147153755868505,,,-0.012126315789473652,0.010591293047433448,0.027893511290337125,-0.16566887606015235,,,,0.04749023143973541,,,,-0.11051394020826333,,-0.017641082478987657,0.0076519813747515375,,,-0.0017137926195983644,,-0.0019084155887981735,,,,,0.00569653029518391,,0.11387741161322307,,-0.103189054761618,-0.006112963524300352,0.014829771870236153,,0.42438935138596645,0.18308489954633833,,0.06320749689786176,-0.009227711527541205,,0.2616532179796467,-0.07441125243329472,,0.043969945787001974,0.06757005818800965
1983-09,,,,-0.002676659528907943,,,-0.010062128579146457,-0.0003672797790443827,-0.05187505758776367,,,0.012930103336915577,,,,,0.01753027447614408,,,0.0394680760378483,0.021410660322767283,0.05065378623164807,0.03762866783410912,,,,-0.03880121154152705,,,,-0.09913141993957708,,0.021154569386987676,0.011310023912622036,,,0.039262821277127546,,0.05056427704561561,,,,,-0.06717015676850902,,-0.013213557905476736,,0.08530120481927717,-0.04000406648706356,-0.10797064210512453,,-0.047270391779062226,-0.018077239112571752,,0.01871634780616338,-0.08582891531738068,,-0.04991318490516283,0.0777842786887839,,-0.0962830506414819,-0.054422887208155246
1983-10,,,,-0.0009661835748792091,,,-0.05259567501193807,-0.0009846714577547155,0.03848396501457718,,,-0.0006654509476264892,,,,,-0.00913216889011137,,,0.0009020829916353001,0.08151831801586296,0.03707161120037661,-0.14505639252490332,,,,-0.018956481358630817,,,,-0.14441416893732972,,-0.021821195101740187,-0.016647494887525482,,,-0.01734772818674679,,-0.027932764540383737,,,,,0.0022080471050049955,,-0.02818892159706965,,0.03397344437003147,-0.07111087578100173,-0.22042335701729765,,-0.1224888769044089,-0.035983263598326376,,-0.04593120510549764,-0.07868338557993737,,-0.0618580549643748,-0.021816954722849724,,-0.04382979540870224,0.057998608937576135
1983-11,,,,-0.01944981732215778,,,0.12370391705069128,-0.005678474755796081,-0.02676399026763987,,,-0.00033497308059071695,,,,,-0.021051365331408722,,,0.008684965178205717,0.006053198300448148,0.05047117582864025,0.05442946557534922,,,,-0.02493533717647456,,,,0.022537971582557548,,-0.003200301204819178,0.005751421608448437,,,0.010218468431955063,,0.013304994186525088,,,,,0.16328029375765007,,-0.010155559171199924,,0.05423158428318975,0.06281707803682379,0.11268593083846512,,-0.050626104325113275,-0.03790509259259267,,-0.04073138209705096,0.09033684926845864,,-0.04093307688514081,0.04801187922785011,,-0.04110706432989164,-0.023354233262936397
1983-12,,,,-0.0024109589041095836,,,0.23881840317826475,-0.003831927799970436,-0.03230769230769226,,,0.0006701706503087212,,,,,-0.011579106565589692,,,0.004467549346113264,0.15435348568122653,-0.036246995215093225,-0.09390196570854548,,,,0.008963556295294772,,,,-0.14542405366554867,,-0.013503305004721522,-0.008270871026104909,,,-0.009784737298379254,,-0.014512024783422395,,,,,-0.007891414141414144,,-0.010272616694324332,,0.040182447142418365,-0.05138106731027081,-0.07055277408807603,,0.0728273183363004,-0.005714285714285672,,0.029044495983534757,-0.0502418474020907,,0.02416825217257146,0.08127719258071897,,0.02178455143167235,0.07838517783069254
1984-01,,,,-0.03998681753268152,,,-0.08493249883618681,-0.003980335952236014,0.004272655007949044,,,0.00345797900638134,,,,,-0.03665522286719769,,,-0.020782791525149502,0.08289480278654837,0.02629963884714348,-0.030361822213263445,,,,-0.010155511641893766,,,,-0.08298289879450516,,-0.0352254235665741,-0.010783163930153772,,,0.0126482086114581,,0.011155534906851727,,,,,0.02094601760526027,,-0.02372046675524231,,-0.005052677533882277,-0.037654774693277604,-0.05406841459169265,,-0.07995172725901345,-0.1367211131276468,,-0.026881399444759535,-0.0205355676030885,,-0.12248330571873267,0.0062739076914932745,,-0.09559801768076526,-0.010065150392072675
1984-02,,,,0.06018995308387698,,,-0.03566785371092651,-0.001998121169646483,0.003561887800534347,,,-0.0031177380050514403,,,,,0.07442225222363397,,,0.0028078288876043356,0.05229786643217471,0.04910472992398529,0.04726762466543666,,,,0.0008506353725434845,,,,-0.1494955671048609,,0.028078182359360992,-0.050452823974971195,,,-0.015285517494283973,,-0.02745302079005585,,,,,-0.01895808445437075,,-0.0018579469390471726,,0.022862194460934626,0.05193584395746442,0.11377547067482752,,0.029676996228889863,0.01191310441485638,,-0.07894535024617699,0.0320362294532035,,0.02199971391789446,0.06464978625452145,0.0251104394326902,0.009906341854498457,-0.02456748768472905
1984-03,,,,-0.03184025903939558,,,0.07784290738569744,-0.019513215497019232,0.046731736172729965,,,-0.005269622730647239,,,,,0.007446896972272743,,,0.037058387548381866,0.06869859700048386,0.04508168268896995,-0.05230509652126436,,,,0.05375262345411347,,,,0.022286125089863384,,0.007913530206523856,0.010820934346061906,,,-0.024839750181570364,,-0.029317459345752472,,,,,0.03806649724692934,,0.06320627068331053,,-0.04434280667444723,-0.02826026249650926,0.009182289311676195,,0.05557324840764344,0.011080332409972415,,0.09925895087427139,-0.025841053144807336,,0.031365468592542856,0.011057573511242813,0.014742572011793964,0.129056620717525,0.08249163690428118
1984-04,,,,-0.02943143812709026,,,-0.013922123123776386,-0.009295521387318484,0.009983987943863681,,,-0.002028642532831304,,,,,-0.05414576435954099,,,-0.012864289684745511,0.06946787933659815,0.0018285498515833165,-0.20406346546578003,,,,0.01038648933368469,,,,-0.1385372714486639,,-0.05112983531214099,0.0021616057642819264,,,-0.012736222966805988,,-0.023124398754207354,,,,,-0.03299841893201405,,-0.028421762790490135,,-0.03526398479067361,-0.037300994310017876,-0.09698431845597111,,0.08379846130638091,-0.08527397260273972,,-0.06309602260246472,-0.01885218551885215,,-0.024169143291400297,-0.036756888861733894,-0.015645954403218698,-0.04302368402423995,-0.0302835772988872
1984-05,,,,-0.011716057891109521,,,0.02785131259651452,-0.005675787919339204,0.029376107432621312,,,-0.01374394759134201,,,,,-0.00863916226305328,,,-0.02525943206499881,-0.017855081386847327,-0.019159494943149724,-0.09937499999999999,,,,0.025691152273430662,,,,-0.09224489795918378,,-0.010898082744702275,-0.06566694056422906,,,-0.052262364034043274,,-0.07085632483690563,,,,,-0.020727848101265822,,0.0241055467721063,,0.005385099627764456,0.018388059701492487,0.025247127972214845,,0.13849258821073152,0.026581804567577638,,0.06496834854597333,0.007651759904778066,,0.0824247649774712,-0.023304197800246174,0.017938237965485992,0.04169655301956743,-0.04950350242475554
1984-06,,,,-0.02219897721989783,,,-0.1134839298170306,-0.018640554421137434,-0.08253306758470735,,,0.0043924046968124575,,,,,-0.023199405344078827,,,-0.027977222084674458,-0.029894604866199104,-0.006682037487724779,-0.16183936593739723,,,,0.017566709021600957,,,,-0.12724820143884885,,-0.040093858396245574,0.010883107365335487,,,0.009756103997280219,,0.002627252839099592,,,,,-0.032907847255884026,,0.0010380768260906947,,0.022194091103987512,-0.04443662797514358,-0.10378780828292233,,-0.15477718686961306,-0.07293946024799414,,-0.003036583236542212,-0.05973675329058381,,-0.1313547889766814,0.03395246135861796,-0.03747490519741248,-0.005475781852765982,-0.0008260513933543434
1984-07,,,,-0.04611910139070485,,,-0.15591332768429977,0.005012689355128552,-0.08304532438036927,,,0.012662502110416973,,,,,-0.0491729413649471,,,-0.04058413992188825,-0.01696284329563813,-0.02551813564300398,-0.09669687990238807,,,,-0.018012674429494502,,,,-0.18444100978876865,,-0.06068657668190036,-0.01678326748105985,,,0.05841021050843476,,0.08176122105755823,,,,,-0.1557139674760526,,-0.10426261718733598,,-0.021712208373282138,-0.10466257668711654,-0.17134312239091143,,-0.14898387213423014,-0.15145554681353268,,-0.05335536485261971,-0.13729361091170145,,-0.17034210409548733,-0.021192402391839615,-0.07925840092699887,-0.027835317864632447,-0.08546163385395977
1984-08,,,,0.004610591900311656,,,0.2634447153305608,0.012469219066141957,-0.02638380357527459,,,0.000448659038107424,,,,,0.0023062099177557638,,,0.012477876106194552,0.015735414954806792,0.07807755927219251,-0.02026146943895024,,,,-0.06814280264496442,,,,0.01516108654453574,,0.018329938900203624,0.09950597257041727,,,0.004917751632760314,,0.02117554323403903,,,,,0.08179419525065956,,0.012853502567731878,,0.030231877547964636,0.02192681924078399,0.0511541642647686,,0.08413359394917985,-0.0621233194251275,,0.01527509652509651,0.03182858331599747,,0.03918422647698483,0.03247044932428089,0.05260508431915434,-0.03356472885297479,0.002641071317788235
1984-09,,,,-0.05606549243363945,,,-0.06532349602724175,-0.0169785599206842,-0.01504258378497958,,,0.009359355629771748,,,,,-0.06608531204034462,,,-0.024997814876322022,0.04166161064595708,-0.07422662134194358,0.00625338519868035,,,,-0.007232409381663141,,,,-0.09334163036714371,,-0.055333333333333345,-0.0022801193709552914,,,0.02035728888037558,,0.03165449180384505,,,,,0.01420731707317091,,-0.017637277374492055,,-0.013740891704597136,-0.018707254928255423,-0.005221745350500684,,-0.05808575683938233,-0.06228373702422152,,-0.027848422186834032,-0.06653225806451613,,-0.07030124202291899,-0.03725434136760852,0.005499760879961624,-0.014204533325363533,-0.06315687123776859
1984-10,,,,-0.010512483574244391,,,0.04736170987916699,0.002631744831063987,0.03627175743964073,,,0.014020265962230605,,,,,0.012768590392620238,,,0.0009861048857013888,-0.07758319419096793,0.01993584289981265,0.04594832648267766,,,,0.005292005292005353,,,,0.07206588881262865,,0.013996706657257052,-0.008805242816333436,,,0.037866462284877445,,0.052998546300911054,,,,,0.04352792641135084,,-0.01436283469314692,,0.03954639534338522,-0.043525794328664213,-0.044605833992473864,,0.09237683089214377,0.034791776489193404,,0.050136914852001446,-0.008639308855291628,,0.048492453039081784,0.006688185926404078,-0.04542211652794281,0.044668116105225586,0.054412846979789764
1984-11,,,,-0.026162018592297498,,,-0.04985796278045107,-0.007497288716344697,-0.04367143476376245,,,0.006793409915836879,,,,,-0.03540127742293819,,,-0.013970983342289078,0.01288149863186705,0.010424866574707314,0.04051461988304084,,,,-0.04445469927703427,,,,-0.09475032010243267,,-0.03526273054170037,-0.024039602617570432,,,0.010133672598325871,,0.013154607544095365,,,,,-0.007547387221294,,-0.016020264296126463,,0.03188205957589396,-0.02200314330618658,-0.03662819869543399,,0.016760627761694513,-0.02954661232806921,,0.019223008629788207,-0.027668845315904078,,-0.03486325718911698,0.05270110814693196,-0.036372695565520696,-0.02346194730182627,0.10295920467459485
1984-12,,,,-0.031910541388245006,,,-0.030752333882482108,0.002771355271909526,0.0036260623229460442,,,0.00611646528261689,,,,,-0.01840208203781757,,,-0.021344232515894568,-0.04534308632226436,0.040143520321920034,0.00777842722899158,,,,-0.018065393145882513,,,,-0.21216407355021216,,-0.02007935553685225,0.013549193996664988,,,-0.0003912428967594028,,0.0022039641616260486,,,,,-0.1192383606176709,,-0.03234361263436025,,0.029847950295045056,-0.07136596055514977,-0.1108072916666667,,-0.02240371646935413,-0.08818897637795275,,-0.013682775844608752,-0.09007394129509294,,-0.061432140187086204,0.002253981017824813,-0.027662874870734266,-0.016961269955559022,-0.011131033028014214
1985-01,,,,-0.029863361036765568,,,0.10676739062008189,-0.002116201576096377,-0.02630687591735348,,,0.0065196766428565756,,,,,-0.005654622243078333,,,-0.014756380510440814,0.08654767087505455,0.054835185223360616,-0.07017935219059523,,,,0.0006739771940689199,,,,0.03859964093357271,,-0.03509202453987725,0.060224857750051486,,,0.028571431306933626,,0.029903215755835433,,,,,0.06663590825204335,,0.012070165575767122,,0.007160830680612351,-0.019507590655234774,0.0015814907014204405,,0.09917988809688039,-0.025331030512377728,,-0.024966032608695565,-0.04260034474267427,,0.02733525023313632,-0.015730227808708697,-0.0015953203935124005,0.008626959161005088,-0.03140613847251961
1985-02,,,,-0.041527515609118604,,,-0.06114555486036066,-0.040150663902384975,-0.021335807050092637,,,-0.009471430556042493,,,,,-0.0580358196276457,,,-0.019122079879427267,-0.0614632582739002,-0.05742409140951221,-0.1060409769204933,,,,-0.018330754528078752,,,,-0.08470181503889374,,-0.06675991861648012,0.007468235750541563,,,-0.041630693907884764,,-0.05920721444617927,,,,,-0.13291725885188166,0.034059945504087086,-0.02924518008351984,,-0.04705429063369171,-0.060810268752506946,-0.12061756191701511,,0.033888850149919936,-0.12049616066154745,,-0.004307136862440886,-0.11111111111111105,,-0.06753153425745562,-0.044462009682837755,0.037283621837550074,-0.011536676389034106,-0.043588375303873494
1985-03,,,,0.15861233146492948,,,0.14146371016600034,0.016900247320692507,0.05331753554502372,,,0.00871917747170059,,,,,0.09077017497714146,,,0.03265149332565076,-0.03867827868852458,0.03193680369336249,-0.15511781439536254,,,,0.025534045393858396,,,,-0.06610009442870624,,0.10192124267611402,-0.01764970155959178,,,0.02006421816343118,,0.027163861936140288,,,,,0.04525370581527932,0.08629776021080371,0.036866736149428814,,-0.012432876366163303,0.1400017083796019,0.17982310301256899,,0.1195791461522897,0.05977165883143032,,-0.014678986625105361,0.13020833333333326,,0.0567250750385333,-0.017500775514424527,0.08189987163029522,0.06022271853845074,-0.04040278798721142
1985-04,,,,-0.0061453974895396835,,,-0.07430603471153341,0.0001297122010539553,-0.026546681664791905,,,0.009088215726225535,,,,,-0.02373515834921791,,,-0.010508695247837818,-0.021005417887911992,0.01345830570680362,0.10628295533955923,,,,0.0067082542265619605,,,,-0.1304347826086958,,-0.012612835414863466,-0.013654775904873961,,,0.02045633486913845,,0.014791557879838102,,,,,-0.050521579055021415,0.022437841115827917,0.007905144831845234,,-0.03525415488542871,-0.052674958789150295,-0.08432444619807222,,0.07307228915662645,-0.12484157160963238,,-0.03371747691910387,-0.048899129544290876,,-0.029133480472123496,-0.06771121109269329,-0.00593260560037967,-0.019395389427649623,-0.06606307279120638
1985-05,,,,0.05354558610709104,,,-0.008600424287598218,0.0021886095034286956,-0.042292581465218526,,,0.013756789541594872,,,,,0.02368882249850035,,,0.005545112781954797,-0.07725107734180092,-0.010778304614317058,0.09417709888595382,,,,-0.03195272648897185,,,,-0.1151162790697674,,0.01928616155291185,0.04868516923892163,,,0.0704351671975858,,0.09495264650325974,,,,,-0.10713772799080845,0.016014234875444844,-0.018766183715006934,,0.015284031005695864,-0.0015028078778769327,-0.00800246229609114,,-0.04384438331555607,-0.05286024619840701,,-0.0458850451834899,-0.022611036339165502,,-0.045426690651748536,-0.0266414551201547,0.030078777751253227,-0.03669733180007673,0.048975719664403616
1985-06,,,,0.015859140859140863,,,-0.0058990226129199685,0.006341195121162269,0.01278957528957525,,,0.0040343222249743516,,,,,0.003561867337676494,,,0.007010000934666749,-0.028364959197718864,-0.010812237167775018,-0.057153353626535175,,,,-0.008553351763548989,,,,-0.09724047306176087,,0.007249047794569474,0.0016106619504800967,,,0.0021881721723566727,,0.00858866851786777,,,,,-0.016728325558951207,0.05837711617046115,-0.013405498047799447,,-0.03892473680085695,-0.005624207858048291,-0.013155445237356567,,-0.04802724283701276,0.016819571865443583,,-0.007037815126050617,-0.009639217846323378,,-0.02048085485307205,-0.07197842821728362,-0.0032444959443800325,0.01672806981880104,-0.014602115893696532
1985-07,,,,0.08592501536570385,,,0.027575775205072928,0.005995820607619384,-0.026209197045508725,,,-0.00466966338191932,,,,,0.08626907708688725,,,0.05123445331353271,-0.031166202883885608,-0.07014445577519202,-0.08149178959087122,,,,-0.07066397185418072,,,,0.5254730713245996,,0.10941693095877048,-0.011887119659467094,,,-0.014919935097438719,,-0.024330564904969765,,,,,0.04842139702273851,-0.02371759514616656,-0.09589121802349554,,-0.0768028486775938,0.030510634907989997,0.022605797648242554,,-0.09639817441717036,-0.016541353383458746,,-0.12084347120843464,0.07146829810901001,,-0.05437632135306558,-0.09372949667260277,0.034410602185538375,-0.08093442088757563,-0.07396820237287172
1985-08,,,,-0.014149875481095808,,,0.03345977467021455,-0.007717750826901848,-0.02654758991925621,,,0.0018468852083941556,,,,,-0.012500263496279529,,,-0.014568250044146303,0.01556217034832108,0.01661382924251842,-0.013090115750560516,,,,-0.004631494160289962,,,,0.055343511450381744,,-0.01638262781748223,-0.01802922968919518,,,0.02393901231862383,,0.025656106300998793,,,,,0.05094398502106423,0.007344632768361503,-0.017996548148120572,,0.00910536311039789,0.013682745825603027,-0.013620292083013075,,-0.11541874274793529,-0.004587155963302836,,-0.0734698379592491,0.17077601868673753,,-0.024436594526918154,0.0031371737856378257,0.055518093953697445,-0.07278436484014539,-0.09250273585100444
1985-09,,,,0.006544953496383066,,,0.022953873123698898,-0.003285024154589422,0.022872942063591806,,,0.0027315991337037993,,,,,0.04562822866413363,,,0.10357494848131887,0.02972180799094981,-0.004543700973037801,0.05680073687442433,,,,0.03518106413109434,,,,0.07594936708860756,,0.04840152023250632,-0.03600558931530895,,,0.000729941295128711,,-0.005754275736297387,,,,,-0.08321579689703817,0.08861469433538982,0.027428868281899055,,0.08818230226637769,-0.03736749790284455,-0.04317062527273863,,-0.0351851851851851,0.03379416282642089,,0.007997748942111027,-0.09909111061848819,,0.0019479775409647626,0.05084541892913608,0.0626064735945484,0.03214630873555313,0.1410775636504289
1985-10,,,,0.03718913985854444,,,-0.07476034916724683,0.003570505363835963,0.04730310848998642,,,0.0030506012632600665,,,,,0.022915879837088093,,,0.02119022489242517,-0.14596754057428207,0.17064978684924426,0.034398605461940734,,,,0.05470108854970768,,,,0.08655462184873941,,0.021750719692930964,0.03529411764705892,,,0.025164103352425915,,0.03885892887450093,,,,,0.025829959514169998,0.07779495105615664,0.035594865511234586,,0.03580908969030694,-0.0011883070585438915,0.0049190474639215775,,-0.06150031989763283,0.08915304606240704,,-0.0039617779686492716,0.06323818897637801,,0.0024473924977126416,0.07157223448614158,0.07474949899799599,0.09006718862146301,0.08160274368662956
1985-11,,,,0.036185657721073294,,,0.004051629333796436,-0.01163932578843152,-0.04012200844673863,,,-0.0005436791309206823,,,,,0.03828882768530728,,,0.04301160756877076,-0.013624137527774582,0.037666445964834816,-0.004774744410740328,,,,-0.0006855914616068493,,,,-0.0015467904098994678,,0.02974016487530018,0.069484240687679,,,0.027070371619120737,,0.04023812988038089,,,,,-0.003867708579998408,-0.003824091778202754,0.03751472309882686,,-0.016010665148004755,-0.01054885786802029,-0.007002074688796767,,-0.040051129100979854,-0.008867667121418843,,-0.0153388451132358,0.0645683869474658,,-0.05403062039382123,0.031129829701519895,0.011747156442289741,0.0378208529813171,0.03275016591696778
1985-12,,,,-0.025687294342426337,,,0.03793163082953832,-0.011222595041860739,0.03043265705206566,,,0.002717350148173203,,,,,0.024565349018250915,,,0.011357572985746023,-0.07647163435888316,0.43147819922013486,0.006152283117909274,,,,0.0048766015835051135,,,,-0.08288148721920996,,0.007600324280502724,0.03540765998903983,,,0.04060202788633549,,0.058618041105140906,,,,,-0.06695721077654515,-0.12236084452975049,0.018461268948176457,,-0.018494159739029903,0.011623246492985961,-0.04913162705667273,,0.11362627607634268,0.01720578114246396,,0.060833296842842666,-0.014565217391304341,,0.05832268023830767,-0.06030604392351868,-0.12624401032067822,0.025392056186241074,-0.021509982952669038
1986-01,,,,-0.02331408650179756,,,-0.06609275201332965,-0.01574829091508101,-0.028584983987664514,,,-0.0014084879334499423,,,,,0.02038365930303465,,,0.0425082906240577,-0.17144874510559072,-0.11131816155712948,-0.07702232693818012,,,,-0.06380780160165334,,,,0.05320945945945943,,0.011465352509302917,0.002822782204710661,,,0.0010090816827148519,,-0.0007333403669947947,,,,,0.08118895966029727,-0.182066703116457,-0.017119874535198365,,-0.009039373877616552,0.05507131537242471,0.028804888934665485,,-0.08864089278597054,0.006765899864682012,,-0.1129043908983024,0.07654974630487543,,-0.017959295302778178,-0.025764996771501014,-0.25058004640371223,-0.04661301028321363,-0.03511780427068978
1986-02,,,,0.02320133853876194,,,-0.07374368123699082,0.00100420090712805,0.04627594627594611,,,0.0021692821579377686,,,,,0.06732059791501954,,,0.06405436668594566,-0.042609234583204314,0.1488989668888936,0.11529812192305355,,,,0.02140491958372759,,,,0.01844426623897344,,0.07089589340757696,0.060782876411083375,,,0.06605350710741376,,0.11622992392223153,,,,,0.04092372947922396,-0.24732620320855625,-0.05784576635560523,,-0.02053594974541373,-0.03372136687945937,-0.07298271374224119,,-0.15289075483250247,0.05510752688172027,,0.00606067656228193,0.0793032786885246,,-0.015015433173199644,-0.008470603449669323,-0.2941176470588236,0.05012787142187425,-0.09344778362843997
1986-03,,,,0.02441949198735416,,,-0.08725521669341896,0.024611680516310352,0.035243318940366475,,,0.0069264254387344515,,,,,-0.05129154787641799,,,0.013452914798206317,0.13400226573879248,-0.0022273290444112526,0.15008174386920992,,,,0.02194048859557718,,,,0.45748031496063013,,-0.03584029712163417,0.05367903145558084,,,0.04347827902675472,,0.0884307966871376,,,,,-0.007395110172049635,-0.10390763765541744,0.03414140236884666,,-0.0698722816706937,-0.028524794030778677,-0.0946758342632924,,0.1278265358802273,-0.04649681528662408,,-0.09791293287853398,-0.0007594456047087528,,0.022171433956929443,-0.07189787567047623,-0.2340510366826155,0.06288182474644954,0.05869900725786281
1986-04,,,,0.05320847078854962,,,-0.05936972425436127,0.018570193045152728,0.0009018149024913047,,,0.002365790716207572,,,,,0.0656855446407496,,,0.04739876642531504,-0.023547880690737766,-0.07177192445828195,-0.035348749052312445,,,,0.08313978738269223,,,,-0.02701242571582929,,0.06144067796610164,-0.025708289611752422,,,-0.004866187151370327,,-0.01527173761907119,,,,,0.013912117986924155,0.34192269573835476,0.0336464298544048,,-0.04507567041987992,0.03968317465397231,-0.006879001153127451,,-0.033781928041746734,0.03607214428857719,,0.04261891639001747,0.03629108873266196,,0.026323675172302607,-0.018023082192983986,0.29672045809474223,0.09394286556104792,0.06332430435853231
1986-05,,,,-0.04102253208042839,,,-0.021687107388573157,-0.0020826991781347504,0.01689379434621019,,,-0.003968985833773697,,,,,-0.05813547337303315,,,-0.03155603917301397,0.06847413037123662,-0.19415359099142349,-0.05329600157186365,,,,-0.1431784107946027,,,,-0.20766240977234873,,-0.05806568680820179,0.05430802369413046,,,-0.04595048882439201,,-0.06870964036700533,,,,,-0.024893154382544802,-0.019940915805022108,0.018259472591199533,,-0.013112486009202895,-0.01246633320507895,0.015414798206278002,,-0.07646389994314962,-0.0722114764667956,,-0.12819945415652423,0.007700770077007757,,-0.04673778775968562,-0.04561635748913262,0.11401043757527107,-0.15332230685091253,0.06027567297182146
1986-06,,,,0.04667579812453915,,,-0.008714263874025407,6.421679590284946e-05,-0.04474471148521442,,,0.006570856275655679,,,,,0.05700227032209626,,,0.066953073364177,0.02161274878599273,-0.11688958817969852,-0.043895605250868996,,,,-0.04354106899428278,,,,-0.1324456902592851,,0.08408784434598338,0.011824194907679386,,,0.04617373071963837,,0.06948638281147046,,,,,0.027450980392156765,-0.12961567445365474,-0.07602965362279812,,0.09477116461498492,0.0017922543442685512,-0.03197823429675484,,-0.06761054683492362,-0.02501737317581665,,0.040894604732492956,0.01601164483260553,,-0.04900574875129582,0.10310959494667382,-0.10414414414414419,-0.0130720226059442,0.24384724928141477
1986-07,,,,-0.029394000402657605,,,0.07888648982109814,0.0059717785304929105,-0.0020869565217391806,,,0.0012839651029967758,,,,,0.045156984057710625,,,0.05872514402527407,-0.015464952801767406,0.0011223551057957248,-0.005698160308243327,,,,-0.03816290497564301,,,,-0.04119547657512124,,0.06254997778764992,-0.06461383139828358,,,0.005555549234979695,,-0.017576852895173967,,,,,0.03083370752881298,-0.1740259740259742,-0.10190164741841679,,0.015373879512525113,0.04441505911636612,-0.007331975560081472,,-0.029159330985915388,0.04347826086956541,,-0.033652152708158356,0.07217048710601737,,0.023535824001585492,0.03260721810643652,-0.10659694288012866,0.04674768696117315,0.05899334138735135
1986-08,,,,0.002696535988384152,,,0.05996712172110641,-0.0038777627064550124,0.09794353433252012,,,0.008228935464489995,,,,,0.029221523547520833,,,-0.00351061962436372,-0.01271589827281383,0.1866136136688048,0.18758869119091814,,,,-0.02269158465111132,,,,-0.20556023588879524,,0.020152186637678815,0.07077711818672405,,,0.03165061773774003,,0.04829667338055077,,,,,0.23972702192536643,0.4046121593291405,-0.05457254497139008,,0.023905511587867245,0.06382661800849032,0.004472712351251573,,-0.18814462201065407,0.07650273224043702,,0.10744427309687388,0.3402371805578752,,-0.017596940504429393,0.046140428822958324,0.4430436740207111,-0.0003423221562691703,0.055302412267611345
1986-09,,,,-0.031547372776168925,,,-0.05542818610923805,0.0012655794431450929,0.2965079365079364,,,-0.003709672851917145,,,,,0.001169404558291287,,,-0.0036991368680641123,0.04132516013499554,-0.014677752853075265,-0.015993382048807514,,,,-0.03356038833193775,,,,-0.03181336161187687,,-0.0054918032786885895,-0.09150013859839223,,,-0.025787113167598297,,-0.050691274737830194,,,,,-0.023893183415319652,-0.06940298507462683,0.0695925700819977,,-0.040466947610249715,0.09283113973676826,0.07553413129621322,,0.04439480664526041,-0.008883248730964466,,0.02453350887409167,-0.12175972083748743,,0.014610589597654489,-0.040424695241840336,-0.07020280811232438,0.015311464182315326,-0.10567598313106119
1986-10,,,,-0.022001495247249814,,,-0.06710451170759568,-0.0002879953920736922,0.00342801175318308,,,0.0010640296198163313,,,,,-0.02018243651272933,,,-0.054985855728430066,0.11905549308816732,-0.13731618562075754,0.0609032740180282,,,,0.038589425373483754,,,,0.09857612267250815,,-0.040715404269348054,0.061133917674470295,,,0.0153893514139678,,0.015857660859776024,,,,,-0.05483561315094798,0.00801924619085792,-0.019802690869069273,,0.006490462625752702,-0.05656630365150539,0.009761470677605466,,0.031680256650180594,-0.002560819462227859,,0.06187910838728805,0.03306371505605221,,0.01097620203982519,0.06004425866732244,0.01946308724832213,0.08199741153384377,0.0
1986-11,,,,0.023916129736813563,,,-0.018135904499540834,0.007394011171038661,0.14486741499918665,,,-0.0010628986641548765,,,,,0.04491047100038914,,,0.007795447458684102,0.03138483361900812,-0.10432780931036267,0.04701738939027078,,,,-0.00649321368985889,,,,-0.04386839481555327,,0.04029555803763207,0.016154328732747913,,,0.008487455997179483,,0.01592854909545771,,,,,-0.11425669671194616,-0.012728719172633296,-0.03038347002538566,,0.024977608999390943,-0.03503768588307199,-0.050667669738574284,,0.011142783104431286,-0.012836970474967901,,0.21467302769373986,-0.1651098901098902,,0.0070138355111453166,0.041736252860765655,-0.023370638578011804,0.024020725342234428,0.0721248111318038
1986-12,,,,0.04191552901023887,,,0.02603070688177067,0.0033203590436095,0.12170515097690937,,,-0.0019130288635027526,,,,,0.024501358168413034,,,0.023514851485148647,-0.008424068767908355,-0.09293912217946332,-0.07320354875331136,,,,-0.0177688013434395,,,,-0.06569343065693423,,0.01924347538817317,-0.030200133765498793,,,0.0015146894299207236,,-0.005696152766380358,,,,,0.040490182026658994,0.17324738114423854,-0.09985755613316294,,-0.060929318914233255,0.030680458799521526,-0.002773595372058013,,-0.03382880574064584,-0.0273081924577373,,0.0515284177451647,-0.011187890753537322,,-0.02091880545749447,-0.06169192631407072,0.18705763397371067,-0.04104784667391992,-0.09913606628298743
1987-01,,,,0.022417852390213877,,,-0.05947588302316753,0.035658865630047165,-0.06916645553584988,,,-0.0021296617304739085,,,,,0.04891407273856685,,,0.02551390568319234,-0.03068831994451826,-0.09391306948161648,0.17144542237546512,,,,0.04091675715638954,,,,0.255580357142857,,0.039542986791994084,0.13214854111405838,,,0.008469455116406621,,0.015276759466041678,,,,,0.04435567187822853,0.028846153846153744,-0.018751791628115133,,0.137715412960137,-0.004574315559500275,0.01191989828353468,,0.0809018567639257,-0.0013368983957220415,,-0.019905619123970708,0.10798668885191343,,0.011133578580651449,0.12080175918748304,0.04542873367404887,0.05009067353578178,0.062109812710100964
1987-02,,,,0.025530636764117043,,,0.016394766596672605,0.0034706296058464314,0.0012248230811102712,,,-0.0008549235656144516,,,,,0.0020149641784146244,,,0.002299257163070223,0.0423920820414978,0.021043729372937303,0.08888114325548968,,,,0.019287965552448272,,,,0.019555555555555548,,0.0038974199080208383,0.03430017337519331,,,0.005734155594056878,,0.017348517981806477,,,,,-0.051770757765613684,-0.09612817089452608,-0.0689637154332321,,-0.002204992311970577,-0.0037037037037037646,-0.016766137898539424,,-0.08515337423312885,-0.008032128514056214,,-0.050156623258321376,-0.0039044901636883234,-0.025668249190138215,-0.030021202775636135,0.033395909495109066,-0.10945138511678443,-0.003602907782338627,-0.05873124614646852
1987-03,,,,0.0425656545933808,,,0.02121573301549473,0.02422561821035152,0.04485523990757123,,,-0.003416410942946757,,,,,0.010998753090246005,,,0.0499382389271219,0.016530343762512167,-0.2263546409913496,0.017996870109546093,,,,0.032902902684929014,,,,-0.18395815170008722,,0.018324404068639,0.021157069723191313,,,-0.015930274542770295,,-0.01960183315973274,,,,,0.10258728613158996,0.11964549483013309,0.05691114983022838,,-0.009954228907920082,0.026710725595484153,0.13238289205702647,,-0.0020118025751073576,0.045209176788124195,,-0.06020335267695498,0.05864616312377513,-0.033328380202335306,0.027944756321724773,0.03340936718888732,0.14181152790484908,0.01607138968928501,0.10922363661506451
1987-04,,,,0.04138964322502092,,,0.006458138811080039,-0.025214584294065867,0.14648107193963833,,,-0.00792667730036889,,,,,0.006822605137271953,,,0.03815126050420159,0.027458924150348896,0.18646528582918154,-0.033785200195653675,,,,-0.007167854281738828,,,,0.06837606837606836,,0.026534502478078537,-0.006166814551907818,,,-0.04459377267286091,,-0.05490310262145548,,,,,0.112533905254526,-0.03693931398416894,0.10833055760717913,,0.017499006490926172,0.07999195386884805,0.28322048243757925,,0.019889799758097126,0.10910264686894777,,0.15489144582704206,0.08459128453432063,0.04614714566613931,0.07425754536887141,0.05951704357710241,0.017895299145299193,-0.00010643366503970686,0.11813994383349513
1987-05,,,,-0.019872313640859618,,,-0.04862775415539233,0.0005341228177266899,0.13752411210711446,,,0.003172892494714974,,,,,-0.021568266466514663,,,-0.027143705142733787,0.0072289156626506035,-0.009124842637180719,0.01063098897125303,,,,-0.030194929290355388,,,,-0.08100000000000007,,-0.031196612939166535,0.0,,,-0.014467731262975292,,-0.009912896220543144,,,,,-0.050462096728468575,0.03561643835616435,0.02442136989642596,,-0.004758433036935017,-0.013720742534301889,-0.05073240443015359,,0.009223876663592145,0.05471478463329471,,-0.03414480209178605,-0.050288865546218586,0.002197923299211313,0.02188680942954835,-0.0006237369327114495,0.051954867488848144,0.000912283609471265,0.07501951188024125
1987-06,,,,-0.008256880733945038,,,0.04306842190801241,0.006192517120936936,0.058952618453865346,,,0.004339850621990937,,,,,-0.00285859024460855,,,-0.022465054359884662,0.009080034797738223,-0.12874207606093058,0.07681849082256953,,,,-0.06067174636538808,,,,-0.013057671381936808,,-0.005980219274706711,0.04256506405964022,,,0.008510633741817042,,0.00480431562449346,,,,,-0.007702872156207019,0.025132275132275117,-0.04303127962891318,,0.04340347044626558,-0.008309203071887095,-0.04681393127008482,,0.021934978456717547,-0.00938189845474624,,-0.008821634943009471,-0.04548596709525776,-0.008772412107883598,-0.018710515309603992,0.014417315757938809,0.05612372162634083,-0.06319639187729875,0.04190116434579916
1987-07,,,,-0.01461609620721549,,,-0.017528825179183527,0.002531492064454577,0.08929917106254703,,,0.0014037957340069518,,,,,-0.022999600827375843,,,-0.0247971401010042,0.018373834797133393,-0.03981073584597805,0.02286018075491758,,,,-0.017132467774643834,,,,-0.14773980154355015,,-0.020593906671808715,0.05485024299385555,,,-0.011359958742824916,,-0.02185798276466855,,,,,0.07377542423877714,0.001290322580645098,-0.12332281855340332,,0.02009064296326013,0.026659895899454167,0.12686793828210408,,-0.03487926408585651,-0.02674094707520891,,0.08387801616154,0.11037079953650064,0.039819054721155656,-0.03497162341012594,0.013055729878056477,0.07912139820500697,-0.0075976043013473715,0.08535697258329011
1987-08,,,,0.0271310552009012,,,0.009039727222266203,0.007318253296238142,-0.0266343825665859,,,-0.001525079148495423,,,,,0.022426754620550104,,,0.050797160479459924,0.018095238095237942,0.12652931180968552,0.14572505197505192,,,,0.018996347768344135,,,,-0.053040103492884905,,0.026224602299574684,0.03326500375474417,,,-0.020808511540777563,,-0.022910475089983118,,,,,-0.07005155794664875,-0.06765463917525771,-0.03898186978170248,,0.08292775852321621,-0.03449981451712636,-0.11533381849545832,,-0.049642573471008755,-0.016027475672581448,,0.044072155990406925,-0.040177406731020215,0.19194523470839253,-0.028242677824267703,0.05216937129530663,-0.0660976143576274,0.03973906507788216,0.03227441458575697
1987-09,,,,-0.0010053925600950198,,,-0.08298624754420436,0.009411588111678082,-0.06951847903340447,,,-0.007276699101759099,,,,,-0.018970465361281552,,,-0.030954094911124663,0.08044901777362035,-0.048518015724871355,-0.06634533597958603,,,,0.002723019992086906,,,,0.09699453551912551,,-0.029161230910904723,-0.023354940090355658,,,-0.036849222641396895,,-0.05597667029015796,,,,,-0.01729540797878759,0.01935038009675183,0.07958108004777698,,0.0,0.000192110655737876,0.010602644567668129,,0.04332079676835221,0.1192553810354855,,0.006965944272445901,-0.05327534656156552,0.46729817756893155,0.05504126300681733,0.003255486418156872,0.003749707054136353,0.008718837429272153,-0.04985339986064807
1987-10,,,,0.06267154620311088,,,-0.008826806067357973,-0.0021116183621573414,-0.07203895545901562,,,0.011159592853841493,,,,,0.06466998459533113,,,0.055257142857142894,0.06373256373256364,0.08646305516335984,-0.009778317643486134,,,,0.002692414817565769,,,,0.09090909090909105,,0.07137775669907498,-0.20407875947788656,,,0.04808705713375416,,0.07192033358208794,,,,,-0.12387318329551722,0.04203389830508475,-0.0013921351689978323,,-0.07913089367690529,0.027018375056021338,-0.08145914983418745,,0.020560747663551204,0.07380457380457384,,-0.034580512922235296,-0.07120298593166818,0.0709906771361084,-0.0008162154808869504,-0.06306886830447034,0.026616857342983913,0.02506447105189369,-0.05080074414575808
1987-11,,,,0.0643133878605251,,,0.014265951928065013,0.005409432978168427,0.025156909147031614,,,-1.2421418998931344e-06,,,,,0.0535212443306714,,,0.045215790328694494,0.1667194212073253,0.02308625312346102,0.05673454367026487,,,,-0.00666666666666671,,,,0.0547945205479452,,0.06367124096207766,-0.10544802142821053,,,-0.0021071436225419404,,0.0012046887833203623,,,,,0.07363337299643025,-0.05465191932335722,0.06619903979964437,,0.03603603603603589,0.042142011096565124,0.00800840225810684,,0.06057038199895337,0.19457889641819937,,0.19728788021470955,-0.025502318392581103,0.0502675387385334,0.11774449739051507,0.038993417174297385,-0.06959290425289977,0.040032620229969895,0.010421851667496318
1987-12,,,,0.03041579032519004,,,-0.027874861478134894,0.008937570403746875,-0.041100015054950534,,,0.001191215561572978,,,,,0.0377220204688018,,,0.0868303802714745,-0.03588869079916279,-0.028836168667073614,0.05699692379128196,,,,-0.0017244593586875911,,,,0.18506493506493493,,0.05368661996254431,0.06002655292223391,,,0.013189025594928738,,0.014048894196006634,,,,,-0.009257448334311191,-0.09428768066070192,-0.05979492590723501,,0.015047879616963078,-0.016689597415804336,-0.05841364938786131,,0.11237202417663772,-0.034035656401944836,,-0.07017318060262834,-0.03774781919111814,0.07339830980823403,-0.0037759597230961894,0.022683483256303205,-0.08042043510144214,-0.023566036673537516,-0.036367088477682996
1988-01,,,,-0.06453132359868108,,,-0.029726411785338525,0.019009563543946673,-0.07651245551601427,,,0.005625177570255824,,,,,-0.07055095665010225,,,-0.05744112880160168,0.020421289596398218,0.04437795145501844,0.033990445335237096,,,,0.05074933470283405,,,,0.01552511415525104,,-0.07596603251925482,0.04173106646058744,,,0.045393860890661886,,0.06749579235909864,,,,,-0.07685727446206492,0.03039513677811545,0.0649518265413922,,0.03393882573538032,-0.07324492030660656,-0.03323189708831886,,-0.003326679973386648,-0.07466442953020136,,0.05121501076591817,-0.09790670842261429,0.12385306938140839,-0.008538300083548944,0.056577821956124597,0.024455077086656063,0.049074746008708425,0.1200242828310798
1988-02,0.02259414225941403,,,0.005958375293722895,,,-0.09588793492995928,0.014560657392056697,-0.01819109146548792,,,0.0019381829442368659,,,,,-0.006873181584802213,,,-0.00460223537146609,-0.017254963756697106,0.00804144640573723,-0.021375464684014855,,,,-0.00897538434195333,,,,-0.1663669064748201,,-0.02080216570492277,0.03988028241072339,,,0.006774525470660819,,0.00810131449280549,,,,,0.04055884239788998,-0.0103244837758113,0.027654383211720646,,0.0006404007888831664,-0.05802809505054485,-0.047000751153557174,,0.010792167334223501,0.059836808703535915,,-0.013942940746159427,0.03727389000548165,-0.014627762529251909,0.034467875200394626,0.0545764825571855,-0.05267254800207577,-0.0228422432023917,-0.02038739860977712
1988-03,0.03409710856519377,,,0.06707266205055462,,,-0.03148740503798486,0.01996447602131446,0.026147186147186252,,,-0.003010623993380368,,,,,0.016123139704006917,,,0.02982420485722992,0.05191213020123464,-0.005915405774168492,0.01725681725681727,,,,-0.04021700143472018,,,,0.12189859762675304,,0.016587850127319115,-0.03621067132419864,,,-0.023664844646605454,,-0.03805065100572169,,,,,0.05247294149883541,0.050670640834575176,0.002389837838801867,,-0.0015971455271430735,0.049756097560975654,0.07356528919415983,,-0.01673087506879467,0.027801539777587703,,-0.10773476564238771,0.11678703540602431,-0.16129171249993657,0.017126621763922767,0.0290242941017822,0.07011777595179414,-0.0749612260059116,0.0251749677244002
1988-04,0.02558691638090238,,,-0.00476897818778832,,,0.02384146970791612,0.006450264697687391,0.0323995950050624,,,-0.0033433002461470407,,,,,-0.014483413608303297,,,-0.008041837288470077,0.01871117716550419,-0.03034940625493332,0.007948574324504687,,,,0.04631662540290571,,,,-0.05384615384615388,,-0.0279825377513776,0.0075295438883073995,,,-0.01572224592268856,,-0.023941874341874336,,,,,-0.018094246290028426,0.04964539007092217,-0.031171742601826313,,-0.007017125871467966,-0.011617100371747235,-0.04275775268328508,,0.07724168812269117,0.04827299209321678,,-0.0071920313955036175,-0.018927444794952675,-0.2557258944301908,0.05328853554196877,0.00035282258064506244,0.06091630406961879,0.024202686188199207,-0.010140845070422566
1988-05,0.0640432098765431,,,-0.019481539670070713,,,-0.001814516129032273,-0.0011073737247899729,0.0621662852784135,,,-0.002172318246481786,,,,,-0.03458268800550679,,,-0.0029841838257236297,0.013317372437528174,0.008823143680213974,0.03977347905475126,,,,0.11058776257338643,,,,0.11280487804878048,,-0.03725519069356498,0.007447940416476673,,,-0.020283490510960456,,-0.023771953117200928,,,,,0.03937425427548713,0.012162162162162149,0.06153959166433287,,-0.018949304754178775,0.008462623413258097,0.009861212563915256,,0.09186324431050585,0.18777292576419224,,0.1043908648571692,0.16350482315112558,-0.018291667850921844,0.14244913855455188,0.01763490703884729,-0.03498190591073591,0.11410431476013749,0.13206716949728103
1988-06,-0.0053178631858834535,,,-0.06881909950328469,,,-0.04271864269844472,0.017460471432728664,-0.0548858681713259,,,0.003816353066681266,,,,,-0.04918325003030277,,,-0.06285543250523795,0.10768606024808047,-0.029124864394774796,0.022167362312939032,,,,0.2667082068702138,,,,0.3534246575342468,,-0.04374426430100942,0.040484811909072604,,,0.029753781709223937,,0.04527022805741576,,,,,-0.01906887755102049,-0.041388518024032095,0.47095127911251433,,-0.03110715138386655,-0.04808524808524817,0.004773960216998052,,0.24269534595983622,0.20020053475935806,,0.9391076195098276,-0.0866381097139699,0.11179905865614481,0.23263855069640615,-0.04755161657671925,-0.13849999999999996,0.10531381375819415,-0.15863385946530573
1988-07,0.012636695018226174,,,-0.0012045083025036263,,,-0.07089355417238108,0.003282350217234331,-0.07576662143826329,,,-0.00575782019369242,,,,,-0.03818436780574874,,,-0.0026615564782285217,0.027762039660056637,-0.05105343596042067,-0.06799790852276977,,,,-0.08797207235798166,,,,-0.08636977058029693,,-0.041106845809340986,-0.007806080525883274,,,-0.016937914377416985,,-0.02887306193955763,,,,,-0.0048761458942852,0.0682451253481895,-0.18578913632808602,,0.07468732533190692,-0.004617645001049442,0.011806205456770691,,-0.1816650072757907,-0.16123642439431907,,-0.23521199465027331,-0.06217851739788205,-0.13407833698519045,-0.2104355155202614,0.04159778755081445,0.0641323273360419,-0.0689004571923123,-0.012011167573864667
1988-08,0.005039596832253412,,,-0.011887328796623353,,,-0.13920744862041556,-0.021475890529974007,-0.06588760349991196,,,-0.002512325201147747,,,,,-0.0003742369075556695,,,-0.026473099914602893,0.02821194630001944,-0.0245328921759439,-0.03211156229963663,,,,0.011326466699143944,,,,-0.1115214180206795,,-0.016513761467889965,-0.04262574595055413,,,-0.004356109180626788,,-0.0006174950545236868,,,,,-0.01189076179276094,-0.038461538461538436,0.04719447634317753,,0.026412920688536845,-0.016517888521824675,-0.043721095695482104,,0.013196069255966503,0.11918990703851251,,-0.041525410728804,0.009678980480722688,-0.0918284494202457,0.10104413383594091,0.0387087758524316,-0.07799290973547857,0.09340255830121813,-0.019704608753989716
1988-09,-0.022206303724928378,,,0.00828175398831843,,,-0.09879963065558628,0.020421186981493422,-0.0036461934997169543,,,0.004515861026248125,,,,,0.0008969449275815222,,,0.017434210526315885,-0.018260375930364448,0.06541366134937499,-0.0028429478332874236,,,,0.005453575790940635,,,,-0.018287614297589294,,-0.0028833107191316154,0.0385955985243609,,,0.028639618721991278,,0.03801175621326203,,,,,-0.016133298069293867,-0.0013559322033898091,-0.03625507350329493,,0.022981742101047642,-0.09255288736420808,-0.07228153714519536,,-0.10807315721411415,-0.026994956986057694,,-0.0903993683514186,-0.06294935293177817,-0.02222369392041479,-0.06282191116766656,-0.0020276373700294226,-0.11120970127181307,-0.0024053676949588043,0.042363346968825155
1988-10,0.05201465201465183,,,0.04461352239322158,,,0.15646955503512872,-0.005737281453082055,0.08145624329610701,,,0.0020826114979526356,,,,,0.04119132223676836,,,0.06024356072852677,0.059815606026534685,-0.06306415970635604,0.01663575718991339,,,,-0.017469714598590147,,,,0.09822184589331084,,0.0448205477121959,0.01805399049532097,,,0.01624131943453988,,0.029929577464788526,,,,,0.034946236559139754,0.1283095723014256,-0.012249819750351998,,-0.006290112114191282,0.039851933527604855,0.01976902718742468,,-0.04629246064623027,-0.02073170731707319,,-0.022774059976187755,0.09582267689684576,-0.017078055907652656,-0.04674694900185883,0.005421228490818608,0.03960066555740416,0.0024111674392242044,-0.043576224819696696
1988-11,0.07172701949860727,,,0.052143684820394,,,0.11871914947474993,0.03400700103921661,0.0009918319719952606,,,-0.006017974609500709,,,,,0.03099974553564744,,,0.03217117300264283,-0.0584401806553303,0.004437293251116747,-0.029949901982138982,,,,-0.032199641258729095,,,,0.045489591364687776,,0.03671143671143673,-0.021680021174715458,,,-0.025767065208434303,,-0.03142761263886662,,,,,0.04668831168831167,0.11793020457280368,-0.07357543923202314,,-0.006329928071435509,0.023176550783912786,-0.032558688215170384,,-0.07633836464328381,-0.01899128268991268,,-0.15533735850868458,0.10549245371090699,-0.03107280674121904,-0.032319875197124204,-0.02089758078418602,0.1306017925736236,0.010928396852751154,-0.02322545751447025
1988-12,-0.021009313406974206,,,-0.018014474512271894,,,0.016291435682769473,-0.0032928232322563256,0.035204289794253274,,,-0.004504650524898346,,,,,-0.02259792676906991,,,-0.032694864345856556,-0.043749798795995165,0.28738868712999377,0.03601100258223866,,,,0.016464533774786627,,,,0.007374631268436627,,-0.036589195979899514,0.01598701362585464,,,-0.004696407451299178,,0.01170630768220815,,,,,0.018177306284508976,0.03767491926803035,0.05175774567479818,,0.016376022827183423,-0.04026944999629878,-0.025403406088688407,,0.03762050317423005,0.052681688352903766,,0.16348340154615748,-0.14342012667135817,-0.018185974448197917,0.05348099602221956,0.018242820251975767,0.14269535673839173,0.02923962576843797,0.06281978245475806
1989-01,0.04446902654867246,,,-0.030040855563566504,,,-0.03606812868752085,0.00753615496882043,0.022070829345194554,,,-0.0017659281079396294,,,,,-0.06310762534999959,,,-0.04398065665563755,-0.11277942364664695,-0.16756834043079394,-0.008046381837392591,,,,0.016180141266441295,,,,-0.05929721815519773,,-0.06748166259168709,0.06543526677641132,,,0.010111220092080986,,0.018934077068420763,,,,,0.07323909334633183,0.018153526970954292,-0.0342707156028792,,0.008358585992601864,-0.051600462784419654,-0.04812745016264908,,-0.06163607523226844,-0.05336147120892387,,-0.09025674223177638,0.0037791652974037415,0.023184581554779315,-0.05677073803622834,0.019049540332574555,0.026015857284440003,0.0011367357699885172,-0.0533608520102995
1989-02,-0.09595424698157173,,,-0.002147340601255432,,,0.060284097470839626,-0.011153836024125008,0.001983143282102029,,,-0.008963197442527715,,,,-0.013693739153167295,0.0282529767095272,,,0.023694158990469116,0.006981862335888156,-0.011800478146832938,-0.021057518981810186,,,,-0.013710084838771452,,,,0.08793774319066161,,0.02674357629785007,-0.030469655313444477,,,-0.019679992533773616,,-0.027880434900930284,,,,,0.06352901101396635,0.04992358634742744,-0.011096867083978057,,-0.024562640786509715,-0.013662979830839306,-0.000876270592358952,-0.02509491619594406,0.05228205747404013,-0.037579617834394896,,-0.0648541603732421,0.045179243738746155,-0.004738162179655614,-0.01486615172997563,0.02126696832579178,0.10045882637044201,-0.010141941721951264,0.005746943959358708
1989-03,0.028584817244611038,,,-0.028885946035424603,,,-0.036379479359546885,0.006991516959422572,0.023640661938534313,,,-0.0020116648710648555,,,,-0.003631553022455991,-0.04055200061676045,,,-0.046915635077499074,0.1890496646318487,0.006360599982148996,0.0005579890076166105,,,,-0.02186661014554192,,,,0.08512160228898424,,-0.06716036772216549,0.015420670260135827,,,0.0003400014908714333,,0.0024805893394286294,,,,,0.14647947472374945,0.22028141678796698,-0.03590649945206925,,-0.013958356938981398,-0.014264511873350871,-0.018856340992808307,-0.004464285714285698,-0.0502581755593805,-0.04301786896095294,,-0.11570378452880037,-0.020046985121378147,0.014434582027141651,-0.04557578361348302,-0.010947422832668696,0.1375905200789993,-0.07130539009356418,-0.03742054973271047
1989-04,-0.02505694760820054,,,0.0007670672462285477,,,-0.12320560642025546,0.006942975031739351,0.02760620871153141,,,0.009632070876210097,,,,0.017561293704033254,0.0031900361590999626,,,-0.007476533507967731,0.07231817461575019,0.04667478889215659,-0.04904776510609821,,,,0.009028856224493564,,,,-0.08569545154911018,,-0.01368738023542293,0.045997968980797665,,,0.018354862973272157,,0.020148584360328847,,,,,-0.02179075289844956,0.10457256461232611,-0.000720769466832416,,-0.059693570451436306,-0.02434127979924705,-0.03857155627067144,0.06306650128804492,0.012323305545487662,-0.023858921161825752,,-0.03713896059617161,0.008310692024932065,0.1534057898427328,-0.020856387268601062,-0.021567895473635135,0.055941358024691246,0.034286313940809166,0.003230496764037083
1989-05,-0.04883177570093444,,,-0.06591722023505364,,,-0.06845429934252933,-0.01606230545960785,0.051115873098834586,,,0.005317270953402398,,,,0.015466675412126873,-0.05301689267663623,,,-0.07510859405069548,0.0421136625587375,0.02534050466939597,0.012285948862303497,,,,-0.022316475178066564,,,,-0.05912040374909866,,-0.023498936071792098,0.03177335010260163,,,0.02669504585604421,,0.03258668961673594,,,,,-0.08077490599266979,-0.05507559395248385,-0.036044263325164194,,0.0006575846276499764,-0.04535322359396443,-0.08762958486355821,-0.14404954227248246,-0.09285117555794253,-0.04250797024442077,,-0.10709799259765118,-0.06292597876050077,0.0,-0.02124317594100178,-0.02910176556434152,0.026671538180489618,-0.04320952379841703,0.017119350532595945
1989-06,0.018914271677720418,,,-0.00556163384390973,,,0.06089122612787157,0.011265650444485908,0.022823330515638007,,,0.006160256658613639,,,,0.024819853791344437,0.013017220962885379,,,-0.009452470126627421,-0.02342464976461911,-0.14742853663204403,-0.0027517886626307053,,,,-0.006168658820083661,,,,0.3264367816091953,,0.022074846044528584,-0.014178482068390341,,,0.028580710631901374,,0.05309114700418238,,,,,0.06762634631317321,-0.06019047619047613,0.020213495086008004,,0.05788175907510151,0.029456668163448496,-0.010088657902782017,-0.07255950508545661,-0.023944217866070372,-0.009248982611912648,,-0.09272198511915997,-0.0032138024357241113,0.10206305989430664,-0.02397447941130426,0.04779541792745712,0.07419928825622768,0.030322200038516822,0.030721513630495467
1989-07,0.006509161041465816,,,0.07252223342807373,,,0.030915731802765523,0.014439956706528312,0.07112299465240657,,,0.0034978846244619888,,,,0.018749990342836087,0.04467006771481308,,,0.04861361181130719,-0.07184341967708219,-0.26901787126364074,0.030934123387940105,,,,-0.031071573286182597,,,,0.015597920277296229,,0.03911753800519091,0.08438543971538892,,,0.022734434554951166,,0.018506910827592593,,,,,-0.08754486371132031,-0.04580462099716265,-0.1291584403524595,,0.028129758612917444,-0.018407048765593625,0.013382746551369173,0.06828716789146405,-0.13290200835692145,-0.06982823002240479,,-0.1753496794604945,0.0028847785508230306,-0.05515124530621418,-0.12237572938180497,0.033998106007331996,-0.054331621666390495,-0.050030817497713764,-0.019941583685009312
1989-08,0.011497005988023945,,,-0.05359890579586257,,,-0.11350120207516134,0.003916415113979443,-0.024917169699995467,,,-0.006971384151489124,,,,-0.029294474004965543,-0.05447700951909018,,,-0.061240842490842384,0.0383267630310995,0.0772183526193102,-0.026850364860676823,,,,-0.004885281426426191,,,,-0.08589306029579058,,-0.05575379125780555,0.010042410178442873,,,-0.03149058176167863,,-0.03540106476057725,,,,,-0.06623079785254882,0.04630416312659302,0.055055286482354804,,-0.015939130806741364,-0.03510487024528974,-0.0510971149939049,0.17726743570748238,-0.006995181097466108,0.03613006824568443,,0.043690606898118434,-0.05803722504230113,-0.11453902483777878,0.008476512520563029,-0.023504021617896442,0.04519180241723597,0.0005448264525385049,0.0163224181360202
1989-09,0.024153445417949504,,,0.03549814831541864,,,-0.09491864116471593,0.005041668286740242,-0.007959411655185322,,,-0.002738575143161337,,,,-0.0034760638236022157,0.04934869527730101,,,0.04176319960980357,-0.07379395546448908,-0.0601635286952692,0.019224088013896967,,,,0.0,,,,0.09520846297448671,,0.04496929617383105,-0.011071499306793409,,,-0.004461440233057945,,-0.0038975101646326893,,,,,0.06671600159389768,0.1088103938286642,-0.015837842672510205,,0.015887591486772212,0.01805286911669879,0.02810191628305314,-0.05133045667026248,0.017532874139010612,-0.010073614877954218,,-0.020410877740293376,0.04724268007903709,-0.05472613384825509,-0.03319060241509775,-0.022704690445457643,0.08781632311044074,0.020037451202352896,0.07773945620470335
1989-10,0.013179190751445136,,,-0.020411723656664327,,,-0.06055827156599902,0.004861630516080684,0.021020034720593106,,,0.006370891637345499,,,,0.02029490616475349,0.01549875542738377,,,-0.030198396441739273,-0.04561129546489684,-0.0713428925961671,-0.022639472787183368,,,,-0.0197516714422159,,,,-0.01363636363636378,,0.002621824428171049,-0.026796979832168333,,,0.024327764250514194,,0.03651798040764631,,,,,-0.04648060195314574,-0.05968509703405345,0.01931216871110597,,-0.012028860708039546,0.015018547000814397,-0.017337429062321053,-0.05780346820809246,-0.014923076923076928,0.008610567514677037,,-0.010418081048720551,-0.009948542024013629,-0.07969707538239246,-0.013942916061301935,0.0016818380494478813,-0.0010784162686796606,-0.03130763491183208,0.049580735117549235
1989-11,0.01186672752167972,,,-0.0008904719501334757,,,-0.044653349001175124,0.010856871527020306,-0.08473875281466858,,,0.0006533009084110919,,,,0.0032672211351656433,0.033102496370862156,,,-0.0017500452597912775,0.03159940005454054,0.0066735455901894,0.01903682390211303,,,,0.004735365188245577,,,,0.013248847926267349,,0.01433724075743914,0.012676722984791944,,,0.004999903826447438,,0.0012582199984016995,,,,,0.02927020371614053,-0.04049844236760125,-0.002023907970140626,,0.006090364772247447,0.09136286656564763,0.08588534491893607,-0.035904656542291136,-0.011244729033265677,0.013581684128832094,,0.02105552021354895,0.041060291060290854,0.022223545589397764,0.018346443594191797,-0.00010434551646287815,0.0061690314620603814,0.026065438825323195,0.06352142366220304
1989-12,0.0164636896707262,,,0.02976827094474155,,,-0.014935863644350733,0.008086937754700374,-0.025556057639202545,,-0.002368265245707657,-0.0024948241707503094,,,,-0.0046396512311679405,0.05140667710924807,0.0209479819249605,,-0.011123201547575734,0.24022734031655824,0.024069021458594575,0.012805886714962078,,,,-0.006303458174130583,,,,-0.0699260943718022,,0.029069250600053387,0.012436749375114298,,,-0.008079542826428532,,-0.008168400514354413,,,,,-0.03316839758577561,0.1643668831168832,-0.008272861485407512,,0.00968021394402796,-0.029402156158118253,-0.0900707489631617,-0.01836010849155023,-0.02148159848365183,-0.009954058192955695,,-0.02539795008368262,-0.04692960559161252,0.04475185230299927,-0.025460315978623527,0.04419968123861562,0.10561005518087074,0.0036785850859246683,-0.0220893114276296
1990-01,-0.01708453516751729,,,0.04855461312099707,,,0.039957188726364556,-0.021610457648036818,-0.02921475680131913,,-0.027893175074183874,-0.00358734685649853,,,,-0.020664995863193036,0.004739613381922192,-0.054153042059408074,,-0.004156987406773505,0.23776410092451972,0.00527816581937568,0.05035059559009891,,,,-0.05781317094117189,,,,0.1191931540342297,,0.02798894263994467,-0.07253969209770983,,,-0.027568942595907253,,-0.04466270626666824,,,,,0.009560767110960988,0.02474729871035186,-0.006256404481729594,,-0.010786497692414243,0.017418377650622485,-0.00852592632312732,-0.07332624867162585,-0.0009685230024213398,-0.0746326372776489,,-0.11889242648349174,0.032128514056224855,0.0971161206271638,-0.03649425287356323,0.013882453414738372,0.08248994870372939,-0.08185661027231717,0.0006209224246132017
1990-02,-0.008352144469525924,,,0.0055303342963266555,,,0.09331046312178382,-0.0020208521045178562,0.027068626930629947,,-0.06491656491656483,0.0,,,,-0.004602391213832324,-0.011447884866986557,-0.0389946448092473,,-0.03155310006138745,-0.009406547990615022,0.14967730844441895,-0.019276656210622245,-0.03693306110543981,,,0.010730858468677384,,,,-0.02293828509011464,,0.0021008403361344463,0.007423117709437932,,,-0.006438568313460791,,-0.010265785623610135,,,,,-0.0701353685031475,-0.07551020408163267,0.03319682626737386,,-0.02969000851210546,-0.021255479282110468,-0.02017306652244455,0.15871559633027532,0.10583292939085465,-0.03426661094860006,,0.02835275205212473,-0.008289629504314,-0.050095413234023556,0.013470523908937215,-0.0075630628612392,-0.04239241803278693,0.01696991415462823,0.07413202370451799
1990-03,0.001138174368313205,,,-0.013380397307502845,,,0.12127392532161907,0.02347387564004988,0.03622551806108221,,0.031338411316648385,-0.0030570384939589967,,,,-0.009397898118362669,0.006815925885077734,-0.04831649427632034,,-0.05806288032454354,0.042438070404172246,-0.017588456290536625,0.013805358119190814,-0.02059435926556885,,,-0.00873129739700762,,,,0.0849636668529905,,0.001928721174004222,0.013641245972073168,,,-0.00908500109430499,,-0.01408455543433218,,,,,0.005811167026120279,0.01876379690949226,0.03159060748637299,,0.01561294119606682,-0.09540307588304886,-0.0432190760059612,0.13074030087094224,0.028345996493278847,0.03375162267416698,,0.01866198157319543,-0.06311838962811323,-0.029481722888342943,0.0245230271224679,0.025552816678856116,-0.06847666176273892,-0.028985820494229264,0.05237769047933449
1990-04,0.0020463847203275876,,,0.0011648223645894795,,,0.07961382398209049,0.008040023691605835,0.02673050069818461,,-0.029753112470985554,-0.0013139978981043798,,,,-0.013506983144751739,0.008792685420500712,-0.04807631689769698,,-0.005518169582772514,-0.037708711150021945,-0.0053272450532723115,-0.022704597546177596,-0.057979977581075315,,,0.013687867008518761,,,,0.01494075218959301,,0.0314697020421828,-0.02738158313023209,,,-0.02292076115156405,,-0.033333270783466595,,,,,-0.09559830841622485,-0.07439508847959564,0.07742341541621567,,0.013525112208135681,-0.009528257823447017,-0.009288104303680655,-0.05978118161925605,0.060670645069622164,0.07283382168271246,,0.09917837984654043,-0.014566642388929352,-0.012484713618411969,0.06398104265402837,0.0006867345770860123,-0.11873653984206756,0.0679151664119213,0.1069721482654915
1990-05,0.02677558429770821,,,0.027258372808111053,,,0.09097978227060644,-0.0016376842394769664,0.07475228288323299,,0.013484123531970482,0.005155040023680613,,,,0.017602866294399666,-0.01190855388892098,0.06718817882233252,,0.042157260793070694,0.02670912399272174,0.0034111196123436383,0.027839858731341094,0.11743465594353952,,,-0.03908130379798469,,,,-0.14619289340101516,,0.014362220058422581,0.08927287385875826,,,0.028827003386019845,,0.045763574830034015,,,,,0.018308746048472102,0.06398751463129138,-0.017668918452208193,,0.014860323744693593,-0.02065453173630094,0.018925056775170424,0.017873766523924806,0.0,-0.05657432696059306,,-0.16594183201957047,0.04138950480413883,-0.03985119243984514,-0.06362061595914592,0.008569492957002822,-0.08357771260997071,-0.03470729125347716,0.021426800325882844
1990-06,0.03867403314917128,,,0.04845886255157339,,,-0.14041339985744827,0.012334084648134125,0.09947123423871274,,0.005150214592274827,0.002838824639250781,,,,0.008484086209996633,0.022067389058618936,0.03306897022501887,,-0.00045451594052325905,-0.051669936915838544,-0.1108689436060365,0.011811446365295852,0.0018360077846730771,,,-0.027743578857992057,,,,-0.056480380499405514,,0.010079193664506825,-0.012542508501700356,,,0.011734018538409607,,0.01752595308026761,,,,,-0.014616479110076241,-0.03520352035203522,0.050583016578403805,,0.00448583030380334,-0.023593990755007788,-0.04446222425420043,0.047375160051216225,0.046617548559946265,0.02026468155500427,,-0.04891344601300618,-0.012242725337118454,0.011676648289204561,0.040674627009105624,-0.00034021616811918953,-0.056711111111111046,-0.015515654046456606,-0.03662101755103886
1990-07,0.006808510638297793,,,0.07106481481481497,,,0.0016583747927032544,0.013037293586492638,-0.02495067412035512,,0.01579846285226294,0.002940287160165367,,,,0.010000002379471296,0.04683053411037763,-0.013095389701977767,,0.04144471872157984,-0.013393254427338297,0.09579280624897257,-0.05399023665499314,-0.023897665212769925,,,-0.1326332336309849,,,,-0.13169502205419026,,0.05361526886829804,-0.010351882989283467,,,0.005476816765214609,,0.0036436114832789634,,,,,-0.02041218167498038,0.17597871531736997,-0.1010356947530664,,0.05503936674568255,0.029194200611500243,-0.02840909090909094,0.09299685644428934,-0.0028158197875335356,-0.07174706120794494,,-0.10689198660540455,-0.005927788755164531,-0.10000000000000009,-0.06184781604949674,0.06937535996649036,0.159442140972484,-0.12915414632006494,0.05536377020795613
1990-08,0.03212172442941674,,,0.020315539226280377,,,0.012969094922737234,-0.0006959791938851989,-0.032081278192319096,,-0.029424127784783538,-0.0004342291687861044,,,,-0.01618604036181226,0.004437262044975077,-0.023426753050079352,,0.014408682634730496,-0.07560997609705489,0.051502957653703385,0.012844602742799527,-0.08358679734144414,,,-0.0744814740233588,,,,-0.0682148040638606,,0.02713469633193033,-0.1005281257676246,,,-0.031080300701629482,,-0.058763088441040834,,,,,-0.05420435510887778,0.4515190691661277,-0.077170978878917,,-0.03863205512703494,0.026353617632965953,-0.013111726685133829,0.05824079252216996,-0.031574894108586715,-0.0008733624454148048,,-0.1767465383139758,-0.013552584026020997,-0.08709963947959665,0.0037158254792430956,-0.033555294424859605,0.3294863459037711,-0.08153746817357532,-0.1190126168654645
1990-09,0.01699426699426687,,,-0.0036009320059309236,,,-0.028874965949332587,0.006145988612203945,-0.0039634146341462895,,-0.014508445214378551,-0.0015204623198407097,,,,0.002557546924157439,0.007580922254642575,-0.007875743259246337,,0.03812334747586554,-0.06959724831068725,-0.09577120599399613,-0.0521113110895749,-0.10051219012497448,,,-0.01909217003453989,,,,0.012461059190031154,,0.011269667032564934,-0.05935231332923707,,,0.0029811145112008663,,0.006333582082346467,,,,,-0.12871918390478887,0.22088621687820087,-0.02250697868475715,,0.008503268280722676,0.048552754435107426,-0.007360279441117723,-0.048089989430771585,-0.027833001988071704,0.015297202797202925,,0.029783718516321667,-0.10661293277156991,0.06230285917785916,0.006129253702069182,0.03835956498243709,0.4846558258955862,0.000900781868690359,0.1324573052457152
1990-10,-0.04831890477149181,,,0.04513888888888884,,,-0.09985974754558202,-0.00595057380533115,0.04320258865713411,,0.020435069215557045,0.0018484655995207877,,,,0.00988519865627513,0.034689707434572004,0.027219773537112912,,0.06568737783569256,-0.14058730991085477,-0.026881683552031244,-0.021032337218473418,0.03416545189504383,,,-0.04081293148861853,,,,-0.06769230769230772,,0.00919024531442214,0.000169356204485549,,0.004539051156395635,0.011889039164114656,,0.019230690151744945,,,,,-0.00617936417594922,-0.06729892394674442,0.005482753497760839,,0.0,-0.0657168299198575,-0.1349754932763605,-0.025695931477516143,-0.07552828902522146,-0.02410675850193711,,0.0020776335548104985,-0.0014353085913471064,0.05799036187853579,-0.03584482674594269,0.013083960154502972,-0.07510499876472043,-0.05670565711595765,-0.017552196759647143
1990-11,-0.005923418658768775,,,0.002915451895043608,,,0.06029915861639146,0.005521959562641232,-0.005784465775244163,,0.011843238587424754,-0.0029220610022111515,,,,0.012787654034829732,0.012895378720009454,0.03742128979543913,,-0.020064473099155045,-0.03743364451766429,-0.08328164208983002,-0.17688658132664936,0.04070125980089867,,,-0.028125451654863354,,,,0.04207920792079212,,0.006955399397676754,0.056216739235607216,,0.004830165799952768,0.02022769594814,,0.041863820337867175,,,,,-0.06045978892252313,-0.08701603441533057,-0.008991936807839052,,0.019201224905726733,0.0034311856652686767,-0.01213133807932576,-0.0388278388278388,-0.020350980681315356,-0.026025584472871732,,-0.08354887711951386,-0.03203285420944568,-0.06387637779236366,-0.032400737988728,0.007569190265202641,-0.1567091087169442,-0.06127363397765506,-0.036163067875350174
1990-12,0.0004256224728664826,,,-0.001690102758247658,,,-0.10374724467303453,0.007702868528800755,0.04877945950503815,,-0.014683975313896647,0.005416988662029887,,,,0.007955069737952458,0.005945963394557552,-0.005296232977657356,,-0.01962452498440248,0.06180469715698389,0.020137943761389554,0.13195577306507156,-0.01621095403369155,,,-0.006692046874070545,,,,-0.04592240696753758,,0.00790429395428327,0.012596189080249065,,0.004962009423081559,0.012495994484637674,,0.012227259795774215,,,,,-0.11293974225008707,-0.10301991861212245,-0.025235002887245783,,-0.010845898910334828,0.027165653495440756,0.007059342598720431,0.0910399728997291,-0.043504440764714825,-0.06521739130434778,,-0.10182779320849378,-0.03627492575307589,0.029865270818348444,-0.0495233120020897,0.02727700016729462,-0.00010558547143901809,-0.00477608469815205,0.014001364753965184
1991-01,0.01723037651563497,,,0.022076251100426658,,,-0.019019511395310662,0.0003496461339989043,0.016602347644315785,,0.027213822894168516,0.0015087828738908904,,,,0.003095024971161431,0.011359552292447672,0.04934226902370398,,0.031125253109632656,0.015044327035014016,-0.06372859382537377,-0.05809447558046443,0.01609086606720278,,,0.014432434050962728,,,,-0.06141078838174274,,0.00876077433940936,0.04233953046546346,,0.002237308890219891,0.006645581592068295,,0.006203134416633338,,,,,0.04309413958967312,-0.12177650429799425,0.05393738543525495,,0.01182682045809047,-0.07739966709820612,-0.09324571011318006,-0.08942016611037806,0.02659741894869372,-0.03488372093023251,,-0.013616639233877126,-0.06647589698437151,0.14661587942529808,-0.013905301052515862,0.01070173942039987,-0.21362196409714895,0.00959706821671813,0.08124948816276256
1991-02,0.006273525721455453,,,-0.02371960511495408,,,-0.014708340297509559,0.014487164035193345,0.12060579698683216,,0.018292682926829285,0.002369138175009944,,,,-0.0020216267727745096,-0.032509233053697795,-0.005681779673461507,,-0.01363406833866343,-0.05975591824731652,0.09120329745525968,0.0505593145421781,0.08121268577719443,,,0.015437291537530484,,0.10385637813626603,,0.022104332449160102,,-0.05161787365177195,0.06427114525018451,,7.485091579573222e-05,-0.0022432576531796755,,-0.002350172093328551,,,,,0.03340862036514203,0.0029907558455681826,-0.008696132927590638,,0.0062727876633486,0.001302996892853514,-0.03293606055725551,0.08302787486147811,-0.000919822167714246,0.020582329317268888,-0.015158648442529676,0.014664239482200747,0.04975241688281051,-0.04043201187520806,0.014881698854610992,0.03482671045261698,-0.04471599301732243,-0.016157221946947575,0.027226923963513006
1991-03,-0.010390689941812137,,,-0.08551068883610446,,,-0.02900763358778624,-0.005274913272822368,-0.06415187550725154,,-0.010324179227751418,0.0023586068807701643,,,,-0.0017070087126485056,-0.10470737162459087,-0.0003385378798894667,,-0.05767918088737212,0.04003377850060974,0.021026072329688894,0.03414460482879145,0.031212061875856678,,,0.041683623045171814,,-0.005740111503315437,,0.01384083044982698,,-0.08839819806513549,0.01696297504485411,,0.0,0.0,,-0.0006542222999103009,,,,,0.03843001548128577,0.09243697478991586,0.006973782667094364,,-0.009065803928682947,-0.033733733733733784,0.025231076692480592,-0.04754033844942929,-0.03406475372103723,-0.021151008362026547,0.01594997570880996,0.07692116017143436,-0.03391734052111406,0.06365954359723913,-0.02254441606941826,0.014057981760213334,0.04020241776778177,0.06400769389818484,0.018054869877988544
1991-04,0.012599748005039935,,,-0.0005194805194804752,,,-0.08857442348008382,0.007345213070896417,0.09566004298480446,,0.010431879824744472,0.0047061138889401555,,,,0.004352555885359433,0.0006886497336975328,-0.00777764393300584,,0.03784860557768921,-0.0012931164105492998,-0.07954709673689997,0.008668982568146966,0.002012760139753933,,,-0.030500055809800197,,-0.0013271840472477425,,-0.12457337883959052,,0.009640311082307118,-0.0009422614274259278,,0.003625423032951103,0.005379753361611339,,0.009819758803842893,,,,,0.09585196878014557,0.047146401985111774,-0.021727240628901634,,0.005721143821927566,-0.0046617631824302785,0.025259909031838834,0.006445748285265784,-0.039872915011914256,0.026633165829145877,-0.04630363831865736,-0.04634535736597323,0.0030225528946754565,-0.05312938816449353,0.002725025283739857,-0.013292777444686377,0.08418918918918927,-0.04970637209982287,0.00855874295430925
1991-05,-0.02281211115719617,,,-0.014627264627264602,,,-0.004792026068621835,0.010077896209525372,-0.03014660334503405,,0.0008259343382202022,-0.0007455825154166762,,,,-0.0001565047374733064,-0.016977443939294012,-0.013956940330815959,,-0.012970394928168538,0.04941282746160791,-0.02965765737477133,0.13022029165373872,0.0031836270608300854,,,-0.012203897187922808,,-0.01564836041064488,,0.040935672514619936,,-0.025515525956832152,0.03672265366323524,,0.0014538165292525829,-0.0025201291336928167,,-0.0068149186522428185,,,,,-0.03857234314980784,0.004028436018957304,-0.0324807979014512,,0.009663032705649055,0.013009991673605281,0.025350550582270426,-0.0784957714098038,-0.013070814030443412,-0.010279001468428861,-0.037679021254416245,-0.025572593167701885,-0.04798331015299029,0.07644884166816746,-0.01313983133947827,-0.0040311823813617975,0.010968465661223892,0.013239330397930349,-0.0422369867119593
1991-06,0.01018675721561979,,,-0.04106698816969334,,,-0.14541602465331283,0.004976934724683968,-0.010396707118018655,,-0.014441922838869359,-0.0006407727498830562,,,,-0.006070027563991998,-0.03661915188346221,-0.0048250260184358185,,0.006305244549204669,-0.07204958250839288,-0.034617220428933115,0.0240206440277817,-0.04442933242661218,,,-0.043008246161018615,,-0.11539759686782769,,0.22940074906367047,,-0.04149855907780986,-0.051816580531521605,,-0.0007714859967281607,-0.008894540093004832,,-0.014149475075995732,,,,,-0.0035791576494090815,-0.0424828888364408,-0.08655761527077144,,-0.0033754851633905902,0.014281311003801589,0.07363053387931706,0.04544239508152903,-0.0883487007544006,-0.05687438180019777,-0.10072837091975251,-0.08921368457746126,0.0034088142196251336,-0.05841861838220819,-0.08803656597774245,-0.020349096753072726,-0.032794969794106676,-0.06838026995500746,-0.018154257399921825
1991-07,0.018697478991596572,,,0.04486877259154487,,,0.14086094207798072,-0.006318838548419303,-0.0885295277708057,,-0.010257483776428766,0.0028847132266494047,,,,0.007829625412739682,0.04213919617801887,0.02251235448321265,,0.002635123265210426,0.039084724799010706,-0.052384144808514166,-0.09768913195002937,0.0715217649151938,,,0.022622781110130052,,0.0332328589415849,,0.13632901751713633,,0.020101365862039478,0.04337974115053278,,0.005250154163731313,0.00993589371873882,,0.013017297171374675,,,,,-0.10074346336981033,0.07665762878974602,0.15178490398834077,,-0.024019979799096536,-0.01641004862236628,-0.08873056994818651,0.011506008693428882,0.1447223243839646,0.10592553749344513,0.02457747192571036,0.08994231662976016,-0.0434360592089299,-0.046230541315900875,0.1111041932571677,-0.022161632578663215,0.05889101338432101,0.06909055496429062,0.06385980988807782
1991-08,0.012579913384202834,,,0.0004512296006617955,,,-0.0065191623864084836,0.010743335370727358,-0.04055861526357196,,0.011421319796954377,0.004152649285113386,,,,0.019088269513322098,0.000875318972167749,0.01726818421527243,,0.00537320406494568,0.029609570289251153,0.04692294767375027,-0.03559332105294433,0.01944505940521002,,,0.027243494313106575,,-0.07706794682422446,,-0.08780160857908847,,-0.0014315789473684504,0.018410909588933766,,0.009993692722616299,0.023806330939866616,,0.033951315296189444,,,,,-0.08973525313516029,0.04761904761904767,-0.0256032926464691,,-0.040242816173328366,-0.048300720906282124,-0.06672984284924588,0.03210313447927193,-0.08176706827309244,0.04409672830725464,0.11679482724911416,-0.03937896611402336,-0.07407407407407407,0.04079005040543504,-0.016642384848145286,-0.0430365589393481,0.0320211869507645,0.0442508393410197,-0.023755949130061738
1991-09,0.021995926680244304,,,0.04480192437795982,,,0.11831378007556181,0.010338411443191253,-0.039936036737873604,,0.005646173149310041,0.00393704142415241,,,,0.017503444901135756,0.051880289936706125,0.02426867446896841,,0.03073080051121191,0.03057891846585159,-0.06853908856696367,0.018853974121996186,-0.016793948387563873,,,0.050085504767977795,,0.056775897251230445,,0.04335047759000732,,0.05422499578343731,-0.020152923999077865,,0.008184807840059927,0.024656681851838114,,0.028277516319427765,,,,,0.01663435044392303,-0.00874125874125875,-0.02158831182112897,,0.04253641264987529,0.012444540634130474,0.07827043492976826,0.016001306229080026,-0.013296011196640922,0.029518619436875726,0.054781580522481166,-0.030079114337188906,0.03808219178082184,0.009791277340562843,-0.005926263604763893,0.06476747017287554,0.0,0.03582532749536904,0.022441522570993078
1991-10,-0.02092467118373853,,,-0.002949852507374562,,,-0.009779516358463747,0.010140540291670108,-0.04518471065556273,,0.0,0.004239307450437213,,,,0.00935566650292996,-0.0018460324394402594,-0.009412610180780878,,0.017020796934001936,0.3616961606416693,-0.028348341812443834,0.026215529753265576,-0.0332781152217928,,,0.08835463302878899,,0.03680145388459799,,-0.0035211267605632646,,-0.01039916806655472,0.007685822402603959,-0.003772737480350341,0.006676783687107557,0.003655193811390234,,-0.0018750411821496504,,,,,0.048484240112427246,0.05467372134038806,0.00702023909650884,,-0.02864655695863827,0.0061992304403590826,-0.015537942399748816,0.01719566090799529,-0.043439716312056675,-0.036171151301279236,-0.03823033136547249,0.025197189544243104,0.02401689100026405,0.0508119379642904,-0.055230725136142134,-0.04266331275249635,0.059139157821066046,0.09323287207430786,-0.06707875672616648
1991-11,0.008548748219010749,,,0.020349256747005384,,,-0.031244388579637294,-0.007440747493163258,-0.06597486245918505,,0.00041588687876892294,0.003692527642638721,,,,0.009740700264075475,0.03225943076575577,-0.012443791706940543,,0.007481296758104827,-0.006528813280059387,-0.012357086191609468,0.0038304016028758436,-0.05727123871901307,,,0.012198833375602236,,-0.11097721297107799,,-0.00636042402826853,,0.026432786355185645,-0.044751434964490855,-0.0047901357017267054,0.0068682611398847015,0.0051755437239289215,,-0.0009132105545901492,,,,,-0.03341311632359989,-0.047658862876254204,-0.05318994858425663,,-0.018170548877716963,0.02390057361376674,-0.013391789557592682,-0.04328935934907974,-0.028915662650602414,-0.04256292906178483,-0.0358608563955487,-0.0572696478743796,0.014175257731958713,-0.036145893278828556,-0.01762582289233383,0.00508786317708787,-0.07522026431718065,0.00687788183248772,0.006042650454623155
1991-12,-0.027648839556003946,,,0.06089108910891072,,,0.011492122335495791,-0.01657731295992293,0.003735274399004007,,0.02099355643317402,0.007242392780705709,,,,0.02223218244752867,0.07252759276228504,0.01191971994705332,,0.04191419141914188,-0.0834214399734644,-0.07279273490139015,-0.030966567847603432,0.035464717049723316,,,0.0996467139385131,,0.03610597658656811,,0.009246088193456625,,0.05670184280989132,0.10887055708320603,-0.006681842376470848,0.011573726041473442,0.044417402995158506,,0.060088541252697025,,,,,-0.03991679873217102,-0.0983318700614575,0.01616122987494739,,-0.08070703637158261,-0.042846768336964325,-0.048800193908055345,-0.03418379985137476,-0.02805878984539034,-0.004302103250478195,-0.22382652623650745,0.035652609882457886,-0.09479034307496825,-0.028519811000277895,-0.0067012537829659324,-0.031109385892642005,-0.11218292247231154,0.10587426148215684,-0.07475131753402942
1992-01,-0.011000415110004158,,,-0.04013065795613613,,,-0.05460875939160714,-0.013366330854628017,-0.10324427480916021,,0.0026465798045602895,-0.0014583684189780621,,,,-0.017077804404386776,-0.054673552665136516,0.020617119180892818,,-0.0073909830007389266,-0.07717187252618007,-0.0714343953199208,0.12927848791421814,0.019153501072752155,,,0.10282993073277424,,-0.06414525848398356,,-0.09161381254404499,,-0.049038604859144574,-0.022961058045554705,0.004936779577922268,-0.006463595393598864,-0.03495485721409619,,-0.03550135635998686,,,,,0.07500257918085218,0.018500486854917453,0.05069573027844276,,0.04389625482013626,0.004877520052026796,0.06846173447719361,0.010771992818671583,0.02238805970149249,0.018242918867018787,-0.09074563894869991,0.10687967296003453,0.05418304323413814,0.0012079790193118,0.02695476449556966,0.05090552307755192,-0.019584171696847674,0.08770806522547892,0.03875525215757025
1992-02,0.004616998950682127,,,-0.010695187165775555,,,-0.07986043806939325,-0.005300646016233368,0.032932538838050585,,0.0016243654822334364,0.0006327630093203584,,,,0.00022768157116948018,-0.010400296765925687,0.005111423391539027,,-0.027497074779278874,-0.004436165780250523,-0.05733791392727394,-0.029451209699050462,-0.01075556916481657,,,-0.027065556496766563,,-0.037871727526899934,,-0.01706749418153608,,-0.03236677115987452,0.009193457416807549,0.0017812166730957202,1.6233572024626497e-05,0.0058603998964257276,,0.003596024844836787,,,,,-0.04836852207293674,-0.01147227533460815,0.006387602082238875,,-0.030985392841480275,-0.013375040448710962,-0.018920422927100833,0.053962615241478495,0.025931617364579163,-0.008486562942008447,-0.04395498823328847,-0.00014578676256193912,0.006125166444740371,-0.08670021643303527,0.01301767982562363,0.003244353502267927,-0.016554932275277157,-0.08813303677877882,-0.0074972184383741425
1992-03,0.02653018592020051,,,-0.007160407160407001,,,-0.11649462818622291,-0.0022124420126085065,0.04233839814576368,,-0.016622744780052767,-0.0012551626033268093,,,,-0.00899281875479463,0.0007224497863320689,-0.042925168453507245,,-0.022532130161334485,0.02363367799113747,-0.033847586889445225,0.009921512270616883,-0.054556006964596615,-0.045915768854064676,,-0.03934934488543462,,-0.09545614653046852,,0.0828729281767957,,-0.007370211387381476,-0.023025764265355186,-0.0021178042786442752,-0.004516031717514357,-0.01364050082709034,,-0.015887788324582264,,,,,0.032573618394514,-0.01184719535783374,-0.033820929873889294,,0.02349330130492544,-0.030283152946321223,0.0019447370553440368,-0.015006821282401162,-0.008987081070960468,0.010461245839277211,0.15883856963941412,-0.05625759416767917,0.016146109052408653,-0.03901175625329556,-0.0017034247803477953,0.011004435896640352,0.029632721202003554,-0.052499944840289525,0.023157460956052978
1992-04,-0.0146520146520146,,,0.028353248957081245,,,-0.09513590844062947,-0.00011921224548194775,0.020852893215397517,,-0.0016491445062872812,0.003980873613845581,,,,0.005142164276627392,0.0008308985282197145,0.04684548204857664,,-0.004252224025065643,-0.10584415584415585,-0.11265636674781265,-0.03272856634649601,0.08209535502353171,-0.007966164332936398,,-0.03240638401343998,,-0.11429127725856703,,0.10932944606413986,,-0.004242819843341961,0.026218942470873197,-0.0022244416197566563,0.006124300477948763,0.00030731415965079556,,-0.006014574853482224,,,,,-0.03916398085750572,0.035233667726939144,-0.07120807660099071,,-0.03697929658268895,-0.02209695603156714,-0.03857662757784075,-0.01425778067459671,-0.02871717362554327,-0.027764705882352914,0.07399215119084102,-0.09676837903952629,-0.04610575670747585,-0.051707505305807366,-0.025684777727885022,-0.02240597697270008,0.07039589244696653,-0.028037600807663154,0.053093267343629735
1992-05,0.001652209830648399,,,0.03485973597359737,,,-0.07378129117259558,-0.006342847604740354,-0.0698968972360714,,0.007639892628535927,0.0019837366971022785,,,,0.016469579599295514,0.0312349014297284,0.01332138873216393,,0.04455807158509861,0.0708195486699481,0.00635610484856719,-0.023849265850001355,0.01607352218146052,0.0007036715095822821,,0.03255505802796299,,0.05462739063530453,,0.07161629434953998,,0.04211733857751554,0.0002415548701177883,0.0029004959279312903,0.0076780715103894615,0.020626476592253473,,0.02742016692278537,,,,,-0.03628786338686718,0.0278893878515718,0.04008143731574143,,-0.0036380119265568833,-0.0034586119437398644,0.0017664872139975252,0.006446813786263439,0.0873370939505933,0.039690222652468465,0.19967271767088723,-0.04963366308407213,0.055980338612779956,-0.018654628687690744,0.05816204258456992,-0.013244825259325577,0.056930068164605,-0.01131520190923263,-0.021125984507179063
1992-06,-0.009896907216494832,,,0.046043452262308104,,,0.05120910384068278,0.006011374817019188,0.06614623991673185,,-0.004918032786885185,0.003762113541585954,,,,0.016314913736359404,0.05964062530932224,-0.019054217174722443,,0.016083916083915906,-0.0362202351049935,-0.1101244298091717,0.045386042198005905,-0.07704905828928754,-0.027092984778292473,,-0.005929597097152461,,-0.138353309015112,,0.05640711220110384,,0.06455417518477735,-0.015195705077000188,-0.0024384434791485665,0.00977443566218228,0.01612410693355404,,0.009401343924644534,,,,,0.011074781141229728,-0.0784088296160037,-0.03937828576077118,,0.056146051815308295,0.017700138824618294,0.0012595515996305373,0.08294325367496103,-0.024329159212880147,-0.004655493482309203,-0.04468604986416669,-0.049256059515238815,0.019394879751745586,0.0029284853510942455,-0.010627177700348378,0.04246250735539703,-0.02173653409769505,0.0008793995381783937,0.05076950584744977
1992-07,-0.001249479383590213,,,0.01708587398373984,,,0.06197564276048717,0.014551006047016424,-0.02875134238016208,,-0.012973640856672186,0.004267187579639398,,,,0.02076583891464545,0.03793771290143777,-0.0159233598939309,,-0.01079993647096189,-0.015532968464946562,-0.03183293396827325,-0.06919878014970893,-0.05150024197451197,0.0426427447812594,,-0.1186983907943645,,-0.0112488660417297,,-0.025536854323853775,,0.04579363320777019,0.035161186878690076,-0.0054345354495430875,0.008711838909997383,0.032335333867403726,,0.041602003596907355,,,,,0.10974337575631132,-0.022455089820359264,-0.13030533987519644,,0.049071929647903856,0.038308514266226945,-0.029771888627977194,0.025555471297489918,-0.10982764943160983,-0.04396632366697839,0.2500708805750851,-0.001893102795481827,0.007864028411973756,0.037901006472951915,-0.09083171919938948,0.019718073502265288,0.015748992796972283,-0.10000023430049976,-0.05035529155965912
1992-08,-0.03773978315262727,,,0.0370324111659277,,,0.020642201834862428,-0.008299730787769133,-0.09182288787254367,,0.016691007719590978,0.0009324317465864151,,,,0.012543999592167898,0.05690852037847027,-0.020317632244031714,,0.033288734278833276,-0.04452798220998566,-0.08375757765629166,0.1416572347649967,-0.04183851354224244,-0.02658620127222322,,0.032932619456510714,,0.1357269557771117,,-0.029184038117927247,,0.06080937919344587,-0.02299688394044863,-0.005247033539861334,0.007180017626671642,0.009241471252640077,,0.0029228939343657334,,,,,-0.020586576424139857,0.03369065849923425,-0.013623016416388967,,-0.004799232122860375,-0.04455879132910001,-0.052899991356210596,-0.02196095829636202,-0.04263645726055609,0.005381604696673259,0.11384714079474256,-0.00578491496491107,-0.0629247420085578,-0.07010238695422144,-0.01584944639917374,0.001698046872077974,-0.014062499999999978,0.010414226035825536,0.058122210608398284
1992-09,-0.004333694474539462,,,-0.0994218957003492,,,-0.07590511860174787,-0.04606612373602659,-0.03193137797454337,,0.026472398932895658,0.005084683805069767,,,,0.014845766269506289,-0.0014362269806308392,0.025370387432107844,,0.02631170041953701,-0.02247035354095095,0.027661902482390754,-0.07471954082963739,0.1110716662968716,0.010849530831099186,,0.04797066014669937,,-0.033875484704868564,,-0.05521472392638038,,0.0161118508655127,0.009773384314091249,0.030533561635964546,0.0075969912288753605,0.015693118518785187,,0.012924698462962958,,,,,0.07812649966407514,-0.03456790123456788,-0.009205387496221018,,-0.0006054760756577515,0.011917039074137659,-0.001368987861640969,-0.05503893551069794,0.021729776247848553,-0.025790754257907555,0.14569980307957553,0.04988712600553247,0.025785656728444684,-0.0029651544156036325,-0.0004591970611387275,0.027473676349787146,0.016823113495062714,0.051801536800682335,0.05641916577030326
1992-10,-0.02089227421109907,,,-0.11788699431628236,,,-0.07646582004863556,0.011830348821314507,-0.012576459155090758,,0.002598960415833629,-0.005471936964787871,,,,-0.019457464137923264,-0.07768486040601918,0.03856041131105403,,-0.02669694675750689,-0.08120518125903453,0.22891365829312926,0.07184345570405459,0.02715871874750375,0.01864821184368659,,-0.012551910783444531,,-0.040414738837170394,,0.006493506493506551,,-0.09671078495610008,-0.001311439073496068,0.016771488469601747,-0.009442939753070312,-0.023175974464124116,,-0.024332435923433482,,,,,-0.011751090536811115,0.007928388746802906,-0.037166769414709755,,-0.025021847874456493,-0.02661080285358397,0.0,-0.0320025602048164,0.0227416298168035,-0.017982017982017928,-0.0925468493910171,-0.016444579043004226,-0.03325477873788951,-0.03821857021059483,0.011485200498785764,0.0017007173538583498,-0.047236542381009494,0.012133752162804656,-0.010496568429551933
1992-11,-0.017559457657257194,,,-0.022741055184960612,,,0.031889994148625034,-0.03618142293946425,0.10797197938979908,,-0.0007976071784645544,-0.004048673740835507,,,,-0.010617858003030722,-0.027453494249189525,-0.02296303799177868,,-0.00974800373327811,0.07829466929911155,0.02511168268579933,0.10104172147103685,0.039038805505871244,0.05565273992107733,,0.027573008222285367,,0.05733705123736499,,-0.040645161290322585,,-0.03931524735238656,0.03147887844936026,-0.007391971923667584,-0.004740598457522172,-0.006238580831110285,,0.0035811466307571482,,,,,0.057652463742005056,-0.05074854097944681,0.030200137758418455,,0.03772339840527916,-0.017100977198697076,-0.007859623469201327,-0.03430035540127274,0.053119209388511335,-0.004577822990844305,-0.04033133009705148,0.061397296548326485,0.02518959913326113,-0.04104951628439413,0.01991954321308076,0.037656994841209324,-0.04014093368566751,0.05151495349495727,0.03859469124247017
1992-12,0.013574660633484115,,,-0.0013962147067947406,,,-0.07144882336263114,0.017724938517017508,0.012697251541435861,,0.008980243464378423,0.003331939596305844,,,,0.011528229693200887,-0.013068498707093146,0.03343340316623822,,-0.0023562676720074727,-0.1469359729930766,0.062330802244965344,0.12873013976824765,0.01631614400119763,0.031754595552815124,,-0.03520268561311535,,-0.04834899181363661,,0.0,,-0.019027484143763318,0.014272906580598654,0.00033146973681308367,0.007998804382594482,0.020889291765070706,,0.02635611182868658,,,,,0.105272123328507,0.005880780539962771,-0.022572321832153186,,0.009241693603942558,-0.007101432122144646,-0.021739130434782483,0.04647381033892506,-0.001368523949169087,0.02963719979560553,-0.05802257141864964,0.003452177192422523,-0.022192866578599646,-0.054525603231793895,0.009383548571792133,0.04012222665072396,-0.024646040901940114,-0.046496158502621565,0.0057625483461920535
1993-01,-0.013169642857142727,,,-0.012428149759204699,,,-0.025648854961832113,0.005759503180247538,0.008152314122078286,,0.0059335443037973334,0.0034247626513166374,,,,0.025569847728468265,0.01015270803097823,0.0021484252544463622,,0.0008397627670182484,-0.21178482795626807,-0.2482317111069675,0.1236585314226446,-0.0143235878930702,0.008366638030852025,,0.03946615824594857,,0.01293227873679359,,-0.01344989912575656,,-0.011545566502463078,0.0013612417353179307,0.008571176106741962,0.009047760014144313,0.02689272771282658,,0.024186402801630313,,,,,0.04068736996224098,0.026840287005049035,-0.009239366058095277,,-0.00620097241328621,-0.009893908689951103,-0.0081920903954803,-0.04490062975382347,0.0033281127642912356,-0.021836228287841042,0.008535591038880241,-0.032697311361665204,0.028911105106727897,-0.04588356660045889,-0.00044118110484347994,0.006682308018097327,0.029166666666666563,0.07420531946137521,0.01328562074234041
1993-02,0.024655055417326377,,,-0.036888469403806856,,,-0.00971482293951742,0.017814460711084612,0.051333230973949595,,0.024184034604797455,0.0011388677442771833,,,,0.015850002274981012,-0.017183397646580167,0.020251585967575814,,0.055587602915727174,-0.0313576990171468,0.03971823533302454,0.45236884242252984,0.02020994433860057,-0.014779419935548432,,-0.036500366837857734,,-0.013679110857794274,,0.14519427402862983,,-0.024606759071795548,0.012446374662359094,-0.0008542141230069022,0.006544350928311626,0.024294225597183194,,0.034842264545536406,,,,,-0.03643095149944475,-0.041149068322981486,-0.012660935859037714,,-0.0011887590940070636,-0.004815795810257595,-0.024114687173644622,-0.03716389792772734,0.002536585365853661,-0.02181633688482998,0.16695613009862442,-0.019606085059326372,-0.04700630252100846,-0.1336356447786724,0.009584160913017392,0.04391465491335267,0.01723912759566426,-0.04489980277404704,0.03938529910266375
1993-03,0.016335540838852136,,,0.0628011433238056,,,-0.01803797468354429,-0.005173742340292886,-0.03616979846168811,,-0.002111729698598741,0.00031024696363401993,,,,0.0009902442097660114,0.02734799482535588,0.010385729382354603,,0.02921158527497636,0.17627163313713434,-0.09637711123127335,0.058924240262519634,0.0010984987184181616,0.026280171441461775,,0.02148772130211296,,0.10823461427333148,0.026109510086455234,0.19404761904761902,,0.02738304326999841,0.018710329915603063,-0.0037047591906524957,0.0005130834917368432,0.0005624226134153254,,-0.0008551809867821669,,,,,0.08161069699531232,0.01187584345479098,0.050170386274548395,,0.005649358892979572,0.0269779820953302,0.08201186885883827,0.0026680896478121774,-0.01148306734137805,0.04304979253112018,0.14219953646238226,0.04935524189860696,0.05428492697712883,-0.061701374660060315,0.014208537613590089,0.022210707454532796,-0.011169598151238969,0.04201007783855859,0.11644097099133388
1993-04,0.0013032145960034658,,,0.04187797756262501,,,-0.012568482114083124,-0.007585816858463712,-0.005505328551947075,,-0.00788764909580597,0.001137219381131871,,,,0.008620689003811188,0.018353187095474288,-0.024964091359672924,,0.03514022300526132,0.006871055677956539,0.05894258861628354,-0.17844981749589672,-0.028273591806876386,-0.03124885518555165,,-0.04293335196962289,,0.10454687662947126,-0.03002302982643379,0.03389830508474567,,0.04297148185562194,-0.030810838568323007,-0.0033884879422637626,0.004688644074898551,0.007307476682409941,,0.0057060863150733,,,,,0.07772646536412076,0.002400640170712176,-0.015064836003051085,,0.008578972837635979,0.05265637884320884,0.12713540730084505,-0.1285258116019159,-0.0041346721795628705,-0.00497265042267514,0.15134403627517767,-0.0055197257567835,0.07266074228959729,-0.003474048855052758,0.002986637108196355,0.006883906053456679,-0.004414437808361371,0.012700947810582397,-0.08670579528551425
1993-05,-0.025379609544468607,,,-0.004867615605870568,,,-0.04503916449086165,-0.00012388656945694354,-0.015337734890807586,,-0.005235602094240899,-0.0023786417451040487,,,,-0.006464496047172363,0.0031902462548609734,-0.0006307446521567339,,0.03408719981347641,0.29169602789007154,-0.010121827579902432,-0.200483055775051,0.009598373922535375,0.047269702011798476,,-0.022904293642293738,,-0.0011801916631261067,0.04036250977212852,-0.16055930568948884,,0.011771718074802706,0.02608572791013941,0.001810394312712571,-0.006715572346810528,-0.003075469590541835,,0.002049562328179322,,,,,0.03836772364691132,-0.04151144225651926,-0.034408772792915876,,0.0011734212269292055,0.05908683974932849,0.0464262922782388,-0.05496183206106875,0.01680506128904713,0.02748625687156414,-0.0662308805604035,-0.06143374620238362,0.025341130604288553,-0.015767403408468494,0.029163468917881907,-0.020877228965834438,-0.03247261345852903,-0.04315370460106005,-0.012056054771074076
1993-06,-0.026263075895837984,,,-0.04305936411472622,,,-0.027682843472317198,-0.005092368880794007,-0.04110790179492474,,0.01520467836257322,0.0018679276354482965,,,,0.01681631312980647,-0.0666342082719602,0.04405750042560608,,0.0028860028860029363,0.039364878833122896,-0.06548238691695485,-0.13346138067355395,0.018082171351875287,0.00465804867480335,,0.0031636898089331122,,-0.05751961433027697,0.008933789763713618,-0.06950028719126944,,-0.06266568483063328,0.0002237598540397734,-0.0005399330042312744,0.005975213475406305,0.026323225181441146,,0.04380188786880446,,,,,0.11611961145324123,-0.06496390893947812,-0.008385268749342534,,0.02929072989810999,-0.002852916314454723,-0.014788839762158723,0.07689822294022619,0.1090803033249077,0.061770428015564205,0.008143152340426285,0.017865479784618055,-0.025665399239543807,0.09613010302183889,0.07716629381058904,0.022826818337628785,-0.07184256638360964,-0.026077865427215907,-0.04633309150758502
1993-07,0.037942857142857056,,,-0.0036400247831473997,,,0.04007029876977164,-0.0011457321477496007,0.0469044161153247,,0.0036482334869432087,0.0008277290402571857,,,,-0.0014015427559300742,-0.015153816186520785,0.021243340949358425,,0.021582733812949506,-0.052404762562501817,0.24776312479787266,0.09922744195054767,0.009265023620317114,-0.006828882579161255,,0.07082195182518003,,0.037961987864199465,0.0057100297914598475,-0.10432098765432096,,-0.004635085238431924,-0.006659668565331844,0.002337298656053255,-0.0004399797387480975,-0.0002757767827952229,,0.013713664661632485,,,,,0.044766780432309305,-0.04899049881235151,0.029475624268661793,,-0.011098458969103553,0.07279855886404563,0.17904673475704103,0.02080208020802088,-0.025420757363253776,0.09299129638112702,-0.00415039040438081,-0.003547075191878357,0.07829268292682934,0.009463314652904176,0.04610655737704916,0.004015391298951121,-0.06404298576822531,0.058311893182590335,0.08248461520993722
1993-08,-0.02334287601849805,,,0.00753983676642056,,,0.09834403514700907,-0.025359698775652806,-0.07229101371833735,,0.019896690262100725,0.0012434994891092899,,,,0.01674702497097713,0.04125992276335566,0.044531417333566914,,-0.00039612676056322016,0.04635298233339169,-0.019640594401566625,0.03187157400156626,0.055370101596516674,0.03817898889009519,,0.04675107833588421,,0.02512320030920856,0.03968841712608695,-0.031013094417642995,,0.032596685082872945,0.03404129997921146,-0.0033877797943134835,0.006160835887172311,0.02215380830263558,,0.037323773585194786,,,,,-0.1265312789241574,0.03715266937246331,-0.01949672371323241,,-0.00028658867360609186,-0.08652706440142244,-0.10552565953537207,-0.030665229744293088,-0.0016189962223421839,-0.04987426655490346,0.04790290263090835,-0.029613035873200855,-0.08369147251752995,-0.048958276171139015,-0.03422717526537311,-0.0006675856271285419,0.0012412723041117513,0.018959392431314726,0.03171061084815974
1993-09,-0.04126268320180382,,,0.006249035642647671,,,0.06676923076923069,-0.008481297651332875,0.031236154186973675,,0.006377790283248919,0.000622149215049328,,,,0.002779320651925543,0.028942861190166314,-0.006852583699947679,,-0.0136057417110651,0.03254207065641368,-0.04365195934433941,0.05509600060711839,-0.02526988929381835,0.0036252091466815184,,0.0038548451415658658,,-0.04472617588839667,0.02073550361420362,0.096728307254623,,0.038523274478330594,-0.010152624436663316,-0.0013795843588243484,0.0015378979158822137,0.00517288015383599,,0.001055718410100548,,,,,0.0092252072555008,-0.01986754966887405,0.030524449114971652,,-0.014681641804797585,-0.049524221453287165,-0.16441672780630956,-0.1290681220941985,-0.004324324324324391,-0.07278341420379364,-0.07933162839208263,-0.023306558724938364,-0.06270056776104671,0.20613550031254513,-0.050871614954500655,-0.021995558826986117,0.005733767240043486,0.010300609472448707,0.010532522722189519
1993-10,0.03715898400752593,,,-0.007743617265966618,,,-0.026824343813094842,0.011237404688487773,-0.02432867883995704,,0.0126747437092265,-0.0003114666566748081,,,,-0.0006929007180290769,-0.028291437475359893,0.007729501242576431,,-0.02151593607713609,-0.18289260658391804,0.064427448089446,0.1614759404445083,0.043596345807908055,0.0031258682967489904,,0.0674214336158192,,-0.022053382011939404,0.02987697715289972,0.01621271076523989,,-0.04371826010156765,0.01893945805053887,0.002442474746358503,-0.0007312079843332375,-0.002437698032149549,,0.0018454666092455607,,,,,0.03421654005311581,-0.0758599508599509,0.053115788467360314,,-0.010811625224701138,0.03503981797497158,0.06980419703222407,-0.023325983520947058,-0.01049583785740138,-0.003330161750713656,-0.02446320077092201,-0.03483891856888477,0.03028706873847775,0.46931111465475994,-0.012273304840013877,-0.0010119345025393356,-0.1086286594761171,0.05254886057268937,0.0348095535121431
1993-11,-0.011791383219954765,,,0.00594962138772992,,,0.07913455838767036,-0.009262566981372733,0.05042109319095078,,-0.003497147064236983,-0.00010307370472650845,,,,-0.00984286693439873,-0.014560793405461125,0.02194523191315767,,-0.00661496350364954,-0.10993329370583194,-0.0555788015640557,0.13233837007678972,0.0,-0.02669482722803118,,0.16730415365848628,,-0.1608313994551508,-0.042084922706283945,-0.02425015954052334,,-0.0030016162549065806,-0.013255373575628782,0.0006394496323163246,-0.002488879701618152,-0.016015102763327738,,-0.027053681179526667,,,,,-0.06670647954613307,-0.12362911266201393,0.08174646642842243,,-0.03986932567214807,0.0008793141349747735,0.011900853578463488,0.015684410646387814,0.11887344550109735,0.06921241050119331,-0.05448086672146213,-0.023918950652487503,-0.014826175869120717,0.0840292813692134,0.06671929362921403,-0.027634802757782406,-0.10388936905790835,0.06026913476698481,-0.08504929125590621
1993-12,0.0314364387333641,,,-0.0072202166064981865,,,-0.09420488876682231,0.010546784454116942,0.09076141067966259,,0.014961211673439223,0.0011409561071606955,,,,0.0016937208889653554,-0.011129336879733942,0.03828937200180804,,-0.026039035591274295,0.07216265350795847,-0.07796195859750965,0.11967459666393232,0.06874640889579897,0.04165629113158542,,0.08979967764218277,,0.043765780930624,0.03382148751670133,0.03924133420536302,,0.006716072255674055,0.00877045316813696,-0.0002203589647535864,0.0002947467218581412,0.002781636609989979,,0.0024624469274947547,,,,,0.027258766316867078,-0.0921501706484642,0.07180380879917658,,-0.0012308129930090894,0.05381067428069408,0.14599724227431254,0.11066916237716407,0.13027133050016348,0.0008928571428572507,-0.08189450354027361,0.007354962881495952,0.07732226258432795,0.05223611625601965,0.050376867205701004,0.013106492694741734,-0.09895833333333337,0.07917280518666137,-0.024205716714483128
1994-01,0.04560622914349266,,,0.023288201160541533,,,-0.049120679199514905,-0.006346131790552212,0.14705741052125854,,-0.00837124658780708,0.001555033440824527,,,,0.010708746614387588,0.005597557429485311,-0.009347484166327247,,0.02866842700867589,-0.0284448750778602,0.011167815482502563,-0.17331151624680985,0.01808924448942162,0.023154156136875992,,-0.08365161143525801,,0.18183389010482665,0.029674116871927447,-0.016991818753933408,,0.023694501955371594,0.0315894868585731,-0.0012563229411182153,0.004125230027264282,0.014701800341344606,,0.023198749868110546,,,,,0.005232340849632422,0.05137844611528819,-0.0514697630475236,,0.012011107398907983,-0.026260942059191383,0.0035388208648878816,0.042026543079840106,-0.022704266088214187,-0.0414808206958075,0.35604803969424714,-0.036574547935858126,-0.028901734104046284,-0.036208200722165906,-0.03614017691725602,0.0013688858040756813,0.05266538214515104,-0.017184254817116495,0.0991239437233209
1994-02,0.0072340425531916,,,-0.011265688794797946,,,0.015943877551020336,-0.015184353959602381,0.012941866309264638,,-0.036153422646357125,-0.004558555001150766,,,,-0.020364152666679014,0.019998291306033478,-0.048282351106677335,,0.037907957462413044,0.0019589685140333213,0.03759053518172584,0.12073855243722309,-0.04845773926008756,-0.016655540720961315,,-0.0336986981660814,,-0.018714362298357656,-0.013289690645534313,0.07746478873239426,,0.022022471910112307,-0.032272153741628506,0.0012579032738588847,-0.007991123855429327,-0.028454607824272782,,-0.040833196209933864,,,,,0.10013632420374274,-0.007548669050456924,-0.009418439560197722,,-0.007603883663286015,-0.002889554794520466,0.042245574441074796,-0.004649752350146641,-0.0013317549570879272,-0.012563983248022326,-0.10692059594200087,-0.028366031588639373,0.03025793650793651,-0.1461967520608124,-0.014240077968487697,0.008497310896325105,-0.0551149074639008,-0.04577802103336204,-0.0425547197570707
1994-03,-0.01753274186734277,,,0.0007647013841094452,,,0.007846829880728157,-0.02557591384407021,-0.013231341740748359,,0.0011424219345010922,-0.002191131959660697,,,,-0.023922080922267885,0.023175650425885763,-0.039933047724907245,,0.022523517201784138,-0.0036969890867726285,0.07591598231206564,-0.1385323035558952,-0.07890183788724592,-0.0501001323783985,,-0.02035534672001771,,-0.04534392848274149,-0.051081236126007123,0.013666072489601833,,0.011726766344180461,-0.04428062785216391,-0.00358162241985438,-0.007738095836415382,-0.035450944627534065,,-0.045747953430630095,,,,,-0.0018024107243437282,0.027221777421937432,-0.06468099763064117,,-0.007972994344736528,0.024686057743908973,0.07328461226146965,0.0012186452726719033,-0.005185953474588723,0.001413760603204528,-0.08652571630040706,-0.04862047599956276,0.07173808377467505,0.0019656360567028575,-0.002938591673074753,-0.009106645114485445,0.014851485148514865,-0.044894985786819164,-0.07281960275042809
1994-04,0.02236078262739194,,,0.023916864063574517,,,-0.037060105886016825,0.002084808959333051,0.06432013408757586,,-0.01692658805629521,-0.0037638025697360744,,,,-0.01218080636677199,0.011555197319949917,-0.017626262724206976,,0.005010149872586744,-0.03193349270346446,0.06515772014032617,-0.12637118859293484,0.023461865608165766,0.0020368054314812145,,0.11028047889382275,,0.016335448964727828,-0.003968984097778905,-0.046893317702227266,0.008046178065418852,0.006592292089249385,0.008063105607444054,0.0008516191824454733,-0.007198560030543533,-0.009114951026941709,,-0.016470610997955215,,,,,0.011285407967497996,0.04364770070148105,-0.023072102920169812,,-0.02905880477386802,-0.04179323347648489,-0.07723346573356027,0.05355512729485756,0.008042895442359255,-0.015058823529411791,-0.009351341200187657,-0.07462743745929568,-0.057726864330637895,-0.2565142632939439,-0.006197493458201309,-0.04004958030146355,0.14273594909862153,0.0070226320246677965,-0.03074699575066464
1994-05,0.03175604626708739,,,-0.005447761194029788,,,0.2302716688227684,0.0012402811303893202,0.0032283464566928988,,-0.02476301025343397,-0.001899636837606411,,,,-0.003931994525894433,0.004637756944185112,-0.051965998239109856,,-0.032532554041858286,-0.043638508034792745,0.40780806438276884,0.13304029560618535,-0.057344691460627595,-0.009842379288210523,,-0.002176884523869882,,0.06935913185913178,-0.010951601836702296,0.03136531365313644,0.01299670310602119,-0.0020870816840589113,0.012978225036869961,0.0008398439658316992,-0.002653272028257714,-0.0048523460895678605,,-0.009392487321627674,,,,,-0.015455864300859323,0.05638536221060475,0.024814717988314694,,-0.05826034276784764,0.024595540008744976,0.03101940420880034,0.13382112255704226,-0.018617021276595813,0.060678451982799864,-0.10469385747758941,0.024508383357482844,0.004767580452920139,-0.0434208994606341,0.03622505543237242,-0.08993717844933136,0.10783221974758717,-0.009826059475220195,-0.07516069881314613
1994-06,-0.013249082755809383,,,0.02326104899827408,,,-0.07965299684542582,0.0008125099898770305,-0.10136566988462437,,-0.003769093433842463,0.0005287469171215697,,,,-0.004960911984860594,0.039452730461077,0.0021926628046926577,,0.062366737739872,-0.15635116386619397,0.5316516410693135,-0.13703245749613602,-0.01755932701491436,-0.0386804004898077,,-0.015119228817858876,,-0.017280168493609693,-0.04111635849409012,-0.034585569469290256,-0.02869182411483584,0.05322371267849402,-0.028689858349177033,0.0007397674701055124,-0.00045693434887816853,-0.00812764307387126,,-0.013702778721875308,,,,,0.051969396429583536,0.00035348179568761573,-0.10515808863879739,,0.009799736669652725,-0.006934812760055475,-0.03134526176275676,0.04152160991763609,-0.06940680517916287,-0.05765765765765751,0.12397720814060387,-0.013375358629328815,0.0023724792408066353,-0.11631510627940944,-0.08155241126594803,-0.024333225512394474,0.09231026972692247,-0.035353140093001945,-0.017785164918964536
1994-07,0.016732080148729622,,,-0.0023465571606657853,,0.00934389599837493,0.1419594401599542,-0.00014639924404746818,-0.0009607406436962229,,0.01831939466348076,0.003169622695491592,,,,0.013295059397445685,0.0009538002980624682,0.016567939147002386,,-0.019192172604114432,0.103467178292449,0.05819571552737868,-0.009026757889457948,0.06031259347891105,0.03480443578600312,,0.024400714334775753,,-0.002922552362396469,0.020229283766486583,0.0,0.031126551918736034,-0.006162695152013176,0.031124356351837523,-0.003707136237256714,0.005866667115099089,0.021244322978646535,,0.03519608682083142,,,,,0.06992780950328625,0.08515901060070674,-0.10531706831968712,,0.034817606468168005,-0.011280618822518296,-0.01717178627625382,0.029104842654492202,-0.09011486814431324,-0.0760038240917783,-0.15587132547180338,-0.04181684141546527,0.04591715976331345,0.10433976295180991,-0.10186964878560201,0.06983227595352548,0.08128834355828207,0.025601030559823545,0.0250249552390156
1994-08,0.004876066639577514,,,-0.0027195883866225623,,0.031394646810223525,-0.12081040520260133,0.015693634693714653,-0.02710145561043853,,-0.019945248337896015,0.00021802591090636092,,,,-0.0002585101455615524,0.0030135191471620804,0.0034378097758884785,,-0.0016199855053927736,-0.05923994038748137,0.01586563432340049,0.013211639255376939,0.054272313714426756,0.04293834401361285,,0.11720334579345248,,-0.00019540791402050672,0.054520660030001444,0.03953057442865937,0.033128666472831636,0.006407606448946002,0.03312640021890445,0.0028792912513844193,8.911434167702126e-05,0.0006748576197233014,,-0.01037461968406106,,,,,-0.00030211480362540843,-0.1045262129599479,0.005768824634400316,,-0.03331818260274211,0.0041290883407585355,0.019281637198941937,0.03810504634397516,0.05458748221906107,-0.022762545266425183,-0.21766746431066186,0.05924342808292371,-0.02692916949536084,-0.013517557861133178,0.013910505836576048,-0.012198385756342134,-0.1299290780141843,0.09707237247131784,-0.0886008248264093
1994-09,-0.004043671653861769,,,0.027491155660377187,,-0.004292682926829272,-0.02731152204836418,0.020837428739925112,-0.01626454598553262,,-0.023543495610534704,-0.002651088478016095,,,,-0.017277649929654304,0.020081227436823168,-0.01815063540463635,,0.008198471326700707,-0.01509350935093512,-0.0097202817989952,-0.1300012486398745,-0.07061145303719563,-0.02287638421217053,,0.05932572131614866,,-0.050571679859278795,-0.012543968549555085,0.027926322043969165,-0.027745588186603998,0.03450400492914363,-0.02774375103459692,-0.001722614840989456,-0.006856619544539422,-0.026386808227459868,,-0.03856654109239166,,,,,-0.009116550820993274,-0.04109090909090907,-0.03142314039844385,,-0.01706959968574795,0.017314143490964273,0.02629242641535212,-0.027625152625152527,-0.017197774405665167,-0.06034939121228167,-0.0865072415194229,0.04479238125983631,0.006744186046511613,-0.08652306551381239,-0.06578400332597778,-0.020933449313388364,0.03896315617867607,0.06394226066718,-0.07239749934702167
1994-10,0.002842062525375555,,,0.03808908973531322,,-0.013325494806976312,0.005264697279906416,-0.007651325502278539,0.06832610184973742,,0.003677973028197723,0.0,,,,-0.005503743517579651,0.030541682673837833,0.008459949049448579,,0.020710685697344466,0.12036457867929595,-0.10270757039082679,0.08738441350747328,0.022026273168975985,0.009414523234332783,,-0.037335523986232855,,0.01266018218310938,-0.003483590455486074,0.032369942196531776,0.0198535671718032,0.02415458937198056,0.019869240984778713,0.002787487279324097,-0.0015342138078443535,-0.008007389765195994,,-0.006001343663858405,,,,,0.04651044578864427,0.055365946150929046,0.0,,0.027235846200423852,-0.03191149877672583,-0.06980303433590618,0.0893109401977712,0.06656373305884378,-0.006760563380281748,0.009768368404704963,-0.01946622378432672,-0.008778008778008717,-0.006845334194381714,0.012323702587977658,0.021898075998776356,-0.01694649301741724,-0.04708779030605126,-0.03090762817231041
1994-11,0.03603238866396774,,,-0.042150359314538366,,0.002979145978152964,-0.10154204247890597,-0.017180041138953994,0.07387456714120821,,0.02442996742671011,-0.004163230780499294,,,,-0.010135654749484968,-0.04211923522268346,0.02490362342989494,,-0.022697095435684655,-0.07816238634550965,-0.16509882110503005,-0.013123409069482506,-0.004824453287319064,-0.0479709991905114,,-0.02387923551135096,,-0.04502718910403014,-0.046890606108395017,0.14893617021276606,-0.03915119540536938,-0.054212974928922075,-0.03916462162568246,0.001820067066713671,-0.007705234840813424,-0.004593555998554155,,0.003619375774968514,,,,,-0.0322032251797163,-0.03521379805964775,-0.017510630367480018,,-0.03447137602565298,-0.010877925502691954,-0.07010515773660486,0.13746397694524481,0.12610583882901727,-0.024390243902439046,-0.20328317340792834,-0.13723559302004962,-0.03449079468655325,-0.036255376069408096,0.017178412011362054,-0.036443969356850014,-0.0022346368715083775,-0.03232092597826419,-0.10101204491939852
1994-12,0.01016021883548257,,,0.001009955273409302,,0.0025742574257425765,0.04242227979274604,-0.01886246067578423,0.13846092599227688,,-0.01530206677265511,-0.003116495478886927,,,,0.00046853535401392143,0.014576503054461343,-0.015878527558106814,,-0.010656816541417147,0.06532272019380514,0.050061705640055854,-0.07338695810007823,-0.006652512384996534,0.0036598890942698414,,0.003858675991800231,,0.03028045340854657,0.021648006177265477,0.031189083820662766,0.009591492762940579,0.012980802076928422,0.009608200851359827,-0.0016075577234340166,-0.003038330219146901,0.0047125375243775025,,0.011153453478645048,,,,,0.02890840652446669,-0.01862197392923648,0.03587770302181004,,0.01922466422466429,-0.00022217285047776425,-0.011616278175244354,0.04807448695211547,0.057706041994000756,-0.03255813953488362,0.009453772430445317,0.04282518376478106,0.034516051170649265,0.030110843373494012,-0.021343085106383053,0.0806665138191418,-0.01823708206686936,0.04421333295839669,0.14389331721506537
1995-01,-0.022243713733075543,,,0.007999423464975619,,0.00019751135690304622,0.06492699596147866,-0.005755453594139981,0.034549078574675596,,0.014934409687184624,0.007330654153779426,,,,0.012800503448735068,0.013896315238870027,0.012102572051502225,,-0.003261522616084589,-0.08011857386502064,-0.07906405256691051,-0.04123881397171014,-0.03184667996580215,0.007329920070720863,,-0.06217717717717708,,-0.05211776859504136,-0.015736766809728242,-0.06899810964083175,0.02352718448272917,0.01625413097727124,0.023507950712466474,0.002481389578163906,0.010158631467536816,0.0175109472443562,,0.023321755875297834,,,,,-0.009365396809911664,0.061859582542694413,-0.006495011024328257,,-0.022563776961826765,-0.026000000000000023,-0.05168119551681183,-0.016619326766181164,-0.05550303848750848,-0.0036057692307693845,-0.2464013421163228,0.0,-0.012832477834811007,0.024449351572880307,-0.024933759086894436,0.016890458396638497,0.03845527130519799,-0.06973847688644885,0.0070086599148686535
1995-02,-0.022551928783382746,,,0.0029312933438192523,,0.04364139020537117,0.02392065344224048,0.01354761230080026,0.11661314855501104,,0.006760787432889215,0.005580843671401325,,,,0.020848986136316805,0.0429576213377969,-0.0015516591669806346,,0.027770601911650816,-0.06868847393281241,0.1521384236738954,-0.025893586820938674,0.005850320111854934,0.043330408073716464,,-0.06442626362894055,,-0.09100321508364662,0.042096314172882954,0.03248730964467006,0.0346224987388597,0.03822670560127417,0.034636984228402445,0.0020462046204619,0.010528172691784743,0.026196852709893692,,0.024411889207675008,,,,,-0.0318085577822641,0.0042887776983560055,0.020417375080872047,,-0.023777132281746716,0.0015970796258271136,-0.0318450426789233,-0.03736479842674545,0.030025736345439036,-0.01568154402895039,0.09291788703650128,0.008624841294164076,-0.010163082013708413,-0.05030734242421486,0.011984392419174927,0.0016825272905927058,0.01412207751451433,-0.06050811049084015,0.002521590205152524
1995-03,-0.0030358227079537725,,,0.023809523809523725,,-0.0001892147587511106,-0.08347578347578344,-0.003115306271883611,-0.03935220220977753,,0.013035749555599274,0.00010690902511889533,,,,0.00045462345557933936,0.06107340130259131,0.008888476264095058,,0.11306606342423864,0.05090771199696653,-0.08247741527130437,-0.13997438954386887,0.04660350440794536,0.011180037149966626,,-0.004329596988106421,,-0.06696241232540012,0.006658069949209144,-0.009832841691248762,0.02418371824668042,0.09038609051393509,0.02416550199889489,0.003897415629185552,0.0007682855827886304,0.0006018684159987409,,0.004531711711929454,,,,,0.13019376493922596,-0.012099644128113818,0.03305440872898835,,-0.09601260498926556,0.03496583143507981,0.16319091217361814,0.06339376915219619,-0.03137146029983351,0.06127450980392157,0.09667059674900891,0.042798854067193304,0.07211079274116527,0.022023677858028945,0.016352244560727147,-0.10512241661963517,0.03682500386817278,-0.01151910116136401,-0.07649333750118137
1995-04,-0.00812017864393011,,,-0.005918395766606244,,0.01627554882664639,0.05657444824370539,0.031744547870564466,0.15884669922798156,,0.012283096120101478,0.0022460242316881818,,,,0.008785214091113103,-0.009054320744650513,0.006377568881944962,,0.025479864508844763,-0.05250101483920444,0.035722964763061915,-0.05249781793910768,0.020586487714515433,0.01746845972549571,,0.041232683647863366,,0.05641223335903356,0.02412945728327931,-0.10476663356504468,0.024485456305441522,-0.01289717434634785,0.024499769917963654,0.0002077842543277697,0.004759710239683912,0.01353383817892917,,0.013834702042619718,,,,,-0.06853260135895234,0.10338616714697402,-0.0061838306922107344,,0.05817772747158112,-0.014746340926598545,0.07652503461846805,-0.05769346220808058,0.01834336486099164,-0.03002309468822173,-0.0672309048685995,0.02281052281052287,-0.00022271714922050823,0.06576706283111733,-0.010093825153270397,0.020256776034236923,0.06864647067601837,0.04037471475926413,-0.013968206488584212
1995-05,-0.013712648383135573,,,-0.012887861595573313,,0.02811918063314711,-0.032656663724624835,-0.007766387076731829,0.039672612573417476,,0.02561633281972253,0.004374151716959984,,,,0.032771109637074414,-0.020213372083906056,0.03839861648097154,,-0.006679634455169614,0.04569905269672003,-0.11656650671349211,-0.1022785770408301,0.03229452054794524,0.01928055593405098,,0.0750070154008684,,-0.07657219316384867,0.022616464582003948,0.01386577925679422,0.032125154894671715,-0.021202042997980675,0.03212266707968725,0.004635906407172596,0.013754544263756552,0.046972420853528485,,0.07367504835972394,,,,,-0.026714975845410605,-0.022200457068233703,0.042112784276553406,,-0.04132296485874587,-0.010275885178152477,-0.08178186988017055,0.030644750254841924,-0.0012665353222629516,0.0172619047619047,-0.006936513812504486,0.09136415432199252,-0.023613276899086544,0.1406169983577319,0.0013002566295978735,-0.028884081007888973,-0.06325932132383749,0.06339048169003147,0.043639832673393775
1995-06,-0.008923013073251718,,,0.002128716384020235,,-0.0028980257199783255,-0.0745133819951338,0.0005739929033603541,0.10678697528442527,,-0.01990610328638498,0.001379348975290684,,,,0.001457727640330475,0.02098782556737544,-0.0364924518838704,,-0.00812857934601885,-0.08485455455911128,-0.16458906280789232,0.06875113176797232,-0.008625551537670417,0.03946928681237871,0.05541031690365372,0.2645220729366602,,-0.07179081867878545,0.03459723921020452,0.00875273522975939,0.01728847135096201,0.012499241550876672,0.017287174177283537,-0.0025793391667754406,0.0010558857969829027,0.0031321328322124753,,0.007767012104568538,,,,,-0.01022484737181717,-0.03839732888146907,0.022453599225476628,,0.021548655604840983,-0.005191287665049171,-0.05618226056182263,0.06472151820485883,0.005213470480484705,0.009362200117027486,-0.14662038687640622,-0.05149718462169517,0.003422313483915085,-0.0440224795640326,0.0037931859344564334,0.0519236452642029,-0.07185450208706023,0.17135041018642982,0.06246438283338618
1995-07,0.041457286432160956,,,0.003894356723075809,,-0.02906448683015428,-0.04107788366743348,0.004406779661016769,-0.11933456212486415,,0.017053075301781906,-0.0009544253170929995,,,,-0.006259098912101746,-0.0020692249811888885,0.018487281425894952,,-0.04369528776308418,0.041088394766950254,0.11819300584555426,-0.11826499491697717,0.046046247030083975,0.04108928399189793,0.04652005799903325,0.02188167864775603,,0.14886823245582903,0.05327285448886521,-0.026572668112798348,0.029239075915380663,-0.001857733565050701,0.029236919355076774,0.0030115552063896267,-0.0018081818672296412,-0.010786262049515605,,-0.020368989313421237,,,,,-0.043528408805977636,0.012499999999999956,0.013489014692007029,,0.006787906403280752,-0.0096426545660806,-0.0025779235997187566,-0.010276358569438093,0.033361368096439525,0.0417391304347825,0.041810467340126056,0.1188473030350683,-0.03433378808549348,0.008226920491995582,0.03019677265609033,0.014919136980873882,0.019113395438483893,0.040919227045428386,0.036710788248803805
1995-08,0.0193003618817853,,,-0.028424319368035023,,0.032740879326473404,0.05723098012337213,0.019431968638853547,0.12085435225931107,,0.00697061039939717,0.0007442064461342657,,,,0.004553578728164309,-0.0580165462352078,0.010393582820936942,,-0.09703178560299164,-0.000143341774571204,0.02384555417985057,0.12516013323084807,-0.0005758341597620342,0.01612056452858157,0.004733864449832481,-0.04457304465622547,,0.07942684207275641,0.014591684801282812,0.03398328690807806,-0.0005303290907006097,-0.046890009606147975,-0.0005302910868101307,0.0012945617527713171,0.0015862841313922793,0.009820927926314171,,0.018086722549623957,,,,,-0.041052797147800524,0.022976680384087622,0.04716670601104522,,-0.041544369679665016,-0.0038946162657502725,0.05466791979949881,0.003226374142077937,-0.01058057514921329,-0.006121313299944364,0.05910801090306461,0.0011244246108439437,0.017424064045208354,-0.061937307750997816,0.011268629589240131,-0.038712150249137656,0.029156816390858875,-0.03384123636187941,0.009611411467719488
1995-09,0.008086785009861819,,,0.019382940108892743,,0.012499999999999956,-0.03209076175040515,0.0016171133889348877,0.06762903380254714,,0.00785781103835359,-0.0007424874144302818,,,,0.0033581579916226456,0.02596442468037785,-0.0029539416779933436,,-0.029248091109097984,-0.007263691101978331,-0.20508801003269583,-0.0755721279744962,0.01043500528152097,0.02002856882351156,-0.007756837508618664,0.06663930450356337,,-0.0035475195971849116,0.004447755802402087,0.0393318965517242,0.03654041961251098,0.039244094488188885,0.03653779970173221,0.00042371960626663707,0.0007546030054677022,0.0068493253274610755,,0.014135294701820511,,,,,-0.00945872061235653,0.009051290646999721,0.06127658763799859,,0.0117147083127902,-0.001034958601655922,0.017599881182236876,-0.0022804350368378357,0.02056484782012613,0.039753639417693165,-0.07349263422548324,0.03541469235899042,-0.0071742652163852005,0.24275477093518028,0.03692569113129873,0.01987713391222168,0.0027565084226648384,0.06374962423957786,0.04310786596459604
1995-10,0.006456662101349986,,,0.0007833641931349611,,0.015029522275898932,0.013730743469524409,0.0,-0.05246989707827887,,0.014293669946166654,0.0001061484445170624,,,,0.008876604865370119,0.0133823840148235,0.013944022524214672,,-0.02626316491134517,0.07384230287859816,0.03668018931710626,-0.08171937063152379,0.0013938606772896378,-0.033520052440259795,-0.09664717123168687,0.02335560452886498,,-0.018891759977031297,-0.050079795005506966,0.03732503888024885,-0.007401873296531414,0.015456418959874041,-0.007387526976924352,-0.0003149401070795532,0.0041471876308873945,0.011621305813237282,,0.0237770541183544,,,,,-0.04520615996025834,-0.011627906976744207,0.06656135564012344,,-0.002313067113264733,-0.005640612409347434,-0.022768736772969422,-0.052452675379475955,-0.010881246641590625,0.060850834679590626,-0.005860364792688255,0.0834237288135593,-0.03076923076923077,-0.10869070993076368,0.044056472961048865,0.025506067012249778,0.02336591325595605,0.011172904582148036,-0.06223354973573414
1995-11,-0.021578538102643874,,,-0.030811926279086355,,0.024678300722721813,-0.027089527585067774,-0.011148966464112453,0.018955439335494706,,0.022327964860907823,0.0011651762751914152,,,,0.011535839624932098,-0.02921819280264759,0.0311025298735923,,-0.004563709382986447,0.06773354850277924,-0.11469101581607699,0.019749857492539213,0.03587358830786758,0.03943028023553352,-0.025448717948717947,-0.03572079668201089,,0.0639705021655157,0.04476940914791405,0.038980509745127234,0.040086975914362055,-0.039395929087327586,0.04006968641114983,0.0020314604788598256,0.004504770594171648,0.0159646450233053,,0.0203311288898802,,,,,-0.04659498207885304,0.056806722689075606,-0.004973407836273092,,-0.0030958261384039787,0.007293354943273878,-0.031439026211634635,0.04348095002474017,-0.06559826157816107,0.017766497461928932,0.06690399916272627,0.07843934795532048,0.006012506012506025,-0.02167292739105564,0.0025656504678537306,-0.009509555444167428,0.047007909267273496,0.0035992583162729463,0.041565583050299226
1995-12,0.0003973773097556421,,,0.014904552129221704,,0.008257354206089751,-0.0383701188455009,-0.0035353859998713544,-0.04749407775558545,,0.011815252416756294,0.0,,,,0.00712657571256492,0.006917213728686589,0.011987205251255295,,-0.01774252704933066,-0.07976825223561024,-0.09489956288983847,-0.008384848086281704,0.002962284318216435,-0.015660220666745883,0.009734920739327801,0.031490387455836766,,0.06171956653281252,0.012637872851221976,0.05723905723905731,0.008375770570892449,0.01808239607282669,0.0083886097152428,-0.0004228146445647285,0.0029893121684489987,0.010749724918089676,,0.019407299556406077,,,,,-0.028862478777589073,0.09001272264631055,0.0932643217383704,,-0.08925034677413801,-0.0012642225031606058,-0.011410948342328364,-0.024657696639203364,0.0011627906976743319,0.0907730673316709,0.38555773219295886,0.10490890100963202,-0.029882859191967537,-0.028173242530061482,0.06924582267048018,-0.017740555951532455,0.09791904218928171,0.034848325388004975,0.006214555765595486
1996-01,0.0049652432969216065,,,-0.02589886421182075,,0.003412386964681824,-0.012711864406779627,-0.006683008644045918,0.05725014019944896,,0.009377211606510949,0.0010554765954473577,,,,0.004104155002814913,-0.036924608383652746,-0.0036622796180686423,,-0.03794632438739787,0.04726492996943299,0.35511090008817736,0.038498524389030786,0.01565069118811291,0.01606002169458831,0.08644387987753221,0.016014846381194436,,0.04238122377078901,-0.0023484153787658446,0.047770700636942776,0.03153697920127563,-0.05200195312500011,0.03152117579832825,0.00138828633405641,0.003949036110386661,0.002181613132199889,,-0.004373545622594399,,,,,0.006181318681318659,-0.052815873942223535,-0.0006755955297236271,,-0.035370603300650116,0.047065592635212816,0.07315551396038056,-0.04770586447888192,-0.03789198606271782,-0.005486968449931462,0.06162659634598011,-0.0691629030564016,0.05273533760473126,-0.04030632154006242,-0.008052935379416981,-0.041048972868638955,-0.0693236401402052,0.01415330984342611,-0.0523112845166247
1996-02,0.027075098814229204,,,0.01366505755662839,,-0.027886413875191307,0.0014306151645206988,0.0011040108063173903,-0.03713013998754644,,-0.03207712532865903,-0.001475643732121834,,,,-0.019890256287248276,0.009660326781424589,-0.036316543590874106,,0.013050650106734007,0.00588107166194729,-0.07716333640331552,-0.08943738425186809,-0.010642762921213578,0.02413926040153025,-0.006535555822040906,0.05133495692959911,,-0.0447338336895472,0.016029233735371795,0.027355623100303816,0.00046380994099304296,0.00811228431625044,0.00047666284477543286,-0.00010830950524221006,-0.009645168777153712,-0.030252804405567768,,-0.05094930733590686,,,,,0.05473161650636049,0.08009858287122618,0.046554713787337665,,0.016346440859032585,-0.017914056489724106,-0.016933139534883734,0.01863433312061269,-0.02384185906141545,-0.005977011494252782,-0.06255239868651286,0.02242595204513398,-0.02083333333333326,0.057077509529860126,-0.006244855090976276,0.0011728740711594021,0.1267959269075185,-0.0008886103851301064,0.09470136784571381
1996-03,0.02616894362131994,,,-0.002271228661440361,,-0.005772258177365708,0.030000000000000027,0.010833322521634381,0.004311273981461472,,-0.0007243752263672576,-0.00189972704535335,,,,-0.013404441587508753,-0.0038192842919980707,-0.010947179809763452,,-0.021885925003591766,0.0180597661325248,-0.0038835372732796136,0.03846828207735742,-0.0029393048695492974,0.012595917185463934,0.049127889432071914,0.011464421684808768,,0.0732608356314064,0.021248427881114695,0.01606086221470826,0.0104695186339403,0.0055562651679650354,0.010455833118722557,-0.0013865118395112175,-0.006740562288765184,-0.016647855409610557,,-0.02487693689494186,,,,,0.015120315349767655,0.07644038790644614,0.05073893083094583,,-0.021733249862814663,-0.013876454789614967,-0.0008871146595698098,0.010399699285803754,0.047611686504869244,0.0027752081406104967,0.09491226615674675,0.02356187060284176,-0.019125029882859246,0.021588614289835606,0.008055071553029425,-0.023067213870560543,0.1418667987125526,-0.004486383092549895,0.04194800155219247
1996-04,0.006187886742921478,,,-0.012263181083859709,,-0.007389162561576401,0.03883495145631066,-0.00231029879864475,0.0025756600128783447,,0.008517578832910377,-0.0008454111921232244,,,,-0.009642068107325819,-0.037932728412279904,0.014951808459586102,,0.016647081864473057,0.0458161398732293,0.0770478949317186,0.15938407509961494,0.030482616095307558,0.02216185301687168,0.05062417304262801,0.21214241788069654,,0.027876084743297724,0.04625788609454684,-0.07612312811980027,0.005518243337963691,-0.04630041282946962,0.0055306351310020485,0.001279965289076923,-0.004222590873201426,-0.01291248226598174,,-0.020745773173703186,,,,,-0.06746261736408943,0.1094329623741388,0.15493764152382283,,-0.044424254394627716,-0.012369496141625191,-0.04513503514613393,0.04396081349206349,0.06640106241699861,0.012915129151291671,-0.04038288622986974,0.08725302568802396,-0.013892273945893208,0.03158092907233945,0.04777422005610488,-0.08203037359678789,0.08163486556808319,0.2019282581083368,0.08933559271535518
1996-05,0.01639955273947069,,,0.028771095085867282,,0.008684863523573005,0.0056742323097462855,-0.006110739463798587,-0.0686029639144603,,-0.007906558849955059,-0.001484227453766862,,,,-0.008139830150027283,0.003668163277283698,-0.005081414668882012,,-0.03308611057599675,-0.07635047185161081,-0.06708728930951158,0.06387254616415206,-0.022502728050254994,0.006742201706532391,0.018452609100366724,-0.039292524623432135,0.03288828470165561,-0.007216300349023652,0.03211151264842549,0.0787933363349842,0.01847908745247162,-0.007392115077250794,0.018477682305528154,-0.0013758287472376285,-0.003417044513518541,-0.010210753571586406,,-0.00980313436285174,,,,,0.005593536357986428,-0.1046095056126104,0.05586211940820096,,0.08322309676565909,-0.005285533724003089,0.0118558698179001,-0.03480430005345381,-0.033347170333471676,-0.019125683060109422,0.0682059667392263,-0.15861761205870695,-0.0004943153732082095,0.02268303069014821,-0.008491765151310227,0.07491529994774737,-0.02766362634058328,-0.06746047035818703,0.039775268734490554
1996-06,-0.013017968463512997,,,0.0015898251192367763,,0.0087858021437357,-0.003982741453700589,0.003274784161952926,-0.09789298940109814,,0.003803658757471462,0.0008497250682939494,,,,0.009395965870165668,-0.0014092743114436646,0.01941792044645574,,-0.017283458684066333,-0.009512485136741966,0.06094335941733675,-0.11276589919785351,-0.010559980690321047,-0.01917412327016066,0.00064516129032266,-0.04363106619320756,-0.0209547625314932,0.026652097486816517,-0.049159663865546155,0.05050083472454103,0.005911048059931812,-0.005233143240523375,0.005910606739335966,0.005109512806326766,0.00373105897273196,0.01355332961501099,,0.01859921808043241,,,,,0.007107540173052929,0.04534542544678577,0.01281920533241987,,0.03133157276099463,-0.03245928150629551,-0.07818961556134163,-0.1871884807088794,-0.046378471228170515,-0.0018570102135561095,0.18255515511141973,0.06718133066179499,-0.03041543026706217,-0.0042828144634213805,-0.03442162398057991,0.020150067036215136,0.10287599216575605,-0.09255005558503737,-0.06845171225182078
1996-07,-0.013932751253947662,,,0.0018759018759020307,,0.006096498867793176,-0.036987670776407855,-0.0077538382144238804,0.01540116641186784,,0.014074341392998901,-0.0005309196370100189,,,,-0.0031028295595263433,0.03351896421481637,0.0032277209556599296,,0.02341611758743012,-0.026277177537681773,-0.1239158638866471,0.10519007652431478,0.0018905897420258277,-0.06544650951949216,0.01697829357403835,-0.09456577619528184,-0.0656885244327512,-0.08986580286904211,-0.09102960671674765,0.04926499801350803,-0.050833199312162125,0.0445808322654615,-0.050829426390727295,-0.0003129991797262699,-0.0011379156620202613,-0.0034883729114050244,,-0.003709008225295296,,,,,-0.010432648051549531,0.018116866547588595,-0.10936428352943195,,0.026213153941224032,0.016475644699140313,0.022430838248733043,0.030963736846089773,-0.03707595316721701,-0.0032558139534883956,-0.2601718627274373,-0.09743773814125578,0.0354501402703391,0.06395101370272194,-0.013869664698737183,-0.004657490027898836,0.008879334517244653,-0.08808307603287746,0.15939948702261342
1996-08,0.021665410700828946,,,0.004680973642517516,,0.010907202216066558,-0.01660899653979242,0.0037056781390993887,0.03345787096414421,,0.001067615658362886,-0.00043174760666742085,,,,-0.006874222359213311,-0.007779345356472955,0.0011421170595338204,,-0.02510895404120439,0.01639269406392696,0.20849123707132788,0.1981461317251585,0.04696250304358429,0.04993027344934209,0.02652155536770917,-0.02238578413332626,0.03969085938624084,-0.022778116737848242,0.05046646757876694,0.007194244604316502,0.013933058756060657,-0.006069214876033069,0.013931969242799491,0.0003130971788865011,-0.0020602190141544297,-0.009453715726186251,,-0.01731388351818297,,,,,-0.0553178294573643,0.048872180451127845,0.05224120976050961,,0.02433202322143302,-0.004580690627202233,0.004469001381327775,0.039065942135408926,0.02229150428682769,0.12179188054129719,-0.16496412916203473,-0.018813668206430267,-0.020443349753694662,-0.03421556861011099,0.0926095674591807,0.053603280131576,0.1159903650176024,0.019936932865175283,-0.02237878265105242
1996-09,0.002581596902083705,,,0.0018636656870476553,,0.025346805959924668,0.018648838845883198,0.003523589916314629,-0.01346247234662501,,0.025417703519374335,0.002874878408796855,,,,0.012282801376399366,-0.0316468707172225,0.021455507317427847,,-0.026263652527305004,0.011411114605328176,-0.12939144530533886,-0.10562986437992261,0.021337829588069512,0.04016400542834875,0.027946474523932174,-0.05306745826880055,0.10539322288561159,0.0667533818938606,0.033100469400797916,-0.07744360902255643,0.05203553018909157,-0.04404313368845003,0.052018663478965,-0.002439234986832406,0.005109433129078633,0.01658276647046697,,0.022534497290376043,,,,,-0.05337097091840104,0.027240143369175573,-0.13672845074876805,,0.04117179084617617,-0.027610619469026543,-0.0711049991910695,-0.05406360424028278,-0.06907593778591037,-0.017886855241264543,0.07140679292211405,-0.11557647939140736,-0.035453859693236,-0.05002034824569046,-0.04595862936842943,0.02186164794172174,0.12609995019093478,-0.03805877067646546,0.09873179238452612
1996-10,0.002391024462019553,,,0.03927881519639387,,0.04693502588942722,-0.01761658031088087,0.016975189115224998,-0.04796674597314521,,0.009533714681920769,0.0027592550011497075,,,,0.015537148968276737,0.002276238663034169,0.006620812491217487,,-0.027963272120200444,-0.05512370630302488,0.13841447871526902,0.2811286834631721,0.0040133208094952355,0.0004163890739505849,-0.03855204526110245,-0.08967311056086857,0.020961136050650087,-0.046578549480563836,-0.014548091896158133,-0.05419722901385482,0.02639263938612668,-0.015493340581679838,0.026403245118881813,-0.0032891177807110594,0.007132019137957357,0.021846779958878404,,0.03491701549663606,,,,,-0.025034674063800222,0.04093975343103051,-0.10362302504273979,,-0.009885926416791091,-0.0037616794078388915,-0.014107811547505067,0.013298468434815192,-0.06617526617526615,-0.12113511224057605,0.14272811803775665,-0.03800190362040412,-0.006777893639207555,0.01994323788832686,-0.12256114317120081,-0.021637787595386926,-0.02985624769627726,-0.14850899406332974,-0.05061018958745189
1996-11,0.029541284403669765,,,0.033939143604571065,,0.026962348436502914,0.013361462728551432,-0.00987547758977425,0.03202826530319136,,0.030391483516483353,0.0009533043811262853,,,,0.011668176952051468,-0.014685462803887939,0.02322528947764413,,-0.0023078574495492,-0.026560737119217803,0.03444381705251254,0.020296516239246554,0.01649940466065658,0.05061183717639217,0.03025568921522659,0.05266572672713887,0.10218971708855196,0.02603846940863508,0.03918003333549791,0.03489875053856095,0.06848727991333425,-0.0291965764770844,0.0684823883723975,-0.0017151169101843333,0.003693022048214978,0.01796249306470843,,0.028781697242522553,,,,,-0.012589800128031903,0.03798882681564253,0.01879718945995079,,0.016131125149393855,-0.015712545676004885,-0.018991255189470868,0.19767013197670136,0.017365374495702524,0.0857831325301206,0.2814315507343841,-0.035215654659386586,-0.010761154855643107,0.05670226809072365,0.06539304729094897,0.0031887988857530747,0.02583586626139822,0.06852742578732474,0.09738410060577429
1996-12,-0.02334699697023712,,,0.02057393967640997,,-0.023613484542488794,-0.029840388619014613,-0.016948066100021864,-0.012079714985526513,,-0.008498583569405027,-0.0011640401146131296,,,,-0.015015878486355327,-0.0020242673227124364,-0.011241867585151222,,-0.022647802463822586,-0.20654851016564435,0.0849269688299954,0.08285993342502351,0.009454484605087021,-0.00942872989462007,0.01844925192074398,-0.009837853214488823,-0.022847016378330753,-0.08396071197088295,0.007894682025537891,0.03205661948376348,-0.027341399826191548,-0.029150373266974672,-0.027339572192513484,-0.00010873820190515637,-0.005560146902401031,-0.02157466931667895,,-0.028047502112540257,,,,,0.06389569226336267,0.08159311087190524,-0.04704781154131987,,0.028718906893747453,-0.015468382625912658,0.0010804970286331095,-0.04346220142821966,-0.020689655172413834,-0.016422547714158964,-0.11095456131884796,-0.04102096627164986,-0.018307243300610176,0.04592300266878646,-0.031277558939385,0.020416514431859767,0.11229629629629634,0.009933958114237695,0.011167282537235534
1997-01,-0.03923357664233573,,,-0.06693632567849683,,-0.0054097056483691786,-0.043633762517882646,0.01528409905974093,-0.0026765087056966896,,0.009075630252100897,-0.0003178354590277488,,,,-0.0010260842161863293,-0.06247270072818001,0.009378869410801238,,-0.04959269044473813,0.0898356664637856,0.1924705065926442,-0.014136877369951839,0.03370631302666105,0.035860928918039825,0.03091964861779739,0.0006703536115302278,0.11842683105349638,-0.054699831274152344,0.020687802256851073,-0.05002016942315446,0.05775486827033216,-0.06166239472720625,0.0577508991363711,0.003860625965156572,0.00022667131303366617,-0.0031500545947554803,,-0.010543844172316574,,,,,0.021802423996208242,-0.03702229299363058,0.04646707233158387,,0.023879524369528227,-0.06711915535444946,0.027073214606943896,0.03494658257175964,0.026760563380281654,0.08754512635379075,-0.0202988058299004,0.036200887198986065,-0.05891891891891898,0.11337015974701092,0.0734356982460398,0.008578957921572039,-0.04635055940330324,-0.05639370364921803,-0.046886349980719055
1997-02,0.020702754036087345,,,0.019647601734023246,,0.013437849944009095,-0.045250560957367236,-0.01680089399252427,-0.014520184185993879,,0.014490339773484351,-0.000954974134176334,,,,-0.004860677212423226,-0.0321722148473399,0.012073559773973619,,0.007470898245207636,-0.11610633307271301,0.3031469141909391,-0.06781433212591947,0.005158358946946384,-0.015057527476770138,0.0008184093972656292,0.0764767806301887,-0.08418894156656287,0.009269921695071348,-0.028226051390041862,0.0573248407643312,0.0036819648697234975,-0.03871068446109416,0.0036925542513102094,0.0006391576119337827,-0.002498966702846328,-0.004666741859294721,,-0.004843116174585771,,,,,0.20608309588496443,-0.10706903679206281,0.08877657585642251,,-0.0028714545512555922,0.05524117488547553,0.07907872843506425,0.10397363348050503,0.018689986282578896,0.09958506224066377,-0.2302132096901206,0.15683051754453015,0.12435381964388292,-0.011330944021845202,0.07106914683100585,0.04190511353147497,-0.1515363128491619,0.04099208074182914,-0.0036789352728503477
1997-03,0.010420543356903567,,,0.007405883563052829,,-0.02099447513812147,0.12965139052095576,-0.013991769547325061,-0.0565859251827433,,-0.022984731571170536,-0.0021763914567017872,,,,-0.013886837435377664,0.006963540327207252,-0.02570610666937967,,-0.03213382386755581,-0.03475074240222409,0.08085809502012387,0.0013019268517406868,0.0016485854073600148,-0.04709141274238238,0.017797873875607495,0.06796537277606762,-0.06471027265653528,-0.03708140795253578,-0.05059071114537539,-0.016465863453815288,-0.05009602727606233,0.01631890882520093,-0.05009224395559342,-0.0014940239043823578,-0.006448676789348906,-0.020313399159159973,,-0.02914546964855058,,,,,-0.047414977199054964,0.01388888888888884,0.04995583007486393,,0.005401081496176463,-0.03689989785495418,-0.05315695503976625,0.018926378640229835,-0.029624642316108396,0.111320754716981,0.025737362908177852,0.03386750371716496,-0.0659003831417625,-0.04272371381893281,0.0787848395270272,-0.003993348961456755,0.0025514403292181687,0.05929413671732986,-0.011320736898519534
1997-04,-0.006261510128913406,,,-0.009801919542577031,,0.010480490164463063,-0.06310679611650483,-0.011023663778254922,0.008811643523441992,,0.011930767938161724,0.0006916089839072992,,,,0.009438193161976471,-0.03333267846735166,0.01491242125654657,,-0.03094375482568157,-0.029456045035019973,0.20995630752068428,0.05941069392490639,0.032227236527740954,0.020815050460728513,0.010633772862611579,0.08030966775230741,0.09371285951984776,0.09307423425558392,0.0,0.03062474479379329,0.0591101670850418,-0.018293657133727437,0.05909410989709918,0.001073403447901855,0.004352474310613141,0.013921806203141873,,0.01923638784220527,,,,,0.05756142576998502,-0.00844748858447486,-0.05639191024212431,,0.08410721219026285,-0.036192496354235604,-0.08459758292620212,-0.0038697550997843777,0.044405897658282845,0.02478777589134129,0.10952741912685537,-0.036177692553531426,-0.004648619086683015,-0.027003703107390087,0.03466836297800491,-0.004994594890460946,-0.01535177735818083,0.07166840389434692,0.02045782349963221
1997-05,-0.02613046701260202,,,0.010998831374166462,,0.01260571246210307,0.04922279792746109,0.012539856917017422,-0.0162946899189782,,-0.004815675855197599,0.001542202769894141,,,,0.002823845217044374,0.012410831024367797,0.018372400776263564,,0.08795047805834755,0.008565454913333603,0.3136858190448142,-0.03744264647570861,0.0379590577101121,0.0866668457674018,0.014496820052375625,-0.1292513075389372,0.09484224007451392,0.0359891598915989,0.10350049380006587,0.019017432646592836,0.05953261907060048,0.038733826999755916,0.059550236463661754,-0.0002166166643199352,0.0020544798666568553,0.00498053670459031,,0.006888552325366559,,,,,0.12679973821989532,0.02348606953718635,-0.07672724143371445,,0.03433476394849766,0.010866574965612052,-0.003838951310861316,0.06959320717020923,-0.06626806178375688,0.012922465208747624,0.025633690522584462,0.0014921413886861412,0.08269230769230784,0.022908089646681784,-0.007330338141404491,2.7505019666085317e-05,0.03418375854593969,-0.1683968784792209,-0.04272098209584618
1997-06,-0.008753568030447023,,,0.014278914802474896,,0.012763945792625186,0.13262786596119924,-0.005226388631612289,0.014972443355786957,,0.018521608543300427,0.001223935991644609,,,,0.005042276149315406,-0.02461775235036301,0.009416756810426419,,0.010252943496141143,-0.040123044001604935,-0.3090564676754318,-0.006571462199380096,-0.009985133795837542,0.024030260327820185,0.0142435696505947,-0.044755646998960286,-0.008975286060657561,0.02108402218269334,0.0375688629899964,0.004665629860031162,0.03608518735955624,-0.03658441049745398,0.03607214428857719,-0.0032174544193956933,0.0025853553037586963,0.007883209276670522,,0.013112914326636194,,,,,0.010986883500314404,-0.06749156355455566,-0.05607554067664522,,0.03255927479551124,-0.03510681725404807,-0.015602970203966615,-0.04213147927151961,-0.0812877979366774,-0.18842001962708543,-0.05259823159487442,-0.01976624838592178,0.06749555950266428,-0.06697165190270671,-0.2120771796093378,-0.007316134000770025,-0.06820380522412128,-0.09790103203353973,0.0589256248854122
1997-07,-0.009982722211556938,,,-0.014077897700609965,,0.03703127431149844,-0.11678604796013703,-0.00013300879188116177,-0.018974931370478787,,0.015072083879423381,0.001965217512789108,,,,0.01977275110570309,-0.05463551171054981,0.013165047136356245,,-0.039089945909775325,-0.007175700153267406,0.07018542118306526,-0.07434393697055863,0.06752258678078937,0.09149948093962013,0.029495977821206054,0.09015007642781048,0.1531318854265029,-0.01065737562125324,0.04172896300555862,0.04373065015479871,0.0760460731347512,-0.039112050739957716,0.07605064181466514,-0.0018258488023301656,0.007129313091145839,0.028968705670030293,,0.05120984482836355,,,,,0.14692646495595563,0.0965018094089265,0.11554402297494848,,0.010505368127669668,-0.0304611479340009,-0.03399217034278612,-0.02898001191701438,0.024588576960309805,0.08061265618702129,0.020136520953172532,0.1572654191717895,0.03066318041359639,-0.0005201362063346204,0.06366961937297821,0.042273911116036844,0.008738536078906511,0.08954154431388872,0.015441617803222618
1997-08,-0.018421562924180734,,,-0.010879173182838042,,-0.01185296324081031,0.10472496473906912,-0.008939379830524175,-0.030258302583025753,,-0.008231116849580333,-0.0003183729053037876,,,,-0.011869853733430524,0.015224742746839715,-0.007858726865808907,,-0.02356081708449398,-0.10230860992211066,0.12857682708194162,0.03784291138700446,-0.0189192357285195,-0.006945212448297933,0.015274589440226194,0.06907723521101339,-0.030286487090090297,-0.1065306333833963,0.020571512686992754,-0.007044864664441874,-0.05726192313628664,0.01117034780401105,-0.0572577643416764,-0.00021776055049860243,-0.003689560757787258,-0.017741820405137165,,-0.031051987215569565,,,,,-0.041282297449597105,0.02794279427942792,-0.003218628210329477,,-0.03792882089893268,-0.0036363636363636598,0.028071562716220022,-0.08814013165234846,-0.0092592592592593,0.10220067139127198,0.23195519265421627,-0.004436401844609139,-0.04174354243542444,-0.04506029781151555,-0.03675070346474152,-0.04849439426866309,-0.036195213997769926,0.045937004116132885,-0.06254134753756246
1997-09,-0.010272619517976977,,,-0.001168625833505077,,0.01746128150622539,-0.02202361953399301,0.003328814378330325,-0.01582318619989853,,0.016273393002441017,0.000850814550323653,,,,0.009101583556098358,0.02499642601858465,0.04515333800282928,,0.0002971591584453037,0.03079809270694911,-0.0967189306836631,-0.13904875441914,0.09061364939782068,0.0517851972292136,0.021175754413427228,-0.06091769007591119,0.01250703720763613,-0.03211221887317417,0.06402235644099874,-0.04107542942494402,0.045725952463500086,0.025608837559628395,0.04572242979854391,0.0005336295521869427,0.003559527519536143,0.013225990967503432,,0.022450151363516024,,,,,0.028648554510623425,0.01819349315068486,-0.042709911047742244,,0.0025445868156475093,0.029051094890510942,0.11671954619748104,-0.023186100575064317,0.02860957467098979,-0.03384094754653133,0.08327081281727833,-0.05438287892113758,0.08351383874849572,0.09682177527175484,-0.006403068751844043,0.0036459133641582042,0.0718163210821392,-0.10088801154160842,-0.04671657463520851
1997-10,-0.035329341317365315,,,0.03750860289057112,,0.019101626622892054,-0.045365535248041766,-0.02200698337101492,0.01076134935721873,0.03962101636520243,-0.0012810248198559249,0.0010080317367411329,,,-0.03195205958027458,0.009310446035458941,0.019107791655334605,-0.005236479272543337,,-0.003921335630681422,-0.06385076211420337,-0.08523422817634796,-0.0010026977343805532,-0.08937335670464497,-0.04116725255177678,-0.07242921013412806,-0.0019256610201772162,-0.07009673526382632,-0.06916996047430835,-0.045513081198319094,0.07165109034267902,-0.03195682605172012,0.03288453692370452,-0.03195447178429356,0.0008707672547973999,0.003999698741478319,0.0147559617196944,,0.027649837686271272,,,,,0.06111910606958437,-0.006516712213580078,0.08535271805232014,,-0.005392112625214218,-0.0736274648886367,-0.0946190271201034,-0.06444541867601927,0.05655479325050994,0.13239929947460594,0.11467506686639051,0.0,-0.0633051976899156,0.021669570517194536,0.10993971431116911,0.006332813717848662,-0.006559282630355323,0.017643024399239815,-0.018921634719342717
1997-11,-0.02938133664390652,,,0.008955223880596996,,-0.011861180260653081,-0.042393162393162376,-0.01153151674326991,-0.03719996174811113,0.011599005799503015,0.011063011063011219,-0.0018028846153845812,,,0.033550151149757124,-0.0028827164087769086,-0.024942348618077648,0.005250834684570327,-0.014058407623731894,-0.06185505517447065,0.13033616848926677,0.1294681983960193,0.06034173736408177,0.0031038714179156823,0.0018772913997968654,0.04108520014689687,-0.025346916708187117,0.021328640443559532,0.01093739947243133,-0.010083436889756658,-0.01199127906976738,0.033439884316075696,-0.0223574024332438,0.03343733947223204,-0.004099920611616903,-0.00300699521005221,-0.001124820387203851,,0.006594132394586838,,,,,0.013442361388113389,-0.05099449851883198,-0.0264604280677595,,0.01945106045140066,-0.046707503828483876,0.10431723088626854,-0.06071763288258125,0.015268515268515248,0.051036189297865686,-0.2796813071715346,-0.056425360409238845,-0.05169551814085849,-0.01246919984437811,0.03159866220735785,-0.00296668188041993,-0.10037609694943594,-0.04518120897698075,0.0023725745934859432
1997-12,-0.04455340012790443,,0.06355108464220693,-0.019658119658119477,,0.0042975696502667304,0.030346304891110343,-0.0069470392051036445,-0.05174811283273739,0.03439803439803435,0.008880431335236194,0.0008496068098715615,,,0.013687713100275056,0.004914718581965349,-0.020232714819077402,0.011208972434206377,0.010797975099056334,-0.026767548321464996,0.007883044288376162,0.04772672279284773,-0.12952445345954466,0.05480930678819851,0.03103851156228643,0.03139468230521625,-0.06185555797259079,-0.06157858321358234,-0.08362502386558901,0.008034145116746272,-0.0014711290915778719,0.013845289931786242,-0.028040404040403977,0.013844270368290834,0.0027081331353193683,0.0027151367519913094,0.00701458900441887,,0.012076631330130372,,,,,-0.020978470500255808,-0.06911928651059085,-0.05610047555176201,,-0.052861990320965724,-0.029076305220883558,0.13019891500904168,-0.09236690186016683,-0.035955056179775235,-0.1082989994114184,-0.10740926867045586,-0.047708230655495454,-0.03300825206301572,-0.0005975166943538168,-0.06120966905280634,-0.03169715003086482,-0.09234485321441843,-0.08944795254231663,-0.04588537193588771
1998-01,0.05443998215082546,,0.041953781207839436,-0.010864462477365722,,0.015788697063597645,-0.04539154539154544,-0.018980197605875104,-0.011172794246011142,0.08946951702296113,0.022320025149324296,0.0020171193862941195,,,0.008939788135936544,0.012370529132782693,-0.018802512731987187,0.019346287169724308,-0.1332107714611802,0.023126674070686803,0.23236632536973834,0.07540873941816861,0.029283069673510687,0.05287094940306991,-0.021338008595069513,-0.03629601128639215,0.026097642980533964,0.0770403244101634,0.10542398777692896,-0.023323252090375446,-0.08103130755064458,0.00888925208611413,-0.012720319255071555,0.008888606422676304,0.000969245513155581,0.005641218316568608,0.013931454580720093,,0.015045439055999532,,,,,0.16024764814665926,-0.01005988023952098,0.030187626276980017,,0.0369889643912209,0.045996029119788284,0.02293333333333325,0.01531213191990588,-0.008965393580778191,-0.027722772277227747,-0.005065861021078311,-0.011662008763758003,0.05249547452805792,-0.04200885641827523,-0.005193944082219071,-0.02920340670596744,-0.03705220061412495,0.03530280796005836,-0.003006772694491233
1998-02,-0.010791366906474753,,0.05573268360598682,0.009220964133161536,,-0.005665310865775708,0.012704174228675091,0.022543574300041058,-0.016877935101161534,0.0,0.009993849938499277,-0.0015877320464591227,,,0.06352623630346077,-0.008523373091485209,0.006387607311802768,-0.008020308127713038,0.23265827866040523,0.004150437392248074,-0.035598892222478584,-0.04948977324901149,-0.03433616742969259,0.05937365010799134,0.07773141371550918,0.0032383994321709686,-0.017705414444544876,0.10962790360906505,0.010680404598856663,0.07353503706807052,-0.09619238476953906,0.06347649218806262,0.004968421052631511,0.06347192224622034,-0.0014035011369446515,-0.0043380054481162444,-0.009344919816572816,,-0.012538997243423111,,,,,-0.023007623007623157,-0.08807161867892577,-0.03892358237403759,,-0.05287004785772953,-0.014710534640936523,0.05824519588857435,-0.03998453209590114,0.07038176225800608,-0.08621860149355054,0.010507610389466349,-0.05327282248210852,-0.011547911547911571,-0.026561599868323627,-0.022994890024438885,-0.045938168671142865,-0.11522108843537415,-0.02640054257453972,-0.1492419607043307
1998-03,-0.026096256684492003,,0.07929788468639565,0.017870339267719082,,0.008765522279035709,0.023297491039426577,0.002708935318959771,0.009338074201774127,0.011627906976744207,0.0027401430963618356,-0.000636102779351222,,,0.0458562450903377,-0.0017192071127607456,-0.01954170565577884,0.012578333459170254,-0.0031756809814816878,-0.05735724278265286,0.010649117559078602,-0.09805617233454089,0.03704186094975115,0.019816917776101617,0.043684498591149534,0.012867565774928202,0.009282583940094513,0.01833572589543131,-0.0586187604898365,0.03961924799782812,0.03458980044345883,0.0458596030973637,-0.043740573152337814,0.0458649606932211,0.00021790290246670452,-0.0005257621496047582,-0.002219758855173337,,-0.0018157119474642158,,,,,0.12728755851893903,-0.019633855133987632,-0.04162730617676991,,-0.013783412067212675,0.005137261197624143,-0.0019707207207206867,0.03633287682268582,0.005409060175794567,-0.07578008915304613,0.07007626492242314,-0.08403702201408603,0.0621426795923441,-0.04971149578339995,-0.020153496304718632,-0.009937820949081244,-0.014656415185007154,-0.053215495966007276,0.09861113330882687
1998-04,-0.019767186470459053,,0.027883334758861622,0.00191406507821279,,-0.0002896451846488013,0.011908931698774161,-0.009199351611964723,-0.056613172970857106,-0.07112068965517238,-0.004858053742219592,-5.342947541564502e-05,,,0.007879361273408714,0.0001435128055695678,0.027055820663633323,0.004039160501896788,-0.10755949333067649,-0.002630868861306035,-0.008524240809802852,-0.06342803341136238,-0.06269623973273719,0.0005197816916893139,0.01004156469719919,0.017724613638347986,-0.053884026258205764,0.01705025368587232,-0.020932382461701038,0.0,-0.15473639091298752,0.007832729155877738,0.01147914475990186,0.007832158779218723,0.0005446385778398177,0.0001502969409863386,-0.000556174286590938,,-0.0002599303864596614,,,,,0.1994336951392166,-0.010554803788903944,-0.0552336504582609,,0.08352887676216447,0.015173295000798559,-0.04400564174894228,0.04322139303482597,0.032447881640887744,-0.04581993569131837,-0.13047526734068393,-0.08389694041867957,-0.008893049379826823,0.013975074694364764,-0.009689304052681869,0.05663221865504342,-0.03511338697878563,-0.09254671258210567,-0.0008350426977407066
1998-05,-0.04100380909702006,,0.058533338088275766,-0.023122529644268863,,0.004056207446037963,-0.0076150917272412855,-0.018303852338670157,0.08531985515992768,0.17556071152358843,0.011441647597254079,0.0006899740040098301,,,-0.025459678690685994,0.002724860288665143,0.004300471106885029,0.009320955954967403,-0.1423035983176697,-0.045586743320933265,0.019165323302883674,0.007987014184789754,-0.1241055875653222,-0.010230383439566726,-0.05155471799703848,-0.02972717913520928,-0.0013852751276861586,-0.05112946459254508,0.00094422337627309,-0.06272135267908152,-0.02129817444219062,-0.025370929411008936,0.009009789482803399,-0.025377124461107292,-0.0005443421081280375,0.0007511668164013052,0.006114794585173167,,0.012496173082274131,,,,,0.004144370999894953,-0.04458424507658654,-0.05450856406694471,-0.024234263854748916,-0.06167285017990942,-0.04987413467589685,-0.1837562702862201,-0.07406855439642313,-0.08858492102263471,-0.004633529907329348,-0.04169319268858662,0.017621726138161264,-0.08051948051948055,0.07000906644829197,-0.03131499545947214,-0.06676326431037416,-0.05837755875663386,-0.056430969569090106,0.01996167823696582
1998-06,-0.008177570093457764,,0.04743562388401634,0.023669836131903876,,-0.001009955273409413,-0.07359609347750262,-0.008289889753012702,0.07889066518384658,0.09868421052631571,0.007239819004524861,5.33954887775856e-05,,,0.03649237873250932,0.004148195019785472,-0.014345247061017474,-0.010740888013601069,-0.031181941322920737,-0.006944936574303839,-0.04710017574692438,-0.17803681879735023,0.07710194590625385,-0.016029070354294905,0.006873200600137741,-0.007957911490339975,-0.020156572297077235,0.1188695531451267,0.0012802371807829616,0.00200250748763664,0.010880829015543991,0.03658395940424408,-0.02773246329526924,0.0365897858319606,-0.005936560498453258,0.0010508929251757948,0.006353592196564506,,0.017232581058279406,,,,,0.03970534454835173,-0.08731749212711137,0.04534841187587646,0.0047473008952267914,-0.03721970419847331,0.010266600430534956,0.07953004970628097,-0.051504909061644955,-0.025370734321958244,0.05374523910283546,0.11639294949073742,-0.03744008291229428,-0.024653312788905923,-0.08676192233314872,0.04015967098100881,-0.019233511304044715,-0.1261406333870101,-0.021576290658032238,-0.038505351692870726
1998-07,-0.020023557126030656,,0.0020370747606437423,-0.01976284584980237,,-0.009676487579433846,-0.014683734939759052,-0.02974549006089855,-0.08291457286432169,0.09820359281437119,0.00943396226415083,0.0001056245661847921,,,-0.017493828211458284,-0.0018518543341685678,0.014939709938218027,0.0033121648074971866,-0.09284959977004736,-0.04296010847070564,0.0023361613180867824,0.17241801545072022,0.028661515736848164,-0.004246937896227099,-0.04675701254505549,0.025045679397477594,-0.11693955435184045,0.01920566243350863,0.03761776581426646,-0.09213979111273307,0.021014864172219427,-0.01749938410432872,0.016778523489932917,-0.017498132578948167,0.0010848245104593257,-0.00022495501919705951,-0.002470492461481788,,-0.0080911023987984,,,,,0.06374051555198235,-0.10633626097867,-0.1411629541286008,-0.014396056574948135,-0.06583291521875123,-0.04015735125389275,-0.013897028045207094,0.042677753266587404,-0.05261228230980752,-0.053012048192771055,-0.26128876426407066,-0.17209510991476007,0.04713006845708256,-0.021392334974484783,-0.0464588905686707,-0.08587351587109282,-0.021191646191646263,-0.1217384767918277,-0.12251763783642544
1998-08,-0.05793269230769238,,-0.1802249066455528,0.030577956989247257,,-0.011812746098876836,0.016431027894535655,-0.03899160659038092,0.01362838075166839,0.02235550708833145,0.03842159916926269,0.002437232557248814,,,-0.1504931479154934,0.022533891903187886,0.010295973385338941,0.030521793169149936,-0.10998009285409227,0.021996868242487366,0.0449582924435723,-0.022226864027800275,-0.044459172120509205,-0.10415378909630368,-0.19018145714949608,-0.1020825181513847,0.009270747654431366,-0.18260975429013027,-0.1738115312277061,-0.19833081296299837,-0.1380522088353413,-0.15048814617692974,0.029963522668056353,-0.15049336784212242,0.003032027846493923,0.009896759983100134,0.031090524110662487,,0.037497351009736724,,,,,-0.08200477101490344,-0.051246051246051194,-0.1253229754827232,-0.1589888556790452,0.007830993760401972,-0.03995901639344257,-0.15069190933016396,-0.07909512572219057,-0.03250773993808054,-0.09414758269720103,-0.0697164300889096,-0.08464289584913842,-0.04777470455116928,-0.007829524341104399,-0.08784072199524362,-0.015435862093339692,-0.08644493253843744,-0.05652296855007943,-0.12190920934639526
1998-09,0.04159224291911201,,-0.08508555542503615,0.013433322464949438,,0.04825855962219583,-0.06315789473684208,0.028296800628475616,0.02068750433155464,0.08373333333333344,0.014142857142857013,0.0034871887493008735,,,0.06459563979431393,0.025508776050060078,0.05038039004172945,0.030202477359238422,0.1050885105576096,0.026411790456734252,-0.14268944062921873,-0.0962643957196403,-0.07285495477270765,-0.034407415073943626,0.09395868113522532,0.013557352442744364,0.06059727056743469,0.19181080538520812,-0.004788444932883218,0.07531041069722999,-0.06057076295864894,0.06464113648049064,0.04249936756893491,0.06464634924261903,0.0029137338353248943,0.009720985433028018,0.03681963424294321,,0.03518707648159003,,,,,0.029845370108318114,0.14391416944136148,0.04761738401341531,0.044117665946977525,0.017389073109111086,0.07203842049092857,0.14574170331867253,0.03366616594503835,0.02279999999999993,-0.013576779026217234,0.21997250354151454,0.04185413213355438,-0.012146818061790299,-0.018194708815301608,0.018083363973660393,0.009889528048747653,0.19371458011334375,0.06003897337202346,0.14188655395797145
1998-10,0.048995590396864186,,0.060986048104082924,-0.013062222508204102,,-0.00957341968182468,-0.0040128410914928025,-0.00901791599257007,-0.07883211678832125,0.11318897637795278,-0.014509085786730491,0.0003691973994659481,,,0.07724242545207782,-0.0027184951903650445,0.007155066990074843,-0.01379607481911782,0.34828344515568777,0.17337219220926925,0.17116253594413244,0.046127314827250965,0.01913845770213829,0.06414501107591164,0.08097667986074675,0.04748483256102798,0.07032806741075492,0.038366034024657214,0.027764631645369908,0.04312297375316421,0.00805951642901448,0.07719894468541777,0.017552374019250916,0.07719342174686772,0.002796457095601834,0.00022047514025080872,-0.009264024664783599,,-0.019491409371498514,,,,,-0.0147650336023184,-0.0650064683053041,0.047850364787704214,0.09638515682854276,0.08144986581304359,-0.017587522814003664,-0.059151980457162745,-0.01829372542314922,0.01720766523269468,0.10631229235880402,-0.1731125815657304,0.022330814250809627,-0.05479818230419675,-0.024395221425095426,0.07127848184385077,0.05263344974363071,-0.11624226729966913,0.09285089087631726,-0.07425744244989163
1998-11,0.004437178888369919,,0.06872117569548086,-0.014017472943017362,,0.006112295664534528,-0.06849315068493156,0.006484868639840435,-0.04231010208970609,0.16976127320954904,0.01729559748427678,-0.0016584685115879072,,,0.05179722819239618,-0.010784019056480187,-0.024767552627695144,0.023683195642087318,0.022016351887635288,-0.06197370812382619,0.00637203320472346,0.0359279592035866,0.0759420112551994,0.06117378458232592,0.03968323995235368,0.024079901491312006,0.03568864607035516,0.10234741292699279,0.08027628549501142,0.043681880108991766,0.06765067650676504,0.051840228482237016,-0.03529411764705881,0.051845087377028864,-0.0002170162436659906,-0.004850805184790641,-0.010660287193396956,,0.0072969360523087445,,,,,-0.008063698143828013,-0.21999308197855416,0.0013012867887567392,0.0518220985548874,-0.0517789870238593,-0.0020266846816416884,-0.04247032640949566,-0.025252525252525304,0.033640907343329474,0.031746031746031855,-0.1708783635906067,-0.06041574032903496,0.05627828054298645,-0.04220638164352264,0.04443899598516654,-0.034232119943270134,-0.2360410223018069,-0.05306834514546255,-0.22312470835277642
1998-12,-0.031620553359683834,,-0.003245936289064333,0.00912517357667153,,0.009748516530093232,-0.04325259515570934,-0.0007659612814081562,-0.055416586492207154,0.0011337868480725266,0.008008992553041994,-0.0012083726593556943,,,0.06065431689907608,-0.00384509718167636,0.014362953485492547,0.015953791251241745,-0.035659921374098236,0.07853267889434257,-0.13958756898054026,0.06948279537376245,0.05196281872708153,0.0026788162585165143,0.10790741094350054,0.0442217768871076,-0.029712392499647522,0.17461538096390905,-0.07146916737709574,0.05708982622175096,-0.04550691244239624,0.06056468099549295,0.012607119314436366,0.060568271507497995,0.004677715191178544,-0.0009593386986818109,-0.001571078365832479,,-0.01398594113243723,,,,,0.21534843294646966,0.02394678492239466,-0.07173909204880546,0.01040035499878389,-0.024115380492019223,-0.01996953799289214,0.0276970753437924,-0.059496158656423104,-0.11121443183931567,-0.07401247401247402,-0.03642096348991597,-0.10209997042295194,0.023025435073627865,0.0012263960755325432,-0.09586548901082781,-0.0358388475625212,0.027061581078201558,-0.06117163816637927,-0.10731112153918343
1999-01,0.03577430972388962,,0.026354984474793453,-0.007142389096389534,,-0.001399188470686874,-0.034810126582278444,0.015330968556484192,0.005296394377673597,-0.14080785201962998,0.015751324226373153,-5.32049628663156e-05,,,0.028898470041919477,0.0008271327299949061,-0.03239478645345906,0.009909236549887845,-0.06988179768707681,-0.02778443113772444,-0.0029030515798001977,-0.11762115558439756,0.11095198205744872,0.010560417367889485,-0.03510216587832027,-0.00806038894575234,-0.0006901812633950399,0.1534544631599366,0.06893649579188987,0.004109826924190152,-0.09535304767652386,0.028906552350331793,-0.031084709903165475,0.02890440114903181,-0.0009506319541967567,-0.0004431962759332553,0.0002622558231073491,,0.0017119759695629622,,,,,0.010538050565815471,0.013858813339107767,0.004683261619700785,0.011333188347349754,0.05523208850575445,-0.010360904852357078,0.04278175650207294,-0.04017857142857151,-0.06068215107763131,-0.06421194431971256,-0.09784545847049442,0.007049212728111431,-0.05522114629678099,-0.08621239324127061,-0.06374139945475787,0.026935385898586572,0.05560165975103737,-0.0027149856055589394,0.29581248160141294
1999-02,-0.019239684747334174,,-0.05559928179649254,-0.026597148891235434,-0.041004566528636044,-0.03026481715006324,-0.06135831381733026,0.00014803410705810371,-0.06237082066869293,-0.032513181019332205,-0.02511321531494437,-0.001684142342415318,,,-0.03589299896046538,-0.02912647640732835,-0.03193748466902624,-0.035745481614498975,0.040211583247865335,-0.025622074402562367,-0.18450809127225942,-0.02747951250262659,-0.026512295381023065,0.0384487280902619,-0.056087008295955254,0.05193688464680335,-0.12082878953107956,-0.09749842337607728,-0.01875313148665092,-0.07880476556494997,-0.0740493662441627,-0.03589925351542167,-0.02553120013437471,-0.035896656974641505,0.002649164161674822,-0.009828486136767789,-0.038526683673920536,-0.01048524750060964,-0.051566841263400276,-0.004904006677796335,,,,0.055200549507732566,-0.09141392567278939,-0.04534576381578448,-0.007150663967856463,0.021697061741398738,0.0003489792357354027,0.06994397252846563,-0.033448787728847074,-0.1893517487190911,-0.04318618042226485,-0.09782852303845402,-0.035522700510270844,0.10027700831024933,-0.13983914504489603,-0.1046173044925125,0.04533335687548545,-0.047366352201257955,-0.13207384740602768,-0.0005841666497636844
1999-03,0.027416686362562004,,-0.014076803875353261,0.006847921893009534,0.02326325860231293,0.02066175408178017,-0.06736526946107779,0.0012137000088807692,0.03207123098201925,-0.0072661217075385975,0.002393018018017834,0.0018457174835675438,,,0.036686802662773355,0.004224167535187062,-0.024962353758832267,0.003334895170946872,0.11405933798355439,-0.0038558786346396534,0.017934241115908245,0.06608364977934311,0.011093621167828305,0.018602786408740135,0.02220353238015149,0.06976744186046502,0.05431516855481133,0.08906332494797975,0.10474870523014079,0.004693464611276843,-0.05619596541786753,0.036808343024346435,-0.027492889769887063,0.03680558160471126,0.0020058882526123867,0.0028381507249097826,-0.0005446561785901194,0.006776737309019287,-0.003358295123063293,0.004089336269267108,,,,0.02313837656573625,0.3601316408086508,0.0725326944511655,0.04830496802133921,-0.028315062006629144,-0.02965288679574396,-0.11722972972972967,-0.00788368997645128,0.058807364660621086,0.08976930792377136,0.21303934398160607,0.07528996812046396,-0.05085599194360524,-0.026246971298045763,0.05621370499419265,-0.028604727761027626,0.36765009284093275,0.12776646352538368,-0.039807437053754446
1999-04,0.041867954911433136,,0.10860893913778535,-0.0013468013468013185,0.057093696230251734,-0.007644394110985386,-0.16960941680042807,0.034548518715628695,0.03011139961470799,0.037968892955169364,0.011936525768852846,0.0,,,0.033444016641256846,-0.0026640550437073696,-0.01758984258984264,-0.010396915171668297,0.23183009476123861,-0.007805063773081988,0.002283849918433889,-0.0679712002756343,0.01895371537301993,0.0394190463070474,0.07548955076518027,0.03686864827691605,-0.0581706950417652,0.014119500666585738,0.053086827335754316,0.08670376214600117,-0.18091603053435112,0.03340304361354929,-0.028358738036157405,0.03340786246119798,-0.002313992659800035,-0.0011171531147849967,0.0,0.005017745685962582,-0.003110334667021597,0.002192982456140191,,,,-0.1401442122310479,0.010369858278603594,-0.05318185012185961,0.09913584729290337,0.027752246889515275,0.020852058241955795,0.08735170302334483,0.1444788441692466,0.015053205294575545,-0.04279797514956285,0.10187678879068596,0.0732984293193717,-0.023342175066312976,0.04308984083833911,-0.01330547613811306,-0.012180490349504414,0.11404435058078133,-0.08121252825550862,0.12846115474690767
1999-05,-0.015014351954073746,,-0.06042771191993801,-0.004720161834120162,-0.015042777583470057,-0.012981455064194014,-0.1423969072164949,-0.010645746702676262,-0.06431678659999185,0.08197443807844862,-0.015403830141548669,-0.0016075459827542549,,,-0.029367455758159244,-0.015627372697203268,-0.01884952876178092,-0.01860185703970263,-0.08737866004568784,-0.020145817344589423,0.102294921875,0.1692271728966881,0.043022748217490525,-0.048886700999697164,0.0016447997551927163,-0.029883193927558116,-0.016100154061819083,-0.03260162744512207,-0.045018496457458146,0.018016813144822397,0.15470643056849953,-0.02940332056551853,-0.008117475373951133,-0.029408057807839394,-0.0008522298215710711,-0.0055958642731619435,-0.02292695661467614,-0.004749147588894331,-0.018742456695754584,-0.0011461915181827376,,,,0.10367945469629358,-0.11084502223742732,0.0034295133450252813,-0.024329106323724314,0.01957241975367907,-0.06004578270822336,-0.09854817421909368,-0.13678990081154196,-0.0838660189209921,-0.012019230769230727,0.03350506669655662,0.04014105201292972,0.03068984247691464,-0.06547988104120472,-0.050856272521267454,0.01676656193066295,-0.09113067027758959,-0.05876861032929226,-0.10800848124311646
1999-06,0.0210715086303519,,0.05659181111547884,-0.013414634146341364,0.05123959041105719,-0.006070241364359075,0.16904583020285502,0.005892888092899673,-0.06269824027807958,0.0386965376782078,-0.027906976744186074,-0.0002641083678333045,,,0.05454194171630977,0.00022411359143914567,-0.006755663742036955,-0.023254571460409657,0.10822113534002997,-0.0009137784739899901,-0.07692875599852333,-0.17971703157473828,0.15578497023809512,0.009495560775570455,0.045940578935308896,0.05431479793375882,0.05534003865197712,0.10520311023908135,0.11253364848007363,0.038117223129328304,0.16545601291363998,0.05458559390511386,-0.015448275862068983,0.054588870132305845,0.001587147345577078,-0.0006007808710436491,-0.003082095927541051,-0.01578367796402802,-0.013301314446327983,-0.006885040684331267,,,,-0.059748491558824224,0.14005386687187382,-0.027011456220731755,0.03688459045646986,-0.012909644263655706,-0.03091045335331588,0.07301122498779877,0.20233991434242138,-0.08372871895060008,0.03309002433090025,0.004259374571166763,-0.04644592609334386,-0.040843214756258184,0.028202590860021637,-0.024383561643835594,-0.0027872996087393576,0.13915375446960643,-0.0004900154401091816,-0.1880685397505355
1999-07,-0.021514818880351227,,-0.04991239229052158,0.027537426177722812,-0.0437272237126729,-0.01512287334593565,-0.036632390745501286,-0.02650623169260813,-0.02350268867049876,0.22509803921568627,-0.018413803102798276,-0.0008979739390583275,-0.021702626760385035,,-0.03618453195231586,-0.005814209099733181,0.032689623080502495,-0.020841961482379823,-0.021323024392158385,0.05259031815509241,-0.05502679356954332,-0.10157915022899378,-0.026313671843566477,-0.01678136893376203,-0.02575851619263214,0.008213848259960965,-0.042426348714109996,-0.021744133292128764,-0.007317792859250494,-0.03528943847850452,-0.03878116343490301,-0.036114493685607485,0.036237975156439894,-0.03611861682115125,-0.002317659487312218,-0.0020288554808960413,-0.007869589919327735,-0.010815514669318849,-0.008088544699516698,-0.0038865546218488367,,,,0.0563502009420509,0.08909888626392193,-0.0601155421840992,-0.03191315681472762,0.03119036259541974,-0.026870288034022805,0.033657782225052335,-0.005212858384013863,-0.0865062442887603,-0.02873292510598202,0.04519245126663507,-0.06292960417160465,-0.0241758241758242,-0.015694037359464508,-0.05347615035904851,0.027551605006857605,0.05793879152498049,-0.00189230761098802,0.10926969052754631
1999-08,-0.017949293246578346,,0.03300617681609763,-0.009757401590590131,0.0547783291386883,-0.0035434814705449513,-0.08872581721147432,0.007079854862975354,-0.044623783527177774,-0.04673495518565929,-0.005169867060561439,-0.0019367281355571198,0.05117633698180368,,-0.009010321951095857,0.0008572439119352016,-0.013961173068979815,0.01589875615895253,0.022539520857227657,0.04096325719960281,0.2082099026661024,-0.0328069500261825,-0.08204545454545464,-0.0010429201764940998,-0.038057226375850184,0.021617951833059257,-0.0014238253440911341,0.05117287269794324,-0.0056477022769158,-0.03881038941568915,0.14048991354466844,-0.009013804606267106,-0.01865705272645346,-0.00900606791810088,0.00042138928806823017,-0.0014350383043270076,-0.0028585031295309538,-0.0015081060701268578,-0.004916355284357743,-0.0005272593061267372,,,,0.009633871957455575,0.08645801053610169,0.016907451708197296,0.014234815761718256,0.013955236828407935,-0.0057608263806118165,-0.047962685910410974,0.022794759825327526,0.12670890296765602,0.08971871968962164,0.0980916011755022,-0.003920576704185996,0.020270270270270174,-0.07022144198397795,0.11481732643892495,0.03378218557815771,0.07244405983434299,0.006642253043759094,0.056520279407238805
1999-09,0.01919122686771746,,-0.03132795304475422,0.023621515826415695,-0.00614069830720243,0.0031115720847534334,0.08199121522693997,0.017443393186677758,0.03587577639751549,-0.05305574210879793,-0.007869339272457365,0.0004252802375990239,0.006367318806291822,,-0.02731510195208353,0.004921833690657129,0.005620887155739718,-0.030775128517741113,-0.0671418626768503,0.024624373956594336,-0.048476357267950854,-0.08235977117212323,-0.09934952395957586,-0.033890138130420855,-0.03042699080567246,0.01262635094959963,-0.025707336166405748,0.006410112952264679,-0.001972976204711263,-0.00793511532237623,-0.025268477574226123,-0.02748791405550588,0.00560249816311531,-0.02750007161476975,-0.0034020952586671926,0.0025664249427501673,0.007000991952442082,-0.0016362492133418227,-0.00027422191684212116,-0.000633044946191208,,,,0.08026579688417979,0.09783228750713069,-0.05017203995010433,-0.045719949805339555,0.025170684964322954,0.16383616383616384,0.07570715474209666,0.04354880027324737,-0.04498372299496878,0.04227859368046305,-0.08849447629630525,-0.027869476891823397,0.11699779249448139,0.0016730201598929018,0.01707029616393574,0.020004085801838656,0.1093948126801152,-0.023028067964957488,0.044978483945713243
1999-10,-0.02533064335350821,,0.07408669746774721,-0.0009889892529832967,0.06397986029211644,-0.017577548005908383,-0.15020297699594043,-0.0030805107314053615,-0.005516381253897418,-0.0960992907801419,0.00044896737503741235,-0.0005853828508376457,0.08837462120697381,,0.060082169268693475,-0.004753682963577144,-0.014912825484344916,0.01409142486626691,0.04335908350412532,0.016758801280186253,0.039166605315467784,0.2152803940942727,0.06377608396851175,0.03401911886949294,0.041125889018363004,-0.007495164410057931,-0.01206651649281898,0.08837263971130138,0.029113999880189256,0.005365144249665832,-0.0071289695398574215,0.060079389043133924,-0.01908850123298922,0.06009013520280404,0.0005418585749119575,-0.002333984942955114,-0.003688989252833119,-0.004412506303580366,-0.0030170961892168613,-0.002956081081081141,,,,0.06550644187311283,-0.09586905689789571,-0.04201628825271453,0.035936899844338566,-0.01911692704855994,0.0027467811158798927,-0.07751138609607289,-0.025447999345389105,-0.025100712736287667,-0.02690008539709665,0.002332665035129411,-0.02207274864494213,0.026432806324110603,-0.07647248302931242,-0.0398101076555023,-0.009381283897999526,-0.11336242726517043,-0.07252996672159218,-0.0021455783347270607
1999-11,-0.00022999080036789632,,0.0640990985696992,-0.027851108764519572,0.09851975236836585,-0.009021199819576164,-0.026273885350318493,-0.0022092267706301794,-0.06448967779278414,-0.09454688112985488,0.0028421839940167004,-5.2296939699436606e-05,0.12000639261652779,,0.011081139738938983,-0.006297875264057451,-0.04446238419251913,0.007076485830244339,0.1531262088195473,0.018027814342127968,0.07594757350336523,0.30317263485452917,0.06930251133507181,0.053098056554856665,0.046120298720595754,0.03100748216460758,-0.037948762635064526,0.12000782228241347,0.025845509051749316,0.04769630744570641,-0.1599216710182768,0.01111535655979723,-0.04543761638733712,0.011114507210536528,0.0010614676414839597,-0.003291988305910265,-0.006178611466861161,0.002405976953273381,-0.015916939230411042,0.0001058873358745771,,,,0.012091664319909823,0.12385057471264371,-0.05054789353108413,0.007215711200567965,0.032830402722631824,-0.029960623180962154,0.005402887750349361,-0.0028547439126783702,0.028607755880483143,0.012286090390522197,-0.260678673060159,-0.07512520868113526,0.043802647412755746,-0.0034749583392541528,-0.013469848561529219,0.010675120499466173,0.14027891714520102,-0.08199034178245934,0.13050563367166412
1999-12,0.03197607545433634,,0.18220474702068667,0.012152070604209086,0.1117496063690595,-0.006068881808526605,-0.07031888798037611,0.017047263465601592,0.0037638566640887383,-0.045060658578856105,-0.015513126491646823,-0.0018618684233158156,0.2454004280745563,,0.0527991070333389,-0.00978691057730452,-0.0008850839220482243,-0.021604076061077393,0.09957168303321451,-0.008713739599730097,-0.09876868374267467,-0.06463398760284211,-0.007953072478414591,0.04421840111452524,0.05576359041522938,0.006345777357726234,-0.027519888893920763,0.2454661777774303,0.020541338024173017,0.11293542549023261,0.059052059052059125,0.05261602940671262,-0.003316426063207034,0.05261205309296768,-0.0014931348257468668,-0.0043083189529630195,-0.01666934367384354,-0.006442647801920054,-0.022834014012579562,-0.002541026998411966,,,,0.136358103055493,0.01508565584249566,0.01995251707931578,0.055001942080785016,0.0029381398005359216,-0.01147193787504408,0.040674511257296375,0.05498484338161003,-0.07447466007416559,-0.009969657563935863,0.009288938608049913,-0.02021660649819501,0.02444085773576221,-0.09886961706981923,-0.030622311668837,-0.00642543929840278,0.06300102774922922,-0.0040081586187269425,-0.02981755281907661
2000-01,-0.035220686580472504,,-0.024056876996954357,-0.00207928097122545,-0.06009370239143075,-0.0175545718210961,-0.04837291116974496,-0.0011525327262379426,0.14033285391411554,-0.05127041742286742,-0.010757575757575633,-0.0015986977541383451,-0.037693322615814595,,-0.05608728831825516,-0.011796582888454199,-0.042320329865025874,-0.01696438565952163,-0.0818181384832215,-0.05296886519593946,-0.06692481917147663,-0.11755673175202608,0.006931679769682342,-0.0991848819358141,-0.03372121466261324,-0.0031528811967531656,0.0023595156783606797,-0.03774488982442614,0.03224909646927987,-0.027845766974015085,-0.11445341159207634,-0.05605634354418643,-0.04580152671755733,-0.05605884579738152,0.00021671994365290992,-0.0068444658765698385,-0.01124693029329149,-0.0040686586141132075,0.014089313852913454,-0.0021229168878037497,,,,0.07902791380999008,0.10881612090680104,0.07579284397742603,-0.05204262333789522,0.0,-0.02053204784859841,-0.024928774928774877,-0.01564370660068648,0.03505843071786319,0.0967600700525395,0.12744225633653983,0.0252026529108329,0.07765023632680612,0.06827303459684964,0.08141664970486451,0.004348911564078017,0.10383834477424347,0.03118783982220097,0.044213841089504324
2000-02,-0.02564695009242146,,0.12102849812852412,-0.022449253931980162,0.09696357134519662,0.024704785581106226,-0.05730129390018479,-0.0026068747418053206,-0.02423423423423421,-0.02630320420851273,0.006586000918976653,0.001875325820367646,0.190589583503866,,-0.020699487141508155,0.007280373515149652,-0.006163963100313752,0.022214630861850493,0.08591515172491371,-0.028624468531049718,0.07164669955367642,-0.11938334375594761,-0.047329990322864335,-0.005579338189048322,0.07176696079849565,0.03606998654104987,-0.02621879452394238,0.19058884926502562,0.027955830864530018,0.1694459294004036,-0.10439105219552602,-0.020703246551187715,-0.004820512820512768,-0.020694900605013,0.0006391853095715216,0.002373249049756998,0.010414489099200619,0.004723605259798314,0.031186039979194335,0.0012764599510688424,,,,0.47747773302320295,0.18128123580190825,-0.018537244494685634,-0.07577163711238255,-0.026656007184199138,0.027889172438935406,-0.04565376186997805,-0.07289386199627013,-0.06322580645161291,0.009580838323353325,0.03191068763302374,-0.00589419206440478,0.036758563074352546,-0.09406013923863132,-0.013250517598343614,-0.012140262531172619,0.1460979241481999,-0.031345303284783244,-0.03609969547349445
2000-03,-0.018259426132321677,,-0.01817157105528333,0.009282178217821846,0.008979291765314867,0.015466262319939306,0.028431372549019507,-0.0001571069469836761,-0.006647585633828834,-0.05157170923379184,0.024193548387096753,-0.0009102983613467064,0.02171630363448851,,0.09024508599121495,0.014483426279054301,-0.012395924998307772,0.01629607386348031,0.02658081295423198,0.0713272917822576,-0.009133421014175025,0.032863820774232666,-0.03132791578169747,0.04466070918513099,0.07133096013361895,0.02568849051701738,0.021072218069625892,0.021682909367192194,0.016191574093481487,-0.07218167072181658,0.18223866790009247,0.09016318201396678,-0.005359167267855236,0.09016323994577502,0.00042224243211652634,0.0027700823235674576,0.028173629846389936,0.010038119440914706,0.03168307881301846,0.003187081695527505,,,,-0.16126864668727325,-0.021923076923076934,0.053571187546397114,0.0739466072038153,0.009636859722651936,-0.05266891292782394,-0.0123421354764639,0.008833304180514201,0.15668044077135002,0.04151838671411623,0.05723318658881538,0.036008676789587746,0.0547945205479452,0.05324335572864025,0.0674855987487124,0.0197085920694835,-0.059075277034772555,0.012549069468063223,0.12027252929268162
2000-04,-0.03937198067632841,,-0.018942754266033424,-0.02588732202466093,0.027913331096304228,-0.01493205913095419,-0.06863679694947566,-0.02228412256267409,-0.06961613532856226,-0.03107198342827544,-0.0035655920368445893,-0.001338728638889175,-0.14526104257980843,,-0.03646263851236131,-0.009359125786470468,-0.05098570069997166,0.0016727375549436818,-0.11409060496972134,-0.05955806191736679,-0.023892043359634352,-0.08203248775879901,-0.07759956147667946,-0.03273245708259287,-0.04472370513850177,-0.008928854130386576,-0.03770793097003289,-0.14523239184840908,-0.10653328520600214,-0.06665607120152583,0.10641627543036014,-0.036492000777252454,-0.03771629882913685,-0.036495641248170285,0.0019263443827581828,-0.0037095494423506903,-0.011470459216667006,-0.004151465593156378,-0.011516220776540242,-0.002753362278936855,,,,0.04215212763522325,-0.019858434919386547,-0.054481321421860796,-0.023310736080569328,0.009817906256268438,-0.023773867465368914,-0.01559624140269289,-0.022713480710879863,-0.03393867222387614,-0.009870918754745661,0.06275545625359968,0.016122278056951433,0.022154316271963292,-0.11412966778627676,-0.034414981059252336,0.004346337852144888,-0.01762508122157247,-0.07292193135836111,0.047846398685764235
2000-05,-0.01961277344732215,,-0.04436170212765955,-0.035107350164347184,-0.003346033492979017,0.009549795361528002,0.08802456499488232,-0.010358682153553733,0.12242757242757252,-0.0652057723142706,0.003876546891307564,-0.0014746922279986752,-0.1272958247971443,,-0.025856224991151366,0.0014525772186120278,0.027408637873754138,0.002681743212382681,-0.04217643327504084,-0.0003059413816313139,0.0200951877313591,-0.05102187023745952,-0.03666382450972794,-0.002645021907242362,-0.010253705016402659,-0.005495032107600495,0.005373646472330407,-0.12729710116133397,-0.10601950712760433,-0.065814119810646,0.13719943422913694,-0.02588803140713647,0.02121244750726814,-0.02589283913771201,0.0006480811397586717,-0.000554642695683838,-0.00029758913389132946,-0.00050530570995444,-0.008380015837869403,-0.004247637251778791,,,,-0.057107086769825455,0.22066198595787356,-0.030169727298183346,-0.024051706172367182,-0.018131655906858724,-0.009395973154362358,-0.010037394213737505,0.023241373192584014,-0.12080123266563947,0.031058282208588972,0.37696645041525567,-0.07184559379078237,0.0814648729446934,0.0036641124085963206,-0.040304970576261145,-0.032123580277247155,0.12906159570070286,0.07850882168198603,-0.10404520438325748
2000-06,0.0423185432162092,,-0.03594753052061306,0.011741682974559797,0.006751966984144708,0.011861861861862,-0.035747883349012244,0.009728947679225053,-0.16265408749054344,-0.03201829616923946,-0.00163374424476459,0.0037213856407092294,0.13013018964633516,,0.016793836717349908,0.014569322047529365,0.01608027837334358,-0.0005266895584189468,0.08757693922521548,0.010956053372505714,0.05324742649781533,-0.09181376451533207,-0.07239030146979941,-0.011458417685642597,0.0067789270307634375,-0.018921263130842636,-0.019705385172663625,0.13013043717902928,0.07462879276952883,0.08439510763566105,0.12997512437810976,0.016866222697629496,0.026043863348798046,0.016871959424490157,0.0012737340918167472,0.007619047499352716,0.017597671937901405,0.0015166835187057082,0.01797386981609761,0.0013863709075399022,,,,0.11169735723353935,0.07263763352506158,-0.16389579666005383,-0.012582075028325312,0.019759025311334,0.06078203639179236,0.013220675944333848,0.0032076289553533144,-0.004907115317209998,-0.04425436965414653,0.031669079196171346,-0.13009694368385993,0.03178991015894961,-0.13418834621672682,-0.047435403008098787,-0.007804055160666956,0.15626830697129468,-0.05291216260765008,0.031431591994458774
2000-07,-0.02952755905511817,,0.04633327238960372,-0.011748692599756527,0.009860172849318172,-0.0019290695948953607,-0.011707317073170742,-0.0050296074274434055,0.09109268707483009,-0.18842291789722387,0.0031240702171972945,0.0012350867063462,-0.05239822140303074,,-0.019750708627080393,0.0018936459169522912,-0.02923015722019473,-0.0031649676065566013,0.039475178199709804,-0.03687110250045389,-0.10146252285191948,-0.011433537368699342,-0.10808153823912103,-0.0025189432725784,0.012490487377162962,0.06024885396201696,-0.09498940730157157,-0.052397098333089365,-0.0907725579718851,-0.03175270208939163,0.22619702806824438,-0.019891549993552693,-0.02353303874216428,-0.01989006514657976,-0.00010780625060646809,0.0016540644629670087,0.004125032053911459,-0.0015143866733972056,0.012841085865339608,-0.00191693290734829,,,,0.26390562301591447,-0.10004596292324186,-0.07918569678066167,0.0021803488163114615,-0.004050479444505761,-0.04963503649635048,-0.008829588933581878,0.06126857932941587,-0.03557590700951041,-0.08054474708171211,-0.15581935769625344,0.026541897065078812,0.06848626925653045,-0.027957541202999203,-0.07473684210526321,0.000957387981479485,-0.1307789740341989,-0.09216624234227067,-0.021959340053440468
2000-08,-0.004817444219066824,,-0.001646188934667392,-0.033200434940195644,0.011742912371133896,0.012340172465060917,-0.08588351431391905,0.009801472425092994,0.055236239649293584,0.03493449781659397,-0.005338869939196411,0.001798607154898768,0.13187820912895476,,0.057152743022731434,0.008346129673610925,-0.04408751581235415,-0.00864715724903875,0.011911870605464836,0.018669851646970104,-0.04742155098208001,-0.132054702370487,-0.11281486044023725,0.05471492803909084,0.0988055750723027,0.024830142063001936,0.022156894768359692,0.1318785090437944,0.06845061116617113,0.06135203638762543,0.015260323159784539,0.05720201082967491,-0.0447274258050937,0.05719765421071954,0.00010781787404723353,0.0034594584131633077,0.012643306642081242,-0.0037917087967646035,0.018381754823894036,-0.0005335040546308178,,,,-0.12087602374084017,0.1937351038474635,0.017958783714304705,0.06497649991624721,-0.018835246922119242,-0.0038402457757296116,-0.011679699099277352,0.011562576337431851,0.005478451424397512,0.1671603893355904,0.2691481151730388,-0.08386508659981773,0.01222378937470614,0.040454905510920014,0.11236545024940936,-0.02652561449220392,0.22579234972677598,0.011223153985616463,-0.07876221003978756
2000-09,-0.05987261146496814,,-0.06444540656060871,0.01664542250880996,-0.05508992114414901,-0.0024966955500074217,0.002159827213822796,-0.02245408772083013,-0.043159158050221524,-0.04641350210970463,0.006858506038467382,0.0008054248964495248,-0.12994758323001643,,-0.05831195169991288,0.004840735014229214,-0.009030334094403902,0.010258282610401404,-0.08842809075731306,-0.018080839247145986,-0.019962211451573175,0.04140318120166975,-0.04096174224430882,-0.06157050533364483,-0.011137877706400179,-0.01940694310511082,0.02204942479761418,-0.12994671965046511,-0.07748438562859439,-0.031438105208060785,-0.10035366931918654,-0.05838392968253647,0.006059270684146689,-0.05838627284039566,0.002457982513826007,0.002663115496702284,0.0014051436847231091,0.007612281146917033,-0.017734832115370636,0.0038432795985907653,,,,-0.0054217662700133396,-0.07059326868225901,0.006363938868157781,-0.055733812962952656,0.02032472183215761,-0.01831148804934457,-0.019228843264897377,0.0284955324800773,-0.030512168543407214,-0.00942712110224797,0.06059714766302271,-0.023156942559927618,-0.021365536460752343,0.019377526419779967,-0.028715285972779503,0.02975555216750525,-0.04380646695197343,-0.012115106147107424,0.10331314430967664
2000-10,-0.03794037940379402,,0.03637222949754326,-0.017995427391400476,0.018053061558532812,-0.006772673733804635,-0.05280172413793105,-0.01336806847785632,0.007043272709730264,-0.10914454277286134,0.0014808233377756608,0.000321214911329637,-0.0886497730343414,,-0.009291211519364517,0.0013985911532390372,-0.03842536864279267,0.003089350221992637,-0.04484487838595275,-0.013448969331322336,-0.047359597652975594,-0.1036086702806931,-0.09951992684599553,0.02090895890808775,-0.0441059264049084,-0.0041180086047941655,-0.026958485322216563,-0.08865085460569067,-0.06200563078160615,-0.05100145235923925,0.04766584766584758,-0.009285987549125352,-0.041283399036355584,-0.009285341679707848,0.0007527934012281357,0.0005468318702404051,0.004833177121417842,0.0018886930244270683,0.012036690088185864,-0.00010634903754125347,,,,0.0939997535054371,0.05524014116924958,0.041715132585039116,0.023112988011894986,0.017167334530882927,-0.0380914981346947,-0.03431022158684771,-0.0781873679267433,-0.07343574372424133,0.0018301610541728852,-0.15137308410749195,0.026113529030465932,0.019933554817275878,0.019809374777722377,-0.06325935525676318,0.0282952909726506,0.06384036799900539,-0.03867903147982965,-0.05581292820547479
2000-11,0.010704225352112795,,-0.10162937627666147,-0.017273751408186322,-0.08076994008634752,0.024458938630299576,-0.07849829351535831,-0.007921299998491227,0.038035928143712594,0.022350993377483475,0.018778648528759545,0.0017910385473227652,-0.23333276449783902,,-0.08245052404728648,0.013808160481237897,0.02585819070904649,0.019755825455970433,-0.06562489668624583,-0.01751815517900368,0.10840299164100298,-0.09945090195486461,0.036642125751036536,-0.05307109332141324,-0.07433219016455339,0.024254767635623065,-0.008068835017315812,-0.23333216978497628,-0.012863574644465081,-0.10250204648183092,-0.015009380863039379,-0.0824194341079828,0.03609366076527687,-0.08242066835158668,0.001493708157365825,0.005769165187405445,0.022331780147123892,0.01219052406685961,0.027850186573178837,0.004892576047649477,,,,0.04730748565783305,0.0029082448742183686,0.010457523749064723,-0.053256897251825364,-0.0045155435768974295,0.01612573994692812,-0.01882203658665549,-0.012480896586856804,0.011726647796198808,0.12751187431494326,0.4709062497501235,-0.08401768793430198,0.04808438033193729,-0.02563208369659986,0.07600518806744483,-0.012254529456465213,0.06427486268552074,0.0009144817018105211,0.05638963259188978
2000-12,0.05713489409141581,,0.003712007445165977,0.04700038211692781,-0.0011008768432613225,0.006511358703516157,0.03950617283950608,0.022524029687309932,-0.08879043795283592,0.01538461538461533,0.008417997097242447,0.004429668596449998,-0.07790567292416162,,-0.004629187092897835,0.0142310707526776,0.07534272694339039,-0.0005191158604614943,0.06875186740261996,-0.04246903974583405,-0.034849567357307265,-0.08577175723669739,-0.12481632653061236,0.0018882094195902255,0.06665420370150077,-0.013708122439141879,0.0,-0.07790522587799875,-0.06016071816404833,0.07294682158861088,0.046190476190476115,-0.004598633417756348,0.06581413295116323,-0.004590665646518777,0.0014807502467917288,0.007360347665433364,0.01774340943624808,0.013781971691085193,0.019178102155324783,0.007408975444538557,,,,0.16680595434122436,-0.09525880817746846,0.05102286941937373,0.028227527731864432,0.029536026200873478,0.0010044194455605115,-0.025864856126737834,-0.0030091995529190063,-0.03277378097521988,0.014581983149708266,0.49930898680747626,0.0386206896551724,0.016871392629865367,-0.048443092340730076,-0.010045001607200232,0.05233109010956971,-0.19770506204018878,0.021004364987406543,0.002648482558512466
2001-01,-0.016873187450566873,,0.046539316608540826,-0.021678832116788338,0.005585124873504155,0.0010063254744103745,0.345605700712589,-0.00014873648357216496,-0.014788554064320003,0.014354066985646119,0.0038860103626943143,0.007862894167172563,0.09960200235962202,,0.028459913296383643,0.0051297447834315335,-0.009548126279954272,0.0023380098698744245,0.057705111604843706,-0.02038190682556895,-0.02821187695344618,-0.027456912357902485,0.00181886018095323,0.01452037778682036,0.015311568917993013,0.0034517518404251213,-0.016808839938091458,0.09960004796602862,0.006162378678169711,0.04510930829929949,-0.02457897132453346,0.028388039049888514,-0.01706661150186184,0.02838585703305152,0.0024428396940021635,0.007229656255428374,0.00342720572463584,-0.0008573178199633436,-0.005376327373590062,-0.00010506408909438658,,,,0.10513998808612057,0.043269230769230616,-0.09816992138507441,0.0022991129182206027,-0.0759181595983267,-0.029299618703592212,0.03883172917358113,0.003018282166264319,-0.021074380165289175,-0.1280740977323538,-0.3860914718998728,-0.09846328969834939,-0.011643137825643968,-0.07108871043574749,-0.09858754769055922,-0.00623340644118664,0.11756655033189634,-0.023256809048965654,-0.03629466618790467
2001-02,-0.04210244033252886,,-0.08644262328091334,-0.01148996493322385,-0.10653177029719185,0.004739336492890933,0.09620476610767881,-0.025006322240899603,-0.09566647817817309,0.10691823899371067,0.003297491039426559,0.002235873190783,-0.26733037336245735,,-0.09540928281298977,0.006728222866670075,-0.011770497672753288,-0.004804323581865999,-0.08174188393410642,-0.012787723785166238,-0.06500211595429539,-0.01200688127444971,-0.09892463106931704,-0.06214772751261333,-0.061342665243864225,0.008858447488584442,-0.013856347927954427,-0.2673314644582293,-0.05971520440973821,-0.06979170350461494,-0.0639290713952404,-0.09534096260361924,-0.019151846785225746,-0.09534131083091058,-0.00042752399478407366,0.0024415393209535896,0.010145432786992314,0.0030644765873988344,0.01478023957101926,0.00010507512871704705,,,,-0.2000346513687291,-0.0039938556067586894,0.026790945406125255,-0.03661210660217351,0.03089068918825877,-0.0006202191440976002,-0.07199148029818958,-0.04324649643194911,0.06753904601097505,-0.04908424908424913,-0.07667351927384114,-0.018202861952862026,0.014872625533794759,0.053732310246391135,-0.00814984916025041,0.059224842219382845,-0.035270344743126514,-0.03150171708071503,0.09886303269979924
2001-03,-0.0778275475923853,,-0.06827198589376238,-0.01924673560268708,-0.04509356039653911,-0.005574614065180117,-0.056360708534621606,-0.025800250221232224,-0.1532514779445201,0.08451704545454541,0.006287510717347677,0.0032003394230264437,-0.18040210039026516,,-0.06833397233609584,0.004312913642508187,-0.04761559711969576,0.00025800635690353957,-0.13092191288852528,-0.07295896933202628,-0.020186475966325723,-0.08497417977554889,0.04866707997520159,-0.05159024917280031,-0.07880966312797788,0.035152831839715404,-0.032408352668213514,-0.17936583678812046,0.013027194268034448,-0.0535099891649401,-0.13808574277168495,-0.06833955778828038,-0.04248471194077885,-0.06834273817097236,0.0016894420564146362,0.003348808724083163,0.002507382431363503,0.007210069656605089,-0.01038876404598188,0.004097499474679411,,,,-0.11639193037340079,0.0564466378778532,-0.08651773466588275,-0.059976668721313464,-0.019084351833299817,-0.03909805544062883,-0.048657333027312344,-0.06371315600287564,0.004744958481613271,-0.05277349768875195,-0.04958741728632032,0.0,-0.10766105629715617,-0.13460910331046927,-0.059787543126929354,-0.04616070710541509,-0.04938114884163758,-0.07859109502831962,0.020075804626835225
2001-04,0.0561627200971464,,0.0780294517712461,0.009311990149299731,0.08965289553851474,-0.024004599683771555,-0.09470989761092152,0.0256847974189911,-0.017857142857142794,0.13621480026195165,-0.023998863959102446,0.002301077322564682,0.1753773459884569,,0.07269705603038945,-0.013179338148932573,0.009091946589568911,-0.02509474626336894,0.04085441386515942,0.015483383685800378,-0.035846267553584554,0.01737396381836187,0.2511577495319737,0.06275068233060388,0.10537013847298615,0.03244330437824283,0.05394310268756364,0.17389773545650966,0.08969619032309928,0.07336519922879181,0.16772700983227318,0.0727848381918641,0.0034733893557423734,0.07278854254422917,-0.0005230572160547231,-0.0023515132475080414,-0.02280418126508954,-0.019776753215238974,-0.03569281760218479,-0.009312545777963699,0.09240317114973728,,,-0.07526666969270568,0.19605839416058402,-0.014461388974768341,0.07789653030899157,0.025305395269139108,0.02002152852529604,0.0057901085645355455,0.007198387561186292,-0.06178669815033455,0.07116714111427402,-0.07546509281445013,0.016825634980173643,0.09967479674796742,0.006038942297018179,0.020375645792091168,-0.014102966988326804,0.07504840755825581,0.06875509585544215,-0.02065156935471657
2001-05,-0.013222190284564506,,-0.02030896842290053,-0.009226077011056155,-0.02960149398439904,-0.003976435935198919,-0.05183788878416584,-0.0004580782092196145,-0.11401230348598779,0.0818443804034581,-0.009311799796304365,0.003785111817897313,-0.034019027327970686,,0.0025895268027089635,-0.0019347311184788607,-0.047293221744703295,-0.007336498722528062,-0.009327295869235752,0.03376719970249176,0.04858183211958611,-0.1132633844498252,0.09265238620255167,-0.03492708635744424,0.01902901144367619,0.01973517038877426,-0.026537558471815048,-0.034023621582073615,-0.07501106357869891,0.0202076901487509,0.005943536404160454,0.002471809794649671,-0.03673514962036628,0.0024716258999941676,-0.0003204067029082269,0.0008414229912354632,-0.0019516139603961147,0.0016091100383710533,-0.0028169645911567676,0.005175327418673437,-0.021922283356258565,,,-0.06741341396371625,-0.04308556084462345,-0.07108240129578292,0.016017809632404845,0.03862606318515627,0.0059096665259603665,0.011873350923482962,-0.025061940156279716,-0.01845637583892623,0.08162490508731968,-0.17960354831726533,0.024662731871838206,0.013751293804524778,0.017721183766248094,0.02966923768513685,0.04651361668053089,-0.023042047077821093,-0.05737012487742932,0.039287442535688166
2001-06,0.007864841246723042,,-0.017650155110817467,-0.0013852547329537002,-0.04235486462168159,-0.00576667159544586,0.0377733598409542,0.01584149340828911,-0.05014658231754354,-0.06553010122535963,0.005433984432368755,0.0005717843627146557,0.013080628997138355,,-0.027903485728161814,0.0,0.0035415388876798293,-0.0037363039652670293,-0.01695058518242243,-0.04813295920569827,-0.05766243260531845,-0.026597896440129443,-0.08259757108364274,-0.030845771144278666,-0.007894821641478367,0.024530704911678525,-0.06536656507675342,0.013082995399076092,-0.027828721792520494,0.02998624484181578,0.1107828655834564,-0.027939272490372202,0.0,-0.027945444950194687,-0.0035790215916495782,0.00030476219664654636,0.001975682053485084,0.007043994068215431,0.0075329643042254535,0.002101502574340719,-0.03672248102897657,,,-0.06919165868395849,-0.19579081632653073,-0.017119700060649556,-0.03755264991370155,-0.007613739896742966,0.016575744859420816,-0.027379400260756248,-0.06783305639722415,0.010256410256410442,0.051597051597051635,-0.22530082381256744,-0.038983748199958757,-0.06971995332555436,0.024351635007372474,0.06718749999999996,-0.006381303301340235,-0.08442466624284806,-0.07449936864941831,0.08235278901402343
2001-07,-0.0008670520231214285,,-0.03704041498033395,0.009479038224414538,-0.024479307145799822,0.02394408090422373,-0.007662835249042099,-0.0107672411200338,0.008122157244964345,0.06043329532497155,0.01752848378615246,0.0029114974786972336,-0.08313171161936994,,-0.013390863328412994,0.020108859075195218,0.03065730846575443,0.022769432101869436,-0.05973254916628512,-0.0058201058201059475,0.00892164468580292,-0.11197031539888691,0.03594296264288799,-0.020963659806122026,-0.01809146420683383,-0.006647929953518594,0.011062876347850414,-0.08313094679749422,-0.07586942257217844,-0.05633903133903129,-0.15292553191489355,-0.013319194061505835,0.03767242378578883,-0.013318290169065827,0.002852057555807974,0.009901743655851503,0.030031855552342446,0.008712725487790118,0.03707162807431197,0.0025165146272412287,-0.04358967534911662,,,-0.23077445037546374,-0.015543219666930952,0.10900204751353337,-0.0033131003194849518,-0.027408218707384524,-0.01754385964912286,-0.02278820375335122,-0.04340987731991197,0.22715736040609147,0.02970627503337786,0.03902369688179941,0.29498019907952466,-0.14299153339604886,-0.06274476597726453,0.10235983119455683,-0.0190948988060079,0.019025135397861215,0.0794570094313709,0.02154533722097418
2001-08,0.04281168643332367,,-0.11743186607629108,0.021833727765478095,-0.08260008264261931,0.020188816267247667,-0.009652509652509633,-0.01210057462527736,-0.0970834676119885,-0.008064516129032362,0.007177720356014827,0.0018141217725018421,-0.1302429977814754,,-0.06603701203044432,0.008016036763553558,0.041194024140635443,0.011358174876183735,-0.09809587603647751,0.0497985250513191,-0.021049596309111962,-0.029031772826795255,0.0136887608069165,-0.03443566481318894,-0.03625417617677207,0.002992545840361238,-0.02734467748318159,-0.13023880067867,-0.09585515221443153,-0.03575741565401169,-0.0026164311878598134,-0.06599028416663089,0.036416443252904385,-0.06598574535950408,0.002533892143865346,0.00438461879479668,0.010343911249962812,0.006447688564476861,0.019603206130396567,0.003451521807342317,-0.08725293771565767,,,-0.02065629686259518,0.11374254873529877,0.004603021048704692,-0.05175692085164163,0.013723206350433115,0.027100840336134357,-0.01533857089412638,-0.008111366874931636,-0.12237159600137881,0.01296596434359798,-0.288943986684967,0.00471113315150018,-0.06622758873033308,-0.17617165443252403,-0.05172077034259159,-0.010144894397061122,0.059825565549195936,-0.01903297635457535,-0.03199024413068641
2001-09,-0.07295423023578351,,-0.17909506754128257,0.012551363466567045,-0.13461194534049592,0.0037015945330296507,0.13547758284600397,-0.01798848982857848,-0.10493441599000619,0.03143631436314376,-0.0005701254275939371,0.009835394832090172,-0.20867750067255852,,-0.08519744678753627,0.0212389366806105,9.186026216800869e-06,-0.003560204855901361,-0.10201515804415606,-0.010211471610660716,0.005694648993618268,-0.11131958549936316,-0.20802005012531344,-0.08693675489997976,-0.12848807276471608,-0.02929369643050883,-0.059034134830546314,-0.20868223373900885,-0.0904093452439384,-0.13880354591886657,-0.13064008394543536,-0.08528030930682129,0.028669971976719166,-0.08528323422743433,0.005673516833921699,0.013939120061075005,0.021420187811166835,0.005076755711350245,0.0017803375456799664,0.005628517823639934,-0.12182555409896045,,,-0.2153783795955745,-0.1410386228844206,-0.07642634609937993,-0.11777102731543643,-0.05306606984355178,0.06320310902024939,0.11043566362715285,-0.05094485578516961,-0.09230164964650434,-0.054400000000000004,-0.18865650611889717,0.1739881539980257,-0.026057993730407403,-0.024098697738176855,-0.071513903192585,-0.10143376351372169,-0.1492220650636491,-0.0631486785926606,0.012963393744580998
2001-10,0.0260323159784559,,0.06193215242826322,-0.010403600678816516,0.061937182592988194,0.03177304964539007,-0.05579399141630903,-0.005374743406929228,-0.14275745189911282,-0.19180241723594327,0.03080433542498562,0.003844638321271132,0.16511058367277553,,0.016289804055388935,0.015453496475495543,-0.011013944259704922,0.028409837193447585,0.005610222884628424,-0.02575546937879547,0.1653812359660256,-0.0910957444747903,-0.07217079161156237,0.024315352697095394,0.04129334619853098,0.03685592936179738,0.026893808370805905,0.16510784219937746,0.06421325275199652,0.055648972914015715,0.016294508147254083,0.016283235714429578,-0.009115674769488713,0.016292151791734044,0.0024071855017444577,0.009214535410074332,0.025136461041732616,0.016115453998797324,0.04680102691248189,0.006529850746268551,0.04849356510526448,,,-0.11372594038189254,-0.12984169754125974,-0.04195799430292635,0.023640070097636023,0.027666279457600584,-0.04597922277799149,-0.09625912408759119,-0.04145319049836982,-0.0025962786672435456,0.00879864636209815,0.3078107624694979,0.18863429332212167,-0.027962180647757018,-0.11211933925160134,-0.042814676782465866,0.011140151677449861,-0.1129751379127939,0.08310334960910448,-0.05791231732776625
2001-11,0.03878681831437736,,0.08855753546917788,-0.019832985386221247,0.025324256435575787,-0.020071487489689233,0.3109090909090908,0.009862305826007445,0.263053843470171,0.03836150845253572,-0.014388489208633226,0.0029960702912241732,0.16727636235917087,,0.07470929205103727,-0.016509735327266517,-0.0033437671251962398,-0.010915294335876013,0.12781419867705823,-0.011565903116785514,0.01759235988941943,-0.0158554257949024,-0.08648951333740584,0.032569067487644876,0.07244704992435724,0.012180990109682766,-0.05479999999999996,0.16727720583591243,0.02342561606327953,0.07546763673935031,0.13954869358669852,0.07476431910005532,-0.005181347150258975,0.07475839670468964,0.0015656736628300028,-0.005324382271986505,-0.030090919607016153,-0.011599005799502793,-0.05142373859913374,-0.00473689630316132,0.05228155316844263,,,0.10651526272613432,-0.04877104702922397,0.015819610911548265,0.08707191718933371,0.03760387230351703,-0.02298850574712641,-0.02410398788490664,0.15670553935860076,0.04034707158351414,-0.017779268701777817,-0.23846897827614677,0.11318752579142854,0.08940397350993368,0.05103622844486644,0.017752850653564467,-0.00172888681723804,-0.09200886011245524,-0.04118429069960661,-0.003390506581571695
2001-12,-0.022178551375631628,,0.033686263977042996,0.02327704244637152,0.03345775865705014,-0.009960718294051762,-0.021497919556171974,-0.012121684867394622,-0.09363778657582178,-0.03256105197244841,-0.03074115665356536,0.0007650212812999602,-0.013216246493412576,,0.007005023555624934,-0.009795316121660957,-0.004454675078981896,-0.02950399832749695,0.003503112979438061,-0.06291315249601104,-0.06355478719025276,0.0,0.09963778211200891,0.0005492349941154107,0.049849235598032005,0.017598977608562327,-0.03227387130543247,-0.013213213213213226,-0.02843836702338487,0.05982426995977019,-0.0375195414278271,0.006919490666519312,-0.011479591836734637,0.006918980671076547,-0.0016688495500444267,-0.0032046503005610516,-0.016946681087127935,-0.015686744102502703,-0.020795722302057063,-0.005069839627522055,0.039367813508581095,,,0.27581161229904794,0.03580874872838247,-0.052153575755029435,0.013418876640094224,0.017748415801537076,0.014860681114551078,0.10371136686926175,-0.09976895610165937,-0.06255212677231026,-0.03790983606557374,-0.06878698783175818,-0.06672668537838278,0.10030395136778125,-0.07604310915768575,-0.050052375096779955,0.007479349016478398,-0.0021580033777444108,-0.0017287083349073473,0.03257827712500516
2002-01,-0.004880849842090251,,-0.010406979924511672,-0.028991971454058962,-0.03756117635455247,-0.00226725237352976,0.02551381998582558,0.004769199185130191,-0.003149126371393751,0.028478964401294604,0.010282404055032668,-0.000305995523848801,-0.01894758569572208,,-0.016313000596020588,0.0023623180562331036,-0.03491692019658321,0.017284173545013992,-0.05647915514406243,-0.02529798102651426,-0.05213186813186821,-0.023819835426591607,0.023615263771347594,-0.015736093684650676,-0.006869562296348608,0.00439560439560438,-0.0049944761554041595,-0.018944690277617804,-0.04140744518103012,-0.012048647831998771,-0.1369788846778559,-0.01636089124765505,-0.03473118279569898,-0.016359693667481134,0.00021159990689589847,0.0018691582494576586,0.006984705130900437,-0.0018248175182482562,0.012927053326394988,-0.0037437603993344393,-0.0399266512126768,,,-0.17633385836404503,-0.021017481830681417,-0.014354208376120003,-0.006119732857694404,-0.01918226329511019,0.010982306284319732,-0.07955477445811365,0.11304246383574434,-0.02135231316725983,0.055023074192403154,-0.16437955484491773,0.022981331214889655,-0.07596685082872923,-0.047308744949823955,0.018937577907757186,0.03467540784683831,-0.042595204513399154,-0.01037908246507091,-0.007924520175840777
2002-02,0.023369878822850687,,-0.01451017785332287,0.006507426121574067,-0.0031238625641824003,0.011646073000994184,0.07532826537664139,-0.010451866404715071,-0.02883929481300318,-0.06544996853366902,-0.0007167431192661722,0.000843126529755267,-0.12423491832753153,,-0.020791660095782705,0.011649498821994397,0.012842523885736368,-0.005667654354050922,-0.030913119938173694,0.007154146909574832,0.06881840103876824,-0.03511535048802128,0.1573840289123225,-0.005656769533117334,-0.0003044191513469352,0.009013233302073598,-0.04154426221924079,-0.12423568338568503,0.06373018406213427,-0.028864166379936496,-0.013174404015056429,-0.02078197531093884,0.013813077865656886,-0.020789730710199406,0.00021155514184778568,0.004400178099402519,0.012859600768194701,0.0019500304692261494,0.01214043057424119,0.0014613778705636626,-0.010869761072471174,,,0.009598603839441555,0.05156500802568198,-0.02570867499138041,0.01948124112175864,-0.033798677443056535,0.05029169181251247,0.06555498981670072,-0.025888271669636254,0.009545454545454524,0.004374158815612539,0.07298146876423517,0.12358553361437763,0.08856502242152464,-0.04551983584131325,0.014115654260574928,-0.017542573725231603,0.09654291887644884,-0.05280630490816607,-0.009029709356230042
2002-03,0.03326755004228921,,0.05631511786069843,0.007225983114018231,0.04642696358370646,-0.030605082128316807,0.03020565552699228,0.0052731893265565155,0.06358866736621205,-0.03838383838383841,-0.021517716253048325,-0.0032725056529112617,0.06703904513860448,,0.035702176713908074,-0.024823734979574907,0.003409341211848549,-0.02013463806038518,0.06647028028459734,0.005699182291236671,0.01926414439430757,0.23541853461158224,-0.049277098126443764,0.031943591250233716,0.0698008830843666,0.018459234780812794,0.02797152166043193,0.06703682430276348,0.07411482296459293,0.07843870561373123,0.04195804195804187,0.0357865536798303,0.008240852653554454,0.0357936734112283,-0.0011527316567609969,-0.010255258458117145,-0.03274818402206581,-0.015204962899890484,-0.046158566013502655,-0.00740045861997074,0.03032166099672562,,,0.04880560510491194,0.20644915092539584,-0.024094531802935748,0.025858905505284246,-0.0346175352270186,0.018387282129860294,0.02938716999163793,0.05971594577146533,0.06348491670418732,0.06097152428810726,0.37407509536283845,-0.014859794628751977,0.07432200480604179,-0.010641728474685697,0.08175196028395115,-0.05656826904744139,0.19516345723242257,0.03261003780323324,-0.13311888453246312
2002-04,0.010368349249658904,,-0.062180567908773465,0.02424105120072495,-0.048439003238526346,0.018682114409848127,0.03493449781659397,0.016747772230297775,-0.1208563535911602,-0.018907563025210017,0.01143527342031958,0.004770903580559205,-0.1229883587053856,,-0.062649360002619,0.022292510690234302,0.03571462658076818,0.008741607976437527,0.0451692160563224,0.03104467805519051,-0.025881151030137883,-0.11016617972718978,-0.03014487537118693,-0.020653777467194545,-0.00664168129417908,-0.03553955740322945,-0.06273184016528144,-0.12298886323671909,0.022907160815718308,0.007300735549106596,-0.0018303843807200293,-0.0626524809685407,0.04293809938971216,-0.0626478842238486,0.002191658990566392,0.012176675512846291,0.030349236736046503,0.010128458498023907,0.04234320904615352,0.0058804998424866195,-0.04505010232632156,,,-0.085880104500903,-0.017871263640676815,-0.035544239137289435,-0.04260657957447089,-0.024239931884922572,0.01805529433891273,-0.025182778229082103,-0.040613260229464876,-0.023708721422523338,0.007578149668455936,0.1420675471136359,-0.21653720871961912,0.026681578526921212,-0.04621179197450376,-0.024619343770105107,-0.033055382263265654,0.030500599520383753,-0.08194572518574894,-0.13967087428754998
2002-05,0.0561706724277613,,-0.04950102625805075,0.0009584900095849225,-0.03891461994966128,0.012510662496445724,0.0584689572031345,0.026836772749875504,0.12860509482661864,-0.09707351891506066,-0.001884331062472766,0.0016106787671528178,-0.0550790594550441,,-0.009054159063326628,0.010695731588168833,0.03670392657371657,-0.0031225592628795207,-0.013043742775445621,0.03234028994742699,0.029103303618248644,-0.017985235376539732,-0.017814065689367276,-0.01992653082798168,-0.018561854275116585,-0.021762556837595537,0.039326687039727526,-0.055077030095955104,0.01511151570323177,-0.04616862055844462,0.10024449877750619,-0.009002045029794847,0.028213166144200663,-0.00901112448266761,-9.508113590261935e-05,0.002926480950576016,0.010187240834201416,-0.0020787478601125287,-0.00018893680897502652,-0.0017747155235411372,-0.0393158832650603,,-0.0037179259171953305,-0.020926440970557292,-0.08325281803542672,0.06732490375734579,-0.0027187111946285203,-0.037396713837971385,0.054867910585627344,0.10690476190476184,0.033866017567996565,0.14527320034692104,0.06298965841429016,-0.1646571807505116,0.35032621210182935,0.025210084033613356,0.1411376063183476,0.09001363176641308,-0.04817032722382253,-0.046614791651516274,0.05023219930565648,-0.0975233172360841
2002-06,-0.0038353362311428496,,-0.08871448144397442,0.05377136122569248,-0.08291044057399821,0.007020499859589968,0.039293849658314395,0.008429304317559394,0.13314109575420097,-0.1359683794466403,0.01858844031368001,0.0037367973830311207,-0.13243593701759804,,-0.07350038767886102,0.01461038041831908,0.06567111111111124,0.01741778202980737,-0.06956344852243168,0.038425925925926085,-0.001698513800424628,-0.10831185978661328,0.02314377479690166,-0.08324120264257784,-0.07501905889604388,-0.031247481125231902,0.09242745589511214,-0.13243838187001555,-0.10833109138193886,-0.05096787675006176,-0.13111111111111107,-0.07341107238420597,0.05843495934959342,-0.07341587188752641,0.003454943104377328,0.008632338225731395,0.018551492541318382,0.01494914838867789,0.01637817883134507,0.007216063585024024,-0.0800670678532025,,-0.06967788002467445,-0.08431941070449034,0.04180572633058155,0.05370489493352948,-0.06795362285623618,0.013763844009767823,-0.041506129597198016,-0.041621854162185334,0.004196949534240879,-0.024233244982960978,0.06397405660377364,-0.010831083263503571,0.1228269622471696,-0.016848816029143787,-0.057465144910657906,0.05204131031144099,0.04265556679968685,0.049504195270785756,0.078897157031101,0.06966559584191478
2002-07,-0.036190965092402605,,-0.15876517788563682,0.022158534880469594,-0.1241078749348703,0.016313441160066944,0.08493150684931505,-0.04404526081997717,-0.020972270972270945,-0.04849039341262573,0.01696606786427135,0.0016832487688158704,-0.08490982334771036,,-0.07929322707647835,0.027054552284758504,-0.014154877886026984,0.012241448792724707,-0.03506668168357174,-0.004161093773220381,0.11169715014887283,-0.04196221728642735,-0.11517865386390902,-0.09144655567974591,-0.09862168133833693,0.019247836698468967,0.13757804399144002,-0.0849132731583544,-0.06034396057527913,-0.1525881740662155,0.16943734015345258,-0.079387067899919,-0.003648583773403824,-0.0793819925412893,0.004190620590898586,0.014586588599285966,0.03147311331506253,0.013642400096583351,0.030708425399996075,0.006956702315439767,-0.15045591909203748,-0.10242021262660406,-0.05777156598490851,0.0020539152759948553,0.017872196931377315,0.06116412421782447,-0.056880263215451365,0.019532105404024502,-0.03435044765211026,-0.05285602064863659,-0.12069317023445458,0.08808692277842445,0.03131061235799382,-0.10350790090410178,0.051552480593992644,-0.012660182183109492,0.07770246416719617,0.0869315131528492,0.02275349314190489,0.006395813649247684,0.06709258113007333,0.09113628066271451
2002-08,0.01890812250332896,,0.0007964876835806489,-0.007317239964439559,-0.0180396207621647,0.017286321854849795,0.10404040404040393,0.01874381877835507,-0.04167787039526749,-0.13365384615384623,0.015281087901303891,-0.0002036209497493502,-0.021777680988084525,,0.004937200462733493,0.014754811516200173,0.0051272939563926645,0.015556162514910321,-0.013948698231352252,0.007760035815549848,-0.024028160391796782,0.05571620880490613,-0.11545886158501584,0.0029460325682282296,0.003735263219330154,-0.0009795918367346834,0.14752826639256833,-0.02177312314769364,-0.025259552606229252,-0.004062832171961794,0.030617823947512335,0.005046646757876694,-0.009058494748000356,0.005046296296296271,-0.00020970515455265293,0.002939550970975091,0.023086980654883682,0.010242972844211495,0.04672062042932046,0.003505877500515453,0.01565910015659111,-0.0021890907392705383,-0.00816745573752331,0.019813818430267194,0.02766274639721722,0.0391677453377437,-0.008270917033852188,0.03836951917282705,0.028571428571428692,-0.034478672985782,0.010085787155112325,0.012838801711840153,0.02122514777001605,0.09878363112810296,0.03365963251223625,0.07865519937451126,-0.15497756084777403,0.015381901569941903,-0.008120036884842308,0.09243879540694744,0.0721261212736426,-0.25959458759704124
2002-09,-0.012023000522739191,,-0.2477822854591688,0.015706806282722585,-0.18234371477947253,0.013621038435603472,0.09469350411710886,-0.016888820402188087,-0.04414515525626639,0.029966703662597016,0.022645677989505675,0.0029531050854287866,-0.11820595999109507,,-0.11051041174173137,0.027969070604085156,0.007171898280259548,0.019838327356713092,-0.09850685576299079,-0.026802902413742058,-0.05135643719617389,0.02443977425677102,-0.06942314498053559,-0.13008392511297606,-0.08202504167151226,-0.02601187557879825,0.15648132499577483,-0.1182030240792542,-0.03931042055561651,-0.0734767450134004,0.13952254641909811,-0.1105608660601175,0.015267917922785257,-0.11055322677230639,0.0015626310932124188,0.010357746287393388,0.03690243232846635,0.018745578872907398,0.04159541805989253,0.008836826962597799,-0.18553409490973993,-0.16010156263711828,-0.12201297289154067,-0.023867347793317117,0.029013539651837617,-0.061562491761790405,-0.1217968569286988,0.01987496983417425,0.036055923473142126,0.017916308749539755,-0.04246528176288289,-0.04295774647887318,0.011575901078663575,0.13292160449789314,0.14923345623908424,-0.005798782255726276,-0.031206388587377898,0.001841492651401877,0.013845765037186819,0.04508494744496594,0.07162345466701181,0.32094189293149933
2002-10,0.02645502645502651,,0.12889657308009905,-0.0016277807921867282,0.13302702237027253,-0.006519425226184095,-0.12076890931884665,0.020360820702518767,0.041193737769080085,-0.0818965517241379,-0.011747231974075123,0.0003548139519395921,0.18670934583652676,,0.08650135194472042,-0.004785334104593253,0.00407023878176993,-0.013327353779038487,0.039995612856185137,-0.009129640900791158,0.00809984296222832,0.21010049787940255,0.019205172085947853,0.0867532467532468,0.04167898315104934,0.010654660365222668,-0.0721039325432199,0.1867121959445217,-0.06960795519487939,0.030334058620248294,0.14292364990689022,0.08637835038197594,-0.0033524904214560225,0.086384587498058,-0.0002094218908703649,0.0012360045139920839,-0.010245349985278929,-0.005092003240365628,-0.031455176530859386,-0.00020370747606446304,0.1266209569235357,0.10630872857212514,0.10303706245710353,-0.026660089224433747,-0.034461152882205526,-0.01590690422849761,0.10303852016252657,0.00889029110351136,-0.020951704545454697,-0.009403254972875197,0.07659115426105689,0.10117733627667413,-0.014564369310793301,-0.0333892497772974,-0.030699088145896725,0.02755905511811041,-0.0788683926213436,0.03332870916279407,0.03645638587682298,-0.10911506104117907,0.014500723954323336,0.06350137249631405
2002-11,0.01030927835051565,,0.05348938212906029,-0.003872282608695654,0.053782245269341944,-0.0025445292620864812,-0.09268060836501901,-0.0037328335739960083,0.035710929423926396,0.032863849765258246,0.00027326137450467414,0.0006340731945284617,0.12657660395708614,,0.057036201982388235,-0.01732803669582139,0.007091962442565158,-0.0075713761512221645,0.0767025579402203,-0.0010749385749386775,0.03074526522915466,0.023009962094516112,0.005970149253731183,0.03537284894837467,0.056246959623804216,0.010542335362479172,-0.096243798724309,0.12657193605683825,0.05909090909090908,0.08780124223602481,0.006924643584521384,0.05715068950310487,-0.004324843825084135,0.057145921723792625,-0.002293650045558704,-0.006168261873997771,-0.020066667162958685,-0.001279516110270995,-0.013370333520390743,-0.0007131214343927272,0.047654957994311076,0.039061860538328386,0.0622756023454023,-0.14023490006831052,-0.0055158987670343995,-0.025227295434109287,0.062275564741742784,0.031076364651682287,-0.0047152702212550635,-0.02105391262017775,0.04453351146737927,0.04176411627129961,-0.019266297176036007,-0.018583786471068064,-0.009964809588516088,0.01759614020150413,0.02771503040834067,0.02161436482631318,0.01661212324237038,0.013774495881851756,-0.056565979720422654,0.07492053766323292
2002-12,0.00025510204081635734,,-0.14138477227851676,0.03757757621223479,-0.08046679205529927,0.024838882921589533,0.18700890518596114,-0.007216097448153658,0.01950821159604388,-0.04659090909090913,0.022674498019396472,0.0016239874618133587,-0.11893087657060397,-0.056847080004501116,-0.05986457526335387,0.025321835028105255,0.05750983568618384,0.023645158296270452,-0.0858243340930035,0.031591083781706386,-0.11446070633153038,-0.1473178542834268,-0.07950049455984165,-0.05827067669172936,-0.042447851701176376,-0.015963418307275323,-0.1241983828244807,-0.11893387569766334,-0.06681359471059045,-0.05684725013703629,0.027103559870550242,-0.06005907819969336,0.07364864864864873,-0.06006561221153739,0.002298922970334294,0.011457109533871801,0.035438046995119654,0.018052643838807336,0.04400694140296202,0.007646039351615785,-0.0971497846868804,-0.09477122202764354,-0.059009702684062915,-0.10526180895507087,0.2035889070146819,-0.023815624748336206,-0.059010384550187034,-0.00975411611785093,0.09566326530612246,0.08503232222774737,-0.07258580260072467,-0.06446440025657463,0.004843918191604013,0.15091057571831,-0.020622910434629493,0.03388648724027332,-0.04894750190210506,-0.015145044186734125,0.014650838578851744,0.15905589018069755,-0.14417238592412707,-0.047970387681959825
2003-01,0.05508798775822488,,-0.049910287837052425,0.024845537005389717,-0.03956915447350107,-0.013756059216559646,0.19196822594880847,0.03842390544675167,0.023495906016375967,-0.06197854588796192,0.011887271270201616,0.00010235548276948947,-0.002533738527369711,-0.028967524875325057,-0.027578900054579858,-0.006346583611541168,0.025792131055289103,0.007727901753530553,-0.0030467929448408926,-0.011251024513821761,-0.04338453247103202,0.08472540670378859,0.21014103425117536,-0.09664880764786221,-0.030341289404597238,-0.043992431409649924,0.011262112740513919,-0.002532098599740684,-0.015786202610316935,-0.028962344109456306,0.13509255612445847,-0.027540212788926377,0.011687494381012353,-0.027538230884557757,-0.0003141986363779381,-0.0005808891416887452,-0.007877216032583179,0.0069786065667543085,-0.004436970935094209,0.0022258195062727637,-0.05887207318096632,-0.06566748555783897,-0.0340897681750183,0.08822686909195054,0.10422878828950921,0.010604628837990626,-0.034088980672380864,-0.02048250099814597,0.056876767004822915,0.009967919340055031,0.13090449373635216,-0.04593760713061379,0.025174076057846717,0.18243003364469756,-0.007438283804664159,0.10844348529808467,0.08582222222222224,-0.0017679631729934364,0.02079291192365651,0.09903921687111006,-0.013846055635168608,-0.006185705892698623
2003-02,0.03819192651679981,,-0.07899776571975747,-0.04226526423807064,-0.06612380511451843,0.00863443145589815,-0.14216956682710102,0.024992147888903693,0.009739130434782695,-0.06480304955527316,0.015047518479408772,0.0002776380514382115,0.026407072582997015,-0.031183192038333973,-0.016089980630392686,0.01699579943650753,0.005584932112216778,0.007838266790175297,-0.015277493964231836,0.014619442351168077,-0.06478873239436622,-0.13250125817815805,-0.1498973305954826,0.02760010853975281,-0.02484240983775976,-0.0035800564659311807,-0.010802195856206898,0.026407850594714954,0.0030310684516292596,-0.03117284720317215,0.01422623178348359,-0.016145942545607084,0.008619923575935218,-0.016144747715191254,0.0028077233344858676,0.0049458114095140004,0.023151663254134647,0.013746875710066053,0.032311370318704125,0.005047445992327981,-0.054573827747640635,-0.04359538325965939,-0.01578130176899739,-0.06478020531718864,0.08935804590646867,-0.030396580384706717,-0.01578236073195116,-0.04514389091761872,-0.05098347757671118,-0.055927396483267056,-0.02388211382113825,0.023356090549766506,0.035005224660396905,0.49832505151477324,0.0724422561726159,0.02068629836943292,0.027383242601612734,0.020852130325814677,-0.05189010164292829,0.11749505168242802,-0.03492034438191827,-0.040455462843028034
2003-03,-0.006286379511059481,,-0.0460058915265984,0.005692091341324534,-0.04654865708203315,-0.00974581851705525,-0.03625377643504535,0.011425319558746372,-0.00998966586290051,0.0,-0.009232769830949339,0.0010133697319194557,0.007805782559608954,0.012555166641302629,0.008702266168542083,-0.0017864504959185235,0.010153130422263956,-0.008067089144847439,-0.05718835696454716,-0.002228163992869736,0.024799196787148592,-0.008446847515837796,-0.06449928189058618,-0.0032819042589310454,0.0076510607634106,0.03435181398609566,-0.02627600747901504,0.007804170380857567,-0.054268446235205214,0.012561455893330686,-0.09100239479986316,0.008888721729100935,-0.001497797356828201,0.008875517111696096,-0.0007208600173422841,0.0009433269810965594,-0.004333697665867331,-0.007396615488064695,-0.015015053076123164,-0.002008838891120912,-0.03491424708785951,-0.017918408317976864,0.006384166843784733,-0.24900785274001525,-0.1260845070422535,0.013929708547636643,0.006385064715720423,0.026957645504037897,-0.04062344553142094,-0.029319875030040965,-0.0851639770952628,0.02176966292134841,-0.024482584553255915,-0.3748099576089561,-0.07116092225635495,-0.04279923700524557,0.07673306772908361,-0.000883825984483888,0.0006625080662510108,-0.12880688806888074,-0.07574471431512197,-0.08268584793118605
2003-04,0.042642924086223166,,0.2020403838585656,0.013983220135836971,0.12972705139655227,0.0156935762734407,0.051500223914016985,0.02804587751568932,-0.06967640918580364,0.02717391304347827,0.0006562541015882051,-0.0005567347506871823,0.08520598556283421,0.09383532476641365,0.0814593036149922,0.0022026513743163,0.02667286733323837,-0.003650270450514803,0.0288172456745599,-0.006848295369956903,-0.07220534927010869,0.1302628191626296,0.012630844382414352,0.08318825221406412,0.0715758034662628,0.0587404687941262,-0.044981921434845584,0.08520712111620798,-0.01890560511250161,0.09383023616442521,-0.041400075272864156,0.08158015731984647,-0.0018529956763433386,0.08158751460026359,-0.000522739153162699,0.0017398874214933358,0.0021762736569050922,0.0006774302811336508,0.01136364390086464,0.0007045088566828284,0.138601120667188,0.10253848148769662,0.06461070264385071,-0.14496664417959682,-0.15304280556988148,-0.02423835260726459,0.06460939376077879,0.02371041857657774,0.007431731766332383,0.03862342163901955,0.018208717423466414,0.020274914089347007,0.1262613195342821,0.05004473122945852,-0.11651826276576405,-0.052310374891020084,0.20332272626359793,0.09183539741825553,0.02202025760520021,-0.1464392613090868,-0.024036596688179812,0.07583386450263307
2003-05,0.04629213483146066,,0.021809756466114383,0.027121092723929596,0.028324516328154914,0.036139845489066236,-0.25,0.04925693596598335,-0.09144460028050494,-0.06481481481481477,0.028593913955928807,-0.0002023639591964832,0.08213240723016768,0.10635033320356335,0.05158624366835496,0.023660411776925905,0.05556164383561635,0.0203292244448261,0.10144162732578699,-0.004347174336681081,0.013833157338965174,-0.15740759913034474,0.05009992419543807,0.04011180992313079,0.08181050896029207,-0.0010402774073087206,0.06314303437359614,0.08212873067241988,0.08535757904736063,0.10637259458956971,-0.01648998822143688,0.05151772788896802,0.043316831683168244,0.05152566518082802,-0.0006171548117154257,0.004201441435138786,0.03395647848207162,0.017375606453796655,0.05673673747724628,0.005732676254651459,0.01744610234474475,0.011304438064270617,0.047201173006074404,0.1840098185324801,0.09012026183589583,0.0562178470583683,0.04720191217086511,0.008860682044464774,0.07462686567164178,-0.025506555423122745,0.07041466413322905,0.005725833614011355,-0.016080863772111265,0.14629311801046674,0.0033732362499485635,0.062557497700092,-0.0828080317333415,-0.004381095273818358,0.04408436603484689,0.16210136297472544,0.1467714887921352,0.05447178394197749
2003-06,0.030713058419243877,,0.07169792719296075,0.011700019180359345,0.035795526349045925,-0.0032857323391886073,0.1357183418512209,0.014551485241209416,0.10291242152927849,0.01980198019801982,-0.005865850548329554,0.0004548669677351125,0.0021416387642934076,0.016994059323963473,0.011642306229706412,-0.004862235027753181,-0.0238164451827243,-0.00878649428456979,0.003355226715201276,-0.005118940078289724,0.01718570982189349,0.0135158381048337,0.1261976637353983,-0.01279897876914815,0.011593939943753906,-0.007876959226722824,-0.0425326439047945,0.0021414383081161947,0.07514378594648652,0.017771242516542385,-0.10379241516966076,0.01149450405367003,-0.0416031181155736,0.011493624971320449,0.00010466710626855225,0.0003613242370770209,-0.008443272995672157,-0.0034379505378728803,-0.01572742619898826,-0.00029999999999996696,0.043299751829641187,0.030476333809917877,0.01440408143094829,-0.017066488967866222,0.0424521714844297,-0.06761052354026886,0.014404689785153524,0.016407904022582853,-0.05284163473818648,0.0044031311154599795,-0.04322856844523337,-0.007367716008037428,-0.007938360961942448,-0.14803973870217024,0.008773728014431548,0.05108225108225106,0.009923561754056509,-0.015250610325808545,0.0017968945150399485,0.05835800501024835,-0.06563230881373061,-0.06204301115816391
2003-07,-0.03354865596999379,,0.0774343406467044,-0.025657229524772562,0.040374154847237165,-0.029542284772410277,-0.11250000000000004,-0.03878350053389923,-0.02342073341420181,0.13453536754507622,-0.024243201641867662,-0.0008081638690927706,0.06184871618682597,0.06177236831392974,0.016443215005156553,-0.03298045665585092,-0.020923290721006182,-0.023557817611039145,0.05545716961083613,-0.00779358353510895,-0.06850296948597168,0.03845501054724432,-0.03321484761960258,0.030013271174328837,0.03456254259784042,-0.007912584777694076,0.0883607556368069,0.06185111227369511,0.06535643679497616,0.061773750799777316,0.15902004454342977,0.01644090133298759,-0.014057112545309947,0.01643965824521243,-0.0006279369132714541,-0.0076572995298328506,-0.0580095856931474,-0.018028043623414258,-0.09986690801621323,-0.0066019805941782694,0.03584905660377369,0.028844749525339664,0.027911940056139617,0.003578019660276377,0.055458807769591445,-0.07932380735422351,0.027910455864344597,0.042098810970317535,0.022416989718523572,0.12079883097905486,0.08970861071701397,-0.11066126855600544,-0.06260296540362442,-0.12945155214990245,0.06681568786831948,0.04742292304071549,0.12558093214712507,-0.0990726287760536,0.11343564499782843,0.021141535316585136,0.12238173068409419,-0.10744811726583414
2003-08,0.0038809831824062613,,0.00345791799184636,-0.019068621092229843,0.03151203017805848,0.007708387771099945,0.2259154929577465,0.01763697455941826,0.01289891075864702,-0.01589242053789719,0.0027606152228212277,0.0004299904748945593,0.04925789598670138,0.044951789445434986,0.018699564751510023,-0.00025494483520405176,-0.02315190313423321,-0.004708570948716906,0.08673973324855555,0.0332494471135516,-0.01945696383423101,-0.04142053281654956,0.25049725754927366,0.00918431398460462,0.044295348554983516,-0.040936465737073324,0.025524191991350254,0.04926200670335246,0.0728086453443948,0.044844879869372356,-0.12759415833973864,0.01859802754633555,-0.024210903873744694,0.018596644102738535,-0.0016546061932538603,-0.0004963358312167765,0.007885096807907832,-0.0010199456029010845,0.01670373626841637,-0.0010069479407915916,0.019886807181889177,0.01300176152898147,0.021939643693776878,0.12151917736245599,0.09925117400685357,0.1331621204235387,0.021940166596439603,0.0795469333152885,0.059017474447741414,-0.0019556714471967718,-0.020731096644967417,0.10318664643399078,0.17172985187044953,-0.006060296246319985,-0.0052192464474837275,0.03347938433883835,-0.005810009732503563,0.1571884766952032,0.06627946456306133,0.037245811821725816,0.0554579529318453,0.0677408021332564
2003-09,0.051331615120274954,,-0.0683457063240519,0.05725998413118227,-0.0570485217976231,0.02424478153766385,-0.0767463235294118,0.02695381463861679,0.14913687387982244,0.001242236024844745,0.01573151546932361,0.0010630889425693457,-0.029003547644239736,-0.023150865864396852,-0.012175483342486637,0.03285450512066168,0.0621242336404948,0.00723036058391302,0.02818155109797038,0.04546460993431256,-0.02376681614349785,-0.007867494824016608,-0.05639369547404438,-0.019510917602383215,-0.016302543329570485,0.012134755183435653,-0.043979215302357044,-0.029006785445022,-0.019332519332519338,-0.018808952391583422,-0.012334801762114433,-0.011935813701145603,0.06294798750229735,-0.011934942046675556,0.00041958188664992235,0.011954528101759676,0.04471659705238573,0.0155416903006238,0.058077863581233125,0.00745892551154137,-0.06564100601491296,-0.0407913678229741,-0.012384516262959,0.0551800294471958,-0.07216256783281372,-0.08893908591220534,-0.01238440229151061,0.06019913691265444,0.024750933997509383,0.0019595035924231397,0.009817958682757144,0.18225584594222854,0.09492179130062128,-0.023261145495513946,0.019339767156862697,0.0006522448092183275,-0.030495401957876034,0.14984000234858952,0.05429392157394086,-0.07755599573365834,-0.05446101573026452,-0.01137749053985071
2003-10,0.04412665985699693,,0.11948034156810827,0.021638524077548515,0.07496809974982166,-0.018227848101265764,-0.11448481831757096,0.025892048660778988,0.12822196683631581,0.028535980148883144,-0.020908621579762587,-0.0005554365938150729,0.08575790596173904,0.08792488262910814,0.05583249309750182,-0.014596525586775488,-0.005165036888134966,-0.03251322308115756,0.08241704126931637,0.01143663960465946,-0.09726688102893888,-0.06758813709123046,-0.09597997650303935,0.04650929852091745,0.07466162621932693,0.0022078139846848366,0.03777077589602196,0.08575807110747835,0.04170989831915328,0.08302995828593107,-0.07939339875111517,0.05573271947794134,-0.01711766231520706,0.05572860023862569,-0.0028100196072263772,-0.005218147573184617,-0.020310793778323566,-0.01608579088471851,-0.030649201407437765,-0.00670335167583791,0.07484674303346406,0.059240321402483476,0.05454752798147666,-0.03253734183236612,0.011448481831757062,0.12258880312071274,0.05454763236575033,0.049476987447698795,-0.00394956706668681,-0.014993481095175953,0.14664776179866323,0.057882489819662375,0.25557729941291574,-0.06699218929491046,-0.02415749333132966,0.06648560564910388,0.02891499908206363,0.17711338626905304,0.07004331118508156,-0.0037440810483427844,0.025675482243154413,-0.0051290804352464026
2003-11,0.026022304832713727,,0.024188778527870047,0.01830313418217422,0.015071431575700567,0.002449716348633224,0.01573917931422142,0.01783201575971538,-0.13445867287543656,-0.030156815440289475,-0.007513841286580503,-0.0008113228477649725,0.004937529517839545,0.03424704826348113,0.007862842047016372,-0.0017633312250378008,0.036328938967663094,-0.0003865230244033402,0.019758281482213702,0.0038389055629231006,-0.03523724716957122,-0.019010505805840183,0.07023392473725831,0.01142164369576304,0.0339206633374165,-0.031231700175678223,0.05880678583627463,0.004936924051665237,-0.04193227091633467,0.034349340849804566,0.054263565891472965,0.007911582316463273,0.03764623097897801,0.007911028433696288,0.0001051469428525742,-0.0015463749941281302,-0.00013442438734601048,-0.005336058128973642,0.004705446113210776,-0.0019137792103142148,0.020889171165449305,0.014569528120317754,0.0024575390682977094,-0.09011046645032295,0.04490649606299213,-0.014805162297266361,0.002458053737532051,0.04229520842090673,0.03172182400488022,0.058018971983234024,-0.03479950538774068,0.05306571350013756,-0.09367206982543641,-0.04364659871723642,-0.0330715330715331,0.029438728735866393,0.08939245249353212,-0.052034530626409836,0.08829676071055381,0.05355366419807672,0.06469815097554443,-0.05726405544975721
2003-12,0.04252479023646072,,0.060517354680685864,0.03841298467087473,0.035072695966041456,0.014276527331189781,0.05368013281682349,0.0029031771566458975,0.07103227975790194,0.003731343283582156,0.01580555186611754,0.001571717787404614,0.029687900538323486,0.019577408371720395,0.05110381042620449,0.011325028565443818,0.04850076840273765,0.02098703564501614,0.02254135831980264,0.017104714226116036,-0.10614451476793241,0.07091284859221081,-0.003801277651655055,0.02902025108825934,0.015583705458853458,0.020293025531792352,-0.02898005269100501,0.029688260777288145,0.056554735419482194,0.01966791354242492,-0.09283088235294135,0.05129451925653217,0.03984063745019917,0.05130087916013415,0.00230247595016575,0.006021884466578475,0.01239960795231454,0.013126355438876969,0.013619246263262053,0.006862448279342015,0.04195621473320088,0.027212902029845276,0.06696082018914118,0.03537718855825345,0.10196632520899551,-0.011052159617396473,0.06696045515948601,-0.2057841584240746,0.04552845528455274,0.1083194328607171,0.14394216691068817,0.02532637075718025,0.06500429922613926,0.25664988896206675,0.037228747760302605,0.05838115970710467,0.014304042802937067,0.04276398581398011,-0.2108971918265543,0.07344069663746522,-0.07314067048549167,-0.03215694481726317
2004-01,0.01902323029083597,,0.021011716989634888,0.02477712168577062,0.02197719104721929,0.01166624397666749,0.0031512605042016695,-0.020927580546122204,-0.057844753159092654,0.048327137546468446,0.006406903765690419,0.0004553437138659078,0.016316834969684724,0.042544484277038386,0.017557161872988614,0.006298991574056112,-0.006385877460887368,-0.005806599193166062,0.0517095946075512,0.01606508066721357,-0.03909131140286182,0.16243514875059528,0.01992686416874223,-0.020476978726013062,0.02066882029193584,0.018986627546126567,0.051439645625692254,0.016313638953890264,0.0009839614287119325,0.04254436200056433,0.033434650455927084,0.017377760996790448,-0.013776799543490648,0.017376448823951396,-0.0005244718568401252,0.0021169430851806226,0.010438413522697143,0.005971158179360003,0.018582054238147627,0.002104841134609625,0.03371088408972844,0.020819422638490348,0.0050889525916586464,0.17244258872651352,0.03803825194999466,0.12296264951904545,0.005088079974100879,0.07704267526593522,-0.034356001696592586,0.04778478035932676,0.095592352611791,0.05143875732111014,0.047150008073631344,-0.1399860271588792,0.07178502879078685,0.031039640987285066,-0.07675538929407644,0.032123579233773514,0.06101313268345887,0.02462981967453448,0.03183005956527074,0.09777228304556496
2004-02,0.01651409082749966,,-0.012873563218390838,0.02570331036041118,0.022187887624311786,0.013662572073201318,0.03769633507853398,-0.007564412702069756,0.01499500166611134,0.1300236406619384,0.01727945952968679,0.0007343013220681982,-0.015718054839680917,0.008086295691495993,0.012833038035468869,0.012679833266016516,0.0032102102882691774,0.01048336223368751,0.05227290652806982,-0.03229496064051662,-0.042370279398219135,-0.01403622250970249,0.15614445310470249,0.02353382988045305,0.023048969902998095,0.0024917633378553905,0.060192743167096774,-0.015717736884488187,0.02919492774992638,0.008088399197528906,0.0014705882352941124,0.013017136601070733,-0.0033889899156885894,0.013016170481217948,0.00010494941438210503,0.005320241493647293,0.017107119940990012,0.013999328032254343,0.022523584325279566,0.0061012202440489105,0.01578014081985102,0.01705362404242794,0.010889696701926965,-0.006350902184235507,0.09747812660833755,0.07327708022124413,0.01089091746516635,0.03376089355062928,-0.015080527086383522,0.07128108447796011,0.1804906542056075,0.1751029304916445,0.10223592906707801,0.015935571559525075,0.008166189111747935,0.06882480957562587,0.11080017490161786,0.15627790297206512,0.04664957456484342,0.1226212619831164,-0.015379076437160188,0.0477201877290947
2004-03,-0.006533639413738412,,-0.04188169538891484,-0.009968607148758024,-0.02793969250158601,0.0055644862124395456,-0.013622603430877955,0.02089298150584229,-0.15815824031516756,0.36192468619246854,0.01072796934865905,0.0006078506076878654,-0.02246037548023827,0.008893665405043327,-0.01616093908380467,0.010286351121244763,-0.014419152988120021,0.002488094843159594,-0.09290144097156317,0.04526176736424947,-0.025969862135299837,-0.03907804675370119,0.013033707865168553,-0.02005748180761935,0.0031510047408298547,-0.0018503686928663665,0.02223657195840767,-0.022459244894248775,0.06418338108882526,0.008971159617146451,0.04601076847772889,-0.016247801875732715,-0.004561665422576078,-0.016246611473368033,-0.0008395072092681755,0.0029861617238182703,0.01344676284010049,0.008614976805831454,0.014452452544502226,0.0032806441992245805,-0.03786513212139131,-0.029410060604656008,-0.019726290403774382,0.24628158413475898,0.00806602888763841,0.056105176045741834,-0.019726707973689583,0.05203420989529195,0.07685446707298937,0.18318947456632872,0.010390895596239513,-0.05296784830997525,0.11681589255735858,0.08128503878557303,0.07240301264743487,0.02383982353440217,0.02941793943211035,0.06133593189799402,0.040030225748559634,0.009643979947319359,0.04414453345743463,0.11341714622024601
2004-04,-0.05332385353714897,,0.0259202364516693,-0.032320872274143264,0.013320134383993043,-0.019306443679291574,-0.09667519181585682,-0.04296470350438364,-0.07536316661791942,0.011520737327189057,-0.01705837755875661,-0.0016195886700388629,-0.026710370688603602,-0.051980733010158375,-0.016883386647833398,-0.03192074420034674,-0.025244492349755343,-0.017186917124944356,-0.05441398671039299,-0.05527471065584677,-0.029460171165240245,-0.0930544809066498,0.1393078970718722,0.022152886115444526,-0.033638401462042444,-0.0227712910187593,-0.039488815821441925,-0.026707335217973527,-0.01741159576377671,-0.0520647443724368,0.04305100608329426,-0.016711665580485868,-0.022579570071654675,-0.016719730399002097,0.0,-0.01219954999079309,-0.042512865668382194,-0.012702584318878607,-0.061095833899361573,-0.005152596115735153,0.0,0.01627287813846867,-0.014202713354192986,-0.10915931748466245,0.09090063267584658,-0.011569992816987562,-0.01420251628838154,0.14638844445238974,-0.09538928768636112,-0.23571074438699635,-0.11287952987267402,0.042437431991294794,0.011273957158962844,-0.028078793940817692,-0.0011926058437686793,-0.11774941995359622,0.1835470466770337,0.01973148549155468,0.054770467783146204,0.061014096360193504,-0.06417138900385222,-0.007701286973886168
2004-05,-0.008449117536612816,,-0.011561789234268427,0.0327105490083357,0.011900130542659593,-0.008275862068965467,0.03680634201585509,0.005623242736644718,0.030788696752425126,0.02505694760820054,-0.010541200668466533,-0.0007323332746597133,0.04561728563254408,0.01499829009722009,0.012879997971653845,-0.0033578498512272237,0.020052457336273033,-0.01112825269138129,0.03335640923792771,-0.0013377455467155075,-0.07274885535017805,0.23804983313677774,-0.030373831775700966,-0.015109890109890056,0.01972430300075345,0.006059061694838386,-0.033203487293637424,0.04561262707330127,-0.02201315308732188,0.015010899002576128,0.015702108568865114,0.01283908535719358,0.03401244565680672,0.012838234458730113,-0.0018799756338353513,-0.0018276685968319217,-0.006011716044104887,-0.007209405501330868,-0.005149669415266955,-0.0025896414342629903,0.0007269417619177876,-0.0044700547449543215,-0.00029378004052360573,-0.003524063164124458,0.07633262260127927,-0.054431124777783,-0.00029402313962101356,0.12649068843588318,0.01648100106821304,0.0033361134278566684,0.05796301407673199,-0.15720250521920676,-0.1936083240431068,0.08442450404584334,-0.17913764510779429,0.04404996712689013,-0.10984987184181616,-0.19645284044577327,0.06369971528288021,0.07182232797937727,-0.07179503534789777,0.03785827377517337
2004-06,-0.02026131414504828,,0.03397890699904127,-0.005455355154753927,0.02153826437984585,-0.004172461752433909,-0.09229929000546144,0.024861189504219894,-0.15261865793780693,0.05555555555555558,0.00662595816551903,-0.0009677363233848713,0.03399591402780966,0.04424977538185093,0.01853196158435333,0.004766719361542826,-0.0008394751627722741,0.004270164104929419,0.00997757379670583,0.013677382966723162,0.07735918068763703,-0.14347385488447495,-0.07148594377510042,0.00734542073454203,0.021921817496884932,-0.0012664283905102769,-0.039000906997837204,0.034004032724769706,0.058279630148500905,0.04425282681200682,0.0013250883392226243,0.018210543044376637,0.0002473206924979987,0.018218699171792307,0.0007365707370969865,0.0,0.008794692168927476,0.002681264663165983,0.01098893166699244,0.000798881565807763,0.02473350066440294,0.007098057032268734,0.02393142714032681,-0.171508017925598,-0.08058637083993658,-0.15044365825928452,0.023931069109457193,0.020522226644287267,-0.004804083470950404,-0.054862842892768215,-0.05830941821027913,-0.0014862521674509077,0.13686635944700476,-0.054889858119835266,-0.09705442644147244,-0.048758546239654366,-0.13480291334962613,0.04479915433403803,-0.03243841234721134,-0.07577887959742469,-0.06922562408660482,0.04056558715131997
2004-07,0.010050251256281229,,-0.04478691443195726,0.0036941676928243794,-0.024504781777809348,0.010284408329100936,0.22683513838748492,0.0018699488966020805,-0.13556253017865771,0.054035087719298325,0.009679917398038196,0.000816298099004964,-0.07790865881380449,-0.06870909258519498,-0.03463643215257073,0.0074755676567845875,-0.013952288334060925,0.0010402700078597782,-0.0018833722802831243,-0.024690499374043773,-0.016805296214564502,-0.11753153025247864,0.17370242214532872,-0.013629930465817397,-0.04792219024258826,0.011355951307484347,-0.10038841295193857,-0.07791373815092584,-0.05718824463860206,-0.06862974215159312,0.07675341861490947,-0.034465979305722594,-0.025797412016813626,-0.034463447997282515,-0.0005257347142632041,0.0027458254636922863,0.01271972862054871,0.006128133704735417,0.01733263345228675,0.0023947315905008537,-0.03585322137246205,-0.018964648535907958,-0.027804296884246127,0.010459773860340915,0.14685857105920874,-0.172374864491047,-0.027804421173789007,0.04799158994184172,-0.004978126414240336,0.1320238444249,0.08276769635683623,-0.1538079880922849,-0.1910552628023241,-0.014519139989751628,-0.12408824450709266,0.04596179307735948,-0.14579371294328214,-0.15937190149537628,0.0001896326703625384,0.17687565057250376,-0.09623785183234601,0.023593969973179307
2004-08,0.006888633754305484,,-0.02791853534471045,-0.007807271916127623,-0.014883593324674038,0.018097272841523404,0.011280039234919048,0.0147910461117573,0.22440999860354705,-0.10852197070572567,0.017001150453790137,0.0006622934275262171,-0.023171278328650624,-0.00651664631933202,0.002724032586557845,0.018597020344150783,0.0133177679823413,0.012656551894018264,0.05108754269279148,0.01818441132425308,0.2066643646408839,0.038343969539336165,0.04307930424528306,0.014504507314638593,-0.003886762669208177,0.008330779304003721,0.018743064662564368,-0.023167256603243147,-0.017691659646166813,-0.006523921043827374,-0.03523146251536258,0.0027290448343078033,0.010321489001692052,0.002719329105378643,0.001472831518594342,0.007337020836749142,0.02521322407225135,0.011849390919158376,0.03972990325280601,0.004578936890304641,-0.013252277454988914,-0.0037862274483573266,0.00325436823866454,-0.01241534988713322,-0.11805816487562937,0.04682969132512471,0.0032552323771637415,-0.004840844300197045,0.04760460885385087,0.03306284530386727,-0.019062240133052022,0.23043095866314856,0.032570569567396124,-0.1855935962197175,0.201798303872484,0.061392405063291244,0.12441475951936609,0.10237585152733297,-0.046194682369735895,-0.028303170499387686,-0.006189547751829894,-0.0469468956955027
2004-09,0.0383884454580008,,0.02490563023028236,0.00972347122302164,0.00999543090881394,0.002468831008517247,-0.13821532492725508,0.040980095742000566,-0.14735401459854014,0.10306198655713206,0.0036450477626948086,-0.0013280573303438015,0.030939603699993823,0.048190770354871404,0.009512444884522075,0.0007059157166586782,0.02220692029609239,0.006167846924286069,0.024052952565745134,-0.007914273707802177,0.17441694090713966,0.13430947216196665,-0.15400105988341284,0.02186077973189038,0.02822544476005384,0.005471124620060719,-0.0117241652473562,0.030937679870231882,-0.01991614255765195,0.04808890385586806,0.022080679405520165,0.009236429844858396,0.0177524702729861,0.009245299120985484,0.0011555228741007006,-0.002066878329555988,0.0027824055636187506,0.0010944511327568573,0.008141527477655286,-0.0007927070947284509,0.016071482659397285,0.014087462158678843,-0.010520142371784558,0.038106122448979596,0.16564417177914126,-0.1356540648757798,-0.010520724870896725,0.012242270136339606,0.019392185238784387,0.018467452160106923,0.08972937724160435,-0.17703121277102696,-0.11873180200582345,0.1971529777361194,-0.05096922292127193,0.0005963029218840621,-0.11335643362548409,-0.15981745130579095,0.0013739154837351109,0.17770620361293932,-0.04957269172701595,0.13058729345009445
2004-10,0.030380673499267763,,0.016992750798971112,0.016031171722794335,0.01685035027703341,0.011698066740549296,0.011254924029262758,0.034719785073759946,-0.029561262707330282,0.05416384563304,0.011145898559799639,-0.00020567645244029542,0.05114203829953534,0.018282346604141297,0.013673135767280131,0.0056433420094501585,0.028965981812058006,0.006314377106870106,-0.0037459741658349976,0.037133780444758235,-0.11147660818713445,-0.09655093910073997,-0.049653386786937315,0.00749210170001513,0.014641309721131757,-0.009783445091788412,0.023726503947737676,0.05114263599335089,-0.01108410306271268,0.0182983645535455,-0.050685500623182334,0.013812414259673389,0.041220997202567,0.013811376064039704,0.0006400503646186717,0.002514979056427391,0.008324092949355322,0.007543456871105247,0.01448065462259951,0.00317334391114632,0.03146761423256694,0.008985310200100294,-0.005564321306087638,-0.055863110216406664,0.005921052631578938,-0.014596208180665537,-0.00556449015558258,-0.01017327003013102,0.021294718909710353,0.05292090580899256,-0.041888576386811094,0.03676896352055592,-0.036160058737151224,0.08277702623581029,-0.010391937290033515,-0.033117657074748785,-0.03885057471264375,0.006601346258803931,-0.03208215834982697,0.050000000000000044,0.03178451683209982,-0.024230641419427212
2004-11,0.035879218472469,,0.037594849390664375,0.04245877390018071,0.012126450661616106,0.002069133398247436,0.12910406232609906,0.028549039788543062,0.030186078566505792,0.31278098908156715,0.011023036908595518,-0.0017665690681701873,0.05570760221838955,0.08504084014002333,0.03871282543253152,-0.015601581739712045,0.039091023542741965,0.009579550812159887,0.07834557392971409,0.02695527874208703,-0.0678733031674208,0.2602560225783692,0.06903370391527908,0.014992235097359918,0.05782044852045565,0.03227686500888094,-0.0812747132286733,0.055704102511483056,0.011208337429947868,0.08494123215271765,0.028008752735229736,0.03875027804552533,0.047175029632556376,0.0387474051008303,0.0006291550447747873,-0.007452778752682465,-0.019442950072392384,0.0056423611111111605,-0.02458636406024861,0.0015816528272043495,0.019866363016311617,0.017429768286609804,0.044160429796806344,-0.0056636460554372325,-0.04062204781629242,-0.04646356166604193,0.04416109419893277,-0.000847020338224036,0.05031971087016962,0.05719629081274835,0.08313034788582829,-0.04523876012287087,-0.0017139592458578212,-0.20032367453175115,0.04322636129090651,0.047195562208329545,0.07923599958998184,0.002349539128863265,0.062726197944313,-0.051978936640054374,-0.07795089021268986,0.16812280584492667
2004-12,0.016289437585733868,,0.029769159741458884,0.004677317637166167,0.01406174777603364,0.013360864812340667,-0.06308526367668799,-0.012326165811946455,-0.0002675943270001868,-0.08268101761252455,0.008820286659316334,-0.00015483471394284187,0.029817747820897855,0.02893563327167681,0.03189566629776186,0.006460876818852324,0.01956139819470537,0.005226195823207602,0.01090344146642952,0.0015244912838867641,0.16563695204471895,0.0646444853235224,0.05101118053271936,0.018801859589242742,0.039948523435383354,0.013657749697540078,0.01913325094813989,0.029821391817412612,0.059406903257170685,0.02902470589946038,0.0225627926777352,0.03181741124405546,-0.00271657108361012,0.03181514029531174,0.0001047932429316667,0.0007460456463599385,0.010722354034786052,0.001618472162278728,0.02156644818205855,-0.0013817607579943436,0.022936585752906025,0.009478290913278897,0.029743603875270086,-0.13070428198083495,-0.14437206483866094,0.004908888062476802,0.02974406956115816,-0.02068351749719044,-0.03268925357331931,-0.12088155082184715,0.012858955137815764,-0.0020473822755191495,0.044257916825639176,-0.200655431214947,0.012972926067337687,-0.011939796518960821,-0.03628189704299367,0.027587450414713333,-0.01925838474767716,-0.1295168129964761,0.020745831742395415,-0.009721832434627098
2005-01,-0.008267251560654665,,-0.0002331336752627866,-0.015326672595072366,0.025083184028666494,0.007071796715809597,-0.014203051025775904,-0.031602942700238223,-0.022617773019271925,0.11680000000000001,0.011293260473588473,-0.000772112348890186,-0.06416893862390638,-0.04372970637829399,-0.026365130436795448,-0.0025677652932937223,-0.038348415617442844,-0.005199024702025157,-0.0360258010160478,-0.012442091330244875,-0.06486622917718321,0.015419288196074632,0.07825882905080372,0.00592057761732856,-0.02751110474279983,0.0016709545659496783,-0.01659976584713163,-0.06416690724167795,-0.010829662261380268,-0.043736310322899596,0.019983347210657865,-0.026365625243205404,-0.0423728813559322,-0.02636380143708228,-0.00010478226245869138,-0.002534664830778799,0.0029313142520586144,0.005278466013142191,0.02083333844402313,0.001877841470646402,0.015607512881600005,0.0177289995778811,-0.026281030597167465,0.02778955482751999,0.16536827195467407,-0.03785275489812534,-0.02628232976082656,0.012142217505223707,-0.037351210835955606,-0.013163410748721405,-0.01201252490748661,-0.06858147713950746,-0.05644866642309099,0.02205887818347141,0.07037306720349523,0.016339034975746847,-0.09743758212877784,-0.05938385180357453,0.026419352971815524,0.1035026930597962,-0.05365752285951797,-0.023241736623000553
2005-02,0.024328002722014297,,0.013829844481515474,0.023427539311517087,0.027272361161451597,-0.003094501309211961,0.12753468516542155,0.006075088570273612,0.14870601122826232,0.06399235912129897,-0.012608069164265046,-0.000698493981492021,-0.007217248309884905,0.014878827181183496,0.018829347154200926,-0.010601294543919115,0.015335660662979977,-0.009455934275456546,0.03524227371254329,-0.010119286958852669,0.028879892037786847,0.12752931602115947,0.08900979325353653,0.025093310364628252,0.03153086783556791,0.012418577556532195,0.08410221523023931,-0.007219724025011032,0.03377249953609196,0.014881040342840102,-0.044489795918367325,0.01895305256052704,0.022756005056890016,0.01895170600877427,-0.0012679982394734335,-0.00433870145966242,-0.012709267796973345,-0.00621517359622803,-0.015560340596323496,-0.0014797277300977463,0.017702542728864623,0.02240855538242492,0.027944421323743196,-0.039113477836945965,-0.01762382254633843,0.08853039111179473,0.027945297784039536,-0.013677577489341952,0.03183627060830019,0.08988954970263374,0.047424224962544725,0.19823788546255505,0.19070667957405618,0.049292157894208266,-0.03685474189675875,-0.008791760864104492,-0.008517143481109435,0.20128451124613567,-0.025756251585802414,0.060343219548591565,0.15520475834938496,-0.0175383245914017
2005-03,-0.022421524663677195,,0.0020877565463552905,-0.015728004152608333,0.00930289083510405,-0.002507163323782313,-0.06767628963558925,0.018859675036927648,0.03433067111693888,-0.07360861759425497,0.009363979083059748,-0.0006214388767356027,-0.020965614551700873,-0.029709083598977504,-0.020262597034893637,-0.00450253963723013,-0.021858854600887212,0.003098987423876709,-0.0502774618081433,-0.027553990928170236,0.12486883525708303,0.03989435868834157,-0.021982414068745015,-0.011063186197624919,-0.01720533430289184,-0.0009938537988752882,-0.05822253598462568,-0.020968156367830004,-0.011039310716208894,-0.02963146322640775,-0.051260145237078114,-0.020343769611603002,-0.03097960444993808,-0.020342351136522052,0.0010597555217459753,-0.002410908617224039,-0.00554607818791375,0.005930558550787168,-0.008623133862463606,0.0015807152736613261,-0.00013937132810148967,0.0003069973466658382,-0.026460977887437842,0.10115911485774487,0.14491184658212197,-0.04377454494058741,-0.026461553130186388,0.09617039372485436,-0.020798898071625382,-0.02907701902089177,0.0026406997854431236,-0.019170168067226823,0.015772357723577324,0.1161745844931572,0.03269766089160342,0.0038013177901672357,0.03972099853157118,0.008829336468709093,0.03126392610555184,0.05635206849033936,-0.04127471214425382,-0.03893705844572892
2005-04,0.013251783893985847,,-0.03540026130866203,0.010811095875962407,-0.0400147598609466,0.01292639138240581,-0.08832487309644665,-0.038830447338815355,0.051630747954362066,-0.09205426356589153,0.01746987951807233,0.0009332843741529651,-0.04393096785984696,-0.05987598597072796,-0.021539096675849634,0.012693315502775082,-0.007708339813979559,0.01272137802205675,0.03368432024638568,0.019841269841269993,-0.050956156716417955,-0.013077153628949567,-0.11054352268083367,-0.02370500438981571,-0.037919826652221045,0.016702882425321253,-0.020510150963040097,-0.043927001953125044,-0.05735547690353027,-0.059872152696497705,-0.0009004952723997706,-0.021460220296457222,-0.001195886151638459,-0.02145869290582003,0.0008385216862671907,0.003927195633729008,0.01973402502583821,0.011576803515918055,0.031144806638119027,0.0048333004537384205,-0.03163634024211104,-0.021373610715303526,-0.030703260014555145,-0.02775119617224875,-0.11427799540726746,-0.03532628778360791,-0.030703499439918125,0.04293758940911174,0.011675341116894167,-0.03942191890806901,-0.023319615912208547,-0.020348058902275756,0.03585721146150145,-0.1523939261595434,-0.09064209848728677,0.001178153664899595,0.04547701433514595,-0.013589884551951648,0.004399822660209107,-0.12437203363956817,-0.04504575955767165,-0.023022900581166295
2005-05,-0.030181086519114664,,0.06558307250196771,-0.045390514947566074,0.07047051826196715,0.015479144511402643,-0.04677060133630284,0.0035234636129981567,-0.1473972602739726,0.03201707577374613,0.013735938425103678,0.0005459099335953788,0.08383217180433888,0.06266626788609586,0.029137321086624812,0.006056451191928991,-0.04425189346441305,0.016510810878719306,0.011201515986061672,-0.03577035975151899,-0.014989556456567077,-0.07502717217569199,0.044681828623937436,0.03501392434439543,0.05747363216875412,0.02199047251190933,0.01305272108843547,0.08382755692881272,0.024261095600269567,0.06256783502521879,0.01126633618747186,0.02917750177301759,-0.04422094508301411,0.029175379579961636,0.0008482918961940644,0.0020317147041108985,0.01542140379499557,0.007205679771113527,0.02368403049029677,0.0024541081770883544,0.06258823529411761,0.05620827919896065,0.027752761919409785,-0.07480314960629919,-0.026231508311727825,0.039815696446356075,0.02775339484148298,0.03866775546262691,-0.04518909899888768,0.07380474757606148,-0.005112359550561774,0.021590598524186877,0.10956575490650611,-0.041056259658890815,-0.04902004158739992,-0.008405480373203322,-0.032286389733198195,0.0862295739795349,-0.004626396160314683,0.01749714720426021,0.01763966091036906,-0.07420809781629512
2005-06,0.007607192254495132,,0.025594338326233368,-0.013116904410559127,0.029753940356049613,0.01198510588782864,0.004672897196261738,0.02129501593218297,0.07943444730077132,0.01292657704239919,0.011564069618035244,-0.0011948904520068249,-0.034438447699820185,0.038439888605794836,-0.0014507036701225662,0.001149269536669717,-0.017810519686692117,0.009549870739416821,0.01993091069190922,-0.023575221238938182,0.02719221653985282,-0.11330568515638506,-0.11962616822429906,0.028672328260321178,0.020324411371280826,0.016604096853032324,-0.005770764259033889,-0.034439902458562544,0.028480120312059487,0.038529712191311516,0.04768270944741526,-0.0015725631896528203,-0.027392684148989432,-0.0015724520534633468,0.001988133979302642,-0.00015044352119186755,0.001793351048482883,0.0075749605470805115,0.011176149709530625,0.002937720329024618,0.03461678737039553,0.034612019829803,-0.019788537633074643,-0.015169424743892934,0.06147220046985136,-0.03920681198623288,-0.01978828187164816,-0.028843060067092363,0.043541575651667275,-0.05651124776212357,0.05460500310576544,0.023542001070090857,-0.03774373259052921,0.08199055529221222,0.11114212607583163,0.02899042129354923,-0.13066238570531163,-0.0405336069779374,-0.06375143843498277,0.0644859813084111,-0.029718582858475284,-0.07376719332387782
2005-07,-0.0017158544955387933,,0.05992697551334869,-0.017555518635432144,0.04976839107039299,-0.005634126710359788,0.018604651162790642,0.002201657718752914,-0.06930221481305077,-0.08014293006636042,-0.008545034642032268,-0.0013001102362376615,0.07218942940497985,0.06079625693622237,0.03450426763310199,-0.015497208903981208,0.0008215170681857842,-0.010862332679461795,0.04945312399115265,-0.01667633410672842,-0.015664845173041786,-0.045349131798959275,-0.0708546688314391,0.029099231649501345,0.04983071557671259,0.020174482006543037,0.006479663986154183,0.07219067023736181,0.030890148053372313,0.06072001967108798,0.05359421522756258,0.034544698397529494,-0.007298643311008046,0.03454225320958049,0.00010443100765478164,-0.005792957760941575,-0.02189479589843024,-0.00678709407956557,-0.028947348387592275,-0.004100761570005829,0.04064983331151106,0.02920059651622231,0.03640052632107582,0.06953390678135629,0.12777572851346353,0.06410762017440086,0.036400240711100595,-0.001826520852299618,-0.016606195925202294,0.0264004620080851,0.08909830798886276,0.026136957658128512,0.029381965552178313,0.12248690412948626,0.04329258080723508,0.016887717274899128,0.022039341629867648,0.03146524064171108,0.025463462599227604,0.05419959028387478,-0.011310076331750296,0.05348532438765563
2005-08,-0.003093846682708845,,-0.012246381391820993,0.026719278466741825,-0.012888066824941258,0.012488436632747346,-0.07534246575342463,0.030555783983177376,-0.05220061412487209,0.023862375138734793,0.012229210342417751,0.002010683533945956,-0.017065893038809565,-0.021986149398238397,-0.012333900672411358,0.012987854246529151,0.01564272653257337,0.011256814369583479,0.0013447322093247394,0.012756230644447752,-0.09585492227979264,-0.06291593516514926,-0.01949012052511312,0.004633306857294128,-0.014451813144845449,-0.009887760555852387,-0.05049700121628997,-0.017062943428860833,0.05336879432624109,-0.021913138337765092,0.024222850222042958,-0.01245327882172842,0.024565349018251137,-0.01244387427838356,-0.0007309407207074514,0.004317824802388737,0.017386941287706792,0.00536164844407061,0.026868388040444557,0.0011764705882353343,-0.017425936142001275,-0.0044664419337652195,-0.016390296851225394,-0.06441476826394332,0.35121344933603704,-0.13883627079558558,-0.01639003835666153,0.04233506698915357,0.005250461189158395,-0.06607185917530733,0.013470993117010721,-0.07437595517065698,-0.126124859392576,0.4505893773983285,-0.09009551328357013,-0.003726506804925589,0.0011390863741702617,-0.12813919246801175,-0.01378665185488348,0.1182055410582421,-0.0712527801071936,0.1073438688413757
2005-09,0.013965517241379288,,0.041386040410181124,-0.021521906225979937,0.04285284168393466,-0.013248058474189084,0.006790123456790198,0.020461903241986157,0.06776457883369336,-0.0021680216802167918,-0.0040271545276722165,-0.0031791954844944126,0.010721377882763061,0.002461157706586059,0.005154360341563358,-0.013985007835490393,-0.02661147250147844,-0.010446138672310812,0.03459132469588844,-0.02897706589006177,0.11502251330331559,-0.07522220285813874,0.06685249497349655,0.030043483989985464,0.005695727589218658,0.005692553060974159,0.1466937585582404,0.010719949989002275,0.09501767379229076,0.002453714030782983,0.08986992510839564,0.0053524566736820045,-0.034107218235542525,0.005352039490776894,-0.0027169085760264666,-0.00580956668577437,-0.019238807739884067,-0.005751333263620206,-0.030712188946619423,-0.0033294163728946335,0.04794996183112121,0.04511988956355606,0.006495106008564289,0.0826036543920674,-0.04526529821843528,-0.050806933652121966,0.006494518040555786,0.045430883142918876,0.07806324110671947,0.09587744212066429,0.06670224119530421,0.05035773252614195,-0.08189863234111017,0.13848959264693783,0.028668460283156172,0.04699951211579112,0.03864563716258629,-0.042600256885971244,0.07391049164972108,-0.051315789473684204,0.09055101366492946,0.043403138164723076
2005-10,-0.017514028226492062,,-0.02754393511122033,0.005106048703849231,-0.036370676566591764,-0.01331018518518523,-0.04414469650521158,-0.01797383795618812,-0.023388116308470264,-0.0076045627376426506,-0.01721349353049917,-0.0009933814727236534,-0.01704083332516726,-0.03408358364536612,-0.019850544313918417,-0.009065657447501985,-0.0033144322937760373,-0.0039024532200330198,-0.06767041680205443,-0.026467721376621456,0.14207048458149774,0.03425125438741139,0.01833211975842719,-0.029525393373416975,-0.02456209022409228,0.0019030424280868097,-0.027407550077041654,-0.017037580033674282,0.0014603028206900959,-0.034073208722741444,0.009041591320072317,-0.019848551417569027,0.003059173149200234,-0.019855626765901913,-0.0008382493163028304,-0.0033391512682632296,-0.013361758907695198,-0.011148506520824553,-0.02130561562988631,-0.004126547455295726,-0.035214610327049756,-0.02386638271398156,-0.01903554541805763,0.1369058610628946,-0.2377161401551645,-0.045012594458438304,-0.019035051008926995,0.01826517882447054,-0.011522849286369041,0.009031650043194839,0.04834235299467937,-0.04532355252816356,-0.004206098843322903,-0.14840953317008565,-0.017064700081464657,0.008465361913637892,-0.015940769840970148,-0.016248043526868816,0.010273594488362736,-0.09444429906052909,-0.08447526938491445,-0.026442518680624305
2005-11,-0.010557286258220833,,0.057043110121163254,-0.022832579690727384,0.030760825505366407,0.007507331378299176,0.02437459910198836,0.013820953247639656,-0.047896440129449824,-0.014778325123152691,-0.0010579522745972625,-0.00047142092845808836,0.055782075565746325,0.04451607406565938,0.03409679190524728,0.0017654423707871292,-0.018300157806690143,0.006776437454899087,0.03327542952402718,-0.03203943314849045,0.005357334190506879,-0.03131761758341878,0.048832807570977854,0.021776383433075752,0.04495636035313,0.02634847193473755,0.0011881893973899604,0.05577986355082465,0.08549501151189554,0.04451867423042599,0.09677419354838723,0.03413755218633252,-0.022568839316835176,0.03414394065897386,-0.00031460721289466864,0.00022704365376657876,0.002296947540219696,-0.0019144862795149598,0.0025004557423846663,-0.0018745067087608813,0.0425353649507032,0.026960111390021968,0.040634090602905015,0.1315618503118503,-0.09060067850728404,-0.040843510141640116,0.04063467612771188,0.02759562486181366,0.05947807656643267,0.09371108343711088,0.09829949678986627,-0.07711306256860584,0.008447729672650395,-0.03063606836696664,0.08907306434023976,0.039430111667308365,0.018962803731142897,-0.031264994822840286,0.02809759296194092,-0.05617847647670793,-0.035813520668956045,0.026379372520735744
2005-12,-0.006122092006296986,,0.03774994769405504,-0.005770109689213876,0.029559008590031244,0.004657119571545021,0.06324358171571687,0.0015259467040673602,0.03657375934738272,0.04611111111111099,0.010708401976935678,0.0001042002575390999,-0.019352158292062382,-0.006525374189426225,-0.0033450397081242755,0.003834811855891962,0.0016557776290644366,0.008458874345815603,-0.007911814618363322,0.011616804583068019,-0.0006394543323031687,0.10411474253468134,0.09953480911132506,0.030678329076037958,0.0035761859616700864,-0.0006168885092651122,0.04116146132088527,-0.01935291618151025,0.08540723981900444,-0.006451079315193176,0.18104575163398695,-0.0034591488963869876,-0.003298564678612892,-0.0034588843185914264,0.0008392165913120309,0.00045710784124208814,0.008062193366237258,0.0013853367433929176,0.019246817851582776,-0.0005930611841454825,0.03376787216148025,0.019840834117068606,-0.013052571819832215,0.005770224493311327,0.11630458635066931,0.06939460187820545,-0.013053895321464837,-0.014114526115417081,0.0405101275318831,0.0602049530315969,0.060194328145983134,0.012786202795123325,0.13891797556719032,-0.11399092939632283,0.07586013537870007,-0.007631325479736217,0.051798832171783715,0.0772700018248651,0.006787246142643921,0.047428046540110014,0.057676492377541244,-0.030807699289683743
2006-01,0.03291094684970086,,0.04753744239631352,0.03579842555881174,0.049622022346517136,-0.012747711206397172,-0.013545347467608937,0.02030001904527179,0.02820041972717746,-0.0392989909718533,-0.011642798928862552,-0.0005242371964935266,0.0364639500847328,0.0860986056185773,0.022915461657889047,-0.005730237584269826,0.025250194576649454,-0.0032314361474834463,0.06608239616593581,0.0013371086990718872,0.02207529060467106,0.10364581115038973,-0.029724998176380524,0.022530416061683267,0.05529314695014764,0.02058355689561031,0.01149359778107062,0.03646472263176248,0.027292860865033797,0.08610116817891744,0.22772551189817358,0.02295056800736872,0.025939177101967914,0.022948806508557906,-0.0008385128973764644,-0.0016752976637613992,-0.008854622001934431,-0.006065765669894585,-0.011767918147387313,-0.001285728414597953,0.03260609183401364,0.030839375909897493,0.010796057413143823,0.1355501641215926,0.02005111067426757,0.013911746554207127,0.010796918284823098,-0.03610216751652218,0.09937515020427767,0.11196133709222722,0.0913493778406973,0.020551967116852587,-0.057615691081826625,-0.1842147484976766,-0.015412680093816244,0.1085560698820367,0.0372492836676217,-0.03138687897780901,-0.030661373426809635,0.10003215528077414,0.011791770821953929,-0.12550450733499297
2006-02,-0.018401772022491047,,0.018861439903218313,-0.01442361034061912,0.006537643663611981,0.002699847399929567,-0.03343283582089551,0.001141941080232467,-0.017221584385763378,-0.08899944720840236,-0.00035339851572624426,-0.00028859142148285333,-0.026169839190658073,-0.006375124415718636,-0.0007812093120149743,-0.004580247552326888,-0.020523603823906833,-0.003247685843409731,0.0018343398749516293,0.010761134239258618,0.06938647746243731,-0.06328991799324657,-0.07108220877344673,0.003819223424570417,-0.011852556911536416,0.0,0.05841143436695906,-0.026169198527575266,-0.036522731595967306,-0.0063870011752081846,-0.05747126436781602,-0.0009337768773501898,-0.028334786399302536,-0.0009337068160596429,0.0,-0.0019065249328371614,-0.0035994752951025166,-0.0007494646680943351,0.0019380425347745867,-0.00039611804317696286,0.019434389239301186,0.005808065900431814,0.013076249443661148,-0.025512768952342557,-0.20292927346309497,0.040769484389662436,0.013075274063823583,-0.02686346116451832,-0.020111487594272615,-0.016419171797657728,-0.016829384856967278,0.05235903337169168,-0.05853658536585371,-0.29816474021384776,-0.04650811056074422,-0.028151939655172376,-0.03125,-0.022860140908409488,-0.04750130707563616,-0.11052058143551857,0.07673449686253586,-0.005662032942736928
2006-03,-0.034542614129491445,,0.02708026931847307,-0.010582010582010581,0.041325821643475535,-0.009248419573870348,0.01914762198888198,-0.028351448281913272,-0.05036344755970934,-0.00182038834951459,-0.019915154371906607,-0.0014225188242267262,0.01589777345315091,0.046839535915805586,0.008108591085762118,-0.007130129389845363,0.014979629350196921,-0.01551949095722105,-0.0049950963280638305,-0.0209045694746659,0.11230363937945165,-0.05893500875476365,-0.033060861120103535,0.03363250573142795,0.02098503526173956,-0.03705685307527673,-0.055489503664401196,0.015894874167902584,0.06949654491609092,0.04684768075696799,0.04567192730750835,0.008261635136150192,0.003499327052489898,0.008261014686248291,-0.0005245103695700193,-0.0025229360549354762,-0.014045754084880291,-0.011250401800064203,-0.03481620352208026,-0.003962750148603034,0.02007290651392646,0.012551356720393647,0.010836086635556352,0.14635404575820887,0.1785944551901999,-0.011526324126082899,0.010836855969498904,-0.06320552264789292,0.031121026213050795,0.1748496379035227,0.13062046456720244,-0.04920721705850184,-0.008635578583765069,0.05078296724119635,-0.06844588967759846,0.006375606375606413,0.004134735341293938,-0.03789215310270766,-0.08581197754068182,0.05201362332695969,-0.08726863048120126,-0.07724618094520097
2006-04,0.06040992448759441,,0.004322122963741348,0.04881101376720909,-0.006448749649032304,-0.013234077750206685,0.00242424242424244,0.04289326350009026,-0.049070530344450525,-0.0006079027355622157,-0.013586629794396954,0.00015828280740937117,-0.005235110453787883,-0.0038881284899284774,0.009779084281820838,-0.002692989640341814,0.03858577394548002,-0.017464557524336954,0.05551007793379381,0.031113580442892363,-0.019912280701754326,-0.0010944750897469158,0.060975099393178356,0.009060663976782068,0.010265625877463824,-0.012054595965696357,0.01890053733137953,-0.005235515895882337,-0.00498430865792876,-0.003893009775507106,-0.04459181340041152,0.009667193617003633,0.04685264663805433,0.009666473557891297,-0.0005247856250720773,-0.0006131683777379493,-0.0076369561807493325,-0.00563502384048542,-0.02118525333744914,-0.0007957032027055,-0.0021087988685726256,0.010643420876622178,0.020723623071680963,0.11950138379497344,0.11816192560175054,0.0061631762545144575,0.020723714080115974,-0.013534322305042368,0.11553440069234111,0.17170767382332963,0.3197186991370575,0.10839562967222527,-0.0055749128919860835,-0.11536399028067745,0.06274743518794446,0.08683376945324328,-0.037662844769443704,0.02729277950516873,-0.011433146116608062,0.05773435946951411,-0.004368646559690825,0.026423292256371633
2006-05,-0.009494743981010467,,-0.05449384557024939,0.02571056628335855,-0.032647504793506976,0.0027541611783019615,-0.03204353083434097,0.015087886397090688,-0.015092712376024164,0.035279805352797844,0.00377864456362742,-0.0017924889109668385,-0.07481002501533951,-0.060616746516209075,-0.03343451706103939,-0.004801858775802859,0.01344246935429294,0.00354661424843683,-0.046325452567019476,0.005234393041336327,0.03750111876845974,-0.0979971074199062,-0.14697065320290315,-0.04947971471998125,-0.04946136143814828,-0.0227406103286385,0.09815238235727963,-0.0748084275334735,-0.07501546072974641,-0.06060830220315361,-0.1129727142173288,-0.03328168933264486,0.015288691492996387,-0.033287430941491,-0.0005250611696262508,-0.0028372509239130705,-0.004741344093523003,0.0028334786399302203,-0.004394176682541939,0.0009954210631097915,-0.04197405884213867,-0.04469308249910664,-0.020915353651841162,-0.07623507657675765,0.012781311154598907,0.009041126097982355,-0.020915158970513104,0.04575411200530799,-0.018425135764158274,-0.08622380740080249,0.12530832596453667,-0.021789883268482413,-0.007533286615276746,-0.06498848435685023,-0.044622471460044166,0.0717860989672432,0.06853559572113621,-0.0357771109271523,0.08331751635475593,-0.027627127745261104,0.09762889207661796,0.014980723872685786
2006-06,-0.010612803834303408,,-0.0026423917103607364,-0.011739820200951878,0.009285465231335666,-0.006209696680200549,0.09556527170518425,-0.014852963128825225,-0.040863981319322784,-0.05875440658049358,-0.007407407407407418,-0.0016393677259249895,-0.006550352004897508,0.004491734948804504,-0.002641058239496341,-0.001960490990137287,-0.003107384532415769,-0.008286963137559056,0.025984845907390808,-0.019756489777165265,0.10904071773636992,-0.00723968709003453,-0.022565430500323558,0.014858914118428546,-0.003707602339181215,0.0037031476755240433,0.05616656871799175,-0.006553251879811373,-0.011432773951995712,0.004475359275542878,0.02752293577981635,-0.0027558954964427285,-0.007150668797846427,-0.002755708556263059,0.00042026960295027393,-0.00215285257204334,-0.0005956811096424763,-0.0056509454466420195,0.004118854265546146,-0.0024860779634049424,0.00683327169299619,0.005934594761854095,-0.0020326119627290806,-0.08396248993712063,0.060865889740957524,-0.06699447580889939,-0.0020331220097913327,0.055671055016768056,-0.05087927287097416,-0.1310499609679937,-0.05026985669678863,0.039512065765049176,0.01924095322153585,-0.07848880667672609,0.05882352941176472,-0.015665641995743718,0.0057304611985637965,0.024012019424248132,0.06993056001681963,0.027280006626722253,-0.038245694956949516,0.10852508664587401
2006-07,0.030622837370242184,,-0.0039255395883038835,0.010380993150684859,0.007208149316999757,0.02114876231675078,-0.09293044469783351,-0.01359410344939549,0.020541692026780245,-0.030586766541822685,0.012845608025446653,0.001058681852869725,-0.045713170651548785,-0.036778350515463853,0.0017603095716831607,0.007857368260229647,-0.0031170704689774675,0.007622127787597188,0.04035583924632857,-0.005468322787282154,0.01617921593030469,-0.017325763508222347,-0.10194909641404115,0.01563522652897964,-0.03265909864644356,0.03554868624420404,-0.014197138314785307,-0.04570718590189904,-0.004193155687812755,-0.03676701160238316,-0.08771008403361336,0.0018706846705893732,-0.008218945941365852,0.0018790599598681457,-0.0005251163132633518,0.0033903534175379058,0.011175677946035467,0.0071038251366120075,0.015235847323007201,0.0018941282025719541,0.009008378666759853,0.019516831028593584,-0.0015115635553178963,-0.01964277231485434,-0.003244350845238775,-0.028459146095488497,-0.0015115500436626572,-0.007595697470694551,0.028624960965962343,0.04121280179674347,0.06407855774255355,0.009693877551020247,-0.06442674056113606,0.30523473063865625,-0.011720915498534823,-6.005645306583762e-05,-0.029003912953937006,-0.03712534059945505,-0.008793620122160895,-0.008466603951081897,0.003787587657137381,-0.006725784892250619
2006-08,-0.0030216551955681847,,0.0275313679343816,0.018800974473043075,0.027337702668879027,0.017533537302894642,-0.029541169076052753,0.023612802703621982,-0.0035783509765915378,0.01674179008370902,0.012441116076820746,0.0016403230852615192,0.04230657468493404,0.024268857196371618,0.01853408772448062,0.007794363081125244,0.000781704244460224,0.005835704539279396,0.02446480089745995,-0.02788469091194723,0.06085425597060645,0.04739017830461201,0.056787652109782316,-0.002124206406033835,0.006164973726046963,0.005488685604236876,-0.048607415291822,0.04229852379724375,0.04210812279271936,0.02426684029190751,-0.20840529648819806,0.018570070613796785,-0.004015378043571105,0.018568652245126716,-0.001891411939012544,0.003300529740329683,0.01252536071712429,0.0049918610960391074,0.02249383079794387,0.0003980099502487455,0.0311264822134385,0.02204329402016536,0.014336346583464499,0.08130829800121142,-0.18650068524440377,-0.03443611036699712,0.014337342782403395,0.01663242132583531,-0.01942926533090472,0.12996117342536673,-0.023613185733870723,-0.06543708943911053,-0.04498333950388744,-0.27863331999267504,-0.04631781392739809,0.007747747747747891,-0.07635476687051501,-0.07335854806671926,0.049887108320942675,-0.0744104093250203,0.007843677738472499,0.08339925229841127
2006-09,-0.022899478026603748,,0.023202233486027124,-0.018038155637573383,0.015490305775628155,0.008789175436567653,-0.008419689119171014,-0.012777497882923039,-0.08409396977405348,-0.02533248891703599,0.0042949176807445255,0.00010558303280672199,0.04345985461754509,0.006321839080459801,0.021788598539494552,0.0038650126529362616,-0.011671217666918365,-0.0011799611429149648,0.007597707028410339,-0.0101001939237233,-0.06270293671982108,-0.003233552866211631,-0.15283385673695227,0.007558181252840468,0.002617327431279959,-0.004357402796399179,-0.00950960283423441,0.04346645425250739,0.00306308654848797,0.0062507449245805535,-0.06800000000000006,0.021672832716728596,-0.018871161434208306,0.02167120753868068,-0.0006316653857895149,0.0007646428312002573,0.006402788472440912,-0.00032393909944927746,0.012099056856015311,-0.000895166103043632,0.0229448801687977,0.005595748993205918,0.023515931451129513,-0.09262620151912337,-0.1475501895268848,0.058469392001553544,0.023515606347512596,-0.02327461492638927,-0.047368421052631504,-0.11434570964970892,0.0012993272837773517,-0.05839416058394176,0.01298701298701288,-0.2725581571656337,0.08125367616166712,-0.08796710173431077,0.10264457116613723,-0.014858317427690504,-0.025817077456477544,-0.11960755601112893,0.049142117386785644,-0.057447375755886654
2006-10,0.03929002240220569,,0.04110042650136436,0.018793012175754242,0.015730889531301973,-0.0025220680958385477,0.007838014369693003,-0.004462686080979661,-0.023198823721614192,0.01299545159194282,-0.0022570681872180476,-0.00031671565862012585,0.042782785952482305,0.05313846633092778,0.02805595179179643,0.00044425182011842423,0.004709248022572998,-0.0002719345692734354,0.04426417669218807,0.005795445269773936,0.16143187066974596,0.0055578083629510555,0.013709914680788415,0.02573293768545981,0.036955946394629846,0.021497619391141143,0.056544359255202625,0.042777748862170784,0.015853420830355347,0.053130305463064076,-0.01716738197424883,0.028096531362905797,0.0026228361601678962,0.028102624325161862,-0.0005267205326199287,-0.0004584351595617875,0.0014459189804796324,-0.0021602937999568583,0.0022240921984661988,-0.0009955201592832807,0.02530230876376982,0.03287063813379598,0.031492195274309465,0.01992740202977994,-0.08061594202898548,0.22190186621933328,0.03149191358753378,-0.061005227619254976,0.004333225002708163,0.06326112727664635,-0.033215429372737026,0.10709158771174287,0.1595866819747418,0.12126030628913598,0.1345585949642525,-0.055348624452721706,-0.01565374336191039,0.15061551760112057,-0.022538456982560517,-0.09341006619872938,0.09029159678713472,0.06738044575300384
2006-11,0.01973138782954731,,0.0062849073167008385,0.030397505845674244,-0.005036057236671332,0.00850476956671642,0.025923525599481634,-0.018148899504831673,0.01839772537213591,0.03527902501603597,0.005714966067388971,0.0005808293318814162,0.02983948643249934,0.021395646922527156,0.014278736222116839,0.004138969326378916,0.03593717495319315,0.0,0.03373622751705496,0.005518584645349822,0.02452442500165697,0.1080984913179619,0.002263756675179973,-0.012960262908190412,0.027506438664470112,-0.017537664783427442,0.03945833873266813,0.029842386059873327,-0.008890310201471019,0.02140714821294676,0.07105994442238983,0.014247409922416798,0.03453086850366227,0.014238347558460651,0.0002107992453388441,0.0006847459388537036,0.007790725809915022,0.002056722234249797,0.01497697402346998,0.00039860488290988094,-0.0027410984431039953,-0.016591015144444943,0.01056185847866642,0.019029633933759227,0.11562919838781904,0.1658265047835601,0.010561965023562214,-0.028175507576680303,0.06514939057275382,0.13414757753902284,-0.054554901281607227,0.08687759336099576,0.02524752475247527,0.11201640370463473,0.09490051029144819,0.08301051466519094,0.017348377997179032,0.06403813273923631,-0.015798084179331373,0.040839540601034896,0.03236904537351659,-0.0557611638264619
2006-12,-0.0006504065040650042,,0.04096339844490804,-0.004942007060010134,0.03768757327080885,-0.014017094017094056,0.04990524320909673,-0.021183710648508214,0.05025455739858775,0.0030978934324659146,-0.02249319284953244,-0.0013720723900116916,-0.02293941488136375,0.00047059391365200653,0.009610821072615128,-0.01030321472512663,-0.005547467242331572,-0.016283352631571102,0.049890883314914536,-0.03147699757869249,-0.015462250113217224,0.015284824352963744,0.005270168529565078,0.0224389786395931,-0.008976052569183435,0.017275667904636416,-0.021691703546718344,-0.022940843856862125,0.06279039752194104,0.00046492848665780073,-0.050037064492216454,0.009542133996589985,-0.02090357383681729,0.009541462346417617,-0.001475283728674226,-0.004725610095076882,-0.01574127406049619,-0.013179215728637783,-0.025683132469555114,-0.004681741209283774,0.033047888093678424,0.02286697811654781,0.01658525453196158,0.012401995723449799,-0.06631342324983946,-0.0006347921285776437,0.01666671196649272,0.017624575945005105,-0.02288607594936709,-0.08360516555699538,-0.10155248213958601,-0.014077785731329007,-0.01770481248994049,-0.29509152768182845,0.0074444791992491766,-0.03608840061318341,0.014106474421184068,-0.0065491551833276596,0.038159095106703456,-0.049178594091518146,-0.039308479566024124,-0.053319938767699915
2007-01,-0.015131793036121,,0.030145138762373236,0.0033954996959255634,0.008690641955154454,-0.00681923254738781,-0.010830324909747335,-0.009759972762866664,-0.03893666927286943,0.0438542310067942,-0.008962092769771002,-0.0005273442875622925,0.015494810700189987,0.011952287337329448,0.010148424159886149,-0.005056514612024832,-0.013523234974884502,-0.017294784971094712,0.005544782893573963,-0.017416666666666747,-0.056512025233276364,-0.06774622050730594,-0.10744325383108655,-0.00467825528596999,0.031558320231503734,-0.016793857169775772,-0.0448391207390888,0.015493151817455253,0.009593782257574901,0.0119480011250932,-0.09793211080764719,0.010218944171560551,-0.021952479338842923,0.01021823168039182,-0.0026488808214697457,-0.0021442794566246537,-0.006687986591901174,-0.003503010399562023,-0.0117778347779528,-0.0008006405124099114,0.01539628513079827,0.019399460188933793,0.009649484324086188,0.006054632497887846,-0.06534823731728279,0.03523032735574616,0.009650199215258448,-0.021350831515492774,0.021245724945590183,0.04910278915545141,-0.096312154344114,-0.012100677637947754,0.053416352613468776,0.20251682946679272,-0.05073273720814697,0.033198595189185776,-0.031135718924091726,0.031932361230241346,-0.02876689435066937,-0.06395758407178065,-0.06686792493263105,0.04097479795580794
2007-02,0.016520733520568376,,-0.017956305929236027,-5.050760139413413e-05,-0.019183168316831756,0.012684743395787068,0.0504866180048662,0.00410291673829577,-0.003091441588024657,0.002958579881656931,0.010998411340584102,0.001531096683798694,-0.0205287035016275,-0.01206140350877194,-0.02356266381971106,0.012398742070008462,0.014169198784583337,0.013539943293991774,-0.03089780343673132,0.016453227037571017,0.1143613316617913,-0.018862803636856995,0.0063254372942618264,-0.0046772038154924145,0.0031034635094540075,-0.013798720743597781,0.033736346201951095,-0.020526904247581967,0.003728874721838027,-0.012048629574128666,0.026816608996539593,-0.023628569018275702,0.018836370037848882,-0.02362693823714357,0.001269760650117524,0.005136606431766388,0.01727165431568256,0.005822256398989367,0.02611364936802074,0.0019030448717949344,-0.03316822011010101,-0.037799933807711406,-0.030489548707495207,0.031117331467226617,0.12548298068077268,0.046658663465386274,-0.030489451730036365,0.059988255807682966,0.022224477369596096,0.03922844527074143,0.056743189125162186,0.027927486526212686,0.08461658111681447,-0.05165936714940844,-0.016713547458624967,0.0626603386351976,0.011288274305065515,0.07153035052721579,0.041591962476756006,0.04979006575299039,0.01299249328989105,-0.006964311141603452
2007-03,0.027628798959856926,,0.025355968016903985,0.0020204061016264596,0.020272064176313664,-0.0054010572282233715,0.1273885350318471,0.013513976236403158,-0.004733148359719386,0.1067846607669618,-0.006889882751118237,-0.000790773792502697,0.002474684264421434,0.007901848188003768,0.006938701131218528,-0.0014747140715747342,0.007884445565787823,-0.013451601843508243,0.015350907102155587,0.0005006257822277593,-0.05612499999999998,-0.07805440295066857,-0.0799820409210441,0.023819995833237018,0.009556840077071138,0.01459907207229083,-0.06730334903529722,0.0024769483110202994,-0.01114506561207984,0.007889811745422026,-0.06444818871103608,0.006935716978760942,-0.0006911447084233524,0.006935226710440556,-0.0009511128019783488,-0.0003049483100276973,-0.004316540859409246,-0.004696373962429057,-0.014941831241773396,-0.0019994001799460426,0.025208519068846025,0.014652833612086802,0.005611658524757868,0.0018097909691430214,0.10560732385156113,-0.14006558936976432,0.005611604842512774,0.05556733228755939,-0.01459346768589287,-0.05514557896149208,0.14315452361889514,0.05576739752144899,-0.08188727950666874,0.04056972803851533,0.06652696005056047,-0.007483855392600658,-0.04182363610994844,-0.033333333333333215,0.007647297066848635,0.03637324076519666,-0.10245946933952232,-0.04371488535189594
2007-04,0.027518582951130854,,0.06289956209165615,0.016130658332493386,0.05813881909196206,-0.002888503755054894,-0.09244992295839749,0.03877383244929433,-0.10708428993112484,0.16044776119402981,-0.005720545277507316,-0.0006328995494855327,0.049418797113374824,0.013489413144696982,0.040001948937828935,0.000295383083474432,0.021052631578947434,-0.0059371592976283916,0.018082003359439325,-0.018430489533816985,-0.12971791815653555,-0.05350802620393058,-0.0345092024539877,0.02238401012932978,0.02617429901955437,0.011372342463129792,0.10384668603846703,0.049416563945807734,0.0026055868629946133,0.01348366425554648,-0.07609185051778489,0.03996255704200635,0.0037174721189590088,0.039967551714455096,-0.00042311923500049087,-0.000838862370115101,0.001878606356217949,-0.0035114671348621673,0.00449436327440722,-0.001502554342382001,0.05056099436879924,0.03833620773673574,0.05434110861780517,0.046879234034866046,0.11777317758391259,-0.049073269048371726,0.05434083950599411,-0.0026080087826167997,0.02166028611726789,-0.0002840102243680809,0.1272120278283606,0.022347629796839685,-0.08794126835363947,0.00021574205425811677,-0.05361319901444028,0.03472179993919111,-0.01620008009028362,-0.04638206162876013,-0.007906580707943145,-0.04842174245458186,0.1032599258031417,-0.0039803979034753745
2007-05,-0.002000923503155283,,0.06268038511533636,-0.009623970632007262,0.03916025851217997,-0.029432213209733438,0.04697226938313537,0.03632914137033816,0.036363636363636376,0.10932475884244375,-0.019341412657608026,-0.0007390339911581556,0.028205382410728896,0.0361386021683161,0.029896596727236213,-0.014023985265416039,-0.015574242739987976,-0.015394848789542892,0.02659081103688865,-0.02175021240441799,-0.04694514190063148,0.05418185660696362,0.1339446891472309,0.021871820956256283,0.044976778293815745,0.019174774518855076,0.01463491068630507,0.02820633022738872,0.03728997945122692,0.03615265786101762,0.026803118908382162,0.02989843832040684,-0.016968130921619307,0.029896195847834095,-0.0005291229258380659,-0.00610364400569996,-0.01788581052131255,-0.012663803545865049,-0.023489957477972667,-0.004614767255216812,0.042804218983956144,0.03246843346746209,0.0407138210361897,-0.01594046591889564,0.015278788279648126,0.061257779301603144,0.040714323126632035,-0.011275440211978238,-0.033625875160240626,-0.007765151515151558,-0.04527473437855967,0.05762861558843002,0.09111149169378319,-0.011170757439414203,0.05243211178486695,-0.009696755994358264,-0.00873297809354645,0.08749068352847833,-0.029218286884022393,-0.0507326778130619,0.04339066479695508,0.010257638484962417
2007-06,0.024676125848241748,,0.005431853049716162,0.014225606090963794,-0.005807014731291971,-0.005969436485195767,0.07945945945945954,0.005241079181094399,0.13521176679071423,-0.03312629399585909,-0.009362127075271509,5.1803705838793235e-05,-0.000762599324179325,-0.016664007112408008,-0.020938121417709676,-0.003441054731618709,0.0048065847720919486,-0.01687043792753473,0.051829170334860564,-0.015372589890568,-0.11512054925754434,-0.01678987595539405,0.007195618950585736,-0.0016447724370765027,-0.025497076023391907,-0.0034376233944208856,0.15858479785032586,-0.0007632962101574714,0.01002155800268012,-0.016665510944687045,-0.03084954912197435,-0.020968070850084453,0.00017523876281444473,-0.02096654383384078,-0.0010693941511551452,-7.666942926376485e-05,-0.006316095639376185,-0.003903635958063756,-0.01260017708640948,-0.0007055029227978071,-0.011599765746823198,-0.010960734246661996,-0.018637950182452845,-0.012713443370377608,0.03081433224755692,-0.13547408096333646,-0.018637937236601898,0.0011213958527360735,-0.023673469387755164,-0.08303111280778774,0.0163568128077749,0.02567849686847601,0.05650604300737716,-0.16147754347910948,-0.07527790825113523,-0.005934365913002226,0.01045244139166801,0.04943402900601357,-0.01311866100699044,0.09253959937124656,0.12784153245271446,-0.0337117466166329
2007-07,0.010385310054184194,,-0.05991215770372815,0.013877913868036273,-0.05348984235623555,0.002282008167187044,-0.05858788182273411,-0.0026537068642550343,0.0248204807992507,0.04453961456102773,0.01890120967741926,0.000581934889421154,-0.0052413889900128074,-0.07256120178041547,-0.035304659498207824,0.013361354617506205,0.010540013012361849,0.017351700332395747,0.06055015044369427,0.03263649995589657,0.04050884157343915,0.013304447559576937,-0.05323386230005689,-0.04287789122282204,-0.04732931182032596,-0.012469409159771572,0.004398651080335325,-0.005239494096597408,-0.05722526680126916,-0.07256358422265052,0.08521057786483821,-0.035305932676213514,0.013841436706088395,-0.035303306430616854,0.000423975833377499,0.005673976951037885,0.016260167840541406,0.009965289441272063,0.02146162722160705,0.003429147755925177,-0.04834990684094431,-0.04702642863708484,-0.01790308825847442,-0.004351590772851521,-0.0315995702458447,-0.05648476338229136,-0.01790401310180978,0.05199563877798985,0.0244565217391306,0.04360949208992526,0.05737337516808605,0.026663952778342992,-0.06655771802109645,-0.09949350520140676,-0.0028783312451322596,0.012476867052713336,-0.02342249150288167,-0.02827167776186068,0.048225553366941565,0.10082266573209875,0.05478815764514766,0.09547375873598885
2007-08,-0.045434232086995374,,0.018644235092837302,-0.008475814701154327,-0.019527140859886494,0.009706411024565709,-0.0787234042553191,0.009150954224359964,-0.06047220106626061,0.11029110291102895,0.004328468958693987,-0.0013581598641179138,0.025185407278723648,0.01767234914762783,0.010093504241748708,0.012598260724567378,-0.004666249708742742,0.014404242418530444,0.03186755264454022,0.020756812163662763,-0.12685337726523882,-0.019367658525542675,-0.06617696160267106,-0.005979208660793267,0.004403886813535873,-0.004673117772008406,0.11754011120990548,0.025181024042054245,-0.032368598176589325,0.017678367760739944,-0.08258122743682317,0.010125000963918662,-0.005875745269161015,0.01011650949579379,-0.004788896540763865,0.004877487313268869,0.01820208902813203,0.005543237250554389,0.015059553661293856,0.003919991958990954,0.009365388943065156,0.009335133820359554,0.006703940962519805,-0.09276396476753257,-0.03432748156366239,-0.0032405573758687023,0.0067045724978984644,0.00498614244279727,0.0038767598449296337,-0.07335194973571368,-0.07333615938957183,-0.046391752577319534,0.09247174916441203,-0.1328637588729401,-0.0669700468654485,-0.023761792452830166,0.03813270787621992,0.028855742964922104,-0.030517291716431805,-0.050402144772117796,0.20697390779077351,-0.11136955534083703
2007-09,0.08895131086142327,,0.022329647613613002,0.015131417342176379,0.0063242611122757975,0.007120816520294282,0.11605080831408765,0.06053932212502855,0.06598573281452658,-0.08493353028064987,-0.006156877231867974,0.0009463795467306024,0.04732269579803039,0.01610050843710864,0.03221214102773695,0.003075113021864917,0.044909902972432025,-0.0010282012053491885,0.13174227008438222,0.005523012552301143,0.08848063555114205,0.11047272167645628,-0.041976544622425616,0.020984757000615195,0.022904510007089485,0.00948496632836937,0.27301983137394603,0.0473253201019499,0.011445554571898331,0.016088661976215723,0.040334481062469285,0.032345486747282104,0.034419817470664915,0.03235089808474756,9.581297307637016e-05,0.004320144863502184,0.002149304124677842,-0.0009922822491731376,-0.0019608832502330253,-0.0006007208650380402,0.015313042282724565,0.005351504071796409,0.03942189612967684,0.04205481135553635,0.04933432452524178,0.09310166287372512,0.03942210392945511,-0.011669817782555159,0.09979674796747973,0.13819081956627022,0.07151570600792923,0.07775467775467781,0.1477272727272727,0.1423865676666416,0.13736623716968777,0.09295162167059234,0.05393192915968226,0.12411235434182522,0.0011060250991041798,0.12069452286843596,0.21171074800096257,-0.09981097769536806
2007-10,0.051304098595586156,,0.018714127744721365,0.01795479843197989,0.01867265975086685,0.0029460287532405705,-0.04449042938437664,0.049547134124345416,-0.01414448669201529,0.09846650524616618,0.0028497088340975196,0.000998379011560635,0.06551190285528885,0.02348405187521907,0.011053406098840535,0.0029197072541391478,0.015181440320726214,0.0033667946007280847,0.14817098526616745,-0.009154460719041246,0.08940790073898364,-0.05672841502286696,-0.08121221168918413,0.03512608792680205,0.02103747934104594,0.025556703936859826,-0.07921567895821868,0.06551467588259308,0.0053766802125663204,0.023493510790837835,-0.017021276595744705,0.010922213430551109,0.003024955886059999,0.010921405807496454,-0.0011709352579251098,0.00030186394654108106,0.006720054441098577,-0.001655446418717621,0.011226537473144171,-0.00220396714085358,0.027035039050205212,0.01927527606956314,-0.004144514476697059,0.06335503349372584,0.13962774521800725,0.00805234575516911,-0.004144475804802261,-0.06790219591963864,0.06043245241175366,0.03720864261737056,-0.0458639126634004,0.05787037037037046,-0.0085046966235085,0.116001465264433,-0.016385048643113187,0.03536693191865603,0.00892054491390648,0.017676720340412677,-0.04884651987004884,0.16752739639753123,-0.1396711191125165,-0.13453962235474337
2007-11,-0.0530261723009815,,-0.022825952115122283,-0.010934677189312625,-0.03060713843703422,0.024556456350605105,0.0070384407146724115,-0.054398008378928164,-0.07698241283554452,0.09882439382806774,0.012478379046207078,-0.00041942937789041235,-0.07014406511835847,-0.07556683986773738,-0.04582539226692417,0.028538870732746302,0.009164295255241317,0.021154155131500874,-0.07908173896306814,0.033932471023013555,-0.009798174357256495,0.030412850776237788,-0.012429929320009858,-0.042471541911003774,-0.05415735499906016,-0.01848373797526326,0.14603531592863872,-0.07014469511316135,-0.0679062247372676,-0.07556816821131784,-0.023088023088023157,-0.045791698974441464,0.0208595124403117,-0.04578834957137434,-0.0029840566118167766,0.013507786273244893,0.03495970634832801,0.010391333185938656,0.040799336912267004,0.005823293172690924,-0.025881514476614687,-0.038591910214408665,-0.03688321946210649,-0.06885231356195387,-0.041989262503531966,0.02683801031558697,-0.03688292953821781,-0.0030047340573656767,-0.016382014639247044,-0.03190810465858329,-0.09622227430592545,0.07713347921225377,0.03853539879656909,-0.15984636909924754,-0.06178422696512231,-0.002401793339026459,0.057505140507196684,0.053508933505249656,-0.00768801715859635,-0.05154277699859755,0.06643334218989061,0.02748342075467347
2007-12,-0.005326040017273659,,0.021338496043332933,-0.034608729090559454,-0.014734861310789271,-0.0017201834862385912,0.026344086021505397,0.009695957561766333,0.07170315895035939,0.038783015713808044,-0.014276998169615585,-0.0006784170855378413,-0.005135410708512533,-0.0014051941084042285,-0.011177158648617347,0.0015609479861979914,-0.004367892822614183,0.006207365024228917,-0.03547068057820113,-0.010073111291632797,0.043301759133964834,0.05418250950570336,-0.07823297137216179,-0.004480569189895034,-0.004581990018990401,0.0007700744405292337,0.10122520420070003,-0.005135335468211766,-0.033424511308292715,-0.0013470979107028658,0.10979812900049235,-0.011207702804225561,-0.007631708517971347,-0.011214509106518555,0.002447836497349032,0.0006663178071908415,0.0016563068316606255,-0.009080962800875447,-0.006933301387102242,-0.004392094230385446,-0.00324112349192629,-0.01772986833337553,-0.013143845019575995,0.0703225499070943,0.10340962718263325,0.13344968499914867,-0.013144123911302374,-0.024141042005915936,0.06192416725726435,0.05330068744702876,-0.045052691137987155,0.06162180463856437,0.12610946745562113,0.004651178018327595,0.09089017581579206,0.05762131507142487,0.05207725711322819,0.10544628026925418,0.0041780147186649685,0.08306554813024314,0.0019708242409663956,-0.07102441393951386
2008-01,0.02315484804630974,,-0.14972913062843762,0.003186616211909854,-0.13591253912048973,0.010683515221137307,0.1430068098480881,-0.014652371037730316,-0.0032751091703058233,-0.05439330543933063,0.030824461500371214,0.013888337851837074,-0.12210293008703188,-0.07408118100062688,-0.06617458857059832,0.024652873133111708,0.01843834713801029,0.0030852874489541993,-0.16406821338884603,0.04570818972591506,-0.04904345006485078,0.014314697926059328,-0.15502008032128523,-0.09001470089336194,-0.06753773972070953,0.010702793452408654,0.3249688942404174,-0.12210681119827815,-0.1055356156819437,-0.07407359369122812,0.14241348713398416,-0.06607796315822123,0.04730009096171339,-0.06607335281759474,0.0016954393747132812,0.014120095546940714,0.02935097815615162,0.023738544771999548,0.02524159453859487,0.010627631842791363,-0.13596426841263087,-0.12547335880812327,-0.05357147309085575,0.04308924994435781,-0.06880513231756213,0.09912870394712159,-0.05357150574298375,-0.02788383928009197,0.0999416034036873,0.13907018328118004,0.0845059991112429,0.08308084834954554,0.014340448823207508,0.08745705195260856,0.0719053976730879,0.13901254552812614,0.06887417218543046,0.04850852497390301,-0.050654679123555146,-0.03893819251168418,0.04692379320811413,0.04159464706765248
2008-02,0.0422913719943423,,-0.03206393294837129,0.0007444907683145097,-0.020016626187875808,0.02068651966355972,0.17827681026581121,0.022413997393261997,0.19386637458926614,0.07760381211708656,0.005644289660141633,0.001768512862208249,-0.05384896473502632,-0.03943078198397343,-0.03497270188382928,0.016841888452729714,0.021941100687290938,-0.0011556725384624933,0.03567785435274784,0.021658950011771205,-0.06708720484187203,0.18642071341260147,0.012991128010139574,-0.0071579470610165785,-0.021078174810867267,0.012481255046718154,0.41195216227023224,-0.05385016474555959,-0.021683771895979587,-0.03943239760183781,0.14834951456310685,-0.035007180747295696,0.036083695223055656,-0.0350128662737611,-0.003598041302959265,0.010057338866642285,0.01607854927063923,0.008628127696289845,0.003714549505202669,0.005059523809523903,-0.03757820829209646,-0.029005429926455384,-0.024417335535529716,0.450475824691674,0.06194741072453769,0.08228691507354813,-0.02441744079430419,-0.015201568738296367,0.05066363291619269,0.16467171618068366,0.16538050035284213,0.23763250883392217,0.09799266134254259,0.16001981818018374,0.29712336892052194,0.25515189198791965,0.16469266015388606,0.18879821398941088,0.0005288335876192374,0.10996366418053172,0.14801965601965605,-0.09781901344290955
2008-03,-0.015605916677975173,,-0.023686661464495162,-0.000595149531319783,-0.020022953710018165,0.01592427616926506,-0.16413846752236483,-0.04381627489231843,-0.152948885976409,-0.009475679090334865,-0.007045617387150593,0.0009212149620934085,0.019902493830628254,0.0051060035094783185,-0.00696246257772315,-0.0001367580405874369,0.040229916974425795,0.008975453687349422,-0.06877021342923106,0.041170596820032435,-0.1555190058479532,-0.23621752243223504,-0.09123136273589827,-0.023706410994567717,-0.01245504034217948,0.009068951374014311,-0.26284895346142956,0.019903851791053473,-0.04401325130146716,0.005104049698861024,-0.2005410889414947,-0.007071332713946554,0.04953513183965863,-0.007070846092970484,-0.0012179226939595944,-0.0012359135712379787,0.014255259712641744,-0.012189905902480813,0.001448862659884309,-0.008390089823314684,-0.013143144645205829,-0.048367361384987206,-0.004310317671042285,-0.21927682485510014,-0.023192950208141827,0.019321383752042287,-0.00439219327897078,-0.09091914743492013,-0.059265141124666076,-0.1308083701182734,-0.006231198968629115,-0.23507018796098034,-0.15667387458226856,0.06710083639241304,-0.14604814924895404,-0.0654966207848271,0.11906175771971506,-0.22079965486175435,-0.06867557715674366,0.008294772078369705,-0.14456686442201505,-0.08262231565063272
2008-04,0.04080507306313752,,0.05156499767957512,0.005955039452136379,0.06483675395300526,-0.012495889510029556,0.17682643089809225,0.02524012968518008,-0.02011449791118669,0.04591836734693877,-0.0156343956704752,-0.004144362128140289,0.07414183141536324,0.039853465176514336,0.04682946437543967,-0.01969634468623571,-0.0076291048481386126,-0.027043789432352527,0.14553128177746832,-0.04175580966433068,0.10484743561999554,0.04338655482794995,-0.0532354290959155,0.06805128205128197,0.07498369652151426,0.020142715201878936,-0.05390695941698298,0.0741470985543069,0.09636963696369638,0.03985607126793678,-0.05033840947546542,0.046819497149590106,-0.038774324716816744,0.046824915533223654,-0.0010054766387129765,-0.00917164116959912,-0.026402198383520203,-0.012773327560077874,-0.01604626561496325,-0.0060720684849691064,0.05227545124416366,0.07066499479310573,0.04487257133456146,-0.06097377148025329,0.10803630728359526,0.054790277745514704,0.044872584425804884,0.04692448604401078,-0.06123388581952116,-0.04768365962395815,0.01904668304668311,0.11912908242612752,0.0459207459207458,0.06281284774870666,0.017348933094160746,-0.052972358954941345,0.08981162111966023,0.0890763418447107,0.06524632084333581,0.12244599047967775,-0.1502525252525253,0.08131332419742554
2008-05,0.014304635761589468,,0.02243416858726044,-0.002071925410685349,0.023048526233239608,-0.012765012765012851,-0.018979833926453193,0.009743074437482901,-0.07626717195641874,0.061890243902439135,-0.02113622480146593,-0.0009764487527691434,0.05823291333968217,0.04348663749208703,0.010456280783630145,-0.01130490599217493,-0.004034861200774675,-0.02143170516577475,-0.04828782798780373,-0.016475479251674363,-0.09626872980119472,-0.011424004513187036,0.02205525933107122,-0.009170787919527523,0.05046643392662964,0.018704621923145037,0.12442858461254502,0.058229514513228775,0.03160746538229975,0.04347704757918236,-0.15189309576837418,0.010535811828579877,-0.00853603263332825,0.010535027103074412,-0.003597661520011952,-0.005157655551831786,-0.01718136325166908,-0.01853070175438598,-0.021286035088594613,-0.009614421632448633,0.009613545664342027,-0.005945055381317177,-0.0132735592050226,0.029657275864836574,0.1547952047952048,-0.021237236002730864,-0.01327373903528506,0.06952511693802998,0.025420957985940795,0.01640545491553036,-0.07644086104467263,0.05113952195664262,-0.00033429908624915683,0.06349672755986835,-0.015447774941445891,0.0406221262644435,-0.12304727125177517,0.03392744998355224,0.03447072223787173,0.12207216024009937,-0.050794859665411085,0.07259128447514662
2008-06,0.0066597022721337495,,-0.1011006930289442,0.008502644717979235,-0.11666292737040218,-0.0015740948954351408,0.1616283756549779,-0.02278115457037766,0.07829059829059837,-0.10651737008326145,-0.012106839740389397,-0.0009272798990561659,-0.09720293335063923,-0.07600295413182812,-0.08686247140758707,0.005613996072863614,0.015508021390374438,-0.01342027115477451,-0.09613794082574545,-0.007123287671232825,0.10262245340268739,0.12414399847821955,-0.017429452217215924,-0.06932060476836599,-0.07195937847320588,0.004476217379022485,0.015194874123846125,-0.09720094060532503,-0.06470674058943682,-0.07600353007247351,0.19642857142857162,-0.08675746730112455,0.022323809523809635,-0.08675926229239672,-0.0022781491113069707,0.0027448077702498797,0.013483456102323377,-0.015305552452239968,0.018447143095028595,-0.006572959854383664,-0.11555218791437771,-0.09261459508571557,-0.1029367926745014,0.05865845578204776,0.04835849301440387,0.20727518187954708,-0.10293732746883155,-0.03576600100451455,0.04129135113591076,0.031840756167894835,0.0770869447171112,0.07615018508725546,0.2648534165644856,0.13198718630616768,0.15925371538543787,0.02566565489683792,0.02491613649508384,0.17007245433641383,0.015462300283554331,0.09475908051323789,0.1050719318090172,-0.08500963652387827
2008-07,-0.013101569593981122,,0.005175403494731334,-0.0027939806872211426,-0.013962332041047354,0.010698198198198172,-0.10131852879944481,-0.005201573451009356,-0.05247305009511727,-0.0793701799485862,0.018698673404927257,0.0012367936288768533,0.004198056242452175,0.03441188644505666,-0.01093228545589875,0.007066635831312507,-0.009861649672076256,0.028451770219773298,0.027673653622414474,-0.018921475875118277,-0.13090909090909086,-0.09040336738794763,-0.02015204537226989,-0.04293041055947522,-0.021063754843254734,0.03205918618988912,-0.08416695412211095,0.004195514328605654,-0.01474143982528664,0.03441289687708027,0.0636523266022826,-0.010923179021756546,-0.026904158592934935,-0.010922395394300288,0.002875729702948915,0.0037730265562621046,0.007955017637173434,0.017926026775584303,-0.0008110302900520283,0.006616449511400724,-0.0020751528997406954,-0.014805074768103221,0.0017641459090385059,-0.1748214417200501,-0.12782109997111857,-0.20366412782823706,0.0017638100737444873,0.017204510701035236,-0.01661180433284859,0.015991926406086154,-0.056910726750950213,-0.12248157248157243,-0.096677535912576,-0.3214614124203279,-0.17214664514641453,-0.14965349316351373,-0.125998826238093,-0.11733224566477563,-0.043348742851479716,-0.1179469929005188,-0.08733630991365915,0.11649051870590776
2008-08,-0.08688222923238698,,-0.011850102178932564,-0.0813507668108534,0.0161992565800535,0.012256267409470611,-0.001544401544401497,-0.03768529019178857,-0.06340973732641808,-0.1280977312390924,0.01314647153664894,-7.734027870820448e-05,0.011462986294048072,0.03409498578800685,0.012234494477485258,0.01059541653081486,-0.059522850220524504,0.025232129743244736,-0.06302340295451625,-0.009643201542912316,0.03392513852764889,0.016719763737413906,-0.003940886699507429,0.044937707415265926,0.015040299366724241,-0.02020583118489172,-0.0212982580037665,0.011468542390655534,-0.031903103229892316,0.03410744264129817,-0.08419314898885677,0.012231611780066487,-0.050624186260243564,0.01223072459563368,0.0007947332810671615,0.004866707544710858,0.01659362061831393,0.007690592955862607,0.02310952461304483,0.002629183941753599,-0.0005961777849848859,0.0181715632346946,0.016022041771263984,-0.20699578379101868,-0.03997350868063765,-0.04145635536693626,0.016022918588473045,-0.04317919109764212,-0.09481550677253614,-0.23598853868194847,-0.07301025967884534,-0.09309813803723932,-0.042048780487804915,-0.14022391285151947,-0.0643660873440286,-0.1544493392070484,0.12786673553719008,-0.05591340633489228,-0.021163537534353516,-0.07109451837578529,-0.008798044787809434,-0.07969207724613903
2008-09,-0.0683748380595941,,-0.08109850265225271,-0.011022526619936746,-0.10138463000841413,-0.019152449091909718,-0.11291569992266048,0.0043697724381037695,-0.17952840300107176,0.01681345076060836,0.009548292324641938,-0.004946892532272984,-0.1530201088956621,-0.08222029488291416,-0.08941861115774175,0.002652149071203036,-0.029331627319826192,0.0019657074895107485,-0.1505865229649047,0.02685816293411225,-0.20463742754019476,-0.10495860207675778,-0.15356083086053407,-0.12443380017701877,-0.10680609712867772,-0.051984169429885596,-0.1362048334044894,-0.15302571568805878,-0.09861803908741518,-0.08222625071024647,-0.08562415502478604,-0.09063303385078414,-0.012100677637947754,-0.09062653947780919,-0.00212475989140104,0.005446783372253128,-0.007575759372986712,0.012609224643291617,-0.0011987032920869334,0.008472012102874293,-0.0804652006261215,-0.08813931166872346,-0.05833673425294206,-0.3393158546191065,-0.10963831674386515,-0.1620099455517665,-0.05833657947043014,-0.06093610628608981,0.054523563811489595,-0.10446044604460436,-0.1499800381493146,-0.17567150355047856,-0.2076586210408392,-0.09614455304469294,-0.15166850236656437,-0.3153068667291862,-0.004991871035698758,-0.21161062576941914,-0.05268007221565085,-0.12869768145379112,-0.1484038053000325,-0.010965748132887088
2008-10,-0.15605686032138444,-0.1444402289038541,-0.150059918744337,-0.09722447654601529,-0.14417686259299733,0.00011222085063411491,-0.1974716652136007,-0.11689943408961123,-0.22643152623557583,0.011023622047244164,0.008972959864192998,0.012533268229237837,-0.1613634591173948,-0.2091650553189015,-0.17258210357208692,0.009118758898092993,-0.09855706988677815,-0.00766905415997865,-0.2276729887453105,0.06756222836823378,-0.1417766776677668,-0.13377456366749285,-0.07318141980718673,-0.1195516441695903,-0.22169305869746392,-0.14900146677197335,-0.1329133310128786,-0.16136110586595998,-0.23333030935317067,-0.20916863207547165,-0.11976343026121239,-0.17140633772988312,-0.03339866078719578,-0.17141253065686957,0.017690264439879977,0.006515373722557838,-0.013495091650838842,0.023047515019115172,-0.03453798451970158,0.015301530153015275,-0.1579641172288162,-0.1146612131965955,-0.14390894054254688,-0.015541173465043023,-0.3970335934473407,-0.17641288618241513,-0.1439088911139773,-0.05285873785598827,-0.1845539063774262,-0.20732592551231233,-0.364706189333055,-0.24456928838951297,-0.04215938303341904,-0.12543581929242675,-0.2674222752473858,-0.1914472683001066,-0.20691321657883233,-0.1142529254618655,-0.07646154250565174,-0.3287205813059544,-0.2113955228231087,-0.14641627738632745
2008-11,-0.015012815818381542,-0.07741911642430854,-0.07350665428659853,-0.04560709576890809,-0.05841664835567284,0.03803859964093359,0.10809342748506245,-0.03171187696215039,0.05178722206585973,0.06152647975077885,0.04855185674798701,0.0024295647867724757,-0.1129414734269032,-0.11892418560188256,-0.07443873870050499,0.05234057406755266,-0.0032183517860873145,0.05502408965277694,0.0015757897019492706,0.032050333086602656,-0.07402659830155423,-0.013658622927606334,-0.02568951930654051,-0.020902981798534448,-0.09569459317049966,-0.036566610097581775,-0.06552020360156385,-0.11294342347378472,-0.0470950183410247,-0.11891891891891893,-0.01007838745800671,-0.07443115623291074,-0.04882994001858576,-0.07442584755836623,0.009288416425386359,0.01477510741770982,0.08716374242722957,0.020819987187700173,0.13532075689939083,0.006107171000788059,-0.06431591533843672,-0.08152616990053807,-0.05130123214438875,-0.03412482159076169,-0.21404313905461225,-0.12954162195308905,-0.05130162097064961,-0.0683639178704013,0.13941394139413932,0.04860524091293317,-0.09816404485152175,-0.03222607833415969,-0.0707192699946323,-0.05585506485265235,-0.12358097427791359,0.060982495765104616,-0.1354535430329057,-0.05358849642106156,-0.06225584026527575,-0.2334121471848678,0.008230173813139174,0.09105828950740058
2008-12,0.07360594795539033,0.01407942961286568,0.0251841953862999,-0.042197802197802226,-0.015324254814353844,0.0521024754080639,0.16176470588235303,-0.004080145719490003,0.02301311212202295,-0.2780630961115188,0.024985673352435622,0.00876816408946568,0.02066734559396144,0.05331024266071327,0.0058691365949836705,0.020081669876748087,0.09760889639860904,0.05746826962444618,0.029754332618046275,0.050634727103205934,-0.0974216992559267,-0.034903544190219904,-0.1245551601423488,0.03224805132096287,0.04614401443527627,-0.04128478242919642,0.07204714938657686,0.02067359871162,0.0532720725195579,0.006346519991538013,-0.007918552036199178,0.006036708324235418,0.13100630606625807,0.006036243145011166,0.007402133740956662,0.005765350454050244,0.03952467043581542,0.013596904089530293,0.08285323771144859,0.005482670843939719,-0.002707313699270686,-0.01653944020356246,-0.008039485513105737,-0.028568869783270667,-0.16723111059208218,0.11278348280813932,-0.008038364744554993,0.025627273310998344,0.07978583340647782,0.1041246809082359,-0.14519287698683792,0.011014344262294973,0.1810830324909749,-0.14387235552722866,-0.032245723342624544,0.06111406776654227,0.16775189635497068,0.10444813501503658,-0.018257148060462636,-0.2363855421686748,0.08819512970051724,-0.0917570219928312
2009-01,-0.09210526315789469,-0.06754354781372196,-0.10289645184648799,-0.007867304792499752,-0.07928506184116324,-0.021576081372649658,0.03966244725738388,-0.001963079474236129,0.008108815066701691,-0.06046747967479682,-0.02012747400201287,-0.0018701222048410626,-0.027423993426458404,-0.11106929202488014,-0.08611022473446694,-0.007415194856113416,-0.08167308093916881,-0.04900052254950016,-0.08516994648318765,0.009830022527135052,0.0676763803680982,0.06114416759638042,-0.21138211382113825,-0.06515419826923718,-0.0742750368320817,-0.018143714293916702,-0.004199323620393991,-0.027423808462105792,-0.1362886111766093,,0.07297605473204105,-0.08621548125167566,-0.08080728757656674,-0.08622164349635542,0.0015277489087508478,-0.0020063049800063126,-0.024478137771673292,-0.005365803322670448,-0.08217311743835809,0.003018500486855036,-0.09020475561426677,-0.06217094377087151,-0.08845996600176442,0.02438462247626072,0.14668349460103758,-0.0687980131240945,-0.0884618220309974,-0.03166729272083135,0.04787839375711256,0.11243611584327096,0.04150460866322114,-0.025842411958449385,0.037412886660960876,-0.21629454919530589,-0.023832382673518948,0.05291314887569998,-0.22818464014716022,0.0,-0.04858631297438509,-0.17178920795203534,-0.0699971925884334,-0.044187363780768596
2009-02,0.01163234172387484,-0.050684119117211046,-0.11806844781661152,-0.00832617458534346,-0.0914911758554674,0.011130946130421204,-0.13068181818181823,-0.031837562459531066,-0.14763881681369995,-0.0027041644131962084,0.021111491498345458,-0.0007080999781462483,-0.052781256129022514,-0.12222841225626746,-0.10729249800478846,-0.0033473834622278487,-0.0068807786520430625,0.02524306395820597,-0.03495957049524612,-0.08247143919421362,-0.04417310109534922,-0.07587395227943117,-0.007497656982193068,-0.0722327459880624,-0.0973332815775173,-0.04707464694014796,-0.040214714545542374,-0.05278796642449046,-0.06524706524706525,,0.05472901168969191,-0.1073574202922849,-0.005467748825288332,-0.10734992106623442,-0.00228293918042477,-6.583399759318986e-05,-0.006594189935461681,0.008195870940969074,-0.017019978162606586,0.0035918842830793274,-0.11978830140188612,-0.1004651535808806,-0.11351460937521696,0.008234711785087612,0.01418613183319084,-0.07585503608409161,-0.11351369308030401,0.017581757262980835,0.01520440617485086,0.04052723692846194,0.03524657253939023,-0.05929778933680108,-0.12339422510312315,-0.0527358887725472,-0.09181371131038474,0.09479199745951106,0.06777641231892151,-0.11098918962854587,0.009691937737627221,-0.07848815057532565,-0.10133517676073989,-0.03453895455570222
2009-03,0.08256361922714417,0.07440708596416856,0.06907676467223411,0.002332244952355511,0.04035628275959757,0.021705265344272417,0.07983193277310918,0.006309387106136599,0.07427701674276999,0.0526030368763557,0.007375949932945769,0.0020764925393133016,0.10910336149845912,0.091901497842092,0.08729116611722643,0.018695971487888485,0.04615042395059121,0.03355349662535079,0.06544392614867434,-0.013408973697782267,0.09562276911516077,0.03441519451379449,0.08498583569405094,0.03347715540488472,0.09191769334967437,0.0785186094320518,0.0544352302932225,0.10910461793370518,0.12792056074766345,,-0.07707808564231744,0.08736891532321178,0.0241388196890302,0.08736207840989119,0.003255431786743035,0.005915029797720628,0.033715177850722755,0.0029841531179253256,0.051558253850195745,0.0008705745792223496,0.05427942231716476,0.023296452484330654,0.08060387903622468,0.11800410604302414,0.022428554202339246,0.12743683331918643,0.08060414002101779,-0.002291023523168123,-0.020936807518911915,-0.009566360052562395,0.19889311656866138,0.08072988664639213,0.09451465447700991,-0.11674506800860585,-0.005096190597528194,0.035605511240028864,-0.015833711156837516,0.09174857142857129,-0.021000120690348845,0.07946746051434705,0.021572197327492937,0.003422669682352053
2009-04,0.05084450635556337,0.05608854556026244,0.161629997431727,0.03290785799760676,0.1347267847923157,-0.022362268753811643,-0.09381755296152183,0.0557763928423638,0.14990082176253905,-0.18547140649149918,-0.01342356334590633,0.0015672472078394062,0.12606538425636704,0.15524296675191818,0.09468504695710278,-0.013682408765587684,-0.001657265074858305,-0.021182473142402736,0.1482676198499493,0.0032857889627362358,0.04663923182441709,-0.015611633875107,-0.0600522193211489,0.08290155440414515,0.14778276622558284,0.026145092460881925,0.04791933393239134,0.12606798153587917,0.06343863283272921,,0.10207423580786035,0.09461365730078297,-0.0006710283509477888,0.09462124156195584,0.0008086253369272711,-0.0015776259609137089,-0.025311669499702205,-0.0037960398071201773,-0.05505366980960458,-0.0015463419348603624,0.1566294279634497,0.11456227782811745,0.07458426588429012,-0.002714570858283416,0.01769076542045056,-0.026513915727658377,0.07458269065205947,0.04588822751570509,-0.03652540388667758,-0.05280475508146265,0.1137581403017065,0.07700179073931945,0.14027760717356585,-0.13748890448568407,0.00563452426687161,-0.019606470135144605,0.047060491158439355,0.1135583284482038,0.009796589274707168,-0.01669986211123009,-0.014717874523214491,-0.10876619059017512
2009-05,0.09693454846727434,0.00875002457872065,0.04832706905446216,0.08894896054579382,0.06384531922659598,-0.022561863173216956,0.08969465648854968,0.09053981827899515,0.04805322819122737,-0.0493358633776092,-0.02383897447430572,0.002675638868861574,0.030141685689872855,0.030007849135588627,0.05517152346638188,-0.00782882440873145,0.06560509155145744,-0.01884793328767631,0.18542233896301963,0.03691849646445866,0.13089777195281793,0.18550013966047008,0.08425925925925926,0.043612956524732516,0.02678035306833193,0.057279103939671394,0.1728044680867209,0.03014064142027717,0.07353299245191147,,0.0846953937592867,0.055296206193701014,0.06622460970287047,0.055291843631247284,0.001118730448113725,0.0012948426111001332,-0.019965588769556675,-0.009783728115344892,-0.02883866437983229,0.0005807763043268466,0.07074300787987409,0.08253273402384198,0.04454774408249107,0.08454086942598682,0.3028160852937767,0.08116678052615978,0.044548711033908894,0.01892171645720153,0.09809639530174152,0.26658449125952477,0.07327362889497424,0.06959619952494056,0.1572767424324033,0.1048851047534709,0.23640646886540173,0.0807799442896937,-0.05763698514231552,0.12228322177934858,-0.02001351054392153,0.2730601433468369,0.18779284751238134,-0.008691565078559949
2009-06,0.013293051359516639,0.03251335230595309,-0.035097277632295754,0.020450381228205083,-0.03856312979395382,0.005744069779810568,-0.03546409807355522,-0.05913873096778399,-0.07547613449329882,-0.12242182302062543,0.015666397880428562,0.0006540751866883632,0.029241177817805886,0.0166086990503731,0.0015349023446189491,-0.0064952701249860745,-0.00551407912527202,0.006907375700809126,0.014813652469976013,-0.011269829875816484,-0.18730986527596694,-0.14155191371275977,-0.0038428693424422677,-0.032192097104030704,0.007685881370091963,0.00810279271010872,-0.17524312362909322,0.02924429331114564,0.031866636425493367,,0.06940639269406401,0.001532710280373939,-0.016846414232858375,0.0015325956937799479,-0.0003104111913582175,-0.002738540940762757,-0.006276713408618573,0.00686427457098282,0.005976213753341453,0.0006771790654929166,-0.025488932686476562,-0.030899099528461926,-0.004935809933866331,0.056839152579907015,0.011741682974559575,-0.20335487255299356,-0.004936510431148733,0.012060347433617169,-0.053924461493065734,-0.13085021675661324,0.02886007861526796,-0.10170997113035751,0.04784510844270673,-0.03865211740496044,-0.13790617436531238,-0.01473698123182654,-0.007685677345209085,-0.0048917777926689165,0.04185768387482547,0.043693776390673955,-0.19389741932764848,-0.09078593845250715
2009-07,0.035778175313059046,0.07844062676986963,0.10691778077301373,0.013611352447147285,0.0908326530213186,-0.006663141195134781,0.1520653654108035,0.07653840811223778,0.044252288911495574,0.04245640636846093,0.010320970851763533,0.0017618678567170587,0.08518315822392752,0.09600599677096966,0.07537258734424634,0.005788617586214739,0.015244839571560309,-0.0055888506389045745,0.10741399199684709,0.015536518077537309,0.15775401069518713,0.0663291756884512,-0.07393913416202313,0.08486129098220974,0.08686784944453652,-0.0016647591301633957,-0.04536860520762254,0.085183857384874,0.04121332014507084,,0.04269854824935959,0.07526159282346057,0.015373528705260542,0.07525597481929358,0.0031361265214870926,0.0016620947373358064,0.008735394981194355,0.0068174775333127435,0.005412436551686772,0.0025135344160867046,0.09513901042983353,0.08965455575094627,0.08720485802426703,0.05441084025983112,0.06207139089150693,-0.042322024513251955,0.087205613557638,-0.004619386837178663,0.027680311890838194,0.024989820846905708,0.15473038640705128,-0.0029666254635353217,-0.05143466287643239,-0.084149896491994,-0.12000477868705572,0.024347709437252618,0.11549040897575091,-0.016464646464646404,-0.003531343664307074,-0.02245675754910592,-0.023115746033516515,-0.038423971525535894
2009-08,0.012953367875647492,0.06273960612691476,0.02547225696044242,-0.025257142857142756,0.07010271394256606,0.0127768313458263,-0.045705279747832894,-0.015537634408602119,-0.004627374573794585,-0.026909090909090883,0.0031432420296362285,0.0021881000936239126,0.01435926424703915,0.02842712589656804,0.035803909824130065,0.010352637824265765,0.005327479898224796,0.022654277783133114,-0.03334965573585236,0.019516728624535462,-0.0021555042340262176,-0.06509180346622445,-0.09858828974774358,0.07486177431515473,0.04338738958641608,-0.007972902553413208,-0.13036224976167765,0.014354655870445487,0.007283090563647843,,0.31081081081081074,0.0358589248108121,0.008280104092737162,0.03585643541444905,0.002125486230770024,0.0052103124161022585,0.011806183857820285,0.0021545090797168154,0.016855033658925045,0.0015429122468659795,0.053111645141050934,0.05076725293361406,0.03944792482380577,0.10416666666666652,-0.053311258278145646,-0.04211398121669552,0.039447315422075135,-0.046289608391169024,-0.002427921092564511,0.06787824618898641,0.07235314604132803,-0.005702950657079042,-0.010020603109196502,-0.27491635093244104,0.06482487102905243,0.024554740701938194,0.0034067681126503935,-0.002550409092465178,-0.039086436542538294,-0.020513435700575733,-0.10816278472341145,-0.10668170236209629
2009-09,0.047882921284455815,0.05893689568268301,0.03990693196405637,-0.016355962011959324,0.03899709783195893,0.007148864592094073,0.12386457473162671,0.02608268254054935,0.051871788597993795,0.022421524663676973,0.003133393017009878,0.0009045042828754735,0.058192010140303285,0.05908532842234493,0.03712861415752733,0.007321035647271046,0.0219846408673392,0.0006748458714869177,0.0658065348341299,0.03274665170745372,-0.030242246566887787,0.04496788008565322,-0.060590500641848566,0.04161917287739292,0.0543038030207772,-0.00811577454430834,-0.08596592358794575,0.058196192629205834,-0.028816933878235362,,-0.019993751952514738,0.03697456462729409,0.02252463632097612,0.03698325644777545,0.0015032175032174688,0.0028889207430689012,0.009464147217136176,0.004095004095004073,0.013569933691204517,0.0033699210475639507,0.03866928208904041,0.031049069373942473,0.023937764568341624,0.019407865134835056,-0.03488982161594956,0.04321511305425951,0.023939614022848943,-0.003684312584836147,0.058487982963188356,0.11624662884776349,-0.0026523045278628032,-0.03566084788029922,-0.040298931037744734,0.2622172080042753,0.035570854847963185,0.042883619863232525,-0.05435555842980011,-0.05359257288967445,0.0018065418460027072,0.0046540110226576115,-0.08270622547078099,0.04954950614309794
2009-10,0.022237288135593225,-0.02591503725481037,-0.051799959880877045,0.02765361463734428,-0.050999802498196134,-0.006680584551148283,0.05033063923585601,-0.010889581980562668,0.07629681321237491,0.03289473684210531,0.003235162873717057,0.0005021659881070395,-0.030276276183247797,-0.06831538102368429,-0.018995616396216275,0.003095563560460146,0.005530935838877538,-0.00016791510867375514,0.038053988769569225,-0.004413362303096191,0.22084327764518696,0.06024590163934418,0.1079529926209346,-0.01767726367182021,-0.04613976451662127,0.026294187739970942,0.042709151813407065,-0.03027687925457445,-0.008955545964609457,,-0.10168951227287226,-0.01890532257543276,0.010096374483708148,-0.018903897111096746,-0.00040094169896476295,0.0029526186436967805,0.0023768668412964544,0.0017332789559543205,-0.010041191959334617,0.00047980040303241545,-0.05055763288762394,-0.02128371341467261,0.0011395218942980012,0.08039077212806034,0.10972184470417679,0.06395921622593703,0.001139771975608772,-0.017876422071579134,0.03082560896744968,-0.02416062651003914,0.04841116930341105,0.060253426428756196,0.040216855593888656,-0.12787048300055792,0.0922745460141583,0.017955631817624607,0.08336467772268774,0.052094288304623815,-0.005227030979922942,0.08326222113860782,0.08032832644231602,0.14314569810038824
2009-11,0.017508953442100905,0.015346289583366701,0.04732302685109846,-0.0012178855187612303,0.025823331039813935,0.03121059268600246,-0.02728226652675758,0.02137322427894972,0.03868597363302362,-0.002123142250530896,0.013899699766485085,4.9767838328662606e-05,0.06124513494374906,0.03096809871081474,0.05977579178425829,0.017152606005579107,0.01799501797811076,0.012999904422507091,0.005362609175642463,0.043033485644138336,0.03023589208914368,0.0242973107294715,0.16674888998519988,0.03907566625724801,0.04046234370456525,0.023246813561071278,0.11225026027465179,0.06124328663799816,-0.07033206314643436,,-0.0074520936834634455,0.059829153673854885,0.01855217325458125,0.05982455562508915,-0.00029825571828201447,0.00632767665337286,0.02179977134820632,0.011603053435114585,0.02657740450765611,0.003548820257049501,0.031215803392303565,0.022165756260520197,0.06932976928540535,0.1286904891600391,0.012328543435662809,0.09585960580272501,0.06932924399242113,-0.03295244647517648,0.1350202146939914,0.1374114232049859,0.06602821276045034,0.10268292682926838,0.08528380555292325,-0.11287874117683305,0.0008453561767358675,0.10095719703810735,0.04188366000694366,0.08601761370491001,-0.023624349453248206,-0.0037699752419535493,0.1481255702416613,0.036053908182606786
2009-12,-0.01368791552600701,0.042118838665030855,0.053653003511606956,-0.016200209034955226,0.07248494986047027,-0.029145011719148073,0.009349154980222929,0.010779086675236416,0.012276321265085155,-0.06595744680851057,-0.017109015134898042,0.00030070984464725115,0.05279898857125653,0.08151463341043952,0.018798313422347057,-0.024583599561502023,-0.04350305318577652,-0.034013513750301705,0.00786601143751775,-0.07179285994507645,0.05452245414294743,-0.04261685266052073,-0.16744186046511622,0.040052780603128335,0.06316113075192487,-0.004210897904637023,-0.07273391812865493,0.05280071307937706,0.1473240426279423,,0.1902037897747586,0.018896658896658813,-0.027730280276559327,0.018895288608958616,0.0006995668857956439,-0.007457870753616924,-0.03738926399629339,-0.007747258275480395,-0.059842149261356226,-0.0005734492975246752,0.05990615310639846,0.06420351302241056,0.008957541254453805,0.11647884944861353,0.005968223243810078,-0.0071755254228195176,0.00895754646046143,0.03120251476029745,-0.07283670085365102,-0.09071120285231749,0.05336764920118475,-0.005529750055297544,-0.012747751680782349,0.14299860584502744,0.03553127991440963,0.003772965879265122,-0.04589518327779463,-0.01867838892944418,0.005244740286963534,0.0016379553798362423,-0.08025513989444177,-0.019062458816871852
2010-01,-0.011366640232619574,-0.06824630244491403,-0.06686230847502628,-0.009915599362568694,-0.05197793331351597,0.025191560827122927,-0.03206270039187742,-0.022172648521302185,-0.08674203494347377,-0.005315110098709219,0.020084802499442,0.0006520478111939898,-0.06429000314516364,-0.0367012290572063,-0.036231292146558736,0.018168155706724143,-0.032719232750487603,0.01057242045219886,-0.07881030332123362,0.031487743026204607,0.054702495201535584,-0.03125263958104574,0.05967496190959887,-0.039726172226040135,-0.03255655008346159,0.004279347715993254,-0.08119826566811195,-0.06428937459617223,-0.04736143717464525,,0.10964253529588452,-0.03627896572410505,-0.0248508946322068,-0.036286550896742376,0.000411222255348509,0.007802904993391868,0.023413177815565067,0.014905698641249243,0.029794121139860907,0.005546523859615737,-0.0773887741693261,-0.05219597799279074,-0.03357447617109344,0.009293680297397744,-0.07231620299847674,-0.13992759105155095,-0.03357447277298842,0.02674135649017817,-0.012187851891104273,-0.03888063397721653,-0.08786649456020645,-0.11343416370106763,-0.10559830193685327,-0.07589713191372949,-0.17688961392060898,0.02380563272865932,-0.04632481346245443,-0.12827271698174236,-0.006987709801518416,-0.0875718957933912,-0.12465544464366951,0.01223347927104923
2010-02,0.016042780748663166,0.012536849266254091,0.007554087583166114,-0.046378539493293625,-0.008022185210674104,-0.001023855841097654,-0.0942215679057784,0.01679068676574058,0.19446320054017563,-0.041984732824427384,0.005688033253117508,0.0007034565634085332,0.04556542996103996,0.04476051035348272,0.0308224015670171,0.005484122967033267,-0.017598133078027822,0.0021511819764641338,0.020319792443280305,0.01584374786587439,0.026615104640582476,-0.01572354462754666,0.034267912772585785,0.03652528144009248,0.05189794310246443,0.02561710496457459,0.035031547226669124,0.045562235847371735,-0.005464480874316946,,-0.18516513264753642,0.030828963610850302,-0.01278130635928798,0.03083756211294797,-0.00020552661055805999,0.002662985412144714,0.006301361608830769,0.007593166150464459,0.0030292498048027916,0.005040418449833606,-0.004741961555634555,0.01602572122000634,0.02935042692799872,0.04768940853998016,0.07562008469449477,0.05667075047906267,0.029349706525286345,0.021994996987236837,0.03238784952725804,0.01885252941681692,0.06883655109673503,0.08479678876066243,0.00949273212696533,-0.057952779216934314,-0.026689568606725222,0.022507183143556375,-0.05456785191104008,0.04096094981912635,0.028533225908751847,0.08744824176503307,0.0644907692509269,0.06122448979591821
2010-03,0.025789473684210362,0.055141412848733085,0.09807858207199449,-0.00406326186159911,0.07209799711821474,-0.014143691708516926,0.01787891101178385,0.03629805928053931,-0.02317693612210281,-0.02788844621513953,0.004241896889275676,-0.0002008463028952967,0.07687699096940115,0.08237468237468248,0.060358845992216636,-0.009433960702043054,-0.008003459638565191,0.0030600252682859708,0.03614357964645776,-0.049411764705882266,-0.057832927099490394,0.03773696332604959,0.049351251158479936,0.060571458919751464,0.07148761397980019,0.04034220812744316,-0.08970976253298157,0.07687709230033479,0.10396466278819227,,-0.29700996677740865,0.060264270288527655,0.019221604447974494,0.060259952921911664,0.00040085927783661823,-0.002227646374185821,-0.010506718887646982,0.002776400594943107,-0.013276659777293198,0.0008516275548826613,0.07617041092156374,0.061743520285661546,0.05331532426756391,0.1065099642309657,0.05375220954523541,-0.11310461693967955,0.0533158606732691,0.08034074423457604,-0.005001299038711271,0.06082191780821922,0.08206449782485348,-0.0351526364477337,-0.015476540307571729,-0.20864323625951542,-0.09760401819045694,0.06546287141593377,-0.1123005951332886,-0.020815140876445648,0.04490833333333333,0.04711298022277788,-0.13240115045809064,0.01686922488376208
2010-04,0.011929194458696779,-0.012295516912021132,-0.010298822991658185,0.006527742907356471,-0.04082906395264252,0.002287140035346802,0.08023952095808373,-0.0017300863019656942,0.023919753086419693,0.028688524590164022,0.011047330228528107,-0.0010033759530221342,0.02186037044575606,0.05671276535200054,0.01566309695095147,0.008843543662578446,-0.014951033064194319,0.010370423278097674,-0.005244172150627446,-0.004879773691654821,-0.0011759172154280906,-0.019548144775779708,0.015014351954073746,-0.018352988307168472,0.04251395233905075,0.007774469492887182,0.09292020656338495,0.021861303642140673,-0.004489118766468181,,-0.09451795841209831,0.015619117490901502,-0.021430798004987484,0.015618062124751475,-0.0006986540634953409,0.002880806253316992,0.014247308520978441,0.00810837535844966,0.025296009594948377,0.003687245910938941,-0.0491965911189679,-0.04098945256553721,0.015097402275659588,0.15793556967637068,0.033854365230651995,0.05892902036369718,0.015096401127643322,-0.0015479159362574713,0.05940335531039875,0.06170534011443096,-0.06225009286166894,0.00431447746883995,0.10347229131429692,-0.007942505088167295,0.011357653253102784,0.05963369963369969,0.010115836242462706,0.050559650559650615,0.007217539018574248,0.020027137042062382,0.08860819355052274,0.04131788946686821
2010-05,-0.08264672328558753,-0.07906612635844534,-0.02163465007865828,-0.051384385133449784,-0.0580521279526065,0.029457525152992492,-0.08462675535846265,-0.03264482912393074,-0.04841748304446125,-0.030278884462151434,0.03502945902517429,-0.001405502202447395,-0.07330535858143206,-0.07603339167900902,-0.08027178569307891,0.01427490525676367,-0.07394502275135573,0.03310439896571693,-0.05525759037933342,0.03439698671025515,0.037438191664704634,-0.007748788344893676,-0.26212747443985207,-0.058205376728051816,-0.0722990472666728,-0.04384833634253282,-0.058610738527821726,-0.07330739541188513,-0.11685128908930498,,-0.06315240083507312,-0.08019275917459523,-0.06904515409731615,-0.08018742396593681,0.0004009787995311598,0.005676815508883548,0.023951250707857863,0.01951937224129474,0.03328664844081164,0.005840241145440794,-0.04477139780888206,-0.03548582139186174,-0.07609515897413865,-0.169112720543662,-0.1587875212036286,-0.04330415789556974,-0.07609480397761614,-0.06496087771719328,0.02748166861790624,-0.011638785973578814,-0.0742578871336036,-0.03389021479713605,-0.06690109097466412,0.08494798819101201,-0.10642570281124497,-0.11214048672566368,-0.07732788752307274,-0.061310049720215476,-0.04358876906266329,-0.1810684260934341,-0.0899581226433126,-0.05415751882833553
2010-06,0.0020726820505734267,-0.037251862593129736,-0.010223048327137607,0.032145674467525476,-0.014439071525744196,0.021460957178841333,-0.013322567622123582,-0.011137070835123164,-0.008711146307661788,0.024650780608052703,0.010039329331401392,0.001916208281665721,-0.06063327235296645,-0.07689841598297942,-0.053143215524238285,0.014396680800041306,-0.007080980298451389,0.02229538656697372,0.021644256299948594,0.0254208175884576,0.035519745801180225,0.22155601052939455,-0.13531839622641506,-0.05245910518903696,-0.06591886333894181,0.0026485518797361163,-0.009639048400328254,-0.060632114921865043,-0.03996003996003994,,0.1470752089136491,-0.053011201587236045,0.0722840034217278,-0.05300736730075739,0.0009044100266184518,0.003151637257423845,0.022288841664272585,0.007023282663074948,0.039490441176695645,0.0010301554598239893,-0.024942625570113064,-0.03712990766106028,-0.034738974282571555,-0.04110588461169251,0.018148342977380327,-0.01520390437587904,-0.034738952292190595,0.042658645806762374,0.025427286356821677,0.013025369178341517,-0.05522136367068531,-0.03507905138339906,0.04319257899313933,0.05315103873077054,0.3073657927590512,-0.013393552406167242,-0.1652336766834085,-0.00046139081647722513,0.00868456564753406,0.006432330582808232,0.015628580157335925,-0.04919309225265722
2010-07,0.07349696635410918,0.047159031889477454,0.043654519710857764,0.049296223170498754,0.0578800258009029,0.0009863878477018861,0.04991816693944351,0.03286573995592468,0.031156381066506977,0.0617481956696071,-0.006762988011066673,0.002465784724617004,0.07149285834142671,0.06878098064597604,0.06988954043365614,0.01247606782607158,0.06581025658407635,0.003799834207775632,0.04647075789136346,0.02385259631490788,-0.011726027397260252,0.06299533101879562,-0.02318445277872494,0.07468488295652675,0.06872948522936517,0.021768374709551175,0.34260117055944894,0.07148758120211829,0.0191929702855822,,0.21855269548324419,0.069836974313088,0.03494216194654953,0.06983164027976296,0.000811179907381776,0.0013566533351767607,0.010327679821320768,-0.00754753033342892,0.009558824974113866,-0.0027130695107120406,0.08376136620943608,0.06815843956301526,0.07214917177873814,0.1251201345506967,0.03375527426160341,0.08270335651648031,0.0721491487753112,0.005969997111839875,-0.052693139949704704,-0.03767660910518056,0.12235927218477771,0.08986175115207362,0.10661356057799187,0.06674484463345554,0.07117392411510037,0.025677453301762743,0.08979196410361001,0.12003545117155046,0.038214678507526356,0.03653970303421561,0.377407619781728,0.05152194066749072
2010-08,-0.013487475915221592,-0.01702873392189941,-0.04167142693933501,-0.02306525037936269,-0.04165277834234371,0.029661016949152463,-0.12353858144972718,-0.03532814968303144,0.09432500484214601,0.031722054380664666,0.04632208810481786,0.0005772057543298459,-0.05141821253493917,-0.07389628229177436,-0.04552200078297841,0.010787534115594744,-0.030027413291948357,0.0420182399195721,-0.026586948692884915,0.026896145540213245,-0.06021290751829678,0.0024551761419948637,-0.02164048865619539,-0.00829787234042545,-0.04968975117669838,-0.04105326152004796,0.002492186548687103,-0.05141418119491237,-0.07759500850822465,,0.009166998804304605,-0.04552130719487568,0.022970785477530287,-0.04551805729788172,0.000297533549472595,0.001355005623061567,0.021754012916515908,0.02185213708124767,0.059906791050360564,0.00525328330206376,-0.04593713402866739,-0.014536744135018043,-0.039455440591198654,-0.0001779581086610582,-0.09912536443148678,0.07993917671337014,-0.039454987627836724,0.0004357195452302509,0.056056303247314476,0.07636137652450858,0.01136957037740327,-0.01221517500587277,0.017912446639323676,-0.2277597602528839,-0.025377392131225363,-0.03380700764376954,0.04889346371590331,0.0049785690735244525,0.028278021091909578,-0.09423268560039855,-0.011390159011806511,-0.049034229918668126
2010-09,0.09270833333333339,0.04349434876210978,0.05448097040503086,0.025100963031997603,0.06431458710654359,0.0014355440712030543,0.028901734104046284,0.03889751387677842,0.1824778761061947,0.04758418740849191,-0.01183198580161704,0.0005526167033671481,0.13113843752501397,0.12526315789473674,0.08912883810105221,0.004545159343326333,0.07701538340480774,-0.007504353337148384,0.09926095387662603,0.007774662248279274,0.11787610619469024,0.025772385125266695,0.0981091687477702,0.06693842523063709,0.1129314082268087,0.057114328507239076,0.02487610533475859,0.131142843777045,0.07416061984995692,,0.24210110584518163,0.08918667649793233,0.03503880642001356,0.08918000555638672,0.00020513451695935991,0.0015686275825850249,0.003358203661624204,-0.006594441827602493,-0.00971996982770651,-0.004665920119447553,0.04968188838431575,0.011918457218490497,0.07850742461123095,0.13828026271292027,0.10060101710587133,0.12861884168330917,0.07850716103653155,-0.02999753537413352,0.04741026540395188,0.12294312933025409,0.08352695439930535,0.1258026159334127,0.03963489844585166,-0.028535313262334827,0.23574608207817538,0.08590846341722425,0.1080381836024622,0.09578097831435972,0.0019912201797480655,0.09874166265557305,-0.017133666066090902,0.0298991771931858
2010-10,0.016325071496663623,0.010218883981818916,0.062378112546281894,0.01951633432329225,0.03332855104692212,-0.0005733944954128267,-0.006050129645635227,0.008239508700102371,0.2290076335877862,-0.03983228511530401,-0.015765316304130916,0.00035099184181142107,0.0633964467207131,0.04106074779601454,0.037825907988194185,0.0058819625071919734,0.01863047726899114,-0.007721045459561426,0.03190361660940999,0.03566460098646784,0.00369432130040126,0.11145185314991668,0.1322287199480181,0.02377840337824244,0.03424503913212851,0.021866439973552643,0.07732056508959895,0.06338949229472868,-0.02289901534234029,,0.24038155802861683,0.037821927888153084,-0.004295282469423456,0.03782914099595813,0.00020509244541977445,0.0022780662611654456,0.001859434855747244,-0.007302038880986239,-0.020799275669809325,-0.0015938496156009396,0.04028109473221875,0.027107310722515265,0.03198741633806357,0.12928446334751076,0.018818785180206632,0.17398444362405008,0.031987132567766086,-0.012544116725720977,0.036669085226321396,0.12571098042996232,0.022461445156818582,0.0933671313899449,0.1003717472118959,-0.06075345963956513,0.0760424377004687,0.029239194210835207,0.14915458937198078,0.10619601502971521,-0.007787922964781813,0.009825395832029571,0.06417027792019891,-0.11585461910656014
2010-11,-0.01571110329464187,-0.011615291339587719,0.011626050867298066,-0.02776291540336495,-0.05309905163736206,-0.021132147638171728,-0.008695652173912993,-0.004801786711334466,-0.021434660820850104,-0.0181950509461426,-0.012976480129764822,-0.0016816409275156596,-0.00235822571588995,0.03460810608432818,-0.00021097046413498521,-0.00816955141134268,-0.06329083660576063,-0.009289364839366598,0.0013478696171882465,-0.03779460251556965,-0.053843726995478014,-0.023492313756405148,-0.11793400286944056,-0.02057451509943531,0.029481589700276256,-0.005592272496187101,-0.04203153648698199,-0.002352929737823417,0.08389969533630182,,-0.054088695206357285,-8.508224617120863e-05,-0.018059515975725637,-8.507581200145609e-05,-0.00020505039113372092,-0.002130991839819907,-0.010293229713331464,0.0016239969430644763,-0.01668980803160791,0.003944032303502709,-0.06582155560950387,-0.021268239270667233,-0.006326013150543597,0.08720576017723602,0.07058629504411651,-0.08976360876165701,-0.006325687476469888,0.07752853346116706,0.019435770431786237,0.14535696954126354,0.022243406418811507,0.027241112828439107,0.0030189764232315675,-0.0043631373158290465,-0.08268366504631752,-0.02384798099762464,-0.05738307934839737,0.00567020772718041,0.035865908827282356,0.027268220128904064,-0.09289148634958133,0.04374644708597408
2010-12,0.06968433591423451,0.03049331697552793,0.031058514135437143,0.001467530879295742,0.0538772650811945,0.0007814789489108964,0.08114035087719307,0.03266280398237309,0.23410080896079655,-0.021497405485544907,-0.017358258011503702,0.002111924616639893,0.047480280821118326,0.08004684642006499,0.06665541253428997,-0.017795448076886378,0.02791000395615062,-0.011825900942944112,0.0008669039343036644,0.029824227425597982,0.13059908858508384,0.1953459271817226,0.22283669486011703,0.0698385641231325,0.06520172511280853,0.011317159323294357,0.1594867515445686,0.04747657357821233,0.029729729729729648,,0.16612466124661251,0.06656834103865883,0.0739389426656738,0.0665633065164164,0.000810115159408209,-0.002136752247491547,-0.02958579617095658,-0.0074391988555079225,-0.040510729307516535,0.0,0.05349415287271908,0.044676840761233017,0.05285151771151986,0.14266792327873867,0.11476546252792086,0.1562507445617214,0.05285203449692655,0.022653150014557033,0.025455505677317136,0.09660294594123053,0.16244948709978257,0.1337220236975738,0.08571019062634377,0.04432322076435935,0.1256811478278257,0.06389916293556541,0.007730330397294427,0.1192238340016687,0.01856621352265342,0.08005550193050204,0.15025356334718176,0.052456164595137356
2011-01,-0.02160356347438752,-0.0008459044128013016,0.02597816660715191,0.028208572475271643,0.05113836188738907,-0.010541727672035095,0.10466531440162274,-0.0065689392891715714,0.16327148043565942,0.24924242424242427,-0.0159924741298213,0.00020116316544460666,0.028878797406639345,-0.002680442516691861,0.02354160731807675,0.005906558393476535,0.024240806495667178,-0.01807750236132033,0.012428881361935762,-0.010721547846447632,0.030574125049154466,0.017880358620223857,-0.031125299281723806,-0.010169173813206034,0.019661108682528683,0.018290861462809227,0.11146179292312364,0.028879791589132786,0.0,,0.05740181268882183,0.023463815906109353,-0.010261388060736287,0.02346215210069147,-0.00040985286282235744,0.0012847966406042133,0.002983916881226678,-0.01883347746708941,-0.012282423589221714,-0.009073052099897061,0.06228047125949843,0.024793677030346073,0.028403281873019326,0.020920641997324907,0.02597940993574266,0.04848647200642908,0.028402282589086614,0.0382442694372116,-0.062265025493124626,-0.08947930634787149,0.0025849466966163526,-0.008294625082946205,0.017161716171617103,0.0034055746829453337,0.005107252298263587,0.012762453684644015,0.08537709754748302,0.007129631856108709,0.00526238639695098,-0.005920795397419409,0.058545024416162716,0.08582683247084266
2011-02,0.02538128841338505,0.021149836163240954,0.02617807555097018,0.015439429928741033,0.025450307190575838,0.002564861398835827,0.0951156812339331,0.03166979884457444,0.15379280450801924,0.05579138872043665,0.006054811982154185,0.0004759553065332156,0.031031321442248405,0.05473025801407361,0.03392425027252255,-0.004258868174255026,0.008254695539918977,0.005610316951710548,8.582531978129637e-05,0.0031142946122704185,0.05341982256987521,0.10018909862986436,-0.06809445359692479,0.024074424770381686,0.04637275817367059,0.005483470608146135,-0.05048356818667876,0.03103070968675392,0.03811023622047238,,-0.05362637362637357,0.03407270113200367,0.015411558669001568,0.0340790009266716,0.0,-0.0005647530196564166,-0.003571642617821391,0.004994613651944091,0.01074056715485927,9.439305267133768e-05,0.016845623015452338,0.023063642249457672,0.0315874406503891,-0.02698778344268915,0.0911845915549867,0.09225266302425217,0.031587946852700055,0.0162118196550598,0.056513620386643204,0.20101342918476361,0.005387720265296325,-0.020408163265306145,-0.058792991563919594,-0.09437474405271584,-0.05483386355602682,0.004607046070460585,-0.10356778797145771,-0.04323898432556961,-0.010083261639860508,0.014272068326122378,-0.06628721671969995,-0.05532002674595604
2011-03,0.021312021312021256,0.002210894798255758,-0.032923505541760045,-0.012163742690058599,-0.02998174992739422,-0.0020663190002950804,-0.20120724346076457,0.003209514813886649,0.047035840408745866,-0.09247558874210215,-0.012670256572695493,5.051988115201134e-05,-0.005200067533344677,0.025979892512972613,2.990989643714137e-05,-0.0012693616853682865,0.02908168479012252,0.0041984816697753224,0.009732411965537313,-0.016516609748525424,-0.06782577198225126,-0.027786991526701388,-0.016205067766646986,-0.007651233212362274,0.02419276168178741,0.020422819695677497,-0.018331518950911563,-0.0051966618573789924,-0.07817556634304212,,-0.07942405945192754,-0.00019264110961281222,0.013314936184891435,-0.00020100165826364425,0.0005125261388330138,-0.0007873503223664313,-0.00013125210902353857,-0.011011498733190517,-0.0012984244101779119,-0.004058518168947645,-0.0319267239239438,-0.04127923436901515,0.008412688988644668,-0.039640953716690075,0.07245571807689943,-0.051640996113430315,0.008413018340379885,0.04398193063303424,0.020273431408223797,0.12029512626000205,-0.04203954582434288,0.025273224043715903,0.02426916712631,0.06767793033516956,-0.03608994436912716,-0.01650031471989921,-0.015844136153437827,0.03333957202570326,0.07926348738722155,0.08764057392942237,-0.06579010524496909,0.04314596588983832
2011-04,0.062275839582653925,-0.011719468104663289,0.06466926362463532,0.04043334122661624,0.033100343386030184,0.013409583908499334,0.12762384550797656,0.02484460115096021,-0.1308216720487979,-0.017721518987341867,0.014223077745695534,0.0006525154998742178,0.027607119016100468,0.026371939172941783,0.029333253575994922,0.014382223702882557,0.045059200803752475,0.01698502048629047,0.0059915799571148565,0.024117684197234812,0.04546337672430556,0.12330381650977773,-0.21892782270140754,0.025227113906359122,0.026840651490618095,0.0364871997888625,0.016373068882883812,0.027604630454140633,0.023148656061437123,,-0.12134207870837543,0.02929546787299997,0.06072984749455346,0.029301881418686948,0.001915865827920582,0.004584527639472036,0.017721184101818332,0.006700167504187782,0.018200769901726144,0.0013267626990143278,0.03719506253878224,0.03175972623521317,0.04113571398097182,0.03158005421067389,0.0984059388847327,0.0806170075513224,0.04113547690811159,-0.053631946844316825,0.08090895195394099,0.28219208578372257,-0.0339887381150189,-0.014323784143904006,-0.0328486806677436,0.05534093971790499,-0.06062369659052336,0.046125714285714325,0.044061007548913844,-0.018112223335788546,-0.06303527436756584,0.062089339377578545,0.005456432459093996,-0.083271375464684
2011-05,-0.024452629425005146,-0.02018260451705911,-0.02802352941176478,-0.015021337126600254,-0.005112774422531996,0.016540182914964063,-0.10238272524199554,-0.02309862851893163,0.0041281373844122005,0.09664948453608257,0.0183466891606916,0.00017564359705457555,-0.01207843828105215,-0.018632788868723438,-0.01158634917406387,0.015560779466936792,-0.02975781254366705,0.018387304191095133,0.008784245183974582,-0.004623636027371925,0.08176918788329313,-0.11755529171383605,-0.0774539877300614,-0.011178515438620362,-0.013709557732264788,-0.0034587391516540666,0.08122378082810244,-0.012075947629424988,-0.026163414111087246,,0.041630778064886576,-0.011622323325221506,0.012002567394094887,-0.011621472053126691,0.00020451361549400637,0.003857447361041544,0.02356661688991668,0.012528139375550529,0.030730742327792715,0.004258943781942026,-0.02841999090243852,0.0022841044290300427,-0.015521747575520828,-0.016354266946033258,-0.06769005081992985,-0.011895355982793343,-0.015521744764139034,-0.08294489672547178,-0.013339618194673664,-0.211809474202043,-0.0003631220854676265,-0.0015207840486650692,-0.02282850779510026,-0.021780637001544423,0.09504878930249361,-0.016867680475441293,0.00870591707245083,-0.012912429135359171,-0.07524399126001469,-0.10363514291195097,-0.023713812674165946,-0.0499767714706415
2011-06,0.010697430519140072,-0.020756537834802025,0.006197196736788646,-0.022991161689099537,-0.002909370763161445,-0.002105666156202113,0.05309000414765652,0.006323829995489749,-0.11782601545798388,0.024676850763807323,0.004659349761855447,-0.00015037499106174135,-0.01976015870539194,-0.02244987166698431,-0.016969581162221692,0.00045901892991584425,0.010542264109639543,0.0005829106506103354,-0.04786117522674882,0.012634708286882068,0.05926816698161819,-0.008933181057275696,0.005818786367414841,-0.0044576181613474875,-0.020605661619486404,-0.008644919512818205,-0.20905779870785146,-0.019766124024612086,0.013433164501211126,,0.18963616317530296,-0.01697148362552403,0.015348512716433227,-0.016978459917001643,0.000194248208315706,0.0007128600814971797,-0.0022938650171496766,0.0035766070565490526,-0.0145181739714203,0.0019790783149560287,-0.00447828034034925,-0.028813796578851636,-0.011373437005710918,-0.02605611910052852,-0.02146670413037366,-0.12663142463684418,-0.01137284648475656,0.11015261888110706,-0.022119243263902022,-0.09101422670949977,0.020514291176751742,-0.05990861397867675,-0.05854700854700856,-0.07010989830677039,-0.12211221122112215,-0.060672059738643425,-0.08297981275599764,-0.055589470143396436,0.05219384259149873,-0.07613289818629276,-0.24954550371448214,0.02802274309584596
2011-07,0.02863961813842475,-0.04867764188894452,-0.035246000240586994,0.02317743747413248,-0.0778624963030824,0.02839056205639734,-0.056321386372587656,0.009459511004310306,-0.14185851430701846,0.1295871559633026,0.04060599814490362,-0.00030184694571910864,0.016478497985666696,-0.036219587699786615,-0.020522136993675,0.018876583870596653,-0.009662689477074604,0.0411153565235538,-0.0025569658832176323,0.04415902140672778,0.0676289328576063,-0.09809307318305227,-0.04049586776859504,-0.019987536639970327,-0.0356446672236147,0.0008806220198462889,0.04496293417608288,0.016483492143651413,0.0010864841373317002,,0.1318350324374422,-0.020606811975405814,0.06508838778187265,-0.020597054931063896,0.00010221604383020555,0.0026357075496277194,0.027461994920463972,0.02562126757850125,0.04140208001094625,0.008182844243792342,-0.07212816423342738,-0.02656688709649513,-0.020817509544796886,0.0881448905282074,0.04318612530867738,0.027008606132123525,-0.020818553027794784,-0.007423862458103114,0.08402950803654297,0.15140254861966596,0.04599273108771418,0.005940594059405946,0.054622484490845835,-0.046899336216635445,0.013211600429645642,0.03430653480338797,0.08558325024925217,0.038612228744805854,0.017635258540674936,-0.0022585128561501966,0.094831354095952,0.10435932372836265
2011-08,-0.024210632502774,-0.020107329665104312,-0.19384039900249384,-0.011268419531927254,-0.11439355419094921,0.025834732326058596,0.03422370617696169,-0.02372000755715087,0.03975236233300761,-0.08781725888324876,0.028523323759532593,0.0001262458891182483,-0.05022985977248928,-0.08711738183894646,-0.05491058139268623,0.01699151754377004,0.002020469485729981,0.021208563601828656,-0.08005385415566701,0.005974695407685138,-0.18023697402400118,0.1856337732348512,-0.027562446167097243,-0.06888674312898901,-0.07146484511137441,-0.0462241679005988,0.1696500621004695,-0.05023053926140264,-0.08758411113522901,,-0.004503582395086969,-0.0548675139841599,-0.01988153187496322,-0.0548718431157903,-0.0006030130209929707,0.0029841392267366817,0.034041958281712636,0.016904583020285413,0.07133953478027522,0.008209721056068542,-0.1313232037198233,-0.10633673100727914,-0.04012259682362784,-0.047357785406979325,-0.005339939443985697,0.1306001565022732,-0.040122438063138754,-0.04041238365648869,0.12289873360674197,0.04058652260848228,-0.06583919903999425,0.04670722977809594,0.08077474892395986,-0.024435233305980297,0.04775787130287279,0.03971086101198629,0.09364093898093384,0.07385815170451648,-0.02812757443803704,-0.07597655116373558,0.1297921948857772,-0.07467677055272048
2011-09,-0.08911402873979124,-0.06982668977469664,-0.05217001268289656,-0.037931034482758474,-0.08175406208733216,0.026184198563505845,-0.16222760290556903,-0.06162614055288396,-0.05317037501305755,-0.10406232609905386,0.02956186807896022,-0.000250356073659308,-0.045266649655524294,-0.11224197247706424,-0.07088572836156004,-0.0005100079958760828,-0.06644913340954661,0.02783178024319799,-0.14932847489893697,-0.006754396180272515,-0.05540628184934682,-0.20589016829052265,-0.1572187776793622,-0.05023269931201946,-0.10609115281501336,-0.10968612892338836,-0.05731666346707631,-0.04526558255634683,-0.019269656238848576,,-0.11762286654328613,-0.07089400287774983,-0.11249401627573008,-0.07088887079114292,0.000807911395641403,-0.0013463670568079067,0.008234440336393423,0.013021795345400822,0.0484723265179805,0.0025909132969372806,-0.06169574509915843,-0.03456891581116983,-0.05974215628303681,-0.22252380680846207,-0.10593314146557453,-0.22801422789157377,-0.059741980695146246,0.05857334088614752,-0.11430406164713425,-0.27976672060409924,-0.25032114577142095,-0.14994016071123273,-0.20423470065047122,-0.12176394889896991,-0.11949208276420287,-0.18129015224852596,-0.11118575747396708,-0.19107715235312905,0.07563877452167622,-0.10992462311557794,-0.2302591514987481,0.09495218859469179
2011-10,0.09567585972080361,0.07100668890089623,0.12091839232388502,0.03316930927647155,0.08707530108892225,-0.01196066270931162,0.033718689788053924,0.05115487729428736,0.020962047661076788,0.10745341614906812,-0.005985783763561514,0.00025041876751874526,0.10376885248597878,0.1524448424173921,0.10945567705707471,0.0010205364735138556,0.03764168707616933,-0.012692242114236918,0.13834215076406986,-0.012779927306835526,0.1738106915154487,-0.008532708716747384,0.062007356805044545,0.0879893475366178,0.13763691111724263,0.05097295931261048,0.018493769648834757,0.10376746399065695,0.03286840509399647,,0.019109764623630898,0.10950725145857065,0.03607065803667742,0.10949871928474741,-0.0001021847090800776,0.00035478165994251576,-0.007926980067261558,0.00574345883854499,-0.025197235180073996,0.001845869866174521,0.09776341847528558,0.09172724838849189,0.09740761526712327,0.05955436903172817,0.051194750526185606,0.09199237368922786,0.0974083959289942,-0.017527338822024174,0.06344027551205356,0.14198455417739297,0.1522723204010128,0.019106999195494856,0.02435565935440831,0.013989849377865182,0.019821890261419117,0.055143502096098196,0.040513983371126105,0.025251491402503268,-0.03302092568356774,0.1741707833450954,0.031186513517737158,-0.003703623642665077
2011-11,-0.02776051377667299,-0.03968198740475293,0.0021254603951026407,-0.02663609102134412,-0.025515892680164298,0.025466284074605383,-0.15330848089468774,-0.024779038855808677,-0.07283336935379303,0.04823331463825031,-0.01712457659013933,0.0005564637099404468,-0.025890232863087226,-0.003515565292709022,-0.0026011877712834863,0.0029879556765914916,-0.03476987125125275,0.006944636327632203,-0.085520267841943,0.006116389548693535,0.039859613938330485,0.028649641879476384,-0.09203364670954972,-0.008199931463259369,-0.003385004745333653,-0.029552504388390632,-0.05808547863034241,-0.025890221281709702,-0.060239549084077026,,-0.08072261605305264,-0.002642390617318635,-0.04399036897247344,-0.002642205056179736,0.0,0.0005673422990679633,0.007216453044318838,-0.004622915155909957,0.01795209866306169,0.0036849378166743385,-0.007210013976713725,-0.0025906572849659915,0.01151575982481945,-0.06256143313997764,-0.017725693422059874,-0.07154289039928496,0.011514775488971507,0.008532054539424294,0.012698142151013947,-0.04729798963051013,-0.020441682388192328,-0.03730017761989346,-0.08101946095594825,-0.13222032954169327,-0.060845070422535286,-0.02913610431947844,-0.1226935929100682,-0.07065132132517593,0.03193649084254413,0.07801418439716312,-0.05076389743978327,0.006957452502006856
2011-12,0.003302791391434079,-0.019003278926106426,-0.03522814765315163,-0.011719221940316493,0.005393895091464707,0.013728576425323658,-0.08530544854155198,0.004174420359100761,0.009790209790209836,0.008025682182985383,0.039632395175186685,-0.0004531237679712419,-0.007327212026417729,0.0078484507618366,0.009811314826161377,0.005032489098482751,-0.03526050626689603,0.030396196730908098,0.020432660817141013,0.006551378150268405,-0.025474124075859916,-0.04243374284568546,0.13242506811989108,0.014906587033243657,-0.003999619083896899,-0.01593240497546944,0.0315700790744573,-0.007330722880795171,0.006497563413719876,,-0.016417910447761308,0.009928616067106377,-0.027635967599210387,0.00992791698571538,-0.0005007562441238234,0.0002125896392437543,0.01377144494261584,0.019943538839814146,0.02431469486469373,0.003579623680587396,-0.013327793006784883,0.036010364327548006,0.015291989881449641,0.07107835898041759,0.03351318944844106,0.06332131903557281,0.015292543099561406,0.002226600331274753,-0.10481359925944622,-0.14904601088429514,-0.039017537499433486,0.05166051660516602,0.05803650540492633,-0.17049799518099185,-0.0328134373125375,-0.10424973767051415,-0.015359774778504587,0.05889664697306829,-0.017395535122481043,-0.017116413916146378,0.06310774066405589,-0.07944351473450606
2012-01,0.03833492619730272,0.05150317624464473,0.0994850328253929,0.016075794621026818,0.044089289504464,0.0055205727594236365,0.08664259927797824,0.014454572773715313,0.015812557710064734,-0.0642250530785563,0.005985267034990915,0.0019132384742897024,0.0834248290474815,0.07092306521573688,0.0445115168298964,0.006401719181017507,0.00910069353780707,0.0025654654178146608,0.10414396128672188,0.009557874985340664,0.24268161952667588,-0.05200441618761198,-0.04956689124157854,0.01959973737324594,0.06565318545431365,0.07145914641822992,-0.02560079226767331,0.08342639456762546,0.040223463687150796,,0.014415781487101764,0.044387697295601214,0.019320966048302468,0.04439331747235231,0.001206506957864395,0.000921001592772086,0.00857959661683938,0.004017857142857073,0.0043159655776965344,0.000457289189683463,0.05562784031981294,0.02338544297250089,0.0351444533498364,0.046038027217450095,0.08532977550902032,-0.01160061055845052,0.03514396944644993,0.04292788656923108,0.10890716803760281,0.1915571284125379,0.10301329812317261,-0.02962962962962956,0.01984758395444275,-0.17584451123771927,-0.037151894808658326,0.13038130381303814,-0.058192826809065346,-0.007231569641899638,0.029730680081233807,-0.005502297350955754,0.020301852790448827,0.043949442147148465
2012-02,0.01687461648598898,0.014681863683461804,0.05572522220244047,0.010768212717319425,0.0446496539792387,-0.0048039804409366615,0.011627906976744207,0.0148608217392594,-0.03635950460174986,-0.0589903573454339,-0.0004576659038901809,0.0003012924079561774,0.06330405717739929,0.023757076197920446,0.042994496287414474,-0.005541760042176103,0.019331019248974624,-0.006257795958663492,0.06634486700368325,-0.06191554858570014,-0.1056403450564034,-0.06401349343399865,0.07088607594936702,0.03694340432636145,0.040653567405369406,0.018964585340634166,-0.015720489433877494,0.06442147437895618,0.10395035207065284,,0.09598603839441533,0.042960144201882544,0.017718563285488598,0.04295691791623901,-0.0002961571062387591,-0.0015572528291279975,-0.007679054151082165,-0.0008892841262784223,-0.01608677343696696,0.0,0.03334464669560511,0.02866639710779184,0.02862363021726222,0.02951256162180682,0.07349011223944424,0.02322856868989165,0.028623371548234466,0.010931028013104527,-0.016700576466598727,0.03935253935253935,0.0214830807379065,0.06307754118119724,0.09689604204302849,0.045152071851398246,0.08432105127544443,0.06580651847245966,0.01522389392383583,0.0957316361088405,0.00913627050608401,0.0832762947752681,-0.0029069500022996797,0.00618820205824977
2012-03,-0.033893191189781846,0.010125136299911741,0.016448733914487423,0.005058921556957419,-0.004587554808444749,-0.010257736402034423,-0.049261083743842415,-0.008007550253945506,0.03407617026294063,0.02893309222423146,-0.0008241758241758212,-0.0002015007608752173,0.05202101440309259,0.026768775160797675,0.03278922639704107,-0.005137635652994854,-0.0005324648789881703,-0.004520754372345781,-0.0546253787530987,-0.020679834066002156,-0.1144086659741802,-0.10232977217145056,-0.05200945626477538,-0.012374074244445477,0.013363476994702417,0.001983394833948271,0.03268070269545387,0.05092091853668235,0.05481081081081074,,-0.011828935395814422,0.03286925908145322,0.00033740468317700056,0.03286689228652118,-0.0006027050218607721,-0.00042568213280957945,-0.011215845551182713,-0.0002670226969292422,-0.02757549904746126,-0.0003656641374897296,-0.00973245823801605,-0.0042255068006958885,0.021333646705345988,-0.07665322322514567,0.016629325367189418,-0.02127526698170168,0.023096147366056252,-0.07918465474314174,-0.024441762220881236,-0.06229461351621657,-0.014041769555936945,0.011526832955404354,0.10143734091929923,-0.2240146869262919,0.08507099150478226,-0.03140648548787017,0.02110817941952514,0.0628813514161628,-0.07931355961465425,-0.042017691659646084,-0.010849809482512018,-0.07642370627864314
2012-04,0.009577347491151356,0.01195983688016189,-0.026035019653887437,0.01504115591875399,-0.062275648358047664,0.006270684549730232,-0.010938399539435761,0.01068118287479769,-0.01904218928164203,-0.040421792618629215,0.022179451929245753,-4.933564825992942e-05,-0.011449859976032206,-0.01546902814394202,-0.006948381476513887,0.010264582512583553,-0.007272637167264451,0.009606175878272616,0.03044121182100934,0.03793386862236825,-0.12826742627345844,-0.028438963770193948,0.09226932668329169,-0.0025384257102933905,-0.0027225289268697495,-0.01452377664226856,-0.06830547872271353,-0.011451119103528251,-0.07020600594445014,,-0.13029465930018413,-0.006848041646009051,-0.005261737722611959,-0.006839818121257557,-0.0005110749951448001,0.0018454111831087694,0.021600098209473728,0.011039886039886149,0.0372050243946358,0.002834933699131348,-0.05967856436277297,-0.013664913563907088,0.0009888928365131555,0.0431931001968997,-0.035555120231157256,0.00038285653514846807,0.0009896889906382267,0.004694588200273353,-0.004595466395652004,-0.04727803051740287,-0.0011249071420990076,-0.008780123295348385,0.10976687283354858,0.02389341924225641,0.005693950177935836,-0.04391908849068915,0.008139534883720989,0.07120653781554731,-0.01722172217221718,0.012531603825437054,-0.020986260994468986,-0.04950057100577443
2012-05,-0.06176531243555383,-0.07368777514392144,-0.07645840976990403,-0.05040546059156403,-0.04214812613387864,0.02838843690496784,-0.06111757857974387,-0.04348627770661073,-0.19969777984424042,0.11050061050061055,0.036044113691383384,0.0,-0.07180364452533372,-0.06601819534245013,-0.06045964367519996,0.00556027350553312,-0.06600188452010258,0.05241659334253845,-0.10698784108581938,0.018395565572272732,-0.21009130225852957,-0.1052540955379545,-0.0031963470319633647,-0.0746188508323411,-0.06548115568362789,-0.08672194324419014,-0.03924902783391648,-0.07180281287820134,-0.10449735449735453,,-0.08046585494970881,-0.060559732925649645,-0.06598399565984003,-0.06056280905361355,0.0002045345305421442,0.00028405064052305917,0.020145277249525417,0.013296935540683341,0.05211314138090173,0.0021885828925771733,-0.06698721518830675,-0.05457530957201362,-0.05868468940064109,-0.10325256204059396,-0.10846493677956637,-0.1245614781111134,-0.05868472474574582,0.00981442102631691,-0.061481777422648376,-0.1050743677031688,-0.12115932174578214,-0.10629476064832266,-0.09413277804997555,0.02862901904231263,-0.18743535304044867,-0.09817303653926923,-0.05984877611175188,-0.10993061324783826,0.028933630479912154,-0.17766800564542384,-0.01642483541819495,0.04223814801966386
2012-06,0.05374216946917243,0.006233092052350564,0.025737432783303316,0.01775511457885348,0.06636998068916977,0.001514896482073702,0.10725356478611281,0.016233272120369735,0.10268700072621662,0.05882352941176472,-0.028385980095196883,0.0007537179394316862,0.03641345957312647,0.050553812977847556,0.041230390740205625,-0.001761446453143578,0.02344397231353068,-0.012354609839462682,0.05075776466350823,-0.019139900711764968,0.15792675507969345,0.05039175257731965,-0.027027027027027084,0.05270594171817833,0.009260761958859165,0.07531584062196317,0.2297369833601719,0.03641104965216768,0.0768094534711965,,0.113126079447323,0.04135669212886084,0.023233863355841322,0.04135360193941007,0.002014253141519262,-0.000992484558554274,-0.004199727036087175,-0.012774832710524042,-0.011688532270283991,-0.0029117379435851243,0.07886690587837353,0.06129893736888281,0.04043732709350434,-0.04780256429259622,-0.009910576977843477,0.20649916817447678,0.04289214636361316,-0.03411747806340604,0.025588875224671348,-0.007480214449834155,0.036266924564796854,0.06094474905103331,0.09972280440808601,0.1441794516401409,0.22678547501004975,0.021015252066596934,0.0011813885859686124,0.11782878477152026,0.013032674405667022,-0.02151957224899348,0.14726992706244735,0.09590108703593958
2012-07,0.02941176470588247,0.04190811822194762,0.049809807040597676,0.00024145840878908587,0.031067472087478842,0.003529411764706003,0.03751399776035824,0.01487575252338691,0.00026343519494198553,-0.018691588785046842,0.02574151598824259,0.0009545497934082547,0.010248422291154302,-0.013575610552587936,0.013272793264680116,0.006554071136578354,-0.028024937167477226,0.02325596271881425,0.01568320934174583,0.02164766144277075,-0.09729956919197236,0.021670854271356843,0.03436911487758931,0.015027322404371768,-0.0009547642737259832,0.0053749375698621815,0.12936638078497542,0.010248095331119256,-0.05647005029721075,,0.07757951900698212,0.011210243898549743,-0.02880862839707654,0.013417842621382459,0.001918367346938732,0.0019159843615197403,0.009606378305073271,0.01610915492957754,0.02069690647361,0.004471618908559849,0.021602813160871426,0.04052532172729739,0.011008644664708855,0.010258405977584095,0.1075188402462175,0.283209533586972,0.011008835163210051,-0.08468183400310103,0.0035511691186642658,0.010931913470689558,-0.022608492767148824,0.0045716557344464,0.2406860936923645,0.14040852699146478,0.1249522145158648,-0.024459775357774105,0.07765271852591438,0.15427314744034537,-0.00913071493424722,0.03170748161640713,0.17299460499987318,-0.003155742562522157
2012-08,-0.01499493414387032,0.01916102936048536,0.029896173711394525,0.012854556427278396,0.036524910814692335,-0.005945402780103914,0.09552077711818674,0.018268029472814362,0.08296023176191736,0.032804232804232836,-0.0039076068079194615,0.00030076322598437955,0.051016761846780945,0.03376764643287866,0.022187416595260467,0.0018913834157219256,0.021848050936249086,0.0006428650316847584,-0.012943873618443402,-0.003103736421153025,0.27645210103596796,-0.07262526898247779,0.025489303595812585,0.016504923142310668,0.03430376436030036,0.013034324509734407,-0.021304043537756168,0.0510184744733595,0.033074872788950715,,-0.12646988240940726,0.024419090572196822,0.021772484839628792,0.02219285202929666,-0.0004990426528700409,-7.075720996385648e-05,0.001111334759682503,-0.001039591094169623,-0.0029722007307936282,-0.0003634051058416521,0.04833973209450093,0.01622368161447607,0.010039289633388293,0.06280528205365266,0.14710159983378346,-0.017240297430426987,0.010039847370918675,0.043101898585394816,0.04522058823529407,0.1231235051651316,0.009214389725716643,0.06846062524732877,0.0777959466825231,-0.14197282150836965,0.05490557794067663,0.08497954412624198,-0.038281743524952616,0.07038278535695719,0.013064843894328382,0.09219904531484979,-0.021945830004390654,-0.07627483911240573
2012-09,0.007508743056984235,0.01647421093148571,0.041041386809953284,0.016266460108443015,-0.012088630998094319,0.004717378485384671,-0.03596059113300487,0.0025601391169935983,-0.08560311284046684,0.05225409836065564,-0.0055792868973933984,0.0003520071742413311,0.01001722004829153,0.03373973511448636,0.025807870163601088,-0.00025066668380924195,0.02129547471162363,-0.002729119528354862,0.07931103582588661,0.004310860974733544,-0.04878716031369679,0.053120079555813327,-0.01420328450954289,0.00759581881533089,0.009998443821973124,0.026830749112647156,0.010806512725002326,0.010016006476183392,0.007388296000938155,,-0.0030219780219780112,0.025630368523136493,0.014801573114050726,0.025620699739868025,-0.0005094814497803579,-0.00021251383283726888,-0.0017527430820158951,-0.003729078137195474,-0.013415861197352608,-0.0015450331727711042,0.01542382513159346,0.005153295279936465,0.027021255115750042,0.018108010148604636,0.022459699329831606,-0.05439206985170886,0.02864723277867709,-0.018728292281994907,0.051134365107280866,0.09970322376022289,0.08706861887078077,-0.07740740740740737,-0.08716840605029641,0.1271291355389541,-0.06792452830188689,0.08322559793148021,0.012436503765983487,-0.08853289166833245,-0.030541311372571767,-0.047715979165419364,0.014615407259132907,0.027690624446911505
2012-10,0.0035732516590096797,0.02736544481470271,0.0029002248903198247,-0.0005276735459662785,0.02184070679982253,-0.001593024230736928,-0.050587634133878345,-0.015870874488075226,-0.00824468085106389,0.004868549172346803,0.0016656439028668313,5.0269044113315786e-05,-0.05426465317063289,-0.021818020888652923,-0.019177054516956615,-0.003071528947751312,0.00816681146828846,-0.012269227636928615,0.03827411126280156,-0.02265410754739483,-0.06212251941328739,-0.10864547266813562,0.14272850067537157,0.008921778822878368,-0.008512769153730781,-0.014895504059309062,-0.01721115874390211,-0.0542648650027141,0.007334109429569358,,-0.04712041884816753,-0.019106368289132036,0.008948703494926713,-0.019105077928607384,-9.175340761957695e-05,-0.0009210671180589491,-0.003394594298194775,0.0023502785515321367,-0.000418407836647372,0.00018204988166758973,0.017936890185304533,0.0031898102669949413,-0.024335247658763604,-0.04837377534745957,-0.059521700620017715,-0.0006583445167497315,-0.024335594551179285,0.007963929277065684,-0.030869619776634383,-0.06538667545630583,-0.06399321119282819,-0.047571256523484484,-0.009619743137748826,0.010162986529308471,0.049916065962279044,-0.05529862250733508,-0.0423442906574395,-0.034044864029407984,0.009826493912991063,-0.06852759964793165,-0.04210488141002389,0.06135708917835658
2012-11,0.006714140386571588,0.0026702050979621195,0.0209290641963511,-0.006452748284155541,0.039672508593831646,0.007138058448102225,0.04467168998923565,0.007813723954253504,0.06033789219629937,-0.043604651162790775,0.00883948888499897,2.513325863162663e-05,0.013350910439153152,0.005519612722254985,0.005511165744724433,0.005160800997800363,0.0025406309446296405,0.008178551835020809,0.01605525094048188,-0.03214590703916076,0.15721148931820506,-0.061562003413571986,0.026792750197005555,0.01901105931816116,0.02177544677544674,0.014797543746248643,-0.01739975933645621,0.013351721162439434,0.056512192303247444,,-0.006072874493927127,0.005401352633350731,0.003910887631817905,0.005400980744661998,0.0,0.0007801947107788365,0.008362202381283268,0.005471124620060719,0.0141058291712437,0.0008190753549326413,0.03324244325849235,0.017075585873033372,-0.00168875193559348,0.1259670492465621,0.05410623469579945,-0.009645188807527072,-0.0016881154587611302,-0.016659797683309607,-0.005093012214597126,0.027045494621759758,0.034567729037357386,-0.014330874604847166,-0.08833401139137498,-0.06365136101182278,-0.04951798730308021,0.017529083539506107,0.00858136488866812,-0.07103009859885834,0.004247012189670274,0.02524298056155505,-0.018002498769545405,0.053052765116313516
2012-12,-0.0012126111560225583,0.0277255869426698,0.02608111189793183,0.013756863671252173,0.025908862131712507,-0.008588343200200077,-0.10510046367851622,-0.000903561782251372,0.016691957511381084,-0.03900709219858156,0.005899193198577235,0.00020001382294498882,-0.005707762557077722,0.0358042744656919,0.00830633604325004,-0.0024429962480023715,0.014982298856429876,-0.003602628786639639,0.02929482867763822,-0.0493477027793533,-0.058563731119159024,-0.04515522107243641,0.09938603223330755,0.0025562830747152265,0.02093116100454373,0.0035260128756342546,-0.07606348373270355,-0.005705965984687644,0.10074381973309987,,0.008728542333430456,0.008408540946930998,0.013147826086956416,0.008415574138468829,0.0001937194127243913,7.087216210344138e-05,-0.0064304882079301295,0.004232164449818665,-0.01707621591533348,0.00036373556424496023,0.0166615607045153,0.0022446506998983207,0.006558379906266731,0.022021396770549373,0.008041098950190007,-0.07240382401350842,0.006558330034630355,0.03965979602754621,-0.02156088672942602,-0.09170511857495445,0.0006965666007550109,-0.009193927731451779,-0.030233725665197886,-0.07004711629583171,-0.08247575697605392,-0.04128297982410756,-0.025166808472526947,-0.01929567302097157,0.014571678710807001,0.026267281105990747,-0.09901493975903619,-0.013804937839257625
2013-01,0.007284500202347166,0.049615286786214075,0.020809451397824308,-0.023820617355853058,0.024428074359767793,-0.01354079058031954,-0.013816925734024155,-0.002188013575408654,0.10385572139303467,-0.06958355297838692,-0.02552824493316086,-5.0255202198701276e-05,0.02626904923116169,0.06319298893389647,0.051582917957699204,-0.005463106551607644,0.028010413726043737,-0.021443483824259868,0.047918144978584154,-0.05237337576239731,0.019984987802589504,0.02190476190476187,-0.0596858638743456,0.07045403712815923,0.07180365721947046,0.018860225778664308,-0.0005739644970413904,0.026269608536571454,0.06946238696213847,,-0.03749639457744458,0.051547325289203805,0.004669046965119605,0.0515434357763207,0.0,-0.00021261054515386846,-0.011296777934006297,-0.01685731487055986,-0.02733052105294409,-0.005181347150259086,0.03212146523787118,0.02983826140454071,0.059108216981561545,0.06020649658006305,0.09412807445158422,0.060504371650010436,0.05910783842145095,-0.032126118449083974,-0.00953267713044248,0.0371910590236757,0.02175816773324346,0.06365990504963315,0.01668104687949379,-0.003860893028863499,0.03596656780803453,0.08622922512410969,0.021774082410767726,0.04185455926330284,-0.030384801017945717,0.056642504329976306,0.0019256032487067198,0.017669952558166058
2013-02,-0.018481317798312635,0.04954184021204089,-0.004950211415279071,-0.042956864148917195,-0.0024092391004033598,0.012788814050643804,-0.02977232924693518,-0.03115741462653987,0.006197183098591408,0.018130311614730887,0.023099389326489028,0.00010051545582201449,0.004771284326474445,0.011215296929582674,0.013393715010440621,0.005694566618899222,-0.03777994751937508,0.011640611054117844,-0.03186138162527419,-0.014131803553938838,0.06319565817312123,-0.046791143105055166,0.07832219747587232,0.015733389051399982,0.009625073838562814,0.0,-0.08587177255584566,0.004768504030876031,0.036052778293997445,,-0.008690440515432996,0.013390742734122663,-0.029250956806998407,0.013396957520091846,0.00030581351491854036,0.0007091288101002124,0.011005276852526835,0.015396728195258502,0.012727417648484396,0.005025584795321558,-0.027418520434557614,0.005334646907162455,0.017467115348064333,-0.017490065250453934,-0.036129450362509585,-0.04268747290853925,0.01746698249987766,-0.050482885665136146,-0.05049465061103908,-0.09506560962274468,-0.053841420534458506,-0.0775005072022723,0.025289957567185217,0.022938159183908624,0.070580886945659,-0.05484351713859914,-0.001483612822011482,0.0005353380033030763,-0.022211160636845806,-0.06119475473530844,-0.0868657188128622,-0.09345253049716651
2013-03,0.021182971756037672,-0.024922073424151425,0.010951552909473916,6.234025310147828e-05,0.004885506331217204,0.007828941830120284,0.016847172081829065,0.014143304060918682,0.037178051511758126,0.018363939899833204,0.014965397923875523,-0.00020101070696110224,0.02822847970968989,0.046131313131313245,0.035908197384472595,0.0005671102856634747,-0.019121125831594643,0.017911069678844482,-0.030111176243497573,-0.015114958841896065,0.05744938570686964,-0.042244024139442504,0.013769363166953541,0.008989364984674841,0.046625481828193927,0.035420282116317425,-0.02682012189198124,0.02823053079626847,0.08645739910313899,,-0.03960096735187424,0.03587412191253114,-0.01330611095466061,0.03587132772061996,-0.0008050627235578478,-7.086755606966477e-05,0.0033258074204483012,0.006203153269578765,0.004781526424106897,0.0011819256296028424,0.0009690330735201425,0.02562993234156563,0.03698624744577517,0.04587671335480481,0.005925116611337655,-0.011727310597142049,0.03698656299226588,-0.01430813124108421,0.009994814011597963,-0.003826498502127351,-0.041018256143447784,0.020233120738948784,-0.07112901445756536,0.14340244520818102,0.05036950602878254,-0.00819930621255116,-0.02665466006303463,-0.03270645021743579,-0.004211468151736231,0.05082772891877929,-0.03744083366073614,-0.01851409919862057
2013-04,-0.0027056819320574466,0.040462342198345214,0.011983414589693542,0.02381249220795434,0.03638782319824796,0.012696291346474986,0.08047337278106514,0.009472608786216696,-0.034225869142733734,0.03442622950819674,0.007755902156311167,0.000551843439817068,0.024547428952206962,-0.0040070678884200905,0.018878516077857066,0.004723220452171661,0.026748306005276,0.010354956981398322,0.01888163342881577,-0.03530513725772755,0.04213712976599582,-0.03132920304139675,-0.11680814940577244,0.005117227319062279,0.0058203102521312555,0.020821694099445454,0.0786646967216389,0.02454547421409048,0.11631170546475156,,0.0015738117721120215,0.018881338783992563,0.020763467713164507,0.018879919066530748,0.00020397756246803844,0.0007796403284232589,0.010417901688056785,0.0001712475383166545,0.027038750503823428,-0.0008172902288412498,0.04093358026769933,0.015394154388782333,0.01903825872816922,-0.091703369499051,-0.10230595705572731,-0.03701972858307889,0.01903829145075764,-0.03808414258216697,-0.07748681323810869,-0.14796189128402115,-0.06733191242007364,-0.018322914421211478,0.04966434978910472,0.07189228476046172,0.009211257174597254,-0.04281928987811334,-0.03404570265519491,0.028857583353929073,-0.019899302865995283,-0.0421538461538461,0.05915480638875814,0.01646326159252065
2013-05,-0.073854501607717,-0.045474588566633,0.046825754164790734,-0.022284461763273256,0.04424769347506974,-0.0302705377763115,-0.07447973713033951,-0.02743387179184842,-0.09267747344885413,-0.08663497094558903,-0.018944519621109546,-0.0001496586109168696,0.0348082684693094,0.04021250193888637,0.023080055574186797,-0.013938066878950273,-0.01389789736840441,-0.02905041213405335,-0.007475366360105151,-0.03151841063559635,0.07796184344822166,-0.0595973544588998,-0.12610534409842367,0.029776272286565986,0.022198429109692608,-0.052076536089418535,-0.002430928318464032,0.034808132925537416,-0.012940915477334891,,-0.05971087366436201,0.02311397976436491,-0.031874737872221504,0.023112273992821564,-0.00010196798205353019,-0.0017710166366402547,-0.02396155037075154,-0.005222155637359838,-0.050006089030952494,-0.0007270744342452451,0.029588969086755235,0.014425002002082188,0.02213476053468577,0.07708481169018899,-0.012052678114384041,0.0184601916434326,0.022134720717098322,-0.02695759454152913,-0.0545463745382786,-0.08028829042591046,0.032928222706970045,-0.016908212560386437,0.07889524025128747,-0.09338834427039644,-0.04467275145622163,-0.03011848078839563,0.012594579063308187,0.0793516431978587,-0.000711288142826727,-0.018438805011243176,-0.03488505457097901,0.03088853736641095
2013-06,-0.041553650862536595,-0.025616189312431037,-0.045344086021505414,0.0021795989537924942,-0.051021205072919074,-0.028663774772475836,-0.014201183431952646,-0.012093352192362072,0.08045835386890099,-0.06709080393290923,-0.016896551724137843,0.0,-0.024669372790362742,-0.0051630941286113785,-0.014592772099884188,-0.011168555270444469,0.002547990344457629,-0.03376239331160358,-0.07058160202333719,0.014883936145600352,-0.15178441369264395,-0.06754772393538899,-0.028156621205455368,-0.056176012921270835,-0.01916572717023679,-0.007172517931294808,-0.02801142970238235,-0.024671874946857186,-0.005468984117470765,,0.011029411764705843,-0.014624005665982542,0.01653429602888079,-0.014622950819672131,-0.0004996940648582804,-0.0006388002824205818,-0.020556232220267256,-0.010327022375215211,-0.029904053817960574,-0.002364711232378358,-0.054222427318874056,-0.05148662383926894,-0.013800602596053313,-0.12333463471768102,-0.009938765897315238,-0.07594061533574381,-0.01380069891010327,0.035508997081505234,-0.12154134332352151,-0.12651165790576935,-0.07270716009654066,-0.04221576948849681,0.037612128206473416,-0.11022094895229895,0.011186326755965315,-0.0861399703162461,0.020241191771104283,0.0009644121325165234,0.013081199927238663,0.04738840162324909,-0.07694099415788458,0.06281531160646114
2013-07,-0.014149875481095808,0.0505299218499089,0.040953786197808206,0.002485552724787121,0.0684094332669003,0.0010507880910681777,0.06182472989195675,0.0253520550606956,0.013912646824039143,0.024178549287042772,0.009908803928446064,0.0003506513217459428,0.0626456276645575,0.06996983493526687,0.050806379755858444,0.0026461841358860205,0.02426859796296643,0.006971458663150187,0.056968110060618304,0.014285714285714235,0.11815215524643663,-0.014960629921259905,0.038026256224535926,0.06523780704134241,0.06183255889785588,0.01827331693133516,-0.043549362094747246,0.06264711523372801,0.00037664783427504567,,0.002975206611570247,0.050772333104839085,0.021450387101356716,0.05077527117854519,0.0007040026119518039,0.0014204542352507232,-0.0009876493537479547,0.006521739130434856,-0.013112535051905572,0.0010939921597228341,0.06469144005024563,0.03550788341595612,0.04108216702165546,0.09936678032148083,0.12093819877253931,-0.0881671941194907,0.04108222978307041,0.026597631037662328,0.07207262093334954,0.00812227719116887,0.019954451794816253,-0.07392723880597019,0.05904954499494419,-0.03365055846820142,-0.07098091349349545,0.06677493909675802,0.015111481945023764,-0.01363698927463497,-0.004824544283539511,0.09692538432695907,0.0098824304908256,-0.014113669976759113
2013-08,-0.00953037088069808,0.021560320857171966,-0.022300609182094644,0.016487943965784346,-0.013657157784044194,-0.01005948215535335,0.05483323911814586,-0.025961979613412844,-0.01979529861657847,-0.056900726392251744,-0.01623686723973261,0.0002511248299674751,-0.003082667714811138,-0.03144945935297472,-0.029305023233727856,-0.00615583361610883,-0.009819468542253573,-0.02910957967416794,-0.009824371525557152,-0.004195385076415925,-0.049070803256028306,-0.04047288485001477,0.03227213257740935,-0.023685911878220445,-0.03790257571686295,-0.043227096008961685,-0.024216457877334285,-0.0030814163357727464,-0.02018072289156625,,-0.037244561634805495,-0.029273915687069385,-0.008274807037062737,-0.02927802406586444,-0.0004078303425774088,-0.0007080307908378103,-0.007239317985913152,-0.008120950323974085,-0.005473775789190727,-0.001092796648756944,-0.016639365042219967,-0.0048426393389094935,-0.0413397502215298,-0.005899107538451909,0.0078944017656295,-0.004590665646518777,-0.04134011610637145,0.0014763314254961912,0.06330624538273555,0.19552479308576864,0.034821903242955976,0.03727020901536138,0.1601584876837885,0.03151997641161741,0.09771554147288808,0.06839208338212899,-0.0015525823096945723,0.12538508603385545,0.010558767463934693,0.03287187375377432,-0.031351031606000945,0.051605160516051685
2013-09,0.049733364247623424,0.019936726899618007,0.06552823214325243,0.04481980608573699,0.05453958984109741,0.006538835380401231,0.0836012861736335,0.02288575553712402,0.044520940906483064,-0.005776636713735517,0.015269196822594866,0.00015063706927231912,0.04630977760379862,0.06431754698390035,0.030323677743224087,0.011423711380571522,0.02375898105813201,0.008409753195210534,0.06291565297989399,-0.0006018657839300667,-0.04401195186949858,-0.022361555662735122,0.07393324883819186,0.007565116185736853,0.051429164206259204,0.020799375559585886,-0.0020522120937336297,0.0463081526444169,0.09322164156163537,,0.07531667237247519,0.030385082144767983,0.029659234328986095,0.03038290154426293,0.000203998368013103,0.0023464206442438407,0.01697258846666494,0.010190749934674725,0.011134799168936338,0.0018233202662047976,0.06810012741506077,0.04084280240887228,0.02176384930917563,0.004558825402080746,-0.08687413146923817,-0.08402677984604934,0.021764030478137464,0.03110975556620632,-0.049489605045160534,-0.07676520140909782,0.027844849730285004,-0.07210487982520031,-0.043163395465580456,-0.025897553167162135,-0.06238651706317799,-0.07711279184478781,-0.039378001372055715,-0.05506381030503049,0.010161228973087022,-0.04136789851075562,0.037461701253987956,0.04577814007200609
2013-10,0.016454997239094604,0.03694233698006166,0.04788167720894476,-0.00799579782887827,0.03767108953162279,0.013256079360898898,0.013847675568743778,-0.010531163032814872,-0.11501702735361963,0.07488702388637813,0.010171259671390098,0.0003503876228447833,0.04985855823605578,0.02463945370228804,0.045839668552630775,0.0052923716527917275,0.004809609403277015,0.008520647904479484,0.015235589422808449,-0.0014302920806985586,-0.06817029903699945,-0.07296945777458852,0.050354051927615995,0.04339686522873465,0.036914763628636216,0.012211852018441549,0.0020564323290290787,0.049861731144941634,-0.011388400702987744,,0.009869468322190267,0.04580713385637303,-0.001974804221995141,0.04581027517823899,0.00015296757087490676,0.0007093707485634759,0.007664726091027196,0.006466632177961618,0.010777889870549728,0.001092001092001027,0.05848059079368184,0.03908493055016682,0.028645467860820784,0.013272148769759351,-0.010284080427965248,-0.03000267555274483,0.02864524060366591,-0.007377280090147265,-0.0025302220972729383,0.007332691861043905,-0.0067726295796470826,0.005756148613291545,-0.004429345488948133,-0.02749574505546115,0.0344108446298228,0.025476572243007256,-0.012664254427728006,-0.010780365200012132,0.005686533673500804,-0.05707710011507494,-0.016212513320140065,0.029438320482757074
2013-11,-0.035962624945675814,-0.016061443104493645,0.04258145090148591,0.01947402482791083,0.0005833382461997161,-0.009617050771096869,0.03219512195121954,-0.01856498249731886,0.01564051638530284,0.013213213213213448,-0.002323580034423345,7.528081311636292e-05,0.03517452666931575,0.03998706885832948,0.030270603304311194,0.0009053497530222554,-0.00037242583536345464,-0.01237105406034289,0.028594800080419036,-0.04040708631737655,0.14132898195993104,0.02172230285437826,-0.008614232209737893,-0.0085703378507348,0.012984256406127548,-0.006509953785993616,-0.04351235077145443,0.03517146727078768,0.09365000355542907,,-0.06399747793190413,0.030328717523326443,-0.0017057860262008617,0.030326514055300846,5.0981391791937725e-05,0.0009221771339347207,-0.005390508697087015,0.0002570033410433936,-0.019448486416732802,9.090082719742654e-05,0.00816969101640952,0.011145805620510263,0.03805654998100816,-0.026484349588410505,0.0321979404501187,-0.023759074211060827,0.03805642911513907,0.005158131862284199,-0.05586245772266063,-0.0858036890645586,-0.031200462974611987,-0.027315296566076896,0.0964105222236622,0.08987357050179545,0.05803571428571441,-0.05495714616631908,0.056611052174751375,0.05547902572422747,0.0033162173726999367,-0.04149377593360981,-0.007308833010960747,-0.03795407651390381
2013-12,-0.01724332243885951,0.004409569587664253,0.01971764034795842,0.012696214219759971,0.0019133503477832825,-0.015221765374857976,-0.02835538752362954,0.0006391291350107409,0.06673185040332452,0.08891523414344982,-0.018286897265591295,-0.00020073372357920505,0.029080552287784167,0.020316746769963867,0.02410403290108687,-0.01330921584654654,0.01487204544066456,-0.022027385580218772,-0.02583732580942444,-0.02702490376306077,-0.008578236695790387,-0.0013258203513424327,-0.012844729882886208,0.014786007200477291,0.03002145938251899,0.0041820418204181475,-0.10212489931498558,0.029081329878851925,0.03602080624187254,,-0.04311215897608622,0.024070613401031782,0.019684232109903554,0.024074792276322476,-5.097879282212059e-05,-0.0021987423229854475,-0.018569294337401288,-0.012076053442960033,-0.01864242870191868,-0.002272314124704633,0.01078290220573197,-0.0009370427300715578,0.03028352781687471,-0.0018761967179407035,0.041260382809678475,-0.005894893660741807,0.030283729675017357,0.00740102845001922,-0.038509761776822526,-0.033111151143938033,0.05973560501779085,-0.04011767852366943,-0.016270732379939368,0.06557399742521342,0.06864479833038417,0.0025736871131807337,-0.03920226359985379,-0.027108026063922375,0.0027949979437345007,0.059842118665647925,-0.09495578256035087,-0.056858578305983065
2014-01,-0.01811926605504588,-0.03289931147317471,-0.033181364733961716,-0.00786414406200131,-0.030697518942207735,0.03704361730478811,0.07441634241245132,-0.04407174278090853,0.014092575618698477,0.2612955906369081,0.03453123627097798,0.0002509675321211713,-0.01946250093257318,-0.02850514014311145,-0.03503613741951683,0.011000528276796873,-0.022050371618571818,0.0359431049969543,-0.057908610118818094,0.02866370609608415,0.024034609838166965,0.13095633208477553,-0.04133180252583246,-0.035686505150922865,-0.021724795869693336,-0.015812213264442487,-0.04918943808450149,-0.019463221291115662,-0.08673277268733526,,-0.052446321717705024,-0.035033455371796474,-0.020711843957369802,-0.03503084205996265,0.0003466734641854874,0.001777087265803834,0.021968256343239068,0.01898569570871267,0.04115925154647315,0.0031884850141206122,-0.0330880454428093,-0.021428967454582448,-0.05238262077804634,-0.021024578027835417,-0.059178010925171276,0.028434855629481337,-0.052382792997374805,0.013474123796577864,0.031048186785891607,-0.012893128633179263,-0.05874568046467166,-0.038172192811367966,0.021826191429715758,0.18694138432758267,0.14536809034558873,0.0013446610842857698,0.008217356196266401,-0.007542182562553457,0.06764484746303356,-0.011893320518981176,-0.08178180419443903,0.019457985910693587
2014-02,0.022891847699135548,0.049187954660801836,0.03862102217936347,0.02004595060310166,0.05686368426094468,0.0044543429844099425,0.00995925758261662,0.00622905238654603,-0.0018077053440290758,0.03927492447129888,0.003737047732291554,0.00015054273793335682,0.05157941241440245,0.04750609103993941,0.045597626163164096,0.00228651816272607,0.025064461141777628,-0.00022147339606193306,0.03999119917237515,0.005102040816326481,0.025974025974025983,0.41671907097639704,-0.010778443113772407,0.049087117336900965,0.04876702113165887,0.007693700217233923,0.11032346408830551,0.05157901380489549,0.0030236393622868896,,0.11255572065378883,0.04559429580689489,0.033196440793976656,0.04559077124338451,0.0002038548960849873,0.0004971344060049621,0.00278209788825845,0.0002552322613578184,0.0073767105953643775,-0.0006356701779877127,0.04086501016952182,0.042030614075675876,0.043314128395835816,0.055524869144375266,0.06151790240081123,0.05401602894254198,0.0433141303999669,0.013429802061656115,0.06594796434594064,0.10924877312193293,0.006509399572983465,0.10283893395133248,0.11224769743288276,0.062200380885668816,0.26365927793016564,0.05169993285723007,0.040375011778008174,0.11082853566958706,0.03240147958457795,0.05884498480243172,0.09127286823644143,0.12710529008492788
2014-03,0.04053436857730075,-0.0012899584794614505,-0.008458288844529038,-0.005011543442761446,-0.0010937282840551843,-0.005116834385127111,-0.0008964589870013029,0.0024526341719415257,0.07323146576117723,0.14119601328903664,0.005753934675918115,0.0,-0.027660493178821133,-0.006394362521205732,0.007544027982962609,-0.00756093888465903,-0.0033978892264099336,0.000913780136745812,-0.02762162624096165,-0.01397891448652877,0.0561994814701845,-0.013316367295001963,-0.046408393866021025,-0.02608630422144298,0.0027690414330645563,0.01803197700529946,0.13181028583460552,-0.02766054382609795,-0.004727322554124447,,0.00601001669449075,0.00754732004731995,-0.007088439880755137,0.0075467620580425,0.00015286001080205835,-0.0014212620352317407,-0.008281054881974725,0.0019562813642937105,0.0011742913193093507,-0.0007269422989549801,0.011189833798685545,-0.010167648391481654,0.008243450763736782,0.0438574632444555,-0.017103663830526195,0.08306914880938199,0.00824340893811848,0.022512765761494302,-0.02858918582970793,-0.07010618023414106,-0.05080711920529801,-0.032834252692408694,0.04718277599633525,-0.04234974085255916,-0.1372796339209762,-0.018630295995356927,-0.0022189014173799038,0.03536018171329691,0.004781754917835279,-0.004592949822023296,0.15774396113122813,0.1541748371946643
2014-04,0.004499067266542367,0.014086781029263307,0.004372904844841541,0.013129598189021152,0.025600696880973883,0.007971884107663252,0.00583221175414983,0.00985063783414164,-0.006749630879561153,0.06513828238719066,0.007908463738852456,0.0001505200782285776,-0.003627032554477383,-0.040065513991254575,0.007240644351843795,0.004203337234163662,0.006969543636451192,0.007303567239295816,-0.00427315617651669,0.01069222239822576,0.028950978268717176,0.14434813903967858,0.00042319085907749354,0.03071324039128087,-0.015852452868782563,0.0016322929304068978,0.027812659876284895,-0.003625018237320865,-0.03324843395057475,,-0.04181878526385652,0.007129510982156528,0.004470242860955542,0.007128987830484768,5.0945549396663736e-05,0.0014232848960198385,0.007464572483403709,0.0028013582342953924,0.012901721166245883,0.00036373556424496023,0.018398240940420196,0.02469604863221897,0.008428399162927924,0.045547863451897985,0.027029414362688797,0.02286632334169636,0.008428928300667327,0.0188346282279237,0.00942243936485787,-0.03074220465524813,0.005450779461462885,0.03557848995111357,0.05081095632276722,0.09857002980449536,0.025500663017238523,0.004967768643917347,-0.010393028955251071,0.04129123246885524,-0.002180636224619281,-0.008363133002653012,0.02367519844804722,-0.031845497163113134
2014-05,0.0030587721214767605,0.006222469882714909,0.033171422977596565,-0.00703831974081115,0.02223664032086803,0.012586104260566389,0.030330062444246186,0.010188319932289636,-0.08504990443830962,-0.005466347796378557,0.023622704507512582,0.0,0.04540778591269712,0.008547146122396487,0.023161580790395098,0.008837926112223116,-0.017013130739090054,0.020763115917510122,0.05712466645928571,0.0039181882297627535,-0.0074375526241931,-0.1377240800922529,-0.05710659898477155,0.011564257290713309,0.017514202577248117,0.01836640313594229,-0.0809732825661148,0.04540718630322149,0.02947878097408152,,-0.01939729823346037,0.023221271873283378,-0.017137163732979133,0.023219579996301087,0.0,0.0018483437046810103,0.015348602101104225,0.0023702700414798272,0.024604179624137412,0.0015453140623580275,0.029475878276539413,0.027835479850436107,0.011689101710497196,0.028551532033426197,0.008772684269373165,-0.10259913505604923,0.011689171202082349,0.0484753432237659,-0.03866320944972623,-0.02567587977646879,0.03171419277892218,-0.08575924468922114,0.013161265530933886,-0.05840352595494602,0.029110440635257362,0.017360089448596572,-0.03664297179545983,-0.012891898670679636,0.0041233996055281,0.03687547257604851,-0.130629628913426,-0.07589273624403536
2014-06,0.015138314092790317,-0.019356284859113115,-0.012353477291800141,0.020589558955895537,-0.017009982112976774,0.0010078105316200237,0.01861471861471853,0.017406239854214745,-0.04676801671115238,0.026451391274476155,0.009540895376335401,0.0,0.029940243955836054,0.05472652696426561,0.019938395345426185,-0.002478957973682583,0.0045459801242691,-0.007584204363473401,0.013009631729776094,0.0041370697057214745,-0.10123002969037187,-0.029056867572414213,0.07267833109017485,-0.009400509732944373,0.04064874581256639,-0.008390459096511926,-0.04762005247349954,0.029939797168985427,0.03271545165306411,,-0.009537265983751264,0.01985681184506749,0.009326214773264896,0.019855397929561258,-0.000662258403040239,-0.0007820881360368626,-0.002738704396830771,0.004053711679756766,-0.0020459496677796007,0.0004538028680340922,-0.0049528111639913774,-0.0033596717691953826,0.006334436579074287,0.008124576844955822,0.034700315457413256,-0.09088075572125576,0.006334692246641183,0.07980188496586682,0.061016542795492734,0.1246705937064021,0.028401029898586616,0.009179575444635768,-0.10076171813268431,-0.02053319741618731,-0.09658816327845599,0.020187413234613594,-0.03646577168428067,-0.07400819866517605,0.08279321885415891,0.0343860436416672,-0.09173056925669099,0.11150119859099616
2014-07,-0.011908593498551667,0.040337219152111636,-0.047766103243490066,-0.01278800573255423,-0.04034643875981725,0.00671197248091282,0.029324266893327566,-0.020834834525709,-0.14475286096907725,0.04417670682730934,0.007027463651050114,0.0,0.01152100026179026,-0.06183609236449472,-0.014213261236385999,-0.005231835166201182,-0.02234230741270271,0.006914493867941296,0.0748832415062688,-0.01585820895522383,-0.04121440931256881,0.11394584442009714,-0.03387703889585947,-0.004250797024442088,-0.043025949044086076,-0.015025624250354475,-0.09010539376795645,0.011520556543571647,0.033018552005893875,,-0.08594864479315267,-0.014136704944624046,-0.024840977569467793,-0.014135717930127023,0.00035683699685984394,-0.000782690283852916,-0.004493822772959066,0.0021027840861300717,0.0015945654883300353,0.0,-0.038425370472453646,-0.012969399369409884,-0.014695314072763033,0.03624393090312572,-0.0718111404087014,-0.14746294635793034,-0.014695370222975623,0.03712851243015636,-0.030843972432493594,-0.030598532097446562,0.008583910277699669,-0.0685048322910744,-0.11096270781343365,-0.13964083557235862,0.0966798616311828,-0.011963485853603295,-0.04313241106719368,-0.10714351047288029,0.04371460355987056,-0.06350325379609545,-0.0818195732696605,-0.1048401980584368
2014-08,0.006514657980456029,0.008077753221408024,0.0111492775037898,-0.01870463428252367,0.03167806909966142,0.014667888990749223,0.007018992568125437,0.0033851620567488805,0.058932384341636945,0.11121794871794877,0.02278013956846081,0.00010033161689637637,0.05077509777203626,0.050774603020992126,0.0398749288816056,0.0075802664738529035,-0.019190729954145502,0.02584068661503469,-0.00024266022939101184,-0.012085308056872024,0.054552912223133854,0.008121399466067158,0.0740259740259741,0.017824711190997933,0.05066250974279041,0.013262188371784056,0.010430448793395941,0.05077760397140385,-0.014328319502074693,,-0.05891533359344514,0.03979842004903289,-0.010711343037626886,0.03979560151010819,0.0004484350635451939,0.0014977143397356674,0.014567260648755465,0.005959375524592803,0.030102797664866898,0.0012700716683298197,0.023525494031159333,0.02257273510504354,0.03583135600015441,0.03995920145344822,-0.016378889431399535,0.003016101341005051,0.03583078297214648,-0.00782744485652942,0.0036138960130567277,-0.0485906231116483,-0.027634945160718405,-0.11718034787915788,0.005416304261880223,0.049707457970227464,0.043119146722164325,-0.027659818661769697,-0.02313213197707442,-0.05338264218980493,-0.03749909159177345,-0.014360993688111612,0.04500870168232529,-0.048945858540637044
2014-09,-0.06148867313915862,-0.058950229493063944,-0.0026284825020874703,-0.021564722617354204,0.009669912698059724,-0.013470225872689978,0.022140221402213944,-0.029095900170782563,-0.07810189541605062,0.011537352177675153,0.0009411026586150228,0.00010032155147277066,-0.007306968460673691,-0.061414482520434355,-0.014033660208657595,-0.004864900537010386,-0.03880391450755927,-0.003523396571092574,-0.0749819714405171,-0.05133125449748133,-0.03531699727732407,-0.03902547806210621,-0.03184199919387343,-0.025036331193318828,-0.047223957519912485,-0.024363596634982998,-0.15284137465657688,-0.0073079989370182785,0.05071367493257917,,-0.09286898839137658,-0.014036834245893415,-0.038659078289839166,-0.014030638975627174,0.0004584211973961416,-0.0009273179499158513,-0.00906832446224859,0.003337505214851877,-0.015614536021936187,0.0009060433088701192,0.01254463311272458,0.014176215412799564,-0.0021685866858410785,-0.1477595472099058,-0.055595667870036114,-0.12063594867999017,-0.0021681862552648257,0.08544897035719212,-0.05889185735857816,-0.12493461854591648,-0.04840054183599041,0.00725890079502256,-0.14769375958475872,-0.0021401441657553644,-0.019733150445788383,-0.08852691218130315,0.006342829959300245,-0.10837075915805416,0.055268920041275704,-0.04130192115621878,-0.15217488402958124,0.08618148033446893
2014-10,0.008275862068965578,0.044482288828337824,-0.014071374884641497,-0.012677366829495273,-0.04113072047023303,0.011406210973274433,-0.12154031287605294,-0.005395722271383296,0.0501603966170896,0.009980039920159722,0.009167123716994574,5.015574403444134e-05,0.02614541251815794,0.06784525688305965,0.023406152474364728,0.009909490309484736,-0.00831465548405741,0.017324213440883973,0.04895947403917833,-0.02326169405815426,-0.04556084186759135,-0.027673028949353196,-0.029975020815986686,-0.015132075471698037,0.03662193081309972,-0.0010078387458007931,0.07638256713700486,0.026145540534511014,0.05646675848253402,,-0.02468007312614251,0.023355794575291133,-0.008302649628185499,0.023354057069982392,0.0008044151189312565,0.0032843067595533793,0.013789647387046022,0.001413721413721536,0.023113482592149293,-9.052231375039632e-05,-0.030281584160026798,-0.026763233571200362,0.020394653292043374,0.021481916589745742,-0.10942278287461782,0.17459009206488374,0.020394687574663672,-0.005828495673293577,-0.033016539126141664,-0.05575954231064806,0.013112510265535171,0.0751544269045985,0.30145328719723175,-0.0837860450865553,0.002257910637621263,-0.05018130018130018,-0.04821681811019496,0.14005170467648154,0.015752820243745358,-0.10914327736242191,0.114599012583539,-0.06876553910722838
2014-11,-0.030893752849977085,-0.03262244831409378,0.0699135368819237,-0.023029803274826177,0.03874606537900971,0.01646361540994401,-0.017351598173515947,-0.013540785105136233,-0.06512079977783947,-0.051948051948052076,0.01234472049689428,7.522984284280554e-05,0.045236048309098775,0.0005130561298720693,0.027217914791660025,0.006834494419488912,-0.007502850022535146,0.028485558375976217,0.0011273478984046292,-0.05427560617827254,0.07206826630618446,-0.026014319809069097,0.011158798283261717,0.034656500249051536,0.017940794718567465,-0.030736464521914475,0.0572807921699221,0.045236266311095674,0.024057833609860246,,-0.028116213683224034,0.027293829288937532,-0.004004076878276197,0.027291845159280514,0.00010174285510800019,0.001569610698297419,0.01105224935256155,0.0009134695233350421,0.02119050058151095,-0.0010863661053773788,0.04443111562240487,0.03185915086038982,0.028941230003683094,0.025337104364460128,-0.1439532138641484,-0.0016273271524759325,0.028941189764343234,0.010410074097225053,0.0027442721296828676,-0.037891119551455854,-0.06517333621551502,-0.07532716246409188,-0.02963593179481716,0.031048630850557535,-0.08916106104835642,-0.019360556275138108,0.0040836598421720716,-0.03168316831683171,0.01656511581493092,-0.1784412189585196,0.07411933909074331,0.017941887878509588
2014-12,-0.037995529937654426,0.016760153174046888,-0.019914677153139104,-0.0024115270995358484,-0.02487604718755343,0.005668934240362855,0.023698884758364347,-0.014221606282584398,0.0031189662854598232,-0.09797498511018465,0.013037809647979293,-0.0003008967349569236,-0.023221880171539366,0.028639873868219867,-0.0032122715993683215,-0.004707417491455312,-0.027086227161021603,0.01693112955425624,-0.014839296718533346,-0.010127737226277356,-0.05453542438332415,-0.11121661357510415,0.010611205432937254,-0.02227489029199925,0.008265372168284824,-0.0547948373964936,0.009323989901093954,-0.02322114862413316,-0.002025228561509107,,-0.06846673095467692,-0.003285699120949115,-0.02762955924274546,-0.003280412048058845,0.0002034650091049528,-0.002495548720905738,-0.0019677756180453976,0.0052269144611298834,0.013584575696770962,0.0014500634402754287,-0.03514359034083392,-0.028270709864628096,0.000567568262808571,-0.018312922055625513,-0.20137887809464128,0.021219643498026075,0.0005672075894864737,-0.05030777003340614,0.007319246435845139,0.0027728169940781644,-0.007226060063011297,-0.010355540214014414,-0.02005625981806891,-0.2974689071017801,-0.008987668083327516,-0.0026416405978449964,-0.06419345974168722,-0.00038480990390732384,-0.03353735997228313,-0.19760529180272968,0.01944982272624407,-0.07962222155382448
