Month,AN,AP,AX,BN,CA,CB,CC,CN,CT,DA,DT,EC,EN,ER,ES,FB,FN,GS,HS,JN,JO,KC,LB,LX,MD,MP,MW,ND,NK,RL,SB,SC,SN,SP,SS,TU,TY,UB,US,UZ,XU,XX,YM,ZA,ZB,ZC,ZD,ZF,ZG,ZI,ZK,ZL,ZM,ZN,ZO,ZP,ZR,ZS,ZT,ZU,ZW,ZZ
1969-01,,,,,,,,,,,,,,,,,,,,,,,,,,,,,,,,,,,,,,,,,,,,,,,,,,,,7.33,19.11,,,,,475.17,,,10958.07,
1969-02,,,,,,,,,,,,,,,,,,,,,,,,,,,,,,,,,,,,,,,,,,,,,,,,,,,,7.64,18.69,,,,,471.39,,,10532.63,
1969-03,,,,,,,,,,,,,,,,,,,,,,,,,,,,,,,,,,,,,,,,,,,,,,,,,,,,7.38,18.78,,,,,464.52,,,10072.53,
1969-04,,,,,,,,,,,,,,,,,,,,,,,,,,,,,,,,,,,,,,,,,,,,,,,,,,,,7.56,19.27,,,,,471.16,,,10432.66,
1969-05,,,,,,,,,,,,,,,,,,,,,,,,,,,,,,,,,,,,,,,,,,,,,,,,,,,,6.99,19.92,,,,,466.15,,,10272.32,
1969-06,,,,,,,,,,,,,,,,,,,,,,,,,,,,,,,,,,,,,,,,,,,,,,,,,,,,6.94,19.72,,,,,462.85,,,10045.28,
1969-07,,,,,,,,,,,,,,,,,,,,,,,,,,,,,,,,,,,,,,,,,,,,,,,,,,,,7.18,19.23,,,,,464.4,,,9730.75,
1969-08,,,,,,,,,,,,,,,,,,,,,,,,,,,,,,,,,,,,,,,,,,,,,,,,,,,,7.74,19.5,,,,,467.58,,,10066.91,
1969-09,,,,,,,,,,,,,,,,,,,,,,,,,,,,,,,,,,,,,,,,,,,,,,,,,,,,9.0,19.87,,,,,467.34,,,10161.08,
1969-10,,,,,,,,,,,,,,,,,,,,,,,,,,,,,,,,,,,,,,,,,,,,,,,,,,,,10.86,20.49,,,,,482.65,,,10188.95,
1969-11,,,,,,,,,,,,,,,,,,,,,,,,,,,,,,,,,,,,,,,,,,,,,,,,,,,,10.12,20.67,,,,,471.53,,,10669.32,
1969-12,,,,,,,,,,,,,,,,,,,,,,,,,,,,,,,,,,,,,,,,,,,,,,,,,,,,10.55,23.77,,,,,476.16,,,10947.88,
1970-01,,,,,,,,,,,,,,,,,,,,,,,,,,,,,,,,,,,,,,,,,,,,,,5577.54,,,,,,11.49,24.53,,,,,480.42,,,10678.24,41.777
1970-02,,,,,,,,,,,,,,,,,,,,,,,,,,,,,,,,,,,,,,,,,,,,,,5653.32,,,,,,13.89,26.2,,,,,483.74,,,11315.03,42.384
1970-03,,,,,,,,,,,,,,,,,,,,,,,,,,,,,,,,,,,,,,,,,,,,,,5641.84,,,,,,13.9,24.63,,,,,480.5,,,11084.5,39.383
1970-04,,,,,,,,,,,,,,,,,,,,,,,,,,,,,,,,,,,,,,,,,,,,,,5882.18,,,,,,15.63,26.04,,,,,489.59,,,11681.22,39.166
1970-05,,,,,,,,,,,,,,,,,,,,,,,,,,,,,,,,,,,,,,,,,,,,,,5888.1,,,,,,15.36,25.47,,,,,493.91,,,11044.81,37.76
1970-06,,,,,,,,,,,,,,,,,,,,,,,,,,,,,,,,,,,,,,,,,,,,,,6299.08,,,,,,14.23,27.83,,,,,530.2,,,11430.82,39.334
1970-07,,,,,,,,,,,,,,,,,,,,,,,,,,,,,,,,,,,,,,,,,,,,,,5990.14,,,,,,15.67,28.12,,,,,518.77,,,11843.78,38.467
1970-08,,,,,,,,,,,,,,,,,,,,,,,,,,,,,,,,,,,,,,,,,,,,,,7166.1,,,,,,15.24,28.99,,,,,506.05,,,12844.75,36.606
1970-09,,,,,,,,,,,,,,,,,,,,,,,,,,,,,,,,,,,,,,,,,,,,,,6934.19,,,,,,17.99,28.65,,,,,518.28,,,13167.72,36.747
1970-10,,,,,,,,,,,,,,,,,,,,,,,,,,,,,,,,,,,,,,,,,,,,,,6766.29,,,,,,21.42,28.63,,,,,551.68,,,13646.32,30.591
1970-11,,,,,,,,,,,,,,,,,,,,,,,,,,,,,,,,,,,,,,,,,,,,,,6764.12,,,,,,20.07,30.0,,,,,535.56,,,13265.44,31.312
1970-12,,,,,,,,,,,,,,,,,,,,,,,,,,,,,,,,,,,,,,,,,,,,,,6908.51,,,,,,19.27,30.27,,,,,526.0,,,12976.65,30.204
1971-01,,,,,,,,,,,,,,,,,,,,,,,,,,,,,,,,,,,,,,,,,,,,,,6836.54,,,,,,20.34,29.46,,,,,542.78,46.597,,12822.62,34.473
1971-02,,,,,,,,,,,,,,,,,,,,,,,,,,,,,,,,,,,,,,,,,,,,,,6659.81,,,,,,20.14,29.18,,,,,535.97,45.685,,12846.25,34.327
1971-03,,,,,,,,,,,,,,,,,,,,,,,,,,,,,,,,,,,,,,,,,,,,,,6381.62,,,,,,19.66,29.07,,,,,523.34,47.943,,12539.37,34.424
1971-04,,,,,,,,,,,,,,,,,,,,,,,,,,,,,,,,,,,,,,,,,,,,,,6257.05,,,,,,18.18,29.37,,,,,509.88,48.658,,12519.45,35.636
1971-05,,,,,,,,,,,,,,,,,,,,,,,,,,,,,,,,,,,,,,,,,,,,,,6490.01,,,,,,19.67,30.55,,,,,535.93,50.094,,12993.83,36.532
1971-06,,,,,,,,,,,,,,,,,,,,,,,,,,,,,,,,,,,,,,,,,,,,,,6548.42,,,,,,22.22,31.03,,,,,555.75,48.821,,12723.02,34.417
1971-07,,,,,,,,,,,,,,,,,,,,,,,,,,,,,,,,,,,,,,,,,,,,,,5774.81,,,,,,24.52,31.05,,,,,568.02,52.951,,12001.91,32.578
1971-08,,,,,,,,,,,,,,,,,,,,,,,,,,,,,,,,,,,,,,,,,,,,,,5312.98,,,,,,23.54,29.21,,,,,548.24,53.702,,11913.95,30.874
1971-09,,,,,,,,,,,,,,,,,,,,,,,,,,,,,,,,,,,,,,,,,,,,,,5055.46,,,,,,22.63,29.55,,,,,539.1,54.327,,11685.61,33.138
1971-10,,,,,,,,,,,,,,,,,,,,,,,,,,,,,,,,,,,,,,,,,,,,,,5183.99,,,,,,24.32,30.13,,,,,557.04,55.72,,12839.22,33.855
1971-11,,,,,,,,,,,,,,,,,,,,,,,,,,,,,,,,,,,,,,,,,,,,,,5171.4,,,,,,22.71,29.2,,,,,535.07,58.682,,12901.32,35.714
1971-12,,,,,,,,,,,,,,,,,,,,,,,,,,,,,,,,,,,,,,,,,,,,,,5328.16,,,,,,21.71,30.5,,,,,536.89,59.953,,13534.36,37.948
1972-01,,,,,,,,,,,,,,,,,,,,,,,,,,,,,,,,,,,,,,,,,,,,,,5214.59,,,,,,21.02,30.9,,,,,532.45,63.569,,13658.81,41.449
1972-02,,,,,,,,,,,,,,,,,,,,,,,,,,,,,,,,,,,,,,,,,,,,,,5076.38,,,,,,20.96,32.77,,,,,559.11,63.477,,13616.1,38.098
1972-03,,,,,,,,,,,,,,,,,,,,,,,,,,,,,,,,,,,,,,,,,,,,,,5201.99,,,,,,21.88,34.03,,,,,573.07,63.456,,13857.67,39.603
1972-04,,,,,,,,,,,,,,,,,,,,,,,,,,,,,,,,,,,,,,,,,,,,,,5156.63,,,,,,20.73,34.42,,,,,576.98,66.462,,13920.67,40.513
1972-05,,,,,,,,,,,,,,,,,,,,,,,,,,,,,,,,,,,,,,,,,,,,,,5095.66,,,,,,20.82,34.91,,,,,576.16,70.329,,13766.44,41.201
1972-06,,,,,,,,,,,,,,,,,,,,,,,,,,,,,,,,,,,,,,,,,,,,,,4942.11,,,,,,18.7,36.05,,,,,558.66,73.921,,13681.03,43.027
1972-07,,,,,,,,,,,,,,,,,,,,,,,,,,,,,,,,,,,,,,,,,,,,,,5081.46,,,,,,17.89,36.22,,,,,551.65,69.325,,14747.4,41.321
1972-08,,,,,,,,,,,,,,,,,,,,,,,,,,,,,,,,,,,,,,,,,,,,,,5345.45,,,,,,18.1,37.05,,,,,579.39,69.427,,17479.18,43.835
1972-09,,,,,,,,,,,,,,,,,,,,,,,,,,,,,,,,,,,,,,,,,,,,,,5579.58,,,,,,17.81,38.97,,,,,598.32,74.175,,19514.27,46.871
1972-10,,,,,,,,,,,,,,,,,,,,,,,,,,,,,,,,,,,,,,,,,,,,,,5445.0,,,,,,17.81,41.05,,,,,606.32,71.38,,19943.9,46.511
1972-11,,,,,,,,,,,,,,,,,,,,,,,,,,,,,,,,,,,,,,,,,,,,,,5561.2,,,,,,17.0,46.87,,,,,648.38,70.546,,22035.23,48.404
1972-12,,,,,,,,,,,,,,,,,,,,,,,,,,,,,,,,,,,,,,,,,,,,,,5981.34,,,,,,16.86,62.8,,,,,730.82,75.791,,23695.73,53.228
1973-01,,,,,,,,,71.15,,,,,,,,,,,,92.87,,,,,,,,,,,,,,,,,,,,,,,,,6242.24,,,,3828.6,,18.05,74.08,,,523.3,,840.28,81.747,,22169.87,56.059
1973-02,,,,,,,,,73.94,,,,,,,,,,,,95.34,,,,,,,,,,,,,,,,,,,,,,,,,6413.16,,,,4707.9,,22.91,89.17,,,624.2,,1112.2,84.804,,21815.9,64.614
1973-03,,,,,,,,,79.34,,,,,,,,,,,,98.6,,,,,,,,,,,,,,,,,,,,,,,,,6286.62,,,,4069.1,,24.82,72.84,,,527.8,,983.5,83.721,,20612.9,61.907
1973-04,,,,,,,,,97.7,,,,,,,,,,,,91.1,,,,,,,,,,,,,,,,,,,,,,,,,6665.84,,,,3957.1,,27.0,100.45,,,516.7,,1303.8,84.147,,23044.84,63.443
1973-05,,,,,,,,,100.05,,,,,,,,,,,,96.98,,,,,,,,,,,,,,,,,,,,,,,,,8828.76,,,,4724.9,,32.53,169.21,,,566.5,,2033.79,89.69,,27771.71,68.391
1973-06,,,,,,,,,110.78,,,,,,,,,,,,94.91,,,,,,,,,,,,,,,,,,,,,,,,,8628.21,,,,4897.0,,30.76,147.05,,,584.9,,1791.6,90.596,,26439.36,72.135
1973-07,,,,,,,,,129.34,,,,,,,,,,,,108.27,,,,,,,,,,,,,,,,,,,,,,,,,12440.18,,,,5220.9,,45.53,145.0,,,629.9,,1895.77,105.857,,35910.17,93.681
1973-08,,,,,,,,,181.1,,,,,,,,,,,,103.92,,,,,,,,,,,,,,,,,,,,,,,,,11268.87,,,,4707.9,,50.74,115.29,,,601.1,,1556.96,91.827,,51930.04,78.847
1973-09,,,,,,,,,182.09,,,,,,,,,,,,108.01,,,,,,,,,,,,,,,,,,,,,,,,,11347.6,,,,4938.9,,62.72,96.21,,,604.6,,1432.58,77.355,,51303.75,70.259
1973-10,,,,,,,,,153.11,,,,,,,,,,,,120.14,,,,,,,,,,,,,,,,,,,,,,,,,10729.05,,,,5042.1,,53.91,81.26,,,569.7,,1191.83,75.65,,44936.45,70.906
1973-11,,,,,,,,,169.19,,,,,,,,,,,,121.42,,,,,,,,,,,,,,,,,,,,,,,,,11835.78,,,,5192.0,,66.43,95.07,,,545.3,,1328.54,70.183,,50880.13,68.636
1973-12,,,,,,,,,204.38,,,,,,,,,,,,112.17,,,,,,,,,,,,,,,,,,,,,,,,,12003.27,,,,5673.8,,76.28,91.08,,,558.9,,1279.79,75.332,,58749.31,67.606
1974-01,,,,,,,,,166.04,,,,,,,,,,,,109.29,446.4,23233.3,,,,,,,,,,,,,,,,,,,,,,,13477.16,,,,6986.9,,105.42,92.89,,,655.5,,1405.86,76.487,,60851.34,69.167
1974-02,,,,,,,,,157.93,,,,,,,,,,,,99.8,438.47,26820.5,,,,,,,,,,,,,,,,,,,,,,,14139.57,,,,10009.9,,122.13,84.52,,,926.5,,1349.55,64.153,,63845.23,58.727
1974-03,,,,,,,,,151.14,,,,,,,,,,,,91.86,440.82,25695.3,,,,,,,,,,,,,,,,,,,,,,,12179.09,,,,9155.6,,114.12,78.9,,,819.5,,1325.89,60.564,,48162.96,52.578
1974-04,,,,,,,,,156.13,,,,,,,,,,,,95.88,412.93,23847.9,,,,,,,,,,,,,,,,,,,,,,,12111.54,,,,9646.2,,121.94,59.54,,,788.1,,1187.37,58.296,,43424.47,47.642
1974-05,,,,,,,,,129.12,,,,,,,,,,,,93.76,412.82,24216.4,,,,,,,,,,,,,,,,,,,,,,,11599.17,,,,8293.4,,130.53,57.34,,,697.2,,1184.66,49.08,,40602.45,38.411
1974-06,,,,,,,,,139.44,,,,,,,,,,,,92.65,388.68,24023.4,,,,,,,,,,,,,,,,,,,,,,,13172.59,,,,7903.3,,136.16,56.86,,,659.6,,1233.93,56.059,,47843.32,50.489
1974-07,,,,,,,,,148.35,,,,,,,,,,,,97.13,379.64,24415.4,,,,,,,,,,,,,,,,,,,,,,,17282.63,,,,8235.9,,210.44,99.62,,,698.3,,1935.78,65.371,,54546.0,60.393
1974-08,,,,,,,,,130.84,,,,,,,,,,,,97.03,336.75,24023.4,,,,,,,,,,,,,,,,,,,,,,,15856.13,,,,6846.6,,183.92,70.74,,,598.3,,1581.05,52.387,,49611.91,50.09
1974-09,,,,,,,,,134.9,,,,,,,,,,,,100.92,307.52,19180.4,,,,,,,,,,,,,,,,,,,,,,,17952.52,,,,7053.8,,250.39,80.17,,,603.2,,1895.1,51.051,,55149.21,57.018
1974-10,,,,,,,,,115.84,,,,,,,,,,,,97.44,326.82,21190.4,,,,,,,,,,,,,,,,,,,,,,,17639.8,,,,7723.3,,205.85,75.05,,,587.6,,1747.45,48.316,,58253.45,54.495
1974-11,,,,,,,,,105.69,,,,,,,,,,,,98.22,349.86,19427.4,,,,,,,,,,,,,,,,,,,,,,,16897.34,,,,7336.2,,212.74,68.16,,,578.2,,1659.95,45.904,,54773.07,54.657
1974-12,,,,,,,,,94.88,,,,,,,,,,,,88.17,338.45,19305.2,,,,,,,,,,,,,,,,,,,,,,,15388.85,,,,6918.4,,199.7,59.83,,,499.6,,1482.42,43.987,,49387.32,51.696
1975-01,,,,,,,,,101.11,,,,,,,,,,,,80.63,310.8,20802.4,,,,,,,,1099.49,,,,,,,,,,,,,,,14015.44,,,1947.7,6353.4,,175.94,48.73,,2264.39,451.1,,1249.69,39.636,,40877.84,49.663
1975-02,,,,,,,,,101.27,,,,,,,,174.422,,,,78.48,288.66,17666.3,,,,,,,,880.37,,,,,,,,,,,,,,,11632.74,,,2002.4,6875.4,,139.94,42.9,,2053.15,467.8,,1029.05,38.796,,37991.65,47.716
1975-03,,,,,,,,,108.69,,,,,,,,169.124,,,,76.31,289.5,19701.5,,,,,,,,787.38,,,,,,,,,,,,,,,13251.79,,,1938.7,6509.9,,177.97,48.86,,2394.08,469.1,,1237.5,45.345,,42155.49,51.669
1975-04,,,,,,,,,115.25,,,,,,,,167.751,,,,79.17,266.08,20919.8,,,,,,,,597.62,,,,,,,,,,,,,,,12630.59,,,1801.5,6551.0,,147.31,46.6,,2615.67,432.4,,1105.11,49.925,,36857.94,53.439
1975-05,,,,,,,,,109.55,,,,,,,,170.694,,,,81.26,294.13,17575.2,,,,,,,,480.62,,,,,,,,,,,,,,,11977.47,,,1804.3,6783.6,,136.49,45.17,,2599.19,446.1,,1042.39,55.756,,34251.26,56.863
1975-06,,,,,,,,,115.21,,,,,,,,169.124,,,,82.51,298.54,18122.0,,,,,,,,460.69,,,,,,,,,,,,,,,11742.99,,,1791.5,6912.4,,133.23,46.06,,2369.27,459.2,,1040.33,58.144,,33770.84,62.474
1975-07,,,,,,,,,116.98,,,,,,,,155.194,,,,86.45,454.16,16606.9,,,,,,,,576.79,,,,,,,,,,,,,,,13535.09,,,1791.6,7474.3,,169.83,49.86,,2620.95,506.4,,1219.91,52.181,,40277.91,64.662
1975-08,,,,,,,,,125.44,,,,,,,,154.449,,,,88.63,459.59,15248.0,,,,,,,,575.76,,,,,,,,,,,,,,,14300.04,,,1682.1,6718.5,,155.12,52.0,,2781.7,475.2,,1178.26,59.048,,45460.22,73.724
1975-09,,,,,,,,,132.27,,,,,,,,150.603,,,,90.43,444.38,13208.8,,,,,,,,478.02,,,,,,,,,,,,,,,14323.66,,,1469.3,6502.9,,158.24,51.14,,2843.42,451.1,,1176.71,63.037,,45887.58,86.35
1975-10,,,,,,,,,120.78,,,,,,,,155.194,,,,92.08,439.82,14657.1,,,,,,,,494.36,,,,,,,,,,,,,,,13119.2,,,1475.5,6024.4,,134.19,46.54,,2689.13,414.9,,1017.57,57.343,,41266.77,69.297
1975-11,,,,,,,,,132.43,,,,,,,,150.682,,,,85.95,441.29,15460.1,,,,,,,,456.46,,,,,,,,,,,,,,,12827.62,,,1419.0,5886.9,,119.23,48.59,,2893.78,413.7,,981.19,63.47,,36596.86,72.23
1975-12,,,,,,,,,137.09,,,,,,,,150.564,,,,81.77,481.89,15813.4,,,,,,,,500.61,,,,,,,,,,,,,,,12023.02,,,1441.5,5957.2,,111.3,44.73,,2670.13,419.2,,905.95,61.293,,34563.7,69.748
1976-01,,,,110.62,,,,,137.11,,,,,,,,152.055,,,,82.8,524.69,16335.5,,,,,,,,464.11,,149.41,,,,,,,,,,,,,12183.94,,,1306.2,5583.1,,109.53,45.99,,2857.27,392.8,,922.72,52.554,,36004.92,65.629
1976-02,,,,110.89,,,,,139.29,,,,,,,,153.232,,,,83.94,540.72,15923.8,,,,,,,,474.85,,151.07,,,,,,,,,,,,,12513.91,,,1342.6,5897.0,,118.05,46.87,,2999.79,388.3,,944.54,52.833,,40523.89,70.93
1976-03,,,,105.35,,,,,126.38,,,,,,,,154.441,,,,82.95,608.95,14655.1,,,,,,,,486.26,,152.21,,,,,,,,,,,,,11951.23,,,1312.3,5630.3,,112.47,45.08,,2757.58,386.9,,912.02,54.781,,34648.31,75.711
1976-04,,,,101.41,,,,,139.76,,,,,,,,154.558,,,,78.96,709.34,14039.5,,,,,,,,486.46,,153.32,,,,,,,,,,,,,12118.36,,,1304.2,6179.8,,111.75,46.45,,2938.48,447.8,,929.71,58.41,,33228.55,81.028
1976-05,,,,97.42,,,,,148.77,,,,,,,,150.46,,,,75.6,797.23,12971.7,,,,,,,,468.72,,156.38,,,,,,,,,,,,,12870.91,,,1278.9,6468.2,,118.36,58.84,,3345.79,456.2,,1104.77,55.937,,35099.2,81.747
1976-06,,,,98.87,,,,,195.07,,,,,,,,151.167,,,,68.8,862.3,14048.3,,,,,,,,448.38,,154.82,,,,,,,,,,,,,12896.87,,,1244.7,6666.5,,135.13,68.25,,3697.94,481.9,,1286.66,49.748,,35803.57,80.881
1976-07,,,,99.44,,,,,169.41,,,,,,,,153.647,,,,69.06,799.68,13415.2,,,,,,,,391.89,,154.03,,,,,,,,,,,,,12659.72,,,1127.3,6151.2,,130.61,59.43,,3405.73,454.4,,1155.62,45.206,,32710.03,72.033
1976-08,,,,99.75,,,,,170.16,,,,,,,,153.259,,,,61.69,881.85,13671.8,,,,,,,,298.16,,152.85,,,,,,,,,,,,,12773.87,,,1018.7,5550.0,,148.57,62.72,,3268.49,423.2,,1258.08,44.794,,29739.35,72.695
1976-09,,,,93.54,,,,,179.12,,,,,,,,158.665,,,,64.18,991.26,13939.2,,,,,,,,238.63,,154.5,,,,,,,,,,,,,12180.27,,,1146.1,5858.2,,143.43,58.54,,3044.75,438.3,,1181.44,39.91,,26521.8,65.173
1976-10,,,,89.86,,,,,189.13,,,,,,,,160.865,,,,61.0,1064.3,14375.9,,,,,,,,222.37,,154.61,,,,,,,,,,,,,11518.17,,,1222.1,5804.6,,154.42,61.09,,3151.75,420.4,,1262.02,42.374,,25280.74,59.536
1976-11,,,,94.89,,,,,178.01,,,,,,,,160.402,,,,59.72,1133.21,15039.7,,,,,,,,230.5,,153.3,,,,,,,,,,,,,10969.84,,,1300.0,5730.7,,141.45,62.84,,2958.67,417.2,,1244.5,45.007,,23502.08,66.97
1976-12,,,,98.41,,,,,169.22,,,,,,,,163.797,,,,52.17,1360.3,15392.6,,,,,,,,217.77,,153.29,,,,,,,,,,,,,11311.62,,,1330.4,5802.1,,140.19,66.58,,3195.74,400.5,,1304.71,44.566,,24541.21,79.487
1977-01,,,,100.36,,,,,165.73,,,,,,,,160.479,,,,89.03,1351.09,13658.7,,,,,,,,240.79,,149.06,,,,,,,,,,,,,11179.32,,,1305.8,5940.8,,148.39,66.65,,3442.3,421.1,,1327.18,42.037,,24253.79,80.141
1977-02,,,,101.19,,,,,173.8,,,,,,,,161.637,,,,92.61,1618.4,14446.8,,,,,,,,229.49,,145.75,,,,,,,,,,,,,11271.29,,,1409.1,6242.4,,155.54,70.94,,3413.97,436.4,,1423.49,40.238,,23558.83,79.624
1977-03,,,,102.87,,,,,178.21,,,,,,,,161.367,,,,98.75,1868.03,13851.3,,,,,,,,245.75,,145.75,,,,,,,,,,,,,10830.34,,,1456.3,6316.9,,184.85,78.6,,3178.69,426.1,,1625.93,41.516,,23366.08,82.388
1977-04,,,,103.32,,,,,170.98,,,,,,,,164.026,,,,98.32,1808.59,12844.1,,,,,,,,265.59,,146.93,,,,,,,,,,,,,10715.81,,,1427.4,6214.7,,193.47,89.44,,3367.24,411.8,,1810.42,45.7,,22039.39,93.591
1977-05,,,,103.23,,,,,153.36,,,,,,,,163.563,,,,117.43,1635.69,12390.7,,,,,,,,224.05,,147.67,,,,,,,,,,,,,10588.49,,,1378.6,5901.9,,208.67,82.43,,3183.85,399.2,,1768.06,42.347,,20441.43,97.439
1977-06,,,,104.17,,,,,142.38,,,,,,,,164.482,,,,117.24,1471.27,12686.1,,,,,,,,199.09,,149.47,,,,,,,,,,,,,9455.34,,,1371.9,5769.1,,171.59,61.6,,2606.81,391.8,,1314.52,40.988,,20220.86,103.694
1977-07,,,,105.6,,,,,129.71,,,,,,,,168.125,,,,143.68,1384.46,12138.8,,,,,,,,191.42,,153.28,,,,,,,,,,,,,8135.99,,,1382.3,5774.2,,138.59,47.76,,2159.22,384.5,,1043.69,38.931,,18130.43,91.707
1977-08,,,,106.09,,,,,123.98,,,,,,,,165.671,,,,141.07,1215.69,13409.3,,,,,,,,180.09,,153.43,,,,,,,,,,,,,7635.44,,,1391.7,5691.5,,125.86,42.74,,2210.52,378.6,,964.53,39.618,,17620.34,100.546
1977-09,,,,106.92,,,,,119.56,,,,,,,,166.356,,,,165.38,1114.66,12448.1,,,,,,,,167.48,,156.16,,,,,,,,,,,,,8083.41,,,1469.7,5879.6,,126.62,42.84,,2251.62,391.6,,998.64,42.379,,19324.92,101.898
1977-10,,,,111.95,,,,,114.89,,,,,,,,170.777,,,,167.03,1242.63,11690.0,,,,,,,,173.51,,164.04,,,,,,,,,,,,,8521.43,,,1528.9,6136.8,,121.53,46.58,,2292.73,429.4,,1031.33,42.587,,19842.04,107.896
1977-11,,,,110.85,,,,,114.7,,,,,,,,171.768,,,,169.12,1379.81,13253.5,,,,,,,,186.38,,168.51,,,,,,,,,,,,,8823.2,,,1504.8,5971.7,,139.84,47.97,,2530.51,434.9,,1080.68,44.052,,20369.22,117.812
1977-12,,,,117.26,,,,,118.98,,,,,,,,181.936,,,,144.74,1555.59,13748.3,,,,,,,,188.99,,181.98,,,,,,,,,,,,,8630.34,,,1553.0,5965.6,,145.26,49.65,,2448.58,466.2,,1098.39,46.697,,20684.02,129.713
1978-01,,,,119.31,,,,74.016,123.65,,,,,,,,180.273,,,164.17,147.57,1539.15,13493.0,,,,,,,,189.19,,182.27,,,,,,32.9653,,,,,,,8726.77,,108.919,1635.2,6148.9,,141.12,45.22,,2416.72,541.4,,1027.44,48.61,,19758.14,142.59
1978-02,,,,118.49,,,,73.566,123.32,,,,,,,,187.154,,,166.42,167.14,1449.55,13658.9,,,,,,,,169.94,,197.68,,,,,,32.72388,,,,,,,8670.17,,115.161,1685.4,6095.1,,153.85,45.33,,2169.85,567.5,,1061.05,51.28,,19043.73,147.01
1978-03,,,,113.72,,,,72.237,121.35,,,,,,,,188.014,,,179.42,158.76,1533.09,13369.4,,,,,,,,154.28,,191.95,,,,,,32.55422,,,,,,,9723.11,,122.639,1678.2,6655.2,,181.8,52.57,,2515.25,556.0,,1238.94,57.226,,22896.29,159.93
1978-04,,,,110.94,,,,72.573,124.63,,,,,,,,180.922,,,173.63,161.65,1577.3,13761.9,,,,,,,,148.14,,181.94,,,,,,32.39516,,,,,,,9399.58,,131.186,1537.6,6007.5,,189.79,51.5,,2465.45,514.4,,1278.88,60.854,,22518.66,163.075
1978-05,,,,112.4,,,,73.057,128.39,,,,,,,,179.653,,,177.24,147.34,1749.94,13867.7,,,,,,,,140.65,,185.73,,,,,,32.01217,,,,,,,10266.21,,143.557,1663.1,6485.3,,202.84,53.24,,2533.34,615.5,,1341.69,67.929,,23962.16,165.986
1978-06,,,,113.55,,,,73.189,120.7,,,,,,,,179.9,,,191.43,167.79,1578.27,13880.9,,,,,,,,125.12,,189.15,,,,,,31.78786,,,,,,,9571.22,,134.729,1633.7,6226.7,,180.0,50.4,,2182.45,576.0,,1211.6,59.399,,22719.8,141.574
1978-07,,,,118.92,,,,72.482,124.03,,,,,,,,182.923,,,204.02,172.56,1386.95,15155.0,,,,,,,,114.32,,199.82,,,,,,31.98013,,,,,,,8676.89,,143.613,1808.7,6706.2,,172.3,47.26,,2154.0,640.6,,1154.94,61.592,,22612.38,154.737
1978-08,,,,119.6,,,,71.381,127.08,,,,,,,,185.357,,,200.52,176.73,1725.24,15492.8,,,,,,,,132.27,,210.58,,,,,,32.72915,,,,,,,8300.58,,144.738,1815.6,6447.1,,197.77,48.67,,2049.9,618.7,,1210.8,62.207,,23852.61,156.846
1978-09,,,,121.78,,,,69.437,125.87,,,,,,,,189.826,,,202.9,169.76,1706.43,16431.8,,,,,,,,153.7,,224.72,,,,,,32.07392,,,,,,,8449.97,,153.904,1904.4,6583.0,,202.98,49.0,,2167.8,676.7,,1230.65,64.316,,24718.66,174.156
1978-10,,,,128.44,,,,70.854,133.07,,,,,,,,209.609,,,213.04,208.54,1745.31,17057.8,,,,,,,,156.87,,230.71,,,,,,31.33276,,,,,,,8748.75,,155.197,2075.1,7159.0,,215.29,55.34,,2148.78,897.8,,1340.85,61.311,,26089.92,167.989
1978-11,,,,120.72,,,,70.483,131.86,,,,,,,,189.135,,,191.13,180.21,1623.78,17376.4,,,,,,,,141.21,,196.18,,,,,,31.78403,,,,,,,8496.66,,169.704,1663.8,6927.8,,202.93,52.2,,1974.36,758.8,,1266.15,64.945,,27640.83,173.341
1978-12,,,,127.7,,,,69.364,123.92,,,,,,,,199.673,,,194.49,185.28,1610.44,19222.7,,,,,,,,140.38,,208.68,,,,,,31.01169,,,,,,,8264.85,,171.785,1939.9,6981.3,,200.02,52.87,,1859.04,825.6,,1263.63,66.295,,25711.96,163.047
1979-01,,,,123.72,,,,68.534,116.61,,,,,,,,191.616,,,184.34,186.92,1548.39,19067.9,,,,,,,,136.88,,195.43,,,,,,31.40859,,,,,,,8354.0,,181.457,1967.1,7684.3,,203.34,53.23,,1904.47,895.7,,1292.0,73.135,,26329.95,179.659
1979-02,,,,126.63,,,,68.871,113.92,,,,,,,,193.577,,,183.38,167.1,1562.91,19901.8,,,,,,,,143.07,,198.0,,,,,,30.7114,,,,,,,8428.71,,199.282,2102.6,8794.7,,220.7,55.72,,1804.89,965.3,,1369.89,77.959,,27818.98,183.788
1979-03,,,,129.52,,,,70.828,105.93,,,,,,,,190.305,,,174.88,165.54,1685.76,18868.4,,,,,,,,137.11,,192.97,,,,,,30.88268,,,,,,,8590.97,,197.201,1990.9,8436.4,,221.02,55.45,,1795.06,898.2,,1379.28,81.213,,26755.83,160.175
1979-04,,,,129.64,,,,71.938,109.36,,,,,,,,186.376,,,164.96,166.5,1903.47,20062.2,,,,,,,,125.39,,188.51,,,,,,30.20829,,,,,,,8909.95,,203.612,2035.0,8924.6,,209.4,51.79,,1812.04,951.1,,1291.86,89.181,,28416.27,167.683
1979-05,,,,129.77,,,,70.853,106.89,,,,,,,,183.815,,,164.92,157.9,1900.79,21033.1,,,,,,,,120.5,,185.89,,,,,,30.7214,,,,,,,8985.39,,184.774,2254.2,9670.4,,206.94,52.73,,1867.42,1041.6,,1298.89,81.17,,29990.41,148.31
1979-06,,,,135.97,,,,70.368,116.3,,,,,,,,191.04,,,166.05,150.1,2653.37,21967.7,,,,,,,,126.07,,193.22,,,,,,31.40528,,,,,,,9920.53,,174.09,2275.9,9519.0,,213.66,53.66,,2006.62,981.1,,1302.5,77.761,,34871.63,131.25
1979-07,,,,140.62,,,,70.393,116.48,,,,,,,,190.31,,,166.3,160.61,2371.54,24388.3,,,,,,,,122.04,,190.52,,,,,,30.95648,,,,,,,9324.3,,165.206,2299.0,9828.0,,212.31,51.75,,1633.29,886.0,,1256.83,69.961,,33021.46,133.861
1979-08,,,,142.19,,,,70.665,118.63,,,,,,,,191.04,,,164.0,174.15,2652.64,26512.4,,,,,,,,134.76,,190.59,,,,,,30.56096,,,,,,,9399.86,,184.324,2526.4,11481.5,,235.8,50.55,,1695.88,989.5,,1274.32,80.62,,35667.84,152.349
1979-09,,,,138.29,,,,71.199,117.21,,,,,,,,198.395,,,159.38,177.87,2733.83,27907.2,,,,,,,,144.81,,201.19,,,,,,30.02649,,,,,,,9260.54,,187.361,3128.0,17761.4,,233.34,50.97,,1677.21,1328.6,,1257.55,83.39,,35237.87,151.21
1979-10,,,,131.03,,,,69.431,119.99,,,,,,,,192.362,,,151.51,171.26,2714.52,24550.9,,,,,,,,176.37,,188.27,,,,,,27.34346,,,,,,,8670.49,,185.618,2982.6,17750.8,,226.62,47.0,,1527.89,1123.7,,1142.41,76.907,,32931.67,153.344
1979-11,,,,138.29,,,,70.229,122.96,,,,,,,,198.806,,,142.3,171.08,2854.22,24919.8,,,,,,,,211.2,,192.7,,,,,,27.97945,,,,,,,8971.94,,193.434,3240.3,19563.6,,234.26,50.53,,1557.53,1272.3,,1166.36,78.921,,33963.66,163.915
1979-12,,,,139.82,,,,70.607,129.39,,,,,,,,199.143,,,146.64,169.45,2517.42,25169.8,,,,,,,,204.31,,191.15,,,,,,27.90518,,,,,,,8910.33,,189.947,4072.0,29492.6,,213.6,47.06,,1557.53,1614.9,,1100.23,76.828,,33833.32,161.397
1980-01,,,,143.31,,,,70.936,148.15,,,,,,,,195.855,,,147.34,155.85,2307.08,27016.3,,,,,,,,275.71,,184.43,,,,,,25.29503,,,,,,,8463.66,,187.473,5132.7,36294.7,,213.42,47.08,,1428.35,1939.9,,1113.88,70.748,,34838.82,152.942
1980-02,,,,143.19,,,,71.782,150.85,,,,,,,,190.77,,,139.06,150.4,2498.05,24887.5,,,,,,,,294.14,,175.19,,,,,,23.26955,,,,,,,8096.4,,188.598,4666.1,36038.2,,200.58,44.02,,1353.39,2145.3,,1049.57,70.008,,32314.04,144.696
1980-03,,,,137.19,,,,68.71,147.98,,,,,,,,172.543,,,139.63,154.86,2484.28,21343.6,,,,,,,,232.9,,160.69,,,,,,22.87962,,,,,,,7568.85,,157.615,3673.4,18891.8,,178.39,39.61,,1218.51,1301.9,,930.64,63.068,,27708.07,120.24
1980-04,,,,143.09,,,,68.368,142.09,,,,,,,,184.853,,,144.68,154.5,2429.98,18582.2,,,,,,,,285.75,,176.06,,,,,,25.98855,,,,,,,7792.64,,152.217,3588.5,12542.9,,170.34,40.28,,1317.01,1263.6,,943.13,64.283,,28470.7,120.853
1980-05,,,,148.71,,,,70.25,132.75,,,,,,,,186.144,,,154.75,154.07,2553.69,20518.5,,,,,,,,405.07,,175.74,,,,,,26.76863,,,,,,,7743.68,,162.844,3863.4,13459.5,,179.87,39.91,,1424.78,1326.6,,955.77,65.002,,28720.28,115.512
1980-06,,,,149.72,,,,70.739,134.66,,,,,,,,187.466,,,156.27,147.0,2253.1,20372.7,,,,,,,,374.42,,177.74,,,,,,27.35834,,,,,,,7958.24,,169.536,4552.5,16065.2,,201.08,42.7,,1502.42,1528.5,,1041.5,68.308,,30056.91,137.739
1980-07,,,,148.53,,,,70.249,159.65,,,,,,,,184.921,,,151.36,150.59,1811.65,19868.8,,,,,,,,322.11,,174.01,,,,,,25.37859,,,,,,,9176.27,,173.922,4317.0,14781.8,,229.18,49.67,,1607.74,1403.2,,1186.45,72.806,,32240.98,157.21
1980-08,,,,154.78,,,,70.674,175.63,,,,,,,,184.822,,,158.24,162.79,1615.22,17455.4,,,,,,,,345.59,,174.93,,,,,,24.70455,,,,,,,9813.79,,170.435,4411.1,15514.4,,214.1,51.23,,1602.8,1451.8,,1206.42,70.898,,31606.63,151.994
1980-09,,,,154.42,,,,69.939,165.1,,,,,,,,182.533,,,164.84,170.98,1516.33,16146.5,,,,,,,,391.87,,173.7,,,,,,23.83015,,,,,,,9573.6,,173.472,4629.7,19577.3,,202.41,52.59,,1579.05,1506.7,,1197.56,69.591,,33362.55,172.758
1980-10,,,,157.7,,,,69.417,166.26,,,,,,,,172.598,,,164.78,154.58,1498.13,15679.0,,,,,,,,412.63,,166.38,,,,,,22.86093,,,,,,,10253.01,,172.966,4317.0,17596.5,,210.04,60.66,,1662.16,1387.4,,1323.48,69.894,,35035.65,169.95
1980-11,,,,153.6,,,,68.488,167.49,,,,,,,,170.106,,,159.76,146.83,1382.72,15723.1,,,,,,,,334.27,,162.79,,,,,,23.01747,,,,,,,10790.63,,174.147,4199.0,17113.6,,223.23,58.82,,1780.01,1359.2,,1337.82,66.21,,33925.24,173.982
1980-12,,,,155.72,,,,67.767,174.21,,,,,,,,164.988,,,170.18,132.51,1444.47,14232.8,,,,,,,,291.15,,156.0,,,,,,23.72378,,,,,,,9972.76,,171.223,3905.8,14183.6,,186.98,49.16,,1641.81,1221.8,,1125.55,63.326,,31431.43,144.606
1981-01,,,,152.34,,,22071.0,67.63,163.64,,,,,,,,151.578,,,165.88,209.84,1393.89,14177.6,,,,694.79,,,,255.06,,143.51,,,,,,23.02786,,,,,,,9379.15,,164.306,3246.4,11834.3,,169.16,43.36,,1603.11,934.3,,997.66,57.713,,29219.94,137.605
1981-02,,,,141.65,,,21897.0,67.161,162.69,,,,,,,,150.519,,,161.98,214.69,1348.38,12159.0,,,,700.83,,,,229.25,,140.12,,,,,,21.61575,,,,,,,9454.95,,159.976,3081.7,10683.3,,177.88,42.17,,1662.01,930.9,,1009.41,56.86,,27886.17,126.707
1981-03,,,,143.43,,,22281.0,67.848,155.44,,,,,,,,151.632,,,159.26,232.21,1409.4,12144.7,,,,672.18,,,,201.49,,141.86,,,,,,21.97414,,,,,,,9327.09,,160.876,3265.5,10281.6,,180.17,43.27,,1652.75,1024.0,,1039.25,56.0,,26438.53,125.879
1981-04,,,,137.11,,,20795.0,67.452,150.76,,,,,,,,144.756,,,155.34,217.87,1379.58,12774.8,,,,692.07,,,,155.4,,134.24,,,,,,20.27437,,,,,,,9142.76,,154.635,3038.7,9463.6,,170.77,43.92,,1614.32,940.0,,1030.37,57.327,,26599.1,123.795
1981-05,,,,132.55,,,17982.0,67.12,152.74,,,,,,,,136.988,,,149.33,221.27,1237.54,12449.5,,,,671.13,,,,166.6,,130.23,,,,,,21.17343,,,,,,,8750.92,,151.935,2974.6,9047.8,,161.83,41.45,,1627.6,928.5,,983.44,56.026,,24752.78,131.757
1981-06,,,,122.69,,,15679.0,67.169,147.29,,,,,,,,132.906,,,145.0,189.01,988.82,11619.5,,,,622.48,,,,138.36,,130.68,,,,,,20.71096,,,,,,,8120.96,,147.493,2588.1,7110.0,,151.68,37.77,,1491.09,799.4,,901.45,55.379,,22331.04,120.647
1981-07,,,,116.32,,,20653.0,65.308,140.83,,,,,,,,128.059,,,136.37,195.5,1323.12,11253.5,,,,628.43,,,,150.03,,124.08,,,,,,19.63519,,,,,,,8218.08,,147.831,2428.0,6980.7,,156.58,39.21,,1546.9,771.6,,938.59,56.034,,23348.04,121.121
1981-08,,,,116.01,,,20853.0,67.121,127.21,,,,,,,,128.405,,,139.86,180.82,1118.78,9516.5,,,,601.59,,,,109.06,,123.05,,,,,,18.45253,,,,,,,7362.4,,153.341,2544.5,7486.0,,134.33,34.25,,1536.93,808.5,,842.05,57.716,,22240.74,121.366
1981-09,,,,112.73,,,21207.0,67.086,119.63,,,,,,,,134.468,,,137.7,184.94,1473.2,7918.5,,,,600.87,,,,101.83,,132.6,,,,,,17.73977,,,,,,,6923.66,,151.204,2541.6,7224.2,,129.38,33.26,,1570.86,763.3,,812.58,55.805,,22654.09,118.1
1981-10,,,,117.0,,,18488.0,67.525,121.42,,,,,,,,139.878,,,136.73,167.8,1609.74,7805.6,,,,615.36,,,,97.24,,143.61,,,,,,18.59112,,,,,,,6911.64,,150.923,2473.9,7124.1,,130.49,33.38,,1750.5,759.1,,817.61,54.089,,23427.45,114.457
1981-11,,,,122.05,,,17687.0,68.99,112.94,,,,,,,,139.723,,,147.49,174.54,1563.04,8751.3,,,,603.23,,,,101.05,,146.25,,,,,,20.77875,,,,,,,6340.02,,149.518,2332.5,6311.1,,121.41,33.07,,1744.43,724.2,,787.17,53.893,,22078.26,103.161
1981-12,,,,119.17,,,19010.0,69.0,113.79,,,,,,,,138.085,,,143.21,164.55,1683.93,8193.7,,,,573.6,,,,102.37,,145.54,,,,,,19.60129,,,,,,,6119.44,,123.876,2273.3,6199.0,,111.99,32.0,,1699.28,684.0,,746.22,47.238,,19666.98,98.232
1982-01,,,,117.61,,,17974.0,68.565,116.5,,,,,,,,133.255,,,137.23,194.53,1797.59,7493.7,,,,574.66,,,,105.48,,140.35,,,,,,19.22529,,,,,,,6198.62,,141.42,2169.1,6191.5,,117.89,33.19,,1771.11,655.7,,782.56,54.68,,18938.57,116.223
1982-02,,,,113.66,,,17595.0,66.587,110.55,,,67.2017,,,,,128.67,,,130.73,171.54,1916.42,6733.3,,,,567.25,,,,97.42,,135.21,,,,,,19.31278,,,,,,,5841.84,,145.919,2018.0,5784.7,,107.45,32.0,,1733.5,613.1,,737.23,56.917,,17803.76,107.703
1982-03,,,,111.89,,,14856.0,66.995,112.22,,,67.035,,,,,127.485,,,124.77,151.53,1744.13,6709.7,,,,567.25,,,,84.95,,133.15,,,,,,19.46995,,,,,,,5933.79,,149.967,1809.8,5267.4,,106.04,32.27,,1770.52,563.2,,745.68,60.572,,17973.66,120.094
1982-04,,,,113.95,,,14775.0,67.481,114.83,,,67.7969,,,,,131.223,,,129.94,150.15,1899.62,5974.7,,,,571.11,,,,68.66,,130.53,223.6,,,,,19.86289,,,,,,,5978.75,,149.967,1876.4,4994.8,,111.24,32.58,,1771.55,559.6,,762.24,63.445,,17665.65,129.728
1982-05,,,,111.2,,,13244.0,66.04,107.81,,,68.154,,,,,129.551,,,125.01,151.5,2030.66,6116.0,,,,545.28,,,,58.72,,126.62,211.23,,,,,19.76616,,,,,,,5743.78,,150.305,1744.4,4479.0,,106.23,31.24,,1718.64,501.7,,727.89,66.746,,16569.65,134.491
1982-06,,,,108.44,,,12824.0,63.88,111.87,,,66.8756,,,,,123.207,,,118.38,157.33,2095.24,5876.2,,,,547.42,,,,55.64,,119.68,213.36,,,,,19.01232,,,,,,,5627.42,,145.694,1685.0,4265.5,,101.35,30.36,,1739.13,481.1,,704.5,62.015,,16058.9,126.226
1982-07,,,,108.13,,,12112.0,65.827,106.65,,,68.3764,,,,,122.159,,,116.14,162.98,1990.84,5662.2,,,,554.92,,,,52.69,,118.32,205.42,,,,,19.67805,,,,,,,5213.72,,150.473,1807.3,4667.1,,97.86,29.6,,1621.18,480.9,,684.84,62.784,,15472.07,136.172
1982-08,,,,106.92,,,12195.0,66.796,99.15,,,69.9547,,,,,120.303,,,114.74,170.53,2120.53,5773.4,,,,546.7,,,,45.67,,116.33,227.42,,,,,20.97723,,,,,,,4815.58,,152.329,2127.6,5437.3,,91.68,26.49,,1564.74,533.6,,631.64,62.004,,15157.76,141.262
1982-09,,,,105.16,,,12642.0,67.121,96.86,,,71.201,,,,,118.2,,,110.63,163.61,2422.15,5278.1,,,,530.3,,,,41.21,,112.62,227.27,,,,,22.36391,,,,,,,4658.21,,147.212,2057.9,5572.6,,87.06,25.16,,1442.54,478.3,,603.14,57.856,,13604.75,138.158
1982-10,,,,103.85,,,11344.0,67.921,96.0,,,72.6254,,,,,116.005,,,106.85,159.55,2330.86,5736.9,,,,523.32,,,,45.44,,109.89,256.21,,,,,24.08497,,,,,,,4516.57,,147.943,2150.4,6823.7,,85.63,25.96,,1420.97,581.0,,600.54,58.346,,13509.02,126.383
1982-11,,,,101.04,,,11388.0,67.354,94.46,,,72.7052,,,,,120.544,,,118.44,160.45,2345.98,5999.3,,,,526.82,,,,48.22,,114.35,264.02,,,,,23.68681,,,,,,,4918.27,,149.518,2247.9,6813.6,,85.19,28.21,,1523.5,632.1,,629.64,60.121,,14100.34,135.458
1982-12,,,,101.13,,,12461.0,68.119,95.28,,,73.7542,,,,,125.325,,,126.27,153.42,2238.24,6020.9,,,,526.12,,,,39.7,,120.41,268.59,,,,,24.24042,,,,,,,4994.8,,149.293,2268.0,7321.5,,81.34,28.15,,1485.64,643.1,,619.25,60.198,,13478.87,132.254
1983-01,,,,94.21,,,14194.0,67.716,95.28,,,73.2826,,,,,119.498,,,122.23,136.38,2117.21,6433.9,,,,529.97,,,,35.93,,118.63,278.82,,,30.249081,,23.20239,,,,,165.9,,5464.18,,153.173,2555.9,9372.9,,86.27,29.45,,1478.95,816.9,,653.01,61.238,,13998.46,134.199
1983-02,,,,93.5,,,13326.0,68.177,100.72,,,74.1374,,,,,120.705,,,122.26,140.33,2147.21,5898.6,,,,508.51,,,,35.64,,114.9,282.61,,,31.441939,,24.5028,,,,,124.64,,5531.09,,160.82,2089.8,7698.0,,80.47,27.01,,1250.43,649.2,,606.52,65.47,,12650.75,127.142
1983-03,,,,92.53,,,13050.0,67.799,106.54,,,73.3543,,,,,120.85,,,122.31,145.86,2202.81,5709.9,,,,553.76,,,,39.98,,113.68,285.85,,,31.164714,,24.27315,,,,,124.03,,6145.11,,151.992,2052.2,6971.6,,89.22,29.89,,1342.59,649.0,,671.33,71.494,,14175.53,121.291
1983-04,,,,97.46,,,14388.0,68.487,99.88,,,74.1863,,,,,118.783,,,122.63,143.11,2227.04,5975.9,,,,572.26,,,,42.78,,114.03,309.2,,,31.973287,,25.22171,,,,,148.82,,6172.49,,147.212,2108.1,7811.9,,93.87,29.98,,1297.8,693.1,,675.44,67.9,,13743.54,114.773
1983-05,,,,99.99,,,15406.0,68.194,105.33,,,73.4836,,,,,115.028,,,121.46,149.58,2359.57,7022.8,,,,554.56,,,,71.62,,111.41,305.34,,,30.83679,,23.84963,,,,,156.09,,5905.81,,146.031,2004.9,8360.8,,88.06,27.74,,1188.81,730.7,,624.31,68.509,,13049.71,109.938
1983-06,,,,95.37,,,15621.0,68.403,105.11,,,73.6145,,,,,114.234,,,121.14,149.99,2226.09,6199.5,,,,571.11,,,,58.88,,110.95,319.21,,,30.766945,,23.97039,,,,,164.37,,6141.72,,141.87,2004.9,7384.0,,91.87,27.84,,1259.62,680.3,,630.15,67.304,,13201.65,111.766
1983-07,,,,94.52,,,17035.0,68.085,106.7,,,73.0665,,,,,109.056,,,118.75,153.9,2241.74,5612.4,,,,598.86,,,,59.54,,108.27,307.11,,,29.404958,,22.5213,,,,,173.79,,6616.94,,141.139,1979.4,7478.2,,109.31,30.86,,1313.61,704.4,,721.26,68.323,,13793.74,113.941
1983-08,,,,93.4,,,14808.0,68.068,108.53,,,73.1394,,,,,107.186,,,117.31,155.53,2304.27,4682.6,,,,627.3,,,,52.96,,106.36,309.46,,,29.354564,,22.47832,,,,,174.78,,7370.46,,126.575,1967.3,7589.1,,155.7,36.51,,1396.64,697.9,,909.98,63.239,,14400.25,121.64
1983-09,,,,93.15,,,14659.0,68.043,102.9,,,74.0851,,,,,109.065,,,121.94,158.86,2420.99,4858.8,,,,602.96,,,,47.71,,108.61,312.96,,,30.507107,,23.61492,,,,,163.04,,7273.07,,137.372,1888.6,6769.7,,148.34,35.85,,1422.78,638.0,,864.56,68.158,,13013.75,115.02
1983-10,,,,93.06,,,13888.0,67.976,106.86,,,74.0358,,,,,108.069,,,122.05,171.81,2510.74,4154.0,,,,591.53,,,,40.82,,106.24,307.75,,,29.977878,,22.95529,,,,,163.4,,7068.05,,142.039,1754.3,5277.5,,130.17,34.56,,1357.43,587.8,,811.08,66.671,,12443.36,121.691
1983-11,,,,91.25,,,15606.0,67.59,104.0,,,74.011,,,,,105.794,,,123.11,172.85,2637.46,4380.1,,,,576.78,,,,41.74,,105.9,309.52,,,30.284206,,23.26071,,,,,190.08,,6996.27,,149.742,1864.5,5872.2,,123.58,33.25,,1302.14,640.9,,777.88,69.872,,11931.85,118.849
1983-12,,,,91.03,,,19333.0,67.331,100.64,,,74.0606,,,,,104.569,,,123.66,199.53,2541.86,3968.8,,,,581.95,,,,35.67,,104.47,306.96,,,29.987883,,22.92315,,,,,188.58,,6924.4,,155.759,1768.7,5457.9,,132.58,33.06,,1339.96,608.7,,796.68,75.551,,12191.78,128.165
1984-01,,,,87.39,,,17691.0,67.063,101.07,,,74.3167,,,,,100.736,,,121.09,216.07,2608.71,3848.3,,,,576.04,,,,32.71,,100.79,303.65,,,30.367176,,23.17887,,,,,192.53,,6760.15,,154.972,1702.1,5162.8,,121.98,28.54,,1303.94,596.2,,699.1,76.025,43.01,11026.27,126.875
1984-02,,,,92.65,,,17060.0,66.929,101.43,,,74.085,,,,,108.233,,,121.43,227.37,2736.81,4030.2,,,,576.53,,,,27.82,,103.62,288.33,,,29.902998,,22.54254,,,,,188.88,,6747.59,,158.515,1790.5,5750.2,,125.6,28.88,,1201.0,615.3,,714.48,80.94,44.09,11135.5,123.758
1984-03,,,,89.7,,,18388.0,65.623,106.17,,,73.6946,,,,,109.039,,,125.93,242.99,2860.19,3819.4,,,,607.52,,,,28.44,,104.44,291.45,,,29.160215,,21.88165,,,,,196.07,,7174.08,,151.486,1739.9,5803.0,,132.58,29.2,,1320.21,599.4,,736.89,81.835,44.74,12572.61,133.967
1984-04,,,,87.06,,,18132.0,65.013,107.23,,,73.5451,,,,,103.135,,,124.31,259.87,2865.42,3040.0,,,,613.83,,,,24.5,,99.1,292.08,,,28.788824,,21.37565,,,,,189.6,,6970.18,,146.144,1675.0,5240.2,,143.69,26.71,,1236.91,588.1,,719.08,78.827,44.04,12031.69,129.91
1984-05,,,,86.04,,,18637.0,64.644,110.38,,,72.5343,,,,,102.244,,,121.17,255.23,2810.52,2737.9,,,,629.6,,,,22.24,,98.02,272.9,,,27.284252,,19.86105,,,,,185.67,,7138.2,,146.931,1705.8,5372.5,,163.59,27.42,,1317.27,592.6,,778.35,76.99,44.83,12533.37,123.479
1984-06,,,,84.13,,,16522.0,63.439,101.27,,,72.8529,,,,,99.872,,,117.78,247.6,2791.74,2294.8,,,,640.66,,,,19.41,,94.09,275.87,,,27.55044,,19.91323,,,,,179.56,,7145.61,,150.192,1630.0,4814.9,,138.27,25.42,,1313.27,557.2,,676.11,79.604,43.15,12464.74,123.377
1984-07,,,,80.25,,,13946.0,63.757,92.86,,,73.7754,,,,,94.961,,,113.0,243.4,2720.5,2072.9,,,,629.12,,,,15.83,,88.38,271.24,,,29.159667,,21.54136,,,,,151.6,,6400.59,,146.931,1459.4,3989.9,,117.67,21.57,,1243.2,480.7,,560.94,77.917,39.73,12117.78,112.833
1984-08,,,,80.62,,,17620.0,64.552,90.41,,,73.8085,,,,,95.18,,,114.41,247.23,2932.91,2030.9,,,,586.25,,,,16.07,,90.0,298.23,,,29.303067,,21.99751,,,,,164.0,,6482.86,,151.373,1491.4,4194.0,,127.57,20.23,,1262.19,496.0,,582.92,80.447,41.82,11711.05,113.131
1984-09,,,,76.1,,,16469.0,63.456,89.05,,,74.4993,,,,,88.89,,,111.55,257.53,2715.21,2043.6,,,,582.01,,,,14.57,,85.02,297.55,,,29.899598,,22.69383,,,,,166.33,,6368.52,,149.293,1463.5,4172.1,,120.16,18.97,,1227.04,463.0,,541.94,77.45,42.05,11544.7,105.986
1984-10,,,,75.3,,,17249.0,63.623,92.28,,,75.5438,,,,,90.025,,,111.66,237.55,2769.34,2137.5,,,,585.09,,,,15.62,,86.21,294.93,,,31.03179,,23.89657,,,,,173.57,,6277.05,,155.197,1399.8,3986.0,,131.26,19.63,,1288.56,459.0,,568.22,77.968,40.14,12060.38,111.753
1984-11,,,,73.33,,,16389.0,63.146,88.25,,,76.057,,,,,86.838,,,110.1,240.61,2798.21,2224.1,,,,559.08,,,,14.14,,83.17,287.84,,,31.346256,,24.21092,,,,,172.26,,6176.49,,160.145,1369.0,3840.0,,133.46,19.05,,1313.33,446.3,,548.41,82.077,38.68,11777.42,123.259
1984-12,,,,70.99,,,15885.0,63.321,88.57,,,76.5222,,,,,85.24,,,107.75,229.7,2910.54,2241.4,,,,548.98,,,,11.14,,81.5,291.74,,,31.333992,,24.26428,,,,,151.72,,5976.72,,164.925,1271.3,3414.5,,130.47,17.37,,1295.36,406.1,,514.72,82.262,37.61,11577.66,121.887
1985-01,,,,68.87,,,17581.0,63.187,86.24,,,77.0211,,,,,84.758,,,106.16,249.58,3070.14,2084.1,,,,549.35,,,,11.57,,78.64,309.31,,,32.229249,,24.98986,,,,,161.83,14.68,6048.86,,166.106,1246.5,3419.9,,143.41,16.93,,1263.02,388.8,,528.79,80.968,37.55,11677.54,118.059
1985-02,,,,66.01,,,16506.0,60.65,84.4,,,76.2916,,,,,79.839,,,104.13,234.24,2893.84,1863.1,,,,539.28,,,,10.59,,73.39,311.62,,,30.887523,,23.51028,,,,,140.32,15.18,5871.96,,158.29,1170.7,3007.4,,148.27,14.89,,1257.58,345.6,,493.08,77.368,38.95,11542.82,112.913
1985-03,,,,76.48,,,18841.0,61.675,88.9,,,76.9568,,,,,87.086,,,107.53,225.18,2986.26,1574.1,,,,553.05,,,,9.89,,80.87,306.12,,,31.507257,,24.14891,,,,,146.67,16.49,6088.44,,156.322,1334.6,3548.2,,166.0,15.78,,1239.12,390.6,,521.05,76.014,42.14,12237.96,108.351
1985-04,,,,76.01,,,17441.0,61.683,86.54,,,77.6562,,,,,85.019,,,106.4,220.45,3026.45,1741.4,,,,556.76,,,,8.6,,79.85,301.94,,,32.15178,,24.50611,,,,,139.26,16.86,6136.57,,150.811,1264.3,3249.0,,178.13,13.81,,1197.34,371.5,,505.87,70.867,41.89,12000.6,101.193
1985-05,,,,80.08,,,17291.0,61.818,82.88,,,78.7245,,,,,87.033,,,106.99,203.42,2993.83,1905.4,,,,538.97,,,,7.61,,81.39,316.64,,,34.416396,,26.83303,,,,,124.34,17.13,6021.41,,153.116,1262.4,3223.0,,170.32,13.08,,1142.4,363.1,,482.89,68.979,43.15,11560.21,106.149
1985-06,,,,81.35,,,17189.0,62.21,83.94,,,79.0421,,,,,87.343,,,107.74,197.65,2961.46,1796.5,,,,534.36,,,,6.87,,81.98,317.15,,,34.491705,,27.06349,,,,,122.26,18.13,5940.69,,147.156,1255.3,3180.6,,162.14,13.3,,1134.36,359.6,,473.0,64.014,43.01,11753.59,104.599
1985-07,,,,88.34,,,17663.0,62.583,81.74,,,78.673,,,,,94.878,,,113.26,191.49,2753.73,1650.1,,,,496.6,,,,10.48,,90.95,313.38,,,33.977091,,26.40502,,,,,128.18,17.7,5371.03,,135.854,1293.6,3252.5,,146.51,13.08,,997.28,385.3,,447.28,58.014,44.49,10802.32,96.862
1985-08,,,,87.09,,,18254.0,62.1,79.57,,,78.8183,,,,,93.692,,,111.61,194.47,2799.48,1628.5,,,,494.3,,,,11.06,,89.46,307.73,,,34.790469,,27.08247,,,,,134.71,17.83,5274.37,,137.091,1311.3,3208.2,,129.6,13.02,,924.01,451.1,,436.35,58.196,46.96,10016.08,87.902
1985-09,,,,87.66,,,18673.0,61.896,81.39,,,79.0336,,,,,97.967,,,123.17,200.25,2786.76,1721.0,,,,511.69,,,,11.9,,93.79,296.65,,,34.815864,,26.92663,,,,,123.5,19.41,5419.04,,149.18,1262.3,3069.7,,125.04,13.46,,931.4,406.4,,437.2,61.155,49.9,10338.06,100.303
1985-10,,,,90.92,,,17277.0,62.117,85.24,,,79.2747,,,,,100.212,,,125.78,171.02,3262.32,1780.2,,,,539.68,,,,12.93,,95.83,307.12,,,35.691974,,27.97297,,,,,126.69,20.92,5611.93,,154.522,1260.8,3084.8,,117.35,14.66,,927.71,432.1,,438.27,65.532,53.63,11269.18,108.488
1985-11,,,,94.21,,,17347.0,61.394,81.82,,,79.2316,,,,,104.049,,,131.19,168.69,3385.2,1771.7,,,,539.31,,,,12.91,,98.68,328.46,,,36.658169,,29.09855,,,,,126.2,20.84,5822.46,,152.048,1247.5,3063.2,,112.65,14.53,,913.48,460.0,,414.59,67.572,54.26,11695.39,112.041
1985-12,,,,91.79,,,18005.0,60.705,84.31,,,79.4469,,,,,106.605,,,132.68,155.79,4845.84,1782.6,,,,541.94,,,,11.84,,99.43,340.09,,,38.146565,,30.80425,,,,,117.75,18.29,5929.95,,149.236,1262.0,2912.7,,125.45,14.78,,969.05,453.3,,438.77,63.497,47.41,11992.36,109.631
1986-01,,,,89.65,,,16815.0,59.749,81.9,,,79.335,,,,,108.778,,,138.32,129.08,4306.41,1645.3,,,,507.36,,,,12.47,,100.57,341.05,,,38.185058,,30.78166,,,,,127.31,14.96,5828.43,,147.887,1331.5,2996.6,,114.33,14.88,,859.64,488.0,,430.89,61.861,35.53,11433.36,105.781
1986-02,,,,91.73,,,15575.0,59.809,85.69,,,79.5071,,,,,116.101,,,147.18,123.58,4947.63,1835.0,,,,518.22,,,,12.7,,107.7,361.78,,,40.707315,,34.35941,,,,,132.52,11.26,5491.28,,144.85,1286.6,2777.9,,96.85,15.7,,864.85,526.7,,424.42,61.337,25.08,12006.49,95.896
1986-03,,,,93.97,,,14216.0,61.281,88.71,,,80.0578,,,,,110.146,,,149.16,140.14,4936.61,2110.4,,,,529.59,,,,18.51,,103.84,381.2,,,42.477199,,37.39784,,,,,131.54,10.09,5678.76,,134.729,1249.9,2514.9,,109.23,14.97,,780.17,526.3,,433.83,56.927,19.21,12761.48,101.525
1986-04,,,,98.97,,,13372.0,62.419,88.79,,,80.2472,,,,,117.381,,,156.23,136.84,4582.3,2035.8,,,,573.62,,,,18.01,,110.22,371.4,,,42.270497,,36.82671,,,,,133.37,13.54,5869.83,,128.656,1299.5,2497.6,,105.54,15.51,,813.42,545.4,,445.25,55.901,24.91,13960.33,107.954
1986-05,,,,94.91,,,13082.0,62.289,90.29,,,79.9287,,,,,110.557,,,151.3,146.21,3692.63,1927.3,,,,491.49,,,,14.27,,103.82,391.57,,,40.328147,,34.29636,,,,,130.05,13.27,5977.01,,126.969,1283.3,2536.1,,97.47,14.39,,709.14,549.6,,424.44,53.351,27.75,11819.9,114.461
1986-06,,,,99.34,,,12968.0,62.293,86.25,,,80.4539,,,,,116.859,,,161.43,149.37,3261.0,1842.7,,,,470.09,,,,12.38,,112.55,396.2,,,42.190248,,36.67949,,,,,133.62,11.55,5522.58,,139.002,1285.6,2455.0,,90.88,14.03,,738.14,558.4,,403.64,58.852,24.86,11665.39,142.372
1986-07,,,,96.42,,,13991.0,62.665,86.07,,,80.5572,,,,,122.136,,,170.91,147.06,3264.66,1832.2,,,,452.15,,,,11.87,,119.59,370.6,,,42.424638,,36.03478,,,,,137.74,9.54,4959.82,,141.139,1342.7,2437.0,,88.23,14.64,,713.3,598.7,,413.14,60.771,22.21,12210.72,150.771
1986-08,,,,96.68,,,14830.0,62.422,94.5,,,81.2201,,,,,125.705,,,170.31,145.19,3873.89,2175.9,,,,441.89,,,,9.43,,122.0,396.83,,,43.767404,,37.77514,,,,,170.76,13.4,4689.15,,144.513,1428.4,2447.9,,71.63,15.76,,789.94,802.4,,405.87,63.575,32.05,12206.54,159.109
1986-09,,,,93.63,,,14008.0,62.501,122.52,,,80.9188,,,,,125.852,,,169.68,151.19,3817.03,2141.1,,,,427.06,,,,9.13,,121.33,360.52,,,42.638769,,35.86027,,,,,166.68,12.47,5015.48,,138.665,1561.0,2632.8,,74.81,15.62,,809.32,704.7,,411.8,61.005,29.8,12393.44,142.295
1986-10,,,,91.57,,,13068.0,62.483,122.94,,,81.0049,,,,,123.312,,,160.35,169.19,3292.89,2271.5,,,,443.54,,,,10.03,,116.39,382.56,,,43.294952,,36.42893,,,,,157.54,12.57,4916.16,,139.565,1472.7,2658.5,,77.18,15.58,,859.4,728.0,,416.32,64.668,30.38,13409.67,142.295
1986-11,,,,93.76,,,12831.0,62.945,140.75,,,80.9188,,,,,128.85,,,161.6,174.5,2949.35,2378.3,,,,440.66,,,,9.59,,121.08,388.74,,,43.662416,,37.00919,,,,,139.54,12.41,4766.79,,143.051,1421.1,2523.8,,78.04,15.38,,1043.89,607.8,,419.24,67.367,29.67,13731.78,152.558
1986-12,,,,97.69,,,13165.0,63.154,157.88,,,80.764,,,,,132.007,,,165.4,173.03,2675.24,2204.2,,,,432.83,,,,8.96,,123.41,377.0,,,43.728551,,36.79838,,,,,145.19,14.56,4290.79,,134.335,1464.7,2516.8,,75.4,14.96,,1097.68,601.0,,410.47,63.211,35.22,13168.12,137.434
1987-01,,,,99.88,,,12382.0,65.406,146.96,,,80.592,,,,,138.464,,,169.62,167.72,2424.0,2582.1,,,,450.54,,,,11.25,,128.29,426.82,,,44.098908,,37.36054,,,,,151.63,14.98,4210.33,,152.835,1458.0,2546.8,,81.5,14.94,,1075.83,665.9,16576.9,415.04,70.847,36.82,13827.72,145.97
1987-02,,,,102.43,,,12585.0,65.633,147.14,,,80.5231,,,,,138.743,,,170.01,174.83,2475.01,2811.6,,,,459.23,,,,11.47,,128.79,441.46,,,44.351778,,38.00869,,,,,143.78,13.54,3919.97,,152.498,1452.6,2504.1,,74.56,14.82,,1021.87,663.3,16151.4,402.58,73.213,32.79,13777.9,137.397
1987-03,,,,106.79,,,12852.0,67.223,153.74,,,80.248,,,,,140.269,,,178.5,177.72,1914.78,2862.2,,,,474.34,,,,9.36,,131.15,450.8,,,43.645242,,37.26365,,,,,158.53,15.16,4143.06,,150.98,1491.4,2835.6,,74.41,15.49,,960.35,702.2,15613.1,413.83,75.659,37.44,13999.33,152.404
1987-04,,,,111.21,,,12935.0,65.528,176.26,,,79.6119,,,,,141.226,,,185.31,182.6,2271.82,2765.5,,,,470.94,,,,10.0,,134.63,448.02,,,41.698936,,35.21776,,,,,176.37,14.6,4591.88,,153.622,1610.7,3638.7,,75.89,17.18,,1109.1,761.6,16333.6,444.56,80.162,38.11,13997.84,170.409
1987-05,,,,109.0,,,12306.0,65.563,200.5,,,79.8645,,,,,138.18,,,180.28,183.92,2251.09,2794.9,,,,456.72,,,,9.19,,130.43,448.02,,,41.095647,,34.86865,,,,,167.47,15.12,4704.02,,152.891,1588.6,3454.1,,76.59,18.12,,1071.23,723.3,16369.5,454.29,80.112,40.09,14010.61,183.193
1987-06,,,,108.1,,,12836.0,65.969,212.32,,,80.2111,,,,,137.785,,,176.23,185.59,1961.28,3009.6,,,,429.01,,,,9.07,,129.65,467.09,,,41.445397,,35.03617,,,,,166.18,15.5,4501.6,,159.527,1575.4,3292.4,,78.27,17.95,,1061.78,690.4,16225.9,445.79,81.267,42.34,13125.19,190.869
1987-07,,,,106.52,,,12611.0,66.136,231.28,,,80.3237,,,,,134.616,,,171.86,189.0,1883.2,3078.4,,,,421.66,,,,7.73,,126.98,492.71,,,40.974579,,34.27035,,,,,178.44,15.52,3946.45,,162.732,1617.4,3710.1,,75.54,17.47,,1150.84,766.6,16872.0,430.2,82.328,45.69,13025.47,207.161
1987-08,,,,109.41,,,12725.0,66.62,225.12,,,80.2012,,,,,137.635,,,180.59,192.42,2121.48,3527.0,,,,429.67,,,,7.32,,130.31,509.1,,,40.121959,,33.4852,,,,,165.94,14.47,3792.61,,176.227,1561.6,3282.2,,71.79,17.19,,1201.56,735.8,20110.5,418.05,86.623,42.67,13543.09,213.847
1987-09,,,,109.3,,,11669.0,67.247,209.47,,,79.6176,,,,,135.024,,,175.0,207.9,2018.55,3293.0,,,,430.84,,,,8.03,,126.51,497.21,,,38.643496,,31.61081,,,,,163.07,14.75,4094.43,,176.227,1561.9,3317.0,,74.9,19.24,,1209.93,696.6,29508.1,441.06,86.905,42.83,13661.17,203.186
1987-10,,,,116.15,,,11566.0,67.105,194.38,,,80.5061,,,,,143.756,,,184.67,221.15,2193.08,3260.8,,,,432.0,,,,8.76,,135.54,395.74,,,40.501748,,33.88427,,,,,142.87,15.37,4088.73,,162.282,1604.1,3046.8,,76.44,20.66,,1168.09,647.0,31602.9,440.7,81.424,43.97,14003.58,192.864
1987-11,,,,123.62,,,11731.0,67.468,199.27,,,80.506,,,,,151.45,,,193.02,258.02,2243.71,3445.8,,,,429.12,,,,9.24,,144.17,354.01,,,40.416405,,33.92509,,,,,153.39,14.53,4359.4,,168.13,1671.7,3071.2,,81.07,24.68,,1398.54,630.5,33191.5,492.59,84.599,40.91,14564.18,194.874
1987-12,,,,127.38,,,11404.0,68.071,191.08,,,80.6019,,,,,157.163,,,209.78,248.76,2179.01,3642.2,,,,428.38,,,,10.95,,151.91,375.26,,,40.949458,,34.4017,,,,,151.97,13.16,4098.73,,170.66,1643.8,2891.8,,90.18,23.84,,1300.4,606.7,35627.7,490.73,86.518,37.62,14220.96,187.787
1988-01,35.85,,,119.16,,,11065.0,69.365,176.46,,,81.0553,,,,,146.075,,,197.73,253.84,2275.71,3766.0,,,,450.12,,,,11.12,,140.37,390.92,,,42.808312,,36.72367,,,,,140.29,13.56,4364.95,,176.452,1523.4,2795.7,,89.88,22.06,,1367.0,547.3,40040.3,486.54,91.413,38.54,14918.85,210.326
1988-02,36.66,,,119.87,,,10004.0,70.375,173.25,,,81.2124,,,,,145.071,,,196.82,249.46,2294.01,3685.5,,,,446.08,,,,9.27,,137.45,406.51,,,43.098318,,37.02118,,,,,145.98,13.42,4485.66,,176.565,1435.0,2664.3,,90.85,23.38,,1347.94,567.7,39454.6,503.31,96.402,36.51,14578.07,206.038
1988-03,37.91,,,127.91,,,9689.0,71.78,177.78,,,80.9679,,,,,147.41,,,202.69,262.41,2280.44,3749.1,,,,428.14,,,,10.4,,139.73,391.79,,,42.078403,,35.6125,,,,,153.64,14.1,4496.38,,176.283,1506.4,2860.3,,89.33,24.03,,1202.72,634.0,33090.9,511.93,99.2,39.07,13485.28,211.225
1988-04,38.88,,,127.3,,,9920.0,72.243,183.54,,,80.6972,,,,,145.275,,,201.06,267.32,2211.23,3778.9,,,,447.97,,,,9.84,,135.82,394.74,,,41.416836,,34.75987,,,,,150.86,14.8,4356.22,,175.046,1488.9,2738.0,,96.23,25.19,,1194.07,622.0,24628.7,539.21,99.235,41.45,13811.66,209.083
1988-05,41.37,,,124.82,,,9902.0,72.163,194.95,,,80.5219,,,,,140.251,,,200.46,270.88,2230.74,3929.2,,,,497.51,,,,10.95,,130.76,397.68,,,40.576758,,33.93356,,,,,156.8,14.98,4624.3,,171.729,1501.5,2765.0,,105.07,29.92,,1318.72,723.7,24178.2,616.02,100.985,40.0,15387.63,236.696
1988-06,41.15,,,116.23,,,9479.0,73.423,184.25,,,80.8292,,,,,133.353,,,187.86,300.05,2165.77,4016.3,,,,630.2,,,,14.82,,125.04,413.78,,,41.78407,,35.46974,,,,,153.81,14.36,6802.12,,166.387,1429.3,2778.2,,130.57,35.91,,2557.14,661.0,26881.3,759.33,96.183,34.46,17008.16,199.148
1988-07,41.67,,,116.09,,,8807.0,73.664,170.29,,,80.3638,,,,,128.261,,,187.36,308.38,2055.2,3743.2,,,,574.76,,,,13.54,,119.9,410.55,,,41.076335,,34.44562,,,,,153.06,15.34,5538.36,,178.814,1422.7,2811.0,,106.85,30.12,,1955.67,619.9,23277.1,599.54,100.184,36.67,15836.29,196.756
1988-08,41.88,,,114.71,,,7581.0,72.082,159.07,,,80.1619,,,,,128.213,,,182.4,317.08,2004.78,3623.0,,,,581.27,,,,12.03,,117.92,393.05,,,40.897402,,34.42435,,,,,151.24,14.75,5799.74,,183.537,1399.2,2688.1,,108.26,33.71,,1874.46,625.9,21139.6,660.12,104.062,33.81,17315.44,192.879
1988-09,40.95,,,115.66,,,6832.0,73.554,158.49,,,80.5239,,,,,128.328,,,185.58,311.29,2135.92,3612.7,,,,584.44,,,,11.81,,117.58,408.22,,,42.068688,,35.73288,,,,,148.8,14.73,5589.47,,187.755,1269.7,2493.8,,96.56,32.8,,1705.01,586.5,20669.8,618.65,103.851,30.05,17273.79,201.05
1988-10,43.08,,,120.82,,,7901.0,73.132,171.4,,,80.6916,,,,,133.614,,,196.76,329.91,2001.22,3672.8,,,,574.23,,,,12.97,,122.85,415.59,,,42.751939,,36.80235,,,,,154.0,16.62,5521.0,,186.574,1320.3,2543.1,,92.09,32.12,,1666.18,642.7,20316.8,589.73,104.414,31.24,17315.44,192.289
1988-11,46.17,,,127.12,,,8839.0,75.619,171.57,,,80.206,,,,,137.756,,,203.09,310.63,2010.1,3562.8,,,,555.74,,,,13.56,,127.36,406.58,,,41.650347,,35.64574,,,,,161.19,18.58,5114.79,,185.393,1350.9,2460.3,,85.06,31.51,,1407.36,710.5,19685.5,570.67,102.232,35.32,17504.67,187.823
1988-12,45.2,,,124.83,,,8983.0,75.37,177.61,,,79.8447,,,,,134.643,,,196.45,297.04,2587.78,3691.1,,,,564.89,,,,13.66,,122.7,413.08,,,41.45474,,36.06302,,,,,164.12,19.28,5379.52,,188.429,1296.5,2397.8,,88.26,33.17,,1637.44,608.6,19327.5,601.19,104.097,40.36,18016.5,199.622
1989-01,47.21,,,121.08,,,8659.0,75.938,181.53,,,79.7037,,,,53.483931,126.146,,,187.81,263.54,2154.15,3661.4,,,,574.03,,,,12.85,,114.42,440.11,,,41.873898,,36.74584,,,,,176.14,19.63,5195.16,,190.004,1229.6,2282.4,107.99,82.82,31.4,,1489.65,610.9,19775.6,567.06,106.08,41.41,18036.98,188.97
1989-02,42.68,,,120.82,,,9181.0,75.091,181.89,,,78.9893,,,,52.751536,129.71,,,192.26,265.38,2128.73,3584.3,,,,566.16,,,,13.98,,117.48,426.7,,,41.04982,,35.72135,,,,,187.33,20.61,5137.51,,185.337,1212.8,2280.4,105.28,87.15,30.22,,1393.04,638.5,19681.9,558.63,108.336,45.57,17854.05,190.056
1989-03,43.9,,,117.33,,,8847.0,75.616,186.19,,,78.8304,,,,52.559966,124.45,,,183.24,315.55,2142.27,3586.3,,,,553.78,,,,15.17,,109.59,433.28,,,41.063777,,35.80996,,,,,214.77,25.15,4953.04,,182.75,1195.5,2237.4,104.81,82.77,28.92,,1231.86,625.7,19966.0,533.17,107.15,51.84,16580.96,182.944
1989-04,42.8,,,117.42,,,7757.0,76.141,191.33,,,79.5897,,,,53.482987,124.847,,,181.87,338.37,2242.26,3410.4,,,,558.78,,,,13.87,,108.09,453.21,,,41.817497,,36.53148,,,,,210.09,27.78,4949.47,,171.841,1166.4,2151.1,111.42,83.79,28.23,,1186.11,630.9,23028.9,522.05,104.839,54.74,17149.46,183.535
1989-05,40.71,,,109.68,,,7226.0,74.918,201.11,,,80.0129,,,,54.310191,118.228,,,168.21,352.62,2299.08,3452.3,,,,546.31,,,,13.05,,105.55,467.61,,,42.933817,,37.72192,,,,,193.12,26.25,4771.07,,171.954,1113.5,1962.6,95.37,76.01,27.03,,1059.08,591.2,23028.9,510.96,101.788,56.2,16408.44,186.677
1989-06,41.48,,,109.07,,,7666.0,75.762,205.7,,,80.5058,,,,55.658162,119.767,,,166.62,344.36,1960.13,3442.8,,,,542.94,,,,17.31,,107.88,460.98,,,44.160896,,39.72462,,,,,206.18,24.67,4867.51,,181.907,1146.3,1942.8,88.45,74.19,26.78,,960.88,589.3,25379.3,498.71,106.653,60.37,16905.98,192.412
1989-07,41.75,,,116.98,,,7903.0,76.856,220.33,,,80.7874,,,,56.701752,125.117,,,174.72,319.62,1432.82,3549.3,,,,526.07,,,,17.58,,112.1,499.88,,,45.164869,,40.4598,,,,,188.13,23.54,4238.83,,187.024,1125.2,1968.8,94.49,64.33,24.91,,792.39,591.0,23979.6,437.68,110.279,57.09,16060.16,188.575
1989-08,42.23,,,110.71,,,7006.0,77.157,214.84,,,80.2242,,,,55.040704,118.301,,,164.02,331.87,1543.46,3454.0,,,,523.5,,,,16.07,,105.85,504.9,,,43.742601,,39.02748,,,,,175.67,24.63,4472.2,,184.043,1085.7,1868.2,111.24,63.88,25.81,,827.01,556.7,21233.0,441.39,107.687,59.67,16068.91,191.653
1989-09,43.25,,,114.64,,,6341.0,77.546,213.13,,,80.0045,,,,54.849379,124.139,,,170.87,307.38,1450.6,3520.4,,,,523.5,,,,17.6,,110.61,499.31,,,43.547446,,38.87537,,,,,187.39,27.31,4401.37,,186.967,1105.3,1920.7,105.53,65.0,25.55,,810.13,583.0,20071.0,426.74,105.242,64.91,16390.89,206.552
1989-10,43.82,,,112.3,,,5957.0,77.923,217.61,,,80.5142,,,,55.962542,126.063,,,165.71,293.36,1347.11,3440.7,,,,513.16,,,,17.36,,110.9,485.93,,,44.606858,,40.29502,,,,,178.68,25.68,4486.37,,184.718,1121.9,1887.4,99.43,64.03,25.77,,801.69,577.2,18471.4,420.79,105.419,64.84,15877.73,216.793
1989-11,44.34,,,112.2,,,5691.0,78.769,199.17,,50.67,80.5668,,,,56.145384,130.236,44.9017,,165.42,302.63,1356.1,3506.2,,,,515.59,,,,17.59,,112.49,492.09,,,44.829888,,40.34572,,,,,183.91,24.64,4477.29,,185.843,1224.4,2049.5,95.86,63.31,26.12,,818.57,600.9,18881.9,428.51,105.408,65.24,16291.59,230.564
1989-12,45.07,,,115.54,,,5606.0,79.406,194.08,,50.55,80.3658,,,,55.884889,136.931,45.8423,,163.58,375.33,1388.74,3551.1,,,,512.34,,,,16.36,,115.76,498.21,,,44.467683,,40.01616,,,,,177.81,28.69,4440.25,,187.642,1188.4,1864.9,94.1,61.95,25.86,,797.78,572.7,19726.9,417.6,110.067,72.13,16351.52,225.471
1990-01,44.3,,,121.15,,,5830.0,77.69,188.41,,49.14,80.0775,,,,54.730028,137.58,43.3598,,162.9,464.57,1396.07,3729.9,2742.8,,,482.72,,,,18.31,,119.0,462.07,,,43.241756,,38.22893,,,,,179.51,29.4,4412.47,,185.618,1209.1,1849.0,87.2,61.89,23.93,,702.93,591.1,21642.7,402.36,111.595,78.08,15013.04,225.611
1990-02,43.93,,,121.82,,,6374.0,77.533,193.51,,45.95,80.0775,,,,54.478139,136.005,41.669,,157.76,460.2,1605.03,3658.0,2641.5,,,487.9,,,,17.89,,119.25,465.5,,,42.963341,,37.83648,,,,,166.92,27.18,4558.95,,180.107,1183.4,1811.7,101.04,68.44,23.11,,722.86,586.2,20558.5,407.78,110.751,74.77,15267.81,242.336
1990-03,43.98,,,120.19,,,7147.0,79.353,200.52,,47.39,79.8327,,,,53.966159,136.932,39.6557,,148.6,479.73,1576.8,3708.5,2587.1,,,483.64,,,,19.41,,119.48,471.85,,,42.573019,,37.30357,,,,,167.89,27.69,4702.97,,182.919,1070.5,1733.4,114.25,70.38,23.89,,736.35,549.2,19952.4,417.78,113.581,69.65,14825.26,255.029
1990-04,44.07,,,120.33,,,7716.0,79.991,205.88,,45.98,79.7278,,,,53.237239,138.136,37.7492,,147.78,461.64,1568.4,3624.3,2437.1,,,490.26,,,,19.7,,123.24,458.93,,,41.597213,,36.06012,,,,,151.84,25.63,5067.09,,185.393,1060.3,1717.3,107.42,74.65,25.63,,809.38,541.2,19703.3,444.51,113.659,61.38,15832.12,282.31
1990-05,45.25,,,123.61,,,8418.0,79.86,221.27,,46.6,80.1388,,,,54.174367,136.491,40.2855,,154.01,473.97,1573.75,3725.2,2723.3,,,471.1,,,,16.82,,125.01,499.9,,,42.796336,,37.71036,,,,,154.62,27.27,4977.56,,188.148,1038.4,1749.8,109.34,74.65,24.18,,675.07,563.6,18918.1,416.23,114.633,56.25,15282.63,288.359
1990-06,47.0,,,129.6,,,7236.0,80.845,243.28,,46.84,80.3663,,,,54.633987,139.503,41.6177,,153.94,449.48,1399.27,3769.2,2728.3,,,458.03,,,,15.87,,126.27,493.63,,,43.298509,,38.37127,,,,,152.36,26.31,5229.34,,188.992,1013.9,1672.0,114.52,78.13,24.67,,642.05,556.7,19139.0,433.16,114.594,53.06,15045.51,277.799
1990-07,47.32,,,138.81,,,7248.0,81.899,237.21,,47.58,80.6026,,,,55.180327,146.036,41.0727,,160.32,443.46,1533.31,3565.7,2663.1,,,397.28,,,,13.78,,133.04,488.52,,,43.535647,,38.51108,,,,,149.25,30.94,4700.99,,199.394,1043.5,1624.5,125.17,77.91,22.9,,573.42,553.4,17225.1,406.37,122.544,61.52,13102.32,293.179
1990-08,48.84,,,141.63,,,7342.0,81.842,229.6,,46.18,80.5676,,,,54.287176,146.684,40.1105,,162.63,409.93,1612.28,3611.5,2440.5,,,367.69,,,,12.84,,136.65,439.41,,,42.182546,,36.24805,,,,,141.16,44.91,4338.21,,191.691,1071.0,1603.2,132.46,75.45,22.88,,472.07,545.9,15724.8,407.88,118.432,81.79,12033.99,258.287
1990-09,49.67,,,141.12,,,7130.0,82.345,228.69,,45.51,80.4451,,,,54.426018,147.796,39.7946,,168.83,381.4,1457.87,3423.3,2195.2,,,360.67,,,,13.0,,138.19,413.33,,75.6781072,42.308297,,36.47763,,,,,122.99,54.83,4240.57,,193.321,1123.0,1591.4,126.09,73.35,23.23,,486.13,487.7,16704.5,410.38,122.975,121.43,12044.83,292.499
1990-10,47.27,,,147.49,,,6418.0,81.855,238.57,,46.44,80.5938,,,,54.96403,152.923,40.8778,,179.92,327.78,1418.68,3351.3,2270.2,,,345.95,,,,12.12,,139.46,413.4,,76.021614,42.811302,,37.17912,,,,,122.23,51.14,4263.82,,193.321,1049.2,1376.6,122.85,67.81,22.67,,487.14,487.0,17673.2,395.67,124.584,112.31,11361.82,287.365
1990-11,46.99,,,147.92,,,6805.0,82.307,237.19,,46.99,80.3583,,,,55.666891,154.895,42.4075,,176.31,315.51,1300.53,2758.5,2362.6,,,336.22,,,,12.63,,140.43,436.64,,76.388811,43.677276,,38.73558,,,,,114.84,46.69,4225.48,,197.033,1052.8,1359.9,118.08,66.43,22.08,,446.44,471.4,16544.3,382.85,125.527,94.71,10665.64,276.973
1990-12,47.01,,,147.67,,,6099.0,82.941,248.76,,46.3,80.7936,,,,56.109725,155.816,42.1829,,172.85,335.01,1326.72,3122.5,2324.3,,,333.97,,,,12.05,,141.54,442.14,,76.767853,44.223067,,39.20921,,,,,101.87,41.88,4118.85,,194.896,1081.4,1369.5,128.83,63.54,20.64,,400.98,454.3,17038.4,363.89,128.951,94.7,10614.7,280.851
1991-01,47.82,,,150.93,,,5983.0,82.97,252.89,,47.56,80.9155,,,,56.283386,157.586,44.2643,,178.23,340.05,1242.17,2941.1,2361.7,,,338.79,,27461.0,,11.31,,142.78,460.86,,76.9396064,44.516955,,39.45243,,,,,106.26,36.78,4341.01,,197.201,997.7,1241.8,117.31,65.23,19.92,11746.034,395.52,424.1,19536.5,358.83,130.331,74.47,10716.57,303.67
1991-02,48.12,,,147.35,,,5895.0,84.172,283.39,,48.43,81.1072,,,,56.169602,152.463,44.0128,,175.8,319.73,1355.46,3089.8,2553.5,,,344.02,,30313.0,,11.56,,135.41,490.48,,76.9453654,44.417092,,39.35971,,,,,109.81,36.89,4303.26,,198.438,999.0,1200.9,127.05,65.17,20.33,11567.98,401.32,445.2,18746.6,364.17,134.87,71.14,10543.42,311.938
1991-03,47.62,,,134.75,,,5724.0,83.728,265.21,,47.93,81.2985,,,,56.07372,136.499,43.9979,,165.66,332.53,1383.96,3195.3,2633.2,,,358.36,,30139.0,,11.72,,123.44,498.8,,76.9453654,44.417092,,39.33396,,,,,114.03,40.3,4333.27,,196.639,965.3,1231.2,121.01,62.95,19.9,11752.489,432.19,430.1,19940.0,355.96,136.766,74.0,11218.28,317.57
1991-04,48.22,,,134.68,,,5217.0,84.343,290.58,,48.43,81.6811,,,,56.317784,136.593,43.6557,,171.93,332.1,1273.87,3223.0,2638.5,,,347.43,,30099.0,,10.26,,124.63,498.33,,77.2243249,44.656045,,39.72021,,,,,124.96,42.2,4239.12,,197.764,960.8,1262.3,121.79,60.44,20.43,11208.306,412.16,431.4,18880.6,356.93,134.948,80.23,10660.66,320.288
1991-05,47.12,,,132.71,,,5192.0,85.193,281.82,,48.47,81.6202,,,,56.30897,134.274,43.0464,,169.7,348.51,1236.09,3642.7,2646.9,,,343.19,,29628.0,,10.68,,121.45,516.63,,77.3365949,44.543506,,39.44952,,,,,120.14,42.37,4101.43,,199.675,973.3,1294.3,112.23,59.65,20.22,10785.988,401.62,410.7,20324.0,352.24,134.404,81.11,10801.8,306.76
1991-06,47.6,,,127.26,,,4437.0,85.617,278.89,,47.77,81.5679,,,,55.967173,129.357,42.8387,,170.77,323.4,1193.3,3730.2,2529.3,,,328.43,,26209.0,,13.13,,116.41,489.86,,77.2769308,44.147312,,38.89133,,,,,119.71,40.57,3746.42,,199.001,987.2,1389.6,117.33,54.38,19.07,9699.533,365.79,412.1,19136.7,321.23,131.669,78.45,10063.17,301.191
1991-07,48.49,,,132.97,,,5062.0,85.076,254.2,,47.28,81.8032,,,,56.405375,134.808,43.8031,,171.22,336.04,1130.79,3365.8,2710.2,,,335.86,,27080.0,,14.92,,118.75,511.11,,77.6826466,44.585955,,39.39759,,,,,107.65,43.68,4315.07,,194.221,971.0,1266.3,118.68,62.25,21.09,9937.923,398.69,394.2,18252.0,356.92,128.751,83.07,10758.44,320.425
1991-08,49.1,,,133.03,,,5029.0,85.99,243.89,,47.82,82.1429,,,,57.482056,134.926,44.5595,,172.14,345.99,1183.85,3246.0,2762.9,,,345.01,,24993.0,,13.61,,118.58,520.52,,78.4589831,45.647383,,40.73519,,,,,97.99,45.76,4204.59,,186.405,924.1,1181.8,122.49,57.16,22.02,11098.621,382.99,365.0,18996.5,350.98,123.21,85.73,11234.51,312.813
1991-09,50.18,,,138.99,,,5624.0,86.879,234.15,,48.09,82.4663,,,,58.48819,141.926,45.6409,,177.43,356.57,1102.71,3307.2,2716.5,,,362.29,,26412.0,,14.2,,125.01,510.03,89.06,79.1011548,46.772896,,41.88708,,,,,99.62,45.36,4113.82,,194.334,935.6,1274.3,124.45,56.4,22.67,11706.621,371.47,378.9,19182.5,348.9,131.19,85.73,11636.99,319.833
1991-10,49.13,,,138.58,,,5569.0,87.76,223.57,,48.09,82.8159,,,,59.035386,141.664,45.2113,,180.45,485.54,1071.45,3393.9,2626.1,,,394.3,,27384.0,,14.15,,123.71,513.95,88.724,79.6292961,46.94386,,41.80854,,,,,104.45,47.84,4142.7,,188.767,941.4,1254.5,126.59,53.95,21.85,11259.073,380.83,388.0,20157.2,329.63,125.593,90.8,12721.94,298.379
1991-11,49.55,,,141.4,,,5395.0,87.107,208.82,,48.11,83.1217,,,,59.610432,146.234,44.6487,,181.8,482.37,1058.21,3406.9,2475.7,,,399.11,,24345.0,,14.06,,126.98,490.95,88.299,80.1762109,47.18682,,41.77036,,,,,100.96,45.56,3922.35,,185.337,963.9,1237.7,121.11,52.39,20.92,10855.313,359.02,393.5,19428.6,323.82,126.232,83.97,12809.44,300.182
1991-12,48.18,,,150.01,,,5457.0,85.663,209.6,,49.12,83.7237,,,,60.935702,156.84,45.1809,,189.42,442.13,981.18,3301.4,2563.5,,,438.88,,25224.0,,14.19,,134.18,544.4,87.709,81.1041484,49.282736,,44.28028,,,,,96.93,41.08,3985.74,,170.379,922.6,1177.3,116.97,50.92,20.83,8425.606,371.82,356.2,18874.5,321.65,122.305,74.55,14165.63,277.743
1992-01,47.65,,,143.99,,,5159.0,84.518,187.96,,49.25,83.6016,,,,59.895054,148.265,46.1124,,188.02,408.01,911.09,3728.2,2612.6,,,484.01,,23606.0,,12.89,,127.6,531.9,88.142,80.579924,47.560065,,42.70827,,,,,104.2,41.84,4187.8,,177.858,927.1,1257.9,118.23,52.06,21.21,7661.019,411.56,375.5,18897.3,330.32,128.531,73.09,15408.07,288.507
1992-02,47.87,,,142.45,,,4747.0,84.07,194.15,,49.33,83.6545,,,,59.908691,146.723,46.3481,,182.85,406.2,858.85,3618.4,2584.5,255.25,,470.91,,22712.0,,12.67,,123.47,536.79,88.299,80.5812321,47.838786,,42.86185,,,,,99.16,41.36,4214.55,,172.347,914.7,1234.1,124.61,53.41,21.03,7324.279,411.5,377.8,17258.9,334.62,128.948,71.88,14050.11,286.344
1992-03,49.14,,,141.43,,,4194.0,83.884,202.37,,48.51,83.5495,,,,59.369943,146.829,44.3586,,178.73,415.8,829.78,3654.3,2443.5,243.53,,452.38,,20544.0,,13.72,,122.56,524.43,88.112,80.2173247,47.186241,,42.18087,,,,,102.39,40.87,4072.01,,176.396,887.0,1236.5,122.74,52.93,21.25,8487.657,388.35,383.9,16585.6,334.05,130.367,74.01,13312.48,292.975
1992-04,48.42,,,145.44,,,3795.0,83.874,206.59,,48.43,83.8821,,,,59.675233,146.951,46.4366,,177.97,371.79,736.3,3534.7,2644.1,241.59,,437.72,,18196.0,,15.22,,122.04,538.18,87.916,80.7085997,47.200742,,41.92717,,,,,98.38,42.31,3782.05,,169.873,867.4,1188.8,120.99,51.41,20.66,9115.677,350.77,366.2,15728.0,325.47,127.446,79.22,12939.23,308.53
1992-05,48.5,,,150.51,,,3515.0,83.342,192.15,,48.8,84.0485,,,,60.658059,151.541,47.0552,,185.9,398.12,740.98,3450.4,2686.6,241.76,,451.97,,19190.0,,16.31,,127.18,538.31,88.171,81.3282861,48.174327,,43.07682,,,,,94.81,43.49,3933.64,,169.255,864.4,1190.9,121.77,55.9,21.48,10935.829,333.36,386.7,15434.6,344.4,125.758,83.73,12792.82,302.012
1992-06,48.02,,,157.44,,,3695.0,83.843,204.86,,48.56,84.3647,,,,61.64769,160.579,46.1586,,188.89,383.7,659.38,3607.0,2479.6,235.21,,449.29,,16535.0,,17.23,,135.39,530.13,87.956,82.1232242,48.951095,,43.4818,,,,,95.86,40.08,3778.74,,178.758,879.7,1192.4,131.87,54.54,21.38,10447.15,316.94,394.2,15479.8,340.74,131.098,81.91,12804.07,317.345
1992-07,47.96,,,160.13,,,3924.0,85.063,198.97,,47.93,84.7247,,,,62.927856,166.671,45.4236,,186.85,377.74,638.39,3357.4,2351.9,245.24,,395.96,,16349.0,,16.79,,141.59,548.77,87.478,82.8386685,50.533945,,45.29073,,,,,106.38,39.18,3286.35,,187.53,913.4,1156.9,135.24,48.55,20.44,13059.678,316.34,397.3,16066.5,309.79,133.683,83.2,11523.66,301.365
1992-08,46.15,,,166.06,,,4005.0,84.357,180.7,,48.73,84.8037,,,,63.717223,176.156,44.5007,,193.07,360.92,584.92,3833.0,2253.5,238.72,,409.0,,18568.0,,16.3,,150.2,536.15,87.019,83.4334516,51.000953,,45.42311,,,,,104.19,40.5,3241.58,,186.63,872.7,1095.7,132.27,46.48,20.55,14546.485,314.51,372.3,14940.2,304.88,133.91,82.03,11643.67,318.881
1992-09,45.95,,,149.55,,,3701.0,80.471,174.93,,50.02,85.2349,,,,64.663154,175.903,45.6297,,198.15,352.81,601.1,3546.6,2503.8,241.31,,428.62,,17939.0,,15.4,,152.62,541.39,89.676,84.0672948,51.801317,,46.01019,,,,,112.33,39.1,3211.74,,186.517,883.1,1094.2,124.99,47.49,20.02,16665.905,330.2,381.9,14895.9,304.74,137.589,83.41,12246.83,336.872
1992-10,44.99,,,131.92,,,3418.0,81.423,172.73,,50.15,84.7685,,,,63.404973,162.238,47.3892,,192.86,324.16,738.7,3801.4,2571.8,245.81,,423.24,,17214.0,,15.5,,137.86,540.68,91.18,83.2734524,50.600771,,44.89065,,,,,111.01,39.41,3092.37,,181.85,859.6,1094.2,120.99,48.57,19.66,15123.528,324.77,369.2,14326.6,308.24,137.823,79.47,12395.43,333.336
1992-11,44.2,,,128.92,,,3527.0,78.477,191.38,,50.11,84.4253,,,,62.731748,157.784,46.301,,190.98,349.54,757.25,4185.5,2672.2,259.49,,434.91,,18201.0,,14.87,,132.44,557.7,90.506,82.8786864,50.285094,,45.05141,,,,,117.41,37.41,3185.76,,188.71,844.9,1085.6,116.84,51.15,19.57,14513.576,344.71,378.5,13738.5,314.38,143.013,76.28,13033.98,346.201
1992-12,44.8,,,128.74,,,3275.0,79.868,193.81,,50.56,84.7066,,,,63.454934,155.722,47.849,,190.53,298.18,804.45,4724.3,2715.8,267.73,,419.6,,17321.0,,14.87,,129.92,565.66,90.536,83.5416168,51.335514,,46.23879,,,,,129.77,37.63,3113.85,,190.454,838.9,1062.0,122.27,51.08,20.15,13671.461,345.9,370.1,12989.4,317.33,148.751,74.4,12427.95,348.196
1993-01,44.21,,,127.14,,,3191.0,80.328,195.39,,50.86,84.9967,,,,65.077467,157.303,47.9518,,190.69,235.03,604.76,5308.5,2676.9,269.97,,436.16,,17545.0,,14.67,,128.42,566.43,91.312,84.2974813,52.716066,,47.35714,,,,,135.05,38.64,3085.08,,189.273,830.6,1053.3,116.78,51.25,19.71,13788.155,334.59,380.8,12393.4,317.19,149.745,76.57,13350.17,352.822
1993-02,45.3,,,122.45,,,3160.0,81.759,205.42,,52.09,85.0935,,,,66.108945,154.6,48.9229,,201.29,227.66,628.78,7709.9,2731.0,265.98,,420.24,,17305.0,347.0,16.8,,125.26,573.48,91.234,84.8491536,53.996762,,49.00717,,,,,130.13,37.05,3046.02,,189.048,826.6,1027.9,112.44,51.38,19.28,16090.172,328.03,362.9,10737.2,320.23,156.321,77.89,12750.75,366.718
1993-03,46.04,,,130.14,,,3103.0,81.336,197.99,,51.98,85.1199,,,,66.174409,158.828,49.431,,207.17,267.79,568.18,8164.2,2734.0,272.97,,429.27,,19178.0,356.06,20.06,,128.69,584.21,90.896,84.8926883,54.027131,,48.96526,,,,,140.75,37.49,3198.84,,190.116,848.9,1112.2,112.74,50.79,20.11,18378.187,344.22,382.6,10074.7,324.78,159.793,77.02,13286.41,409.419
1993-04,46.1,,,135.59,,,3064.0,80.719,196.9,,51.57,85.2167,,,,66.744878,161.743,48.197,,214.45,269.63,601.67,6707.3,2656.7,264.44,,410.84,,21183.0,345.37,20.74,,134.22,566.21,90.588,85.2907199,54.421933,,49.24466,,,,,151.69,37.58,3150.65,,191.747,893.6,1253.6,98.25,50.58,20.01,21159.616,342.32,410.4,10039.7,325.75,160.893,76.68,13455.16,373.92
1993-05,44.93,,,134.93,,,2926.0,80.709,193.88,,51.3,85.014,,,,66.313406,162.259,48.1666,,221.76,348.28,595.58,5362.6,2682.2,276.94,,401.43,,21158.0,359.31,17.41,,135.8,580.98,90.752,84.7179439,54.25456,,49.34559,,,,,157.51,36.02,3042.24,,191.972,946.4,1311.8,92.85,51.43,20.56,19758.196,321.29,420.8,9881.4,335.25,157.534,74.19,12874.52,369.412
1993-06,43.75,,,129.12,,,2845.0,80.298,185.91,,52.08,85.1728,,,,67.428553,151.447,50.2887,,222.4,361.99,556.58,4646.9,2730.7,278.23,,402.7,,19941.0,362.52,16.2,,127.29,581.11,90.703,85.2241517,55.682715,,51.50702,,,,,175.8,33.68,3016.73,,197.595,943.7,1292.4,99.99,57.04,21.83,19919.09,327.03,410.0,10831.3,361.12,161.13,68.86,12538.78,352.296
1993-07,45.41,,,128.65,,,2959.0,80.206,194.63,,52.27,85.2433,,,,67.334049,149.152,51.357,,227.2,343.02,694.48,5108.0,2756.0,276.33,,431.22,,20698.0,364.59,14.51,,126.7,577.24,90.915,85.1866548,55.667359,,52.21337,,,,,183.67,32.03,3105.65,,195.402,1012.4,1523.8,102.07,55.59,23.86,19836.418,325.87,442.1,10933.8,377.77,161.777,64.45,13269.94,381.355
1993-08,44.35,,,129.62,,,3250.0,78.172,180.56,,53.31,85.3493,,,,68.461694,155.306,53.644,,227.11,358.92,680.84,5270.8,2908.6,286.88,,451.38,,21218.0,379.06,14.06,,130.83,596.89,90.607,85.7114758,56.900603,,54.16217,,,,,160.43,33.22,3045.1,,195.346,924.8,1363.0,98.94,55.5,22.67,20786.64,316.22,405.1,10398.5,364.84,161.669,64.53,13521.53,393.448
1993-09,42.52,,,130.43,,,3467.0,77.509,186.2,,53.65,85.4024,,,,68.651971,159.801,53.2764,,224.02,370.6,651.12,5561.2,2835.1,287.92,,453.12,,20269.0,386.92,15.42,,135.87,590.83,90.482,85.8432913,57.194943,,54.21935,,,,,161.91,32.56,3138.05,,192.478,879.0,1138.9,86.17,55.26,21.02,19137.602,308.85,379.7,12542.0,346.28,158.113,64.9,13660.81,397.592
1993-10,44.1,,,129.42,,,3374.0,78.38,181.67,,54.33,85.3758,,,,68.604402,155.28,53.6882,,219.2,302.82,693.07,6459.2,2958.7,288.82,,483.67,,19822.0,398.48,15.67,,129.93,602.02,90.703,85.780522,57.055519,,54.31941,,,,,167.45,30.09,3304.73,,190.397,909.8,1218.4,84.16,54.68,20.95,18669.435,298.09,391.2,18428.1,342.03,157.953,57.85,14378.67,411.432
1993-11,43.58,,,130.19,,,3641.0,77.654,190.83,,54.14,85.367,,,,67.929138,153.019,54.8664,,217.75,269.53,654.55,7314.0,2958.7,281.11,,564.59,,16634.0,381.71,15.29,,129.54,594.04,90.761,85.5670246,56.141769,,52.84987,,,,,156.28,26.37,3574.88,,182.806,910.6,1232.9,85.48,61.18,22.4,17652.308,290.96,385.4,19976.6,364.85,153.588,51.84,15245.26,376.44
1993-12,44.95,,,129.25,,,3298.0,78.473,208.15,,54.95,85.4644,,,,68.044191,151.316,56.9672,,212.08,288.98,603.52,8189.3,3162.1,292.82,,615.29,,17362.0,394.62,15.89,,130.41,599.25,90.741,85.5922452,56.297935,,52.98001,,,,,160.54,23.94,3831.57,,182.581,959.6,1412.9,94.94,69.15,22.42,16206.681,293.1,415.2,21020.1,383.23,155.601,46.71,16452.27,367.328
1994-01,47.0,,,132.26,,,3136.0,77.975,238.76,,54.49,85.5973,,,,68.772859,152.163,56.4347,,218.16,280.76,610.26,6770.0,3219.3,299.6,,563.82,,20519.0,406.33,15.62,,133.5,618.18,90.627,85.9453329,57.125616,,54.20908,,,,,161.38,25.17,3634.36,,184.774,934.4,1417.9,98.93,67.58,21.49,21977.038,282.38,403.2,20259.0,369.38,155.814,49.17,16169.55,403.739
1994-02,47.34,,,130.77,,,3186.0,76.791,241.85,,52.52,85.2071,,,,67.372358,155.206,53.7099,,226.43,281.31,633.2,7587.4,3063.3,294.61,,544.82,,20135.0,400.93,16.83,,136.44,598.23,90.741,85.2585331,55.500129,,51.99555,,,,,177.54,24.98,3600.13,,183.369,931.7,1477.8,98.47,67.49,21.22,19627.24,274.37,415.4,17297.2,364.12,157.138,46.46,15429.34,386.558
1994-03,46.51,,,130.87,,,3211.0,74.827,238.65,,52.58,85.0204,,,,65.760671,158.803,51.5651,,231.53,280.27,681.27,6536.3,2821.6,279.85,,533.73,,19222.0,380.45,17.06,571.7,138.04,571.74,90.416,84.5987944,53.532597,,49.61686,,,,,177.22,25.66,3367.27,,181.907,954.7,1586.1,98.59,67.14,21.25,17928.979,261.03,445.2,17331.2,363.05,155.707,47.15,14736.64,358.409
1994-04,47.55,,,134.0,,,3092.0,74.983,254.0,,51.69,84.7004,,,,64.959653,160.638,50.6562,,232.69,271.32,725.66,5710.3,2887.8,280.42,,592.59,,19536.0,378.94,16.26,576.3,138.95,576.35,90.493,83.9898049,53.04465,,48.79964,,,,,179.22,26.78,3289.58,,176.621,914.8,1463.6,103.87,67.68,20.93,17761.319,241.55,419.5,12885.5,360.8,149.471,53.88,14840.13,347.389
1994-05,49.06,,,133.27,,,3804.0,75.076,254.82,,50.41,84.5395,,,,64.704232,161.383,48.0238,,225.12,259.48,1021.59,6470.0,2722.2,277.66,,591.3,,20891.0,374.79,16.77,583.79,138.66,583.83,90.569,83.7669571,52.787259,,48.34129,,,,,176.45,28.29,3371.21,,166.331,937.3,1509.0,117.77,66.42,22.2,15901.818,247.47,421.5,12326.0,373.87,136.028,59.69,14694.31,321.279
1994-06,48.41,,,136.37,,49.23,3501.0,75.137,228.99,,50.22,84.5842,,,,64.38324,167.75,48.1291,,239.16,218.91,1564.72,5583.4,2674.4,266.92,,582.36,,20530.0,359.38,16.19,567.04,146.04,567.08,90.636,83.7286811,52.358223,,47.67888,,,,,185.62,28.3,3016.7,,167.961,930.8,1461.7,122.66,61.81,20.92,17873.281,244.16,422.5,10892.3,343.38,132.718,65.2,14174.82,315.565
1994-07,49.22,,,136.05,,49.69,3998.0,75.126,228.77,,51.14,84.8523,,,,65.239219,167.91,48.9265,,234.57,241.56,1655.78,5533.0,2835.7,276.21,,596.57,,20470.0,366.65,16.19,584.69,145.14,584.73,90.3,84.2198894,53.470538,,49.35699,,,,,198.6,30.71,2698.99,,173.809,920.3,1436.6,126.23,56.24,19.33,15087.349,233.95,441.9,12028.8,308.4,141.986,70.5,14537.71,323.462
1994-08,49.46,,,135.68,,51.25,3515.0,76.305,222.57,,50.12,84.8708,,,,65.222354,168.416,49.0947,,234.19,227.25,1682.05,5606.1,2989.6,288.07,,666.49,,20466.0,386.64,16.83,604.06,146.07,604.1,90.56,84.2273946,53.506623,,48.84493,,,,,198.54,27.5,2714.56,,168.018,924.1,1464.3,131.04,59.31,18.89,11803.324,247.81,430.0,11866.2,312.69,140.254,61.34,15948.92,294.803
1994-09,49.26,,,139.41,,51.03,3419.0,77.895,218.95,,48.94,84.6458,,,,64.095465,171.798,48.2036,,236.11,223.82,1665.7,4877.3,2778.5,281.48,,706.03,,19431.0,381.79,17.3,587.3,151.11,587.34,90.404,83.6498794,52.094754,,46.96115,,,,,196.73,26.37,2629.26,,165.15,940.1,1502.8,127.42,58.29,17.75,10782.251,258.91,432.9,10839.5,292.12,137.318,63.73,16968.73,273.46
1994-10,49.4,,,144.72,,50.35,3437.0,77.299,233.91,,49.12,84.6458,,,,63.7427,177.045,48.6114,,241.0,250.76,1494.62,5303.5,2839.7,284.13,,679.67,,19677.0,380.46,17.86,598.96,154.76,599.01,90.656,83.5215426,51.677611,,46.67932,,,,,205.88,27.83,2629.26,,169.648,910.1,1397.9,138.8,62.17,17.63,10887.576,253.87,429.1,10765.3,295.72,140.325,62.65,16169.71,265.008
1994-11,51.18,,,138.62,,50.5,3088.0,75.971,251.19,,50.32,84.2934,,,,63.096626,169.588,49.822,,235.53,231.16,1247.86,5233.9,2826.0,270.5,,663.44,,18791.0,362.62,20.52,575.51,146.37,575.55,90.821,82.8779895,51.440227,,46.84827,,,,,199.25,26.85,2583.22,,163.8,900.2,1299.9,157.88,70.01,17.2,8674.315,219.03,414.3,10375.0,300.8,135.211,62.51,15647.09,238.239
1994-12,51.7,,,138.76,,50.63,3219.0,74.538,285.97,,49.55,84.0307,,,,63.126189,172.06,49.0309,,233.02,246.26,1310.33,4849.8,2807.2,271.49,,666.0,,19360.0,370.47,21.16,581.03,148.27,581.08,90.675,82.6261788,51.682641,,47.37079,,,,,205.01,26.35,2675.9,,166.949,900.0,1284.8,165.47,74.05,16.64,8756.32,228.41,428.6,10687.4,294.38,146.118,61.37,16338.9,272.52
1995-01,50.55,,,139.87,,50.64,3428.0,74.109,295.85,,50.29,84.6467,,,,63.934236,174.451,49.6243,,232.26,226.53,1206.73,4649.8,2717.8,273.48,,624.59,,18351.0,364.64,19.7,594.7,150.68,594.74,90.9,83.4655477,52.587653,,48.47556,,,,,203.09,27.98,2658.52,,163.182,876.6,1218.4,162.72,69.94,16.58,6598.751,228.41,423.1,10948.7,287.04,148.586,63.73,15199.45,274.43
1995-02,49.41,,,140.28,,52.85,3510.0,75.113,330.35,,50.63,85.1191,,,,65.2672,181.945,49.5473,,238.71,210.97,1390.32,4529.4,2733.7,285.33,,584.35,,16681.0,379.99,20.34,615.29,156.44,615.34,91.086,84.3442874,53.965284,,49.65894,,,,,196.63,28.1,2712.8,,159.302,878.0,1179.6,156.64,72.04,16.32,7211.893,230.38,418.8,10397.9,290.48,148.836,64.63,14279.76,275.122
1995-03,49.26,,,143.62,,52.84,3217.0,74.879,317.35,,51.29,85.1282,,,,65.296872,193.057,49.9877,,265.7,221.71,1275.65,3895.4,2861.1,288.52,,581.82,,15564.0,382.52,20.14,630.17,170.58,630.21,91.441,84.4090879,53.997764,,49.88398,,,,,222.23,27.76,2802.47,,144.007,908.7,1372.1,166.57,69.78,17.32,7909.071,240.24,449.0,10626.9,295.23,133.19,67.01,14115.27,254.077
1995-04,48.86,,,142.77,,53.7,3399.0,77.256,367.76,,51.92,85.3194,,,,65.870519,191.309,50.3065,,272.47,210.07,1321.22,3690.9,2920.0,293.56,,605.81,,16442.0,391.75,18.03,645.6,168.38,645.65,91.46,84.8108507,54.728561,,50.57411,,,,,207.0,30.63,2785.14,,152.385,895.3,1477.1,156.96,71.06,16.8,7377.337,245.72,448.9,11325.8,292.25,135.888,71.61,14685.17,250.528
1995-05,48.19,,,140.93,,55.21,3288.0,76.656,382.35,,53.25,85.6926,,,,68.029169,187.442,52.2382,,270.65,219.67,1167.21,3313.4,3014.3,299.22,0.015683,651.25,,15183.0,400.61,18.28,666.34,164.81,666.39,91.884,85.9773853,57.299294,,54.30016,,,,,201.47,29.95,2902.43,,146.088,886.1,1356.3,161.77,70.97,17.09,7326.164,268.17,438.3,12918.4,292.63,131.963,67.08,15616.07,261.461
1995-06,47.76,,,141.23,,55.05,3043.0,76.7,423.18,,52.19,85.8108,,,,68.128337,191.376,50.3319,,268.45,201.03,975.1,3541.2,2988.3,311.03,0.016552,823.52,,14093.0,414.47,18.44,677.86,166.87,677.91,91.647,86.0681676,57.478763,,54.72191,,,,,199.41,28.8,2967.6,,149.236,881.5,1280.1,172.24,71.34,17.25,6251.999,254.36,439.8,12349.7,293.74,138.815,62.26,18291.89,277.793
1995-07,49.74,,,141.78,,53.45,2918.0,77.038,372.68,,53.08,85.7289,,,,67.701915,190.98,51.2624,,256.72,209.29,1090.35,3122.4,3125.9,323.81,0.017322,841.54,,16191.0,436.55,17.95,697.68,166.56,697.73,91.923,85.9125407,56.858782,,53.60728,,,,,190.73,29.16,3007.63,,150.249,873.0,1276.8,170.47,73.72,17.97,6513.398,284.59,424.7,12451.3,302.61,140.886,63.45,19040.38,287.991
1995-08,50.7,,,137.75,,55.2,3085.0,78.535,417.72,,53.45,85.7927,,,,68.010201,179.9,51.7952,,231.81,209.26,1116.35,3513.2,3124.1,329.03,0.017404,804.03,,17477.0,442.92,18.56,697.31,158.75,697.36,92.042,86.0488224,57.417188,,54.57686,,,,,182.9,29.83,3149.49,,144.007,869.6,1346.6,171.02,72.94,17.86,6898.392,284.91,432.1,11680.1,306.02,135.432,65.3,18396.03,290.759
1995-09,51.11,,,140.42,,55.89,2986.0,78.662,445.97,,53.87,85.729,,,,68.23859,184.571,51.6422,,225.03,207.74,887.4,3247.7,3156.7,335.62,0.017269,857.61,,17415.0,444.89,19.29,722.79,164.98,722.84,92.081,86.1137551,57.810457,,55.34832,,,,,181.17,30.1,3342.48,,145.694,868.7,1370.3,170.63,74.44,18.57,6391.411,295.0,429.0,14515.5,317.32,138.124,65.48,19568.77,303.293
1995-10,51.44,,,140.53,,56.73,3027.0,78.662,422.57,,54.64,85.7381,,,,68.844317,187.041,52.3623,,219.12,223.08,919.95,2982.3,3161.1,324.37,0.0156,877.64,,17086.0,422.61,20.01,717.44,167.53,717.5,92.052,86.470885,58.48229,,56.66434,,,,,172.98,29.75,3564.96,,145.357,863.8,1339.1,161.68,73.63,19.7,6353.955,319.61,415.8,12937.8,331.3,141.647,67.01,19787.41,284.418
1995-11,50.33,,,136.2,,58.13,2945.0,77.785,430.58,,55.86,85.838,,,,69.638494,181.576,53.9909,,218.12,238.19,814.44,3041.2,3274.5,337.16,0.015203,846.29,,18179.0,441.53,20.79,746.2,160.93,746.25,92.239,86.8604165,59.415939,,57.81639,,,,,164.92,31.44,3547.23,,144.907,870.1,1297.0,168.71,68.8,20.05,6779.06,344.68,418.3,12657.4,332.15,140.3,70.16,19858.63,296.24
1995-12,50.35,,,138.23,,58.61,2832.0,77.51,410.13,,56.52,85.838,,,,70.134778,182.832,54.6381,,214.25,219.19,737.15,3015.7,3284.2,331.88,0.015351,872.94,,19301.0,447.11,21.98,752.45,163.84,752.51,92.2,87.1200694,60.054644,,58.93845,,,,,160.16,34.27,3878.06,,131.974,869.0,1282.2,164.55,68.88,21.87,9392.779,380.84,405.8,12300.8,355.15,137.811,77.03,20550.67,298.081
1996-01,50.6,,,134.65,,58.81,2796.0,76.992,433.61,,57.05,85.9286,,,,70.422622,176.081,54.438,,206.12,229.55,998.92,3131.8,3335.6,337.21,0.016678,886.92,,20119.0,446.06,23.03,776.18,155.32,776.23,92.328,87.4641097,60.18566,,58.68068,,,,,161.15,32.46,3875.44,,127.306,909.9,1376.0,156.7,66.27,21.75,9971.624,354.5,427.2,11805.0,352.29,132.154,71.69,20841.53,282.488
1996-02,51.97,,,136.49,,57.17,2800.0,77.077,417.51,,55.22,85.8018,,,,69.021898,177.782,52.461,,208.81,230.9,921.84,2851.7,3300.1,345.35,0.016569,932.45,,19219.0,453.21,23.66,776.54,156.58,776.6,92.318,86.6205036,58.364875,,55.69094,,,,,169.97,35.06,4055.86,,129.387,893.6,1352.7,159.62,64.69,21.62,9347.875,362.45,418.3,12478.8,350.09,132.309,80.78,20823.01,309.24
1996-03,53.33,,,136.18,,56.84,2884.0,77.912,419.31,,55.18,85.6388,,,,68.096698,177.103,51.8867,,204.24,235.07,918.26,2961.4,3290.4,349.7,0.017383,943.14,,20627.0,462.84,24.04,784.67,157.45,784.72,92.19,86.0366327,57.393225,,54.30552,,,,,172.54,37.74,4261.65,,126.575,881.2,1351.5,161.28,67.77,21.68,10235.103,370.99,410.3,12748.2,352.91,129.257,92.24,20729.59,322.212
1996-04,53.66,,,134.51,,56.42,2996.0,77.732,420.39,,55.65,85.5664,,,,67.440105,170.385,52.6625,,207.64,245.84,989.01,3433.4,3390.7,357.45,0.018263,1143.22,1029.85,21202.0,484.25,22.21,789.0,150.16,789.06,92.308,85.6733352,56.652136,,53.17891,,,,,160.9,41.87,4921.94,,120.952,870.3,1290.5,168.37,72.27,21.96,9821.78,403.36,404.6,13150.8,369.77,118.654,99.77,24915.48,350.997
1996-05,54.54,,,138.38,,56.91,3013.0,77.257,391.55,,55.21,85.4394,,,,66.891154,171.01,52.3949,,200.77,227.07,922.66,3652.7,3314.4,359.86,0.0186,1098.3,1063.72,21049.0,499.8,23.96,803.58,149.05,803.64,92.181,85.3805856,56.073675,,52.65759,,,,,161.8,37.49,5196.89,,131.018,865.7,1305.8,162.51,69.86,21.54,10491.684,339.38,404.4,13449.1,366.63,127.543,97.01,23234.67,364.958
1996-06,53.83,,,138.6,,57.41,3001.0,77.51,353.22,,55.42,85.512,,,,67.519661,170.769,53.4123,,197.3,224.91,978.89,3240.8,3279.4,352.96,0.018612,1050.38,1041.43,21610.0,475.23,25.17,808.33,148.27,808.39,92.652,85.6991456,56.83366,,53.63698,,,,,162.95,39.19,5263.51,,135.123,837.6,1203.7,132.09,66.62,21.5,12406.995,362.18,392.1,13391.5,354.01,130.113,106.99,21084.3,339.976
1996-07,53.08,,,138.86,,57.76,2890.0,76.909,358.66,,56.2,85.4666,,,,67.310159,176.493,53.5847,,201.92,219.0,857.59,3581.7,3285.6,329.86,0.018928,951.05,973.02,19668.0,431.97,26.41,767.24,154.88,767.3,92.623,85.6016272,56.635403,,53.43804,,,,,161.25,39.9,4687.87,,138.665,851.4,1230.7,136.18,64.15,21.43,9179.044,326.89,406.0,14247.9,349.1,129.507,107.94,19227.13,394.168
1996-08,54.23,,,139.51,,58.39,2842.0,77.194,370.66,,56.26,85.4297,,,,66.847454,175.12,53.6459,,196.85,222.59,1036.39,4291.4,3439.9,346.33,0.01943,929.76,1011.64,19220.0,453.77,26.6,777.93,153.94,777.99,92.652,85.4252691,56.099988,,52.51282,,,,,152.33,41.85,4932.77,,142.039,847.5,1236.2,141.5,65.58,24.04,7664.831,320.74,397.7,13760.4,381.43,136.449,120.46,19610.46,385.347
1996-09,54.37,,,139.77,,59.87,2895.0,77.466,365.67,,57.69,85.6753,,,,67.668528,169.578,54.7969,,191.68,225.13,902.29,3838.1,3513.3,360.24,0.019973,880.42,1118.26,20503.0,468.79,24.54,818.41,147.16,818.46,92.426,85.8617438,57.030281,,53.69617,,,,,144.2,42.99,4258.32,,147.887,824.1,1148.3,133.85,61.05,23.61,8212.152,283.67,383.6,13072.1,363.9,139.432,135.65,18864.11,423.393
1996-10,54.5,,,145.26,,62.68,2844.0,78.781,348.13,,58.24,85.9117,,,,68.719904,169.964,55.1597,,186.32,212.72,1027.18,4917.1,3527.4,360.39,0.019203,801.47,1141.7,19548.0,461.97,23.21,840.01,144.88,840.07,92.122,86.4741114,58.276209,,55.57108,,,,,140.59,44.75,3817.06,,146.425,821.0,1132.1,135.63,57.01,20.75,9384.257,272.89,381.0,13332.8,319.3,136.415,131.6,16062.62,401.965
1996-11,56.11,,,150.19,,64.37,2882.0,78.003,359.28,,60.01,85.9936,,,,69.52174,167.468,56.4408,,185.89,207.07,1062.56,5016.9,3585.6,378.63,0.019784,843.68,1258.37,20057.0,480.07,24.02,897.54,140.65,897.6,91.964,86.7934622,59.322995,,57.17051,,,,,138.82,46.45,3888.81,,148.787,808.1,1110.6,162.44,58.0,22.53,12025.283,263.28,376.9,14088.8,340.18,136.85,135.0,17163.35,441.11
1996-12,54.8,,,153.28,,62.85,2796.0,76.681,354.94,,59.5,85.8935,,,,68.47781,167.129,55.8063,,181.68,164.3,1152.8,5432.6,3619.5,375.06,0.020149,835.38,1229.62,18373.0,483.86,24.79,873.0,136.55,873.06,91.954,86.3108778,58.043121,,55.56702,,,,,147.69,50.24,3705.85,,153.06,795.6,1111.8,155.38,56.8,22.16,10691.023,252.48,370.0,14735.8,329.54,139.644,150.16,17333.85,446.036
1997-01,52.65,,,143.02,,62.51,2674.0,77.853,353.99,,60.04,85.8662,,,,68.407546,156.688,56.3297,,172.67,179.06,1374.68,5355.8,3741.5,388.51,0.020772,835.94,1375.24,17368.0,493.87,23.55,923.42,128.13,923.48,92.309,86.330442,57.860282,,54.98113,,,,,150.91,48.38,3878.05,,156.715,742.2,1141.9,160.81,58.32,24.1,10474.008,261.62,348.2,16406.4,353.74,140.842,143.2,16356.33,425.123
1997-02,53.74,,,145.83,,63.35,2553.0,76.545,348.85,,60.91,85.7842,,,,68.075039,151.647,57.0098,,173.96,158.27,1791.41,4992.6,3760.8,382.66,0.020789,899.87,1259.46,17529.0,479.93,24.9,926.82,123.17,926.89,92.368,86.1147051,57.590263,,54.71485,,,,,182.01,43.2,4222.33,,156.265,783.2,1232.2,177.53,59.41,26.5,8062.753,302.65,391.5,16220.5,378.88,146.744,121.5,17026.81,423.559
1997-03,54.3,,,146.91,,62.02,2884.0,75.474,329.11,,59.51,85.5975,,,,67.129692,152.703,55.5443,,168.37,152.77,1936.26,4999.1,3767.0,364.64,0.021159,961.03,1177.96,16879.0,455.65,24.49,880.39,125.18,880.46,92.23,85.5593792,56.420409,,53.12016,,,,,173.38,43.8,4433.26,,157.109,754.3,1166.7,180.89,57.65,29.45,8270.267,312.9,365.7,15527.5,408.73,146.158,121.81,18036.4,418.764
1997-04,53.96,,,145.47,,62.67,2702.0,74.642,332.01,,60.22,85.6567,,,,67.763275,147.613,56.3726,,163.16,148.27,2342.79,5296.1,3888.4,372.23,0.021384,1038.21,1288.35,18450.0,455.65,25.24,932.43,122.89,932.49,92.329,85.9317742,57.205883,,54.142,,,,,183.36,43.43,4183.26,,170.323,727.0,1068.0,180.19,60.21,30.18,9176.088,301.58,364.0,15108.2,422.9,145.428,119.94,19329.04,427.331
1997-05,52.55,,,147.07,,63.46,2835.0,75.578,326.6,,59.93,85.7888,,,,67.954628,149.445,57.4083,,177.51,149.54,3077.69,5097.8,4036.0,404.49,0.021694,904.02,1410.54,19114.0,502.81,25.72,987.94,127.65,988.02,92.309,86.1083193,57.490799,,54.51496,,,,,206.61,44.45,3862.29,,176.171,734.9,1063.9,192.73,56.22,30.57,9411.305,302.03,394.1,15454.3,419.8,145.432,124.04,16074.09,409.075
1997-06,52.09,,,149.17,,64.27,3211.0,75.183,331.49,,61.04,85.8938,,,,68.297274,145.766,57.9489,,179.33,143.54,2126.51,5064.3,3995.7,414.21,0.022003,863.56,1397.88,19517.0,521.7,25.84,1023.59,122.98,1023.66,92.012,86.3309399,57.944011,,55.22981,,,,,208.88,41.45,3645.71,,181.907,709.1,1047.3,184.61,51.65,24.81,8916.287,296.06,420.7,14419.3,330.77,144.368,115.58,14500.42,433.18
1997-07,51.57,,,147.07,,66.65,2836.0,75.173,325.2,,61.96,86.0626,,,,69.647699,137.802,58.7118,,172.32,142.51,2275.76,4687.8,4265.5,452.11,0.022652,941.41,1611.94,19309.0,543.47,26.97,1101.43,118.17,1101.51,91.844,86.9464202,59.622574,,58.05812,,,,,239.57,45.45,4066.95,,183.818,687.5,1011.7,179.26,52.92,26.81,9095.83,342.62,433.6,14411.8,351.83,150.471,116.59,15798.81,439.869
1997-08,50.62,,,145.47,,65.86,3133.0,74.501,315.36,,61.45,86.0352,,,,68.820991,139.9,58.2504,,168.26,127.93,2568.37,4865.2,4184.8,448.97,0.022998,1006.44,1563.12,17252.0,554.65,26.78,1038.36,119.49,1038.44,91.824,86.6256261,58.564761,,56.2553,,,,,229.68,46.72,4053.86,,176.846,685.0,1040.1,163.46,52.43,29.55,11205.655,341.1,415.5,13762.4,338.9,143.174,112.37,16524.56,412.359
1997-09,50.1,,,145.3,,67.01,3064.0,74.749,310.37,11.61,62.45,86.1084,,,1216.51,69.447371,143.397,60.8806,,168.31,131.87,2319.96,4188.7,4564.0,472.22,0.023485,945.13,1582.67,16698.0,590.16,25.68,1085.84,122.55,1085.92,91.873,86.9339724,59.339338,,57.51824,,,,,236.26,47.57,3880.72,,177.296,704.9,1161.5,159.67,53.93,28.55,12138.759,322.55,450.2,15094.9,336.73,143.696,120.44,14857.43,393.095
1997-10,48.33,,,150.75,,68.29,2925.0,73.104,313.71,12.07,62.37,86.1952,,,1177.64,70.093957,146.137,60.5618,8132.5,167.65,123.45,2122.22,4184.5,4156.1,452.78,0.021784,943.31,1471.73,15543.0,563.3,27.52,1051.14,126.58,1051.22,91.953,87.2816821,60.214947,,59.10861,,,,,250.7,47.26,4211.95,,176.34,653.0,1051.6,149.38,56.98,32.33,13530.772,322.55,421.7,15422.0,373.75,144.606,119.65,15119.56,385.657
1997-11,46.91,,6481.4,152.1,,67.48,2801.0,72.261,302.04,12.21,63.06,86.0398,,,1217.15,69.891896,142.492,60.8798,8018.17,157.28,139.54,2396.98,4437.0,4169.0,453.63,0.022679,919.4,1503.12,15713.0,557.62,27.19,1086.29,123.75,1086.37,91.576,87.0192265,60.147216,,59.49838,,,,,254.07,44.85,4100.5,,179.77,622.5,1161.3,140.31,57.85,33.98,9746.468,304.35,399.9,15229.7,385.56,144.177,107.64,14436.44,386.572
1997-12,44.82,,6893.3,149.11,,67.77,2886.0,71.759,286.41,12.63,63.62,86.1129,,,1233.81,70.235395,139.609,61.5622,8104.75,153.07,140.64,2511.38,3862.3,4397.5,467.71,0.023391,862.53,1410.56,14399.0,562.1,27.15,1101.33,120.28,1101.41,91.824,87.2554956,60.569124,,60.21692,,,,,248.74,41.75,3870.46,,170.267,604.4,1312.5,127.35,55.77,30.3,8699.607,289.83,386.7,15220.6,361.96,139.607,97.7,13145.13,368.834
1998-01,47.26,,7182.5,147.49,,68.84,2755.0,70.397,283.21,13.76,65.04,86.2866,,,1244.84,71.104244,136.984,62.7532,7025.11,156.61,173.32,2700.76,3975.4,4630.0,457.73,0.022542,885.04,1519.23,15917.0,548.99,24.95,1111.12,118.75,1111.2,91.913,87.7477229,61.41294,,61.12291,,,,,288.6,41.33,3987.3,,176.565,632.2,1342.6,129.3,55.27,29.46,8655.536,286.45,407.0,14581.2,360.08,135.53,94.08,13609.19,367.725
1998-02,46.75,,7582.8,148.85,,68.45,2790.0,71.984,278.43,13.76,65.69,86.1496,,,1323.92,70.498196,137.859,62.2499,8659.56,157.26,167.15,2567.1,3838.9,4904.9,493.31,0.022615,869.37,1685.78,16087.0,589.36,22.55,1181.65,119.34,1181.73,91.784,87.3670728,60.839041,,60.35649,,,,,281.96,37.69,3832.1,,167.23,622.9,1420.8,124.13,59.16,26.92,8746.485,271.19,402.3,14193.9,351.8,129.304,83.24,13249.9,312.845
1998-03,45.53,,8184.1,151.51,,69.05,2855.0,72.179,281.03,13.92,65.87,86.0948,,,1384.63,70.376995,135.165,63.0329,8632.06,148.24,168.93,2315.38,3981.1,5002.1,514.86,0.022906,877.44,1716.69,15144.0,612.71,23.33,1235.84,114.12,1235.93,91.804,87.3211385,60.703993,,60.2469,,,,,317.85,36.95,3672.58,,164.925,626.1,1418.0,128.64,59.48,24.88,9359.406,248.4,427.3,13488.3,344.71,128.019,82.02,12544.8,343.695
1998-04,44.63,,8412.3,151.8,,69.03,2889.0,71.515,265.12,12.93,65.55,86.0902,,,1395.54,70.387095,138.822,63.2875,7703.6,147.85,167.49,2168.52,3731.5,5004.7,520.03,0.023312,830.16,1745.96,14827.0,612.71,19.72,1245.52,115.43,1245.61,91.854,87.3342626,60.670231,,60.23124,,,,,381.24,36.56,3469.73,9580.65,178.701,635.6,1355.6,134.2,61.41,23.74,8138.235,227.56,423.5,13676.8,341.37,135.269,79.14,11383.82,343.408
1998-05,42.8,,8904.7,148.29,,69.31,2867.0,70.206,287.74,15.2,66.3,86.1496,,,1360.01,70.57889,139.419,63.8774,6607.35,141.11,170.7,2185.84,3268.4,4953.5,493.22,0.022619,829.01,1656.69,14841.0,574.28,19.3,1213.92,116.47,1214.0,91.804,87.3998652,61.041217,,60.9839,,,,,382.82,34.93,3280.6,9348.47,167.68,603.9,1106.5,124.26,55.97,23.63,7798.926,231.57,389.4,14634.3,330.68,126.238,74.52,10741.42,350.263
1998-06,42.45,,9327.1,151.8,,69.24,2656.0,69.624,310.44,16.7,66.78,86.1542,,,1409.64,70.871665,137.419,63.1913,6401.32,140.13,162.66,1796.68,3520.4,4874.1,496.61,0.022439,812.3,1853.62,14860.0,575.43,19.51,1258.33,113.24,1258.42,91.259,87.4917131,61.429048,,62.03481,,,,,398.02,31.88,3429.37,9392.85,161.439,610.1,1194.5,117.86,54.55,24.9,8706.666,222.9,379.8,13364.6,343.96,123.81,65.12,10509.66,336.776
1998-07,41.6,,9346.1,148.8,,68.57,2617.0,67.553,284.7,18.34,67.41,86.1633,,,1384.98,70.740421,139.472,63.4006,5806.96,134.11,163.04,2106.46,3621.3,4853.4,473.39,0.023001,717.31,1889.22,15419.0,522.41,19.92,1236.31,115.14,1236.4,91.358,87.4720314,61.277288,,61.53288,,,,,423.39,28.49,2945.27,9257.63,150.811,585.6,1177.9,122.89,51.68,23.58,6431.712,184.54,397.7,13078.7,327.98,113.178,63.74,9230.23,295.515
1998-08,39.19,,7661.7,153.35,,67.76,2660.0,64.919,288.58,18.75,70.0,86.3733,,,1176.55,72.334478,140.908,65.3357,5168.31,137.06,170.37,2059.64,3460.3,4347.9,383.36,0.020653,723.96,1544.23,12739.0,418.8,17.17,1050.26,118.59,1050.33,91.635,88.3377211,63.182431,,63.8402,,,,,388.67,27.03,2576.16,7785.77,151.992,562.2,1000.4,113.17,50.0,21.36,5983.316,168.92,378.7,12976.3,299.17,111.431,58.23,8708.51,259.489
1998-09,40.82,,7009.8,155.41,,71.03,2492.0,66.756,294.55,20.32,70.99,86.6745,,,1252.55,74.179642,148.007,67.309,5711.44,140.68,146.06,1861.37,3208.2,4198.3,419.38,0.020933,767.83,1840.43,12678.0,450.34,16.13,1118.15,123.63,1118.23,91.902,89.1964508,65.508785,,66.08655,,,,,400.27,30.92,2698.83,8129.26,154.635,602.7,1146.2,116.98,51.14,21.07,7299.481,175.99,374.1,12740.2,304.58,112.533,69.51,9231.36,296.307
1998-10,42.82,,7437.3,153.38,,70.35,2482.0,66.154,271.33,22.62,69.96,86.7065,,,1349.3,73.977985,149.066,66.3804,7700.64,165.07,171.06,1947.23,3269.6,4467.6,453.34,0.021927,821.83,1911.04,13030.0,469.76,16.26,1204.47,125.8,1204.55,92.159,89.2161164,64.90191,,64.79843,,,,,394.36,28.91,2827.97,8912.8,167.23,592.1,1078.4,114.84,52.02,23.31,6035.849,179.92,353.6,12429.4,326.29,118.456,61.43,10088.5,274.304
1998-11,43.01,,7948.4,151.23,,70.78,2312.0,66.583,259.85,26.46,71.17,86.5627,,,1419.19,73.180205,145.374,67.9525,7870.18,154.84,172.15,2017.19,3517.9,4740.9,471.33,0.022455,851.16,2106.63,14076.0,490.28,17.36,1266.91,121.36,1267.0,92.139,88.7833464,64.210037,,65.27126,,,,,391.18,22.55,2831.65,9374.68,158.571,590.9,1032.6,111.94,53.77,24.05,5004.453,169.05,373.5,11904.8,340.79,114.401,46.93,9553.12,213.1
1998-12,41.65,,7922.6,152.61,,71.47,2212.0,66.532,245.45,26.49,71.74,86.4581,,,1505.27,72.89882,147.462,69.0366,7589.53,167.0,148.12,2157.35,3700.7,4753.6,522.19,0.023448,825.87,2474.48,13070.0,518.27,16.57,1343.64,122.89,1343.74,92.57,88.6981731,64.109158,,64.35838,,,,,475.42,23.09,2628.51,9472.18,154.747,579.1,1061.2,105.28,47.79,22.27,4822.186,151.79,382.1,11919.4,308.12,110.301,48.2,8968.74,190.232
1999-01,43.14,,8131.4,151.52,2866.51,71.37,2135.0,67.552,246.75,22.76,72.87,86.4535,,,1548.77,72.959117,142.685,69.7207,7059.16,162.36,147.69,1903.6,4111.3,4803.8,503.86,0.023259,825.3,2854.2,13971.0,520.4,14.99,1382.48,119.07,1382.58,92.482,88.6588624,64.125971,82.02,64.46856,95.84,,,,480.43,23.41,2640.82,9579.53,163.294,573.1,1106.6,101.05,44.89,20.84,4350.357,152.86,361.0,10891.8,288.48,113.272,50.88,8944.39,246.505
1999-02,42.31,,7679.3,147.49,2748.97,69.21,2004.0,67.562,231.36,22.02,71.04,86.3079,,,1493.18,70.834075,138.128,67.2285,7343.02,158.2,120.44,1851.29,4002.3,4988.5,475.6,0.024467,725.58,2575.92,13709.0,479.39,13.88,1332.85,116.03,1332.95,92.727,87.78748,61.65541,81.16,61.14412,95.37,,,,506.95,21.27,2521.07,9511.03,166.837,573.3,1184.0,97.67,36.39,19.94,3924.768,147.43,397.2,9368.7,258.3,118.407,48.47,7763.07,246.361
1999-03,43.47,,7571.2,148.5,2812.92,70.64,1869.0,67.644,238.78,21.86,71.21,86.4672,,,1547.96,71.13329,134.68,67.4527,8180.56,157.59,122.6,1973.63,4046.7,5081.3,486.16,0.026174,764.99,2805.34,15145.0,481.64,13.1,1381.91,112.84,1382.01,92.913,88.0366341,61.621829,81.71,60.93878,95.76,,,,518.68,28.93,2703.93,9970.46,162.113,556.3,1045.2,96.9,38.53,21.73,4760.898,158.53,377.0,9122.8,272.82,115.02,66.29,8754.93,236.554
1999-04,45.29,,8393.5,148.3,2973.52,70.1,1552.0,69.981,245.97,22.69,72.06,86.4672,,,1599.73,70.943787,132.311,66.7514,10077.06,156.36,122.88,1839.48,4123.4,5281.6,522.86,0.027139,720.49,2844.95,15949.0,523.4,10.73,1428.07,109.64,1428.18,92.698,87.9382837,61.621829,82.12,60.74924,95.97,,,,445.99,29.23,2560.13,10958.89,166.612,567.9,1136.5,110.9,39.11,20.8,5245.923,170.15,368.2,9515.9,269.19,113.619,73.85,8043.92,266.942
1999-05,44.61,,7886.3,147.6,2928.79,69.19,1331.0,69.236,230.15,24.55,70.95,86.3282,,,1552.75,69.835122,129.817,65.5097,9196.54,153.21,135.45,2150.77,4300.8,5023.4,523.72,0.026328,708.89,2752.2,15231.0,532.83,12.39,1386.08,108.75,1386.18,92.619,87.446193,60.209028,81.73,59.61065,95.86,,,,492.23,25.99,2568.91,10692.27,169.873,533.8,1024.5,95.73,35.83,20.55,5421.688,176.98,379.5,8892.8,255.5,115.524,67.12,7571.19,238.11
1999-06,45.55,,8332.6,145.62,3078.86,68.77,1556.0,69.644,215.72,25.5,68.97,86.3054,3555.33,,1637.44,69.850773,128.94,63.9863,10191.8,153.07,125.03,1764.24,4970.8,5071.1,547.78,0.027758,748.12,3041.74,16945.0,553.14,14.44,1461.74,107.07,1461.85,92.766,87.393657,60.023458,80.44,58.81775,95.2,,,,462.82,29.63,2499.52,11086.65,167.68,517.3,1099.3,115.1,32.83,21.23,5444.781,168.76,364.0,9143.6,249.27,115.202,76.46,7567.48,193.329
1999-07,44.57,,7916.7,149.63,2944.23,67.73,1499.0,67.798,210.65,31.24,67.7,86.2279,3478.17,,1578.19,69.444646,133.155,62.6527,9974.48,161.12,118.15,1585.03,4840.0,4986.0,533.67,0.027986,716.38,2975.6,16821.0,533.62,13.88,1408.95,110.95,1409.05,92.551,87.2163479,59.551098,79.57,58.342,94.83,,,,488.9,32.27,2349.26,10732.84,172.91,503.4,1136.3,114.5,29.99,20.62,5690.844,158.14,355.2,9000.1,235.94,118.376,80.89,7553.16,214.454
1999-08,43.77,,8178.0,148.17,3105.51,67.49,1366.0,68.278,201.25,29.78,67.35,86.0609,3656.17,,1563.97,69.504177,131.296,63.6488,10199.3,167.72,142.75,1533.03,4442.9,4980.8,513.36,0.028591,715.36,3127.87,16726.0,512.91,15.83,1396.25,108.88,1396.36,92.59,87.0911891,59.380871,79.45,58.05517,94.78,,,,493.61,35.06,2388.98,10885.62,175.323,500.5,1081.8,117.11,33.79,22.47,6249.068,157.52,362.4,8368.1,263.03,122.375,86.75,7603.33,226.575
1999-09,44.61,,7921.8,151.67,3086.44,67.7,1478.0,69.469,208.47,28.2,66.82,86.0975,3679.45,,1521.25,69.846265,132.034,61.69,9514.5,171.85,135.83,1406.77,4001.5,4812.0,497.74,0.028952,696.97,3147.92,16693.0,508.84,15.43,1357.87,109.49,1357.96,92.275,87.3147021,59.796596,79.32,58.03925,94.72,,,,533.23,38.49,2269.12,10387.93,179.736,582.5,1163.7,122.21,32.27,23.42,5696.06,153.13,404.8,8382.1,267.52,124.823,96.24,7428.24,236.766
1999-10,43.48,,8508.7,151.52,3283.91,66.51,1256.0,69.255,207.32,25.49,66.85,86.0471,4004.62,,1612.65,69.514238,130.065,62.5593,9927.04,174.73,141.15,1709.62,4256.7,4975.7,518.21,0.028735,688.56,3426.11,17179.0,511.57,15.32,1439.45,107.4,1439.56,92.325,87.1109109,59.576007,78.97,57.86414,94.44,,,,568.16,34.8,2173.78,10761.24,176.3,584.1,1073.5,119.1,31.46,22.79,5709.347,149.75,415.5,7741.1,256.87,123.652,85.33,6889.47,236.258
1999-11,43.47,,9054.1,147.3,3607.44,65.91,1223.0,69.102,193.95,23.08,67.04,86.0426,4485.2,,1630.52,69.076446,124.282,63.002,11447.13,177.88,151.87,2227.93,4551.7,5239.9,542.11,0.029626,662.43,3837.27,17623.0,535.97,12.87,1455.45,102.52,1455.56,92.423,86.8241428,59.20791,79.16,56.94312,94.45,,,,575.03,39.11,2063.9,10838.89,182.088,566.6,1079.3,118.76,32.36,23.07,4221.042,138.5,433.7,7714.2,253.41,124.972,97.3,6324.6,267.091
1999-12,44.86,,10703.8,149.09,4010.57,65.51,1137.0,70.28,194.68,22.04,66.0,85.8824,5585.87,,1716.61,68.400401,124.172,61.6409,12586.94,176.33,136.87,2083.93,4515.5,5471.6,572.34,0.029814,644.2,4779.19,17985.0,596.5,13.63,1532.03,102.18,1532.14,92.285,86.4500767,58.220953,78.65,55.64288,94.21,,,,653.44,39.7,2105.08,11435.05,182.623,560.1,1123.2,125.29,29.95,22.84,4260.251,135.7,444.3,6951.5,245.65,124.169,103.43,6299.25,259.127
2000-01,43.28,,10446.3,148.78,3769.56,64.36,1082.0,70.199,222.0,20.91,65.29,85.7451,5375.32,,1620.33,67.59351,118.917,60.5952,11557.1,166.99,127.71,1838.95,4546.8,4928.9,553.04,0.02972,645.72,4598.8,18565.0,579.89,12.07,1446.15,97.5,1446.25,92.305,85.8583721,57.566146,78.33,56.42685,94.01,,,,705.08,44.02,2264.63,10839.94,182.623,548.6,1095.2,123.33,31.0,25.05,4803.187,139.12,478.8,7426.1,265.65,124.709,114.17,6495.71,270.584
2000-02,42.17,,11710.6,145.44,4135.07,65.95,1020.0,70.016,216.62,20.36,65.72,85.9059,6399.8,,1586.79,68.085616,118.184,61.9413,12550.03,162.21,136.86,1619.41,4331.6,4901.4,592.73,0.030792,628.79,5475.28,19084.0,678.15,10.81,1416.21,97.03,1416.32,92.364,86.0621354,58.165668,78.7,58.18658,94.13,,,,1041.74,52.0,2222.65,10018.58,177.755,563.9,1045.2,114.34,29.04,25.29,4956.46,138.3,496.4,6727.6,262.13,123.195,130.85,6292.1,260.816
2000-03,41.4,,11497.8,146.79,4172.2,66.97,1049.0,70.005,215.18,19.31,67.31,85.8277,6538.78,,1729.99,69.071729,116.719,62.9507,12883.62,173.78,135.61,1672.63,4195.9,5120.3,635.01,0.031583,642.04,5594.0,19393.0,629.2,12.78,1543.9,96.51,1544.02,92.403,86.3005346,59.804406,79.49,60.03011,94.43,,,,873.74,50.86,2341.72,10759.42,179.468,534.2,1032.3,115.35,33.59,26.34,5240.134,143.28,523.6,7085.8,279.82,125.623,123.12,6371.06,292.185
2000-04,39.77,,11280.0,142.99,4288.66,65.97,977.0,68.445,200.2,18.71,67.07,85.7128,5588.95,,1666.91,68.425278,110.768,63.056,11413.72,163.43,132.37,1535.42,3870.3,4952.7,606.61,0.031301,617.83,4781.57,17327.0,587.26,14.14,1487.56,92.87,1487.67,92.581,85.9803985,59.118422,79.16,59.33879,94.17,,,,910.57,49.85,2214.14,10508.61,181.23,521.5,1016.2,112.73,32.45,26.08,5568.981,145.59,535.2,6277.1,270.19,126.169,120.95,5906.47,306.165
2000-05,38.99,,10779.6,137.97,4274.31,66.6,1063.0,67.736,224.71,17.49,67.33,85.5864,4877.5,,1623.81,68.524671,113.804,63.2251,10932.33,163.38,135.03,1457.08,3728.4,4939.6,600.39,0.031129,621.15,4172.89,15490.0,548.61,16.08,1449.05,94.84,1449.15,92.641,85.9327101,59.100829,79.12,58.84153,93.77,,,,858.57,60.85,2147.34,10255.86,177.944,516.6,1006.0,115.35,28.53,26.89,7668.3,135.13,578.8,6300.1,259.3,122.116,136.56,6370.18,274.31
2000-06,40.64,,10392.1,139.59,4303.17,67.39,1025.0,68.395,188.16,16.93,67.22,85.9049,5512.21,,1651.08,69.523029,115.634,63.1918,11889.75,165.17,142.22,1323.3,3458.5,4883.0,604.46,0.03054,608.91,4715.91,16646.0,594.91,18.17,1473.49,97.31,1473.6,92.759,86.5874355,60.140866,79.24,59.89914,93.9,,,,954.47,65.27,1795.4,10126.82,181.46,548.0,1019.3,115.72,28.39,25.7,7911.148,117.55,597.2,5454.7,247.0,121.163,157.9,6033.12,282.932
2000-07,39.44,,10873.6,137.95,4345.6,67.26,1013.0,68.051,205.3,13.74,67.43,86.011,5223.38,,1618.47,69.654681,112.254,62.9918,12359.1,159.08,127.79,1308.17,3084.7,4870.7,612.01,0.03238,551.07,4468.81,15135.0,576.02,22.28,1444.18,95.02,1444.29,92.749,86.7306567,60.388949,79.12,60.66831,93.72,,,,1206.36,58.74,1653.23,10148.9,180.725,520.8,1010.3,122.81,27.38,23.63,6678.438,120.67,638.1,5302.2,228.54,121.279,137.25,5477.07,276.719
2000-08,39.25,,10855.7,133.37,4396.63,68.09,926.0,68.718,216.64,14.22,67.07,86.1657,5912.23,,1710.97,70.236028,107.305,62.4471,12506.32,162.05,121.73,1135.42,2736.7,5137.2,672.48,0.033184,563.28,5058.15,16171.0,611.36,22.62,1526.79,90.77,1526.9,92.759,87.0306978,61.152465,78.82,61.7835,93.67,,,,1060.54,70.12,1682.92,10808.34,177.321,518.8,998.5,124.23,27.53,27.58,8475.927,110.55,645.9,5516.7,254.22,118.062,168.24,5538.54,254.924
2000-09,36.9,,10156.1,135.59,4154.42,67.92,928.0,67.175,207.29,13.56,67.53,86.2351,5143.95,,1611.2,70.576022,106.336,63.0877,11400.41,159.12,119.3,1182.43,2624.6,4820.9,664.99,0.03254,575.7,4400.86,14918.0,592.14,20.35,1437.65,91.32,1437.75,92.987,87.2624706,61.238393,79.42,60.68778,94.03,,,,1054.79,65.17,1693.63,10205.95,180.925,509.3,979.3,127.77,26.69,27.32,8989.544,107.99,632.1,5623.6,246.92,121.575,160.87,5471.44,281.261
2000-10,35.5,,10525.5,133.15,4229.42,67.46,879.0,66.277,208.75,12.08,67.63,86.2628,4687.94,,1596.23,70.674729,102.25,63.2826,10889.16,156.98,113.65,1059.92,2363.4,4921.7,635.66,0.032406,560.18,4010.72,13993.0,561.94,21.32,1424.3,87.55,1424.4,93.057,87.3101885,61.534369,79.57,61.41826,94.02,,,,1153.94,68.77,1764.28,10441.84,184.031,489.9,945.7,117.78,24.73,27.37,7628.769,110.81,644.7,5735.0,231.3,125.015,171.14,5259.81,265.563
2000-11,35.88,,9455.8,130.85,3887.81,69.11,810.0,65.752,216.69,12.35,68.9,86.4173,3594.09,,1464.62,71.650617,104.894,64.5328,10174.56,154.23,125.97,954.51,2450.0,4660.5,588.41,0.033192,555.66,3074.89,13813.0,504.34,21.0,1306.91,90.71,1307.0,93.196,87.8138954,62.908541,80.54,63.12877,94.48,,,,1208.53,68.97,1782.73,9885.74,183.2,497.8,927.9,116.31,25.02,30.86,11221.204,101.5,675.7,5588.0,248.88,123.483,182.14,5264.62,280.538
2000-12,37.93,,9490.9,137.0,3883.53,69.56,842.0,67.233,197.45,12.54,69.48,86.8001,3314.09,,1457.84,72.670282,112.797,64.4993,10874.08,147.68,121.58,872.64,2144.2,4669.3,627.63,0.032737,555.66,2835.34,12982.0,541.13,21.97,1300.9,96.68,1301.0,93.334,88.4602362,64.024753,81.65,64.33946,95.18,,,,1410.12,62.4,1873.69,10164.79,188.611,498.3,903.9,115.96,24.2,31.31,16824.052,105.42,687.1,5317.3,246.38,129.945,146.13,5375.2,281.281
2001-01,37.29,,9932.6,134.03,3905.22,69.63,1133.0,67.223,194.53,12.72,69.75,87.4826,3644.18,,1499.33,73.043062,111.72,64.6501,11501.57,144.67,118.15,848.68,2148.1,4737.1,637.24,0.03285,546.32,3117.74,13062.0,565.54,21.43,1337.83,95.03,1337.93,93.562,89.0997733,64.244179,81.58,63.99355,95.17,,,,1558.38,65.1,1689.75,10188.16,174.292,483.7,939.0,116.31,23.69,27.3,10328.429,95.04,679.1,4939.3,222.09,129.135,163.31,5250.19,271.072
2001-02,35.72,,9074.0,132.49,3489.19,69.96,1242.0,65.542,175.92,14.08,69.98,87.6782,2669.98,,1356.28,73.534512,110.405,64.3395,10561.41,142.82,110.47,838.49,1935.6,4442.7,598.15,0.033141,538.75,2284.27,12282.0,526.07,20.06,1210.28,93.21,1210.37,93.522,89.3173139,64.895964,81.83,64.93939,95.18,,,,1246.65,64.84,1735.02,9815.15,179.676,483.4,871.4,111.28,25.29,25.96,9536.512,93.31,689.2,5204.7,220.28,136.783,157.55,5084.8,297.871
2001-03,32.94,,8454.5,129.94,3331.85,69.57,1172.0,63.851,148.96,15.27,70.42,87.9588,2188.31,,1263.6,73.85166,105.148,64.3561,9178.69,132.4,108.24,767.24,2029.8,4213.5,551.01,0.034306,521.29,1874.55,12442.0,497.92,17.29,1127.57,89.25,1127.65,93.68,89.6164205,65.058683,82.42,64.26475,95.57,2555.54,,,1101.55,68.5,1584.91,9226.47,176.247,464.5,829.0,104.19,25.41,24.59,9063.621,93.31,615.0,4504.1,207.11,130.469,149.77,4685.18,303.851
2001-04,34.79,,9114.2,131.15,3630.56,67.9,1061.0,65.491,146.3,17.35,68.73,88.1612,2572.09,,1355.46,72.878344,106.104,62.7411,9553.68,134.45,104.36,780.57,2539.6,4477.9,609.07,0.035419,549.41,2200.53,13558.0,534.45,20.19,1209.64,89.56,1209.73,93.631,89.4056863,63.575073,80.79,61.97096,94.68,2791.68,,,1018.64,81.93,1561.99,9945.18,180.707,473.8,833.8,104.94,23.84,26.34,8379.634,94.88,676.3,4531.3,211.33,128.629,161.01,5007.31,297.576
2001-05,34.33,,8929.1,129.94,3523.09,67.63,1006.0,65.461,129.62,18.77,68.09,88.4949,2484.59,,1358.97,72.737344,101.086,62.2808,9464.57,138.99,109.43,692.16,2774.9,4321.5,620.66,0.036118,534.83,2125.66,12541.0,545.25,20.31,1212.63,86.27,1212.72,93.601,89.4809143,63.450999,80.92,61.79639,95.17,2730.48,,,949.97,78.4,1450.96,10104.48,187.687,476.6,843.7,102.31,23.4,28.49,6874.622,97.22,685.6,4611.6,217.6,134.612,157.3,4720.04,309.267
2001-06,34.6,,8771.5,129.76,3373.87,67.24,1044.0,66.498,123.12,17.54,68.46,88.5455,2517.09,,1321.05,72.737344,101.444,62.0481,9304.14,132.3,103.12,673.75,2545.7,4188.2,615.76,0.037004,499.87,2153.47,12192.0,561.6,22.56,1178.75,86.27,1178.83,93.266,89.5081847,63.576358,81.49,62.2619,95.37,2630.21,,,884.24,63.05,1426.12,9725.03,186.258,484.5,820.6,95.37,23.64,29.96,5325.764,93.43,637.8,4723.9,232.22,133.753,144.02,4368.4,334.736
2001-07,34.57,,8446.6,130.99,3291.28,68.85,1036.0,65.782,124.12,18.6,69.66,88.8033,2307.84,,1303.36,74.200009,104.554,63.4609,8748.38,131.53,104.04,598.31,2637.2,4100.4,604.62,0.036758,505.4,1974.45,11267.0,529.96,19.11,1163.05,89.52,1163.13,93.532,90.3944718,65.485674,82.2,64.57005,95.61,2515.56,,,680.18,62.07,1581.57,9692.81,181.153,476.0,801.9,91.23,29.01,30.85,5533.595,120.99,546.6,4427.5,255.99,131.199,146.76,4715.5,341.948
2001-08,36.05,,7454.7,133.85,3019.42,70.24,1026.0,64.986,112.07,18.45,70.16,88.9644,2007.26,,1217.29,74.794799,108.861,64.1817,7890.2,138.08,101.85,580.94,2673.3,3959.2,582.7,0.036868,491.58,1717.3,10187.0,511.01,19.06,1086.3,92.78,1086.38,93.769,90.7908171,66.163052,82.73,65.83583,95.94,2296.07,,,666.13,69.13,1588.85,9191.14,183.639,488.9,789.6,90.49,25.46,31.25,3934.696,121.56,510.4,3647.5,242.75,129.868,155.54,4625.75,331.009
2001-09,33.42,,6119.6,135.53,2612.97,70.5,1165.0,63.817,100.31,19.03,70.12,89.8394,1588.39,,1113.58,76.383361,108.862,63.9532,7085.28,136.67,102.43,516.27,2117.2,3615.0,507.83,0.035788,462.56,1358.93,9266.0,440.08,16.57,993.66,95.44,993.73,94.301,92.0563612,67.580277,83.15,65.95304,96.48,2016.35,,,522.66,59.38,1467.42,8108.69,173.894,519.8,876.8,85.88,23.11,29.55,3192.39,142.71,497.1,3559.6,225.39,116.695,132.33,4333.64,335.3
2001-10,34.29,,6498.6,134.12,2774.81,72.74,1100.0,63.474,85.99,15.38,72.28,90.1848,1850.65,,1131.72,77.563751,107.663,65.7701,7125.03,133.15,119.37,469.24,1964.4,3702.9,528.8,0.037107,475.0,1583.3,9861.0,464.57,16.84,1009.84,94.57,1009.92,94.528,92.9046178,69.279006,84.49,69.03971,97.11,2114.13,,,463.22,51.67,1405.85,8300.38,178.705,495.9,792.4,82.32,23.05,29.81,4175.042,169.63,483.2,3160.5,215.74,117.995,117.38,4693.78,315.882
2001-11,35.62,,7074.1,131.46,2845.08,71.28,1442.0,64.1,108.61,15.97,71.24,90.455,2160.22,,1216.27,76.283194,107.303,65.0522,8035.71,131.61,121.47,461.8,1794.5,3823.5,567.11,0.037559,448.97,1848.15,10092.0,499.63,19.19,1085.34,94.08,1085.42,94.676,92.4099581,67.194337,83.51,65.48943,96.65,2224.66,,,512.56,49.15,1428.09,9023.11,185.425,484.5,773.3,95.22,23.98,29.28,3179.424,188.83,526.4,3321.8,219.57,117.791,106.58,4500.47,314.811
2001-12,34.83,,7312.4,134.52,2940.27,70.57,1411.0,63.323,98.44,15.45,69.05,90.5242,2131.67,,1224.79,75.535976,106.825,63.1329,8063.86,123.33,113.75,461.8,1973.3,3825.6,595.38,0.03822,434.48,1823.73,9805.0,529.52,18.47,1092.85,93.0,1092.93,94.518,92.1138165,66.055616,82.2,64.12753,96.16,2312.24,,,653.93,50.91,1353.61,9144.19,188.716,491.7,853.5,85.72,22.48,28.17,2960.721,176.23,579.2,3069.2,208.58,118.672,106.35,4492.69,325.067
2002-01,34.66,,7236.3,130.62,2829.83,70.41,1447.0,63.625,98.13,15.89,69.76,90.4965,2091.28,,1204.81,75.714416,103.095,64.2241,7608.42,120.21,107.82,450.8,2019.9,3765.4,591.29,0.038388,432.31,1789.18,9399.0,523.14,15.94,1074.97,89.77,1075.05,94.538,92.2859918,66.516995,82.05,64.95651,95.8,2219.92,,,538.62,49.84,1334.18,9088.23,185.096,497.1,785.6,95.41,22.0,29.72,2474.039,180.28,535.2,2924.0,212.53,122.787,101.82,4446.06,322.491
2002-02,35.47,,7131.3,131.47,2820.99,71.23,1556.0,62.96,95.3,14.85,69.71,90.5728,1831.47,,1179.76,76.596451,104.419,63.8601,7373.22,121.07,115.24,434.97,2337.8,3744.1,591.11,0.038734,414.35,1566.9,9998.0,508.04,15.73,1052.63,91.01,1052.7,94.558,92.6920666,67.372377,82.21,65.74511,95.94,2195.79,,,543.79,52.41,1299.88,9265.28,178.84,522.1,837.1,92.94,22.21,29.85,2654.598,202.56,582.6,2790.9,215.53,120.633,111.65,4211.28,319.579
2002-03,36.65,,7532.9,132.42,2951.96,69.05,1603.0,63.292,101.36,14.28,68.21,90.2764,1954.25,,1221.88,74.695041,104.775,62.5743,7863.32,121.76,117.46,537.37,2222.6,3863.7,632.37,0.039449,425.94,1671.94,10739.0,547.89,16.39,1090.3,91.76,1090.38,94.449,91.7414855,65.166054,80.96,62.71041,95.23,2262.37,,,570.33,63.23,1268.56,9504.87,172.649,531.7,861.7,98.49,23.62,31.67,3647.617,199.55,625.9,2761.2,233.15,113.809,133.44,4348.61,277.037
2002-04,37.03,,7064.5,135.63,2808.97,70.34,1659.0,64.352,89.11,14.01,68.99,90.7071,1713.9,,1145.33,76.360181,108.517,63.1213,8218.5,125.54,114.42,478.17,2155.6,3783.9,628.17,0.038047,399.22,1466.31,10985.0,551.89,16.36,1021.99,95.7,1022.07,94.656,92.8585918,67.143794,81.78,65.36577,95.79,2160.45,,9502.61,521.35,62.1,1223.47,9099.9,168.464,541.3,840.0,94.49,23.06,31.91,4165.825,156.34,642.6,2633.6,227.41,110.047,137.51,3992.26,238.343
2002-05,39.11,,6714.8,135.76,2699.66,71.22,1756.0,66.079,100.57,12.65,68.86,90.8532,1619.5,,1134.96,77.176909,112.5,62.9242,8111.3,129.6,117.75,469.57,2117.2,3708.5,616.51,0.037219,414.92,1385.55,11151.0,526.41,18.0,1012.79,98.4,1012.86,94.647,93.1303407,67.827804,81.61,65.35342,95.62,2075.51,,9467.28,510.44,56.93,1305.84,9075.16,162.164,571.0,929.8,97.69,26.41,33.92,3479.892,211.11,658.8,3005.3,247.88,104.746,131.1,4192.8,215.099
2002-06,38.96,,6119.1,143.06,2475.83,71.72,1825.0,66.636,113.96,10.93,70.14,91.1927,1405.02,,1051.54,78.304493,119.888,64.0202,7547.05,134.58,117.55,418.71,2166.2,3399.8,570.26,0.036056,453.27,1202.05,9943.0,499.58,15.64,938.44,104.15,938.5,94.974,93.9342733,69.086111,82.83,66.42379,96.31,1909.33,1908.51,8807.62,467.4,59.31,1375.97,8458.47,164.396,547.3,891.1,98.1,25.77,36.09,3442.201,237.04,647.7,2832.6,260.78,109.214,137.59,4523.6,230.084
2002-07,37.55,,5147.6,146.23,2168.56,72.89,1980.0,63.701,111.57,10.4,71.33,91.3462,1285.72,,968.16,80.422986,118.191,64.8039,7282.4,134.02,130.68,401.14,1916.7,3088.9,514.02,0.03675,515.63,1099.98,9343.0,423.35,18.29,863.94,103.77,864.0,95.372,95.3044539,71.260466,83.96,68.46356,96.98,1622.06,1713.04,8298.79,468.36,60.37,1460.13,7977.35,167.607,528.5,844.0,86.26,28.04,37.22,3085.906,249.26,639.5,3052.7,283.45,111.699,138.47,4827.1,251.053
2002-08,38.26,,5151.7,145.16,2129.44,74.15,2186.0,64.895,106.92,9.01,72.42,91.3276,1257.72,,972.94,81.609612,118.797,65.812,7180.82,135.06,127.54,423.49,1695.4,3098.0,515.94,0.036714,591.7,1076.03,9107.0,421.63,18.85,868.3,102.83,868.36,95.352,95.5846062,72.905655,84.82,71.66222,97.32,1647.46,1709.29,8231.01,477.64,62.04,1517.32,7911.37,174.038,543.6,814.9,87.13,28.4,38.01,3390.743,257.65,689.8,2579.6,287.81,110.792,151.27,5175.26,185.881
2002-09,37.8,,3875.2,147.44,1741.15,75.16,2393.0,63.799,102.2,9.28,74.06,91.5973,1109.05,,865.42,83.892157,119.649,67.1176,6473.46,131.44,120.99,433.84,1577.7,2695.0,473.62,0.035759,684.29,948.84,8749.0,390.65,21.48,772.3,104.4,772.36,95.501,96.5746473,75.596051,86.41,74.64304,98.18,1341.8,1435.63,7226.72,466.24,63.84,1423.91,6947.79,177.497,563.2,829.5,83.43,27.18,38.45,3841.446,296.1,685.8,2499.1,288.34,112.326,158.09,5545.93,245.538
2002-10,38.8,,4374.7,147.2,1972.77,74.67,2104.0,65.098,106.41,8.52,73.19,91.6298,1316.12,,940.28,83.490705,120.136,66.2231,6732.37,130.24,121.97,524.99,1608.0,2928.8,493.36,0.03614,634.95,1126.0,8140.0,402.5,24.55,839.01,104.05,839.08,95.481,96.694014,74.821543,85.97,72.29513,98.16,1511.7,1588.25,7971.34,453.81,61.64,1401.26,7663.68,179.075,551.4,821.7,89.82,29.93,37.89,3713.183,287.01,704.7,2302.0,297.95,116.421,140.84,5626.35,261.13
2002-11,39.2,,4608.7,146.63,2078.87,74.48,1909.0,64.855,110.21,8.8,73.21,91.6879,1482.71,444.35,993.91,82.043975,120.988,65.7217,7248.76,130.1,125.72,537.07,1617.6,3032.4,521.11,0.036521,573.84,1268.52,8621.0,437.84,24.72,886.96,103.6,887.03,95.262,96.09758,73.320124,85.86,71.32852,98.09,1583.74,1650.29,8467.76,390.17,61.3,1365.91,8140.94,184.64,548.8,804.4,93.82,31.18,37.16,3644.178,284.15,717.1,2365.8,304.39,118.355,142.78,5308.09,280.694
2002-12,39.21,,3957.1,152.14,1911.59,76.33,2266.0,64.387,112.36,8.39,74.87,91.8368,1306.37,419.09,934.41,84.121479,127.946,67.2757,6626.64,134.21,111.33,457.95,1489.0,2855.7,498.99,0.035938,502.57,1117.65,8045.0,412.95,25.39,833.69,111.23,833.75,95.481,97.1985805,75.918446,87.41,74.46747,98.84,1429.88,1493.89,7968.08,349.1,73.78,1333.38,7660.54,182.839,601.3,872.8,87.01,29.17,37.34,4194.123,278.29,741.4,2250.0,299.78,120.089,165.49,4542.81,267.229
2003-01,41.37,,3759.6,155.92,1835.95,75.28,2701.0,66.861,115.0,7.87,75.76,91.8462,1303.06,406.95,908.64,83.587595,131.246,67.7956,6606.45,132.7,106.5,496.75,1801.9,2579.7,483.85,0.034357,508.23,1114.82,7918.0,400.99,28.82,810.73,112.53,810.79,95.451,97.1421189,75.32042,88.02,74.13706,99.06,1345.7,1395.79,7696.45,379.9,81.47,1347.52,7399.4,179.094,635.5,881.5,98.4,27.83,38.28,4959.257,276.22,821.8,2443.1,299.25,122.586,181.88,4479.91,265.576
2003-02,42.95,,3462.6,149.33,1714.55,75.93,2317.0,68.532,116.12,7.36,76.9,91.8717,1337.47,394.26,894.02,85.008233,131.979,68.327,6505.52,134.64,99.6,430.93,1531.8,2650.9,471.83,0.034234,502.74,1144.26,7942.0,388.49,29.23,797.64,113.5,797.7,95.719,97.6225655,77.064213,89.23,76.53253,99.56,1272.26,1334.94,7574.99,355.29,88.75,1306.56,7282.62,171.009,603.1,832.2,96.05,28.48,39.62,7430.579,296.23,838.8,2510.0,305.49,116.225,203.25,4323.47,254.832
2003-03,42.68,,3303.3,150.18,1634.74,75.19,2233.0,69.315,114.96,7.36,76.19,91.9648,1347.91,399.21,901.8,84.85637,133.319,67.7758,6133.48,134.34,102.07,427.29,1433.0,2642.2,475.44,0.03541,489.53,1153.19,7511.0,393.37,26.57,804.73,113.33,804.78,95.65,97.7146555,76.73024,88.57,75.38339,99.36,1227.84,1311.02,7623.35,266.82,77.56,1324.76,7329.12,175.619,578.6,807.8,87.87,29.1,38.65,4645.524,275.15,802.9,2702.6,305.22,116.302,177.07,3995.99,233.761
2003-04,44.5,,3970.7,152.28,1846.81,76.37,2348.0,71.259,106.95,7.56,76.24,91.9136,1462.76,436.67,975.26,85.043279,136.875,67.5284,6310.23,133.42,94.7,482.95,1451.1,2862.0,509.47,0.03749,467.51,1251.45,7369.0,430.28,25.47,870.38,113.12,870.44,95.6,97.884668,76.897226,88.63,76.24002,99.43,1398.02,1445.45,8115.9,228.14,65.69,1292.65,7802.65,179.783,582.9,839.0,89.47,29.69,43.53,4878.008,243.09,760.9,3252.1,333.25,118.863,151.14,3899.94,251.488
2003-05,46.56,,4057.3,156.41,1899.12,79.13,1761.0,74.769,97.17,7.07,78.42,91.895,1582.9,483.11,1025.57,87.055438,144.48,68.9012,6950.35,132.84,96.01,406.93,1523.8,2976.8,551.15,0.037451,497.03,1354.23,7998.0,476.05,25.05,915.22,118.02,915.29,95.541,98.2959247,79.508385,90.17,80.56563,100.0,1422.41,1461.79,8498.98,270.12,71.61,1365.32,8170.95,181.376,626.4,817.6,95.77,29.86,42.83,5591.627,243.91,808.5,2982.8,331.79,124.103,175.64,4472.34,265.187
2003-06,47.99,,4348.2,158.24,1967.1,78.87,2000.0,75.857,107.17,7.21,77.96,91.9368,1586.29,491.32,1037.51,86.632154,141.039,68.2958,6973.67,132.16,97.66,412.43,1716.1,2938.7,557.54,0.037156,475.89,1357.13,8599.0,484.51,22.45,925.74,113.11,925.81,95.551,98.3314414,78.837074,89.86,79.29854,99.97,1484.0,1506.34,8621.4,265.51,74.65,1273.01,8288.65,184.352,593.3,821.2,91.63,29.64,42.49,4763.844,246.05,849.8,3012.4,326.73,124.326,185.89,4178.81,248.734
2003-07,46.38,,4684.9,154.18,2046.52,76.54,1775.0,72.915,104.66,8.18,76.07,91.8625,1684.4,521.67,1054.57,83.774986,138.088,66.6869,7360.41,131.13,90.97,428.29,1659.1,3026.9,576.81,0.036862,517.94,1441.07,9161.0,514.44,26.02,940.96,111.52,941.03,95.491,97.5784881,74.263768,88.24,71.37924,99.31,1537.2,1549.79,8862.04,266.46,78.79,1172.03,8519.99,192.113,606.6,920.4,99.85,26.36,39.83,4147.157,262.49,890.1,3390.7,294.36,138.429,189.82,4690.22,222.008
2003-08,46.56,,4701.1,151.24,2111.01,77.13,2176.0,74.201,106.01,8.05,76.28,91.902,1767.37,545.12,1074.29,83.753628,134.891,66.3729,7998.85,135.49,89.2,410.55,2074.7,3054.7,602.36,0.035353,531.16,1512.06,9828.0,537.51,22.7,958.46,108.82,958.53,95.333,97.5300564,74.849345,88.15,72.57154,99.21,1567.77,1569.94,9056.47,298.84,86.61,1328.1,8706.92,207.395,642.4,918.6,97.78,29.08,46.67,4122.024,261.12,919.9,3371.0,340.63,147.604,196.89,4950.33,237.047
2003-09,48.95,,4379.8,159.9,1990.58,79.0,2009.0,76.201,121.82,8.06,77.48,91.9997,1716.11,532.5,1061.21,86.505312,143.271,66.8528,8224.27,141.65,87.08,407.32,1957.7,2995.1,592.54,0.035782,507.8,1468.2,9638.0,527.4,22.42,947.02,115.67,947.09,95.373,98.6959822,78.196353,89.52,76.78634,99.95,1464.86,1505.9,8944.31,315.33,80.36,1209.98,8599.09,219.88,658.3,920.4,98.74,34.38,51.1,4026.141,266.17,920.5,3268.2,391.67,155.618,181.62,4680.73,234.35
2003-10,51.11,,4903.1,163.36,2139.81,77.56,1779.0,78.174,137.44,8.29,75.86,91.9486,1863.28,579.32,1120.46,85.242635,142.531,64.6792,8902.09,143.27,78.61,379.79,1769.8,3134.4,636.78,0.035861,526.98,1594.11,10040.0,571.19,20.64,999.8,113.69,999.87,95.105,98.180972,76.608123,88.08,74.4329,99.28,1574.5,1595.11,9432.2,305.07,81.28,1358.31,9068.15,230.759,655.7,906.6,113.22,36.37,64.16,3756.421,259.74,981.7,3362.7,461.04,166.518,180.94,4800.91,233.148
2003-11,52.44,,5021.7,166.35,2172.06,77.75,1807.0,79.568,118.96,8.04,75.29,91.874,1872.48,599.16,1129.27,85.092324,147.709,64.6542,9077.98,143.82,75.84,372.57,1894.1,3170.2,658.38,0.034741,557.97,1601.98,9619.0,590.81,21.76,1007.71,117.97,1007.78,95.115,98.0291474,76.597825,87.61,74.78314,99.09,1607.39,1618.35,9455.38,277.58,84.93,1338.2,9090.44,240.519,676.5,959.2,109.28,38.3,58.15,3592.466,251.15,1010.6,3663.3,437.05,181.221,190.63,5111.52,219.797
2003-12,54.67,,5325.6,172.74,2248.24,78.86,1904.0,79.799,127.41,8.07,76.48,92.0184,1928.07,610.89,1186.98,86.055997,154.873,66.0111,9282.61,146.28,67.79,398.99,1886.9,3262.2,668.64,0.035446,541.8,1649.54,10163.0,602.43,19.74,1059.4,122.67,1059.48,95.334,98.6194676,77.547608,88.76,75.80163,99.77,1674.83,1662.39,10088.52,287.4,93.59,1323.41,9699.14,191.024,707.3,1063.1,125.01,39.27,61.93,4514.472,260.5,1069.6,3715.7,455.74,143.002,204.63,4737.66,212.729
2004-01,55.71,,5437.5,177.02,2297.65,79.78,1910.0,78.129,120.04,8.46,76.97,92.0603,1959.53,636.88,1207.82,86.598063,153.884,65.6278,9762.61,148.63,65.14,463.8,1924.5,3195.4,682.46,0.036119,569.67,1676.45,10173.0,628.06,20.4,1077.81,120.98,1077.89,95.284,98.8282394,78.357082,89.29,77.21018,99.98,1731.29,1697.0,10139.86,336.96,97.15,1486.14,9748.49,205.741,683.0,1113.9,136.96,41.29,64.85,3882.509,279.2,1102.8,3430.5,470.38,151.727,209.67,4888.46,233.528
2004-02,56.63,,5367.5,181.57,2348.63,80.87,1982.0,77.538,121.84,9.56,78.3,92.1279,1928.73,642.03,1223.32,87.696112,154.378,66.3158,10272.93,143.83,62.38,457.29,2225.0,3270.6,698.19,0.036209,603.96,1650.1,10470.0,633.14,20.43,1091.84,120.57,1091.92,95.294,99.3540295,79.697546,90.54,78.94923,100.59,1758.61,1725.94,10250.28,334.82,106.62,1595.04,9854.66,212.687,672.7,1193.3,161.68,48.52,71.48,3944.379,281.48,1178.7,3810.6,543.89,158.805,235.38,4813.28,244.672
2004-03,56.26,,5142.7,179.76,2283.01,81.32,1955.0,79.158,102.57,13.02,79.14,92.1839,1885.41,647.74,1203.55,88.598185,152.152,66.4808,9318.56,150.34,60.76,439.42,2254.0,3205.0,700.39,0.036142,617.39,1613.04,11142.0,638.82,21.37,1074.1,120.02,1074.18,95.214,99.6507167,80.76922,91.32,80.09024,100.92,1692.02,1675.18,10048.08,417.28,107.48,1684.53,9660.26,223.754,724.4,1411.9,163.36,45.95,79.83,4264.998,301.86,1206.8,3922.7,577.25,165.162,237.65,5025.76,272.422
2004-04,53.26,,5276.0,173.95,2313.42,79.75,1766.0,75.757,94.84,13.17,77.79,92.0346,1835.05,614.07,1183.23,85.770065,148.311,65.3382,8811.5,142.03,58.97,398.53,2568.0,3276.0,676.83,0.035319,593.01,1569.96,10948.0,605.56,22.29,1056.15,117.31,1056.22,95.214,98.4350228,77.335489,90.16,75.19706,100.4,1692.02,1702.44,9905.37,371.73,117.25,1665.04,9523.06,256.509,655.3,1079.1,144.92,47.9,80.73,4145.242,301.5,1064.7,4642.7,588.64,174.208,252.15,4703.25,270.324
2004-05,52.81,,5215.0,179.64,2340.95,79.09,1831.0,76.183,97.76,13.5,76.97,91.9672,1918.76,623.28,1198.47,85.482062,151.285,64.6111,9105.42,141.84,54.68,493.4,2490.0,3226.5,690.18,0.035533,573.32,1641.57,10707.0,614.65,22.64,1069.71,121.3,1069.78,95.035,98.2551162,76.87057,89.51,74.80982,100.14,1693.25,1694.83,9902.46,370.42,126.2,1574.41,9520.26,288.955,666.1,1082.7,153.32,40.37,65.1,4495.202,247.49,1111.6,4132.7,473.0,185.305,270.26,4365.58,280.558
2004-06,51.74,,5392.2,178.66,2391.37,78.76,1662.0,78.077,82.84,14.25,77.48,91.8782,1983.99,650.86,1220.68,85.889531,151.158,64.887,9196.27,143.78,58.91,422.61,2312.0,3250.2,705.31,0.035488,550.96,1697.39,11331.0,641.85,22.67,1089.19,121.33,1089.27,95.105,98.2551162,77.546623,89.75,75.6319,100.22,1735.13,1706.86,10139.44,306.89,116.03,1337.55,9748.09,294.885,662.9,1023.3,144.38,40.31,74.01,4248.461,223.47,1057.4,3575.6,494.19,179.294,249.78,4063.37,291.939
2004-07,52.26,,5150.7,179.32,2332.77,79.57,2039.0,78.223,71.61,15.02,78.23,91.9532,1829.42,606.14,1178.4,86.531604,149.049,64.9545,9178.95,140.23,57.92,372.94,2713.6,3205.9,671.51,0.035891,495.65,1565.14,10683.0,597.8,24.41,1051.65,118.2,1051.73,95.055,98.5249076,78.532995,90.3,76.9428,100.46,1672.92,1674.49,9857.52,310.1,133.07,1106.99,9477.05,309.037,659.6,1158.4,156.33,34.11,59.87,4186.777,195.74,1106.0,3054.3,415.43,179.328,293.96,3672.32,298.827
2004-08,52.62,,5006.9,177.92,2298.05,81.01,2062.0,79.38,87.68,13.39,79.56,92.0141,1787.03,602.19,1181.61,88.140834,151.034,65.7766,9647.88,142.78,69.89,387.24,2830.5,3252.4,668.9,0.03619,504.94,1528.88,10494.0,593.9,23.55,1054.52,119.42,1054.59,95.195,99.2477869,80.513065,91.37,79.99973,100.92,1650.75,1668.15,9889.6,306.25,117.36,1158.83,9507.9,307.541,691.0,1196.7,153.35,41.97,61.82,3409.738,235.24,1173.9,3434.3,457.96,171.044,285.64,3649.59,284.798
2004-09,54.64,,5131.6,179.65,2321.02,81.21,1777.0,82.633,74.76,14.77,79.85,91.8919,1842.32,631.21,1192.85,88.203054,154.388,66.1823,9879.94,141.65,82.08,439.25,2394.6,3323.5,687.78,0.036388,499.02,1576.18,10285.0,622.46,24.07,1064.26,121.54,1064.34,95.305,99.0426538,80.737085,91.47,80.65105,100.84,1677.28,1691.65,9785.56,317.92,136.8,1001.63,9407.87,311.306,704.4,1218.8,167.11,34.54,54.48,4081.978,223.25,1174.6,3045.0,384.77,171.279,336.4,3468.67,321.989
2004-10,56.3,,5218.8,182.53,2360.13,82.16,1797.0,85.502,72.55,15.57,80.74,91.873,1936.54,642.75,1209.16,88.700814,158.86,66.6002,9842.93,146.91,72.93,396.84,2275.7,3348.4,697.85,0.036032,510.86,1656.79,10171.0,633.85,22.85,1078.96,126.55,1079.04,95.366,99.291744,81.409148,92.16,81.81893,101.16,1730.06,1706.85,9731.11,300.16,137.61,987.01,9355.52,308.139,719.4,1283.3,160.11,35.81,52.51,4419.872,220.93,1135.7,2926.7,387.31,165.784,353.22,3578.92,314.187
2004-11,58.32,,5415.0,190.28,2388.75,82.33,2029.0,87.943,74.74,20.44,81.63,91.7107,2044.42,697.41,1255.97,87.316941,165.07,67.2382,10614.08,150.87,67.98,500.12,2432.8,3398.6,738.2,0.037195,469.34,1749.08,10285.0,687.69,23.49,1120.77,132.52,1120.85,95.426,98.5517446,79.826314,92.68,79.8073,101.32,1764.43,1736.6,10160.84,298.46,132.02,941.15,9768.67,307.878,755.6,1356.7,173.42,34.19,52.42,3534.467,230.48,1189.3,3158.6,388.22,176.183,334.86,3299.94,367.009
2004-12,59.27,,5576.2,191.17,2422.34,83.43,1901.0,86.859,74.72,18.75,82.35,91.6965,2105.38,717.59,1296.03,87.881085,168.299,67.5896,10729.81,151.1,79.24,532.45,2556.9,3462.5,767.69,0.037703,478.32,1801.24,10896.0,707.65,24.02,1156.43,132.16,1156.51,95.436,98.6252687,80.68224,92.83,81.52846,101.18,1804.9,1753.06,10463.06,259.45,112.96,945.77,10059.23,301.51,730.9,1192.7,175.65,34.12,54.74,2825.257,233.47,1175.1,3044.0,398.93,172.79,291.49,3368.4,363.441
2005-01,58.78,,5574.9,188.24,2483.1,84.02,1874.0,84.114,73.03,20.94,83.28,91.6257,1970.28,686.21,1261.86,87.655427,161.845,67.2382,10343.26,149.22,74.1,540.66,2757.0,3483.0,746.57,0.037766,470.38,1685.66,10778.0,676.7,24.5,1125.94,126.56,1126.02,95.426,98.3752867,80.918745,93.32,83.22697,101.37,1833.07,1784.14,10188.08,266.66,131.64,909.97,9794.85,305.171,703.6,1177.0,173.54,31.78,51.65,2887.579,249.9,1194.3,2747.4,375.24,177.355,321.66,3187.66,354.994
2005-02,60.21,,5652.0,192.65,2550.82,83.76,2113.0,84.625,83.89,22.28,82.23,91.5617,1956.06,696.42,1285.62,86.726166,164.327,66.6024,10707.78,147.71,76.24,609.61,3002.4,3570.4,770.11,0.038235,509.94,1673.49,11142.0,686.77,23.41,1147.28,129.44,1147.36,95.305,97.9484657,79.890327,92.74,81.93193,101.22,1865.52,1824.12,10472.78,256.23,129.32,990.53,10068.57,300.997,726.0,1282.8,181.77,38.08,61.5,3029.914,240.69,1183.8,2724.0,450.77,172.787,341.07,3682.4,348.768
2005-03,58.86,,5663.8,189.62,2574.55,83.55,1970.0,86.221,86.77,20.64,83.0,91.5048,1915.05,675.73,1259.57,86.335678,160.735,66.8088,10169.42,143.64,85.76,633.93,2936.4,3530.9,756.86,0.038197,480.25,1638.4,11019.0,666.42,22.21,1123.94,125.43,1124.02,95.406,97.7123209,79.447249,93.29,81.22542,101.38,1865.26,1824.68,10195.66,282.15,148.06,947.17,9802.14,329.944,710.9,1245.5,182.25,37.35,62.47,3381.913,248.56,1188.3,2832.2,454.75,178.189,360.29,3530.41,335.188
2005-04,59.64,,5463.3,191.67,2471.53,84.63,1796.0,82.873,91.25,18.74,84.45,91.5902,1830.92,635.27,1232.44,87.431564,159.496,67.6587,10511.97,146.49,81.39,625.64,2611.8,3447.2,728.16,0.038835,470.4,1566.43,10387.0,626.52,22.19,1099.82,125.28,1099.9,95.486,98.0960563,81.015063,94.37,83.75517,101.87,1806.25,1785.68,9882.62,274.32,131.14,913.71,9501.18,344.111,719.2,1196.4,178.0,36.59,64.71,2866.53,226.03,1189.7,2961.0,448.57,178.973,315.48,3371.38,327.471
2005-05,57.84,,5821.6,182.97,2645.7,85.94,1712.0,83.165,77.8,19.34,85.61,91.6402,1984.41,675.08,1268.35,87.961089,152.438,68.7758,10629.72,141.25,80.17,578.7,2728.5,3567.9,770.01,0.039689,476.54,1697.74,10639.0,665.72,22.44,1131.91,119.74,1131.99,95.567,98.2953595,82.264429,95.05,85.73883,102.12,1919.3,1886.05,10156.89,253.8,127.7,950.09,9764.87,357.417,686.7,1284.7,177.09,37.38,71.8,2748.841,214.95,1179.7,2865.4,487.25,178.145,321.0,3430.85,303.17
2005-06,58.28,,5970.6,180.57,2724.42,86.97,1720.0,84.936,83.98,19.59,86.6,91.5307,1916.07,701.03,1266.51,88.06218,149.723,69.4326,10841.58,137.92,82.35,513.13,2402.1,3670.2,785.66,0.040348,473.79,1639.27,10942.0,691.37,23.51,1130.13,116.46,1130.21,95.757,98.2805716,82.411958,95.77,86.69706,102.42,1985.74,1951.33,9955.9,249.95,135.55,912.84,9571.64,347.108,716.6,1212.1,186.76,38.26,69.09,2974.22,238.84,1213.9,2491.0,467.5,166.788,341.7,3328.89,280.806
2005-07,58.18,,6328.4,177.4,2860.01,86.48,1752.0,85.123,78.16,18.02,85.86,91.4117,2054.39,743.65,1310.21,86.697462,149.846,68.6784,11377.73,135.62,81.06,489.86,2231.9,3777.0,824.81,0.041162,476.86,1757.61,11280.0,733.35,24.77,1169.17,115.61,1169.25,95.767,97.7112364,80.607565,95.12,84.18741,102.0,2066.46,2008.31,10318.3,267.33,152.87,971.36,9920.05,346.474,704.7,1244.1,203.4,39.26,71.12,3338.523,249.18,1234.4,2545.9,482.21,171.035,360.22,3291.24,295.825
2005-08,58.0,,6250.9,182.14,2823.15,87.56,1620.0,87.724,74.08,18.45,86.91,91.5955,2019.33,727.3,1294.05,87.823476,152.19,69.4515,11393.03,137.35,73.29,459.04,2188.4,3794.5,812.89,0.040755,452.78,1727.62,11882.0,717.28,25.37,1154.61,118.45,1154.7,95.697,98.1331364,82.009084,95.63,86.44939,102.12,2030.45,1999.34,10149.18,250.11,206.56,836.5,9757.46,361.142,708.4,1161.9,206.14,36.34,62.15,4842.826,226.73,1229.8,2548.8,420.42,168.677,402.8,3056.73,327.58
2005-09,58.81,,6509.6,178.22,2944.13,86.4,1631.0,89.519,79.1,18.41,86.56,91.3043,2040.98,729.09,1300.72,86.595264,148.14,68.726,11787.13,133.37,81.72,424.51,2334.7,3908.5,817.52,0.040987,519.2,1746.14,13011.0,719.04,27.65,1160.79,114.41,1160.88,95.437,97.5630254,80.431327,95.08,83.79434,101.78,2127.81,2089.55,10215.1,270.77,197.21,794.0,9820.83,377.549,763.7,1273.3,219.89,38.17,57.06,5513.507,233.23,1287.6,2647.3,402.51,181.144,382.13,3333.52,341.798
2005-10,57.78,,6330.3,179.13,2837.05,85.25,1559.0,87.91,77.25,18.27,85.07,91.2136,2006.2,704.24,1274.9,85.810221,147.649,68.4578,10989.49,129.84,93.33,439.05,2377.5,3793.1,797.44,0.041065,504.97,1716.39,13030.0,694.54,27.9,1137.75,114.76,1137.83,95.357,97.2372477,79.356623,94.02,82.00905,101.36,2052.88,2039.68,10020.65,307.84,150.33,758.26,9633.89,384.445,754.9,1284.8,230.52,36.44,56.82,4695.25,229.25,1298.5,2605.1,395.97,183.005,346.04,3051.92,332.76
2005-11,57.17,,6691.4,175.04,2924.32,85.89,1597.0,89.125,73.55,18.0,84.98,91.1706,2118.11,735.59,1318.37,85.961714,144.947,68.9217,11355.17,125.68,93.83,425.3,2493.6,3875.7,833.29,0.042147,505.57,1812.13,14144.0,725.46,30.6,1176.59,112.17,1176.68,95.327,97.2593248,79.538901,93.84,82.21411,101.17,2140.2,2094.67,10427.83,348.34,136.71,727.29,10025.36,395.054,799.8,1405.2,253.18,33.63,57.3,4551.406,249.67,1349.7,2654.5,383.59,188.147,326.6,2942.62,341.538
2005-12,56.82,,6944.0,174.03,3010.76,86.29,1698.0,89.261,76.24,18.83,85.89,91.1801,2077.12,730.79,1313.96,86.291361,145.187,69.5047,11265.33,127.14,93.77,469.58,2741.8,3994.6,836.27,0.042121,526.38,1777.06,15352.0,720.78,36.14,1172.52,111.8,1172.61,95.407,97.3037828,80.180159,93.97,83.79647,101.11,2212.47,2136.23,10291.72,350.35,152.61,777.76,9894.49,389.478,832.2,1489.8,268.42,34.06,65.26,4032.587,268.61,1339.4,2792.0,413.23,189.424,342.09,3112.34,331.016
2006-01,58.69,,7274.1,180.26,3160.16,85.19,1675.0,91.073,78.39,18.09,84.89,91.1323,2152.86,793.71,1344.07,85.796891,148.853,69.2801,12009.77,127.31,95.84,518.25,2660.3,4084.6,882.51,0.042988,532.43,1841.86,15771.0,782.84,44.37,1199.43,114.7,1199.52,95.327,97.14077,79.470194,93.4,82.81036,100.98,2284.61,2202.11,10402.83,397.84,155.67,788.58,10001.32,375.417,914.9,1656.6,292.94,34.76,61.5,3289.725,264.47,1484.8,2896.0,400.26,183.616,376.31,3149.04,289.472
2006-02,57.61,,7411.3,177.66,3180.82,85.42,1619.0,91.177,77.04,16.48,84.86,91.106,2096.52,788.65,1343.02,85.40392,145.798,69.0551,12031.8,128.68,102.49,485.45,2471.2,4100.2,872.05,0.042988,563.53,1793.66,15195.0,777.84,41.82,1198.31,111.45,1198.4,95.327,96.9555687,79.184143,93.33,82.97085,100.94,2329.01,2214.9,10538.86,387.69,124.08,820.73,10132.09,365.332,896.5,1629.4,288.01,36.58,57.9,2308.845,252.17,1443.0,2805.5,391.11,174.894,334.72,3390.68,287.833
2006-03,55.62,,7612.0,175.78,3312.27,84.63,1650.0,88.592,73.16,16.45,83.17,90.9764,2129.85,825.59,1353.91,84.794979,147.982,67.9834,11971.7,125.99,114.0,456.84,2389.5,4238.1,890.35,0.041395,532.26,1822.17,16251.0,814.28,43.73,1208.21,111.84,1208.3,95.277,96.710956,78.071942,92.28,80.08212,100.54,2375.76,2242.7,10653.06,444.43,146.24,811.27,10241.89,342.241,924.4,1914.3,325.63,34.78,57.4,2426.095,234.91,1452.2,2817.1,376.29,159.886,352.13,3094.78,265.599
2006-04,58.98,,7644.9,184.36,3290.91,83.51,1654.0,92.392,69.57,16.44,82.04,90.9908,2118.7,822.38,1367.15,84.566627,153.692,66.7961,12636.25,129.91,111.73,456.34,2535.2,4276.5,899.49,0.040896,542.32,1812.63,16170.0,811.11,41.78,1219.89,117.08,1219.98,95.227,96.6516559,77.47571,91.76,78.38556,100.46,2370.75,2266.57,10873.83,497.54,163.52,816.27,10454.14,337.609,1031.2,2243.0,429.74,38.55,57.08,2146.211,249.65,1578.3,2711.0,386.56,158.058,372.46,3081.26,272.617
2006-05,58.42,,7228.3,189.1,3183.47,83.74,1601.0,93.786,68.52,17.02,82.35,90.8277,1960.2,772.53,1321.44,84.16055,155.758,67.033,12050.87,130.59,115.92,411.62,2162.6,4064.9,855.0,0.039966,595.55,1677.03,14957.0,761.95,37.06,1179.29,118.87,1179.37,95.177,96.3774309,77.108371,92.02,78.04112,100.56,2271.24,2165.27,10646.4,459.61,165.61,823.65,10235.49,353.056,1012.2,2049.6,483.59,37.71,56.65,2006.732,238.51,1691.6,2896.8,372.73,171.227,362.17,3382.08,276.701
2006-06,57.8,,7209.2,186.88,3213.03,83.22,1754.0,92.393,65.72,16.02,81.74,90.6788,1947.36,776.0,1317.95,83.995554,155.274,66.4775,12364.01,128.01,128.56,408.64,2113.8,4125.3,851.83,0.040114,629.0,1666.04,14786.0,765.36,38.08,1176.04,118.02,1176.12,95.217,96.1699445,77.062439,91.5,78.36256,100.31,2286.76,2178.12,10624.76,421.02,175.69,768.47,10214.68,372.711,960.7,1781.0,459.28,39.2,57.74,1849.226,252.54,1665.1,2913.4,381.68,183.201,372.05,3252.73,306.73
2006-07,59.57,,7180.9,188.82,3236.19,84.98,1591.0,91.137,67.07,15.53,82.79,90.7748,1858.34,747.46,1320.27,84.655538,154.79,66.9842,12862.97,127.31,130.64,401.56,1898.3,4189.8,824.01,0.04154,620.07,1589.89,14724.0,737.22,34.74,1178.24,117.05,1178.33,95.167,96.4959946,77.923664,92.15,79.55648,100.5,2307.36,2220.63,10608.7,412.75,175.12,746.6,10199.24,369.88,988.2,1854.4,488.71,39.58,54.02,2413.674,249.58,1665.0,2828.9,367.51,181.59,368.9,3265.05,304.667
2006-08,59.39,,7378.6,192.37,3324.66,86.47,1544.0,93.289,66.83,15.79,83.82,90.9237,1936.96,765.6,1344.74,85.315374,154.911,67.3751,13177.66,123.76,138.59,420.59,2006.1,4180.9,829.09,0.041768,589.93,1657.14,15344.0,755.11,27.5,1200.12,116.58,1200.21,94.987,96.8144825,78.899686,92.61,81.34601,100.54,2379.18,2269.58,10760.79,446.31,142.46,720.89,10345.47,376.032,969.0,2095.4,477.17,36.99,51.59,1741.144,238.02,1677.9,2612.9,340.55,190.649,341.45,3290.66,330.076
2006-09,58.03,,7549.8,188.9,3376.16,87.23,1531.0,92.097,61.21,15.39,84.18,90.9333,2021.14,770.44,1374.04,85.645119,153.103,67.2956,13277.78,122.51,129.9,419.23,1699.5,4212.5,831.26,0.041586,584.32,1729.17,15391.0,759.83,25.63,1226.13,114.38,1226.22,94.927,96.888511,79.404864,92.58,82.33022,100.45,2433.77,2282.28,11013.84,404.97,121.44,763.04,10588.75,367.28,923.1,1855.8,477.79,34.83,52.26,1266.581,257.36,1530.3,2881.1,335.49,185.727,300.61,3452.37,311.114
2006-10,60.31,,7860.1,192.45,3429.27,87.01,1543.0,91.686,59.79,15.59,83.99,90.9045,2107.61,811.38,1412.59,85.683167,153.824,67.2773,13865.51,123.22,150.87,421.56,1722.8,4320.9,861.98,0.04248,617.36,1803.14,15635.0,800.2,25.19,1260.58,114.68,1260.68,94.877,96.8440939,79.519677,92.38,82.51333,100.35,2495.35,2357.3,11360.69,413.04,111.65,932.36,10922.21,344.874,927.1,1973.2,461.92,38.56,60.6,1420.167,291.99,1445.6,2836.0,386.02,181.541,272.53,3764.09,332.077
2006-11,61.5,,7909.5,198.3,3412.0,87.75,1583.0,90.022,60.89,16.14,84.47,90.9573,2170.5,828.74,1432.76,86.037807,159.352,67.2773,14333.28,123.9,154.57,467.13,1726.7,4264.9,885.69,0.041735,641.72,1856.95,15496.0,817.33,26.98,1278.54,118.64,1278.63,94.897,96.9104075,80.139193,92.57,83.74913,100.39,2488.51,2318.19,11480.68,420.9,124.56,1086.97,11037.57,335.157,987.5,2237.9,436.72,41.91,62.13,1579.249,319.7,1565.6,2885.2,410.74,178.673,283.66,3885.93,313.56
2006-12,61.46,,8233.5,197.32,3540.59,86.52,1662.0,88.115,63.95,16.19,82.57,90.8325,2120.71,829.13,1446.53,85.151341,158.468,66.1818,15048.38,120.0,152.18,474.27,1735.8,4360.6,877.74,0.042456,627.8,1814.35,16469.0,817.71,25.63,1290.74,116.16,1290.83,94.757,96.4524467,78.8777,91.35,81.59819,99.92,2570.75,2371.2,11671.09,426.12,116.3,1086.28,11221.53,341.064,964.9,2050.8,392.37,41.32,61.03,1113.226,322.08,1509.1,2925.9,408.05,185.491,269.71,3733.18,296.841
2007-01,60.53,,8481.7,197.99,3571.36,85.93,1644.0,87.255,61.46,16.9,81.83,90.7846,2153.57,839.04,1461.21,84.720772,156.325,65.0372,15131.82,117.91,143.58,442.14,1549.3,4340.2,905.44,0.041743,599.65,1842.46,16627.0,827.48,23.12,1303.93,113.61,1304.02,94.506,96.2456257,78.350167,91.03,80.63714,99.84,2610.33,2417.2,11783.71,428.7,108.7,1124.55,11329.82,333.782,985.4,2151.5,354.58,40.82,64.29,1338.673,305.74,1559.2,2834.8,421.08,180.155,252.46,3483.55,309.004
2007-02,61.53,,8329.4,197.98,3502.85,87.02,1727.0,87.613,61.27,16.95,82.73,90.9236,2109.36,828.92,1426.78,85.771203,158.54,65.9178,14664.28,119.85,160.0,433.8,1559.1,4319.9,908.25,0.041167,619.88,1804.64,16689.0,817.51,23.74,1273.12,115.75,1273.21,94.626,96.7400016,79.703404,91.56,82.74287,100.03,2523.75,2325.83,11424.43,442.04,122.34,1177.02,10984.38,353.805,1007.3,2235.9,374.7,41.96,69.73,1269.518,300.63,1656.9,2866.8,451.2,187.648,265.03,3528.81,306.852
2007-03,63.23,,8540.6,198.38,3573.86,86.55,1947.0,88.797,60.98,18.76,82.16,90.8517,2114.58,835.47,1436.68,85.644715,159.79,65.0311,14889.39,119.91,151.02,399.94,1434.4,4422.8,916.93,0.041768,578.16,1809.11,16503.0,823.96,22.21,1281.95,115.67,1282.04,94.536,96.7105009,79.359361,91.13,81.50654,99.83,2587.37,2359.91,11488.54,442.84,135.26,1012.16,11046.02,373.465,992.6,2112.6,428.34,44.3,64.02,1321.022,320.63,1644.5,2746.9,436.16,189.083,274.67,3167.25,293.438
2007-04,64.97,,9077.8,201.58,3781.64,86.3,1767.0,92.24,54.45,21.77,81.69,90.7942,2219.08,846.74,1494.15,85.670013,163.154,64.645,15158.62,117.7,131.43,378.54,1384.9,4521.8,940.93,0.042243,638.2,1898.51,16546.0,835.07,20.52,1333.18,116.1,1333.28,94.496,96.6293741,79.508446,90.81,81.87286,99.68,2718.19,2450.38,12112.84,463.6,151.19,962.49,11646.27,372.491,1014.1,2112.0,482.83,45.29,58.39,1321.307,303.44,1701.6,2702.4,415.93,187.588,261.37,3494.3,292.27
2007-05,64.84,,9646.8,199.64,3929.73,83.76,1850.0,95.591,56.43,24.15,80.11,90.7271,2281.67,877.34,1538.82,84.468578,160.613,63.6498,15561.7,115.14,125.26,399.05,1570.4,4620.7,983.25,0.043053,647.54,1952.06,17163.0,865.26,21.07,1373.04,114.13,1373.14,94.446,96.0395828,78.086373,89.66,79.94967,99.22,2834.54,2529.94,12606.0,456.21,153.5,1021.45,12120.44,368.291,980.0,2095.6,460.97,47.9,63.71,1306.547,319.35,1685.1,2678.8,452.32,182.107,248.11,3645.92,295.268
2007-06,66.44,,9699.2,202.48,3906.91,83.26,1997.0,96.092,64.06,23.35,79.36,90.7318,2279.93,862.72,1506.6,84.177917,161.385,62.576,16368.25,113.37,110.84,392.35,1581.7,4613.1,958.18,0.042905,750.23,1950.57,17335.0,850.84,20.42,1344.25,114.15,1344.35,94.345,96.0322195,77.593172,89.31,78.94229,99.15,2801.66,2502.21,12371.05,450.41,158.23,883.07,11894.54,368.704,956.8,1921.6,468.51,49.13,67.31,1095.569,295.31,1675.1,2706.8,474.68,179.718,271.07,4112.02,285.314
2007-07,67.13,,9118.1,205.29,3697.93,83.45,1880.0,95.837,65.65,24.39,80.86,90.7846,2267.98,800.12,1453.41,85.302648,163.086,63.6618,17359.35,117.07,115.33,397.57,1497.5,4415.3,912.83,0.04237,753.53,1940.35,16343.0,789.1,22.16,1296.79,115.73,1296.89,94.385,96.5771041,78.85485,90.2,80.63652,99.49,2666.2,2384.54,12149.57,448.45,153.23,833.19,11681.58,387.875,980.2,2005.4,495.39,50.44,62.83,986.567,294.46,1696.0,2643.4,461.26,188.385,298.4,4337.31,312.554
2007-08,64.08,,9288.1,203.55,3625.72,84.26,1732.0,96.714,61.68,27.08,81.21,90.6613,2325.1,814.26,1468.08,86.377313,162.325,64.5788,17912.55,119.5,100.7,389.87,1398.4,4388.9,916.85,0.042172,842.1,1989.21,15814.0,803.05,20.33,1309.92,115.05,1310.01,93.933,97.0481577,80.290173,90.7,81.85087,99.88,2691.17,2406.8,12231.02,406.85,147.97,830.49,11759.9,389.809,984.0,1858.3,459.06,48.1,68.64,855.488,274.74,1655.7,2744.2,474.57,182.636,283.36,5235.02,277.745
2007-09,69.78,,9495.5,206.63,3648.65,84.86,1933.0,102.569,65.75,24.78,80.71,90.7471,2435.13,827.37,1515.37,86.642933,169.615,64.5124,20272.39,120.16,109.61,432.94,1339.7,4481.0,937.85,0.042572,1072.01,2083.35,15995.0,815.97,21.15,1352.29,119.01,1352.39,93.942,97.4674198,80.462741,90.61,81.69037,99.82,2732.38,2419.68,12713.19,423.96,155.27,907.81,12223.5,385.26,1082.2,2115.1,491.89,51.84,78.78,977.298,312.48,1809.6,2892.2,533.47,182.838,317.56,6343.33,250.023
2007-10,73.36,,9673.2,210.34,3716.78,85.11,1847.0,107.651,64.82,27.22,80.94,90.8377,2594.66,846.8,1532.12,86.895905,172.19,64.7296,23276.17,119.06,119.41,408.38,1230.9,4638.4,957.58,0.04366,987.09,2219.84,16081.0,835.14,20.79,1367.06,119.37,1367.16,93.832,97.4968417,81.003455,90.46,82.60747,99.6,2806.25,2466.32,12660.5,450.82,176.95,915.12,12172.84,359.1,1147.6,2193.8,469.33,54.84,78.11,1090.666,307.36,1873.6,2918.0,542.9,173.907,370.76,5457.35,216.385
2007-11,69.47,,9452.4,208.04,3603.02,87.2,1860.0,101.795,59.83,29.91,81.95,90.7996,2412.66,782.81,1461.91,89.375816,173.768,66.0989,21435.45,123.1,118.24,420.8,1215.6,4441.4,905.72,0.042853,1131.24,2064.13,14989.0,772.03,20.31,1304.46,121.86,1304.56,93.552,98.8138082,83.835312,91.4,85.9778,100.18,2733.62,2371.14,12193.54,419.78,169.52,939.68,11723.87,358.021,1128.8,2123.8,424.17,59.07,81.12,916.327,288.37,1869.1,3085.8,571.95,172.57,351.65,5819.9,222.332
2007-12,69.1,,9654.1,200.84,3549.93,87.05,1909.0,102.782,64.12,31.07,80.78,90.738,2400.27,781.71,1445.57,89.515327,173.009,66.5092,20675.12,121.86,123.36,443.6,1120.5,4421.5,901.57,0.042886,1245.75,2053.53,14488.0,770.99,22.54,1289.84,120.93,1289.93,93.781,98.8796496,83.974169,90.57,85.38169,99.74,2724.76,2329.1,12033.27,449.3,187.05,1065.08,11569.77,349.378,1198.7,2237.0,405.06,62.71,91.35,920.589,314.58,1976.8,3246.5,632.26,173.291,380.86,5831.37,206.541
2008-01,70.7,,8208.6,201.48,3067.45,87.98,2182.0,101.276,63.91,29.38,83.27,91.9982,2107.19,723.8,1349.91,91.722137,176.199,66.7144,17282.99,127.43,117.31,449.95,946.8,4023.5,840.68,0.043345,1650.58,1802.78,12959.0,713.88,25.75,1204.61,126.65,1204.7,93.94,100.2758397,86.438893,92.72,87.53686,100.8,2354.29,2036.86,11388.63,468.66,174.18,1170.66,10949.96,339.636,1318.5,2548.1,439.29,67.92,92.66,1001.101,337.2,2251.6,3470.1,662.93,164.513,366.03,6105.0,215.132
2008-02,73.69,,7945.4,201.63,3006.05,89.8,2571.0,103.546,76.3,31.66,83.74,92.1609,1993.72,695.26,1302.7,93.266911,180.065,66.6373,17899.61,130.19,109.44,533.83,959.1,3994.7,822.96,0.043886,2330.54,1705.7,12678.0,685.73,29.57,1162.44,131.22,1162.52,93.602,101.2843478,87.828705,93.52,87.86202,101.31,2265.82,1977.78,11110.55,679.78,184.97,1266.99,10682.59,334.473,1385.3,2967.7,511.94,84.06,101.74,1161.297,437.39,2826.1,4041.6,788.09,164.6,406.28,7008.66,194.088
2008-03,72.54,,7757.2,201.51,2945.86,91.23,2149.0,99.009,64.63,31.36,83.15,92.2458,2033.4,698.81,1293.63,93.254156,187.309,67.2354,16668.65,135.55,92.42,407.73,871.6,3900.0,812.71,0.044284,1717.96,1739.65,12120.0,689.23,23.64,1154.22,137.72,1154.3,93.488,101.1591691,89.080726,92.38,87.98932,100.46,2236.04,1882.12,11062.66,530.72,180.68,1291.47,10635.67,304.063,1303.2,2579.5,508.75,64.3,85.8,1239.221,373.51,2641.0,4522.8,614.08,153.296,409.65,5995.44,178.052
2008-04,75.5,,8157.2,202.71,3136.86,90.09,2529.0,101.508,63.33,32.8,81.85,91.8635,2184.16,726.66,1354.21,91.41739,185.88,65.4171,19094.46,129.89,102.11,425.42,825.2,4165.4,873.65,0.045176,1625.35,1868.64,13288.0,716.7,22.45,1208.26,132.38,1208.35,93.394,100.2313735,86.728799,91.2,86.57742,99.85,2352.93,2015.12,11559.07,498.36,200.2,1362.23,11112.92,318.331,1223.4,2456.5,518.44,71.96,89.74,1317.06,379.99,2501.1,4929.0,668.78,163.298,459.81,5094.61,192.53
2008-05,76.58,,8340.2,202.29,3209.16,88.94,2481.0,102.497,58.5,34.83,80.12,91.7738,2311.35,758.26,1368.37,90.383925,185.13,64.0151,18172.43,127.75,92.28,420.56,843.4,4127.2,917.74,0.046021,1827.59,1977.45,13708.0,747.86,19.04,1220.99,131.25,1221.08,93.058,99.7144146,85.23868,89.51,84.73453,98.89,2375.55,2003.14,11405.64,513.14,231.19,1333.3,10965.41,340.463,1254.5,2496.8,478.81,75.64,89.71,1400.689,374.12,2602.7,4322.5,691.47,168.927,515.94,4835.83,206.506
2008-06,77.09,,7497.0,204.01,2834.77,88.8,2882.0,100.162,63.08,31.12,79.15,91.6887,2086.68,700.63,1249.51,90.89134,188.001,63.156,16425.37,126.84,101.75,472.77,828.7,3841.1,851.7,0.046227,1855.36,1785.24,12821.0,691.02,22.78,1115.06,134.18,1115.14,92.846,99.9881115,86.387992,88.14,86.29764,98.24,2101.05,1817.62,10231.58,543.24,242.37,1609.66,9836.66,328.286,1306.3,2576.3,515.72,81.4,113.47,1585.562,433.7,2669.5,4430.2,809.07,171.539,564.83,5343.94,188.951
2008-07,76.08,,7535.8,203.44,2795.19,89.75,2590.0,99.641,59.77,28.65,80.63,91.8021,2095.44,724.74,1235.85,91.533636,186.147,64.9529,16879.92,124.44,88.43,430.03,812.0,3676.2,833.76,0.047709,1699.2,1792.73,12632.0,714.8,24.23,1102.88,130.57,1102.96,93.113,100.3653693,87.07521,89.72,86.22765,98.89,2096.69,1790.71,10249.63,448.27,211.39,1281.83,9854.01,333.934,1284.6,2617.5,486.37,71.43,102.5,1075.865,359.04,2270.0,3872.0,714.14,164.103,498.21,4877.22,210.962
2008-08,69.47,,7446.5,186.89,2840.47,90.85,2586.0,95.886,55.98,24.98,81.69,91.795,2119.46,749.45,1250.97,92.503473,175.067,66.5918,15816.09,123.24,91.43,437.22,808.8,3841.4,846.3,0.046745,1663.01,1813.29,12229.0,739.18,22.19,1116.37,123.96,1116.45,93.187,100.8538182,88.520103,90.41,88.22033,99.15,2095.44,1823.25,10413.85,355.48,202.94,1228.69,10011.9,319.515,1162.8,1999.8,450.86,64.78,98.19,925.003,335.93,1919.4,4367.1,674.21,160.63,462.79,4834.31,194.15
2008-09,64.72,632.58,6842.6,184.83,2552.49,89.11,2294.0,96.305,45.93,25.4,82.47,91.3409,1795.14,687.83,1139.11,92.748806,169.932,66.7227,13434.4,126.55,72.72,391.33,684.6,3363.4,755.91,0.044315,1436.5,1535.81,11023.0,678.4,20.29,1015.19,122.46,1015.27,92.989,101.4031471,87.849496,91.55,88.11458,99.99,1926.83,1662.55,9806.34,234.86,180.69,1029.63,9427.84,300.045,1226.2,1790.9,383.24,53.4,77.8,836.069,284.98,1314.2,4345.3,531.54,152.168,403.23,4116.88,192.021
2008-10,54.62,541.21,5815.8,166.86,2184.48,89.12,1841.0,85.047,35.53,25.68,83.21,92.4857,1505.47,543.96,942.52,93.59456,153.184,66.211,10375.75,135.1,62.41,338.98,634.5,2961.3,588.33,0.037712,1245.57,1287.99,8451.0,536.5,17.86,841.18,118.37,841.24,94.634,102.0638265,86.663959,93.66,85.07128,101.52,1622.46,1471.92,8395.12,231.21,108.95,847.99,8071.09,284.185,999.9,1419.6,243.47,40.34,74.52,731.196,208.77,1062.6,3446.2,470.81,140.533,270.68,3246.59,163.906
2008-11,53.8,499.31,5388.3,159.25,2056.87,92.51,2040.0,82.35,37.37,27.26,87.25,92.7104,1335.44,479.27,872.36,98.493353,152.691,69.8542,10392.1,139.43,57.79,334.35,618.2,2899.4,532.03,0.036333,1163.96,1142.52,8053.0,472.7,17.68,778.57,112.59,778.63,95.513,103.5718305,94.217914,95.61,96.58319,102.14,1518.11,1351.92,7964.44,223.32,85.63,738.14,7657.03,264.757,1139.3,1488.6,219.57,39.04,69.25,690.355,182.97,1127.4,2979.4,445.58,131.784,207.5,3273.31,178.831
2008-12,57.76,506.34,5524.0,152.53,2025.35,97.33,2370.0,82.014,38.23,19.68,89.43,93.5233,1363.04,504.82,877.48,100.471264,167.595,73.8686,10701.31,146.49,52.16,322.68,541.2,2992.9,556.58,0.034833,1247.82,1166.14,8482.0,475.7,17.54,783.27,127.34,783.33,96.22,104.1689584,97.941846,96.91,104.58542,102.7,1514.0,1329.56,7900.41,216.94,71.31,821.39,7595.48,271.542,1230.2,1643.6,187.69,39.47,81.79,591.032,177.07,1196.3,3479.2,492.12,129.378,158.45,3562.0,162.422
2009-01,52.44,472.14,4955.6,151.33,1864.77,95.23,2464.0,81.853,38.54,18.49,87.63,93.3484,1325.66,448.75,801.92,99.72625,153.907,70.249,9789.88,147.93,55.69,342.41,426.8,2797.9,515.24,0.034201,1242.58,1134.16,7326.0,,18.82,715.74,117.05,715.79,96.367,103.9599637,95.544412,96.39,95.99131,103.01,1377.43,1246.9,7201.54,222.23,81.77,764.88,6923.57,262.943,1289.1,1828.4,195.48,38.45,84.85,463.195,172.85,1259.6,2685.3,492.12,123.092,131.23,3312.67,155.245
2009-02,53.05,448.21,4370.5,150.07,1694.16,96.29,2142.0,79.247,32.85,18.44,89.48,93.2823,1255.69,393.9,715.88,99.392428,152.848,72.0223,9447.63,135.73,53.23,316.43,423.6,2595.8,465.09,0.032591,1192.61,1074.29,6848.0,,19.85,638.9,116.41,638.95,96.147,103.9531196,94.914374,97.18,94.35754,103.38,1212.43,1121.63,6384.06,224.06,82.93,706.86,6137.65,267.566,1308.7,1902.5,202.37,36.17,74.38,438.768,156.98,1379.0,2867.3,437.5,124.285,120.93,2976.98,149.883
2009-03,57.43,481.56,4672.4,150.42,1762.53,98.38,2313.0,79.747,35.29,19.41,90.14,93.476,1392.69,430.1,778.37,101.250666,159.902,74.4389,10065.92,133.91,58.32,327.32,459.6,2682.7,507.84,0.03515,1257.53,1191.5,7724.0,,18.32,694.72,119.22,694.77,96.46,104.5680054,98.114429,97.47,99.22245,103.47,1278.24,1147.76,6898.64,250.5,84.79,796.94,6632.37,266.953,1281.3,1884.3,242.62,39.09,81.41,387.544,156.18,1428.1,2821.9,477.64,121.675,130.54,3041.2,150.396
2009-04,60.35,508.57,5427.6,155.37,1999.99,96.18,2096.0,84.195,40.58,15.81,88.93,93.6225,1568.26,496.87,852.07,99.865313,159.637,72.8621,11558.37,134.35,61.04,322.21,432.0,2905.1,582.89,0.036069,1317.79,1341.71,8214.0,,20.19,760.45,119.14,760.51,96.538,104.4030362,95.630989,97.1,93.75989,103.31,1478.45,1279.25,7413.17,249.82,86.29,775.81,7127.03,279.203,1234.5,1784.8,270.22,42.1,92.83,334.261,157.06,1400.1,2954.7,531.88,122.867,128.36,2996.44,134.038
2009-05,66.2,513.02,5689.9,169.19,2127.68,94.01,2284.0,91.818,42.53,15.03,86.81,93.873,1615.53,511.78,899.08,99.083485,170.11,71.4888,13701.55,139.31,69.03,381.98,468.4,3031.8,598.5,0.038135,1545.51,1382.15,8818.0,,21.9,802.5,127.03,802.56,96.646,104.5382217,93.72166,96.15,91.05598,103.37,1583.04,1384.83,7743.41,270.94,112.42,838.78,7444.53,284.486,1355.6,2260.6,290.02,45.03,107.43,369.32,194.19,1513.2,2784.4,596.92,120.408,163.41,3559.15,132.873
2009-06,67.08,529.7,5490.2,172.65,2045.63,94.55,2203.0,86.388,39.32,13.19,88.17,93.9344,1662.77,520.28,900.46,98.439911,169.172,71.9826,13904.52,137.74,56.1,327.91,466.6,2934.2,603.1,0.038444,1274.67,1422.57,9099.0,,23.42,803.73,124.89,803.79,96.616,104.2519395,93.133396,96.81,91.60015,103.44,1542.69,1342.04,7705.19,286.34,113.74,668.21,7407.78,287.917,1282.5,1964.8,298.39,40.45,112.57,355.045,167.41,1490.9,2763.0,594.0,125.448,170.55,2869.04,120.81
2009-07,69.48,571.25,6077.2,175.0,2231.44,93.92,2538.0,93.0,41.06,13.75,89.08,94.0999,1804.41,570.23,968.33,99.009742,171.751,71.5803,15398.06,139.88,64.95,349.66,432.1,3183.2,655.49,0.03838,1216.84,1543.75,9474.0,,24.42,864.22,126.81,864.28,96.919,104.4252161,93.946953,97.47,92.09593,103.7,1689.46,1462.36,8377.12,301.92,120.8,639.93,8053.78,286.587,1318.0,2013.9,344.56,40.33,106.78,325.168,147.32,1527.2,3082.1,584.22,125.005,166.72,2802.72,116.168
2009-08,70.38,607.09,6232.0,170.58,2387.87,95.12,2422.0,91.555,40.87,13.38,89.36,94.3058,1830.32,586.44,1003.0,100.034754,172.666,73.2019,14884.54,142.61,64.81,326.9,389.5,3421.5,683.93,0.038074,1058.21,1565.91,9543.0,,32.01,895.21,127.86,895.27,97.125,104.9693041,95.056108,97.68,93.64821,103.86,1779.19,1536.6,8707.58,333.37,114.36,612.98,8371.48,273.321,1314.8,2150.6,369.49,40.1,105.71,235.774,156.87,1564.7,3092.6,582.73,120.119,163.3,2499.57,103.775
2009-09,73.75,642.87,6480.7,167.79,2480.99,95.8,2722.0,93.943,42.99,13.68,89.64,94.3911,1936.83,621.09,1040.24,100.767112,176.462,73.2513,15864.04,147.28,62.85,341.6,365.9,3563.9,721.07,0.037765,967.24,1657.04,9268.0,,31.37,928.31,130.74,928.38,97.271,105.2725521,95.955733,98.08,94.91901,104.21,1847.99,1584.31,8916.02,339.84,110.37,639.47,8571.89,272.314,1391.7,2400.6,368.51,38.67,101.45,297.598,162.45,1631.8,2924.5,551.5,120.336,164.06,2292.84,108.917
2009-10,75.39,626.21,6145.0,172.43,2354.46,95.16,2859.0,92.92,46.27,14.13,89.93,94.4385,1878.19,578.66,1020.48,101.079043,177.438,73.239,16467.73,146.63,76.73,362.18,405.4,3500.9,687.8,0.038758,1008.55,1606.87,9185.0,,28.18,910.76,132.06,910.83,97.232,105.5833818,96.183807,98.25,93.96591,104.26,1754.56,1550.59,8926.18,367.16,122.48,680.37,8581.66,267.446,1434.6,2342.6,386.35,41.0,105.53,259.544,177.44,1661.1,3168.3,580.23,119.707,177.72,2477.02,124.508
2009-11,76.71,635.82,6435.8,172.22,2415.26,98.13,2781.0,94.906,48.06,14.1,91.18,94.4432,1993.22,596.58,1081.48,102.812812,180.631,74.1911,16556.04,152.94,79.05,370.98,473.0,3637.7,715.63,0.039659,1121.76,1705.28,8539.0,,27.97,965.25,134.51,965.32,97.203,106.2514793,98.280592,99.39,96.46328,104.63,1809.33,1584.96,9545.03,414.41,123.99,745.59,9176.62,258.633,1628.3,2664.5,411.86,45.21,114.53,230.247,177.59,1828.8,3301.0,630.14,116.879,177.05,2843.93,128.997
2009-12,75.66,662.6,6781.1,169.43,2590.33,95.27,2807.0,95.929,48.65,13.17,89.62,94.4716,2098.46,645.21,1101.81,100.285303,172.773,71.6676,16686.27,141.96,83.36,355.17,393.8,3783.4,760.83,0.039492,1040.17,1795.32,9797.0,,33.29,983.49,130.78,983.56,97.271,105.4590695,94.605953,98.62,90.69071,104.57,1917.72,1686.72,9630.53,462.68,124.73,740.24,9258.82,266.703,1509.7,2422.8,433.84,44.96,113.07,263.172,183.9,1835.7,3149.5,618.37,117.492,177.34,2615.69,126.538
2010-01,74.8,617.38,6327.7,167.75,2455.69,97.67,2717.0,93.802,44.43,13.1,91.42,94.5332,1963.55,621.53,1061.89,102.107302,167.12,72.4253,15371.22,146.43,87.92,344.07,417.3,3633.1,736.06,0.039661,955.71,1679.9,9333.0,,36.94,947.81,127.53,947.87,97.311,106.2819566,96.820979,100.09,93.39276,105.15,1769.31,1598.68,9307.19,466.98,115.71,636.66,8947.96,273.835,1491.3,2328.6,395.72,39.86,101.13,243.198,151.37,1879.4,3003.6,539.05,116.671,161.81,2289.63,128.086
2010-02,76.0,625.12,6375.5,159.97,2435.99,97.57,2461.0,95.377,53.07,12.55,91.94,94.5997,2053.02,649.35,1094.62,102.667271,164.179,72.5811,15683.56,148.75,90.26,338.66,431.6,3765.8,774.26,0.040677,989.19,1756.44,9282.0,,30.1,977.03,125.9,977.1,97.291,106.5649839,97.431083,100.85,93.67567,105.68,1760.92,1624.3,9580.36,489.25,124.46,672.74,9210.58,279.858,1539.6,2372.5,422.96,43.24,102.09,229.104,147.33,1921.7,2839.7,561.13,120.0,175.96,2437.29,135.928
2010-03,77.96,659.59,7000.8,159.32,2611.62,96.19,2505.0,98.839,51.84,12.2,92.33,94.5807,2210.85,702.84,1160.69,101.698712,162.865,72.8032,16250.42,141.4,85.04,351.44,452.9,3993.9,829.61,0.042318,900.45,1891.47,10247.0,,21.16,1035.91,128.32,1035.98,97.33,106.3275948,96.407402,101.13,92.43197,105.77,1895.05,1724.59,10091.14,541.36,131.15,596.65,9701.65,302.342,1531.9,2516.8,457.67,41.72,100.51,181.303,132.95,2047.5,2520.8,549.45,125.389,184.25,2114.59,138.221
2010-04,78.89,651.48,6928.7,160.36,2504.99,96.41,2706.0,98.668,53.08,12.55,93.35,94.4858,2259.18,742.7,1178.87,102.598089,160.43,73.5582,16165.2,140.71,84.94,344.57,459.7,3920.6,864.88,0.042647,984.12,1932.82,10201.0,,19.16,1052.09,125.57,1052.16,97.262,106.633904,97.780948,101.95,94.77013,106.16,1801.82,1653.9,10243.49,626.86,135.59,631.81,9848.11,301.874,1622.9,2672.1,429.18,41.9,110.91,179.863,134.46,2169.6,2546.3,577.23,126.294,187.94,2301.96,143.932
2010-05,72.37,599.97,6778.8,152.12,2359.57,99.25,2477.0,95.447,50.51,12.17,96.62,94.353,2093.57,686.23,1084.24,104.062667,148.567,75.9933,15271.95,145.55,88.12,341.9,339.2,3692.4,802.35,0.040777,926.44,1791.13,9009.0,,17.95,967.72,116.9,967.79,97.301,107.239245,100.122924,103.94,97.92471,106.78,1721.15,1595.21,9464.01,520.85,114.06,604.45,9098.72,282.264,1667.5,2641.0,397.31,40.48,103.49,195.142,120.15,1926.3,2349.4,541.84,120.789,153.91,2094.88,136.137
2010-06,72.52,577.62,6709.5,157.01,2325.5,101.38,2444.0,94.384,50.07,12.47,97.59,94.5338,1966.63,633.46,1026.62,105.560824,147.515,77.6876,15602.5,149.25,91.25,417.65,293.3,3498.7,749.46,0.040885,917.51,1682.53,8649.0,,20.59,916.42,125.35,916.49,97.389,107.5772242,102.354548,104.67,101.7918,106.89,1678.22,1535.98,9135.24,499.44,116.13,595.26,8782.64,294.305,1709.9,2675.4,375.37,39.06,107.96,205.514,157.08,1900.5,1961.2,541.59,121.838,154.9,2127.62,129.44
2010-07,77.85,604.86,7002.4,164.75,2460.1,101.48,2566.0,97.486,51.63,13.24,96.93,94.7669,2107.23,677.03,1098.37,106.877808,157.223,77.9828,16327.56,152.81,90.18,443.96,286.5,3760.0,800.97,0.041775,1231.85,1802.81,8815.0,,25.09,980.42,129.73,980.49,97.468,107.7231692,103.411633,103.88,102.76481,106.6,1818.79,1640.67,9794.34,561.93,120.05,644.49,9416.3,296.062,1619.8,2574.6,421.3,42.57,119.47,219.231,168.26,1949.3,2137.3,606.6,126.494,160.56,2930.6,136.109
2010-08,76.8,594.56,6710.6,160.95,2357.63,104.49,2249.0,94.042,56.5,13.66,101.42,94.8216,1998.88,627.0,1048.37,108.030756,152.502,81.2595,15893.46,156.92,84.75,445.05,280.3,3728.8,761.17,0.04006,1234.92,1710.12,8131.0,,25.32,935.79,132.71,935.86,97.497,107.8691347,105.661251,106.15,108.92112,107.16,1735.24,1616.82,9407.9,561.83,108.15,696.01,9044.78,296.191,1710.6,2771.2,426.09,42.05,121.61,169.299,163.99,1883.4,2241.8,609.62,130.071,145.43,2897.22,129.435
2010-09,83.92,620.42,7076.2,164.99,2509.26,104.64,2314.0,97.7,66.81,14.31,100.22,94.874,2261.01,705.54,1141.81,108.521773,164.247,80.6497,17471.06,158.14,94.74,456.52,307.8,3978.4,847.13,0.042348,1265.64,1934.39,8734.0,,31.45,1019.25,137.36,1019.32,97.517,108.0383412,106.016083,105.45,107.86241,106.66,1821.45,1636.09,10146.49,639.52,119.03,785.53,9754.86,287.306,1791.7,3111.9,461.68,47.34,126.43,164.468,202.65,2045.2,2484.0,668.01,130.33,159.79,2847.58,133.305
2010-10,85.29,626.76,7517.6,168.21,2592.89,104.58,2300.0,98.505,82.11,13.74,98.64,94.9073,2404.35,734.51,1185.0,109.160094,167.307,80.027,18028.45,163.78,95.09,507.4,348.5,4073.0,876.14,0.043274,1363.5,2057.01,8534.0,,39.01,1057.8,136.77,1057.88,97.537,108.2844597,106.213213,104.68,105.61895,106.49,1894.82,1680.44,10471.05,722.2,121.27,922.2,10066.89,283.702,1857.4,3503.1,472.05,51.76,139.12,154.476,218.06,2105.0,2854.5,738.95,129.315,161.36,3030.31,117.861
2010-11,83.95,619.48,7605.0,163.54,2455.21,102.37,2280.0,98.032,80.35,13.49,97.36,94.7477,2398.68,759.93,1184.75,108.268305,156.718,79.2836,18052.75,157.59,89.97,495.48,307.4,3989.2,901.97,0.043032,1306.19,2052.17,9250.0,,36.9,1057.71,134.3,1057.79,97.517,108.0537064,105.119936,104.85,103.85619,106.91,1770.1,1644.7,10404.81,785.18,129.83,839.42,10003.21,305.697,1893.5,4012.3,482.55,53.17,139.54,153.802,200.03,2054.8,2690.7,743.14,133.953,165.76,2748.82,123.017
2010-12,89.8,638.37,7841.2,163.78,2587.49,102.45,2465.0,101.234,99.16,13.2,95.67,94.9478,2512.57,820.76,1263.72,106.341622,161.092,78.346,18068.4,162.29,101.72,592.27,375.9,4267.8,960.78,0.043519,1514.51,2149.6,9525.0,,43.03,1128.12,144.23,1128.2,97.596,107.8228224,102.009879,104.07,99.6489,106.91,1864.79,1718.18,10954.72,897.2,144.73,970.58,10531.9,312.622,1941.7,4399.9,560.94,60.28,151.5,160.619,225.17,2186.1,2711.5,831.74,136.44,179.03,3161.84,129.47
2011-01,87.86,637.83,8044.9,168.4,2719.81,101.37,2723.0,100.569,115.35,16.49,94.14,94.9669,2585.13,818.56,1293.47,106.969735,164.997,76.9297,18292.97,160.55,104.83,602.86,364.2,4224.4,979.67,0.044315,1683.32,2211.68,9525.0,,45.5,1154.59,142.75,1154.67,97.556,107.9613528,102.314268,102.11,98.42497,105.94,1980.93,1760.78,11265.87,915.97,148.49,1017.64,10831.03,324.578,1820.8,4006.2,562.39,59.78,154.1,161.166,226.32,2214.0,2943.0,837.67,137.158,177.97,3346.95,140.582
2011-02,90.09,651.32,8255.5,171.0,2789.03,101.63,2982.0,103.754,133.09,17.41,94.71,95.0121,2665.35,863.36,1337.35,106.514165,166.359,77.3613,18294.54,161.05,110.43,663.26,339.4,4326.1,1025.1,0.044558,1598.34,2280.31,9888.0,,43.06,1193.93,144.95,1194.02,97.556,107.9003813,101.948838,102.62,99.48211,105.95,2014.3,1801.39,11621.73,891.25,162.03,1111.52,11173.16,329.84,1923.7,4811.5,565.42,58.56,145.04,145.956,213.91,2224.2,2638.2,801.45,135.775,180.51,3125.09,132.805
2011-03,92.01,652.76,7983.7,168.92,2705.41,101.42,2382.0,104.087,139.35,15.8,93.51,95.0169,2651.49,885.79,1337.39,106.37896,171.197,77.6861,18472.59,158.39,102.94,644.83,333.9,4293.0,1049.9,0.045468,1569.04,2268.46,9115.0,,39.64,1193.7,146.88,1193.78,97.606,107.8154259,101.935457,101.49,99.35294,105.52,1949.99,1727.03,11719.5,855.92,173.77,1054.12,11267.16,344.347,1962.7,5390.3,541.65,60.04,148.56,155.834,206.19,2187.5,2596.4,828.17,146.537,196.33,2919.49,138.535
2011-04,97.74,645.11,8500.0,175.75,2794.96,102.78,2686.0,106.673,121.12,15.52,94.84,95.0789,2724.69,909.15,1376.62,107.908926,178.911,79.0056,18583.27,162.21,107.62,724.34,260.8,4401.3,1078.08,0.047127,1594.73,2331.08,9326.0,,34.83,1228.67,155.8,1228.76,97.793,108.3097087,103.741874,102.17,101.16124,105.66,2022.52,1781.88,12201.59,882.95,190.87,1139.1,11730.64,325.879,2121.5,6911.4,523.24,59.18,143.68,164.458,193.69,2288.4,2710.8,813.17,137.3,208.52,2935.42,126.999
2011-05,95.35,632.09,8261.8,173.11,2780.67,104.48,2411.0,104.209,121.62,17.02,96.58,95.0956,2691.78,892.21,1360.67,109.588073,173.587,80.4583,18746.51,161.46,116.42,639.19,240.6,4352.1,1063.3,0.046964,1724.26,2302.93,9082.0,,36.28,1214.39,157.67,1214.48,97.813,108.7275077,106.186719,103.45,104.27,106.11,1965.04,1785.95,12012.2,868.51,177.95,1125.55,11548.56,298.849,2093.2,5447.5,523.05,59.09,140.4,160.876,212.1,2249.8,2734.4,802.67,126.969,186.91,2865.81,120.652
2011-06,96.37,618.97,8313.0,169.13,2772.58,104.26,2539.0,104.868,107.29,17.44,97.03,95.0813,2638.59,872.18,1337.58,109.638376,175.417,80.5052,17849.28,163.5,123.32,633.48,242.0,4332.7,1041.39,0.046558,1363.79,2257.41,9204.0,,43.16,1193.78,160.09,1193.86,97.832,108.8050152,105.943141,103.82,102.75619,106.32,1956.24,1734.49,11875.58,845.88,174.13,983.02,11417.22,331.768,2046.9,4951.7,533.78,55.55,132.18,149.597,186.2,2113.3,2507.5,758.05,133.596,172.68,2150.66,124.033
2011-07,99.13,588.84,8020.0,173.05,2556.7,107.22,2396.0,105.86,92.07,19.7,100.97,95.0526,2682.07,840.59,1310.13,111.707974,173.722,83.8152,17803.64,170.72,131.66,571.34,232.2,4246.1,1004.27,0.046599,1425.11,2294.62,9214.0,,48.85,1169.18,170.51,1169.27,97.842,109.0917934,108.852551,106.48,107.01051,107.19,1815.14,1688.41,11628.36,920.44,181.65,1009.57,11179.53,329.305,2218.9,5701.4,558.33,55.88,139.4,142.581,188.66,2185.8,2722.1,787.32,135.952,172.29,2354.61,136.977
2011-08,96.73,577.0,6465.4,171.1,2264.23,109.99,2478.0,103.349,95.73,17.97,103.85,95.0646,2547.35,767.36,1238.19,113.606062,174.073,85.5928,16378.39,171.74,107.93,677.4,225.8,3953.6,932.5,0.044445,1666.88,2179.36,8407.0,,48.63,1105.03,167.12,1105.11,97.783,109.4173385,112.558105,108.28,114.64459,108.07,1576.77,1508.87,11161.8,876.85,180.68,1141.42,10730.98,315.997,2491.6,5932.8,521.57,58.49,150.66,139.097,197.67,2272.6,2977.0,845.47,132.128,159.2,2660.22,126.748
2011-09,88.11,536.71,6128.1,164.61,2079.12,112.87,2076.0,96.98,90.64,16.1,106.92,95.0408,2432.04,681.23,1150.42,113.548122,162.506,87.975,13932.63,170.58,101.95,537.93,190.3,3755.0,833.57,0.03957,1571.34,2080.71,8245.0,,42.91,1026.69,148.32,1026.77,97.862,109.2700226,113.484958,109.69,120.20168,108.35,1479.49,1456.71,10494.97,681.73,161.54,881.16,10089.89,334.506,2206.8,4273.0,391.01,49.72,119.89,122.16,174.05,1860.6,2646.0,683.92,142.122,141.7,2047.68,138.783
2011-10,96.54,574.82,6869.1,170.07,2260.16,111.52,2146.0,101.941,92.54,17.83,106.28,95.0646,2684.41,785.08,1276.34,113.664002,168.623,86.8584,15860.1,168.4,119.67,533.34,202.1,4085.4,948.3,0.041587,1600.4,2296.62,8516.0,,43.73,1139.12,153.67,1139.2,97.852,109.3087896,112.585365,110.32,117.17293,108.55,1624.13,1590.33,11517.26,722.33,169.81,962.22,11072.73,328.643,2346.8,4879.7,450.55,50.67,122.81,123.869,177.5,1963.2,2753.2,701.19,137.429,166.38,2111.54,138.269
2011-11,93.86,552.01,6883.7,165.54,2202.49,114.36,1817.0,99.415,85.8,18.69,104.46,95.1175,2614.91,782.32,1273.02,114.003625,162.76,87.4616,14503.74,169.43,124.44,548.62,183.5,4051.9,945.09,0.040358,1507.44,2237.16,8003.0,,40.2,1136.11,146.91,1136.19,97.852,109.3708051,113.397832,109.81,119.27643,108.95,1612.42,1586.21,11649.89,677.14,166.8,893.38,11200.23,331.447,2376.6,4648.9,441.34,48.78,112.86,107.491,166.7,1906.0,2415.4,651.65,141.818,179.36,2004.35,139.231
2011-12,94.17,541.52,6641.2,163.6,2214.37,115.93,1662.0,99.83,86.64,18.84,108.6,95.0744,2595.75,788.46,1285.51,114.577347,157.021,90.1201,14800.09,170.54,121.27,525.34,207.8,4112.3,941.31,0.039715,1555.03,2220.76,8055.0,,39.54,1147.39,142.85,1147.47,97.803,109.3940562,114.959484,112.0,122.1766,109.34,1590.93,1643.33,11828.04,725.27,172.39,949.95,11371.51,332.185,2127.5,3956.0,424.12,51.3,119.41,89.164,161.23,1707.3,2378.3,690.03,139.351,176.29,2130.84,128.17
2012-01,97.78,569.41,7301.9,166.23,2312.0,116.57,1806.0,101.273,88.01,17.63,109.25,95.2563,2812.3,844.38,1342.73,115.310839,158.45,90.3513,16341.43,172.17,150.7,498.02,197.5,4192.9,1003.11,0.042553,1515.22,2406.03,8379.0,,40.11,1198.32,145.61,1198.41,97.921,109.4948083,115.94579,112.45,122.70391,109.39,1679.43,1681.76,12243.73,758.66,187.1,938.93,11771.15,346.445,2359.2,4713.8,467.81,49.78,121.78,73.485,155.24,1929.9,2239.9,685.04,143.494,175.32,2174.1,133.803
2012-02,99.43,577.77,7708.8,168.02,2415.23,116.01,1827.0,102.778,84.81,16.59,109.2,95.285,2990.33,864.44,1400.46,114.671814,161.513,89.7859,17425.6,161.51,134.78,466.14,211.5,4347.8,1043.89,0.04336,1491.4,2561.03,9250.0,,43.96,1249.8,148.19,1249.89,97.892,109.3242972,115.055436,112.35,120.73,109.39,1735.43,1729.97,12594.19,781.05,200.85,960.74,12108.08,350.232,2319.8,4899.3,477.86,52.92,133.58,76.803,168.33,2056.9,2274.0,750.62,144.805,189.92,2167.78,134.631
2012-03,96.06,583.62,7835.6,168.87,2404.15,114.82,1737.0,101.955,87.7,17.07,109.11,95.2658,3145.89,887.58,1446.38,114.082672,161.427,89.38,16473.72,158.17,119.36,418.44,200.5,4294.0,1057.84,0.043446,1540.14,2691.44,9757.0,,43.44,1290.88,148.24,1290.97,97.833,109.2777598,113.764992,112.32,117.40081,109.35,1718.54,1722.66,12862.87,721.18,204.19,940.3,12387.73,322.499,2263.1,4594.1,471.15,53.53,147.13,59.598,182.65,1992.3,2322.0,797.82,133.32,181.94,2144.26,124.342
2012-04,96.98,590.6,7631.6,171.41,2254.43,115.54,1718.0,103.044,86.03,16.38,111.53,95.2611,3109.87,873.85,1436.33,115.253683,160.253,90.2386,16975.2,164.17,104.05,406.54,219.0,4283.1,1054.96,0.042815,1434.94,2660.62,9072.0,,37.78,1282.04,147.46,1282.14,97.783,109.4794222,116.222327,113.56,121.76871,109.66,1615.98,1699.12,12875.59,752.33,196.93,940.66,12399.99,324.013,2252.7,4376.9,470.62,53.06,163.28,61.022,183.69,1904.8,2340.9,854.63,131.024,184.22,2099.26,118.187
2012-05,90.99,547.08,7048.1,162.77,2159.41,118.82,1613.0,98.563,68.85,18.19,115.55,95.2611,2886.57,816.16,1349.49,115.894525,149.676,94.9686,15159.06,167.19,82.19,363.75,218.3,3963.5,985.88,0.039102,1378.62,2469.58,8124.0,,34.74,1204.4,137.73,1204.49,97.803,109.5105199,118.563658,115.07,128.11446,109.9,1507.73,1606.39,12119.99,674.65,175.57,823.49,11672.3,327.193,2114.2,3917.0,413.6,47.42,147.91,62.769,149.26,1717.8,2200.8,760.68,134.815,151.49,2064.78,123.179
2012-06,95.88,550.49,7229.5,165.66,2302.73,119.0,1786.0,100.163,75.92,19.26,112.27,95.3329,2991.68,857.42,1405.13,115.690383,153.185,93.7953,15928.5,163.99,95.17,382.08,212.4,4172.4,995.01,0.042047,1695.34,2559.5,8748.0,,38.67,1254.21,140.93,1254.3,98.0,109.4018324,118.065723,113.6,126.61699,109.58,1626.64,1704.86,12610.09,642.4,173.83,993.54,12172.95,316.03,2168.3,3887.7,428.6,50.31,162.66,71.819,183.11,1753.9,2203.4,850.31,136.572,148.23,2368.86,134.992
2012-07,98.7,573.56,7589.6,165.7,2374.27,119.42,1853.0,101.653,75.94,18.9,115.16,95.4239,3022.34,845.78,1423.78,116.448626,148.892,95.9766,16178.31,167.54,85.91,390.36,219.7,4235.1,994.06,0.042273,1914.66,2585.73,8254.0,,41.67,1268.27,136.87,1271.13,98.188,109.6114446,119.199907,115.43,129.23757,110.07,1661.78,1773.95,12748.91,648.99,192.52,1274.92,12306.96,289.268,2176.0,3930.2,418.91,50.54,201.81,81.903,205.99,1711.0,2374.5,981.49,135.325,152.93,2778.66,134.566
2012-08,97.22,584.55,7816.5,167.83,2460.99,118.71,2030.0,103.51,82.24,19.52,114.71,95.4526,3176.53,874.34,1455.37,116.668875,152.145,96.0383,15968.9,167.02,109.66,362.01,225.3,4305.0,1028.16,0.042824,1873.87,2717.65,8527.0,,36.4,1299.24,139.85,1299.34,98.139,109.6036888,119.332378,115.31,128.85345,110.03,1742.11,1802.73,12876.9,689.75,220.84,1252.94,12430.52,301.736,2274.4,4414.1,422.77,54.0,217.51,70.275,217.3,1856.4,2283.6,1050.57,137.093,167.03,2717.68,124.302
2012-09,97.95,594.18,8137.3,170.56,2431.24,119.27,1957.0,103.775,75.2,20.54,114.07,95.4862,3208.35,903.84,1492.93,116.63963,155.385,95.7762,17235.41,167.74,104.31,381.24,222.1,4337.7,1038.44,0.043973,1894.12,2744.87,8590.0,,36.29,1332.54,141.92,1332.63,98.089,109.5803965,119.123219,114.88,127.12477,109.86,1768.98,1812.02,13224.85,702.24,225.8,1184.79,12786.62,296.085,2390.7,4854.2,459.58,49.82,198.55,79.209,202.54,2010.9,2312.0,957.56,132.906,159.06,2757.4,127.744
2012-10,98.3,610.44,8160.9,170.47,2484.34,119.08,1858.0,102.128,74.58,20.64,114.26,95.491,3034.25,884.12,1464.3,116.281368,156.654,94.6011,17895.08,163.94,97.83,339.82,253.8,4376.4,1029.6,0.043318,1861.52,2595.92,8653.0,,34.58,1307.08,143.19,1307.17,98.08,109.4794656,118.718844,115.15,127.07158,109.88,1800.71,1817.8,12903.02,668.27,212.36,1184.01,12475.45,298.443,2316.9,4536.8,430.17,47.45,196.64,80.014,212.65,1899.7,2214.1,924.96,134.212,148.16,2641.3,135.582
2012-11,98.96,612.07,8331.7,169.37,2582.9,119.93,1941.0,102.926,79.08,19.74,115.27,95.4934,3074.76,889.0,1472.37,116.881473,157.052,95.3748,18182.39,158.67,113.21,318.9,260.6,4459.6,1052.02,0.043959,1829.13,2630.58,9142.0,,34.37,1314.14,143.75,1314.23,98.08,109.5648809,119.711595,115.78,128.86403,109.97,1860.57,1848.84,12881.23,752.45,223.85,1172.59,12454.39,293.471,2305.1,4659.5,445.04,46.77,179.27,74.921,202.12,1933.0,2233.1,859.26,134.782,151.9,2593.75,142.775
2012-12,98.84,629.04,8549.0,171.7,2649.82,118.9,1737.0,102.833,80.4,18.97,115.95,95.5125,3057.21,920.83,1484.6,116.595932,159.405,95.0312,18715.04,150.84,106.58,304.5,286.5,4471.0,1074.04,0.044114,1690.0,2615.57,10063.0,,34.67,1325.19,145.64,1325.29,98.099,109.572646,118.941791,116.27,126.66352,110.01,1891.57,1852.99,12965.71,769.02,225.65,1087.69,12536.07,305.11,2255.4,4232.2,445.35,46.34,173.85,69.673,185.45,1853.2,2176.9,842.68,136.746,155.89,2336.93,140.804
2013-01,99.56,660.25,8726.9,167.61,2714.55,117.29,1713.0,102.608,88.75,17.65,112.99,95.5077,3137.52,979.02,1561.18,115.958956,163.87,92.9934,19611.83,142.94,108.71,311.17,269.4,4786.0,1151.16,0.044946,1689.03,2684.28,10762.0,,33.37,1393.5,146.32,1393.6,98.099,109.5493497,117.598132,114.31,123.20174,109.44,1952.33,1908.28,13732.09,815.32,246.89,1153.5,13277.05,295.308,2233.9,4389.6,455.04,49.29,176.75,69.404,192.12,2013.0,2224.3,877.95,132.591,164.72,2341.43,143.292
2013-02,97.72,692.96,8683.7,160.41,2708.01,118.79,1662.0,99.411,89.3,17.97,115.6,95.5173,3152.49,990.0,1582.09,116.619292,157.679,94.0759,18986.97,140.92,115.58,296.61,290.5,4861.3,1162.24,0.044946,1543.99,2697.08,11150.0,,33.08,1412.16,142.04,1412.27,98.129,109.6270343,118.892332,116.07,124.76978,109.99,1898.8,1918.46,13971.95,801.06,237.97,1104.26,13508.96,280.4,2121.1,3972.3,430.54,45.47,181.22,70.996,205.68,1902.6,2221.0,878.42,129.646,154.64,2138.04,129.901
2013-03,99.79,675.69,8778.8,160.42,2721.24,119.72,1690.0,100.817,92.62,18.3,117.33,95.4981,3241.48,1035.67,1638.9,116.685428,154.664,95.7609,18415.25,138.79,122.22,284.08,294.5,4905.0,1216.43,0.046538,1502.58,2773.22,12114.0,,31.77,1462.82,140.15,1462.93,98.05,109.6192653,119.287745,116.79,125.36637,110.12,1900.64,1967.63,14488.72,837.81,239.38,1091.31,14008.61,276.388,2142.3,3957.1,412.88,46.39,168.33,81.177,216.04,1887.0,2161.8,849.69,129.1,162.5,2057.99,127.496
2013-04,99.52,703.03,8884.0,164.24,2820.26,121.24,1826.0,101.772,89.45,18.93,118.24,95.5508,3321.05,1031.52,1669.84,117.236559,158.801,96.7525,18762.96,133.89,127.37,275.18,260.1,4930.1,1223.51,0.047507,1620.78,2841.29,13523.0,,31.82,1490.44,143.06,1490.55,98.07,109.7047289,120.530473,116.81,128.75612,110.03,1978.44,1997.92,14764.56,760.98,214.89,1050.91,14275.31,265.862,1976.3,3371.6,385.08,45.54,176.69,87.013,218.03,1806.2,2088.2,874.21,126.531,155.65,2179.73,129.595
2013-05,92.17,671.06,9300.0,160.58,2945.05,117.57,1690.0,98.98,81.16,17.29,116.0,95.5365,3436.65,1073.0,1708.38,115.602508,156.594,93.9418,18622.7,129.67,137.3,258.78,227.3,5076.9,1250.67,0.045033,1616.84,2940.19,13348.0,,29.92,1524.89,138.5,1525.0,98.06,109.51044,117.642376,116.2,122.31753,109.95,2036.98,2026.74,15091.37,819.64,212.3,1070.31,14591.29,258.695,1868.5,3100.9,397.76,44.77,190.63,78.887,208.29,1751.8,2114.5,943.58,126.441,152.78,2103.69,133.598
2013-06,88.34,653.87,8878.3,160.93,2794.79,114.2,1666.0,97.783,87.69,16.13,114.04,95.5365,3351.87,1067.46,1683.45,114.311395,156.993,90.7701,17308.28,131.6,116.46,241.3,220.9,4791.7,1226.7,0.04471,1571.55,2867.65,13275.0,,30.25,1502.59,140.79,1502.7,98.011,109.4404847,115.224092,115.0,118.65974,109.69,1926.53,1922.39,14883.1,718.55,210.19,989.03,14389.92,267.881,1641.4,2708.6,368.84,42.88,197.8,70.192,210.62,1600.9,2157.3,944.49,128.095,160.02,1941.83,141.99
2013-07,87.09,686.91,9241.9,161.33,2985.98,114.32,1769.0,100.262,88.91,16.52,115.17,95.57,3561.85,1142.15,1768.98,114.613884,160.803,91.4029,18294.3,133.48,130.22,237.69,229.3,5104.3,1302.55,0.045527,1503.11,3047.3,13280.0,,30.34,1578.88,143.81,1579.0,98.08,109.5959399,115.110291,115.75,117.10381,109.81,2051.16,1990.65,15494.53,789.95,235.61,901.83,14981.09,275.006,1759.7,2730.6,376.2,39.71,209.48,67.83,195.67,1707.8,2189.9,931.61,127.477,175.53,1961.02,139.986
2013-08,86.26,701.72,9035.8,163.99,2945.2,113.17,1866.0,97.659,87.15,15.58,113.3,95.594,3550.87,1106.23,1717.14,113.90834,159.224,88.7422,18114.57,132.92,123.83,228.07,236.7,4983.4,1253.18,0.043559,1466.71,3037.91,13012.0,,29.21,1532.66,142.62,1532.77,98.04,109.5183426,114.276971,114.81,116.46281,109.69,2017.03,1981.01,14853.99,785.29,237.47,897.69,14361.77,275.412,1871.1,3264.5,389.3,41.19,243.03,69.968,214.79,1824.6,2186.5,1048.42,128.823,181.3,1899.54,147.21
2013-09,90.55,715.71,9627.9,171.34,3105.83,113.91,2022.0,99.894,91.03,15.49,115.03,95.6084,3715.31,1177.38,1769.21,115.209596,163.007,89.4885,19254.26,132.84,118.38,222.97,254.2,5021.1,1317.63,0.044465,1463.7,3178.59,14225.0,,31.41,1579.23,146.85,1579.34,98.06,109.7753187,116.216547,115.98,117.7596,109.89,2154.39,2061.92,15177.27,788.87,216.84,822.26,14674.34,283.98,1778.5,3013.9,400.14,38.22,232.54,68.156,201.39,1683.9,2100.4,990.69,130.132,173.8,1970.7,153.949
2013-10,92.04,742.15,10088.9,169.97,3222.83,115.42,2050.0,98.842,80.56,16.65,116.2,95.6419,3900.55,1206.39,1850.31,115.819328,163.791,90.251,19547.61,132.65,110.31,206.7,267.0,5239.0,1366.27,0.045008,1466.71,3337.08,14063.0,,31.72,1651.57,146.56,1651.69,98.075,109.8531901,117.107315,116.73,119.0288,110.01,2280.38,2142.51,15612.03,799.34,214.61,797.59,15094.69,281.885,1774.0,3036.0,397.43,38.44,231.51,66.282,208.32,1726.8,2073.8,980.01,130.872,163.88,1938.75,158.481
2013-11,88.73,730.23,10518.5,173.28,3224.71,114.31,2116.0,97.007,81.82,16.87,115.93,95.6491,4037.75,1254.63,1906.32,115.924185,163.73,89.1345,20106.57,127.29,125.9,211.19,264.7,5194.1,1384.01,0.044715,1402.89,3454.45,15380.0,,29.69,1701.66,146.31,1701.78,98.08,109.9544942,116.476047,116.76,116.71387,110.02,2299.01,2166.39,16206.17,778.17,221.52,778.64,15669.14,283.339,1674.9,2775.5,385.03,37.39,253.83,72.239,220.41,1631.9,2191.2,1034.38,131.306,157.08,1924.58,152.466
2013-12,87.2,733.45,10725.9,175.48,3230.88,112.57,2056.0,97.069,87.28,18.37,113.81,95.6299,4155.17,1280.12,1952.27,114.381325,166.165,87.1711,19587.07,123.85,124.82,210.91,261.3,5270.9,1425.56,0.044902,1259.62,3554.91,15934.0,,28.41,1742.62,149.19,1742.75,98.075,109.7127326,114.313169,115.35,114.53804,109.77,2323.8,2164.36,16696.95,776.71,230.66,774.05,16143.66,285.436,1610.4,2683.6,408.03,35.89,249.7,76.976,235.54,1636.1,2105.3,1006.34,131.673,166.48,1741.83,143.797
2014-01,85.62,709.32,10370.0,174.1,3131.7,116.74,2209.0,92.791,88.51,23.17,117.74,95.6539,4074.3,1243.63,1883.87,115.63958,162.501,90.3043,18452.81,127.4,127.82,238.53,250.5,5082.8,1394.59,0.044192,1197.66,3485.72,14552.0,,26.92,1681.57,146.1,1681.7,98.109,109.9077017,116.82443,117.54,119.25234,110.12,2246.91,2117.98,15822.32,760.38,217.01,796.06,15298.01,289.282,1660.4,2649.0,384.06,34.52,255.15,91.366,269.78,1638.3,2122.6,998.75,140.58,164.5,1599.38,146.595
2014-02,87.58,744.21,10770.5,177.59,3309.78,117.26,2231.0,93.369,88.35,24.08,118.18,95.6683,4284.45,1302.71,1969.77,115.903992,166.574,90.2843,19190.76,128.05,131.14,337.93,247.8,5332.3,1462.6,0.044532,1329.79,3665.51,14596.0,,29.95,1758.24,150.95,1758.37,98.129,109.9623406,117.149447,117.57,120.13203,110.05,2338.73,2207.0,16507.65,802.6,230.36,839.06,15960.63,293.167,1769.9,2938.4,386.56,38.07,283.79,97.049,340.91,1723.0,2208.3,1109.44,145.135,174.18,1745.36,165.228
2014-03,91.13,743.25,10679.4,176.7,3306.16,116.66,2229.0,93.598,94.82,27.48,118.86,95.6683,4165.94,1294.38,1984.63,115.027649,166.008,90.3668,18660.68,126.26,138.51,333.43,236.3,5193.2,1466.65,0.045335,1505.07,3564.12,14527.0,,30.13,1771.51,149.88,1771.64,98.144,109.8060553,116.179326,117.8,120.2731,109.97,2364.9,2184.56,16643.73,837.8,226.42,908.76,16092.2,299.767,1719.3,2732.4,366.92,36.82,297.18,92.939,294.11,1690.9,2203.4,1148.67,145.829,173.38,2020.68,190.702
2014-04,91.54,753.72,10726.1,179.02,3390.8,117.59,2242.0,94.52,94.18,29.27,119.8,95.6827,4150.83,1242.52,1999.0,115.511149,167.165,91.0268,18580.94,127.61,142.52,381.56,236.4,5352.7,1443.4,0.045409,1546.93,3551.2,14044.0,,28.87,1784.14,150.55,1784.27,98.149,109.9623406,117.046555,118.13,121.82483,110.01,2408.41,2238.51,16784.01,875.96,232.54,929.54,16227.84,305.413,1735.5,2648.4,368.92,38.13,312.28,102.1,301.61,1699.3,2180.5,1196.1,145.511,171.93,2068.52,184.629
2014-05,91.82,758.41,11081.9,177.76,3466.2,119.07,2310.0,95.483,86.17,29.11,122.63,95.6827,4339.31,1253.14,2045.3,116.532028,164.321,92.9168,19642.37,128.11,141.46,329.01,222.9,5414.6,1468.68,0.046243,1421.67,3712.45,14458.0,,28.31,1825.57,147.97,1825.7,98.149,110.1655888,118.843056,118.41,124.82223,110.18,2479.4,2300.82,16980.2,900.97,234.58,834.17,16417.53,320.218,1668.4,2580.4,380.62,34.86,316.39,96.137,310.39,1728.8,2100.6,1180.68,146.111,178.27,1798.31,170.617
2014-06,93.21,743.73,10945.0,181.42,3407.24,119.19,2353.0,97.145,82.14,29.88,123.8,95.6827,4469.23,1321.72,2086.08,116.24315,165.068,92.2121,19897.91,128.64,127.14,319.45,239.1,5363.7,1528.38,0.045855,1353.97,3823.6,14931.0,,28.04,1861.82,149.35,1861.95,98.084,110.0794296,118.51758,118.89,124.56685,110.23,2467.12,2293.09,17087.76,908.29,242.72,758.36,16521.53,345.772,1770.2,2902.1,391.43,35.18,284.51,94.163,280.41,1763.7,2024.0,1093.3,158.208,184.4,1633.35,189.641
2014-07,92.1,773.73,10422.2,179.1,3269.77,119.99,2422.0,95.121,70.25,31.2,124.67,95.6827,4520.72,1239.99,2056.43,115.634985,161.38,92.8497,21387.93,126.6,121.9,355.85,231.0,5340.9,1462.62,0.045166,1231.97,3867.65,15424.0,,25.63,1835.5,145.64,1835.63,98.119,109.9932715,117.984983,119.14,124.76548,110.23,2372.32,2263.35,16836.65,941.21,225.29,646.53,16278.74,358.61,1715.6,2813.3,394.79,32.77,252.94,81.014,307.52,1742.6,1936.7,976.16,165.124,172.69,1499.71,169.759
2014-08,92.7,779.98,10538.4,175.75,3373.35,121.75,2439.0,95.443,74.39,34.67,127.51,95.6923,4750.26,1302.95,2138.43,116.511529,158.283,95.249,21382.74,125.07,128.55,358.74,248.1,5436.1,1536.72,0.045765,1244.82,4064.04,15203.0,,24.12,1908.55,144.08,1908.68,98.163,110.15801,119.703701,119.85,128.52127,110.37,2428.13,2314.44,17439.93,978.82,221.6,648.48,16862.02,355.803,1721.8,2676.6,383.88,28.93,254.31,85.041,320.78,1694.4,1891.9,924.05,158.932,170.21,1567.21,161.45
2014-09,87.0,734.0,10510.7,171.96,3405.97,120.11,2493.0,92.666,68.58,35.07,127.63,95.7019,4715.55,1222.93,2108.42,115.944712,152.141,94.9134,19779.42,118.65,124.01,344.74,240.2,5300.0,1464.15,0.04465,1054.56,4034.34,15974.0,,21.88,1881.76,138.51,1881.9,98.208,110.0558585,118.618189,120.25,126.51447,110.47,2458.59,2347.25,17402.11,834.19,209.28,570.25,16825.46,386.206,1620.4,2342.2,365.3,29.14,216.75,84.859,314.45,1544.4,1903.9,823.91,167.716,163.18,1328.72,175.364
2014-10,87.72,766.65,10362.8,169.78,3265.88,121.48,2190.0,92.166,72.02,35.42,128.8,95.7067,4838.84,1305.9,2157.77,117.093665,150.876,96.5577,20747.81,115.89,118.36,335.2,233.0,5219.8,1517.77,0.044605,1135.11,4139.82,16876.0,,21.34,1925.71,137.36,1925.85,98.287,110.4173157,120.253892,120.42,129.43866,110.46,2384.14,2284.43,17757.02,852.11,186.38,669.81,17168.61,383.955,1566.9,2211.6,370.09,31.33,282.09,77.749,315.16,1466.9,1812.1,939.3,170.358,145.37,1480.99,163.305
2014-11,85.01,741.64,11087.3,165.87,3392.42,123.48,2152.0,90.918,67.33,33.58,130.39,95.7139,5057.73,1306.57,2216.5,117.893941,149.744,99.3082,20771.2,109.6,126.89,326.48,235.6,5400.7,1545.0,0.043234,1200.13,4327.09,17282.0,,20.74,1978.27,136.81,1978.41,98.297,110.5906279,121.582968,120.53,132.18153,110.34,2490.07,2357.21,18270.93,873.7,159.55,668.72,17665.49,387.952,1571.2,2127.8,345.97,28.97,273.73,80.163,287.06,1438.5,1819.5,909.54,173.18,119.43,1590.76,166.235
2014-12,81.78,754.07,10866.5,165.47,3308.03,124.18,2203.0,89.625,67.54,30.29,132.09,95.6851,4940.28,1343.99,2209.38,117.338965,145.688,100.9896,20462.97,108.49,119.97,290.17,238.1,5280.4,1557.77,0.040865,1211.32,4226.61,17247.0,,19.32,1971.77,133.03,1971.92,98.317,110.3146436,121.34372,121.16,133.97716,110.5,2402.56,2290.57,18281.3,857.7,127.42,682.91,17675.51,368.435,1582.7,2133.7,343.47,28.67,268.24,56.317,284.48,1434.7,1702.7,909.19,167.372,95.83,1621.7,152.999
