ID,Month,last_price_date,observations,calendar_days_to_month_end
AN,1969-01,,0,
AN,1969-02,,0,
AN,1969-03,,0,
AN,1969-04,,0,
AN,1969-05,,0,
AN,1969-06,,0,
AN,1969-07,,0,
AN,1969-08,,0,
AN,1969-09,,0,
AN,1969-10,,0,
AN,1969-11,,0,
AN,1969-12,,0,
AN,1970-01,,0,
AN,1970-02,,0,
AN,1970-03,,0,
AN,1970-04,,0,
AN,1970-05,,0,
AN,1970-06,,0,
AN,1970-07,,0,
AN,1970-08,,0,
AN,1970-09,,0,
AN,1970-10,,0,
AN,1970-11,,0,
AN,1970-12,,0,
AN,1971-01,,0,
AN,1971-02,,0,
AN,1971-03,,0,
AN,1971-04,,0,
AN,1971-05,,0,
AN,1971-06,,0,
AN,1971-07,,0,
AN,1971-08,,0,
AN,1971-09,,0,
AN,1971-10,,0,
AN,1971-11,,0,
AN,1971-12,,0,
AN,1972-01,,0,
AN,1972-02,,0,
AN,1972-03,,0,
AN,1972-04,,0,
AN,1972-05,,0,
AN,1972-06,,0,
AN,1972-07,,0,
AN,1972-08,,0,
AN,1972-09,,0,
AN,1972-10,,0,
AN,1972-11,,0,
AN,1972-12,,0,
AN,1973-01,,0,
AN,1973-02,,0,
AN,1973-03,,0,
AN,1973-04,,0,
AN,1973-05,,0,
AN,1973-06,,0,
AN,1973-07,,0,
AN,1973-08,,0,
AN,1973-09,,0,
AN,1973-10,,0,
AN,1973-11,,0,
AN,1973-12,,0,
AN,1974-01,,0,
AN,1974-02,,0,
AN,1974-03,,0,
AN,1974-04,,0,
AN,1974-05,,0,
AN,1974-06,,0,
AN,1974-07,,0,
AN,1974-08,,0,
AN,1974-09,,0,
AN,1974-10,,0,
AN,1974-11,,0,
AN,1974-12,,0,
AN,1975-01,,0,
AN,1975-02,,0,
AN,1975-03,,0,
AN,1975-04,,0,
AN,1975-05,,0,
AN,1975-06,,0,
AN,1975-07,,0,
AN,1975-08,,0,
AN,1975-09,,0,
AN,1975-10,,0,
AN,1975-11,,0,
AN,1975-12,,0,
AN,1976-01,,0,
AN,1976-02,,0,
AN,1976-03,,0,
AN,1976-04,,0,
AN,1976-05,,0,
AN,1976-06,,0,
AN,1976-07,,0,
AN,1976-08,,0,
AN,1976-09,,0,
AN,1976-10,,0,
AN,1976-11,,0,
AN,1976-12,,0,
AN,1977-01,,0,
AN,1977-02,,0,
AN,1977-03,,0,
AN,1977-04,,0,
AN,1977-05,,0,
AN,1977-06,,0,
AN,1977-07,,0,
AN,1977-08,,0,
AN,1977-09,,0,
AN,1977-10,,0,
AN,1977-11,,0,
AN,1977-12,,0,
AN,1978-01,,0,
AN,1978-02,,0,
AN,1978-03,,0,
AN,1978-04,,0,
AN,1978-05,,0,
AN,1978-06,,0,
AN,1978-07,,0,
AN,1978-08,,0,
AN,1978-09,,0,
AN,1978-10,,0,
AN,1978-11,,0,
AN,1978-12,,0,
AN,1979-01,,0,
AN,1979-02,,0,
AN,1979-03,,0,
AN,1979-04,,0,
AN,1979-05,,0,
AN,1979-06,,0,
AN,1979-07,,0,
AN,1979-08,,0,
AN,1979-09,,0,
AN,1979-10,,0,
AN,1979-11,,0,
AN,1979-12,,0,
AN,1980-01,,0,
AN,1980-02,,0,
AN,1980-03,,0,
AN,1980-04,,0,
AN,1980-05,,0,
AN,1980-06,,0,
AN,1980-07,,0,
AN,1980-08,,0,
AN,1980-09,,0,
AN,1980-10,,0,
AN,1980-11,,0,
AN,1980-12,,0,
AN,1981-01,,0,
AN,1981-02,,0,
AN,1981-03,,0,
AN,1981-04,,0,
AN,1981-05,,0,
AN,1981-06,,0,
AN,1981-07,,0,
AN,1981-08,,0,
AN,1981-09,,0,
AN,1981-10,,0,
AN,1981-11,,0,
AN,1981-12,,0,
AN,1982-01,,0,
AN,1982-02,,0,
AN,1982-03,,0,
AN,1982-04,,0,
AN,1982-05,,0,
AN,1982-06,,0,
AN,1982-07,,0,
AN,1982-08,,0,
AN,1982-09,,0,
AN,1982-10,,0,
AN,1982-11,,0,
AN,1982-12,,0,
AN,1983-01,,0,
AN,1983-02,,0,
AN,1983-03,,0,
AN,1983-04,,0,
AN,1983-05,,0,
AN,1983-06,,0,
AN,1983-07,,0,
AN,1983-08,,0,
AN,1983-09,,0,
AN,1983-10,,0,
AN,1983-11,,0,
AN,1983-12,,0,
AN,1984-01,,0,
AN,1984-02,,0,
AN,1984-03,,0,
AN,1984-04,,0,
AN,1984-05,,0,
AN,1984-06,,0,
AN,1984-07,,0,
AN,1984-08,,0,
AN,1984-09,,0,
AN,1984-10,,0,
AN,1984-11,,0,
AN,1984-12,,0,
AN,1985-01,,0,
AN,1985-02,,0,
AN,1985-03,,0,
AN,1985-04,,0,
AN,1985-05,,0,
AN,1985-06,,0,
AN,1985-07,,0,
AN,1985-08,,0,
AN,1985-09,,0,
AN,1985-10,,0,
AN,1985-11,,0,
AN,1985-12,,0,
AN,1986-01,,0,
AN,1986-02,,0,
AN,1986-03,,0,
AN,1986-04,,0,
AN,1986-05,,0,
AN,1986-06,,0,
AN,1986-07,,0,
AN,1986-08,,0,
AN,1986-09,,0,
AN,1986-10,,0,
AN,1986-11,,0,
AN,1986-12,,0,
AN,1987-01,,0,
AN,1987-02,,0,
AN,1987-03,,0,
AN,1987-04,,0,
AN,1987-05,,0,
AN,1987-06,,0,
AN,1987-07,,0,
AN,1987-08,,0,
AN,1987-09,,0,
AN,1987-10,,0,
AN,1987-11,,0,
AN,1987-12,,0,
AN,1988-01,1988-01-29,20,2.0
AN,1988-02,1988-02-29,20,0.0
AN,1988-03,1988-03-31,23,0.0
AN,1988-04,1988-04-29,20,1.0
AN,1988-05,1988-05-31,21,0.0
AN,1988-06,1988-06-30,22,0.0
AN,1988-07,1988-07-29,20,2.0
AN,1988-08,1988-08-31,23,0.0
AN,1988-09,1988-09-30,21,0.0
AN,1988-10,1988-10-31,21,0.0
AN,1988-11,1988-11-30,21,0.0
AN,1988-12,1988-12-30,21,1.0
AN,1989-01,1989-01-31,21,0.0
AN,1989-02,1989-02-28,19,0.0
AN,1989-03,1989-03-31,22,0.0
AN,1989-04,1989-04-28,20,2.0
AN,1989-05,1989-05-31,22,0.0
AN,1989-06,1989-06-30,22,0.0
AN,1989-07,1989-07-31,20,0.0
AN,1989-08,1989-08-31,23,0.0
AN,1989-09,1989-09-29,20,1.0
AN,1989-10,1989-10-31,22,0.0
AN,1989-11,1989-11-30,21,0.0
AN,1989-12,1989-12-29,20,2.0
AN,1990-01,1990-01-31,22,0.0
AN,1990-02,1990-02-28,19,0.0
AN,1990-03,1990-03-30,22,1.0
AN,1990-04,1990-04-30,20,0.0
AN,1990-05,1990-05-31,22,0.0
AN,1990-06,1990-06-29,21,1.0
AN,1990-07,1990-07-31,21,0.0
AN,1990-08,1990-08-31,23,0.0
AN,1990-09,1990-09-28,19,2.0
AN,1990-10,1990-10-31,23,0.0
AN,1990-11,1990-11-30,21,0.0
AN,1990-12,1990-12-31,20,0.0
AN,1991-01,1991-01-31,22,0.0
AN,1991-02,1991-02-28,19,0.0
AN,1991-03,1991-03-28,20,3.0
AN,1991-04,1991-04-30,22,0.0
AN,1991-05,1991-05-31,22,0.0
AN,1991-06,1991-06-28,20,2.0
AN,1991-07,1991-07-31,22,0.0
AN,1991-08,1991-08-30,22,1.0
AN,1991-09,1991-09-30,20,0.0
AN,1991-10,1991-10-31,23,0.0
AN,1991-11,1991-11-29,20,1.0
AN,1991-12,1991-12-31,21,0.0
AN,1992-01,1992-01-31,22,0.0
AN,1992-02,1992-02-28,19,1.0
AN,1992-03,1992-03-31,22,0.0
AN,1992-04,1992-04-30,21,0.0
AN,1992-05,1992-05-29,20,2.0
AN,1992-06,1992-06-30,22,0.0
AN,1992-07,1992-07-31,22,0.0
AN,1992-08,1992-08-31,21,0.0
AN,1992-09,1992-09-30,21,0.0
AN,1992-10,1992-10-30,22,1.0
AN,1992-11,1992-11-30,20,0.0
AN,1992-12,1992-12-31,22,0.0
AN,1993-01,1993-01-29,20,2.0
AN,1993-02,1993-02-26,19,2.0
AN,1993-03,1993-03-31,23,0.0
AN,1993-04,1993-04-30,21,0.0
AN,1993-05,1993-05-28,20,3.0
AN,1993-06,1993-06-30,22,0.0
AN,1993-07,1993-07-30,21,1.0
AN,1993-08,1993-08-31,22,0.0
AN,1993-09,1993-09-30,21,0.0
AN,1993-10,1993-10-29,21,2.0
AN,1993-11,1993-11-30,21,0.0
AN,1993-12,1993-12-31,22,0.0
AN,1994-01,1994-01-31,21,0.0
AN,1994-02,1994-02-28,19,0.0
AN,1994-03,1994-03-31,23,0.0
AN,1994-04,1994-04-29,20,1.0
AN,1994-05,1994-05-31,21,0.0
AN,1994-06,1994-06-30,22,0.0
AN,1994-07,1994-07-29,20,2.0
AN,1994-08,1994-08-31,23,0.0
AN,1994-09,1994-09-30,21,0.0
AN,1994-10,1994-10-31,21,0.0
AN,1994-11,1994-11-30,21,0.0
AN,1994-12,1994-12-30,21,1.0
AN,1995-01,1995-01-31,21,0.0
AN,1995-02,1995-02-28,19,0.0
AN,1995-03,1995-03-31,23,0.0
AN,1995-04,1995-04-28,19,2.0
AN,1995-05,1995-05-31,22,0.0
AN,1995-06,1995-06-30,22,0.0
AN,1995-07,1995-07-31,20,0.0
AN,1995-08,1995-08-31,23,0.0
AN,1995-09,1995-09-29,20,1.0
AN,1995-10,1995-10-31,22,0.0
AN,1995-11,1995-11-30,21,0.0
AN,1995-12,1995-12-29,20,2.0
AN,1996-01,1996-01-31,22,0.0
AN,1996-02,1996-02-29,20,0.0
AN,1996-03,1996-03-29,21,2.0
AN,1996-04,1996-04-30,22,0.0
AN,1996-05,1996-05-31,22,0.0
AN,1996-06,1996-06-28,20,2.0
AN,1996-07,1996-07-31,22,0.0
AN,1996-08,1996-08-30,22,1.0
AN,1996-09,1996-09-30,20,0.0
AN,1996-10,1996-10-31,23,0.0
AN,1996-11,1996-11-29,20,1.0
AN,1996-12,1996-12-31,21,0.0
AN,1997-01,1997-01-31,21,0.0
AN,1997-02,1997-02-28,19,0.0
AN,1997-03,1997-03-31,20,0.0
AN,1997-04,1997-04-30,22,0.0
AN,1997-05,1997-05-30,21,1.0
AN,1997-06,1997-06-30,21,0.0
AN,1997-07,1997-07-31,22,0.0
AN,1997-08,1997-08-29,21,2.0
AN,1997-09,1997-09-30,21,0.0
AN,1997-10,1997-10-31,23,0.0
AN,1997-11,1997-11-28,19,2.0
AN,1997-12,1997-12-31,22,0.0
AN,1998-01,1998-01-30,20,1.0
AN,1998-02,1998-02-27,19,1.0
AN,1998-03,1998-03-31,22,0.0
AN,1998-04,1998-04-30,21,0.0
AN,1998-05,1998-05-29,20,2.0
AN,1998-06,1998-06-30,22,0.0
AN,1998-07,1998-07-31,22,0.0
AN,1998-08,1998-08-31,21,0.0
AN,1998-09,1998-09-30,21,0.0
AN,1998-10,1998-10-30,21,1.0
AN,1998-11,1998-11-30,20,0.0
AN,1998-12,1998-12-31,22,0.0
AN,1999-01,1999-01-29,19,2.0
AN,1999-02,1999-02-26,19,2.0
AN,1999-03,1999-03-31,23,0.0
AN,1999-04,1999-04-30,21,0.0
AN,1999-05,1999-05-28,20,3.0
AN,1999-06,1999-06-30,21,0.0
AN,1999-07,1999-07-30,21,1.0
AN,1999-08,1999-08-31,22,0.0
AN,1999-09,1999-09-30,21,0.0
AN,1999-10,1999-10-29,20,2.0
AN,1999-11,1999-11-30,20,0.0
AN,1999-12,1999-12-31,22,0.0
AN,2000-01,2000-01-31,21,0.0
AN,2000-02,2000-02-29,20,0.0
AN,2000-03,2000-03-31,23,0.0
AN,2000-04,2000-04-28,19,2.0
AN,2000-05,2000-05-31,22,0.0
AN,2000-06,2000-06-30,22,0.0
AN,2000-07,2000-07-31,20,0.0
AN,2000-08,2000-08-31,23,0.0
AN,2000-09,2000-09-29,20,1.0
AN,2000-10,2000-10-31,21,0.0
AN,2000-11,2000-11-30,21,0.0
AN,2000-12,2000-12-29,20,2.0
AN,2001-01,2001-01-31,21,0.0
AN,2001-02,2001-02-28,19,0.0
AN,2001-03,2001-03-30,22,1.0
AN,2001-04,2001-04-30,20,0.0
AN,2001-05,2001-05-31,22,0.0
AN,2001-06,2001-06-29,21,1.0
AN,2001-07,2001-07-31,21,0.0
AN,2001-08,2001-08-31,23,0.0
AN,2001-09,2001-09-28,18,2.0
AN,2001-10,2001-10-31,23,0.0
AN,2001-11,2001-11-30,20,0.0
AN,2001-12,2001-12-31,20,0.0
AN,2002-01,2002-01-31,21,0.0
AN,2002-02,2002-02-28,19,0.0
AN,2002-03,2002-03-28,20,3.0
AN,2002-04,2002-04-30,22,0.0
AN,2002-05,2002-05-31,22,0.0
AN,2002-06,2002-06-28,20,2.0
AN,2002-07,2002-07-31,22,0.0
AN,2002-08,2002-08-30,22,1.0
AN,2002-09,2002-09-30,20,0.0
AN,2002-10,2002-10-31,23,0.0
AN,2002-11,2002-11-29,20,1.0
AN,2002-12,2002-12-31,21,0.0
AN,2003-01,2003-01-31,21,0.0
AN,2003-02,2003-02-28,19,0.0
AN,2003-03,2003-03-31,21,0.0
AN,2003-04,2003-04-30,21,0.0
AN,2003-05,2003-05-30,21,1.0
AN,2003-06,2003-06-30,21,0.0
AN,2003-07,2003-07-31,22,0.0
AN,2003-08,2003-08-29,21,2.0
AN,2003-09,2003-09-30,21,0.0
AN,2003-10,2003-10-31,23,0.0
AN,2003-11,2003-11-28,19,2.0
AN,2003-12,2003-12-31,22,0.0
AN,2004-01,2004-01-30,20,1.0
AN,2004-02,2004-02-27,19,2.0
AN,2004-03,2004-03-31,23,0.0
AN,2004-04,2004-04-30,21,0.0
AN,2004-05,2004-05-28,20,3.0
AN,2004-06,2004-06-30,22,0.0
AN,2004-07,2004-07-30,21,1.0
AN,2004-08,2004-08-31,22,0.0
AN,2004-09,2004-09-30,21,0.0
AN,2004-10,2004-10-29,21,2.0
AN,2004-11,2004-11-30,21,0.0
AN,2004-12,2004-12-31,22,0.0
AN,2005-01,2005-01-31,20,0.0
AN,2005-02,2005-02-28,19,0.0
AN,2005-03,2005-03-31,22,0.0
AN,2005-04,2005-04-29,21,1.0
AN,2005-05,2005-05-31,21,0.0
AN,2005-06,2005-06-30,22,0.0
AN,2005-07,2005-07-29,20,2.0
AN,2005-08,2005-08-31,23,0.0
AN,2005-09,2005-09-30,21,0.0
AN,2005-10,2005-10-31,21,0.0
AN,2005-11,2005-11-30,21,0.0
AN,2005-12,2005-12-30,21,1.0
AN,2006-01,2006-01-31,20,0.0
AN,2006-02,2006-02-28,19,0.0
AN,2006-03,2006-03-31,23,0.0
AN,2006-04,2006-04-28,19,2.0
AN,2006-05,2006-05-31,22,0.0
AN,2006-06,2006-06-30,22,0.0
AN,2006-07,2006-07-31,20,0.0
AN,2006-08,2006-08-31,23,0.0
AN,2006-09,2006-09-29,20,1.0
AN,2006-10,2006-10-31,22,0.0
AN,2006-11,2006-11-30,21,0.0
AN,2006-12,2006-12-29,20,2.0
AN,2007-01,2007-01-31,21,0.0
AN,2007-02,2007-02-28,19,0.0
AN,2007-03,2007-03-30,22,1.0
AN,2007-04,2007-04-30,21,0.0
AN,2007-05,2007-05-31,22,0.0
AN,2007-06,2007-06-29,21,1.0
AN,2007-07,2007-07-31,21,0.0
AN,2007-08,2007-08-31,23,0.0
AN,2007-09,2007-09-28,19,2.0
AN,2007-10,2007-10-31,23,0.0
AN,2007-11,2007-11-30,21,0.0
AN,2007-12,2007-12-31,20,0.0
AN,2008-01,2008-01-31,21,0.0
AN,2008-02,2008-02-29,20,0.0
AN,2008-03,2008-03-31,20,0.0
AN,2008-04,2008-04-30,22,0.0
AN,2008-05,2008-05-30,21,1.0
AN,2008-06,2008-06-30,21,0.0
AN,2008-07,2008-07-31,23,0.0
AN,2008-08,2008-08-29,21,2.0
AN,2008-09,2008-09-30,21,0.0
AN,2008-10,2008-10-31,23,0.0
AN,2008-11,2008-11-28,19,2.0
AN,2008-12,2008-12-31,22,0.0
AN,2009-01,2009-01-30,20,1.0
AN,2009-02,2009-02-27,19,1.0
AN,2009-03,2009-03-31,22,0.0
AN,2009-04,2009-04-30,21,0.0
AN,2009-05,2009-05-29,20,2.0
AN,2009-06,2009-06-30,22,0.0
AN,2009-07,2009-07-31,23,0.0
AN,2009-08,2009-08-31,21,0.0
AN,2009-09,2009-09-30,21,0.0
AN,2009-10,2009-10-30,22,1.0
AN,2009-11,2009-11-30,20,0.0
AN,2009-12,2009-12-31,22,0.0
AN,2010-01,2010-01-29,19,2.0
AN,2010-02,2010-02-26,19,2.0
AN,2010-03,2010-03-31,23,0.0
AN,2010-04,2010-04-30,22,0.0
AN,2010-05,2010-05-28,20,3.0
AN,2010-06,2010-06-30,22,0.0
AN,2010-07,2010-07-30,21,1.0
AN,2010-08,2010-08-31,22,0.0
AN,2010-09,2010-09-30,21,0.0
AN,2010-10,2010-10-29,21,2.0
AN,2010-11,2010-11-30,21,0.0
AN,2010-12,2010-12-31,22,0.0
AN,2011-01,2011-01-31,20,0.0
AN,2011-02,2011-02-28,19,0.0
AN,2011-03,2011-03-31,23,0.0
AN,2011-04,2011-04-29,20,1.0
AN,2011-05,2011-05-31,21,0.0
AN,2011-06,2011-06-30,22,0.0
AN,2011-07,2011-07-29,20,2.0
AN,2011-08,2011-08-31,23,0.0
AN,2011-09,2011-09-30,21,0.0
AN,2011-10,2011-10-31,21,0.0
AN,2011-11,2011-11-30,21,0.0
AN,2011-12,2011-12-30,21,1.0
AN,2012-01,2012-01-31,20,0.0
AN,2012-02,2012-02-29,20,0.0
AN,2012-03,2012-03-30,22,1.0
AN,2012-04,2012-04-30,21,0.0
AN,2012-05,2012-05-31,22,0.0
AN,2012-06,2012-06-29,21,1.0
AN,2012-07,2012-07-31,21,0.0
AN,2012-08,2012-08-31,23,0.0
AN,2012-09,2012-09-28,19,2.0
AN,2012-10,2012-10-31,23,0.0
AN,2012-11,2012-11-30,21,0.0
AN,2012-12,2012-12-31,20,0.0
AN,2013-01,2013-01-31,21,0.0
AN,2013-02,2013-02-28,19,0.0
AN,2013-03,2013-03-28,20,3.0
AN,2013-04,2013-04-30,22,0.0
AN,2013-05,2013-05-31,22,0.0
AN,2013-06,2013-06-28,20,2.0
AN,2013-07,2013-07-31,22,0.0
AN,2013-08,2013-08-30,22,1.0
AN,2013-09,2013-09-30,20,0.0
AN,2013-10,2013-10-31,23,0.0
AN,2013-11,2013-11-29,20,1.0
AN,2013-12,2013-12-31,21,0.0
AN,2014-01,2014-01-31,21,0.0
AN,2014-02,2014-02-28,19,0.0
AN,2014-03,2014-03-31,21,0.0
AN,2014-04,2014-04-30,21,0.0
AN,2014-05,2014-05-30,21,1.0
AN,2014-06,2014-06-30,21,0.0
AN,2014-07,2014-07-31,22,0.0
AN,2014-08,2014-08-29,21,2.0
AN,2014-09,2014-09-30,21,0.0
AN,2014-10,2014-10-31,23,0.0
AN,2014-11,2014-11-28,19,2.0
AN,2014-12,2014-12-31,22,0.0
AP,1969-01,,0,
AP,1969-02,,0,
AP,1969-03,,0,
AP,1969-04,,0,
AP,1969-05,,0,
AP,1969-06,,0,
AP,1969-07,,0,
AP,1969-08,,0,
AP,1969-09,,0,
AP,1969-10,,0,
AP,1969-11,,0,
AP,1969-12,,0,
AP,1970-01,,0,
AP,1970-02,,0,
AP,1970-03,,0,
AP,1970-04,,0,
AP,1970-05,,0,
AP,1970-06,,0,
AP,1970-07,,0,
AP,1970-08,,0,
AP,1970-09,,0,
AP,1970-10,,0,
AP,1970-11,,0,
AP,1970-12,,0,
AP,1971-01,,0,
AP,1971-02,,0,
AP,1971-03,,0,
AP,1971-04,,0,
AP,1971-05,,0,
AP,1971-06,,0,
AP,1971-07,,0,
AP,1971-08,,0,
AP,1971-09,,0,
AP,1971-10,,0,
AP,1971-11,,0,
AP,1971-12,,0,
AP,1972-01,,0,
AP,1972-02,,0,
AP,1972-03,,0,
AP,1972-04,,0,
AP,1972-05,,0,
AP,1972-06,,0,
AP,1972-07,,0,
AP,1972-08,,0,
AP,1972-09,,0,
AP,1972-10,,0,
AP,1972-11,,0,
AP,1972-12,,0,
AP,1973-01,,0,
AP,1973-02,,0,
AP,1973-03,,0,
AP,1973-04,,0,
AP,1973-05,,0,
AP,1973-06,,0,
AP,1973-07,,0,
AP,1973-08,,0,
AP,1973-09,,0,
AP,1973-10,,0,
AP,1973-11,,0,
AP,1973-12,,0,
AP,1974-01,,0,
AP,1974-02,,0,
AP,1974-03,,0,
AP,1974-04,,0,
AP,1974-05,,0,
AP,1974-06,,0,
AP,1974-07,,0,
AP,1974-08,,0,
AP,1974-09,,0,
AP,1974-10,,0,
AP,1974-11,,0,
AP,1974-12,,0,
AP,1975-01,,0,
AP,1975-02,,0,
AP,1975-03,,0,
AP,1975-04,,0,
AP,1975-05,,0,
AP,1975-06,,0,
AP,1975-07,,0,
AP,1975-08,,0,
AP,1975-09,,0,
AP,1975-10,,0,
AP,1975-11,,0,
AP,1975-12,,0,
AP,1976-01,,0,
AP,1976-02,,0,
AP,1976-03,,0,
AP,1976-04,,0,
AP,1976-05,,0,
AP,1976-06,,0,
AP,1976-07,,0,
AP,1976-08,,0,
AP,1976-09,,0,
AP,1976-10,,0,
AP,1976-11,,0,
AP,1976-12,,0,
AP,1977-01,,0,
AP,1977-02,,0,
AP,1977-03,,0,
AP,1977-04,,0,
AP,1977-05,,0,
AP,1977-06,,0,
AP,1977-07,,0,
AP,1977-08,,0,
AP,1977-09,,0,
AP,1977-10,,0,
AP,1977-11,,0,
AP,1977-12,,0,
AP,1978-01,,0,
AP,1978-02,,0,
AP,1978-03,,0,
AP,1978-04,,0,
AP,1978-05,,0,
AP,1978-06,,0,
AP,1978-07,,0,
AP,1978-08,,0,
AP,1978-09,,0,
AP,1978-10,,0,
AP,1978-11,,0,
AP,1978-12,,0,
AP,1979-01,,0,
AP,1979-02,,0,
AP,1979-03,,0,
AP,1979-04,,0,
AP,1979-05,,0,
AP,1979-06,,0,
AP,1979-07,,0,
AP,1979-08,,0,
AP,1979-09,,0,
AP,1979-10,,0,
AP,1979-11,,0,
AP,1979-12,,0,
AP,1980-01,,0,
AP,1980-02,,0,
AP,1980-03,,0,
AP,1980-04,,0,
AP,1980-05,,0,
AP,1980-06,,0,
AP,1980-07,,0,
AP,1980-08,,0,
AP,1980-09,,0,
AP,1980-10,,0,
AP,1980-11,,0,
AP,1980-12,,0,
AP,1981-01,,0,
AP,1981-02,,0,
AP,1981-03,,0,
AP,1981-04,,0,
AP,1981-05,,0,
AP,1981-06,,0,
AP,1981-07,,0,
AP,1981-08,,0,
AP,1981-09,,0,
AP,1981-10,,0,
AP,1981-11,,0,
AP,1981-12,,0,
AP,1982-01,,0,
AP,1982-02,,0,
AP,1982-03,,0,
AP,1982-04,,0,
AP,1982-05,,0,
AP,1982-06,,0,
AP,1982-07,,0,
AP,1982-08,,0,
AP,1982-09,,0,
AP,1982-10,,0,
AP,1982-11,,0,
AP,1982-12,,0,
AP,1983-01,,0,
AP,1983-02,,0,
AP,1983-03,,0,
AP,1983-04,,0,
AP,1983-05,,0,
AP,1983-06,,0,
AP,1983-07,,0,
AP,1983-08,,0,
AP,1983-09,,0,
AP,1983-10,,0,
AP,1983-11,,0,
AP,1983-12,,0,
AP,1984-01,,0,
AP,1984-02,,0,
AP,1984-03,,0,
AP,1984-04,,0,
AP,1984-05,,0,
AP,1984-06,,0,
AP,1984-07,,0,
AP,1984-08,,0,
AP,1984-09,,0,
AP,1984-10,,0,
AP,1984-11,,0,
AP,1984-12,,0,
AP,1985-01,,0,
AP,1985-02,,0,
AP,1985-03,,0,
AP,1985-04,,0,
AP,1985-05,,0,
AP,1985-06,,0,
AP,1985-07,,0,
AP,1985-08,,0,
AP,1985-09,,0,
AP,1985-10,,0,
AP,1985-11,,0,
AP,1985-12,,0,
AP,1986-01,,0,
AP,1986-02,,0,
AP,1986-03,,0,
AP,1986-04,,0,
AP,1986-05,,0,
AP,1986-06,,0,
AP,1986-07,,0,
AP,1986-08,,0,
AP,1986-09,,0,
AP,1986-10,,0,
AP,1986-11,,0,
AP,1986-12,,0,
AP,1987-01,,0,
AP,1987-02,,0,
AP,1987-03,,0,
AP,1987-04,,0,
AP,1987-05,,0,
AP,1987-06,,0,
AP,1987-07,,0,
AP,1987-08,,0,
AP,1987-09,,0,
AP,1987-10,,0,
AP,1987-11,,0,
AP,1987-12,,0,
AP,1988-01,,0,
AP,1988-02,,0,
AP,1988-03,,0,
AP,1988-04,,0,
AP,1988-05,,0,
AP,1988-06,,0,
AP,1988-07,,0,
AP,1988-08,,0,
AP,1988-09,,0,
AP,1988-10,,0,
AP,1988-11,,0,
AP,1988-12,,0,
AP,1989-01,,0,
AP,1989-02,,0,
AP,1989-03,,0,
AP,1989-04,,0,
AP,1989-05,,0,
AP,1989-06,,0,
AP,1989-07,,0,
AP,1989-08,,0,
AP,1989-09,,0,
AP,1989-10,,0,
AP,1989-11,,0,
AP,1989-12,,0,
AP,1990-01,,0,
AP,1990-02,,0,
AP,1990-03,,0,
AP,1990-04,,0,
AP,1990-05,,0,
AP,1990-06,,0,
AP,1990-07,,0,
AP,1990-08,,0,
AP,1990-09,,0,
AP,1990-10,,0,
AP,1990-11,,0,
AP,1990-12,,0,
AP,1991-01,,0,
AP,1991-02,,0,
AP,1991-03,,0,
AP,1991-04,,0,
AP,1991-05,,0,
AP,1991-06,,0,
AP,1991-07,,0,
AP,1991-08,,0,
AP,1991-09,,0,
AP,1991-10,,0,
AP,1991-11,,0,
AP,1991-12,,0,
AP,1992-01,,0,
AP,1992-02,,0,
AP,1992-03,,0,
AP,1992-04,,0,
AP,1992-05,,0,
AP,1992-06,,0,
AP,1992-07,,0,
AP,1992-08,,0,
AP,1992-09,,0,
AP,1992-10,,0,
AP,1992-11,,0,
AP,1992-12,,0,
AP,1993-01,,0,
AP,1993-02,,0,
AP,1993-03,,0,
AP,1993-04,,0,
AP,1993-05,,0,
AP,1993-06,,0,
AP,1993-07,,0,
AP,1993-08,,0,
AP,1993-09,,0,
AP,1993-10,,0,
AP,1993-11,,0,
AP,1993-12,,0,
AP,1994-01,,0,
AP,1994-02,,0,
AP,1994-03,,0,
AP,1994-04,,0,
AP,1994-05,,0,
AP,1994-06,,0,
AP,1994-07,,0,
AP,1994-08,,0,
AP,1994-09,,0,
AP,1994-10,,0,
AP,1994-11,,0,
AP,1994-12,,0,
AP,1995-01,,0,
AP,1995-02,,0,
AP,1995-03,,0,
AP,1995-04,,0,
AP,1995-05,,0,
AP,1995-06,,0,
AP,1995-07,,0,
AP,1995-08,,0,
AP,1995-09,,0,
AP,1995-10,,0,
AP,1995-11,,0,
AP,1995-12,,0,
AP,1996-01,,0,
AP,1996-02,,0,
AP,1996-03,,0,
AP,1996-04,,0,
AP,1996-05,,0,
AP,1996-06,,0,
AP,1996-07,,0,
AP,1996-08,,0,
AP,1996-09,,0,
AP,1996-10,,0,
AP,1996-11,,0,
AP,1996-12,,0,
AP,1997-01,,0,
AP,1997-02,,0,
AP,1997-03,,0,
AP,1997-04,,0,
AP,1997-05,,0,
AP,1997-06,,0,
AP,1997-07,,0,
AP,1997-08,,0,
AP,1997-09,,0,
AP,1997-10,,0,
AP,1997-11,,0,
AP,1997-12,,0,
AP,1998-01,,0,
AP,1998-02,,0,
AP,1998-03,,0,
AP,1998-04,,0,
AP,1998-05,,0,
AP,1998-06,,0,
AP,1998-07,,0,
AP,1998-08,,0,
AP,1998-09,,0,
AP,1998-10,,0,
AP,1998-11,,0,
AP,1998-12,,0,
AP,1999-01,,0,
AP,1999-02,,0,
AP,1999-03,,0,
AP,1999-04,,0,
AP,1999-05,,0,
AP,1999-06,,0,
AP,1999-07,,0,
AP,1999-08,,0,
AP,1999-09,,0,
AP,1999-10,,0,
AP,1999-11,,0,
AP,1999-12,,0,
AP,2000-01,,0,
AP,2000-02,,0,
AP,2000-03,,0,
AP,2000-04,,0,
AP,2000-05,,0,
AP,2000-06,,0,
AP,2000-07,,0,
AP,2000-08,,0,
AP,2000-09,,0,
AP,2000-10,,0,
AP,2000-11,,0,
AP,2000-12,,0,
AP,2001-01,,0,
AP,2001-02,,0,
AP,2001-03,,0,
AP,2001-04,,0,
AP,2001-05,,0,
AP,2001-06,,0,
AP,2001-07,,0,
AP,2001-08,,0,
AP,2001-09,,0,
AP,2001-10,,0,
AP,2001-11,,0,
AP,2001-12,,0,
AP,2002-01,,0,
AP,2002-02,,0,
AP,2002-03,,0,
AP,2002-04,,0,
AP,2002-05,,0,
AP,2002-06,,0,
AP,2002-07,,0,
AP,2002-08,,0,
AP,2002-09,,0,
AP,2002-10,,0,
AP,2002-11,,0,
AP,2002-12,,0,
AP,2003-01,,0,
AP,2003-02,,0,
AP,2003-03,,0,
AP,2003-04,,0,
AP,2003-05,,0,
AP,2003-06,,0,
AP,2003-07,,0,
AP,2003-08,,0,
AP,2003-09,,0,
AP,2003-10,,0,
AP,2003-11,,0,
AP,2003-12,,0,
AP,2004-01,,0,
AP,2004-02,,0,
AP,2004-03,,0,
AP,2004-04,,0,
AP,2004-05,,0,
AP,2004-06,,0,
AP,2004-07,,0,
AP,2004-08,,0,
AP,2004-09,,0,
AP,2004-10,,0,
AP,2004-11,,0,
AP,2004-12,,0,
AP,2005-01,,0,
AP,2005-02,,0,
AP,2005-03,,0,
AP,2005-04,,0,
AP,2005-05,,0,
AP,2005-06,,0,
AP,2005-07,,0,
AP,2005-08,,0,
AP,2005-09,,0,
AP,2005-10,,0,
AP,2005-11,,0,
AP,2005-12,,0,
AP,2006-01,,0,
AP,2006-02,,0,
AP,2006-03,,0,
AP,2006-04,,0,
AP,2006-05,,0,
AP,2006-06,,0,
AP,2006-07,,0,
AP,2006-08,,0,
AP,2006-09,,0,
AP,2006-10,,0,
AP,2006-11,,0,
AP,2006-12,,0,
AP,2007-01,,0,
AP,2007-02,,0,
AP,2007-03,,0,
AP,2007-04,,0,
AP,2007-05,,0,
AP,2007-06,,0,
AP,2007-07,,0,
AP,2007-08,,0,
AP,2007-09,,0,
AP,2007-10,,0,
AP,2007-11,,0,
AP,2007-12,,0,
AP,2008-01,,0,
AP,2008-02,,0,
AP,2008-03,,0,
AP,2008-04,,0,
AP,2008-05,,0,
AP,2008-06,,0,
AP,2008-07,,0,
AP,2008-08,,0,
AP,2008-09,2008-09-30,22,0.0
AP,2008-10,2008-10-31,23,0.0
AP,2008-11,2008-11-28,20,2.0
AP,2008-12,2008-12-31,21,0.0
AP,2009-01,2009-01-30,21,1.0
AP,2009-02,2009-02-27,20,1.0
AP,2009-03,2009-03-31,22,0.0
AP,2009-04,2009-04-30,20,0.0
AP,2009-05,2009-05-29,21,2.0
AP,2009-06,2009-06-30,22,0.0
AP,2009-07,2009-07-31,23,0.0
AP,2009-08,2009-08-31,21,0.0
AP,2009-09,2009-09-30,22,0.0
AP,2009-10,2009-10-30,22,1.0
AP,2009-11,2009-11-30,21,0.0
AP,2009-12,2009-12-31,21,0.0
AP,2010-01,2010-01-29,20,2.0
AP,2010-02,2010-02-26,20,2.0
AP,2010-03,2010-03-31,23,0.0
AP,2010-04,2010-04-30,20,0.0
AP,2010-05,2010-05-31,21,0.0
AP,2010-06,2010-06-30,22,0.0
AP,2010-07,2010-07-30,22,1.0
AP,2010-08,2010-08-31,22,0.0
AP,2010-09,2010-09-30,22,0.0
AP,2010-10,2010-10-29,21,2.0
AP,2010-11,2010-11-30,22,0.0
AP,2010-12,2010-12-31,21,0.0
AP,2011-01,2011-01-31,19,0.0
AP,2011-02,2011-02-28,20,0.0
AP,2011-03,2011-03-31,23,0.0
AP,2011-04,2011-04-29,18,1.0
AP,2011-05,2011-05-31,22,0.0
AP,2011-06,2011-06-30,21,0.0
AP,2011-07,2011-07-29,21,2.0
AP,2011-08,2011-08-31,23,0.0
AP,2011-09,2011-09-30,22,0.0
AP,2011-10,2011-10-31,21,0.0
AP,2011-11,2011-11-30,22,0.0
AP,2011-12,2011-12-30,20,1.0
AP,2012-01,2012-01-31,21,0.0
AP,2012-02,2012-02-29,21,0.0
AP,2012-03,2012-03-30,22,1.0
AP,2012-04,2012-04-30,19,0.0
AP,2012-05,2012-05-31,23,0.0
AP,2012-06,2012-06-29,21,1.0
AP,2012-07,2012-07-31,22,0.0
AP,2012-08,2012-08-31,23,0.0
AP,2012-09,2012-09-28,20,2.0
AP,2012-10,2012-10-31,23,0.0
AP,2012-11,2012-11-30,22,0.0
AP,2012-12,2012-12-31,19,0.0
AP,2013-01,2013-01-31,22,0.0
AP,2013-02,2013-02-28,20,0.0
AP,2013-03,2013-03-28,20,3.0
AP,2013-04,2013-04-30,21,0.0
AP,2013-05,2013-05-31,23,0.0
AP,2013-06,2013-06-28,20,2.0
AP,2013-07,2013-07-31,23,0.0
AP,2013-08,2013-08-30,22,1.0
AP,2013-09,2013-09-30,21,0.0
AP,2013-10,2013-10-31,23,0.0
AP,2013-11,2013-11-29,21,1.0
AP,2013-12,2013-12-31,20,0.0
AP,2014-01,2014-01-31,22,0.0
AP,2014-02,2014-02-28,20,0.0
AP,2014-03,2014-03-31,21,0.0
AP,2014-04,2014-04-30,20,0.0
AP,2014-05,2014-05-30,22,1.0
AP,2014-06,2014-06-30,21,0.0
AP,2014-07,2014-07-31,19,0.0
AP,2014-08,2014-08-29,21,2.0
AP,2014-09,2014-09-30,22,0.0
AP,2014-10,2014-10-31,23,0.0
AP,2014-11,2014-11-28,20,2.0
AP,2014-12,2014-12-31,21,0.0
AX,1969-01,,0,
AX,1969-02,,0,
AX,1969-03,,0,
AX,1969-04,,0,
AX,1969-05,,0,
AX,1969-06,,0,
AX,1969-07,,0,
AX,1969-08,,0,
AX,1969-09,,0,
AX,1969-10,,0,
AX,1969-11,,0,
AX,1969-12,,0,
AX,1970-01,,0,
AX,1970-02,,0,
AX,1970-03,,0,
AX,1970-04,,0,
AX,1970-05,,0,
AX,1970-06,,0,
AX,1970-07,,0,
AX,1970-08,,0,
AX,1970-09,,0,
AX,1970-10,,0,
AX,1970-11,,0,
AX,1970-12,,0,
AX,1971-01,,0,
AX,1971-02,,0,
AX,1971-03,,0,
AX,1971-04,,0,
AX,1971-05,,0,
AX,1971-06,,0,
AX,1971-07,,0,
AX,1971-08,,0,
AX,1971-09,,0,
AX,1971-10,,0,
AX,1971-11,,0,
AX,1971-12,,0,
AX,1972-01,,0,
AX,1972-02,,0,
AX,1972-03,,0,
AX,1972-04,,0,
AX,1972-05,,0,
AX,1972-06,,0,
AX,1972-07,,0,
AX,1972-08,,0,
AX,1972-09,,0,
AX,1972-10,,0,
AX,1972-11,,0,
AX,1972-12,,0,
AX,1973-01,,0,
AX,1973-02,,0,
AX,1973-03,,0,
AX,1973-04,,0,
AX,1973-05,,0,
AX,1973-06,,0,
AX,1973-07,,0,
AX,1973-08,,0,
AX,1973-09,,0,
AX,1973-10,,0,
AX,1973-11,,0,
AX,1973-12,,0,
AX,1974-01,,0,
AX,1974-02,,0,
AX,1974-03,,0,
AX,1974-04,,0,
AX,1974-05,,0,
AX,1974-06,,0,
AX,1974-07,,0,
AX,1974-08,,0,
AX,1974-09,,0,
AX,1974-10,,0,
AX,1974-11,,0,
AX,1974-12,,0,
AX,1975-01,,0,
AX,1975-02,,0,
AX,1975-03,,0,
AX,1975-04,,0,
AX,1975-05,,0,
AX,1975-06,,0,
AX,1975-07,,0,
AX,1975-08,,0,
AX,1975-09,,0,
AX,1975-10,,0,
AX,1975-11,,0,
AX,1975-12,,0,
AX,1976-01,,0,
AX,1976-02,,0,
AX,1976-03,,0,
AX,1976-04,,0,
AX,1976-05,,0,
AX,1976-06,,0,
AX,1976-07,,0,
AX,1976-08,,0,
AX,1976-09,,0,
AX,1976-10,,0,
AX,1976-11,,0,
AX,1976-12,,0,
AX,1977-01,,0,
AX,1977-02,,0,
AX,1977-03,,0,
AX,1977-04,,0,
AX,1977-05,,0,
AX,1977-06,,0,
AX,1977-07,,0,
AX,1977-08,,0,
AX,1977-09,,0,
AX,1977-10,,0,
AX,1977-11,,0,
AX,1977-12,,0,
AX,1978-01,,0,
AX,1978-02,,0,
AX,1978-03,,0,
AX,1978-04,,0,
AX,1978-05,,0,
AX,1978-06,,0,
AX,1978-07,,0,
AX,1978-08,,0,
AX,1978-09,,0,
AX,1978-10,,0,
AX,1978-11,,0,
AX,1978-12,,0,
AX,1979-01,,0,
AX,1979-02,,0,
AX,1979-03,,0,
AX,1979-04,,0,
AX,1979-05,,0,
AX,1979-06,,0,
AX,1979-07,,0,
AX,1979-08,,0,
AX,1979-09,,0,
AX,1979-10,,0,
AX,1979-11,,0,
AX,1979-12,,0,
AX,1980-01,,0,
AX,1980-02,,0,
AX,1980-03,,0,
AX,1980-04,,0,
AX,1980-05,,0,
AX,1980-06,,0,
AX,1980-07,,0,
AX,1980-08,,0,
AX,1980-09,,0,
AX,1980-10,,0,
AX,1980-11,,0,
AX,1980-12,,0,
AX,1981-01,,0,
AX,1981-02,,0,
AX,1981-03,,0,
AX,1981-04,,0,
AX,1981-05,,0,
AX,1981-06,,0,
AX,1981-07,,0,
AX,1981-08,,0,
AX,1981-09,,0,
AX,1981-10,,0,
AX,1981-11,,0,
AX,1981-12,,0,
AX,1982-01,,0,
AX,1982-02,,0,
AX,1982-03,,0,
AX,1982-04,,0,
AX,1982-05,,0,
AX,1982-06,,0,
AX,1982-07,,0,
AX,1982-08,,0,
AX,1982-09,,0,
AX,1982-10,,0,
AX,1982-11,,0,
AX,1982-12,,0,
AX,1983-01,,0,
AX,1983-02,,0,
AX,1983-03,,0,
AX,1983-04,,0,
AX,1983-05,,0,
AX,1983-06,,0,
AX,1983-07,,0,
AX,1983-08,,0,
AX,1983-09,,0,
AX,1983-10,,0,
AX,1983-11,,0,
AX,1983-12,,0,
AX,1984-01,,0,
AX,1984-02,,0,
AX,1984-03,,0,
AX,1984-04,,0,
AX,1984-05,,0,
AX,1984-06,,0,
AX,1984-07,,0,
AX,1984-08,,0,
AX,1984-09,,0,
AX,1984-10,,0,
AX,1984-11,,0,
AX,1984-12,,0,
AX,1985-01,,0,
AX,1985-02,,0,
AX,1985-03,,0,
AX,1985-04,,0,
AX,1985-05,,0,
AX,1985-06,,0,
AX,1985-07,,0,
AX,1985-08,,0,
AX,1985-09,,0,
AX,1985-10,,0,
AX,1985-11,,0,
AX,1985-12,,0,
AX,1986-01,,0,
AX,1986-02,,0,
AX,1986-03,,0,
AX,1986-04,,0,
AX,1986-05,,0,
AX,1986-06,,0,
AX,1986-07,,0,
AX,1986-08,,0,
AX,1986-09,,0,
AX,1986-10,,0,
AX,1986-11,,0,
AX,1986-12,,0,
AX,1987-01,,0,
AX,1987-02,,0,
AX,1987-03,,0,
AX,1987-04,,0,
AX,1987-05,,0,
AX,1987-06,,0,
AX,1987-07,,0,
AX,1987-08,,0,
AX,1987-09,,0,
AX,1987-10,,0,
AX,1987-11,,0,
AX,1987-12,,0,
AX,1988-01,,0,
AX,1988-02,,0,
AX,1988-03,,0,
AX,1988-04,,0,
AX,1988-05,,0,
AX,1988-06,,0,
AX,1988-07,,0,
AX,1988-08,,0,
AX,1988-09,,0,
AX,1988-10,,0,
AX,1988-11,,0,
AX,1988-12,,0,
AX,1989-01,,0,
AX,1989-02,,0,
AX,1989-03,,0,
AX,1989-04,,0,
AX,1989-05,,0,
AX,1989-06,,0,
AX,1989-07,,0,
AX,1989-08,,0,
AX,1989-09,,0,
AX,1989-10,,0,
AX,1989-11,,0,
AX,1989-12,,0,
AX,1990-01,,0,
AX,1990-02,,0,
AX,1990-03,,0,
AX,1990-04,,0,
AX,1990-05,,0,
AX,1990-06,,0,
AX,1990-07,,0,
AX,1990-08,,0,
AX,1990-09,,0,
AX,1990-10,,0,
AX,1990-11,,0,
AX,1990-12,,0,
AX,1991-01,,0,
AX,1991-02,,0,
AX,1991-03,,0,
AX,1991-04,,0,
AX,1991-05,,0,
AX,1991-06,,0,
AX,1991-07,,0,
AX,1991-08,,0,
AX,1991-09,,0,
AX,1991-10,,0,
AX,1991-11,,0,
AX,1991-12,,0,
AX,1992-01,,0,
AX,1992-02,,0,
AX,1992-03,,0,
AX,1992-04,,0,
AX,1992-05,,0,
AX,1992-06,,0,
AX,1992-07,,0,
AX,1992-08,,0,
AX,1992-09,,0,
AX,1992-10,,0,
AX,1992-11,,0,
AX,1992-12,,0,
AX,1993-01,,0,
AX,1993-02,,0,
AX,1993-03,,0,
AX,1993-04,,0,
AX,1993-05,,0,
AX,1993-06,,0,
AX,1993-07,,0,
AX,1993-08,,0,
AX,1993-09,,0,
AX,1993-10,,0,
AX,1993-11,,0,
AX,1993-12,,0,
AX,1994-01,,0,
AX,1994-02,,0,
AX,1994-03,,0,
AX,1994-04,,0,
AX,1994-05,,0,
AX,1994-06,,0,
AX,1994-07,,0,
AX,1994-08,,0,
AX,1994-09,,0,
AX,1994-10,,0,
AX,1994-11,,0,
AX,1994-12,,0,
AX,1995-01,,0,
AX,1995-02,,0,
AX,1995-03,,0,
AX,1995-04,,0,
AX,1995-05,,0,
AX,1995-06,,0,
AX,1995-07,,0,
AX,1995-08,,0,
AX,1995-09,,0,
AX,1995-10,,0,
AX,1995-11,,0,
AX,1995-12,,0,
AX,1996-01,,0,
AX,1996-02,,0,
AX,1996-03,,0,
AX,1996-04,,0,
AX,1996-05,,0,
AX,1996-06,,0,
AX,1996-07,,0,
AX,1996-08,,0,
AX,1996-09,,0,
AX,1996-10,,0,
AX,1996-11,,0,
AX,1996-12,,0,
AX,1997-01,,0,
AX,1997-02,,0,
AX,1997-03,,0,
AX,1997-04,,0,
AX,1997-05,,0,
AX,1997-06,,0,
AX,1997-07,,0,
AX,1997-08,,0,
AX,1997-09,,0,
AX,1997-10,,0,
AX,1997-11,1997-11-28,18,2.0
AX,1997-12,1997-12-30,19,1.0
AX,1998-01,1998-01-30,21,1.0
AX,1998-02,1998-02-27,20,1.0
AX,1998-03,1998-03-31,22,0.0
AX,1998-04,1998-04-30,20,0.0
AX,1998-05,1998-05-29,19,2.0
AX,1998-06,1998-06-30,20,0.0
AX,1998-07,1998-07-31,23,0.0
AX,1998-08,1998-08-31,21,0.0
AX,1998-09,1998-09-30,22,0.0
AX,1998-10,1998-10-30,22,1.0
AX,1998-11,1998-11-30,21,0.0
AX,1998-12,1998-12-30,20,1.0
AX,1999-01,1999-01-29,20,2.0
AX,1999-02,1999-02-26,20,2.0
AX,1999-03,1999-03-31,23,0.0
AX,1999-04,1999-04-30,20,0.0
AX,1999-05,1999-05-31,19,0.0
AX,1999-06,1999-06-30,21,0.0
AX,1999-07,1999-07-30,22,1.0
AX,1999-08,1999-08-31,22,0.0
AX,1999-09,1999-09-30,22,0.0
AX,1999-10,1999-10-29,21,2.0
AX,1999-11,1999-11-30,22,0.0
AX,1999-12,1999-12-30,21,1.0
AX,2000-01,2000-01-31,21,0.0
AX,2000-02,2000-02-29,20,0.0
AX,2000-03,2000-03-31,23,0.0
AX,2000-04,2000-04-28,18,2.0
AX,2000-05,2000-05-31,22,0.0
AX,2000-06,2000-06-30,22,0.0
AX,2000-07,2000-07-31,21,0.0
AX,2000-08,2000-08-31,23,0.0
AX,2000-09,2000-09-29,21,1.0
AX,2000-10,2000-10-31,21,0.0
AX,2000-11,2000-11-30,22,0.0
AX,2000-12,2000-12-29,19,2.0
AX,2001-01,2001-01-31,22,0.0
AX,2001-02,2001-02-28,20,0.0
AX,2001-03,2001-03-30,22,1.0
AX,2001-04,2001-04-30,19,0.0
AX,2001-05,2001-05-31,22,0.0
AX,2001-06,2001-06-29,21,1.0
AX,2001-07,2001-07-31,21,0.0
AX,2001-08,2001-08-31,23,0.0
AX,2001-09,2001-09-28,20,2.0
AX,2001-10,2001-10-31,23,0.0
AX,2001-11,2001-11-30,22,0.0
AX,2001-12,2001-12-28,17,3.0
AX,2002-01,2002-01-31,22,0.0
AX,2002-02,2002-02-28,20,0.0
AX,2002-03,2002-03-28,20,3.0
AX,2002-04,2002-04-30,21,0.0
AX,2002-05,2002-05-31,21,0.0
AX,2002-06,2002-06-28,20,2.0
AX,2002-07,2002-07-31,23,0.0
AX,2002-08,2002-08-30,22,1.0
AX,2002-09,2002-09-30,21,0.0
AX,2002-10,2002-10-31,23,0.0
AX,2002-11,2002-11-29,21,1.0
AX,2002-12,2002-12-30,18,1.0
AX,2003-01,2003-01-31,22,0.0
AX,2003-02,2003-02-28,20,0.0
AX,2003-03,2003-03-31,21,0.0
AX,2003-04,2003-04-30,20,0.0
AX,2003-05,2003-05-30,21,1.0
AX,2003-06,2003-06-30,21,0.0
AX,2003-07,2003-07-31,23,0.0
AX,2003-08,2003-08-29,21,2.0
AX,2003-09,2003-09-30,22,0.0
AX,2003-10,2003-10-31,23,0.0
AX,2003-11,2003-11-28,20,2.0
AX,2003-12,2003-12-30,20,1.0
AX,2004-01,2004-01-30,21,1.0
AX,2004-02,2004-02-27,20,2.0
AX,2004-03,2004-03-31,23,0.0
AX,2004-04,2004-04-30,20,0.0
AX,2004-05,2004-05-31,21,0.0
AX,2004-06,2004-06-30,22,0.0
AX,2004-07,2004-07-30,22,1.0
AX,2004-08,2004-08-31,22,0.0
AX,2004-09,2004-09-30,22,0.0
AX,2004-10,2004-10-29,21,2.0
AX,2004-11,2004-11-30,22,0.0
AX,2004-12,2004-12-30,21,1.0
AX,2005-01,2005-01-31,21,0.0
AX,2005-02,2005-02-28,20,0.0
AX,2005-03,2005-03-31,21,0.0
AX,2005-04,2005-04-29,21,1.0
AX,2005-05,2005-05-31,22,0.0
AX,2005-06,2005-06-30,22,0.0
AX,2005-07,2005-07-29,21,2.0
AX,2005-08,2005-08-31,23,0.0
AX,2005-09,2005-09-30,22,0.0
AX,2005-10,2005-10-31,21,0.0
AX,2005-11,2005-11-30,22,0.0
AX,2005-12,2005-12-30,21,1.0
AX,2006-01,2006-01-31,22,0.0
AX,2006-02,2006-02-28,20,0.0
AX,2006-03,2006-03-31,23,0.0
AX,2006-04,2006-04-28,18,2.0
AX,2006-05,2006-05-31,22,0.0
AX,2006-06,2006-06-30,22,0.0
AX,2006-07,2006-07-31,21,0.0
AX,2006-08,2006-08-31,23,0.0
AX,2006-09,2006-09-29,21,1.0
AX,2006-10,2006-10-31,22,0.0
AX,2006-11,2006-11-30,22,0.0
AX,2006-12,2006-12-29,19,2.0
AX,2007-01,2007-01-31,22,0.0
AX,2007-02,2007-02-28,20,0.0
AX,2007-03,2007-03-30,22,1.0
AX,2007-04,2007-04-30,19,0.0
AX,2007-05,2007-05-31,21,0.0
AX,2007-06,2007-06-29,21,1.0
AX,2007-07,2007-07-31,22,0.0
AX,2007-08,2007-08-31,23,0.0
AX,2007-09,2007-09-28,20,2.0
AX,2007-10,2007-10-31,23,0.0
AX,2007-11,2007-11-30,22,0.0
AX,2007-12,2007-12-28,17,3.0
AX,2008-01,2008-01-31,22,0.0
AX,2008-02,2008-02-29,21,0.0
AX,2008-03,2008-03-31,19,0.0
AX,2008-04,2008-04-30,22,0.0
AX,2008-05,2008-05-30,21,1.0
AX,2008-06,2008-06-30,21,0.0
AX,2008-07,2008-07-31,23,0.0
AX,2008-08,2008-08-29,21,2.0
AX,2008-09,2008-09-30,22,0.0
AX,2008-10,2008-10-31,23,0.0
AX,2008-11,2008-11-28,20,2.0
AX,2008-12,2008-12-30,19,1.0
AX,2009-01,2009-01-30,21,1.0
AX,2009-02,2009-02-27,20,1.0
AX,2009-03,2009-03-31,22,0.0
AX,2009-04,2009-04-30,20,0.0
AX,2009-05,2009-05-29,20,2.0
AX,2009-06,2009-06-30,22,0.0
AX,2009-07,2009-07-31,23,0.0
AX,2009-08,2009-08-31,21,0.0
AX,2009-09,2009-09-30,22,0.0
AX,2009-10,2009-10-30,22,1.0
AX,2009-11,2009-11-30,21,0.0
AX,2009-12,2009-12-30,20,1.0
AX,2010-01,2010-01-29,20,2.0
AX,2010-02,2010-02-26,20,2.0
AX,2010-03,2010-03-31,23,0.0
AX,2010-04,2010-04-30,20,0.0
AX,2010-05,2010-05-31,21,0.0
AX,2010-06,2010-06-30,22,0.0
AX,2010-07,2010-07-30,22,1.0
AX,2010-08,2010-08-31,22,0.0
AX,2010-09,2010-09-30,22,0.0
AX,2010-10,2010-10-29,21,2.0
AX,2010-11,2010-11-30,22,0.0
AX,2010-12,2010-12-30,21,1.0
AX,2011-01,2011-01-31,21,0.0
AX,2011-02,2011-02-28,20,0.0
AX,2011-03,2011-03-31,23,0.0
AX,2011-04,2011-04-29,19,1.0
AX,2011-05,2011-05-31,22,0.0
AX,2011-06,2011-06-30,22,0.0
AX,2011-07,2011-07-29,21,2.0
AX,2011-08,2011-08-31,23,0.0
AX,2011-09,2011-09-30,22,0.0
AX,2011-10,2011-10-31,21,0.0
AX,2011-11,2011-11-30,22,0.0
AX,2011-12,2011-12-30,21,1.0
AX,2012-01,2012-01-31,21,0.0
AX,2012-02,2012-02-29,21,0.0
AX,2012-03,2012-03-30,22,1.0
AX,2012-04,2012-04-30,19,0.0
AX,2012-05,2012-05-31,22,0.0
AX,2012-06,2012-06-29,21,1.0
AX,2012-07,2012-07-31,22,0.0
AX,2012-08,2012-08-31,23,0.0
AX,2012-09,2012-09-28,20,2.0
AX,2012-10,2012-10-31,23,0.0
AX,2012-11,2012-11-30,22,0.0
AX,2012-12,2012-12-28,17,3.0
AX,2013-01,2013-01-31,22,0.0
AX,2013-02,2013-02-28,20,0.0
AX,2013-03,2013-03-28,20,3.0
AX,2013-04,2013-04-30,21,0.0
AX,2013-05,2013-05-31,22,0.0
AX,2013-06,2013-06-28,20,2.0
AX,2013-07,2013-07-31,23,0.0
AX,2013-08,2013-08-30,22,1.0
AX,2013-09,2013-09-30,21,0.0
AX,2013-10,2013-10-31,23,0.0
AX,2013-11,2013-11-29,21,1.0
AX,2013-12,2013-12-30,18,1.0
AX,2014-01,2014-01-31,22,0.0
AX,2014-02,2014-02-28,20,0.0
AX,2014-03,2014-03-31,21,0.0
AX,2014-04,2014-04-30,20,0.0
AX,2014-05,2014-05-30,21,1.0
AX,2014-06,2014-06-30,21,0.0
AX,2014-07,2014-07-31,22,0.0
AX,2014-08,2014-08-29,21,2.0
AX,2014-09,2014-09-30,22,0.0
AX,2014-10,2014-10-31,23,0.0
AX,2014-11,2014-11-28,20,2.0
AX,2014-12,2014-12-30,19,1.0
BN,1969-01,,0,
BN,1969-02,,0,
BN,1969-03,,0,
BN,1969-04,,0,
BN,1969-05,,0,
BN,1969-06,,0,
BN,1969-07,,0,
BN,1969-08,,0,
BN,1969-09,,0,
BN,1969-10,,0,
BN,1969-11,,0,
BN,1969-12,,0,
BN,1970-01,,0,
BN,1970-02,,0,
BN,1970-03,,0,
BN,1970-04,,0,
BN,1970-05,,0,
BN,1970-06,,0,
BN,1970-07,,0,
BN,1970-08,,0,
BN,1970-09,,0,
BN,1970-10,,0,
BN,1970-11,,0,
BN,1970-12,,0,
BN,1971-01,,0,
BN,1971-02,,0,
BN,1971-03,,0,
BN,1971-04,,0,
BN,1971-05,,0,
BN,1971-06,,0,
BN,1971-07,,0,
BN,1971-08,,0,
BN,1971-09,,0,
BN,1971-10,,0,
BN,1971-11,,0,
BN,1971-12,,0,
BN,1972-01,,0,
BN,1972-02,,0,
BN,1972-03,,0,
BN,1972-04,,0,
BN,1972-05,,0,
BN,1972-06,,0,
BN,1972-07,,0,
BN,1972-08,,0,
BN,1972-09,,0,
BN,1972-10,,0,
BN,1972-11,,0,
BN,1972-12,,0,
BN,1973-01,,0,
BN,1973-02,,0,
BN,1973-03,,0,
BN,1973-04,,0,
BN,1973-05,,0,
BN,1973-06,,0,
BN,1973-07,,0,
BN,1973-08,,0,
BN,1973-09,,0,
BN,1973-10,,0,
BN,1973-11,,0,
BN,1973-12,,0,
BN,1974-01,,0,
BN,1974-02,,0,
BN,1974-03,,0,
BN,1974-04,,0,
BN,1974-05,,0,
BN,1974-06,,0,
BN,1974-07,,0,
BN,1974-08,,0,
BN,1974-09,,0,
BN,1974-10,,0,
BN,1974-11,,0,
BN,1974-12,,0,
BN,1975-01,,0,
BN,1975-02,,0,
BN,1975-03,,0,
BN,1975-04,,0,
BN,1975-05,,0,
BN,1975-06,,0,
BN,1975-07,,0,
BN,1975-08,,0,
BN,1975-09,,0,
BN,1975-10,,0,
BN,1975-11,,0,
BN,1975-12,,0,
BN,1976-01,1976-01-30,21,1.0
BN,1976-02,1976-02-27,19,2.0
BN,1976-03,1976-03-31,23,0.0
BN,1976-04,1976-04-30,21,0.0
BN,1976-05,1976-05-28,20,3.0
BN,1976-06,1976-06-30,22,0.0
BN,1976-07,1976-07-30,21,1.0
BN,1976-08,1976-08-31,22,0.0
BN,1976-09,1976-09-30,21,0.0
BN,1976-10,1976-10-29,21,2.0
BN,1976-11,1976-11-30,20,0.0
BN,1976-12,1976-12-30,21,1.0
BN,1977-01,1977-01-31,21,0.0
BN,1977-02,1977-02-28,19,0.0
BN,1977-03,1977-03-31,23,0.0
BN,1977-04,1977-04-29,20,1.0
BN,1977-05,1977-05-31,21,0.0
BN,1977-06,1977-06-30,22,0.0
BN,1977-07,1977-07-29,19,2.0
BN,1977-08,1977-08-31,23,0.0
BN,1977-09,1977-09-30,21,0.0
BN,1977-10,1977-10-31,21,0.0
BN,1977-11,1977-11-30,21,0.0
BN,1977-12,1977-12-30,21,1.0
BN,1978-01,1978-01-31,21,0.0
BN,1978-02,1978-02-28,19,0.0
BN,1978-03,1978-03-31,22,0.0
BN,1978-04,1978-04-28,20,2.0
BN,1978-05,1978-05-31,22,0.0
BN,1978-06,1978-06-30,22,0.0
BN,1978-07,1978-07-31,20,0.0
BN,1978-08,1978-08-31,23,0.0
BN,1978-09,1978-09-29,20,1.0
BN,1978-10,1978-10-31,22,0.0
BN,1978-11,1978-11-30,19,0.0
BN,1978-12,1978-12-29,20,2.0
BN,1979-01,1979-01-31,22,0.0
BN,1979-02,1979-02-28,19,0.0
BN,1979-03,1979-03-30,22,1.0
BN,1979-04,1979-04-30,20,0.0
BN,1979-05,1979-05-31,22,0.0
BN,1979-06,1979-06-29,21,1.0
BN,1979-07,1979-07-31,21,0.0
BN,1979-08,1979-08-31,23,0.0
BN,1979-09,1979-09-28,19,2.0
BN,1979-10,1979-10-31,23,0.0
BN,1979-11,1979-11-30,21,0.0
BN,1979-12,1979-12-31,19,0.0
BN,1980-01,1980-01-31,22,0.0
BN,1980-02,1980-02-29,20,0.0
BN,1980-03,1980-03-31,21,0.0
BN,1980-04,1980-04-30,21,0.0
BN,1980-05,1980-05-30,21,1.0
BN,1980-06,1980-06-30,21,0.0
BN,1980-07,1980-07-31,22,0.0
BN,1980-08,1980-08-29,21,2.0
BN,1980-09,1980-09-30,21,0.0
BN,1980-10,1980-10-31,23,0.0
BN,1980-11,1980-11-28,18,2.0
BN,1980-12,1980-12-31,21,0.0
BN,1981-01,1981-01-30,21,1.0
BN,1981-02,1981-02-27,19,1.0
BN,1981-03,1981-03-31,22,0.0
BN,1981-04,1981-04-30,21,0.0
BN,1981-05,1981-05-29,20,2.0
BN,1981-06,1981-06-30,22,0.0
BN,1981-07,1981-07-31,22,0.0
BN,1981-08,1981-08-31,21,0.0
BN,1981-09,1981-09-30,21,0.0
BN,1981-10,1981-10-30,22,1.0
BN,1981-11,1981-11-30,20,0.0
BN,1981-12,1981-12-31,22,0.0
BN,1982-01,1982-01-29,20,2.0
BN,1982-02,1982-02-26,19,2.0
BN,1982-03,1982-03-31,23,0.0
BN,1982-04,1982-04-30,21,0.0
BN,1982-05,1982-05-28,20,3.0
BN,1982-06,1982-06-30,22,0.0
BN,1982-07,1982-07-30,21,1.0
BN,1982-08,1982-08-31,22,0.0
BN,1982-09,1982-09-30,21,0.0
BN,1982-10,1982-10-29,21,2.0
BN,1982-11,1982-11-30,21,0.0
BN,1982-12,1982-12-31,22,0.0
BN,1983-01,1983-01-31,21,0.0
BN,1983-02,1983-02-28,19,0.0
BN,1983-03,1983-03-31,23,0.0
BN,1983-04,1983-04-29,20,1.0
BN,1983-05,1983-05-31,21,0.0
BN,1983-06,1983-06-30,22,0.0
BN,1983-07,1983-07-29,20,2.0
BN,1983-08,1983-08-31,23,0.0
BN,1983-09,1983-09-30,21,0.0
BN,1983-10,1983-10-31,21,0.0
BN,1983-11,1983-11-30,20,0.0
BN,1983-12,1983-12-30,21,1.0
BN,1984-01,1984-01-31,21,0.0
BN,1984-02,1984-02-29,20,0.0
BN,1984-03,1984-03-30,22,1.0
BN,1984-04,1984-04-30,20,0.0
BN,1984-05,1984-05-31,22,0.0
BN,1984-06,1984-06-29,21,1.0
BN,1984-07,1984-07-31,21,0.0
BN,1984-08,1984-08-31,23,0.0
BN,1984-09,1984-09-28,19,2.0
BN,1984-10,1984-10-31,23,0.0
BN,1984-11,1984-11-30,21,0.0
BN,1984-12,1984-12-31,20,0.0
BN,1985-01,1985-01-31,22,0.0
BN,1985-02,1985-02-28,19,0.0
BN,1985-03,1985-03-29,21,2.0
BN,1985-04,1985-04-30,21,0.0
BN,1985-05,1985-05-31,22,0.0
BN,1985-06,1985-06-28,20,2.0
BN,1985-07,1985-07-31,22,0.0
BN,1985-08,1985-08-30,22,1.0
BN,1985-09,1985-09-30,20,0.0
BN,1985-10,1985-10-31,23,0.0
BN,1985-11,1985-11-29,20,1.0
BN,1985-12,1985-12-31,21,0.0
BN,1986-01,1986-01-31,22,0.0
BN,1986-02,1986-02-28,19,0.0
BN,1986-03,1986-03-31,20,0.0
BN,1986-04,1986-04-30,22,0.0
BN,1986-05,1986-05-30,21,1.0
BN,1986-06,1986-06-30,21,0.0
BN,1986-07,1986-07-31,22,0.0
BN,1986-08,1986-08-29,21,2.0
BN,1986-09,1986-09-30,21,0.0
BN,1986-10,1986-10-31,23,0.0
BN,1986-11,1986-11-28,19,2.0
BN,1986-12,1986-12-31,22,0.0
BN,1987-01,1987-01-30,21,1.0
BN,1987-02,1987-02-27,19,1.0
BN,1987-03,1987-03-31,22,0.0
BN,1987-04,1987-04-30,21,0.0
BN,1987-05,1987-05-29,20,2.0
BN,1987-06,1987-06-30,22,0.0
BN,1987-07,1987-07-31,22,0.0
BN,1987-08,1987-08-31,21,0.0
BN,1987-09,1987-09-30,21,0.0
BN,1987-10,1987-10-30,22,1.0
BN,1987-11,1987-11-30,20,0.0
BN,1987-12,1987-12-31,22,0.0
BN,1988-01,1988-01-29,20,2.0
BN,1988-02,1988-02-29,20,0.0
BN,1988-03,1988-03-31,23,0.0
BN,1988-04,1988-04-29,20,1.0
BN,1988-05,1988-05-31,21,0.0
BN,1988-06,1988-06-30,22,0.0
BN,1988-07,1988-07-29,20,2.0
BN,1988-08,1988-08-31,23,0.0
BN,1988-09,1988-09-30,21,0.0
BN,1988-10,1988-10-31,21,0.0
BN,1988-11,1988-11-30,21,0.0
BN,1988-12,1988-12-30,21,1.0
BN,1989-01,1989-01-31,21,0.0
BN,1989-02,1989-02-28,19,0.0
BN,1989-03,1989-03-31,22,0.0
BN,1989-04,1989-04-28,20,2.0
BN,1989-05,1989-05-31,22,0.0
BN,1989-06,1989-06-30,22,0.0
BN,1989-07,1989-07-31,20,0.0
BN,1989-08,1989-08-31,23,0.0
BN,1989-09,1989-09-29,20,1.0
BN,1989-10,1989-10-31,22,0.0
BN,1989-11,1989-11-30,21,0.0
BN,1989-12,1989-12-29,20,2.0
BN,1990-01,1990-01-31,22,0.0
BN,1990-02,1990-02-28,19,0.0
BN,1990-03,1990-03-30,22,1.0
BN,1990-04,1990-04-30,20,0.0
BN,1990-05,1990-05-31,22,0.0
BN,1990-06,1990-06-29,21,1.0
BN,1990-07,1990-07-31,21,0.0
BN,1990-08,1990-08-31,23,0.0
BN,1990-09,1990-09-28,19,2.0
BN,1990-10,1990-10-31,23,0.0
BN,1990-11,1990-11-30,21,0.0
BN,1990-12,1990-12-31,20,0.0
BN,1991-01,1991-01-31,22,0.0
BN,1991-02,1991-02-28,19,0.0
BN,1991-03,1991-03-28,20,3.0
BN,1991-04,1991-04-30,22,0.0
BN,1991-05,1991-05-31,22,0.0
BN,1991-06,1991-06-28,20,2.0
BN,1991-07,1991-07-31,22,0.0
BN,1991-08,1991-08-30,22,1.0
BN,1991-09,1991-09-30,20,0.0
BN,1991-10,1991-10-31,23,0.0
BN,1991-11,1991-11-29,20,1.0
BN,1991-12,1991-12-31,21,0.0
BN,1992-01,1992-01-31,22,0.0
BN,1992-02,1992-02-28,19,1.0
BN,1992-03,1992-03-31,22,0.0
BN,1992-04,1992-04-30,21,0.0
BN,1992-05,1992-05-29,20,2.0
BN,1992-06,1992-06-30,22,0.0
BN,1992-07,1992-07-31,22,0.0
BN,1992-08,1992-08-31,21,0.0
BN,1992-09,1992-09-30,21,0.0
BN,1992-10,1992-10-30,22,1.0
BN,1992-11,1992-11-30,20,0.0
BN,1992-12,1992-12-31,22,0.0
BN,1993-01,1993-01-29,20,2.0
BN,1993-02,1993-02-26,19,2.0
BN,1993-03,1993-03-31,23,0.0
BN,1993-04,1993-04-30,21,0.0
BN,1993-05,1993-05-28,20,3.0
BN,1993-06,1993-06-30,22,0.0
BN,1993-07,1993-07-30,21,1.0
BN,1993-08,1993-08-31,22,0.0
BN,1993-09,1993-09-30,21,0.0
BN,1993-10,1993-10-29,21,2.0
BN,1993-11,1993-11-30,21,0.0
BN,1993-12,1993-12-31,22,0.0
BN,1994-01,1994-01-31,21,0.0
BN,1994-02,1994-02-28,19,0.0
BN,1994-03,1994-03-31,23,0.0
BN,1994-04,1994-04-29,20,1.0
BN,1994-05,1994-05-31,21,0.0
BN,1994-06,1994-06-30,22,0.0
BN,1994-07,1994-07-29,20,2.0
BN,1994-08,1994-08-31,23,0.0
BN,1994-09,1994-09-30,21,0.0
BN,1994-10,1994-10-31,21,0.0
BN,1994-11,1994-11-30,21,0.0
BN,1994-12,1994-12-30,21,1.0
BN,1995-01,1995-01-31,21,0.0
BN,1995-02,1995-02-28,19,0.0
BN,1995-03,1995-03-31,23,0.0
BN,1995-04,1995-04-28,19,2.0
BN,1995-05,1995-05-31,22,0.0
BN,1995-06,1995-06-30,22,0.0
BN,1995-07,1995-07-31,20,0.0
BN,1995-08,1995-08-31,23,0.0
BN,1995-09,1995-09-29,20,1.0
BN,1995-10,1995-10-31,22,0.0
BN,1995-11,1995-11-30,21,0.0
BN,1995-12,1995-12-29,20,2.0
BN,1996-01,1996-01-31,22,0.0
BN,1996-02,1996-02-29,20,0.0
BN,1996-03,1996-03-29,21,2.0
BN,1996-04,1996-04-30,22,0.0
BN,1996-05,1996-05-31,22,0.0
BN,1996-06,1996-06-28,20,2.0
BN,1996-07,1996-07-31,22,0.0
BN,1996-08,1996-08-30,22,1.0
BN,1996-09,1996-09-30,20,0.0
BN,1996-10,1996-10-31,23,0.0
BN,1996-11,1996-11-29,20,1.0
BN,1996-12,1996-12-31,21,0.0
BN,1997-01,1997-01-31,21,0.0
BN,1997-02,1997-02-28,19,0.0
BN,1997-03,1997-03-31,20,0.0
BN,1997-04,1997-04-30,22,0.0
BN,1997-05,1997-05-30,21,1.0
BN,1997-06,1997-06-30,21,0.0
BN,1997-07,1997-07-31,22,0.0
BN,1997-08,1997-08-29,21,2.0
BN,1997-09,1997-09-30,21,0.0
BN,1997-10,1997-10-31,23,0.0
BN,1997-11,1997-11-28,19,2.0
BN,1997-12,1997-12-31,22,0.0
BN,1998-01,1998-01-30,20,1.0
BN,1998-02,1998-02-27,19,1.0
BN,1998-03,1998-03-31,22,0.0
BN,1998-04,1998-04-30,21,0.0
BN,1998-05,1998-05-29,20,2.0
BN,1998-06,1998-06-30,22,0.0
BN,1998-07,1998-07-31,22,0.0
BN,1998-08,1998-08-31,21,0.0
BN,1998-09,1998-09-30,21,0.0
BN,1998-10,1998-10-30,21,1.0
BN,1998-11,1998-11-30,20,0.0
BN,1998-12,1998-12-31,22,0.0
BN,1999-01,1999-01-29,19,2.0
BN,1999-02,1999-02-26,19,2.0
BN,1999-03,1999-03-31,23,0.0
BN,1999-04,1999-04-30,21,0.0
BN,1999-05,1999-05-28,20,3.0
BN,1999-06,1999-06-30,21,0.0
BN,1999-07,1999-07-30,21,1.0
BN,1999-08,1999-08-31,22,0.0
BN,1999-09,1999-09-30,21,0.0
BN,1999-10,1999-10-29,20,2.0
BN,1999-11,1999-11-30,20,0.0
BN,1999-12,1999-12-31,22,0.0
BN,2000-01,2000-01-31,21,0.0
BN,2000-02,2000-02-29,20,0.0
BN,2000-03,2000-03-31,23,0.0
BN,2000-04,2000-04-28,19,2.0
BN,2000-05,2000-05-31,22,0.0
BN,2000-06,2000-06-30,22,0.0
BN,2000-07,2000-07-31,20,0.0
BN,2000-08,2000-08-31,23,0.0
BN,2000-09,2000-09-29,20,1.0
BN,2000-10,2000-10-31,21,0.0
BN,2000-11,2000-11-30,21,0.0
BN,2000-12,2000-12-29,20,2.0
BN,2001-01,2001-01-31,21,0.0
BN,2001-02,2001-02-28,19,0.0
BN,2001-03,2001-03-30,22,1.0
BN,2001-04,2001-04-30,20,0.0
BN,2001-05,2001-05-31,22,0.0
BN,2001-06,2001-06-29,21,1.0
BN,2001-07,2001-07-31,21,0.0
BN,2001-08,2001-08-31,23,0.0
BN,2001-09,2001-09-28,18,2.0
BN,2001-10,2001-10-31,23,0.0
BN,2001-11,2001-11-30,20,0.0
BN,2001-12,2001-12-31,20,0.0
BN,2002-01,2002-01-31,21,0.0
BN,2002-02,2002-02-28,19,0.0
BN,2002-03,2002-03-28,20,3.0
BN,2002-04,2002-04-30,22,0.0
BN,2002-05,2002-05-31,22,0.0
BN,2002-06,2002-06-28,20,2.0
BN,2002-07,2002-07-31,22,0.0
BN,2002-08,2002-08-30,22,1.0
BN,2002-09,2002-09-30,20,0.0
BN,2002-10,2002-10-31,23,0.0
BN,2002-11,2002-11-29,20,1.0
BN,2002-12,2002-12-31,21,0.0
BN,2003-01,2003-01-31,21,0.0
BN,2003-02,2003-02-28,19,0.0
BN,2003-03,2003-03-31,21,0.0
BN,2003-04,2003-04-30,21,0.0
BN,2003-05,2003-05-30,21,1.0
BN,2003-06,2003-06-30,21,0.0
BN,2003-07,2003-07-31,22,0.0
BN,2003-08,2003-08-29,21,2.0
BN,2003-09,2003-09-30,21,0.0
BN,2003-10,2003-10-31,23,0.0
BN,2003-11,2003-11-28,19,2.0
BN,2003-12,2003-12-31,22,0.0
BN,2004-01,2004-01-30,20,1.0
BN,2004-02,2004-02-27,19,2.0
BN,2004-03,2004-03-31,23,0.0
BN,2004-04,2004-04-30,21,0.0
BN,2004-05,2004-05-28,20,3.0
BN,2004-06,2004-06-30,22,0.0
BN,2004-07,2004-07-30,21,1.0
BN,2004-08,2004-08-31,22,0.0
BN,2004-09,2004-09-30,21,0.0
BN,2004-10,2004-10-29,21,2.0
BN,2004-11,2004-11-30,21,0.0
BN,2004-12,2004-12-31,22,0.0
BN,2005-01,2005-01-31,20,0.0
BN,2005-02,2005-02-28,19,0.0
BN,2005-03,2005-03-31,22,0.0
BN,2005-04,2005-04-29,21,1.0
BN,2005-05,2005-05-31,21,0.0
BN,2005-06,2005-06-30,22,0.0
BN,2005-07,2005-07-29,20,2.0
BN,2005-08,2005-08-31,23,0.0
BN,2005-09,2005-09-30,21,0.0
BN,2005-10,2005-10-31,21,0.0
BN,2005-11,2005-11-30,21,0.0
BN,2005-12,2005-12-30,21,1.0
BN,2006-01,2006-01-31,20,0.0
BN,2006-02,2006-02-28,19,0.0
BN,2006-03,2006-03-31,23,0.0
BN,2006-04,2006-04-28,19,2.0
BN,2006-05,2006-05-31,22,0.0
BN,2006-06,2006-06-30,22,0.0
BN,2006-07,2006-07-31,20,0.0
BN,2006-08,2006-08-31,23,0.0
BN,2006-09,2006-09-29,20,1.0
BN,2006-10,2006-10-31,22,0.0
BN,2006-11,2006-11-30,21,0.0
BN,2006-12,2006-12-29,20,2.0
BN,2007-01,2007-01-31,21,0.0
BN,2007-02,2007-02-28,19,0.0
BN,2007-03,2007-03-30,22,1.0
BN,2007-04,2007-04-30,21,0.0
BN,2007-05,2007-05-31,22,0.0
BN,2007-06,2007-06-29,21,1.0
BN,2007-07,2007-07-31,21,0.0
BN,2007-08,2007-08-31,23,0.0
BN,2007-09,2007-09-28,19,2.0
BN,2007-10,2007-10-31,23,0.0
BN,2007-11,2007-11-30,21,0.0
BN,2007-12,2007-12-31,20,0.0
BN,2008-01,2008-01-31,21,0.0
BN,2008-02,2008-02-29,20,0.0
BN,2008-03,2008-03-31,20,0.0
BN,2008-04,2008-04-30,22,0.0
BN,2008-05,2008-05-30,21,1.0
BN,2008-06,2008-06-30,21,0.0
BN,2008-07,2008-07-31,22,0.0
BN,2008-08,2008-08-29,21,2.0
BN,2008-09,2008-09-30,21,0.0
BN,2008-10,2008-10-31,23,0.0
BN,2008-11,2008-11-28,19,2.0
BN,2008-12,2008-12-31,22,0.0
BN,2009-01,2009-01-30,20,1.0
BN,2009-02,2009-02-27,19,1.0
BN,2009-03,2009-03-31,22,0.0
BN,2009-04,2009-04-30,21,0.0
BN,2009-05,2009-05-29,20,2.0
BN,2009-06,2009-06-30,22,0.0
BN,2009-07,2009-07-31,23,0.0
BN,2009-08,2009-08-31,21,0.0
BN,2009-09,2009-09-30,21,0.0
BN,2009-10,2009-10-30,22,1.0
BN,2009-11,2009-11-30,20,0.0
BN,2009-12,2009-12-31,22,0.0
BN,2010-01,2010-01-29,19,2.0
BN,2010-02,2010-02-26,19,2.0
BN,2010-03,2010-03-31,23,0.0
BN,2010-04,2010-04-30,22,0.0
BN,2010-05,2010-05-28,20,3.0
BN,2010-06,2010-06-30,22,0.0
BN,2010-07,2010-07-30,21,1.0
BN,2010-08,2010-08-31,22,0.0
BN,2010-09,2010-09-30,21,0.0
BN,2010-10,2010-10-29,21,2.0
BN,2010-11,2010-11-30,21,0.0
BN,2010-12,2010-12-31,22,0.0
BN,2011-01,2011-01-31,20,0.0
BN,2011-02,2011-02-28,19,0.0
BN,2011-03,2011-03-31,23,0.0
BN,2011-04,2011-04-29,20,1.0
BN,2011-05,2011-05-31,21,0.0
BN,2011-06,2011-06-30,22,0.0
BN,2011-07,2011-07-29,20,2.0
BN,2011-08,2011-08-31,23,0.0
BN,2011-09,2011-09-30,21,0.0
BN,2011-10,2011-10-31,21,0.0
BN,2011-11,2011-11-30,21,0.0
BN,2011-12,2011-12-30,21,1.0
BN,2012-01,2012-01-31,20,0.0
BN,2012-02,2012-02-29,20,0.0
BN,2012-03,2012-03-30,22,1.0
BN,2012-04,2012-04-30,21,0.0
BN,2012-05,2012-05-31,22,0.0
BN,2012-06,2012-06-29,21,1.0
BN,2012-07,2012-07-31,21,0.0
BN,2012-08,2012-08-31,23,0.0
BN,2012-09,2012-09-28,19,2.0
BN,2012-10,2012-10-31,23,0.0
BN,2012-11,2012-11-30,21,0.0
BN,2012-12,2012-12-31,20,0.0
BN,2013-01,2013-01-31,21,0.0
BN,2013-02,2013-02-28,19,0.0
BN,2013-03,2013-03-28,20,3.0
BN,2013-04,2013-04-30,22,0.0
BN,2013-05,2013-05-31,22,0.0
BN,2013-06,2013-06-28,20,2.0
BN,2013-07,2013-07-31,22,0.0
BN,2013-08,2013-08-30,22,1.0
BN,2013-09,2013-09-30,20,0.0
BN,2013-10,2013-10-31,23,0.0
BN,2013-11,2013-11-29,20,1.0
BN,2013-12,2013-12-31,21,0.0
BN,2014-01,2014-01-31,21,0.0
BN,2014-02,2014-02-28,19,0.0
BN,2014-03,2014-03-31,21,0.0
BN,2014-04,2014-04-30,21,0.0
BN,2014-05,2014-05-30,21,1.0
BN,2014-06,2014-06-30,21,0.0
BN,2014-07,2014-07-31,22,0.0
BN,2014-08,2014-08-29,21,2.0
BN,2014-09,2014-09-30,21,0.0
BN,2014-10,2014-10-31,23,0.0
BN,2014-11,2014-11-28,19,2.0
BN,2014-12,2014-12-31,22,0.0
CA,1969-01,,0,
CA,1969-02,,0,
CA,1969-03,,0,
CA,1969-04,,0,
CA,1969-05,,0,
CA,1969-06,,0,
CA,1969-07,,0,
CA,1969-08,,0,
CA,1969-09,,0,
CA,1969-10,,0,
CA,1969-11,,0,
CA,1969-12,,0,
CA,1970-01,,0,
CA,1970-02,,0,
CA,1970-03,,0,
CA,1970-04,,0,
CA,1970-05,,0,
CA,1970-06,,0,
CA,1970-07,,0,
CA,1970-08,,0,
CA,1970-09,,0,
CA,1970-10,,0,
CA,1970-11,,0,
CA,1970-12,,0,
CA,1971-01,,0,
CA,1971-02,,0,
CA,1971-03,,0,
CA,1971-04,,0,
CA,1971-05,,0,
CA,1971-06,,0,
CA,1971-07,,0,
CA,1971-08,,0,
CA,1971-09,,0,
CA,1971-10,,0,
CA,1971-11,,0,
CA,1971-12,,0,
CA,1972-01,,0,
CA,1972-02,,0,
CA,1972-03,,0,
CA,1972-04,,0,
CA,1972-05,,0,
CA,1972-06,,0,
CA,1972-07,,0,
CA,1972-08,,0,
CA,1972-09,,0,
CA,1972-10,,0,
CA,1972-11,,0,
CA,1972-12,,0,
CA,1973-01,,0,
CA,1973-02,,0,
CA,1973-03,,0,
CA,1973-04,,0,
CA,1973-05,,0,
CA,1973-06,,0,
CA,1973-07,,0,
CA,1973-08,,0,
CA,1973-09,,0,
CA,1973-10,,0,
CA,1973-11,,0,
CA,1973-12,,0,
CA,1974-01,,0,
CA,1974-02,,0,
CA,1974-03,,0,
CA,1974-04,,0,
CA,1974-05,,0,
CA,1974-06,,0,
CA,1974-07,,0,
CA,1974-08,,0,
CA,1974-09,,0,
CA,1974-10,,0,
CA,1974-11,,0,
CA,1974-12,,0,
CA,1975-01,,0,
CA,1975-02,,0,
CA,1975-03,,0,
CA,1975-04,,0,
CA,1975-05,,0,
CA,1975-06,,0,
CA,1975-07,,0,
CA,1975-08,,0,
CA,1975-09,,0,
CA,1975-10,,0,
CA,1975-11,,0,
CA,1975-12,,0,
CA,1976-01,,0,
CA,1976-02,,0,
CA,1976-03,,0,
CA,1976-04,,0,
CA,1976-05,,0,
CA,1976-06,,0,
CA,1976-07,,0,
CA,1976-08,,0,
CA,1976-09,,0,
CA,1976-10,,0,
CA,1976-11,,0,
CA,1976-12,,0,
CA,1977-01,,0,
CA,1977-02,,0,
CA,1977-03,,0,
CA,1977-04,,0,
CA,1977-05,,0,
CA,1977-06,,0,
CA,1977-07,,0,
CA,1977-08,,0,
CA,1977-09,,0,
CA,1977-10,,0,
CA,1977-11,,0,
CA,1977-12,,0,
CA,1978-01,,0,
CA,1978-02,,0,
CA,1978-03,,0,
CA,1978-04,,0,
CA,1978-05,,0,
CA,1978-06,,0,
CA,1978-07,,0,
CA,1978-08,,0,
CA,1978-09,,0,
CA,1978-10,,0,
CA,1978-11,,0,
CA,1978-12,,0,
CA,1979-01,,0,
CA,1979-02,,0,
CA,1979-03,,0,
CA,1979-04,,0,
CA,1979-05,,0,
CA,1979-06,,0,
CA,1979-07,,0,
CA,1979-08,,0,
CA,1979-09,,0,
CA,1979-10,,0,
CA,1979-11,,0,
CA,1979-12,,0,
CA,1980-01,,0,
CA,1980-02,,0,
CA,1980-03,,0,
CA,1980-04,,0,
CA,1980-05,,0,
CA,1980-06,,0,
CA,1980-07,,0,
CA,1980-08,,0,
CA,1980-09,,0,
CA,1980-10,,0,
CA,1980-11,,0,
CA,1980-12,,0,
CA,1981-01,,0,
CA,1981-02,,0,
CA,1981-03,,0,
CA,1981-04,,0,
CA,1981-05,,0,
CA,1981-06,,0,
CA,1981-07,,0,
CA,1981-08,,0,
CA,1981-09,,0,
CA,1981-10,,0,
CA,1981-11,,0,
CA,1981-12,,0,
CA,1982-01,,0,
CA,1982-02,,0,
CA,1982-03,,0,
CA,1982-04,,0,
CA,1982-05,,0,
CA,1982-06,,0,
CA,1982-07,,0,
CA,1982-08,,0,
CA,1982-09,,0,
CA,1982-10,,0,
CA,1982-11,,0,
CA,1982-12,,0,
CA,1983-01,,0,
CA,1983-02,,0,
CA,1983-03,,0,
CA,1983-04,,0,
CA,1983-05,,0,
CA,1983-06,,0,
CA,1983-07,,0,
CA,1983-08,,0,
CA,1983-09,,0,
CA,1983-10,,0,
CA,1983-11,,0,
CA,1983-12,,0,
CA,1984-01,,0,
CA,1984-02,,0,
CA,1984-03,,0,
CA,1984-04,,0,
CA,1984-05,,0,
CA,1984-06,,0,
CA,1984-07,,0,
CA,1984-08,,0,
CA,1984-09,,0,
CA,1984-10,,0,
CA,1984-11,,0,
CA,1984-12,,0,
CA,1985-01,,0,
CA,1985-02,,0,
CA,1985-03,,0,
CA,1985-04,,0,
CA,1985-05,,0,
CA,1985-06,,0,
CA,1985-07,,0,
CA,1985-08,,0,
CA,1985-09,,0,
CA,1985-10,,0,
CA,1985-11,,0,
CA,1985-12,,0,
CA,1986-01,,0,
CA,1986-02,,0,
CA,1986-03,,0,
CA,1986-04,,0,
CA,1986-05,,0,
CA,1986-06,,0,
CA,1986-07,,0,
CA,1986-08,,0,
CA,1986-09,,0,
CA,1986-10,,0,
CA,1986-11,,0,
CA,1986-12,,0,
CA,1987-01,,0,
CA,1987-02,,0,
CA,1987-03,,0,
CA,1987-04,,0,
CA,1987-05,,0,
CA,1987-06,,0,
CA,1987-07,,0,
CA,1987-08,,0,
CA,1987-09,,0,
CA,1987-10,,0,
CA,1987-11,,0,
CA,1987-12,,0,
CA,1988-01,,0,
CA,1988-02,,0,
CA,1988-03,,0,
CA,1988-04,,0,
CA,1988-05,,0,
CA,1988-06,,0,
CA,1988-07,,0,
CA,1988-08,,0,
CA,1988-09,,0,
CA,1988-10,,0,
CA,1988-11,,0,
CA,1988-12,,0,
CA,1989-01,,0,
CA,1989-02,,0,
CA,1989-03,,0,
CA,1989-04,,0,
CA,1989-05,,0,
CA,1989-06,,0,
CA,1989-07,,0,
CA,1989-08,,0,
CA,1989-09,,0,
CA,1989-10,,0,
CA,1989-11,,0,
CA,1989-12,,0,
CA,1990-01,,0,
CA,1990-02,,0,
CA,1990-03,,0,
CA,1990-04,,0,
CA,1990-05,,0,
CA,1990-06,,0,
CA,1990-07,,0,
CA,1990-08,,0,
CA,1990-09,,0,
CA,1990-10,,0,
CA,1990-11,,0,
CA,1990-12,,0,
CA,1991-01,,0,
CA,1991-02,,0,
CA,1991-03,,0,
CA,1991-04,,0,
CA,1991-05,,0,
CA,1991-06,,0,
CA,1991-07,,0,
CA,1991-08,,0,
CA,1991-09,,0,
CA,1991-10,,0,
CA,1991-11,,0,
CA,1991-12,,0,
CA,1992-01,,0,
CA,1992-02,,0,
CA,1992-03,,0,
CA,1992-04,,0,
CA,1992-05,,0,
CA,1992-06,,0,
CA,1992-07,,0,
CA,1992-08,,0,
CA,1992-09,,0,
CA,1992-10,,0,
CA,1992-11,,0,
CA,1992-12,,0,
CA,1993-01,,0,
CA,1993-02,,0,
CA,1993-03,,0,
CA,1993-04,,0,
CA,1993-05,,0,
CA,1993-06,,0,
CA,1993-07,,0,
CA,1993-08,,0,
CA,1993-09,,0,
CA,1993-10,,0,
CA,1993-11,,0,
CA,1993-12,,0,
CA,1994-01,,0,
CA,1994-02,,0,
CA,1994-03,,0,
CA,1994-04,,0,
CA,1994-05,,0,
CA,1994-06,,0,
CA,1994-07,,0,
CA,1994-08,,0,
CA,1994-09,,0,
CA,1994-10,,0,
CA,1994-11,,0,
CA,1994-12,,0,
CA,1995-01,,0,
CA,1995-02,,0,
CA,1995-03,,0,
CA,1995-04,,0,
CA,1995-05,,0,
CA,1995-06,,0,
CA,1995-07,,0,
CA,1995-08,,0,
CA,1995-09,,0,
CA,1995-10,,0,
CA,1995-11,,0,
CA,1995-12,,0,
CA,1996-01,,0,
CA,1996-02,,0,
CA,1996-03,,0,
CA,1996-04,,0,
CA,1996-05,,0,
CA,1996-06,,0,
CA,1996-07,,0,
CA,1996-08,,0,
CA,1996-09,,0,
CA,1996-10,,0,
CA,1996-11,,0,
CA,1996-12,,0,
CA,1997-01,,0,
CA,1997-02,,0,
CA,1997-03,,0,
CA,1997-04,,0,
CA,1997-05,,0,
CA,1997-06,,0,
CA,1997-07,,0,
CA,1997-08,,0,
CA,1997-09,,0,
CA,1997-10,,0,
CA,1997-11,,0,
CA,1997-12,,0,
CA,1998-01,,0,
CA,1998-02,,0,
CA,1998-03,,0,
CA,1998-04,,0,
CA,1998-05,,0,
CA,1998-06,,0,
CA,1998-07,,0,
CA,1998-08,,0,
CA,1998-09,,0,
CA,1998-10,,0,
CA,1998-11,,0,
CA,1998-12,,0,
CA,1999-01,1999-01-29,20,2.0
CA,1999-02,1999-02-26,20,2.0
CA,1999-03,1999-03-31,23,0.0
CA,1999-04,1999-04-30,22,0.0
CA,1999-05,1999-05-31,21,0.0
CA,1999-06,1999-06-30,22,0.0
CA,1999-07,1999-07-30,22,1.0
CA,1999-08,1999-08-31,22,0.0
CA,1999-09,1999-09-30,22,0.0
CA,1999-10,1999-10-29,21,2.0
CA,1999-11,1999-11-30,22,0.0
CA,1999-12,1999-12-30,22,1.0
CA,2000-01,2000-01-31,21,0.0
CA,2000-02,2000-02-29,21,0.0
CA,2000-03,2000-03-31,23,0.0
CA,2000-04,2000-04-28,18,2.0
CA,2000-05,2000-05-31,22,0.0
CA,2000-06,2000-06-30,22,0.0
CA,2000-07,2000-07-31,21,0.0
CA,2000-08,2000-08-31,23,0.0
CA,2000-09,2000-09-29,21,1.0
CA,2000-10,2000-10-31,22,0.0
CA,2000-11,2000-11-30,22,0.0
CA,2000-12,2000-12-29,19,2.0
CA,2001-01,2001-01-31,22,0.0
CA,2001-02,2001-02-28,20,0.0
CA,2001-03,2001-03-30,22,1.0
CA,2001-04,2001-04-30,19,0.0
CA,2001-05,2001-05-31,22,0.0
CA,2001-06,2001-06-29,20,1.0
CA,2001-07,2001-07-31,22,0.0
CA,2001-08,2001-08-31,23,0.0
CA,2001-09,2001-09-28,20,2.0
CA,2001-10,2001-10-31,23,0.0
CA,2001-11,2001-11-30,22,0.0
CA,2001-12,2001-12-28,18,3.0
CA,2002-01,2002-01-31,22,0.0
CA,2002-02,2002-02-28,20,0.0
CA,2002-03,2002-03-28,20,3.0
CA,2002-04,2002-04-30,21,0.0
CA,2002-05,2002-05-31,22,0.0
CA,2002-06,2002-06-28,20,2.0
CA,2002-07,2002-07-31,23,0.0
CA,2002-08,2002-08-30,22,1.0
CA,2002-09,2002-09-30,21,0.0
CA,2002-10,2002-10-31,23,0.0
CA,2002-11,2002-11-29,21,1.0
CA,2002-12,2002-12-31,20,0.0
CA,2003-01,2003-01-31,22,0.0
CA,2003-02,2003-02-28,19,0.0
CA,2003-03,2003-03-31,21,0.0
CA,2003-04,2003-04-30,20,0.0
CA,2003-05,2003-05-30,21,1.0
CA,2003-06,2003-06-30,21,0.0
CA,2003-07,2003-07-31,23,0.0
CA,2003-08,2003-08-29,21,2.0
CA,2003-09,2003-09-30,22,0.0
CA,2003-10,2003-10-31,23,0.0
CA,2003-11,2003-11-28,20,2.0
CA,2003-12,2003-12-31,21,0.0
CA,2004-01,2004-01-30,21,1.0
CA,2004-02,2004-02-27,20,2.0
CA,2004-03,2004-03-31,23,0.0
CA,2004-04,2004-04-30,20,0.0
CA,2004-05,2004-05-31,21,0.0
CA,2004-06,2004-06-30,22,0.0
CA,2004-07,2004-07-30,22,1.0
CA,2004-08,2004-08-31,22,0.0
CA,2004-09,2004-09-30,22,0.0
CA,2004-10,2004-10-29,21,2.0
CA,2004-11,2004-11-30,22,0.0
CA,2004-12,2004-12-31,23,0.0
CA,2005-01,2005-01-31,21,0.0
CA,2005-02,2005-02-28,20,0.0
CA,2005-03,2005-03-31,21,0.0
CA,2005-04,2005-04-29,21,1.0
CA,2005-05,2005-05-31,22,0.0
CA,2005-06,2005-06-30,22,0.0
CA,2005-07,2005-07-29,21,2.0
CA,2005-08,2005-08-31,23,0.0
CA,2005-09,2005-09-30,22,0.0
CA,2005-10,2005-10-31,21,0.0
CA,2005-11,2005-11-30,22,0.0
CA,2005-12,2005-12-30,21,1.0
CA,2006-01,2006-01-31,22,0.0
CA,2006-02,2006-02-28,20,0.0
CA,2006-03,2006-03-31,23,0.0
CA,2006-04,2006-04-28,18,2.0
CA,2006-05,2006-05-31,22,0.0
CA,2006-06,2006-06-30,22,0.0
CA,2006-07,2006-07-31,21,0.0
CA,2006-08,2006-08-31,23,0.0
CA,2006-09,2006-09-29,21,1.0
CA,2006-10,2006-10-31,22,0.0
CA,2006-11,2006-11-30,22,0.0
CA,2006-12,2006-12-29,19,2.0
CA,2007-01,2007-01-31,22,0.0
CA,2007-02,2007-02-28,20,0.0
CA,2007-03,2007-03-30,22,1.0
CA,2007-04,2007-04-30,19,0.0
CA,2007-05,2007-05-31,22,0.0
CA,2007-06,2007-06-29,21,1.0
CA,2007-07,2007-07-31,22,0.0
CA,2007-08,2007-08-31,23,0.0
CA,2007-09,2007-09-28,20,2.0
CA,2007-10,2007-10-31,23,0.0
CA,2007-11,2007-11-30,22,0.0
CA,2007-12,2007-12-31,18,0.0
CA,2008-01,2008-01-31,22,0.0
CA,2008-02,2008-02-29,21,0.0
CA,2008-03,2008-03-31,19,0.0
CA,2008-04,2008-04-30,22,0.0
CA,2008-05,2008-05-30,21,1.0
CA,2008-06,2008-06-30,21,0.0
CA,2008-07,2008-07-31,23,0.0
CA,2008-08,2008-08-29,21,2.0
CA,2008-09,2008-09-30,22,0.0
CA,2008-10,2008-10-31,23,0.0
CA,2008-11,2008-11-28,20,2.0
CA,2008-12,2008-12-31,21,0.0
CA,2009-01,2009-01-30,21,1.0
CA,2009-02,2009-02-27,20,1.0
CA,2009-03,2009-03-31,22,0.0
CA,2009-04,2009-04-30,20,0.0
CA,2009-05,2009-05-29,20,2.0
CA,2009-06,2009-06-30,22,0.0
CA,2009-07,2009-07-31,23,0.0
CA,2009-08,2009-08-31,21,0.0
CA,2009-09,2009-09-30,22,0.0
CA,2009-10,2009-10-30,22,1.0
CA,2009-11,2009-11-30,21,0.0
CA,2009-12,2009-12-31,22,0.0
CA,2010-01,2010-01-29,20,2.0
CA,2010-02,2010-02-26,20,2.0
CA,2010-03,2010-03-31,23,0.0
CA,2010-04,2010-04-30,20,0.0
CA,2010-05,2010-05-31,21,0.0
CA,2010-06,2010-06-30,22,0.0
CA,2010-07,2010-07-30,22,1.0
CA,2010-08,2010-08-31,22,0.0
CA,2010-09,2010-09-30,22,0.0
CA,2010-10,2010-10-29,21,2.0
CA,2010-11,2010-11-30,22,0.0
CA,2010-12,2010-12-31,22,0.0
CA,2011-01,2011-01-31,21,0.0
CA,2011-02,2011-02-28,20,0.0
CA,2011-03,2011-03-31,23,0.0
CA,2011-04,2011-04-29,19,1.0
CA,2011-05,2011-05-31,22,0.0
CA,2011-06,2011-06-30,22,0.0
CA,2011-07,2011-07-29,21,2.0
CA,2011-08,2011-08-31,23,0.0
CA,2011-09,2011-09-30,22,0.0
CA,2011-10,2011-10-31,21,0.0
CA,2011-11,2011-11-30,22,0.0
CA,2011-12,2011-12-30,21,1.0
CA,2012-01,2012-01-31,21,0.0
CA,2012-02,2012-02-29,21,0.0
CA,2012-03,2012-03-30,22,1.0
CA,2012-04,2012-04-30,19,0.0
CA,2012-05,2012-05-31,22,0.0
CA,2012-06,2012-06-29,21,1.0
CA,2012-07,2012-07-31,22,0.0
CA,2012-08,2012-08-31,23,0.0
CA,2012-09,2012-09-28,20,2.0
CA,2012-10,2012-10-31,23,0.0
CA,2012-11,2012-11-30,22,0.0
CA,2012-12,2012-12-31,19,0.0
CA,2013-01,2013-01-31,22,0.0
CA,2013-02,2013-02-28,20,0.0
CA,2013-03,2013-03-28,20,3.0
CA,2013-04,2013-04-30,21,0.0
CA,2013-05,2013-05-31,22,0.0
CA,2013-06,2013-06-28,20,2.0
CA,2013-07,2013-07-31,23,0.0
CA,2013-08,2013-08-30,22,1.0
CA,2013-09,2013-09-30,21,0.0
CA,2013-10,2013-10-31,23,0.0
CA,2013-11,2013-11-29,21,1.0
CA,2013-12,2013-12-31,20,0.0
CA,2014-01,2014-01-31,22,0.0
CA,2014-02,2014-02-28,20,0.0
CA,2014-03,2014-03-31,21,0.0
CA,2014-04,2014-04-30,20,0.0
CA,2014-05,2014-05-30,21,1.0
CA,2014-06,2014-06-30,21,0.0
CA,2014-07,2014-07-31,22,0.0
CA,2014-08,2014-08-29,21,2.0
CA,2014-09,2014-09-30,22,0.0
CA,2014-10,2014-10-31,23,0.0
CA,2014-11,2014-11-28,20,2.0
CA,2014-12,2014-12-31,21,0.0
CB,1969-01,,0,
CB,1969-02,,0,
CB,1969-03,,0,
CB,1969-04,,0,
CB,1969-05,,0,
CB,1969-06,,0,
CB,1969-07,,0,
CB,1969-08,,0,
CB,1969-09,,0,
CB,1969-10,,0,
CB,1969-11,,0,
CB,1969-12,,0,
CB,1970-01,,0,
CB,1970-02,,0,
CB,1970-03,,0,
CB,1970-04,,0,
CB,1970-05,,0,
CB,1970-06,,0,
CB,1970-07,,0,
CB,1970-08,,0,
CB,1970-09,,0,
CB,1970-10,,0,
CB,1970-11,,0,
CB,1970-12,,0,
CB,1971-01,,0,
CB,1971-02,,0,
CB,1971-03,,0,
CB,1971-04,,0,
CB,1971-05,,0,
CB,1971-06,,0,
CB,1971-07,,0,
CB,1971-08,,0,
CB,1971-09,,0,
CB,1971-10,,0,
CB,1971-11,,0,
CB,1971-12,,0,
CB,1972-01,,0,
CB,1972-02,,0,
CB,1972-03,,0,
CB,1972-04,,0,
CB,1972-05,,0,
CB,1972-06,,0,
CB,1972-07,,0,
CB,1972-08,,0,
CB,1972-09,,0,
CB,1972-10,,0,
CB,1972-11,,0,
CB,1972-12,,0,
CB,1973-01,,0,
CB,1973-02,,0,
CB,1973-03,,0,
CB,1973-04,,0,
CB,1973-05,,0,
CB,1973-06,,0,
CB,1973-07,,0,
CB,1973-08,,0,
CB,1973-09,,0,
CB,1973-10,,0,
CB,1973-11,,0,
CB,1973-12,,0,
CB,1974-01,,0,
CB,1974-02,,0,
CB,1974-03,,0,
CB,1974-04,,0,
CB,1974-05,,0,
CB,1974-06,,0,
CB,1974-07,,0,
CB,1974-08,,0,
CB,1974-09,,0,
CB,1974-10,,0,
CB,1974-11,,0,
CB,1974-12,,0,
CB,1975-01,,0,
CB,1975-02,,0,
CB,1975-03,,0,
CB,1975-04,,0,
CB,1975-05,,0,
CB,1975-06,,0,
CB,1975-07,,0,
CB,1975-08,,0,
CB,1975-09,,0,
CB,1975-10,,0,
CB,1975-11,,0,
CB,1975-12,,0,
CB,1976-01,,0,
CB,1976-02,,0,
CB,1976-03,,0,
CB,1976-04,,0,
CB,1976-05,,0,
CB,1976-06,,0,
CB,1976-07,,0,
CB,1976-08,,0,
CB,1976-09,,0,
CB,1976-10,,0,
CB,1976-11,,0,
CB,1976-12,,0,
CB,1977-01,,0,
CB,1977-02,,0,
CB,1977-03,,0,
CB,1977-04,,0,
CB,1977-05,,0,
CB,1977-06,,0,
CB,1977-07,,0,
CB,1977-08,,0,
CB,1977-09,,0,
CB,1977-10,,0,
CB,1977-11,,0,
CB,1977-12,,0,
CB,1978-01,,0,
CB,1978-02,,0,
CB,1978-03,,0,
CB,1978-04,,0,
CB,1978-05,,0,
CB,1978-06,,0,
CB,1978-07,,0,
CB,1978-08,,0,
CB,1978-09,,0,
CB,1978-10,,0,
CB,1978-11,,0,
CB,1978-12,,0,
CB,1979-01,,0,
CB,1979-02,,0,
CB,1979-03,,0,
CB,1979-04,,0,
CB,1979-05,,0,
CB,1979-06,,0,
CB,1979-07,,0,
CB,1979-08,,0,
CB,1979-09,,0,
CB,1979-10,,0,
CB,1979-11,,0,
CB,1979-12,,0,
CB,1980-01,,0,
CB,1980-02,,0,
CB,1980-03,,0,
CB,1980-04,,0,
CB,1980-05,,0,
CB,1980-06,,0,
CB,1980-07,,0,
CB,1980-08,,0,
CB,1980-09,,0,
CB,1980-10,,0,
CB,1980-11,,0,
CB,1980-12,,0,
CB,1981-01,,0,
CB,1981-02,,0,
CB,1981-03,,0,
CB,1981-04,,0,
CB,1981-05,,0,
CB,1981-06,,0,
CB,1981-07,,0,
CB,1981-08,,0,
CB,1981-09,,0,
CB,1981-10,,0,
CB,1981-11,,0,
CB,1981-12,,0,
CB,1982-01,,0,
CB,1982-02,,0,
CB,1982-03,,0,
CB,1982-04,,0,
CB,1982-05,,0,
CB,1982-06,,0,
CB,1982-07,,0,
CB,1982-08,,0,
CB,1982-09,,0,
CB,1982-10,,0,
CB,1982-11,,0,
CB,1982-12,,0,
CB,1983-01,,0,
CB,1983-02,,0,
CB,1983-03,,0,
CB,1983-04,,0,
CB,1983-05,,0,
CB,1983-06,,0,
CB,1983-07,,0,
CB,1983-08,,0,
CB,1983-09,,0,
CB,1983-10,,0,
CB,1983-11,,0,
CB,1983-12,,0,
CB,1984-01,,0,
CB,1984-02,,0,
CB,1984-03,,0,
CB,1984-04,,0,
CB,1984-05,,0,
CB,1984-06,,0,
CB,1984-07,,0,
CB,1984-08,,0,
CB,1984-09,,0,
CB,1984-10,,0,
CB,1984-11,,0,
CB,1984-12,,0,
CB,1985-01,,0,
CB,1985-02,,0,
CB,1985-03,,0,
CB,1985-04,,0,
CB,1985-05,,0,
CB,1985-06,,0,
CB,1985-07,,0,
CB,1985-08,,0,
CB,1985-09,,0,
CB,1985-10,,0,
CB,1985-11,,0,
CB,1985-12,,0,
CB,1986-01,,0,
CB,1986-02,,0,
CB,1986-03,,0,
CB,1986-04,,0,
CB,1986-05,,0,
CB,1986-06,,0,
CB,1986-07,,0,
CB,1986-08,,0,
CB,1986-09,,0,
CB,1986-10,,0,
CB,1986-11,,0,
CB,1986-12,,0,
CB,1987-01,,0,
CB,1987-02,,0,
CB,1987-03,,0,
CB,1987-04,,0,
CB,1987-05,,0,
CB,1987-06,,0,
CB,1987-07,,0,
CB,1987-08,,0,
CB,1987-09,,0,
CB,1987-10,,0,
CB,1987-11,,0,
CB,1987-12,,0,
CB,1988-01,,0,
CB,1988-02,,0,
CB,1988-03,,0,
CB,1988-04,,0,
CB,1988-05,,0,
CB,1988-06,,0,
CB,1988-07,,0,
CB,1988-08,,0,
CB,1988-09,,0,
CB,1988-10,,0,
CB,1988-11,,0,
CB,1988-12,,0,
CB,1989-01,,0,
CB,1989-02,,0,
CB,1989-03,,0,
CB,1989-04,,0,
CB,1989-05,,0,
CB,1989-06,,0,
CB,1989-07,,0,
CB,1989-08,,0,
CB,1989-09,,0,
CB,1989-10,,0,
CB,1989-11,,0,
CB,1989-12,,0,
CB,1990-01,,0,
CB,1990-02,,0,
CB,1990-03,,0,
CB,1990-04,,0,
CB,1990-05,,0,
CB,1990-06,,0,
CB,1990-07,,0,
CB,1990-08,,0,
CB,1990-09,,0,
CB,1990-10,,0,
CB,1990-11,,0,
CB,1990-12,,0,
CB,1991-01,,0,
CB,1991-02,,0,
CB,1991-03,,0,
CB,1991-04,,0,
CB,1991-05,,0,
CB,1991-06,,0,
CB,1991-07,,0,
CB,1991-08,,0,
CB,1991-09,,0,
CB,1991-10,,0,
CB,1991-11,,0,
CB,1991-12,,0,
CB,1992-01,,0,
CB,1992-02,,0,
CB,1992-03,,0,
CB,1992-04,,0,
CB,1992-05,,0,
CB,1992-06,,0,
CB,1992-07,,0,
CB,1992-08,,0,
CB,1992-09,,0,
CB,1992-10,,0,
CB,1992-11,,0,
CB,1992-12,,0,
CB,1993-01,,0,
CB,1993-02,,0,
CB,1993-03,,0,
CB,1993-04,,0,
CB,1993-05,,0,
CB,1993-06,,0,
CB,1993-07,,0,
CB,1993-08,,0,
CB,1993-09,,0,
CB,1993-10,,0,
CB,1993-11,,0,
CB,1993-12,,0,
CB,1994-01,,0,
CB,1994-02,,0,
CB,1994-03,,0,
CB,1994-04,,0,
CB,1994-05,,0,
CB,1994-06,1994-06-30,22,0.0
CB,1994-07,1994-07-29,20,2.0
CB,1994-08,1994-08-31,22,0.0
CB,1994-09,1994-09-30,21,0.0
CB,1994-10,1994-10-31,20,0.0
CB,1994-11,1994-11-30,21,0.0
CB,1994-12,1994-12-30,20,1.0
CB,1995-01,1995-01-31,21,0.0
CB,1995-02,1995-02-28,20,0.0
CB,1995-03,1995-03-31,23,0.0
CB,1995-04,1995-04-28,19,2.0
CB,1995-05,1995-05-31,22,0.0
CB,1995-06,1995-06-30,22,0.0
CB,1995-07,1995-07-31,20,0.0
CB,1995-08,1995-08-31,22,0.0
CB,1995-09,1995-09-29,20,1.0
CB,1995-10,1995-10-31,21,0.0
CB,1995-11,1995-11-30,22,0.0
CB,1995-12,1995-12-29,19,2.0
CB,1996-01,1996-01-31,22,0.0
CB,1996-02,1996-02-29,21,0.0
CB,1996-03,1996-03-29,21,2.0
CB,1996-04,1996-04-30,21,0.0
CB,1996-05,1996-05-31,22,0.0
CB,1996-06,1996-06-28,20,2.0
CB,1996-07,1996-07-31,22,0.0
CB,1996-08,1996-08-30,21,1.0
CB,1996-09,1996-09-30,20,0.0
CB,1996-10,1996-10-31,22,0.0
CB,1996-11,1996-11-29,21,1.0
CB,1996-12,1996-12-31,20,0.0
CB,1997-01,1997-01-31,22,0.0
CB,1997-02,1997-02-28,20,0.0
CB,1997-03,1997-03-31,20,0.0
CB,1997-04,1997-04-30,22,0.0
CB,1997-05,1997-05-30,21,1.0
CB,1997-06,1997-06-30,21,0.0
CB,1997-07,1997-07-31,22,0.0
CB,1997-08,1997-08-29,20,2.0
CB,1997-09,1997-09-30,21,0.0
CB,1997-10,1997-10-31,22,0.0
CB,1997-11,1997-11-28,19,2.0
CB,1997-12,1997-12-31,21,0.0
CB,1998-01,1998-01-30,21,1.0
CB,1998-02,1998-02-27,20,1.0
CB,1998-03,1998-03-31,22,0.0
CB,1998-04,1998-04-30,21,0.0
CB,1998-05,1998-05-29,20,2.0
CB,1998-06,1998-06-30,22,0.0
CB,1998-07,1998-07-31,22,0.0
CB,1998-08,1998-08-31,20,0.0
CB,1998-09,1998-09-30,21,0.0
CB,1998-10,1998-10-30,21,1.0
CB,1998-11,1998-11-30,20,0.0
CB,1998-12,1998-12-31,21,0.0
CB,1999-01,1999-01-29,20,2.0
CB,1999-02,1999-02-26,20,2.0
CB,1999-03,1999-03-31,23,0.0
CB,1999-04,1999-04-30,22,0.0
CB,1999-05,1999-05-31,20,0.0
CB,1999-06,1999-06-30,22,0.0
CB,1999-07,1999-07-30,21,1.0
CB,1999-08,1999-08-31,21,0.0
CB,1999-09,1999-09-30,21,0.0
CB,1999-10,1999-10-29,20,2.0
CB,1999-11,1999-11-30,21,0.0
CB,1999-12,1999-12-31,21,0.0
CB,2000-01,2000-01-31,20,0.0
CB,2000-02,2000-02-29,21,0.0
CB,2000-03,2000-03-31,23,0.0
CB,2000-04,2000-04-28,19,2.0
CB,2000-05,2000-05-31,22,0.0
CB,2000-06,2000-06-30,22,0.0
CB,2000-07,2000-07-31,20,0.0
CB,2000-08,2000-08-31,22,0.0
CB,2000-09,2000-09-29,20,1.0
CB,2000-10,2000-10-31,21,0.0
CB,2000-11,2000-11-30,21,0.0
CB,2000-12,2000-12-29,19,2.0
CB,2001-01,2001-01-31,22,0.0
CB,2001-02,2001-02-28,20,0.0
CB,2001-03,2001-03-30,22,1.0
CB,2001-04,2001-04-30,20,0.0
CB,2001-05,2001-05-31,22,0.0
CB,2001-06,2001-06-29,21,1.0
CB,2001-07,2001-07-31,21,0.0
CB,2001-08,2001-08-31,22,0.0
CB,2001-09,2001-09-28,18,2.0
CB,2001-10,2001-10-31,22,0.0
CB,2001-11,2001-11-30,21,0.0
CB,2001-12,2001-12-31,19,0.0
CB,2002-01,2002-01-31,22,0.0
CB,2002-02,2002-02-28,20,0.0
CB,2002-03,2002-03-28,20,3.0
CB,2002-04,2002-04-30,22,0.0
CB,2002-05,2002-05-31,22,0.0
CB,2002-06,2002-06-28,20,2.0
CB,2002-07,2002-07-31,22,0.0
CB,2002-08,2002-08-30,21,1.0
CB,2002-09,2002-09-30,20,0.0
CB,2002-10,2002-10-31,22,0.0
CB,2002-11,2002-11-29,20,1.0
CB,2002-12,2002-12-31,20,0.0
CB,2003-01,2003-01-31,22,0.0
CB,2003-02,2003-02-28,19,0.0
CB,2003-03,2003-03-31,21,0.0
CB,2003-04,2003-04-30,21,0.0
CB,2003-05,2003-05-30,21,1.0
CB,2003-06,2003-06-30,21,0.0
CB,2003-07,2003-07-31,22,0.0
CB,2003-08,2003-08-29,20,2.0
CB,2003-09,2003-09-30,20,0.0
CB,2003-10,2003-10-31,22,0.0
CB,2003-11,2003-11-28,19,2.0
CB,2003-12,2003-12-31,21,0.0
CB,2004-01,2004-01-30,21,1.0
CB,2004-02,2004-02-27,20,2.0
CB,2004-03,2004-03-31,23,0.0
CB,2004-04,2004-04-30,21,0.0
CB,2004-05,2004-05-31,20,0.0
CB,2004-06,2004-06-30,22,0.0
CB,2004-07,2004-07-30,21,1.0
CB,2004-08,2004-08-31,21,0.0
CB,2004-09,2004-09-30,21,0.0
CB,2004-10,2004-10-29,21,2.0
CB,2004-11,2004-11-30,21,0.0
CB,2004-12,2004-12-31,21,0.0
CB,2005-01,2005-01-31,20,0.0
CB,2005-02,2005-02-28,20,0.0
CB,2005-03,2005-03-31,22,0.0
CB,2005-04,2005-04-29,21,1.0
CB,2005-05,2005-05-31,21,0.0
CB,2005-06,2005-06-30,22,0.0
CB,2005-07,2005-07-29,20,2.0
CB,2005-08,2005-08-31,22,0.0
CB,2005-09,2005-09-30,21,0.0
CB,2005-10,2005-10-31,20,0.0
CB,2005-11,2005-11-30,21,0.0
CB,2005-12,2005-12-30,20,1.0
CB,2006-01,2006-01-31,21,0.0
CB,2006-02,2006-02-28,20,0.0
CB,2006-03,2006-03-31,23,0.0
CB,2006-04,2006-04-28,19,2.0
CB,2006-05,2006-05-31,22,0.0
CB,2006-06,2006-06-30,22,0.0
CB,2006-07,2006-07-31,20,0.0
CB,2006-08,2006-08-31,22,0.0
CB,2006-09,2006-09-29,20,1.0
CB,2006-10,2006-10-31,21,0.0
CB,2006-11,2006-11-30,21,0.0
CB,2006-12,2006-12-29,19,2.0
CB,2007-01,2007-01-31,22,0.0
CB,2007-02,2007-02-28,20,0.0
CB,2007-03,2007-03-30,22,1.0
CB,2007-04,2007-04-30,20,0.0
CB,2007-05,2007-05-31,22,0.0
CB,2007-06,2007-06-29,21,1.0
CB,2007-07,2007-07-31,21,0.0
CB,2007-08,2007-08-31,21,0.0
CB,2007-09,2007-09-28,19,2.0
CB,2007-10,2007-10-31,22,0.0
CB,2007-11,2007-11-30,21,0.0
CB,2007-12,2007-12-31,18,0.0
CB,2008-01,2008-01-31,22,0.0
CB,2008-02,2008-02-29,20,0.0
CB,2008-03,2008-03-31,20,0.0
CB,2008-04,2008-04-30,22,0.0
CB,2008-05,2008-05-30,21,1.0
CB,2008-06,2008-06-30,21,0.0
CB,2008-07,2008-07-31,22,0.0
CB,2008-08,2008-08-29,20,2.0
CB,2008-09,2008-09-30,21,0.0
CB,2008-10,2008-10-31,22,0.0
CB,2008-11,2008-11-28,20,2.0
CB,2008-12,2008-12-31,21,0.0
CB,2009-01,2009-01-30,21,1.0
CB,2009-02,2009-02-27,19,1.0
CB,2009-03,2009-03-31,22,0.0
CB,2009-04,2009-04-30,21,0.0
CB,2009-05,2009-05-29,20,2.0
CB,2009-06,2009-06-30,22,0.0
CB,2009-07,2009-07-31,22,0.0
CB,2009-08,2009-08-31,20,0.0
CB,2009-09,2009-09-30,21,0.0
CB,2009-10,2009-10-30,21,1.0
CB,2009-11,2009-11-30,20,0.0
CB,2009-12,2009-12-31,21,0.0
CB,2010-01,2010-01-29,20,2.0
CB,2010-02,2010-02-26,19,2.0
CB,2010-03,2010-03-31,23,0.0
CB,2010-04,2010-04-30,21,0.0
CB,2010-05,2010-05-31,20,0.0
CB,2010-06,2010-06-30,22,0.0
CB,2010-07,2010-07-30,21,1.0
CB,2010-08,2010-08-31,21,0.0
CB,2010-09,2010-09-30,21,0.0
CB,2010-10,2010-10-29,20,2.0
CB,2010-11,2010-11-30,21,0.0
CB,2010-12,2010-12-31,19,0.0
CB,2011-01,2011-01-31,20,0.0
CB,2011-02,2011-02-28,19,0.0
CB,2011-03,2011-03-31,23,0.0
CB,2011-04,2011-04-29,20,1.0
CB,2011-05,2011-05-31,21,0.0
CB,2011-06,2011-06-30,22,0.0
CB,2011-07,2011-07-29,20,2.0
CB,2011-08,2011-08-31,22,0.0
CB,2011-09,2011-09-30,21,0.0
CB,2011-10,2011-10-31,20,0.0
CB,2011-11,2011-11-30,21,0.0
CB,2011-12,2011-12-30,20,1.0
CB,2012-01,2012-01-31,21,0.0
CB,2012-02,2012-02-29,20,0.0
CB,2012-03,2012-03-30,22,1.0
CB,2012-04,2012-04-30,20,0.0
CB,2012-05,2012-05-31,21,0.0
CB,2012-06,2012-06-29,21,1.0
CB,2012-07,2012-07-31,20,0.0
CB,2012-08,2012-08-31,22,0.0
CB,2012-09,2012-09-28,19,2.0
CB,2012-10,2012-10-31,22,0.0
CB,2012-11,2012-11-30,21,0.0
CB,2012-12,2012-12-31,19,0.0
CB,2013-01,2013-01-31,21,0.0
CB,2013-02,2013-02-28,19,0.0
CB,2013-03,2013-03-28,20,3.0
CB,2013-04,2013-04-30,22,0.0
CB,2013-05,2013-05-31,22,0.0
CB,2013-06,2013-06-28,20,2.0
CB,2013-07,2013-07-31,22,0.0
CB,2013-08,2013-08-30,21,1.0
CB,2013-09,2013-09-30,20,0.0
CB,2013-10,2013-10-31,22,0.0
CB,2013-11,2013-11-29,20,1.0
CB,2013-12,2013-12-31,20,0.0
CB,2014-01,2014-01-31,22,0.0
CB,2014-02,2014-02-28,19,0.0
CB,2014-03,2014-03-31,21,0.0
CB,2014-04,2014-04-30,21,0.0
CB,2014-05,2014-05-30,20,1.0
CB,2014-06,2014-06-30,21,0.0
CB,2014-07,2014-07-31,21,0.0
CB,2014-08,2014-08-29,20,2.0
CB,2014-09,2014-09-30,21,0.0
CB,2014-10,2014-10-31,22,0.0
CB,2014-11,2014-11-28,19,2.0
CB,2014-12,2014-12-31,21,0.0
CC,1969-01,,0,
CC,1969-02,,0,
CC,1969-03,,0,
CC,1969-04,,0,
CC,1969-05,,0,
CC,1969-06,,0,
CC,1969-07,,0,
CC,1969-08,,0,
CC,1969-09,,0,
CC,1969-10,,0,
CC,1969-11,,0,
CC,1969-12,,0,
CC,1970-01,,0,
CC,1970-02,,0,
CC,1970-03,,0,
CC,1970-04,,0,
CC,1970-05,,0,
CC,1970-06,,0,
CC,1970-07,,0,
CC,1970-08,,0,
CC,1970-09,,0,
CC,1970-10,,0,
CC,1970-11,,0,
CC,1970-12,,0,
CC,1971-01,,0,
CC,1971-02,,0,
CC,1971-03,,0,
CC,1971-04,,0,
CC,1971-05,,0,
CC,1971-06,,0,
CC,1971-07,,0,
CC,1971-08,,0,
CC,1971-09,,0,
CC,1971-10,,0,
CC,1971-11,,0,
CC,1971-12,,0,
CC,1972-01,,0,
CC,1972-02,,0,
CC,1972-03,,0,
CC,1972-04,,0,
CC,1972-05,,0,
CC,1972-06,,0,
CC,1972-07,,0,
CC,1972-08,,0,
CC,1972-09,,0,
CC,1972-10,,0,
CC,1972-11,,0,
CC,1972-12,,0,
CC,1973-01,,0,
CC,1973-02,,0,
CC,1973-03,,0,
CC,1973-04,,0,
CC,1973-05,,0,
CC,1973-06,,0,
CC,1973-07,,0,
CC,1973-08,,0,
CC,1973-09,,0,
CC,1973-10,,0,
CC,1973-11,,0,
CC,1973-12,,0,
CC,1974-01,,0,
CC,1974-02,,0,
CC,1974-03,,0,
CC,1974-04,,0,
CC,1974-05,,0,
CC,1974-06,,0,
CC,1974-07,,0,
CC,1974-08,,0,
CC,1974-09,,0,
CC,1974-10,,0,
CC,1974-11,,0,
CC,1974-12,,0,
CC,1975-01,,0,
CC,1975-02,,0,
CC,1975-03,,0,
CC,1975-04,,0,
CC,1975-05,,0,
CC,1975-06,,0,
CC,1975-07,,0,
CC,1975-08,,0,
CC,1975-09,,0,
CC,1975-10,,0,
CC,1975-11,,0,
CC,1975-12,,0,
CC,1976-01,,0,
CC,1976-02,,0,
CC,1976-03,,0,
CC,1976-04,,0,
CC,1976-05,,0,
CC,1976-06,,0,
CC,1976-07,,0,
CC,1976-08,,0,
CC,1976-09,,0,
CC,1976-10,,0,
CC,1976-11,,0,
CC,1976-12,,0,
CC,1977-01,,0,
CC,1977-02,,0,
CC,1977-03,,0,
CC,1977-04,,0,
CC,1977-05,,0,
CC,1977-06,,0,
CC,1977-07,,0,
CC,1977-08,,0,
CC,1977-09,,0,
CC,1977-10,,0,
CC,1977-11,,0,
CC,1977-12,,0,
CC,1978-01,,0,
CC,1978-02,,0,
CC,1978-03,,0,
CC,1978-04,,0,
CC,1978-05,,0,
CC,1978-06,,0,
CC,1978-07,,0,
CC,1978-08,,0,
CC,1978-09,,0,
CC,1978-10,,0,
CC,1978-11,,0,
CC,1978-12,,0,
CC,1979-01,,0,
CC,1979-02,,0,
CC,1979-03,,0,
CC,1979-04,,0,
CC,1979-05,,0,
CC,1979-06,,0,
CC,1979-07,,0,
CC,1979-08,,0,
CC,1979-09,,0,
CC,1979-10,,0,
CC,1979-11,,0,
CC,1979-12,,0,
CC,1980-01,,0,
CC,1980-02,,0,
CC,1980-03,,0,
CC,1980-04,,0,
CC,1980-05,,0,
CC,1980-06,,0,
CC,1980-07,,0,
CC,1980-08,,0,
CC,1980-09,,0,
CC,1980-10,,0,
CC,1980-11,,0,
CC,1980-12,,0,
CC,1981-01,1981-01-30,20,1.0
CC,1981-02,1981-02-27,19,1.0
CC,1981-03,1981-03-31,22,0.0
CC,1981-04,1981-04-30,21,0.0
CC,1981-05,1981-05-29,20,2.0
CC,1981-06,1981-06-30,22,0.0
CC,1981-07,1981-07-31,22,0.0
CC,1981-08,1981-08-31,21,0.0
CC,1981-09,1981-09-30,21,0.0
CC,1981-10,1981-10-30,22,1.0
CC,1981-11,1981-11-30,20,0.0
CC,1981-12,1981-12-31,21,0.0
CC,1982-01,1982-01-29,20,2.0
CC,1982-02,1982-02-26,19,2.0
CC,1982-03,1982-03-31,23,0.0
CC,1982-04,1982-04-30,21,0.0
CC,1982-05,1982-05-28,20,3.0
CC,1982-06,1982-06-30,22,0.0
CC,1982-07,1982-07-30,21,1.0
CC,1982-08,1982-08-31,22,0.0
CC,1982-09,1982-09-30,21,0.0
CC,1982-10,1982-10-29,21,2.0
CC,1982-11,1982-11-30,20,0.0
CC,1982-12,1982-12-30,21,1.0
CC,1983-01,1983-01-31,21,0.0
CC,1983-02,1983-02-28,19,0.0
CC,1983-03,1983-03-31,23,0.0
CC,1983-04,1983-04-29,20,1.0
CC,1983-05,1983-05-31,21,0.0
CC,1983-06,1983-06-30,22,0.0
CC,1983-07,1983-07-29,20,2.0
CC,1983-08,1983-08-31,23,0.0
CC,1983-09,1983-09-30,21,0.0
CC,1983-10,1983-10-31,21,0.0
CC,1983-11,1983-11-30,21,0.0
CC,1983-12,1983-12-30,21,1.0
CC,1984-01,1984-01-31,21,0.0
CC,1984-02,1984-02-29,20,0.0
CC,1984-03,1984-03-30,22,1.0
CC,1984-04,1984-04-30,20,0.0
CC,1984-05,1984-05-31,22,0.0
CC,1984-06,1984-06-29,21,1.0
CC,1984-07,1984-07-31,21,0.0
CC,1984-08,1984-08-31,23,0.0
CC,1984-09,1984-09-28,19,2.0
CC,1984-10,1984-10-31,23,0.0
CC,1984-11,1984-11-30,21,0.0
CC,1984-12,1984-12-31,19,0.0
CC,1985-01,1985-01-31,22,0.0
CC,1985-02,1985-02-28,19,0.0
CC,1985-03,1985-03-29,21,2.0
CC,1985-04,1985-04-30,21,0.0
CC,1985-05,1985-05-31,22,0.0
CC,1985-06,1985-06-28,20,2.0
CC,1985-07,1985-07-31,21,0.0
CC,1985-08,1985-08-30,22,1.0
CC,1985-09,1985-09-30,19,0.0
CC,1985-10,1985-10-31,22,0.0
CC,1985-11,1985-11-29,20,1.0
CC,1985-12,1985-12-31,20,0.0
CC,1986-01,1986-01-31,22,0.0
CC,1986-02,1986-02-28,19,0.0
CC,1986-03,1986-03-31,20,0.0
CC,1986-04,1986-04-30,22,0.0
CC,1986-05,1986-05-30,21,1.0
CC,1986-06,1986-06-30,21,0.0
CC,1986-07,1986-07-31,21,0.0
CC,1986-08,1986-08-29,21,2.0
CC,1986-09,1986-09-30,21,0.0
CC,1986-10,1986-10-31,23,0.0
CC,1986-11,1986-11-26,18,4.0
CC,1986-12,1986-12-31,21,0.0
CC,1987-01,1987-01-30,20,1.0
CC,1987-02,1987-02-27,19,1.0
CC,1987-03,1987-03-31,22,0.0
CC,1987-04,1987-04-30,21,0.0
CC,1987-05,1987-05-29,20,2.0
CC,1987-06,1987-06-30,22,0.0
CC,1987-07,1987-07-31,22,0.0
CC,1987-08,1987-08-31,21,0.0
CC,1987-09,1987-09-30,21,0.0
CC,1987-10,1987-10-30,22,1.0
CC,1987-11,1987-11-30,19,0.0
CC,1987-12,1987-12-31,22,0.0
CC,1988-01,1988-01-29,20,2.0
CC,1988-02,1988-02-29,20,0.0
CC,1988-03,1988-03-31,23,0.0
CC,1988-04,1988-04-29,20,1.0
CC,1988-05,1988-05-31,21,0.0
CC,1988-06,1988-06-30,22,0.0
CC,1988-07,1988-07-29,20,2.0
CC,1988-08,1988-08-31,23,0.0
CC,1988-09,1988-09-30,21,0.0
CC,1988-10,1988-10-31,21,0.0
CC,1988-11,1988-11-30,20,0.0
CC,1988-12,1988-12-30,21,1.0
CC,1989-01,1989-01-31,21,0.0
CC,1989-02,1989-02-28,19,0.0
CC,1989-03,1989-03-31,22,0.0
CC,1989-04,1989-04-28,20,2.0
CC,1989-05,1989-05-31,22,0.0
CC,1989-06,1989-06-30,22,0.0
CC,1989-07,1989-07-31,20,0.0
CC,1989-08,1989-08-31,23,0.0
CC,1989-09,1989-09-29,20,1.0
CC,1989-10,1989-10-31,22,0.0
CC,1989-11,1989-11-30,20,0.0
CC,1989-12,1989-12-29,20,2.0
CC,1990-01,1990-01-31,22,0.0
CC,1990-02,1990-02-28,19,0.0
CC,1990-03,1990-03-30,22,1.0
CC,1990-04,1990-04-30,20,0.0
CC,1990-05,1990-05-31,22,0.0
CC,1990-06,1990-06-29,21,1.0
CC,1990-07,1990-07-31,21,0.0
CC,1990-08,1990-08-31,23,0.0
CC,1990-09,1990-09-28,19,2.0
CC,1990-10,1990-10-31,23,0.0
CC,1990-11,1990-11-30,20,0.0
CC,1990-12,1990-12-28,18,3.0
CC,1991-01,1991-01-31,22,0.0
CC,1991-02,1991-02-28,19,0.0
CC,1991-03,1991-03-28,20,3.0
CC,1991-04,1991-04-30,22,0.0
CC,1991-05,1991-05-31,22,0.0
CC,1991-06,1991-06-28,20,2.0
CC,1991-07,1991-07-31,21,0.0
CC,1991-08,1991-08-30,22,1.0
CC,1991-09,1991-09-30,20,0.0
CC,1991-10,1991-10-31,23,0.0
CC,1991-11,1991-11-27,19,3.0
CC,1991-12,1991-12-31,21,0.0
CC,1992-01,1992-01-31,22,0.0
CC,1992-02,1992-02-28,19,1.0
CC,1992-03,1992-03-31,22,0.0
CC,1992-04,1992-04-30,21,0.0
CC,1992-05,1992-05-29,20,2.0
CC,1992-06,1992-06-30,22,0.0
CC,1992-07,1992-07-31,22,0.0
CC,1992-08,1992-08-31,21,0.0
CC,1992-09,1992-09-30,21,0.0
CC,1992-10,1992-10-30,22,1.0
CC,1992-11,1992-11-30,19,0.0
CC,1992-12,1992-12-31,22,0.0
CC,1993-01,1993-01-29,20,2.0
CC,1993-02,1993-02-26,19,2.0
CC,1993-03,1993-03-31,23,0.0
CC,1993-04,1993-04-30,21,0.0
CC,1993-05,1993-05-28,20,3.0
CC,1993-06,1993-06-30,22,0.0
CC,1993-07,1993-07-30,21,1.0
CC,1993-08,1993-08-31,22,0.0
CC,1993-09,1993-09-30,21,0.0
CC,1993-10,1993-10-29,21,2.0
CC,1993-11,1993-11-30,20,0.0
CC,1993-12,1993-12-30,21,1.0
CC,1994-01,1994-01-31,21,0.0
CC,1994-02,1994-02-28,19,0.0
CC,1994-03,1994-03-31,23,0.0
CC,1994-04,1994-04-29,19,1.0
CC,1994-05,1994-05-31,21,0.0
CC,1994-06,1994-06-30,22,0.0
CC,1994-07,1994-07-29,20,2.0
CC,1994-08,1994-08-31,23,0.0
CC,1994-09,1994-09-30,21,0.0
CC,1994-10,1994-10-31,21,0.0
CC,1994-11,1994-11-30,20,0.0
CC,1994-12,1994-12-30,21,1.0
CC,1995-01,1995-01-31,21,0.0
CC,1995-02,1995-02-28,19,0.0
CC,1995-03,1995-03-31,23,0.0
CC,1995-04,1995-04-28,19,2.0
CC,1995-05,1995-05-31,22,0.0
CC,1995-06,1995-06-30,22,0.0
CC,1995-07,1995-07-31,19,0.0
CC,1995-08,1995-08-31,23,0.0
CC,1995-09,1995-09-29,20,1.0
CC,1995-10,1995-10-31,22,0.0
CC,1995-11,1995-11-30,20,0.0
CC,1995-12,1995-12-29,19,2.0
CC,1996-01,1996-01-31,20,0.0
CC,1996-02,1996-02-29,20,0.0
CC,1996-03,1996-03-29,21,2.0
CC,1996-04,1996-04-30,21,0.0
CC,1996-05,1996-05-31,22,0.0
CC,1996-06,1996-06-28,20,2.0
CC,1996-07,1996-07-31,21,0.0
CC,1996-08,1996-08-30,22,1.0
CC,1996-09,1996-09-30,20,0.0
CC,1996-10,1996-10-31,23,0.0
CC,1996-11,1996-11-27,19,3.0
CC,1996-12,1996-12-31,20,0.0
CC,1997-01,1997-01-31,22,0.0
CC,1997-02,1997-02-28,19,0.0
CC,1997-03,1997-03-31,20,0.0
CC,1997-04,1997-04-30,22,0.0
CC,1997-05,1997-05-30,21,1.0
CC,1997-06,1997-06-30,21,0.0
CC,1997-07,1997-07-31,22,0.0
CC,1997-08,1997-08-29,21,2.0
CC,1997-09,1997-09-30,21,0.0
CC,1997-10,1997-10-31,23,0.0
CC,1997-11,1997-11-26,18,4.0
CC,1997-12,1997-12-31,21,0.0
CC,1998-01,1998-01-30,19,1.0
CC,1998-02,1998-02-27,19,1.0
CC,1998-03,1998-03-31,22,0.0
CC,1998-04,1998-04-30,21,0.0
CC,1998-05,1998-05-29,20,2.0
CC,1998-06,1998-06-30,22,0.0
CC,1998-07,1998-07-31,22,0.0
CC,1998-08,1998-08-31,21,0.0
CC,1998-09,1998-09-30,21,0.0
CC,1998-10,1998-10-30,22,1.0
CC,1998-11,1998-11-30,19,0.0
CC,1998-12,1998-12-31,22,0.0
CC,1999-01,1999-01-29,19,2.0
CC,1999-02,1999-02-26,19,2.0
CC,1999-03,1999-03-31,23,0.0
CC,1999-04,1999-04-30,21,0.0
CC,1999-05,1999-05-28,20,3.0
CC,1999-06,1999-06-30,22,0.0
CC,1999-07,1999-07-30,21,1.0
CC,1999-08,1999-08-31,22,0.0
CC,1999-09,1999-09-30,21,0.0
CC,1999-10,1999-10-29,21,2.0
CC,1999-11,1999-11-30,20,0.0
CC,1999-12,1999-12-30,21,1.0
CC,2000-01,2000-01-31,20,0.0
CC,2000-02,2000-02-29,20,0.0
CC,2000-03,2000-03-31,23,0.0
CC,2000-04,2000-04-28,19,2.0
CC,2000-05,2000-05-31,22,0.0
CC,2000-06,2000-06-30,22,0.0
CC,2000-07,2000-07-31,19,0.0
CC,2000-08,2000-08-31,23,0.0
CC,2000-09,2000-09-29,20,1.0
CC,2000-10,2000-10-31,22,0.0
CC,2000-11,2000-11-30,20,0.0
CC,2000-12,2000-12-29,20,2.0
CC,2001-01,2001-01-31,21,0.0
CC,2001-02,2001-02-28,19,0.0
CC,2001-03,2001-03-30,22,1.0
CC,2001-04,2001-04-30,20,0.0
CC,2001-05,2001-05-31,22,0.0
CC,2001-06,2001-06-29,21,1.0
CC,2001-07,2001-07-31,21,0.0
CC,2001-08,2001-08-31,23,0.0
CC,2001-09,2001-09-28,16,2.0
CC,2001-10,2001-10-31,23,0.0
CC,2001-11,2001-11-30,20,0.0
CC,2001-12,2001-12-28,17,3.0
CC,2002-01,2002-01-31,21,0.0
CC,2002-02,2002-02-28,19,0.0
CC,2002-03,2002-03-28,20,3.0
CC,2002-04,2002-04-30,22,0.0
CC,2002-05,2002-05-31,22,0.0
CC,2002-06,2002-06-28,20,2.0
CC,2002-07,2002-07-31,21,0.0
CC,2002-08,2002-08-30,22,1.0
CC,2002-09,2002-09-30,20,0.0
CC,2002-10,2002-10-31,23,0.0
CC,2002-11,2002-11-27,19,3.0
CC,2002-12,2002-12-31,20,0.0
CC,2003-01,2003-01-31,21,0.0
CC,2003-02,2003-02-28,18,0.0
CC,2003-03,2003-03-31,21,0.0
CC,2003-04,2003-04-30,21,0.0
CC,2003-05,2003-05-30,21,1.0
CC,2003-06,2003-06-30,21,0.0
CC,2003-07,2003-07-31,22,0.0
CC,2003-08,2003-08-29,21,2.0
CC,2003-09,2003-09-30,21,0.0
CC,2003-10,2003-10-31,23,0.0
CC,2003-11,2003-11-26,18,4.0
CC,2003-12,2003-12-31,21,0.0
CC,2004-01,2004-01-30,19,1.0
CC,2004-02,2004-02-27,19,2.0
CC,2004-03,2004-03-31,23,0.0
CC,2004-04,2004-04-30,21,0.0
CC,2004-05,2004-05-28,20,3.0
CC,2004-06,2004-06-30,21,0.0
CC,2004-07,2004-07-30,21,1.0
CC,2004-08,2004-08-31,22,0.0
CC,2004-09,2004-09-30,21,0.0
CC,2004-10,2004-10-29,21,2.0
CC,2004-11,2004-11-30,20,0.0
CC,2004-12,2004-12-30,21,1.0
CC,2005-01,2005-01-31,20,0.0
CC,2005-02,2005-02-28,19,0.0
CC,2005-03,2005-03-31,22,0.0
CC,2005-04,2005-04-29,21,1.0
CC,2005-05,2005-05-31,21,0.0
CC,2005-06,2005-06-30,22,0.0
CC,2005-07,2005-07-29,20,2.0
CC,2005-08,2005-08-31,23,0.0
CC,2005-09,2005-09-30,21,0.0
CC,2005-10,2005-10-31,21,0.0
CC,2005-11,2005-11-30,20,0.0
CC,2005-12,2005-12-30,21,1.0
CC,2006-01,2006-01-31,20,0.0
CC,2006-02,2006-02-28,19,0.0
CC,2006-03,2006-03-31,23,0.0
CC,2006-04,2006-04-28,19,2.0
CC,2006-05,2006-05-31,22,0.0
CC,2006-06,2006-06-30,22,0.0
CC,2006-07,2006-07-31,20,0.0
CC,2006-08,2006-08-31,23,0.0
CC,2006-09,2006-09-29,20,1.0
CC,2006-10,2006-10-31,22,0.0
CC,2006-11,2006-11-30,20,0.0
CC,2006-12,2006-12-29,20,2.0
CC,2007-01,2007-01-31,20,0.0
CC,2007-02,2007-02-28,19,0.0
CC,2007-03,2007-03-30,22,1.0
CC,2007-04,2007-04-30,20,0.0
CC,2007-05,2007-05-31,22,0.0
CC,2007-06,2007-06-29,21,1.0
CC,2007-07,2007-07-31,21,0.0
CC,2007-08,2007-08-31,23,0.0
CC,2007-09,2007-09-28,19,2.0
CC,2007-10,2007-10-31,23,0.0
CC,2007-11,2007-11-30,20,0.0
CC,2007-12,2007-12-31,19,0.0
CC,2008-01,2008-01-31,21,0.0
CC,2008-02,2008-02-29,20,0.0
CC,2008-03,2008-03-31,20,0.0
CC,2008-04,2008-04-30,22,0.0
CC,2008-05,2008-05-30,21,1.0
CC,2008-06,2008-06-30,21,0.0
CC,2008-07,2008-07-31,22,0.0
CC,2008-08,2008-08-29,21,2.0
CC,2008-09,2008-09-30,21,0.0
CC,2008-10,2008-10-31,23,0.0
CC,2008-11,2008-11-28,19,2.0
CC,2008-12,2008-12-31,22,0.0
CC,2009-01,2009-01-30,20,1.0
CC,2009-02,2009-02-27,19,1.0
CC,2009-03,2009-03-31,22,0.0
CC,2009-04,2009-04-30,21,0.0
CC,2009-05,2009-05-29,20,2.0
CC,2009-06,2009-06-30,22,0.0
CC,2009-07,2009-07-31,22,0.0
CC,2009-08,2009-08-31,21,0.0
CC,2009-09,2009-09-30,21,0.0
CC,2009-10,2009-10-30,22,1.0
CC,2009-11,2009-11-30,20,0.0
CC,2009-12,2009-12-31,22,0.0
CC,2010-01,2010-01-29,19,2.0
CC,2010-02,2010-02-26,19,2.0
CC,2010-03,2010-03-31,23,0.0
CC,2010-04,2010-04-30,21,0.0
CC,2010-05,2010-05-28,20,3.0
CC,2010-06,2010-06-30,22,0.0
CC,2010-07,2010-07-30,21,1.0
CC,2010-08,2010-08-31,22,0.0
CC,2010-09,2010-09-30,21,0.0
CC,2010-10,2010-10-29,21,2.0
CC,2010-11,2010-11-30,21,0.0
CC,2010-12,2010-12-31,22,0.0
CC,2011-01,2011-01-31,19,0.0
CC,2011-02,2011-02-28,19,0.0
CC,2011-03,2011-03-31,23,0.0
CC,2011-04,2011-04-29,20,1.0
CC,2011-05,2011-05-31,21,0.0
CC,2011-06,2011-06-30,22,0.0
CC,2011-07,2011-07-29,20,2.0
CC,2011-08,2011-08-31,23,0.0
CC,2011-09,2011-09-30,21,0.0
CC,2011-10,2011-10-31,21,0.0
CC,2011-11,2011-11-30,21,0.0
CC,2011-12,2011-12-30,21,1.0
CC,2012-01,2012-01-31,20,0.0
CC,2012-02,2012-02-29,20,0.0
CC,2012-03,2012-03-30,22,1.0
CC,2012-04,2012-04-30,20,0.0
CC,2012-05,2012-05-31,22,0.0
CC,2012-06,2012-06-29,21,1.0
CC,2012-07,2012-07-31,21,0.0
CC,2012-08,2012-08-31,23,0.0
CC,2012-09,2012-09-28,19,2.0
CC,2012-10,2012-10-31,23,0.0
CC,2012-11,2012-11-30,21,0.0
CC,2012-12,2012-12-31,20,0.0
CC,2013-01,2013-01-31,21,0.0
CC,2013-02,2013-02-28,19,0.0
CC,2013-03,2013-03-28,20,3.0
CC,2013-04,2013-04-30,22,0.0
CC,2013-05,2013-05-31,22,0.0
CC,2013-06,2013-06-28,20,2.0
CC,2013-07,2013-07-31,22,0.0
CC,2013-08,2013-08-30,22,1.0
CC,2013-09,2013-09-30,20,0.0
CC,2013-10,2013-10-31,23,0.0
CC,2013-11,2013-11-29,20,1.0
CC,2013-12,2013-12-31,21,0.0
CC,2014-01,2014-01-31,21,0.0
CC,2014-02,2014-02-28,19,0.0
CC,2014-03,2014-03-31,21,0.0
CC,2014-04,2014-04-30,21,0.0
CC,2014-05,2014-05-30,21,1.0
CC,2014-06,2014-06-30,21,0.0
CC,2014-07,2014-07-31,22,0.0
CC,2014-08,2014-08-29,21,2.0
CC,2014-09,2014-09-30,21,0.0
CC,2014-10,2014-10-31,23,0.0
CC,2014-11,2014-11-28,19,2.0
CC,2014-12,2014-12-31,22,0.0
CN,1969-01,,0,
CN,1969-02,,0,
CN,1969-03,,0,
CN,1969-04,,0,
CN,1969-05,,0,
CN,1969-06,,0,
CN,1969-07,,0,
CN,1969-08,,0,
CN,1969-09,,0,
CN,1969-10,,0,
CN,1969-11,,0,
CN,1969-12,,0,
CN,1970-01,,0,
CN,1970-02,,0,
CN,1970-03,,0,
CN,1970-04,,0,
CN,1970-05,,0,
CN,1970-06,,0,
CN,1970-07,,0,
CN,1970-08,,0,
CN,1970-09,,0,
CN,1970-10,,0,
CN,1970-11,,0,
CN,1970-12,,0,
CN,1971-01,,0,
CN,1971-02,,0,
CN,1971-03,,0,
CN,1971-04,,0,
CN,1971-05,,0,
CN,1971-06,,0,
CN,1971-07,,0,
CN,1971-08,,0,
CN,1971-09,,0,
CN,1971-10,,0,
CN,1971-11,,0,
CN,1971-12,,0,
CN,1972-01,,0,
CN,1972-02,,0,
CN,1972-03,,0,
CN,1972-04,,0,
CN,1972-05,,0,
CN,1972-06,,0,
CN,1972-07,,0,
CN,1972-08,,0,
CN,1972-09,,0,
CN,1972-10,,0,
CN,1972-11,,0,
CN,1972-12,,0,
CN,1973-01,,0,
CN,1973-02,,0,
CN,1973-03,,0,
CN,1973-04,,0,
CN,1973-05,,0,
CN,1973-06,,0,
CN,1973-07,,0,
CN,1973-08,,0,
CN,1973-09,,0,
CN,1973-10,,0,
CN,1973-11,,0,
CN,1973-12,,0,
CN,1974-01,,0,
CN,1974-02,,0,
CN,1974-03,,0,
CN,1974-04,,0,
CN,1974-05,,0,
CN,1974-06,,0,
CN,1974-07,,0,
CN,1974-08,,0,
CN,1974-09,,0,
CN,1974-10,,0,
CN,1974-11,,0,
CN,1974-12,,0,
CN,1975-01,,0,
CN,1975-02,,0,
CN,1975-03,,0,
CN,1975-04,,0,
CN,1975-05,,0,
CN,1975-06,,0,
CN,1975-07,,0,
CN,1975-08,,0,
CN,1975-09,,0,
CN,1975-10,,0,
CN,1975-11,,0,
CN,1975-12,,0,
CN,1976-01,,0,
CN,1976-02,,0,
CN,1976-03,,0,
CN,1976-04,,0,
CN,1976-05,,0,
CN,1976-06,,0,
CN,1976-07,,0,
CN,1976-08,,0,
CN,1976-09,,0,
CN,1976-10,,0,
CN,1976-11,,0,
CN,1976-12,,0,
CN,1977-01,,0,
CN,1977-02,,0,
CN,1977-03,,0,
CN,1977-04,,0,
CN,1977-05,,0,
CN,1977-06,,0,
CN,1977-07,,0,
CN,1977-08,,0,
CN,1977-09,,0,
CN,1977-10,,0,
CN,1977-11,,0,
CN,1977-12,,0,
CN,1978-01,1978-01-31,21,0.0
CN,1978-02,1978-02-28,19,0.0
CN,1978-03,1978-03-31,22,0.0
CN,1978-04,1978-04-28,20,2.0
CN,1978-05,1978-05-31,22,0.0
CN,1978-06,1978-06-30,22,0.0
CN,1978-07,1978-07-31,20,0.0
CN,1978-08,1978-08-31,23,0.0
CN,1978-09,1978-09-29,20,1.0
CN,1978-10,1978-10-31,22,0.0
CN,1978-11,1978-11-30,19,0.0
CN,1978-12,1978-12-29,20,2.0
CN,1979-01,1979-01-31,22,0.0
CN,1979-02,1979-02-28,19,0.0
CN,1979-03,1979-03-30,22,1.0
CN,1979-04,1979-04-30,20,0.0
CN,1979-05,1979-05-31,22,0.0
CN,1979-06,1979-06-29,21,1.0
CN,1979-07,1979-07-31,21,0.0
CN,1979-08,1979-08-31,23,0.0
CN,1979-09,1979-09-28,19,2.0
CN,1979-10,1979-10-31,23,0.0
CN,1979-11,1979-11-30,21,0.0
CN,1979-12,1979-12-31,19,0.0
CN,1980-01,1980-01-31,22,0.0
CN,1980-02,1980-02-29,20,0.0
CN,1980-03,1980-03-31,21,0.0
CN,1980-04,1980-04-30,21,0.0
CN,1980-05,1980-05-30,21,1.0
CN,1980-06,1980-06-30,21,0.0
CN,1980-07,1980-07-31,22,0.0
CN,1980-08,1980-08-29,21,2.0
CN,1980-09,1980-09-30,21,0.0
CN,1980-10,1980-10-31,23,0.0
CN,1980-11,1980-11-28,18,2.0
CN,1980-12,1980-12-31,21,0.0
CN,1981-01,1981-01-30,21,1.0
CN,1981-02,1981-02-27,19,1.0
CN,1981-03,1981-03-31,22,0.0
CN,1981-04,1981-04-30,21,0.0
CN,1981-05,1981-05-29,20,2.0
CN,1981-06,1981-06-30,22,0.0
CN,1981-07,1981-07-31,22,0.0
CN,1981-08,1981-08-31,21,0.0
CN,1981-09,1981-09-30,21,0.0
CN,1981-10,1981-10-30,22,1.0
CN,1981-11,1981-11-30,20,0.0
CN,1981-12,1981-12-31,22,0.0
CN,1982-01,1982-01-29,20,2.0
CN,1982-02,1982-02-26,19,2.0
CN,1982-03,1982-03-31,23,0.0
CN,1982-04,1982-04-30,21,0.0
CN,1982-05,1982-05-28,20,3.0
CN,1982-06,1982-06-30,22,0.0
CN,1982-07,1982-07-30,21,1.0
CN,1982-08,1982-08-31,22,0.0
CN,1982-09,1982-09-30,21,0.0
CN,1982-10,1982-10-29,21,2.0
CN,1982-11,1982-11-30,21,0.0
CN,1982-12,1982-12-31,22,0.0
CN,1983-01,1983-01-31,21,0.0
CN,1983-02,1983-02-28,19,0.0
CN,1983-03,1983-03-31,23,0.0
CN,1983-04,1983-04-29,20,1.0
CN,1983-05,1983-05-31,21,0.0
CN,1983-06,1983-06-30,22,0.0
CN,1983-07,1983-07-29,20,2.0
CN,1983-08,1983-08-31,23,0.0
CN,1983-09,1983-09-30,21,0.0
CN,1983-10,1983-10-31,21,0.0
CN,1983-11,1983-11-30,20,0.0
CN,1983-12,1983-12-30,21,1.0
CN,1984-01,1984-01-31,21,0.0
CN,1984-02,1984-02-29,20,0.0
CN,1984-03,1984-03-30,22,1.0
CN,1984-04,1984-04-30,20,0.0
CN,1984-05,1984-05-31,22,0.0
CN,1984-06,1984-06-29,21,1.0
CN,1984-07,1984-07-31,21,0.0
CN,1984-08,1984-08-31,23,0.0
CN,1984-09,1984-09-28,19,2.0
CN,1984-10,1984-10-31,23,0.0
CN,1984-11,1984-11-30,21,0.0
CN,1984-12,1984-12-31,20,0.0
CN,1985-01,1985-01-31,22,0.0
CN,1985-02,1985-02-28,19,0.0
CN,1985-03,1985-03-29,21,2.0
CN,1985-04,1985-04-30,21,0.0
CN,1985-05,1985-05-31,22,0.0
CN,1985-06,1985-06-28,20,2.0
CN,1985-07,1985-07-31,22,0.0
CN,1985-08,1985-08-30,22,1.0
CN,1985-09,1985-09-30,20,0.0
CN,1985-10,1985-10-31,23,0.0
CN,1985-11,1985-11-29,20,1.0
CN,1985-12,1985-12-31,21,0.0
CN,1986-01,1986-01-31,22,0.0
CN,1986-02,1986-02-28,19,0.0
CN,1986-03,1986-03-31,20,0.0
CN,1986-04,1986-04-30,22,0.0
CN,1986-05,1986-05-30,21,1.0
CN,1986-06,1986-06-30,21,0.0
CN,1986-07,1986-07-31,22,0.0
CN,1986-08,1986-08-29,21,2.0
CN,1986-09,1986-09-30,21,0.0
CN,1986-10,1986-10-31,23,0.0
CN,1986-11,1986-11-28,19,2.0
CN,1986-12,1986-12-31,22,0.0
CN,1987-01,1987-01-30,21,1.0
CN,1987-02,1987-02-27,19,1.0
CN,1987-03,1987-03-31,22,0.0
CN,1987-04,1987-04-30,21,0.0
CN,1987-05,1987-05-29,20,2.0
CN,1987-06,1987-06-30,22,0.0
CN,1987-07,1987-07-31,22,0.0
CN,1987-08,1987-08-31,21,0.0
CN,1987-09,1987-09-30,21,0.0
CN,1987-10,1987-10-30,22,1.0
CN,1987-11,1987-11-30,20,0.0
CN,1987-12,1987-12-31,22,0.0
CN,1988-01,1988-01-29,20,2.0
CN,1988-02,1988-02-29,20,0.0
CN,1988-03,1988-03-31,23,0.0
CN,1988-04,1988-04-29,20,1.0
CN,1988-05,1988-05-31,21,0.0
CN,1988-06,1988-06-30,22,0.0
CN,1988-07,1988-07-29,20,2.0
CN,1988-08,1988-08-31,23,0.0
CN,1988-09,1988-09-30,21,0.0
CN,1988-10,1988-10-31,21,0.0
CN,1988-11,1988-11-30,21,0.0
CN,1988-12,1988-12-30,21,1.0
CN,1989-01,1989-01-31,21,0.0
CN,1989-02,1989-02-28,19,0.0
CN,1989-03,1989-03-31,22,0.0
CN,1989-04,1989-04-28,20,2.0
CN,1989-05,1989-05-31,22,0.0
CN,1989-06,1989-06-30,22,0.0
CN,1989-07,1989-07-31,20,0.0
CN,1989-08,1989-08-31,23,0.0
CN,1989-09,1989-09-29,20,1.0
CN,1989-10,1989-10-31,22,0.0
CN,1989-11,1989-11-30,21,0.0
CN,1989-12,1989-12-29,20,2.0
CN,1990-01,1990-01-31,22,0.0
CN,1990-02,1990-02-28,19,0.0
CN,1990-03,1990-03-30,22,1.0
CN,1990-04,1990-04-30,20,0.0
CN,1990-05,1990-05-31,22,0.0
CN,1990-06,1990-06-29,21,1.0
CN,1990-07,1990-07-31,21,0.0
CN,1990-08,1990-08-31,23,0.0
CN,1990-09,1990-09-28,19,2.0
CN,1990-10,1990-10-31,23,0.0
CN,1990-11,1990-11-30,21,0.0
CN,1990-12,1990-12-31,20,0.0
CN,1991-01,1991-01-31,22,0.0
CN,1991-02,1991-02-28,19,0.0
CN,1991-03,1991-03-28,20,3.0
CN,1991-04,1991-04-30,22,0.0
CN,1991-05,1991-05-31,22,0.0
CN,1991-06,1991-06-28,20,2.0
CN,1991-07,1991-07-31,22,0.0
CN,1991-08,1991-08-30,22,1.0
CN,1991-09,1991-09-30,20,0.0
CN,1991-10,1991-10-31,23,0.0
CN,1991-11,1991-11-29,20,1.0
CN,1991-12,1991-12-31,21,0.0
CN,1992-01,1992-01-31,22,0.0
CN,1992-02,1992-02-28,19,1.0
CN,1992-03,1992-03-31,22,0.0
CN,1992-04,1992-04-30,21,0.0
CN,1992-05,1992-05-29,20,2.0
CN,1992-06,1992-06-30,22,0.0
CN,1992-07,1992-07-31,22,0.0
CN,1992-08,1992-08-31,21,0.0
CN,1992-09,1992-09-30,21,0.0
CN,1992-10,1992-10-30,22,1.0
CN,1992-11,1992-11-30,20,0.0
CN,1992-12,1992-12-31,22,0.0
CN,1993-01,1993-01-29,20,2.0
CN,1993-02,1993-02-26,19,2.0
CN,1993-03,1993-03-31,23,0.0
CN,1993-04,1993-04-30,21,0.0
CN,1993-05,1993-05-28,20,3.0
CN,1993-06,1993-06-30,22,0.0
CN,1993-07,1993-07-30,21,1.0
CN,1993-08,1993-08-31,22,0.0
CN,1993-09,1993-09-30,21,0.0
CN,1993-10,1993-10-29,21,2.0
CN,1993-11,1993-11-30,21,0.0
CN,1993-12,1993-12-31,22,0.0
CN,1994-01,1994-01-31,21,0.0
CN,1994-02,1994-02-28,19,0.0
CN,1994-03,1994-03-31,23,0.0
CN,1994-04,1994-04-29,20,1.0
CN,1994-05,1994-05-31,21,0.0
CN,1994-06,1994-06-30,22,0.0
CN,1994-07,1994-07-29,20,2.0
CN,1994-08,1994-08-31,23,0.0
CN,1994-09,1994-09-30,21,0.0
CN,1994-10,1994-10-31,21,0.0
CN,1994-11,1994-11-30,21,0.0
CN,1994-12,1994-12-30,21,1.0
CN,1995-01,1995-01-31,21,0.0
CN,1995-02,1995-02-28,19,0.0
CN,1995-03,1995-03-31,23,0.0
CN,1995-04,1995-04-28,19,2.0
CN,1995-05,1995-05-31,22,0.0
CN,1995-06,1995-06-30,22,0.0
CN,1995-07,1995-07-31,20,0.0
CN,1995-08,1995-08-31,23,0.0
CN,1995-09,1995-09-29,20,1.0
CN,1995-10,1995-10-31,22,0.0
CN,1995-11,1995-11-30,21,0.0
CN,1995-12,1995-12-29,20,2.0
CN,1996-01,1996-01-31,22,0.0
CN,1996-02,1996-02-29,20,0.0
CN,1996-03,1996-03-29,21,2.0
CN,1996-04,1996-04-30,22,0.0
CN,1996-05,1996-05-31,22,0.0
CN,1996-06,1996-06-28,20,2.0
CN,1996-07,1996-07-31,22,0.0
CN,1996-08,1996-08-30,22,1.0
CN,1996-09,1996-09-30,20,0.0
CN,1996-10,1996-10-31,23,0.0
CN,1996-11,1996-11-29,20,1.0
CN,1996-12,1996-12-31,21,0.0
CN,1997-01,1997-01-31,21,0.0
CN,1997-02,1997-02-28,19,0.0
CN,1997-03,1997-03-31,20,0.0
CN,1997-04,1997-04-30,22,0.0
CN,1997-05,1997-05-30,21,1.0
CN,1997-06,1997-06-30,21,0.0
CN,1997-07,1997-07-31,22,0.0
CN,1997-08,1997-08-29,21,2.0
CN,1997-09,1997-09-30,21,0.0
CN,1997-10,1997-10-31,22,0.0
CN,1997-11,1997-11-28,18,2.0
CN,1997-12,1997-12-31,22,0.0
CN,1998-01,1998-01-30,20,1.0
CN,1998-02,1998-02-27,19,1.0
CN,1998-03,1998-03-31,22,0.0
CN,1998-04,1998-04-30,21,0.0
CN,1998-05,1998-05-29,20,2.0
CN,1998-06,1998-06-30,22,0.0
CN,1998-07,1998-07-31,22,0.0
CN,1998-08,1998-08-31,21,0.0
CN,1998-09,1998-09-30,21,0.0
CN,1998-10,1998-10-30,21,1.0
CN,1998-11,1998-11-30,20,0.0
CN,1998-12,1998-12-31,22,0.0
CN,1999-01,1999-01-29,19,2.0
CN,1999-02,1999-02-26,19,2.0
CN,1999-03,1999-03-31,23,0.0
CN,1999-04,1999-04-30,21,0.0
CN,1999-05,1999-05-28,20,3.0
CN,1999-06,1999-06-30,22,0.0
CN,1999-07,1999-07-30,21,1.0
CN,1999-08,1999-08-31,22,0.0
CN,1999-09,1999-09-30,21,0.0
CN,1999-10,1999-10-29,20,2.0
CN,1999-11,1999-11-30,20,0.0
CN,1999-12,1999-12-31,22,0.0
CN,2000-01,2000-01-31,20,0.0
CN,2000-02,2000-02-29,20,0.0
CN,2000-03,2000-03-31,23,0.0
CN,2000-04,2000-04-28,19,2.0
CN,2000-05,2000-05-31,22,0.0
CN,2000-06,2000-06-30,22,0.0
CN,2000-07,2000-07-31,20,0.0
CN,2000-08,2000-08-31,23,0.0
CN,2000-09,2000-09-29,20,1.0
CN,2000-10,2000-10-31,21,0.0
CN,2000-11,2000-11-30,21,0.0
CN,2000-12,2000-12-29,20,2.0
CN,2001-01,2001-01-31,21,0.0
CN,2001-02,2001-02-28,19,0.0
CN,2001-03,2001-03-30,22,1.0
CN,2001-04,2001-04-30,20,0.0
CN,2001-05,2001-05-31,22,0.0
CN,2001-06,2001-06-29,21,1.0
CN,2001-07,2001-07-31,21,0.0
CN,2001-08,2001-08-31,23,0.0
CN,2001-09,2001-09-28,18,2.0
CN,2001-10,2001-10-31,22,0.0
CN,2001-11,2001-11-30,20,0.0
CN,2001-12,2001-12-31,20,0.0
CN,2002-01,2002-01-31,21,0.0
CN,2002-02,2002-02-28,19,0.0
CN,2002-03,2002-03-28,20,3.0
CN,2002-04,2002-04-30,22,0.0
CN,2002-05,2002-05-31,22,0.0
CN,2002-06,2002-06-28,20,2.0
CN,2002-07,2002-07-31,22,0.0
CN,2002-08,2002-08-30,22,1.0
CN,2002-09,2002-09-30,20,0.0
CN,2002-10,2002-10-31,22,0.0
CN,2002-11,2002-11-29,19,1.0
CN,2002-12,2002-12-31,21,0.0
CN,2003-01,2003-01-31,21,0.0
CN,2003-02,2003-02-28,19,0.0
CN,2003-03,2003-03-31,21,0.0
CN,2003-04,2003-04-30,21,0.0
CN,2003-05,2003-05-30,21,1.0
CN,2003-06,2003-06-30,21,0.0
CN,2003-07,2003-07-31,22,0.0
CN,2003-08,2003-08-29,21,2.0
CN,2003-09,2003-09-30,21,0.0
CN,2003-10,2003-10-31,22,0.0
CN,2003-11,2003-11-28,18,2.0
CN,2003-12,2003-12-31,22,0.0
CN,2004-01,2004-01-30,20,1.0
CN,2004-02,2004-02-27,19,2.0
CN,2004-03,2004-03-31,23,0.0
CN,2004-04,2004-04-30,21,0.0
CN,2004-05,2004-05-28,20,3.0
CN,2004-06,2004-06-30,21,0.0
CN,2004-07,2004-07-30,21,1.0
CN,2004-08,2004-08-31,22,0.0
CN,2004-09,2004-09-30,21,0.0
CN,2004-10,2004-10-29,20,2.0
CN,2004-11,2004-11-30,20,0.0
CN,2004-12,2004-12-31,22,0.0
CN,2005-01,2005-01-31,20,0.0
CN,2005-02,2005-02-28,19,0.0
CN,2005-03,2005-03-31,22,0.0
CN,2005-04,2005-04-29,21,1.0
CN,2005-05,2005-05-31,21,0.0
CN,2005-06,2005-06-30,22,0.0
CN,2005-07,2005-07-29,20,2.0
CN,2005-08,2005-08-31,23,0.0
CN,2005-09,2005-09-30,21,0.0
CN,2005-10,2005-10-31,20,0.0
CN,2005-11,2005-11-30,20,0.0
CN,2005-12,2005-12-30,21,1.0
CN,2006-01,2006-01-31,20,0.0
CN,2006-02,2006-02-28,19,0.0
CN,2006-03,2006-03-31,23,0.0
CN,2006-04,2006-04-28,19,2.0
CN,2006-05,2006-05-31,22,0.0
CN,2006-06,2006-06-30,22,0.0
CN,2006-07,2006-07-31,20,0.0
CN,2006-08,2006-08-31,23,0.0
CN,2006-09,2006-09-29,20,1.0
CN,2006-10,2006-10-31,21,0.0
CN,2006-11,2006-11-30,21,0.0
CN,2006-12,2006-12-29,20,2.0
CN,2007-01,2007-01-31,21,0.0
CN,2007-02,2007-02-28,19,0.0
CN,2007-03,2007-03-30,22,1.0
CN,2007-04,2007-04-30,21,0.0
CN,2007-05,2007-05-31,22,0.0
CN,2007-06,2007-06-29,21,1.0
CN,2007-07,2007-07-31,21,0.0
CN,2007-08,2007-08-31,23,0.0
CN,2007-09,2007-09-28,19,2.0
CN,2007-10,2007-10-31,22,0.0
CN,2007-11,2007-11-30,20,0.0
CN,2007-12,2007-12-31,20,0.0
CN,2008-01,2008-01-31,21,0.0
CN,2008-02,2008-02-29,20,0.0
CN,2008-03,2008-03-31,20,0.0
CN,2008-04,2008-04-30,22,0.0
CN,2008-05,2008-05-30,21,1.0
CN,2008-06,2008-06-30,21,0.0
CN,2008-07,2008-07-31,22,0.0
CN,2008-08,2008-08-29,21,2.0
CN,2008-09,2008-09-30,21,0.0
CN,2008-10,2008-10-31,23,0.0
CN,2008-11,2008-11-28,19,2.0
CN,2008-12,2008-12-31,22,0.0
CN,2009-01,2009-01-30,20,1.0
CN,2009-02,2009-02-27,19,1.0
CN,2009-03,2009-03-31,22,0.0
CN,2009-04,2009-04-30,21,0.0
CN,2009-05,2009-05-29,20,2.0
CN,2009-06,2009-06-30,22,0.0
CN,2009-07,2009-07-31,23,0.0
CN,2009-08,2009-08-31,21,0.0
CN,2009-09,2009-09-30,21,0.0
CN,2009-10,2009-10-30,22,1.0
CN,2009-11,2009-11-30,20,0.0
CN,2009-12,2009-12-31,22,0.0
CN,2010-01,2010-01-29,19,2.0
CN,2010-02,2010-02-26,19,2.0
CN,2010-03,2010-03-31,23,0.0
CN,2010-04,2010-04-30,22,0.0
CN,2010-05,2010-05-28,20,3.0
CN,2010-06,2010-06-30,22,0.0
CN,2010-07,2010-07-30,21,1.0
CN,2010-08,2010-08-31,22,0.0
CN,2010-09,2010-09-30,21,0.0
CN,2010-10,2010-10-29,21,2.0
CN,2010-11,2010-11-30,21,0.0
CN,2010-12,2010-12-31,22,0.0
CN,2011-01,2011-01-31,20,0.0
CN,2011-02,2011-02-28,19,0.0
CN,2011-03,2011-03-31,23,0.0
CN,2011-04,2011-04-29,20,1.0
CN,2011-05,2011-05-31,21,0.0
CN,2011-06,2011-06-30,22,0.0
CN,2011-07,2011-07-29,20,2.0
CN,2011-08,2011-08-31,23,0.0
CN,2011-09,2011-09-30,21,0.0
CN,2011-10,2011-10-31,21,0.0
CN,2011-11,2011-11-30,21,0.0
CN,2011-12,2011-12-30,21,1.0
CN,2012-01,2012-01-31,20,0.0
CN,2012-02,2012-02-29,20,0.0
CN,2012-03,2012-03-30,22,1.0
CN,2012-04,2012-04-30,21,0.0
CN,2012-05,2012-05-31,22,0.0
CN,2012-06,2012-06-29,21,1.0
CN,2012-07,2012-07-31,21,0.0
CN,2012-08,2012-08-31,23,0.0
CN,2012-09,2012-09-28,19,2.0
CN,2012-10,2012-10-31,23,0.0
CN,2012-11,2012-11-30,21,0.0
CN,2012-12,2012-12-31,20,0.0
CN,2013-01,2013-01-31,21,0.0
CN,2013-02,2013-02-28,19,0.0
CN,2013-03,2013-03-28,20,3.0
CN,2013-04,2013-04-30,22,0.0
CN,2013-05,2013-05-31,22,0.0
CN,2013-06,2013-06-28,20,2.0
CN,2013-07,2013-07-31,22,0.0
CN,2013-08,2013-08-30,22,1.0
CN,2013-09,2013-09-30,20,0.0
CN,2013-10,2013-10-31,23,0.0
CN,2013-11,2013-11-29,20,1.0
CN,2013-12,2013-12-31,21,0.0
CN,2014-01,2014-01-31,21,0.0
CN,2014-02,2014-02-28,19,0.0
CN,2014-03,2014-03-31,21,0.0
CN,2014-04,2014-04-30,21,0.0
CN,2014-05,2014-05-30,21,1.0
CN,2014-06,2014-06-30,21,0.0
CN,2014-07,2014-07-31,22,0.0
CN,2014-08,2014-08-29,21,2.0
CN,2014-09,2014-09-30,21,0.0
CN,2014-10,2014-10-31,23,0.0
CN,2014-11,2014-11-28,19,2.0
CN,2014-12,2014-12-31,22,0.0
CT,1969-01,,0,
CT,1969-02,,0,
CT,1969-03,,0,
CT,1969-04,,0,
CT,1969-05,,0,
CT,1969-06,,0,
CT,1969-07,,0,
CT,1969-08,,0,
CT,1969-09,,0,
CT,1969-10,,0,
CT,1969-11,,0,
CT,1969-12,,0,
CT,1970-01,,0,
CT,1970-02,,0,
CT,1970-03,,0,
CT,1970-04,,0,
CT,1970-05,,0,
CT,1970-06,,0,
CT,1970-07,,0,
CT,1970-08,,0,
CT,1970-09,,0,
CT,1970-10,,0,
CT,1970-11,,0,
CT,1970-12,,0,
CT,1971-01,,0,
CT,1971-02,,0,
CT,1971-03,,0,
CT,1971-04,,0,
CT,1971-05,,0,
CT,1971-06,,0,
CT,1971-07,,0,
CT,1971-08,,0,
CT,1971-09,,0,
CT,1971-10,,0,
CT,1971-11,,0,
CT,1971-12,,0,
CT,1972-01,,0,
CT,1972-02,,0,
CT,1972-03,,0,
CT,1972-04,,0,
CT,1972-05,,0,
CT,1972-06,,0,
CT,1972-07,,0,
CT,1972-08,,0,
CT,1972-09,,0,
CT,1972-10,,0,
CT,1972-11,,0,
CT,1972-12,,0,
CT,1973-01,1973-01-31,21,0.0
CT,1973-02,1973-02-28,19,0.0
CT,1973-03,1973-03-30,22,1.0
CT,1973-04,1973-04-30,20,0.0
CT,1973-05,1973-05-31,22,0.0
CT,1973-06,1973-06-29,21,1.0
CT,1973-07,1973-07-31,21,0.0
CT,1973-08,1973-08-31,23,0.0
CT,1973-09,1973-09-28,19,2.0
CT,1973-10,1973-10-31,21,0.0
CT,1973-11,1973-11-30,20,0.0
CT,1973-12,1973-12-28,18,3.0
CT,1974-01,1974-01-31,22,0.0
CT,1974-02,1974-02-28,19,0.0
CT,1974-03,1974-03-29,21,2.0
CT,1974-04,1974-04-30,21,0.0
CT,1974-05,1974-05-31,22,0.0
CT,1974-06,1974-06-28,20,2.0
CT,1974-07,1974-07-31,22,0.0
CT,1974-08,1974-08-30,22,1.0
CT,1974-09,1974-09-30,20,0.0
CT,1974-10,1974-10-31,23,0.0
CT,1974-11,1974-11-29,19,1.0
CT,1974-12,1974-12-31,21,0.0
CT,1975-01,1975-01-31,22,0.0
CT,1975-02,1975-02-28,19,0.0
CT,1975-03,1975-03-31,20,0.0
CT,1975-04,1975-04-30,22,0.0
CT,1975-05,1975-05-30,21,1.0
CT,1975-06,1975-06-30,21,0.0
CT,1975-07,1975-07-31,22,0.0
CT,1975-08,1975-08-29,21,2.0
CT,1975-09,1975-09-30,21,0.0
CT,1975-10,1975-10-31,22,0.0
CT,1975-11,1975-11-28,18,2.0
CT,1975-12,1975-12-31,21,0.0
CT,1976-01,1976-01-30,21,1.0
CT,1976-02,1976-02-27,18,2.0
CT,1976-03,1976-03-31,23,0.0
CT,1976-04,1976-04-30,21,0.0
CT,1976-05,1976-05-28,20,3.0
CT,1976-06,1976-06-30,22,0.0
CT,1976-07,1976-07-30,21,1.0
CT,1976-08,1976-08-31,22,0.0
CT,1976-09,1976-09-30,21,0.0
CT,1976-10,1976-10-29,21,2.0
CT,1976-11,1976-11-30,20,0.0
CT,1976-12,1976-12-30,21,1.0
CT,1977-01,1977-01-31,21,0.0
CT,1977-02,1977-02-28,19,0.0
CT,1977-03,1977-03-31,23,0.0
CT,1977-04,1977-04-29,20,1.0
CT,1977-05,1977-05-31,21,0.0
CT,1977-06,1977-06-30,22,0.0
CT,1977-07,1977-07-29,19,2.0
CT,1977-08,1977-08-31,23,0.0
CT,1977-09,1977-09-30,21,0.0
CT,1977-10,1977-10-31,21,0.0
CT,1977-11,1977-11-30,20,0.0
CT,1977-12,1977-12-30,21,1.0
CT,1978-01,1978-01-31,20,0.0
CT,1978-02,1978-02-28,19,0.0
CT,1978-03,1978-03-31,22,0.0
CT,1978-04,1978-04-28,20,2.0
CT,1978-05,1978-05-31,22,0.0
CT,1978-06,1978-06-30,22,0.0
CT,1978-07,1978-07-31,20,0.0
CT,1978-08,1978-08-31,23,0.0
CT,1978-09,1978-09-29,20,1.0
CT,1978-10,1978-10-31,22,0.0
CT,1978-11,1978-11-30,20,0.0
CT,1978-12,1978-12-29,20,2.0
CT,1979-01,1979-01-31,22,0.0
CT,1979-02,1979-02-28,19,0.0
CT,1979-03,1979-03-30,22,1.0
CT,1979-04,1979-04-30,20,0.0
CT,1979-05,1979-05-31,22,0.0
CT,1979-06,1979-06-29,21,1.0
CT,1979-07,1979-07-31,21,0.0
CT,1979-08,1979-08-31,23,0.0
CT,1979-09,1979-09-28,19,2.0
CT,1979-10,1979-10-31,23,0.0
CT,1979-11,1979-11-30,21,0.0
CT,1979-12,1979-12-31,19,0.0
CT,1980-01,1980-01-31,22,0.0
CT,1980-02,1980-02-29,19,0.0
CT,1980-03,1980-03-31,21,0.0
CT,1980-04,1980-04-30,21,0.0
CT,1980-05,1980-05-30,21,1.0
CT,1980-06,1980-06-30,21,0.0
CT,1980-07,1980-07-31,22,0.0
CT,1980-08,1980-08-29,21,2.0
CT,1980-09,1980-09-30,21,0.0
CT,1980-10,1980-10-31,23,0.0
CT,1980-11,1980-11-28,18,2.0
CT,1980-12,1980-12-31,21,0.0
CT,1981-01,1981-01-30,21,1.0
CT,1981-02,1981-02-27,19,1.0
CT,1981-03,1981-03-31,22,0.0
CT,1981-04,1981-04-30,21,0.0
CT,1981-05,1981-05-29,20,2.0
CT,1981-06,1981-06-30,22,0.0
CT,1981-07,1981-07-31,22,0.0
CT,1981-08,1981-08-31,21,0.0
CT,1981-09,1981-09-30,21,0.0
CT,1981-10,1981-10-30,22,1.0
CT,1981-11,1981-11-30,20,0.0
CT,1981-12,1981-12-31,21,0.0
CT,1982-01,1982-01-29,20,2.0
CT,1982-02,1982-02-26,19,2.0
CT,1982-03,1982-03-31,23,0.0
CT,1982-04,1982-04-30,21,0.0
CT,1982-05,1982-05-28,20,3.0
CT,1982-06,1982-06-30,22,0.0
CT,1982-07,1982-07-30,21,1.0
CT,1982-08,1982-08-31,22,0.0
CT,1982-09,1982-09-30,21,0.0
CT,1982-10,1982-10-29,21,2.0
CT,1982-11,1982-11-30,20,0.0
CT,1982-12,1982-12-30,21,1.0
CT,1983-01,1983-01-31,21,0.0
CT,1983-02,1983-02-28,19,0.0
CT,1983-03,1983-03-31,23,0.0
CT,1983-04,1983-04-29,20,1.0
CT,1983-05,1983-05-31,21,0.0
CT,1983-06,1983-06-30,22,0.0
CT,1983-07,1983-07-29,20,2.0
CT,1983-08,1983-08-31,23,0.0
CT,1983-09,1983-09-30,21,0.0
CT,1983-10,1983-10-31,21,0.0
CT,1983-11,1983-11-30,21,0.0
CT,1983-12,1983-12-30,21,1.0
CT,1984-01,1984-01-31,21,0.0
CT,1984-02,1984-02-29,20,0.0
CT,1984-03,1984-03-30,22,1.0
CT,1984-04,1984-04-30,20,0.0
CT,1984-05,1984-05-31,22,0.0
CT,1984-06,1984-06-29,21,1.0
CT,1984-07,1984-07-31,21,0.0
CT,1984-08,1984-08-31,23,0.0
CT,1984-09,1984-09-28,19,2.0
CT,1984-10,1984-10-31,23,0.0
CT,1984-11,1984-11-30,21,0.0
CT,1984-12,1984-12-28,18,3.0
CT,1985-01,1985-01-31,22,0.0
CT,1985-02,1985-02-28,19,0.0
CT,1985-03,1985-03-29,21,2.0
CT,1985-04,1985-04-30,21,0.0
CT,1985-05,1985-05-31,22,0.0
CT,1985-06,1985-06-28,20,2.0
CT,1985-07,1985-07-31,21,0.0
CT,1985-08,1985-08-30,22,1.0
CT,1985-09,1985-09-30,19,0.0
CT,1985-10,1985-10-31,23,0.0
CT,1985-11,1985-11-29,20,1.0
CT,1985-12,1985-12-31,21,0.0
CT,1986-01,1986-01-31,22,0.0
CT,1986-02,1986-02-28,19,0.0
CT,1986-03,1986-03-31,20,0.0
CT,1986-04,1986-04-30,22,0.0
CT,1986-05,1986-05-30,21,1.0
CT,1986-06,1986-06-30,21,0.0
CT,1986-07,1986-07-31,21,0.0
CT,1986-08,1986-08-29,21,2.0
CT,1986-09,1986-09-30,21,0.0
CT,1986-10,1986-10-31,23,0.0
CT,1986-11,1986-11-28,19,2.0
CT,1986-12,1986-12-31,21,0.0
CT,1987-01,1987-01-30,20,1.0
CT,1987-02,1987-02-27,19,1.0
CT,1987-03,1987-03-31,22,0.0
CT,1987-04,1987-04-30,21,0.0
CT,1987-05,1987-05-29,20,2.0
CT,1987-06,1987-06-30,22,0.0
CT,1987-07,1987-07-31,22,0.0
CT,1987-08,1987-08-31,21,0.0
CT,1987-09,1987-09-30,21,0.0
CT,1987-10,1987-10-30,22,1.0
CT,1987-11,1987-11-30,20,0.0
CT,1987-12,1987-12-31,22,0.0
CT,1988-01,1988-01-29,20,2.0
CT,1988-02,1988-02-29,20,0.0
CT,1988-03,1988-03-31,23,0.0
CT,1988-04,1988-04-29,20,1.0
CT,1988-05,1988-05-31,21,0.0
CT,1988-06,1988-06-30,22,0.0
CT,1988-07,1988-07-29,20,2.0
CT,1988-08,1988-08-31,23,0.0
CT,1988-09,1988-09-30,21,0.0
CT,1988-10,1988-10-31,21,0.0
CT,1988-11,1988-11-30,21,0.0
CT,1988-12,1988-12-30,21,1.0
CT,1989-01,1989-01-31,21,0.0
CT,1989-02,1989-02-28,19,0.0
CT,1989-03,1989-03-31,22,0.0
CT,1989-04,1989-04-28,20,2.0
CT,1989-05,1989-05-31,22,0.0
CT,1989-06,1989-06-30,22,0.0
CT,1989-07,1989-07-31,20,0.0
CT,1989-08,1989-08-31,23,0.0
CT,1989-09,1989-09-29,20,1.0
CT,1989-10,1989-10-31,22,0.0
CT,1989-11,1989-11-30,21,0.0
CT,1989-12,1989-12-29,20,2.0
CT,1990-01,1990-01-31,22,0.0
CT,1990-02,1990-02-28,19,0.0
CT,1990-03,1990-03-30,22,1.0
CT,1990-04,1990-04-30,20,0.0
CT,1990-05,1990-05-31,22,0.0
CT,1990-06,1990-06-29,21,1.0
CT,1990-07,1990-07-31,21,0.0
CT,1990-08,1990-08-31,22,0.0
CT,1990-09,1990-09-28,19,2.0
CT,1990-10,1990-10-31,23,0.0
CT,1990-11,1990-11-30,21,0.0
CT,1990-12,1990-12-28,18,3.0
CT,1991-01,1991-01-31,21,0.0
CT,1991-02,1991-02-28,19,0.0
CT,1991-03,1991-03-28,20,3.0
CT,1991-04,1991-04-30,22,0.0
CT,1991-05,1991-05-31,22,0.0
CT,1991-06,1991-06-28,20,2.0
CT,1991-07,1991-07-31,22,0.0
CT,1991-08,1991-08-30,22,1.0
CT,1991-09,1991-09-30,20,0.0
CT,1991-10,1991-10-31,23,0.0
CT,1991-11,1991-11-29,20,1.0
CT,1991-12,1991-12-31,21,0.0
CT,1992-01,1992-01-31,22,0.0
CT,1992-02,1992-02-28,19,1.0
CT,1992-03,1992-03-31,22,0.0
CT,1992-04,1992-04-30,20,0.0
CT,1992-05,1992-05-29,20,2.0
CT,1992-06,1992-06-30,22,0.0
CT,1992-07,1992-07-31,22,0.0
CT,1992-08,1992-08-31,21,0.0
CT,1992-09,1992-09-30,21,0.0
CT,1992-10,1992-10-30,22,1.0
CT,1992-11,1992-11-30,19,0.0
CT,1992-12,1992-12-31,22,0.0
CT,1993-01,1993-01-29,20,2.0
CT,1993-02,1993-02-26,19,2.0
CT,1993-03,1993-03-31,23,0.0
CT,1993-04,1993-04-30,21,0.0
CT,1993-05,1993-05-28,20,3.0
CT,1993-06,1993-06-30,22,0.0
CT,1993-07,1993-07-30,21,1.0
CT,1993-08,1993-08-31,22,0.0
CT,1993-09,1993-09-30,21,0.0
CT,1993-10,1993-10-29,21,2.0
CT,1993-11,1993-11-30,20,0.0
CT,1993-12,1993-12-30,21,1.0
CT,1994-01,1994-01-31,21,0.0
CT,1994-02,1994-02-28,19,0.0
CT,1994-03,1994-03-31,23,0.0
CT,1994-04,1994-04-29,19,1.0
CT,1994-05,1994-05-31,21,0.0
CT,1994-06,1994-06-30,22,0.0
CT,1994-07,1994-07-29,20,2.0
CT,1994-08,1994-08-31,23,0.0
CT,1994-09,1994-09-30,21,0.0
CT,1994-10,1994-10-31,21,0.0
CT,1994-11,1994-11-30,20,0.0
CT,1994-12,1994-12-30,21,1.0
CT,1995-01,1995-01-31,21,0.0
CT,1995-02,1995-02-28,19,0.0
CT,1995-03,1995-03-31,23,0.0
CT,1995-04,1995-04-28,19,2.0
CT,1995-05,1995-05-31,22,0.0
CT,1995-06,1995-06-30,22,0.0
CT,1995-07,1995-07-31,19,0.0
CT,1995-08,1995-08-31,23,0.0
CT,1995-09,1995-09-29,20,1.0
CT,1995-10,1995-10-31,22,0.0
CT,1995-11,1995-11-30,20,0.0
CT,1995-12,1995-12-29,20,2.0
CT,1996-01,1996-01-31,21,0.0
CT,1996-02,1996-02-29,20,0.0
CT,1996-03,1996-03-29,21,2.0
CT,1996-04,1996-04-30,21,0.0
CT,1996-05,1996-05-31,22,0.0
CT,1996-06,1996-06-28,20,2.0
CT,1996-07,1996-07-31,21,0.0
CT,1996-08,1996-08-30,22,1.0
CT,1996-09,1996-09-30,20,0.0
CT,1996-10,1996-10-31,23,0.0
CT,1996-11,1996-11-27,19,3.0
CT,1996-12,1996-12-31,20,0.0
CT,1997-01,1997-01-31,22,0.0
CT,1997-02,1997-02-28,19,0.0
CT,1997-03,1997-03-31,20,0.0
CT,1997-04,1997-04-30,22,0.0
CT,1997-05,1997-05-30,21,1.0
CT,1997-06,1997-06-30,21,0.0
CT,1997-07,1997-07-31,22,0.0
CT,1997-08,1997-08-29,21,2.0
CT,1997-09,1997-09-30,21,0.0
CT,1997-10,1997-10-31,23,0.0
CT,1997-11,1997-11-26,18,4.0
CT,1997-12,1997-12-31,21,0.0
CT,1998-01,1998-01-30,20,1.0
CT,1998-02,1998-02-27,19,1.0
CT,1998-03,1998-03-31,22,0.0
CT,1998-04,1998-04-30,21,0.0
CT,1998-05,1998-05-29,20,2.0
CT,1998-06,1998-06-30,22,0.0
CT,1998-07,1998-07-31,22,0.0
CT,1998-08,1998-08-31,21,0.0
CT,1998-09,1998-09-30,21,0.0
CT,1998-10,1998-10-30,22,1.0
CT,1998-11,1998-11-30,19,0.0
CT,1998-12,1998-12-31,22,0.0
CT,1999-01,1999-01-29,19,2.0
CT,1999-02,1999-02-26,19,2.0
CT,1999-03,1999-03-31,23,0.0
CT,1999-04,1999-04-30,21,0.0
CT,1999-05,1999-05-28,20,3.0
CT,1999-06,1999-06-30,22,0.0
CT,1999-07,1999-07-30,21,1.0
CT,1999-08,1999-08-31,22,0.0
CT,1999-09,1999-09-30,21,0.0
CT,1999-10,1999-10-29,21,2.0
CT,1999-11,1999-11-30,20,0.0
CT,1999-12,1999-12-30,21,1.0
CT,2000-01,2000-01-31,20,0.0
CT,2000-02,2000-02-29,20,0.0
CT,2000-03,2000-03-31,23,0.0
CT,2000-04,2000-04-28,19,2.0
CT,2000-05,2000-05-31,22,0.0
CT,2000-06,2000-06-30,22,0.0
CT,2000-07,2000-07-31,19,0.0
CT,2000-08,2000-08-31,23,0.0
CT,2000-09,2000-09-29,20,1.0
CT,2000-10,2000-10-31,22,0.0
CT,2000-11,2000-11-30,20,0.0
CT,2000-12,2000-12-29,20,2.0
CT,2001-01,2001-01-31,21,0.0
CT,2001-02,2001-02-28,19,0.0
CT,2001-03,2001-03-30,22,1.0
CT,2001-04,2001-04-30,20,0.0
CT,2001-05,2001-05-31,22,0.0
CT,2001-06,2001-06-29,21,1.0
CT,2001-07,2001-07-31,21,0.0
CT,2001-08,2001-08-31,23,0.0
CT,2001-09,2001-09-28,15,2.0
CT,2001-10,2001-10-31,23,0.0
CT,2001-11,2001-11-30,19,0.0
CT,2001-12,2001-12-28,18,3.0
CT,2002-01,2002-01-31,21,0.0
CT,2002-02,2002-02-28,19,0.0
CT,2002-03,2002-03-28,20,3.0
CT,2002-04,2002-04-30,22,0.0
CT,2002-05,2002-05-31,22,0.0
CT,2002-06,2002-06-28,20,2.0
CT,2002-07,2002-07-31,21,0.0
CT,2002-08,2002-08-30,22,1.0
CT,2002-09,2002-09-30,20,0.0
CT,2002-10,2002-10-31,23,0.0
CT,2002-11,2002-11-27,19,3.0
CT,2002-12,2002-12-31,20,0.0
CT,2003-01,2003-01-31,21,0.0
CT,2003-02,2003-02-28,18,0.0
CT,2003-03,2003-03-31,21,0.0
CT,2003-04,2003-04-30,21,0.0
CT,2003-05,2003-05-30,21,1.0
CT,2003-06,2003-06-30,21,0.0
CT,2003-07,2003-07-31,22,0.0
CT,2003-08,2003-08-29,21,2.0
CT,2003-09,2003-09-30,21,0.0
CT,2003-10,2003-10-31,23,0.0
CT,2003-11,2003-11-26,18,4.0
CT,2003-12,2003-12-31,21,0.0
CT,2004-01,2004-01-30,19,1.0
CT,2004-02,2004-02-27,19,2.0
CT,2004-03,2004-03-31,23,0.0
CT,2004-04,2004-04-30,21,0.0
CT,2004-05,2004-05-28,20,3.0
CT,2004-06,2004-06-30,21,0.0
CT,2004-07,2004-07-30,21,1.0
CT,2004-08,2004-08-31,22,0.0
CT,2004-09,2004-09-30,21,0.0
CT,2004-10,2004-10-29,21,2.0
CT,2004-11,2004-11-30,20,0.0
CT,2004-12,2004-12-30,21,1.0
CT,2005-01,2005-01-31,20,0.0
CT,2005-02,2005-02-28,19,0.0
CT,2005-03,2005-03-31,22,0.0
CT,2005-04,2005-04-29,21,1.0
CT,2005-05,2005-05-31,21,0.0
CT,2005-06,2005-06-30,22,0.0
CT,2005-07,2005-07-29,20,2.0
CT,2005-08,2005-08-31,23,0.0
CT,2005-09,2005-09-30,21,0.0
CT,2005-10,2005-10-31,21,0.0
CT,2005-11,2005-11-30,20,0.0
CT,2005-12,2005-12-30,21,1.0
CT,2006-01,2006-01-31,20,0.0
CT,2006-02,2006-02-28,19,0.0
CT,2006-03,2006-03-31,23,0.0
CT,2006-04,2006-04-28,19,2.0
CT,2006-05,2006-05-31,22,0.0
CT,2006-06,2006-06-30,22,0.0
CT,2006-07,2006-07-31,20,0.0
CT,2006-08,2006-08-31,23,0.0
CT,2006-09,2006-09-29,20,1.0
CT,2006-10,2006-10-31,22,0.0
CT,2006-11,2006-11-30,20,0.0
CT,2006-12,2006-12-29,20,2.0
CT,2007-01,2007-01-31,20,0.0
CT,2007-02,2007-02-28,19,0.0
CT,2007-03,2007-03-30,22,1.0
CT,2007-04,2007-04-30,20,0.0
CT,2007-05,2007-05-31,22,0.0
CT,2007-06,2007-06-29,21,1.0
CT,2007-07,2007-07-31,21,0.0
CT,2007-08,2007-08-31,23,0.0
CT,2007-09,2007-09-28,19,2.0
CT,2007-10,2007-10-31,23,0.0
CT,2007-11,2007-11-30,20,0.0
CT,2007-12,2007-12-31,19,0.0
CT,2008-01,2008-01-31,21,0.0
CT,2008-02,2008-02-29,20,0.0
CT,2008-03,2008-03-31,20,0.0
CT,2008-04,2008-04-30,22,0.0
CT,2008-05,2008-05-30,21,1.0
CT,2008-06,2008-06-30,21,0.0
CT,2008-07,2008-07-31,22,0.0
CT,2008-08,2008-08-29,21,2.0
CT,2008-09,2008-09-30,21,0.0
CT,2008-10,2008-10-31,23,0.0
CT,2008-11,2008-11-28,19,2.0
CT,2008-12,2008-12-31,22,0.0
CT,2009-01,2009-01-30,20,1.0
CT,2009-02,2009-02-27,19,1.0
CT,2009-03,2009-03-31,22,0.0
CT,2009-04,2009-04-30,21,0.0
CT,2009-05,2009-05-29,20,2.0
CT,2009-06,2009-06-30,22,0.0
CT,2009-07,2009-07-31,22,0.0
CT,2009-08,2009-08-31,21,0.0
CT,2009-09,2009-09-30,21,0.0
CT,2009-10,2009-10-30,22,1.0
CT,2009-11,2009-11-30,20,0.0
CT,2009-12,2009-12-31,22,0.0
CT,2010-01,2010-01-29,19,2.0
CT,2010-02,2010-02-26,19,2.0
CT,2010-03,2010-03-31,23,0.0
CT,2010-04,2010-04-30,21,0.0
CT,2010-05,2010-05-28,20,3.0
CT,2010-06,2010-06-30,22,0.0
CT,2010-07,2010-07-30,21,1.0
CT,2010-08,2010-08-31,22,0.0
CT,2010-09,2010-09-30,21,0.0
CT,2010-10,2010-10-29,21,2.0
CT,2010-11,2010-11-30,22,0.0
CT,2010-12,2010-12-31,22,0.0
CT,2011-01,2011-01-31,20,0.0
CT,2011-02,2011-02-28,19,0.0
CT,2011-03,2011-03-31,23,0.0
CT,2011-04,2011-04-29,20,1.0
CT,2011-05,2011-05-31,21,0.0
CT,2011-06,2011-06-30,22,0.0
CT,2011-07,2011-07-29,20,2.0
CT,2011-08,2011-08-31,23,0.0
CT,2011-09,2011-09-30,21,0.0
CT,2011-10,2011-10-31,21,0.0
CT,2011-11,2011-11-30,21,0.0
CT,2011-12,2011-12-30,21,1.0
CT,2012-01,2012-01-31,20,0.0
CT,2012-02,2012-02-29,20,0.0
CT,2012-03,2012-03-30,22,1.0
CT,2012-04,2012-04-30,20,0.0
CT,2012-05,2012-05-31,22,0.0
CT,2012-06,2012-06-29,21,1.0
CT,2012-07,2012-07-31,21,0.0
CT,2012-08,2012-08-31,23,0.0
CT,2012-09,2012-09-28,19,2.0
CT,2012-10,2012-10-31,23,0.0
CT,2012-11,2012-11-30,21,0.0
CT,2012-12,2012-12-31,20,0.0
CT,2013-01,2013-01-31,21,0.0
CT,2013-02,2013-02-28,19,0.0
CT,2013-03,2013-03-28,20,3.0
CT,2013-04,2013-04-30,22,0.0
CT,2013-05,2013-05-31,22,0.0
CT,2013-06,2013-06-28,20,2.0
CT,2013-07,2013-07-31,22,0.0
CT,2013-08,2013-08-30,22,1.0
CT,2013-09,2013-09-30,20,0.0
CT,2013-10,2013-10-31,23,0.0
CT,2013-11,2013-11-29,20,1.0
CT,2013-12,2013-12-31,21,0.0
CT,2014-01,2014-01-31,21,0.0
CT,2014-02,2014-02-28,19,0.0
CT,2014-03,2014-03-31,21,0.0
CT,2014-04,2014-04-30,21,0.0
CT,2014-05,2014-05-30,21,1.0
CT,2014-06,2014-06-30,21,0.0
CT,2014-07,2014-07-31,22,0.0
CT,2014-08,2014-08-29,21,2.0
CT,2014-09,2014-09-30,21,0.0
CT,2014-10,2014-10-31,23,0.0
CT,2014-11,2014-11-28,19,2.0
CT,2014-12,2014-12-31,22,0.0
DA,1969-01,,0,
DA,1969-02,,0,
DA,1969-03,,0,
DA,1969-04,,0,
DA,1969-05,,0,
DA,1969-06,,0,
DA,1969-07,,0,
DA,1969-08,,0,
DA,1969-09,,0,
DA,1969-10,,0,
DA,1969-11,,0,
DA,1969-12,,0,
DA,1970-01,,0,
DA,1970-02,,0,
DA,1970-03,,0,
DA,1970-04,,0,
DA,1970-05,,0,
DA,1970-06,,0,
DA,1970-07,,0,
DA,1970-08,,0,
DA,1970-09,,0,
DA,1970-10,,0,
DA,1970-11,,0,
DA,1970-12,,0,
DA,1971-01,,0,
DA,1971-02,,0,
DA,1971-03,,0,
DA,1971-04,,0,
DA,1971-05,,0,
DA,1971-06,,0,
DA,1971-07,,0,
DA,1971-08,,0,
DA,1971-09,,0,
DA,1971-10,,0,
DA,1971-11,,0,
DA,1971-12,,0,
DA,1972-01,,0,
DA,1972-02,,0,
DA,1972-03,,0,
DA,1972-04,,0,
DA,1972-05,,0,
DA,1972-06,,0,
DA,1972-07,,0,
DA,1972-08,,0,
DA,1972-09,,0,
DA,1972-10,,0,
DA,1972-11,,0,
DA,1972-12,,0,
DA,1973-01,,0,
DA,1973-02,,0,
DA,1973-03,,0,
DA,1973-04,,0,
DA,1973-05,,0,
DA,1973-06,,0,
DA,1973-07,,0,
DA,1973-08,,0,
DA,1973-09,,0,
DA,1973-10,,0,
DA,1973-11,,0,
DA,1973-12,,0,
DA,1974-01,,0,
DA,1974-02,,0,
DA,1974-03,,0,
DA,1974-04,,0,
DA,1974-05,,0,
DA,1974-06,,0,
DA,1974-07,,0,
DA,1974-08,,0,
DA,1974-09,,0,
DA,1974-10,,0,
DA,1974-11,,0,
DA,1974-12,,0,
DA,1975-01,,0,
DA,1975-02,,0,
DA,1975-03,,0,
DA,1975-04,,0,
DA,1975-05,,0,
DA,1975-06,,0,
DA,1975-07,,0,
DA,1975-08,,0,
DA,1975-09,,0,
DA,1975-10,,0,
DA,1975-11,,0,
DA,1975-12,,0,
DA,1976-01,,0,
DA,1976-02,,0,
DA,1976-03,,0,
DA,1976-04,,0,
DA,1976-05,,0,
DA,1976-06,,0,
DA,1976-07,,0,
DA,1976-08,,0,
DA,1976-09,,0,
DA,1976-10,,0,
DA,1976-11,,0,
DA,1976-12,,0,
DA,1977-01,,0,
DA,1977-02,,0,
DA,1977-03,,0,
DA,1977-04,,0,
DA,1977-05,,0,
DA,1977-06,,0,
DA,1977-07,,0,
DA,1977-08,,0,
DA,1977-09,,0,
DA,1977-10,,0,
DA,1977-11,,0,
DA,1977-12,,0,
DA,1978-01,,0,
DA,1978-02,,0,
DA,1978-03,,0,
DA,1978-04,,0,
DA,1978-05,,0,
DA,1978-06,,0,
DA,1978-07,,0,
DA,1978-08,,0,
DA,1978-09,,0,
DA,1978-10,,0,
DA,1978-11,,0,
DA,1978-12,,0,
DA,1979-01,,0,
DA,1979-02,,0,
DA,1979-03,,0,
DA,1979-04,,0,
DA,1979-05,,0,
DA,1979-06,,0,
DA,1979-07,,0,
DA,1979-08,,0,
DA,1979-09,,0,
DA,1979-10,,0,
DA,1979-11,,0,
DA,1979-12,,0,
DA,1980-01,,0,
DA,1980-02,,0,
DA,1980-03,,0,
DA,1980-04,,0,
DA,1980-05,,0,
DA,1980-06,,0,
DA,1980-07,,0,
DA,1980-08,,0,
DA,1980-09,,0,
DA,1980-10,,0,
DA,1980-11,,0,
DA,1980-12,,0,
DA,1981-01,,0,
DA,1981-02,,0,
DA,1981-03,,0,
DA,1981-04,,0,
DA,1981-05,,0,
DA,1981-06,,0,
DA,1981-07,,0,
DA,1981-08,,0,
DA,1981-09,,0,
DA,1981-10,,0,
DA,1981-11,,0,
DA,1981-12,,0,
DA,1982-01,,0,
DA,1982-02,,0,
DA,1982-03,,0,
DA,1982-04,,0,
DA,1982-05,,0,
DA,1982-06,,0,
DA,1982-07,,0,
DA,1982-08,,0,
DA,1982-09,,0,
DA,1982-10,,0,
DA,1982-11,,0,
DA,1982-12,,0,
DA,1983-01,,0,
DA,1983-02,,0,
DA,1983-03,,0,
DA,1983-04,,0,
DA,1983-05,,0,
DA,1983-06,,0,
DA,1983-07,,0,
DA,1983-08,,0,
DA,1983-09,,0,
DA,1983-10,,0,
DA,1983-11,,0,
DA,1983-12,,0,
DA,1984-01,,0,
DA,1984-02,,0,
DA,1984-03,,0,
DA,1984-04,,0,
DA,1984-05,,0,
DA,1984-06,,0,
DA,1984-07,,0,
DA,1984-08,,0,
DA,1984-09,,0,
DA,1984-10,,0,
DA,1984-11,,0,
DA,1984-12,,0,
DA,1985-01,,0,
DA,1985-02,,0,
DA,1985-03,,0,
DA,1985-04,,0,
DA,1985-05,,0,
DA,1985-06,,0,
DA,1985-07,,0,
DA,1985-08,,0,
DA,1985-09,,0,
DA,1985-10,,0,
DA,1985-11,,0,
DA,1985-12,,0,
DA,1986-01,,0,
DA,1986-02,,0,
DA,1986-03,,0,
DA,1986-04,,0,
DA,1986-05,,0,
DA,1986-06,,0,
DA,1986-07,,0,
DA,1986-08,,0,
DA,1986-09,,0,
DA,1986-10,,0,
DA,1986-11,,0,
DA,1986-12,,0,
DA,1987-01,,0,
DA,1987-02,,0,
DA,1987-03,,0,
DA,1987-04,,0,
DA,1987-05,,0,
DA,1987-06,,0,
DA,1987-07,,0,
DA,1987-08,,0,
DA,1987-09,,0,
DA,1987-10,,0,
DA,1987-11,,0,
DA,1987-12,,0,
DA,1988-01,,0,
DA,1988-02,,0,
DA,1988-03,,0,
DA,1988-04,,0,
DA,1988-05,,0,
DA,1988-06,,0,
DA,1988-07,,0,
DA,1988-08,,0,
DA,1988-09,,0,
DA,1988-10,,0,
DA,1988-11,,0,
DA,1988-12,,0,
DA,1989-01,,0,
DA,1989-02,,0,
DA,1989-03,,0,
DA,1989-04,,0,
DA,1989-05,,0,
DA,1989-06,,0,
DA,1989-07,,0,
DA,1989-08,,0,
DA,1989-09,,0,
DA,1989-10,,0,
DA,1989-11,,0,
DA,1989-12,,0,
DA,1990-01,,0,
DA,1990-02,,0,
DA,1990-03,,0,
DA,1990-04,,0,
DA,1990-05,,0,
DA,1990-06,,0,
DA,1990-07,,0,
DA,1990-08,,0,
DA,1990-09,,0,
DA,1990-10,,0,
DA,1990-11,,0,
DA,1990-12,,0,
DA,1991-01,,0,
DA,1991-02,,0,
DA,1991-03,,0,
DA,1991-04,,0,
DA,1991-05,,0,
DA,1991-06,,0,
DA,1991-07,,0,
DA,1991-08,,0,
DA,1991-09,,0,
DA,1991-10,,0,
DA,1991-11,,0,
DA,1991-12,,0,
DA,1992-01,,0,
DA,1992-02,,0,
DA,1992-03,,0,
DA,1992-04,,0,
DA,1992-05,,0,
DA,1992-06,,0,
DA,1992-07,,0,
DA,1992-08,,0,
DA,1992-09,,0,
DA,1992-10,,0,
DA,1992-11,,0,
DA,1992-12,,0,
DA,1993-01,,0,
DA,1993-02,,0,
DA,1993-03,,0,
DA,1993-04,,0,
DA,1993-05,,0,
DA,1993-06,,0,
DA,1993-07,,0,
DA,1993-08,,0,
DA,1993-09,,0,
DA,1993-10,,0,
DA,1993-11,,0,
DA,1993-12,,0,
DA,1994-01,,0,
DA,1994-02,,0,
DA,1994-03,,0,
DA,1994-04,,0,
DA,1994-05,,0,
DA,1994-06,,0,
DA,1994-07,,0,
DA,1994-08,,0,
DA,1994-09,,0,
DA,1994-10,,0,
DA,1994-11,,0,
DA,1994-12,,0,
DA,1995-01,,0,
DA,1995-02,,0,
DA,1995-03,,0,
DA,1995-04,,0,
DA,1995-05,,0,
DA,1995-06,,0,
DA,1995-07,,0,
DA,1995-08,,0,
DA,1995-09,,0,
DA,1995-10,,0,
DA,1995-11,,0,
DA,1995-12,,0,
DA,1996-01,,0,
DA,1996-02,,0,
DA,1996-03,,0,
DA,1996-04,,0,
DA,1996-05,,0,
DA,1996-06,,0,
DA,1996-07,,0,
DA,1996-08,,0,
DA,1996-09,,0,
DA,1996-10,,0,
DA,1996-11,,0,
DA,1996-12,,0,
DA,1997-01,,0,
DA,1997-02,,0,
DA,1997-03,,0,
DA,1997-04,,0,
DA,1997-05,,0,
DA,1997-06,,0,
DA,1997-07,,0,
DA,1997-08,,0,
DA,1997-09,1997-09-30,21,0.0
DA,1997-10,1997-10-31,23,0.0
DA,1997-11,1997-11-28,19,2.0
DA,1997-12,1997-12-31,22,0.0
DA,1998-01,1998-01-30,20,1.0
DA,1998-02,1998-02-27,19,1.0
DA,1998-03,1998-03-31,22,0.0
DA,1998-04,1998-04-30,21,0.0
DA,1998-05,1998-05-29,20,2.0
DA,1998-06,1998-06-30,22,0.0
DA,1998-07,1998-07-31,22,0.0
DA,1998-08,1998-08-31,21,0.0
DA,1998-09,1998-09-30,21,0.0
DA,1998-10,1998-10-30,22,1.0
DA,1998-11,1998-11-30,20,0.0
DA,1998-12,1998-12-31,22,0.0
DA,1999-01,1999-01-29,19,2.0
DA,1999-02,1999-02-26,19,2.0
DA,1999-03,1999-03-31,23,0.0
DA,1999-04,1999-04-30,21,0.0
DA,1999-05,1999-05-28,20,3.0
DA,1999-06,1999-06-30,22,0.0
DA,1999-07,1999-07-30,21,1.0
DA,1999-08,1999-08-31,22,0.0
DA,1999-09,1999-09-30,21,0.0
DA,1999-10,1999-10-29,21,2.0
DA,1999-11,1999-11-30,21,0.0
DA,1999-12,1999-12-30,21,1.0
DA,2000-01,2000-01-31,20,0.0
DA,2000-02,2000-02-29,20,0.0
DA,2000-03,2000-03-31,23,0.0
DA,2000-04,2000-04-28,19,2.0
DA,2000-05,2000-05-31,22,0.0
DA,2000-06,2000-06-30,22,0.0
DA,2000-07,2000-07-31,20,0.0
DA,2000-08,2000-08-31,23,0.0
DA,2000-09,2000-09-29,20,1.0
DA,2000-10,2000-10-31,22,0.0
DA,2000-11,2000-11-30,21,0.0
DA,2000-12,2000-12-29,20,2.0
DA,2001-01,2001-01-31,21,0.0
DA,2001-02,2001-02-28,19,0.0
DA,2001-03,2001-03-30,22,1.0
DA,2001-04,2001-04-30,20,0.0
DA,2001-05,2001-05-31,22,0.0
DA,2001-06,2001-06-29,21,1.0
DA,2001-07,2001-07-31,21,0.0
DA,2001-08,2001-08-31,23,0.0
DA,2001-09,2001-09-28,17,2.0
DA,2001-10,2001-10-31,23,0.0
DA,2001-11,2001-11-30,21,0.0
DA,2001-12,2001-12-31,20,0.0
DA,2002-01,2002-01-31,21,0.0
DA,2002-02,2002-02-28,19,0.0
DA,2002-03,2002-03-28,20,3.0
DA,2002-04,2002-04-30,22,0.0
DA,2002-05,2002-05-31,22,0.0
DA,2002-06,2002-06-28,20,2.0
DA,2002-07,2002-07-31,22,0.0
DA,2002-08,2002-08-30,22,1.0
DA,2002-09,2002-09-30,20,0.0
DA,2002-10,2002-10-31,23,0.0
DA,2002-11,2002-11-29,20,1.0
DA,2002-12,2002-12-31,21,0.0
DA,2003-01,2003-01-31,21,0.0
DA,2003-02,2003-02-28,19,0.0
DA,2003-03,2003-03-31,21,0.0
DA,2003-04,2003-04-30,21,0.0
DA,2003-05,2003-05-30,21,1.0
DA,2003-06,2003-06-30,21,0.0
DA,2003-07,2003-07-31,22,0.0
DA,2003-08,2003-08-29,21,2.0
DA,2003-09,2003-09-30,21,0.0
DA,2003-10,2003-10-31,23,0.0
DA,2003-11,2003-11-28,19,2.0
DA,2003-12,2003-12-31,21,0.0
DA,2004-01,2004-01-30,19,1.0
DA,2004-02,2004-02-27,19,2.0
DA,2004-03,2004-03-31,23,0.0
DA,2004-04,2004-04-30,21,0.0
DA,2004-05,2004-05-28,20,3.0
DA,2004-06,2004-06-30,21,0.0
DA,2004-07,2004-07-30,21,1.0
DA,2004-08,2004-08-31,22,0.0
DA,2004-09,2004-09-30,21,0.0
DA,2004-10,2004-10-29,21,2.0
DA,2004-11,2004-11-30,20,0.0
DA,2004-12,2004-12-30,21,1.0
DA,2005-01,2005-01-31,20,0.0
DA,2005-02,2005-02-28,19,0.0
DA,2005-03,2005-03-31,22,0.0
DA,2005-04,2005-04-29,21,1.0
DA,2005-05,2005-05-31,21,0.0
DA,2005-06,2005-06-30,22,0.0
DA,2005-07,2005-07-29,20,2.0
DA,2005-08,2005-08-31,23,0.0
DA,2005-09,2005-09-30,21,0.0
DA,2005-10,2005-10-31,21,0.0
DA,2005-11,2005-11-30,21,0.0
DA,2005-12,2005-12-30,21,1.0
DA,2006-01,2006-01-31,20,0.0
DA,2006-02,2006-02-28,19,0.0
DA,2006-03,2006-03-31,23,0.0
DA,2006-04,2006-04-28,19,2.0
DA,2006-05,2006-05-31,22,0.0
DA,2006-06,2006-06-30,22,0.0
DA,2006-07,2006-07-31,20,0.0
DA,2006-08,2006-08-31,23,0.0
DA,2006-09,2006-09-29,20,1.0
DA,2006-10,2006-10-31,22,0.0
DA,2006-11,2006-11-30,21,0.0
DA,2006-12,2006-12-29,20,2.0
DA,2007-01,2007-01-31,20,0.0
DA,2007-02,2007-02-28,19,0.0
DA,2007-03,2007-03-30,22,1.0
DA,2007-04,2007-04-30,20,0.0
DA,2007-05,2007-05-31,22,0.0
DA,2007-06,2007-06-29,21,1.0
DA,2007-07,2007-07-31,21,0.0
DA,2007-08,2007-08-31,23,0.0
DA,2007-09,2007-09-28,19,2.0
DA,2007-10,2007-10-31,23,0.0
DA,2007-11,2007-11-30,20,0.0
DA,2007-12,2007-12-28,18,3.0
DA,2008-01,2008-01-31,21,0.0
DA,2008-02,2008-02-29,20,0.0
DA,2008-03,2008-03-31,20,0.0
DA,2008-04,2008-04-30,22,0.0
DA,2008-05,2008-05-30,21,1.0
DA,2008-06,2008-06-30,21,0.0
DA,2008-07,2008-07-31,22,0.0
DA,2008-08,2008-08-29,21,2.0
DA,2008-09,2008-09-30,21,0.0
DA,2008-10,2008-10-31,23,0.0
DA,2008-11,2008-11-26,18,4.0
DA,2008-12,2008-12-31,22,0.0
DA,2009-01,2009-01-30,20,1.0
DA,2009-02,2009-02-27,19,1.0
DA,2009-03,2009-03-31,22,0.0
DA,2009-04,2009-04-30,21,0.0
DA,2009-05,2009-05-29,20,2.0
DA,2009-06,2009-06-30,22,0.0
DA,2009-07,2009-07-31,22,0.0
DA,2009-08,2009-08-31,21,0.0
DA,2009-09,2009-09-30,21,0.0
DA,2009-10,2009-10-30,22,1.0
DA,2009-11,2009-11-30,20,0.0
DA,2009-12,2009-12-31,22,0.0
DA,2010-01,2010-01-29,19,2.0
DA,2010-02,2010-02-26,19,2.0
DA,2010-03,2010-03-31,23,0.0
DA,2010-04,2010-04-30,21,0.0
DA,2010-05,2010-05-28,20,3.0
DA,2010-06,2010-06-30,22,0.0
DA,2010-07,2010-07-30,21,1.0
DA,2010-08,2010-08-31,22,0.0
DA,2010-09,2010-09-30,21,0.0
DA,2010-10,2010-10-29,21,2.0
DA,2010-11,2010-11-30,21,0.0
DA,2010-12,2010-12-31,22,0.0
DA,2011-01,2011-01-31,20,0.0
DA,2011-02,2011-02-28,19,0.0
DA,2011-03,2011-03-31,23,0.0
DA,2011-04,2011-04-29,20,1.0
DA,2011-05,2011-05-31,21,0.0
DA,2011-06,2011-06-30,22,0.0
DA,2011-07,2011-07-29,20,2.0
DA,2011-08,2011-08-31,23,0.0
DA,2011-09,2011-09-30,21,0.0
DA,2011-10,2011-10-31,21,0.0
DA,2011-11,2011-11-30,21,0.0
DA,2011-12,2011-12-30,21,1.0
DA,2012-01,2012-01-31,20,0.0
DA,2012-02,2012-02-29,20,0.0
DA,2012-03,2012-03-30,22,1.0
DA,2012-04,2012-04-30,20,0.0
DA,2012-05,2012-05-31,22,0.0
DA,2012-06,2012-06-29,21,1.0
DA,2012-07,2012-07-31,21,0.0
DA,2012-08,2012-08-31,23,0.0
DA,2012-09,2012-09-28,19,2.0
DA,2012-10,2012-10-31,23,0.0
DA,2012-11,2012-11-30,20,0.0
DA,2012-12,2012-12-31,20,0.0
DA,2013-01,2013-01-31,21,0.0
DA,2013-02,2013-02-28,19,0.0
DA,2013-03,2013-03-28,20,3.0
DA,2013-04,2013-04-30,22,0.0
DA,2013-05,2013-05-31,22,0.0
DA,2013-06,2013-06-28,20,2.0
DA,2013-07,2013-07-31,22,0.0
DA,2013-08,2013-08-30,22,1.0
DA,2013-09,2013-09-30,20,0.0
DA,2013-10,2013-10-31,23,0.0
DA,2013-11,2013-11-29,20,1.0
DA,2013-12,2013-12-31,21,0.0
DA,2014-01,2014-01-31,21,0.0
DA,2014-02,2014-02-28,19,0.0
DA,2014-03,2014-03-31,21,0.0
DA,2014-04,2014-04-30,21,0.0
DA,2014-05,2014-05-30,21,1.0
DA,2014-06,2014-06-30,21,0.0
DA,2014-07,2014-07-31,22,0.0
DA,2014-08,2014-08-29,21,2.0
DA,2014-09,2014-09-30,21,0.0
DA,2014-10,2014-10-31,23,0.0
DA,2014-11,2014-11-26,18,4.0
DA,2014-12,2014-12-31,22,0.0
DT,1969-01,,0,
DT,1969-02,,0,
DT,1969-03,,0,
DT,1969-04,,0,
DT,1969-05,,0,
DT,1969-06,,0,
DT,1969-07,,0,
DT,1969-08,,0,
DT,1969-09,,0,
DT,1969-10,,0,
DT,1969-11,,0,
DT,1969-12,,0,
DT,1970-01,,0,
DT,1970-02,,0,
DT,1970-03,,0,
DT,1970-04,,0,
DT,1970-05,,0,
DT,1970-06,,0,
DT,1970-07,,0,
DT,1970-08,,0,
DT,1970-09,,0,
DT,1970-10,,0,
DT,1970-11,,0,
DT,1970-12,,0,
DT,1971-01,,0,
DT,1971-02,,0,
DT,1971-03,,0,
DT,1971-04,,0,
DT,1971-05,,0,
DT,1971-06,,0,
DT,1971-07,,0,
DT,1971-08,,0,
DT,1971-09,,0,
DT,1971-10,,0,
DT,1971-11,,0,
DT,1971-12,,0,
DT,1972-01,,0,
DT,1972-02,,0,
DT,1972-03,,0,
DT,1972-04,,0,
DT,1972-05,,0,
DT,1972-06,,0,
DT,1972-07,,0,
DT,1972-08,,0,
DT,1972-09,,0,
DT,1972-10,,0,
DT,1972-11,,0,
DT,1972-12,,0,
DT,1973-01,,0,
DT,1973-02,,0,
DT,1973-03,,0,
DT,1973-04,,0,
DT,1973-05,,0,
DT,1973-06,,0,
DT,1973-07,,0,
DT,1973-08,,0,
DT,1973-09,,0,
DT,1973-10,,0,
DT,1973-11,,0,
DT,1973-12,,0,
DT,1974-01,,0,
DT,1974-02,,0,
DT,1974-03,,0,
DT,1974-04,,0,
DT,1974-05,,0,
DT,1974-06,,0,
DT,1974-07,,0,
DT,1974-08,,0,
DT,1974-09,,0,
DT,1974-10,,0,
DT,1974-11,,0,
DT,1974-12,,0,
DT,1975-01,,0,
DT,1975-02,,0,
DT,1975-03,,0,
DT,1975-04,,0,
DT,1975-05,,0,
DT,1975-06,,0,
DT,1975-07,,0,
DT,1975-08,,0,
DT,1975-09,,0,
DT,1975-10,,0,
DT,1975-11,,0,
DT,1975-12,,0,
DT,1976-01,,0,
DT,1976-02,,0,
DT,1976-03,,0,
DT,1976-04,,0,
DT,1976-05,,0,
DT,1976-06,,0,
DT,1976-07,,0,
DT,1976-08,,0,
DT,1976-09,,0,
DT,1976-10,,0,
DT,1976-11,,0,
DT,1976-12,,0,
DT,1977-01,,0,
DT,1977-02,,0,
DT,1977-03,,0,
DT,1977-04,,0,
DT,1977-05,,0,
DT,1977-06,,0,
DT,1977-07,,0,
DT,1977-08,,0,
DT,1977-09,,0,
DT,1977-10,,0,
DT,1977-11,,0,
DT,1977-12,,0,
DT,1978-01,,0,
DT,1978-02,,0,
DT,1978-03,,0,
DT,1978-04,,0,
DT,1978-05,,0,
DT,1978-06,,0,
DT,1978-07,,0,
DT,1978-08,,0,
DT,1978-09,,0,
DT,1978-10,,0,
DT,1978-11,,0,
DT,1978-12,,0,
DT,1979-01,,0,
DT,1979-02,,0,
DT,1979-03,,0,
DT,1979-04,,0,
DT,1979-05,,0,
DT,1979-06,,0,
DT,1979-07,,0,
DT,1979-08,,0,
DT,1979-09,,0,
DT,1979-10,,0,
DT,1979-11,,0,
DT,1979-12,,0,
DT,1980-01,,0,
DT,1980-02,,0,
DT,1980-03,,0,
DT,1980-04,,0,
DT,1980-05,,0,
DT,1980-06,,0,
DT,1980-07,,0,
DT,1980-08,,0,
DT,1980-09,,0,
DT,1980-10,,0,
DT,1980-11,,0,
DT,1980-12,,0,
DT,1981-01,,0,
DT,1981-02,,0,
DT,1981-03,,0,
DT,1981-04,,0,
DT,1981-05,,0,
DT,1981-06,,0,
DT,1981-07,,0,
DT,1981-08,,0,
DT,1981-09,,0,
DT,1981-10,,0,
DT,1981-11,,0,
DT,1981-12,,0,
DT,1982-01,,0,
DT,1982-02,,0,
DT,1982-03,,0,
DT,1982-04,,0,
DT,1982-05,,0,
DT,1982-06,,0,
DT,1982-07,,0,
DT,1982-08,,0,
DT,1982-09,,0,
DT,1982-10,,0,
DT,1982-11,,0,
DT,1982-12,,0,
DT,1983-01,,0,
DT,1983-02,,0,
DT,1983-03,,0,
DT,1983-04,,0,
DT,1983-05,,0,
DT,1983-06,,0,
DT,1983-07,,0,
DT,1983-08,,0,
DT,1983-09,,0,
DT,1983-10,,0,
DT,1983-11,,0,
DT,1983-12,,0,
DT,1984-01,,0,
DT,1984-02,,0,
DT,1984-03,,0,
DT,1984-04,,0,
DT,1984-05,,0,
DT,1984-06,,0,
DT,1984-07,,0,
DT,1984-08,,0,
DT,1984-09,,0,
DT,1984-10,,0,
DT,1984-11,,0,
DT,1984-12,,0,
DT,1985-01,,0,
DT,1985-02,,0,
DT,1985-03,,0,
DT,1985-04,,0,
DT,1985-05,,0,
DT,1985-06,,0,
DT,1985-07,,0,
DT,1985-08,,0,
DT,1985-09,,0,
DT,1985-10,,0,
DT,1985-11,,0,
DT,1985-12,,0,
DT,1986-01,,0,
DT,1986-02,,0,
DT,1986-03,,0,
DT,1986-04,,0,
DT,1986-05,,0,
DT,1986-06,,0,
DT,1986-07,,0,
DT,1986-08,,0,
DT,1986-09,,0,
DT,1986-10,,0,
DT,1986-11,,0,
DT,1986-12,,0,
DT,1987-01,,0,
DT,1987-02,,0,
DT,1987-03,,0,
DT,1987-04,,0,
DT,1987-05,,0,
DT,1987-06,,0,
DT,1987-07,,0,
DT,1987-08,,0,
DT,1987-09,,0,
DT,1987-10,,0,
DT,1987-11,,0,
DT,1987-12,,0,
DT,1988-01,,0,
DT,1988-02,,0,
DT,1988-03,,0,
DT,1988-04,,0,
DT,1988-05,,0,
DT,1988-06,,0,
DT,1988-07,,0,
DT,1988-08,,0,
DT,1988-09,,0,
DT,1988-10,,0,
DT,1988-11,,0,
DT,1988-12,,0,
DT,1989-01,,0,
DT,1989-02,,0,
DT,1989-03,,0,
DT,1989-04,,0,
DT,1989-05,,0,
DT,1989-06,,0,
DT,1989-07,,0,
DT,1989-08,,0,
DT,1989-09,,0,
DT,1989-10,,0,
DT,1989-11,1989-11-30,6,0.0
DT,1989-12,1989-12-29,19,2.0
DT,1990-01,1990-01-31,22,0.0
DT,1990-02,1990-02-28,20,0.0
DT,1990-03,1990-03-30,22,1.0
DT,1990-04,1990-04-30,19,0.0
DT,1990-05,1990-05-31,21,0.0
DT,1990-06,1990-06-29,21,1.0
DT,1990-07,1990-07-31,22,0.0
DT,1990-08,1990-08-31,22,0.0
DT,1990-09,1990-09-28,20,2.0
DT,1990-10,1990-10-31,23,0.0
DT,1990-11,1990-11-30,22,0.0
DT,1990-12,1990-12-31,19,0.0
DT,1991-01,1991-01-31,22,0.0
DT,1991-02,1991-02-28,20,0.0
DT,1991-03,1991-03-28,20,3.0
DT,1991-04,1991-04-30,21,0.0
DT,1991-05,1991-05-31,21,0.0
DT,1991-06,1991-06-28,20,2.0
DT,1991-07,1991-07-31,23,0.0
DT,1991-08,1991-08-30,21,1.0
DT,1991-09,1991-09-30,21,0.0
DT,1991-10,1991-10-31,23,0.0
DT,1991-11,1991-11-29,21,1.0
DT,1991-12,1991-12-31,20,0.0
DT,1992-01,1992-01-31,22,0.0
DT,1992-02,1992-02-28,20,1.0
DT,1992-03,1992-03-31,22,0.0
DT,1992-04,1992-04-30,20,0.0
DT,1992-05,1992-05-29,19,2.0
DT,1992-06,1992-06-30,22,0.0
DT,1992-07,1992-07-31,23,0.0
DT,1992-08,1992-08-28,20,3.0
DT,1992-09,1992-09-30,22,0.0
DT,1992-10,1992-10-30,22,1.0
DT,1992-11,1992-11-30,21,0.0
DT,1992-12,1992-12-31,21,0.0
DT,1993-01,1993-01-29,20,2.0
DT,1993-02,1993-02-26,20,2.0
DT,1993-03,1993-03-31,23,0.0
DT,1993-04,1993-04-30,20,0.0
DT,1993-05,1993-05-28,19,3.0
DT,1993-06,1993-06-30,22,0.0
DT,1993-07,1993-07-30,22,1.0
DT,1993-08,1993-08-31,21,0.0
DT,1993-09,1993-09-30,22,0.0
DT,1993-10,1993-10-29,21,2.0
DT,1993-11,1993-11-30,22,0.0
DT,1993-12,1993-12-31,21,0.0
DT,1994-01,1994-01-31,20,0.0
DT,1994-02,1994-02-28,20,0.0
DT,1994-03,1994-03-31,23,0.0
DT,1994-04,1994-04-29,19,1.0
DT,1994-05,1994-05-31,20,0.0
DT,1994-06,1994-06-30,22,0.0
DT,1994-07,1994-07-29,21,2.0
DT,1994-08,1994-08-31,22,0.0
DT,1994-09,1994-09-30,22,0.0
DT,1994-10,1994-10-31,21,0.0
DT,1994-11,1994-11-30,22,0.0
DT,1994-12,1994-12-30,20,1.0
DT,1995-01,1995-01-31,21,0.0
DT,1995-02,1995-02-28,20,0.0
DT,1995-03,1995-03-31,23,0.0
DT,1995-04,1995-04-28,18,2.0
DT,1995-05,1995-05-31,21,0.0
DT,1995-06,1995-06-30,22,0.0
DT,1995-07,1995-07-31,21,0.0
DT,1995-08,1995-08-31,22,0.0
DT,1995-09,1995-09-29,21,1.0
DT,1995-10,1995-10-31,22,0.0
DT,1995-11,1995-11-30,22,0.0
DT,1995-12,1995-12-29,19,2.0
DT,1996-01,1996-01-31,22,0.0
DT,1996-02,1996-02-29,21,0.0
DT,1996-03,1996-03-29,21,2.0
DT,1996-04,1996-04-30,20,0.0
DT,1996-05,1996-05-31,21,0.0
DT,1996-06,1996-06-28,20,2.0
DT,1996-07,1996-07-31,23,0.0
DT,1996-08,1996-08-30,21,1.0
DT,1996-09,1996-09-30,21,0.0
DT,1996-10,1996-10-31,23,0.0
DT,1996-11,1996-11-29,21,1.0
DT,1996-12,1996-12-31,20,0.0
DT,1997-01,1997-01-31,22,0.0
DT,1997-02,1997-02-28,20,0.0
DT,1997-03,1997-03-27,19,4.0
DT,1997-04,1997-04-30,22,0.0
DT,1997-05,1997-05-30,20,1.0
DT,1997-06,1997-06-30,21,0.0
DT,1997-07,1997-07-31,23,0.0
DT,1997-08,1997-08-29,20,2.0
DT,1997-09,1997-09-30,22,0.0
DT,1997-10,1997-10-31,23,0.0
DT,1997-11,1997-11-28,20,2.0
DT,1997-12,1997-12-31,21,0.0
DT,1998-01,1998-01-30,21,1.0
DT,1998-02,1998-02-27,20,1.0
DT,1998-03,1998-03-31,22,0.0
DT,1998-04,1998-04-30,20,0.0
DT,1998-05,1998-05-29,20,2.0
DT,1998-06,1998-06-30,22,0.0
DT,1998-07,1998-07-31,23,0.0
DT,1998-08,1998-08-28,20,3.0
DT,1998-09,1998-09-30,22,0.0
DT,1998-10,1998-10-30,22,1.0
DT,1998-11,1998-11-30,21,0.0
DT,1998-12,1998-12-30,20,1.0
DT,1999-01,1999-01-29,20,2.0
DT,1999-02,1999-02-26,19,2.0
DT,1999-03,1999-03-31,23,0.0
DT,1999-04,1999-04-30,20,0.0
DT,1999-05,1999-05-31,19,0.0
DT,1999-06,1999-06-30,20,0.0
DT,1999-07,1999-07-30,22,1.0
DT,1999-08,1999-08-31,22,0.0
DT,1999-09,1999-09-30,22,0.0
DT,1999-10,1999-10-29,21,2.0
DT,1999-11,1999-11-30,22,0.0
DT,1999-12,1999-12-30,21,1.0
DT,2000-01,2000-01-31,21,0.0
DT,2000-02,2000-02-29,20,0.0
DT,2000-03,2000-03-31,23,0.0
DT,2000-04,2000-04-28,18,2.0
DT,2000-05,2000-05-31,22,0.0
DT,2000-06,2000-06-30,22,0.0
DT,2000-07,2000-07-31,21,0.0
DT,2000-08,2000-08-31,23,0.0
DT,2000-09,2000-09-29,21,1.0
DT,2000-10,2000-10-31,22,0.0
DT,2000-11,2000-11-30,22,0.0
DT,2000-12,2000-12-29,19,2.0
DT,2001-01,2001-01-31,22,0.0
DT,2001-02,2001-02-28,20,0.0
DT,2001-03,2001-03-30,22,1.0
DT,2001-04,2001-04-30,19,0.0
DT,2001-05,2001-05-31,22,0.0
DT,2001-06,2001-06-29,21,1.0
DT,2001-07,2001-07-31,21,0.0
DT,2001-08,2001-08-31,23,0.0
DT,2001-09,2001-09-28,20,2.0
DT,2001-10,2001-10-31,23,0.0
DT,2001-11,2001-11-30,22,0.0
DT,2001-12,2001-12-28,17,3.0
DT,2002-01,2002-01-31,22,0.0
DT,2002-02,2002-02-28,20,0.0
DT,2002-03,2002-03-28,20,3.0
DT,2002-04,2002-04-30,21,0.0
DT,2002-05,2002-05-31,21,0.0
DT,2002-06,2002-06-28,20,2.0
DT,2002-07,2002-07-31,23,0.0
DT,2002-08,2002-08-30,22,1.0
DT,2002-09,2002-09-30,21,0.0
DT,2002-10,2002-10-31,23,0.0
DT,2002-11,2002-11-29,21,1.0
DT,2002-12,2002-12-30,18,1.0
DT,2003-01,2003-01-31,22,0.0
DT,2003-02,2003-02-28,20,0.0
DT,2003-03,2003-03-31,21,0.0
DT,2003-04,2003-04-30,20,0.0
DT,2003-05,2003-05-30,21,1.0
DT,2003-06,2003-06-30,21,0.0
DT,2003-07,2003-07-31,23,0.0
DT,2003-08,2003-08-29,21,2.0
DT,2003-09,2003-09-30,22,0.0
DT,2003-10,2003-10-31,23,0.0
DT,2003-11,2003-11-28,20,2.0
DT,2003-12,2003-12-30,20,1.0
DT,2004-01,2004-01-30,21,1.0
DT,2004-02,2004-02-27,20,2.0
DT,2004-03,2004-03-31,23,0.0
DT,2004-04,2004-04-30,20,0.0
DT,2004-05,2004-05-31,21,0.0
DT,2004-06,2004-06-30,22,0.0
DT,2004-07,2004-07-30,22,1.0
DT,2004-08,2004-08-31,22,0.0
DT,2004-09,2004-09-30,22,0.0
DT,2004-10,2004-10-29,21,2.0
DT,2004-11,2004-11-30,22,0.0
DT,2004-12,2004-12-30,21,1.0
DT,2005-01,2005-01-31,21,0.0
DT,2005-02,2005-02-28,20,0.0
DT,2005-03,2005-03-31,21,0.0
DT,2005-04,2005-04-29,21,1.0
DT,2005-05,2005-05-31,22,0.0
DT,2005-06,2005-06-30,22,0.0
DT,2005-07,2005-07-29,21,2.0
DT,2005-08,2005-08-31,23,0.0
DT,2005-09,2005-09-30,22,0.0
DT,2005-10,2005-10-31,21,0.0
DT,2005-11,2005-11-30,22,0.0
DT,2005-12,2005-12-30,21,1.0
DT,2006-01,2006-01-31,22,0.0
DT,2006-02,2006-02-28,20,0.0
DT,2006-03,2006-03-31,23,0.0
DT,2006-04,2006-04-28,18,2.0
DT,2006-05,2006-05-31,22,0.0
DT,2006-06,2006-06-30,22,0.0
DT,2006-07,2006-07-31,21,0.0
DT,2006-08,2006-08-31,23,0.0
DT,2006-09,2006-09-29,21,1.0
DT,2006-10,2006-10-31,22,0.0
DT,2006-11,2006-11-30,22,0.0
DT,2006-12,2006-12-29,19,2.0
DT,2007-01,2007-01-31,22,0.0
DT,2007-02,2007-02-28,20,0.0
DT,2007-03,2007-03-30,22,1.0
DT,2007-04,2007-04-30,19,0.0
DT,2007-05,2007-05-31,21,0.0
DT,2007-06,2007-06-29,21,1.0
DT,2007-07,2007-07-31,22,0.0
DT,2007-08,2007-08-31,23,0.0
DT,2007-09,2007-09-28,20,2.0
DT,2007-10,2007-10-31,23,0.0
DT,2007-11,2007-11-30,22,0.0
DT,2007-12,2007-12-28,17,3.0
DT,2008-01,2008-01-31,22,0.0
DT,2008-02,2008-02-29,21,0.0
DT,2008-03,2008-03-31,19,0.0
DT,2008-04,2008-04-30,22,0.0
DT,2008-05,2008-05-30,21,1.0
DT,2008-06,2008-06-30,21,0.0
DT,2008-07,2008-07-31,23,0.0
DT,2008-08,2008-08-29,21,2.0
DT,2008-09,2008-09-30,22,0.0
DT,2008-10,2008-10-31,23,0.0
DT,2008-11,2008-11-28,20,2.0
DT,2008-12,2008-12-30,19,1.0
DT,2009-01,2009-01-30,21,1.0
DT,2009-02,2009-02-27,20,1.0
DT,2009-03,2009-03-31,22,0.0
DT,2009-04,2009-04-30,20,0.0
DT,2009-05,2009-05-29,20,2.0
DT,2009-06,2009-06-30,22,0.0
DT,2009-07,2009-07-31,23,0.0
DT,2009-08,2009-08-31,21,0.0
DT,2009-09,2009-09-30,22,0.0
DT,2009-10,2009-10-30,22,1.0
DT,2009-11,2009-11-30,21,0.0
DT,2009-12,2009-12-30,20,1.0
DT,2010-01,2010-01-29,20,2.0
DT,2010-02,2010-02-26,20,2.0
DT,2010-03,2010-03-31,23,0.0
DT,2010-04,2010-04-30,20,0.0
DT,2010-05,2010-05-31,21,0.0
DT,2010-06,2010-06-30,22,0.0
DT,2010-07,2010-07-30,22,1.0
DT,2010-08,2010-08-31,22,0.0
DT,2010-09,2010-09-30,22,0.0
DT,2010-10,2010-10-29,21,2.0
DT,2010-11,2010-11-30,22,0.0
DT,2010-12,2010-12-30,21,1.0
DT,2011-01,2011-01-31,21,0.0
DT,2011-02,2011-02-28,20,0.0
DT,2011-03,2011-03-31,23,0.0
DT,2011-04,2011-04-29,19,1.0
DT,2011-05,2011-05-31,22,0.0
DT,2011-06,2011-06-30,22,0.0
DT,2011-07,2011-07-29,21,2.0
DT,2011-08,2011-08-31,23,0.0
DT,2011-09,2011-09-30,22,0.0
DT,2011-10,2011-10-31,21,0.0
DT,2011-11,2011-11-30,22,0.0
DT,2011-12,2011-12-30,21,1.0
DT,2012-01,2012-01-31,21,0.0
DT,2012-02,2012-02-29,21,0.0
DT,2012-03,2012-03-30,22,1.0
DT,2012-04,2012-04-30,19,0.0
DT,2012-05,2012-05-31,22,0.0
DT,2012-06,2012-06-29,21,1.0
DT,2012-07,2012-07-31,22,0.0
DT,2012-08,2012-08-31,23,0.0
DT,2012-09,2012-09-28,20,2.0
DT,2012-10,2012-10-31,23,0.0
DT,2012-11,2012-11-30,22,0.0
DT,2012-12,2012-12-28,17,3.0
DT,2013-01,2013-01-31,22,0.0
DT,2013-02,2013-02-28,20,0.0
DT,2013-03,2013-03-28,20,3.0
DT,2013-04,2013-04-30,21,0.0
DT,2013-05,2013-05-31,22,0.0
DT,2013-06,2013-06-28,20,2.0
DT,2013-07,2013-07-31,23,0.0
DT,2013-08,2013-08-30,22,1.0
DT,2013-09,2013-09-30,21,0.0
DT,2013-10,2013-10-31,23,0.0
DT,2013-11,2013-11-29,21,1.0
DT,2013-12,2013-12-30,18,1.0
DT,2014-01,2014-01-31,22,0.0
DT,2014-02,2014-02-28,20,0.0
DT,2014-03,2014-03-31,21,0.0
DT,2014-04,2014-04-30,20,0.0
DT,2014-05,2014-05-30,21,1.0
DT,2014-06,2014-06-30,21,0.0
DT,2014-07,2014-07-31,22,0.0
DT,2014-08,2014-08-29,21,2.0
DT,2014-09,2014-09-30,22,0.0
DT,2014-10,2014-10-31,23,0.0
DT,2014-11,2014-11-28,20,2.0
DT,2014-12,2014-12-30,19,1.0
EC,1969-01,,0,
EC,1969-02,,0,
EC,1969-03,,0,
EC,1969-04,,0,
EC,1969-05,,0,
EC,1969-06,,0,
EC,1969-07,,0,
EC,1969-08,,0,
EC,1969-09,,0,
EC,1969-10,,0,
EC,1969-11,,0,
EC,1969-12,,0,
EC,1970-01,,0,
EC,1970-02,,0,
EC,1970-03,,0,
EC,1970-04,,0,
EC,1970-05,,0,
EC,1970-06,,0,
EC,1970-07,,0,
EC,1970-08,,0,
EC,1970-09,,0,
EC,1970-10,,0,
EC,1970-11,,0,
EC,1970-12,,0,
EC,1971-01,,0,
EC,1971-02,,0,
EC,1971-03,,0,
EC,1971-04,,0,
EC,1971-05,,0,
EC,1971-06,,0,
EC,1971-07,,0,
EC,1971-08,,0,
EC,1971-09,,0,
EC,1971-10,,0,
EC,1971-11,,0,
EC,1971-12,,0,
EC,1972-01,,0,
EC,1972-02,,0,
EC,1972-03,,0,
EC,1972-04,,0,
EC,1972-05,,0,
EC,1972-06,,0,
EC,1972-07,,0,
EC,1972-08,,0,
EC,1972-09,,0,
EC,1972-10,,0,
EC,1972-11,,0,
EC,1972-12,,0,
EC,1973-01,,0,
EC,1973-02,,0,
EC,1973-03,,0,
EC,1973-04,,0,
EC,1973-05,,0,
EC,1973-06,,0,
EC,1973-07,,0,
EC,1973-08,,0,
EC,1973-09,,0,
EC,1973-10,,0,
EC,1973-11,,0,
EC,1973-12,,0,
EC,1974-01,,0,
EC,1974-02,,0,
EC,1974-03,,0,
EC,1974-04,,0,
EC,1974-05,,0,
EC,1974-06,,0,
EC,1974-07,,0,
EC,1974-08,,0,
EC,1974-09,,0,
EC,1974-10,,0,
EC,1974-11,,0,
EC,1974-12,,0,
EC,1975-01,,0,
EC,1975-02,,0,
EC,1975-03,,0,
EC,1975-04,,0,
EC,1975-05,,0,
EC,1975-06,,0,
EC,1975-07,,0,
EC,1975-08,,0,
EC,1975-09,,0,
EC,1975-10,,0,
EC,1975-11,,0,
EC,1975-12,,0,
EC,1976-01,,0,
EC,1976-02,,0,
EC,1976-03,,0,
EC,1976-04,,0,
EC,1976-05,,0,
EC,1976-06,,0,
EC,1976-07,,0,
EC,1976-08,,0,
EC,1976-09,,0,
EC,1976-10,,0,
EC,1976-11,,0,
EC,1976-12,,0,
EC,1977-01,,0,
EC,1977-02,,0,
EC,1977-03,,0,
EC,1977-04,,0,
EC,1977-05,,0,
EC,1977-06,,0,
EC,1977-07,,0,
EC,1977-08,,0,
EC,1977-09,,0,
EC,1977-10,,0,
EC,1977-11,,0,
EC,1977-12,,0,
EC,1978-01,,0,
EC,1978-02,,0,
EC,1978-03,,0,
EC,1978-04,,0,
EC,1978-05,,0,
EC,1978-06,,0,
EC,1978-07,,0,
EC,1978-08,,0,
EC,1978-09,,0,
EC,1978-10,,0,
EC,1978-11,,0,
EC,1978-12,,0,
EC,1979-01,,0,
EC,1979-02,,0,
EC,1979-03,,0,
EC,1979-04,,0,
EC,1979-05,,0,
EC,1979-06,,0,
EC,1979-07,,0,
EC,1979-08,,0,
EC,1979-09,,0,
EC,1979-10,,0,
EC,1979-11,,0,
EC,1979-12,,0,
EC,1980-01,,0,
EC,1980-02,,0,
EC,1980-03,,0,
EC,1980-04,,0,
EC,1980-05,,0,
EC,1980-06,,0,
EC,1980-07,,0,
EC,1980-08,,0,
EC,1980-09,,0,
EC,1980-10,,0,
EC,1980-11,,0,
EC,1980-12,,0,
EC,1981-01,,0,
EC,1981-02,,0,
EC,1981-03,,0,
EC,1981-04,,0,
EC,1981-05,,0,
EC,1981-06,,0,
EC,1981-07,,0,
EC,1981-08,,0,
EC,1981-09,,0,
EC,1981-10,,0,
EC,1981-11,,0,
EC,1981-12,,0,
EC,1982-01,,0,
EC,1982-02,1982-02-26,19,2.0
EC,1982-03,1982-03-31,23,0.0
EC,1982-04,1982-04-30,21,0.0
EC,1982-05,1982-05-28,20,3.0
EC,1982-06,1982-06-30,22,0.0
EC,1982-07,1982-07-30,21,1.0
EC,1982-08,1982-08-31,22,0.0
EC,1982-09,1982-09-30,21,0.0
EC,1982-10,1982-10-29,21,2.0
EC,1982-11,1982-11-30,21,0.0
EC,1982-12,1982-12-31,22,0.0
EC,1983-01,1983-01-31,21,0.0
EC,1983-02,1983-02-28,19,0.0
EC,1983-03,1983-03-31,23,0.0
EC,1983-04,1983-04-29,20,1.0
EC,1983-05,1983-05-31,21,0.0
EC,1983-06,1983-06-30,22,0.0
EC,1983-07,1983-07-29,20,2.0
EC,1983-08,1983-08-31,23,0.0
EC,1983-09,1983-09-30,21,0.0
EC,1983-10,1983-10-31,21,0.0
EC,1983-11,1983-11-30,20,0.0
EC,1983-12,1983-12-30,21,1.0
EC,1984-01,1984-01-31,21,0.0
EC,1984-02,1984-02-29,20,0.0
EC,1984-03,1984-03-30,22,1.0
EC,1984-04,1984-04-30,20,0.0
EC,1984-05,1984-05-31,22,0.0
EC,1984-06,1984-06-29,21,1.0
EC,1984-07,1984-07-31,21,0.0
EC,1984-08,1984-08-31,23,0.0
EC,1984-09,1984-09-28,19,2.0
EC,1984-10,1984-10-31,23,0.0
EC,1984-11,1984-11-30,21,0.0
EC,1984-12,1984-12-31,20,0.0
EC,1985-01,1985-01-31,22,0.0
EC,1985-02,1985-02-28,19,0.0
EC,1985-03,1985-03-29,21,2.0
EC,1985-04,1985-04-30,21,0.0
EC,1985-05,1985-05-31,22,0.0
EC,1985-06,1985-06-28,20,2.0
EC,1985-07,1985-07-31,22,0.0
EC,1985-08,1985-08-30,22,1.0
EC,1985-09,1985-09-30,20,0.0
EC,1985-10,1985-10-31,23,0.0
EC,1985-11,1985-11-29,20,1.0
EC,1985-12,1985-12-31,21,0.0
EC,1986-01,1986-01-31,22,0.0
EC,1986-02,1986-02-28,19,0.0
EC,1986-03,1986-03-31,20,0.0
EC,1986-04,1986-04-30,22,0.0
EC,1986-05,1986-05-30,21,1.0
EC,1986-06,1986-06-30,21,0.0
EC,1986-07,1986-07-31,22,0.0
EC,1986-08,1986-08-29,21,2.0
EC,1986-09,1986-09-30,21,0.0
EC,1986-10,1986-10-31,23,0.0
EC,1986-11,1986-11-28,19,2.0
EC,1986-12,1986-12-31,22,0.0
EC,1987-01,1987-01-30,21,1.0
EC,1987-02,1987-02-27,19,1.0
EC,1987-03,1987-03-31,22,0.0
EC,1987-04,1987-04-30,21,0.0
EC,1987-05,1987-05-29,20,2.0
EC,1987-06,1987-06-30,22,0.0
EC,1987-07,1987-07-31,22,0.0
EC,1987-08,1987-08-31,21,0.0
EC,1987-09,1987-09-30,21,0.0
EC,1987-10,1987-10-30,22,1.0
EC,1987-11,1987-11-30,20,0.0
EC,1987-12,1987-12-31,22,0.0
EC,1988-01,1988-01-29,20,2.0
EC,1988-02,1988-02-29,20,0.0
EC,1988-03,1988-03-31,23,0.0
EC,1988-04,1988-04-29,20,1.0
EC,1988-05,1988-05-31,21,0.0
EC,1988-06,1988-06-30,22,0.0
EC,1988-07,1988-07-29,20,2.0
EC,1988-08,1988-08-31,23,0.0
EC,1988-09,1988-09-30,21,0.0
EC,1988-10,1988-10-31,21,0.0
EC,1988-11,1988-11-30,21,0.0
EC,1988-12,1988-12-30,21,1.0
EC,1989-01,1989-01-31,21,0.0
EC,1989-02,1989-02-28,19,0.0
EC,1989-03,1989-03-31,22,0.0
EC,1989-04,1989-04-28,20,2.0
EC,1989-05,1989-05-31,22,0.0
EC,1989-06,1989-06-30,22,0.0
EC,1989-07,1989-07-31,20,0.0
EC,1989-08,1989-08-31,23,0.0
EC,1989-09,1989-09-29,20,1.0
EC,1989-10,1989-10-31,22,0.0
EC,1989-11,1989-11-30,21,0.0
EC,1989-12,1989-12-29,20,2.0
EC,1990-01,1990-01-31,22,0.0
EC,1990-02,1990-02-28,19,0.0
EC,1990-03,1990-03-30,22,1.0
EC,1990-04,1990-04-30,20,0.0
EC,1990-05,1990-05-31,22,0.0
EC,1990-06,1990-06-29,21,1.0
EC,1990-07,1990-07-31,21,0.0
EC,1990-08,1990-08-31,23,0.0
EC,1990-09,1990-09-28,19,2.0
EC,1990-10,1990-10-31,23,0.0
EC,1990-11,1990-11-30,21,0.0
EC,1990-12,1990-12-31,20,0.0
EC,1991-01,1991-01-31,22,0.0
EC,1991-02,1991-02-28,19,0.0
EC,1991-03,1991-03-28,20,3.0
EC,1991-04,1991-04-30,22,0.0
EC,1991-05,1991-05-31,22,0.0
EC,1991-06,1991-06-28,20,2.0
EC,1991-07,1991-07-31,22,0.0
EC,1991-08,1991-08-30,22,1.0
EC,1991-09,1991-09-30,20,0.0
EC,1991-10,1991-10-31,23,0.0
EC,1991-11,1991-11-29,20,1.0
EC,1991-12,1991-12-31,21,0.0
EC,1992-01,1992-01-31,22,0.0
EC,1992-02,1992-02-28,19,1.0
EC,1992-03,1992-03-31,22,0.0
EC,1992-04,1992-04-30,21,0.0
EC,1992-05,1992-05-29,20,2.0
EC,1992-06,1992-06-30,22,0.0
EC,1992-07,1992-07-31,22,0.0
EC,1992-08,1992-08-31,21,0.0
EC,1992-09,1992-09-30,21,0.0
EC,1992-10,1992-10-30,22,1.0
EC,1992-11,1992-11-30,20,0.0
EC,1992-12,1992-12-31,22,0.0
EC,1993-01,1993-01-29,20,2.0
EC,1993-02,1993-02-26,19,2.0
EC,1993-03,1993-03-31,23,0.0
EC,1993-04,1993-04-30,21,0.0
EC,1993-05,1993-05-28,20,3.0
EC,1993-06,1993-06-30,22,0.0
EC,1993-07,1993-07-30,21,1.0
EC,1993-08,1993-08-31,22,0.0
EC,1993-09,1993-09-30,21,0.0
EC,1993-10,1993-10-29,21,2.0
EC,1993-11,1993-11-30,21,0.0
EC,1993-12,1993-12-31,22,0.0
EC,1994-01,1994-01-31,21,0.0
EC,1994-02,1994-02-28,19,0.0
EC,1994-03,1994-03-31,23,0.0
EC,1994-04,1994-04-29,20,1.0
EC,1994-05,1994-05-31,21,0.0
EC,1994-06,1994-06-30,22,0.0
EC,1994-07,1994-07-29,20,2.0
EC,1994-08,1994-08-31,23,0.0
EC,1994-09,1994-09-30,21,0.0
EC,1994-10,1994-10-31,21,0.0
EC,1994-11,1994-11-30,21,0.0
EC,1994-12,1994-12-30,21,1.0
EC,1995-01,1995-01-31,21,0.0
EC,1995-02,1995-02-28,19,0.0
EC,1995-03,1995-03-31,23,0.0
EC,1995-04,1995-04-28,19,2.0
EC,1995-05,1995-05-31,22,0.0
EC,1995-06,1995-06-30,22,0.0
EC,1995-07,1995-07-31,20,0.0
EC,1995-08,1995-08-31,23,0.0
EC,1995-09,1995-09-29,20,1.0
EC,1995-10,1995-10-31,22,0.0
EC,1995-11,1995-11-30,21,0.0
EC,1995-12,1995-12-29,20,2.0
EC,1996-01,1996-01-31,22,0.0
EC,1996-02,1996-02-29,20,0.0
EC,1996-03,1996-03-29,21,2.0
EC,1996-04,1996-04-30,22,0.0
EC,1996-05,1996-05-31,22,0.0
EC,1996-06,1996-06-28,20,2.0
EC,1996-07,1996-07-31,22,0.0
EC,1996-08,1996-08-30,22,1.0
EC,1996-09,1996-09-30,20,0.0
EC,1996-10,1996-10-31,23,0.0
EC,1996-11,1996-11-29,20,1.0
EC,1996-12,1996-12-31,21,0.0
EC,1997-01,1997-01-31,21,0.0
EC,1997-02,1997-02-28,19,0.0
EC,1997-03,1997-03-31,20,0.0
EC,1997-04,1997-04-30,22,0.0
EC,1997-05,1997-05-30,21,1.0
EC,1997-06,1997-06-30,21,0.0
EC,1997-07,1997-07-31,22,0.0
EC,1997-08,1997-08-29,21,2.0
EC,1997-09,1997-09-30,21,0.0
EC,1997-10,1997-10-31,22,0.0
EC,1997-11,1997-11-28,18,2.0
EC,1997-12,1997-12-31,22,0.0
EC,1998-01,1998-01-30,20,1.0
EC,1998-02,1998-02-27,19,1.0
EC,1998-03,1998-03-31,22,0.0
EC,1998-04,1998-04-30,21,0.0
EC,1998-05,1998-05-29,20,2.0
EC,1998-06,1998-06-30,22,0.0
EC,1998-07,1998-07-31,22,0.0
EC,1998-08,1998-08-31,21,0.0
EC,1998-09,1998-09-30,21,0.0
EC,1998-10,1998-10-30,21,1.0
EC,1998-11,1998-11-30,20,0.0
EC,1998-12,1998-12-31,22,0.0
EC,1999-01,1999-01-29,19,2.0
EC,1999-02,1999-02-26,19,2.0
EC,1999-03,1999-03-31,23,0.0
EC,1999-04,1999-04-30,22,0.0
EC,1999-05,1999-05-28,20,3.0
EC,1999-06,1999-06-30,22,0.0
EC,1999-07,1999-07-30,21,1.0
EC,1999-08,1999-08-31,22,0.0
EC,1999-09,1999-09-30,21,0.0
EC,1999-10,1999-10-29,20,2.0
EC,1999-11,1999-11-30,20,0.0
EC,1999-12,1999-12-31,22,0.0
EC,2000-01,2000-01-31,20,0.0
EC,2000-02,2000-02-29,20,0.0
EC,2000-03,2000-03-31,23,0.0
EC,2000-04,2000-04-28,19,2.0
EC,2000-05,2000-05-31,22,0.0
EC,2000-06,2000-06-30,22,0.0
EC,2000-07,2000-07-31,20,0.0
EC,2000-08,2000-08-31,23,0.0
EC,2000-09,2000-09-29,20,1.0
EC,2000-10,2000-10-31,21,0.0
EC,2000-11,2000-11-30,21,0.0
EC,2000-12,2000-12-29,20,2.0
EC,2001-01,2001-01-31,21,0.0
EC,2001-02,2001-02-28,19,0.0
EC,2001-03,2001-03-30,22,1.0
EC,2001-04,2001-04-30,20,0.0
EC,2001-05,2001-05-31,22,0.0
EC,2001-06,2001-06-29,21,1.0
EC,2001-07,2001-07-31,21,0.0
EC,2001-08,2001-08-31,23,0.0
EC,2001-09,2001-09-28,18,2.0
EC,2001-10,2001-10-31,22,0.0
EC,2001-11,2001-11-30,20,0.0
EC,2001-12,2001-12-31,20,0.0
EC,2002-01,2002-01-31,21,0.0
EC,2002-02,2002-02-28,19,0.0
EC,2002-03,2002-03-28,20,3.0
EC,2002-04,2002-04-30,22,0.0
EC,2002-05,2002-05-31,22,0.0
EC,2002-06,2002-06-28,20,2.0
EC,2002-07,2002-07-31,22,0.0
EC,2002-08,2002-08-30,22,1.0
EC,2002-09,2002-09-30,20,0.0
EC,2002-10,2002-10-31,22,0.0
EC,2002-11,2002-11-29,19,1.0
EC,2002-12,2002-12-31,21,0.0
EC,2003-01,2003-01-31,21,0.0
EC,2003-02,2003-02-28,19,0.0
EC,2003-03,2003-03-31,21,0.0
EC,2003-04,2003-04-30,21,0.0
EC,2003-05,2003-05-30,21,1.0
EC,2003-06,2003-06-30,21,0.0
EC,2003-07,2003-07-31,22,0.0
EC,2003-08,2003-08-29,21,2.0
EC,2003-09,2003-09-30,21,0.0
EC,2003-10,2003-10-31,22,0.0
EC,2003-11,2003-11-28,18,2.0
EC,2003-12,2003-12-31,22,0.0
EC,2004-01,2004-01-30,20,1.0
EC,2004-02,2004-02-27,19,2.0
EC,2004-03,2004-03-31,23,0.0
EC,2004-04,2004-04-30,21,0.0
EC,2004-05,2004-05-28,20,3.0
EC,2004-06,2004-06-30,21,0.0
EC,2004-07,2004-07-30,21,1.0
EC,2004-08,2004-08-31,22,0.0
EC,2004-09,2004-09-30,21,0.0
EC,2004-10,2004-10-29,20,2.0
EC,2004-11,2004-11-30,20,0.0
EC,2004-12,2004-12-31,22,0.0
EC,2005-01,2005-01-31,20,0.0
EC,2005-02,2005-02-28,19,0.0
EC,2005-03,2005-03-31,22,0.0
EC,2005-04,2005-04-29,21,1.0
EC,2005-05,2005-05-31,21,0.0
EC,2005-06,2005-06-30,22,0.0
EC,2005-07,2005-07-29,20,2.0
EC,2005-08,2005-08-31,23,0.0
EC,2005-09,2005-09-30,21,0.0
EC,2005-10,2005-10-31,20,0.0
EC,2005-11,2005-11-30,20,0.0
EC,2005-12,2005-12-30,21,1.0
EC,2006-01,2006-01-31,20,0.0
EC,2006-02,2006-02-28,19,0.0
EC,2006-03,2006-03-31,23,0.0
EC,2006-04,2006-04-28,19,2.0
EC,2006-05,2006-05-31,22,0.0
EC,2006-06,2006-06-30,22,0.0
EC,2006-07,2006-07-31,20,0.0
EC,2006-08,2006-08-31,23,0.0
EC,2006-09,2006-09-29,20,1.0
EC,2006-10,2006-10-31,21,0.0
EC,2006-11,2006-11-30,21,0.0
EC,2006-12,2006-12-29,20,2.0
EC,2007-01,2007-01-31,21,0.0
EC,2007-02,2007-02-28,19,0.0
EC,2007-03,2007-03-30,22,1.0
EC,2007-04,2007-04-30,21,0.0
EC,2007-05,2007-05-31,22,0.0
EC,2007-06,2007-06-29,21,1.0
EC,2007-07,2007-07-31,21,0.0
EC,2007-08,2007-08-31,23,0.0
EC,2007-09,2007-09-28,19,2.0
EC,2007-10,2007-10-31,22,0.0
EC,2007-11,2007-11-30,20,0.0
EC,2007-12,2007-12-31,20,0.0
EC,2008-01,2008-01-31,21,0.0
EC,2008-02,2008-02-29,20,0.0
EC,2008-03,2008-03-31,20,0.0
EC,2008-04,2008-04-30,22,0.0
EC,2008-05,2008-05-30,21,1.0
EC,2008-06,2008-06-30,21,0.0
EC,2008-07,2008-07-31,23,0.0
EC,2008-08,2008-08-29,21,2.0
EC,2008-09,2008-09-30,21,0.0
EC,2008-10,2008-10-31,23,0.0
EC,2008-11,2008-11-28,19,2.0
EC,2008-12,2008-12-31,22,0.0
EC,2009-01,2009-01-30,20,1.0
EC,2009-02,2009-02-27,19,1.0
EC,2009-03,2009-03-31,22,0.0
EC,2009-04,2009-04-30,21,0.0
EC,2009-05,2009-05-29,20,2.0
EC,2009-06,2009-06-30,22,0.0
EC,2009-07,2009-07-31,22,0.0
EC,2009-08,2009-08-31,21,0.0
EC,2009-09,2009-09-30,21,0.0
EC,2009-10,2009-10-30,22,1.0
EC,2009-11,2009-11-30,20,0.0
EC,2009-12,2009-12-31,22,0.0
EC,2010-01,2010-01-29,19,2.0
EC,2010-02,2010-02-26,19,2.0
EC,2010-03,2010-03-31,23,0.0
EC,2010-04,2010-04-30,22,0.0
EC,2010-05,2010-05-28,20,3.0
EC,2010-06,2010-06-30,22,0.0
EC,2010-07,2010-07-30,21,1.0
EC,2010-08,2010-08-31,22,0.0
EC,2010-09,2010-09-30,21,0.0
EC,2010-10,2010-10-29,21,2.0
EC,2010-11,2010-11-30,21,0.0
EC,2010-12,2010-12-31,22,0.0
EC,2011-01,2011-01-31,20,0.0
EC,2011-02,2011-02-28,19,0.0
EC,2011-03,2011-03-31,23,0.0
EC,2011-04,2011-04-29,20,1.0
EC,2011-05,2011-05-31,21,0.0
EC,2011-06,2011-06-30,22,0.0
EC,2011-07,2011-07-29,20,2.0
EC,2011-08,2011-08-31,23,0.0
EC,2011-09,2011-09-30,21,0.0
EC,2011-10,2011-10-31,21,0.0
EC,2011-11,2011-11-30,21,0.0
EC,2011-12,2011-12-30,21,1.0
EC,2012-01,2012-01-31,20,0.0
EC,2012-02,2012-02-29,20,0.0
EC,2012-03,2012-03-30,22,1.0
EC,2012-04,2012-04-30,21,0.0
EC,2012-05,2012-05-31,22,0.0
EC,2012-06,2012-06-29,21,1.0
EC,2012-07,2012-07-31,21,0.0
EC,2012-08,2012-08-31,23,0.0
EC,2012-09,2012-09-28,19,2.0
EC,2012-10,2012-10-31,23,0.0
EC,2012-11,2012-11-30,21,0.0
EC,2012-12,2012-12-31,20,0.0
EC,2013-01,2013-01-31,21,0.0
EC,2013-02,2013-02-28,19,0.0
EC,2013-03,2013-03-28,20,3.0
EC,2013-04,2013-04-30,22,0.0
EC,2013-05,2013-05-31,22,0.0
EC,2013-06,2013-06-28,20,2.0
EC,2013-07,2013-07-31,22,0.0
EC,2013-08,2013-08-30,22,1.0
EC,2013-09,2013-09-30,20,0.0
EC,2013-10,2013-10-31,23,0.0
EC,2013-11,2013-11-29,20,1.0
EC,2013-12,2013-12-31,21,0.0
EC,2014-01,2014-01-31,21,0.0
EC,2014-02,2014-02-28,19,0.0
EC,2014-03,2014-03-31,21,0.0
EC,2014-04,2014-04-30,21,0.0
EC,2014-05,2014-05-30,21,1.0
EC,2014-06,2014-06-30,21,0.0
EC,2014-07,2014-07-31,22,0.0
EC,2014-08,2014-08-29,21,2.0
EC,2014-09,2014-09-30,21,0.0
EC,2014-10,2014-10-31,23,0.0
EC,2014-11,2014-11-28,19,2.0
EC,2014-12,2014-12-31,22,0.0
EN,1969-01,,0,
EN,1969-02,,0,
EN,1969-03,,0,
EN,1969-04,,0,
EN,1969-05,,0,
EN,1969-06,,0,
EN,1969-07,,0,
EN,1969-08,,0,
EN,1969-09,,0,
EN,1969-10,,0,
EN,1969-11,,0,
EN,1969-12,,0,
EN,1970-01,,0,
EN,1970-02,,0,
EN,1970-03,,0,
EN,1970-04,,0,
EN,1970-05,,0,
EN,1970-06,,0,
EN,1970-07,,0,
EN,1970-08,,0,
EN,1970-09,,0,
EN,1970-10,,0,
EN,1970-11,,0,
EN,1970-12,,0,
EN,1971-01,,0,
EN,1971-02,,0,
EN,1971-03,,0,
EN,1971-04,,0,
EN,1971-05,,0,
EN,1971-06,,0,
EN,1971-07,,0,
EN,1971-08,,0,
EN,1971-09,,0,
EN,1971-10,,0,
EN,1971-11,,0,
EN,1971-12,,0,
EN,1972-01,,0,
EN,1972-02,,0,
EN,1972-03,,0,
EN,1972-04,,0,
EN,1972-05,,0,
EN,1972-06,,0,
EN,1972-07,,0,
EN,1972-08,,0,
EN,1972-09,,0,
EN,1972-10,,0,
EN,1972-11,,0,
EN,1972-12,,0,
EN,1973-01,,0,
EN,1973-02,,0,
EN,1973-03,,0,
EN,1973-04,,0,
EN,1973-05,,0,
EN,1973-06,,0,
EN,1973-07,,0,
EN,1973-08,,0,
EN,1973-09,,0,
EN,1973-10,,0,
EN,1973-11,,0,
EN,1973-12,,0,
EN,1974-01,,0,
EN,1974-02,,0,
EN,1974-03,,0,
EN,1974-04,,0,
EN,1974-05,,0,
EN,1974-06,,0,
EN,1974-07,,0,
EN,1974-08,,0,
EN,1974-09,,0,
EN,1974-10,,0,
EN,1974-11,,0,
EN,1974-12,,0,
EN,1975-01,,0,
EN,1975-02,,0,
EN,1975-03,,0,
EN,1975-04,,0,
EN,1975-05,,0,
EN,1975-06,,0,
EN,1975-07,,0,
EN,1975-08,,0,
EN,1975-09,,0,
EN,1975-10,,0,
EN,1975-11,,0,
EN,1975-12,,0,
EN,1976-01,,0,
EN,1976-02,,0,
EN,1976-03,,0,
EN,1976-04,,0,
EN,1976-05,,0,
EN,1976-06,,0,
EN,1976-07,,0,
EN,1976-08,,0,
EN,1976-09,,0,
EN,1976-10,,0,
EN,1976-11,,0,
EN,1976-12,,0,
EN,1977-01,,0,
EN,1977-02,,0,
EN,1977-03,,0,
EN,1977-04,,0,
EN,1977-05,,0,
EN,1977-06,,0,
EN,1977-07,,0,
EN,1977-08,,0,
EN,1977-09,,0,
EN,1977-10,,0,
EN,1977-11,,0,
EN,1977-12,,0,
EN,1978-01,,0,
EN,1978-02,,0,
EN,1978-03,,0,
EN,1978-04,,0,
EN,1978-05,,0,
EN,1978-06,,0,
EN,1978-07,,0,
EN,1978-08,,0,
EN,1978-09,,0,
EN,1978-10,,0,
EN,1978-11,,0,
EN,1978-12,,0,
EN,1979-01,,0,
EN,1979-02,,0,
EN,1979-03,,0,
EN,1979-04,,0,
EN,1979-05,,0,
EN,1979-06,,0,
EN,1979-07,,0,
EN,1979-08,,0,
EN,1979-09,,0,
EN,1979-10,,0,
EN,1979-11,,0,
EN,1979-12,,0,
EN,1980-01,,0,
EN,1980-02,,0,
EN,1980-03,,0,
EN,1980-04,,0,
EN,1980-05,,0,
EN,1980-06,,0,
EN,1980-07,,0,
EN,1980-08,,0,
EN,1980-09,,0,
EN,1980-10,,0,
EN,1980-11,,0,
EN,1980-12,,0,
EN,1981-01,,0,
EN,1981-02,,0,
EN,1981-03,,0,
EN,1981-04,,0,
EN,1981-05,,0,
EN,1981-06,,0,
EN,1981-07,,0,
EN,1981-08,,0,
EN,1981-09,,0,
EN,1981-10,,0,
EN,1981-11,,0,
EN,1981-12,,0,
EN,1982-01,,0,
EN,1982-02,,0,
EN,1982-03,,0,
EN,1982-04,,0,
EN,1982-05,,0,
EN,1982-06,,0,
EN,1982-07,,0,
EN,1982-08,,0,
EN,1982-09,,0,
EN,1982-10,,0,
EN,1982-11,,0,
EN,1982-12,,0,
EN,1983-01,,0,
EN,1983-02,,0,
EN,1983-03,,0,
EN,1983-04,,0,
EN,1983-05,,0,
EN,1983-06,,0,
EN,1983-07,,0,
EN,1983-08,,0,
EN,1983-09,,0,
EN,1983-10,,0,
EN,1983-11,,0,
EN,1983-12,,0,
EN,1984-01,,0,
EN,1984-02,,0,
EN,1984-03,,0,
EN,1984-04,,0,
EN,1984-05,,0,
EN,1984-06,,0,
EN,1984-07,,0,
EN,1984-08,,0,
EN,1984-09,,0,
EN,1984-10,,0,
EN,1984-11,,0,
EN,1984-12,,0,
EN,1985-01,,0,
EN,1985-02,,0,
EN,1985-03,,0,
EN,1985-04,,0,
EN,1985-05,,0,
EN,1985-06,,0,
EN,1985-07,,0,
EN,1985-08,,0,
EN,1985-09,,0,
EN,1985-10,,0,
EN,1985-11,,0,
EN,1985-12,,0,
EN,1986-01,,0,
EN,1986-02,,0,
EN,1986-03,,0,
EN,1986-04,,0,
EN,1986-05,,0,
EN,1986-06,,0,
EN,1986-07,,0,
EN,1986-08,,0,
EN,1986-09,,0,
EN,1986-10,,0,
EN,1986-11,,0,
EN,1986-12,,0,
EN,1987-01,,0,
EN,1987-02,,0,
EN,1987-03,,0,
EN,1987-04,,0,
EN,1987-05,,0,
EN,1987-06,,0,
EN,1987-07,,0,
EN,1987-08,,0,
EN,1987-09,,0,
EN,1987-10,,0,
EN,1987-11,,0,
EN,1987-12,,0,
EN,1988-01,,0,
EN,1988-02,,0,
EN,1988-03,,0,
EN,1988-04,,0,
EN,1988-05,,0,
EN,1988-06,,0,
EN,1988-07,,0,
EN,1988-08,,0,
EN,1988-09,,0,
EN,1988-10,,0,
EN,1988-11,,0,
EN,1988-12,,0,
EN,1989-01,,0,
EN,1989-02,,0,
EN,1989-03,,0,
EN,1989-04,,0,
EN,1989-05,,0,
EN,1989-06,,0,
EN,1989-07,,0,
EN,1989-08,,0,
EN,1989-09,,0,
EN,1989-10,,0,
EN,1989-11,,0,
EN,1989-12,,0,
EN,1990-01,,0,
EN,1990-02,,0,
EN,1990-03,,0,
EN,1990-04,,0,
EN,1990-05,,0,
EN,1990-06,,0,
EN,1990-07,,0,
EN,1990-08,,0,
EN,1990-09,,0,
EN,1990-10,,0,
EN,1990-11,,0,
EN,1990-12,,0,
EN,1991-01,,0,
EN,1991-02,,0,
EN,1991-03,,0,
EN,1991-04,,0,
EN,1991-05,,0,
EN,1991-06,,0,
EN,1991-07,,0,
EN,1991-08,,0,
EN,1991-09,,0,
EN,1991-10,,0,
EN,1991-11,,0,
EN,1991-12,,0,
EN,1992-01,,0,
EN,1992-02,,0,
EN,1992-03,,0,
EN,1992-04,,0,
EN,1992-05,,0,
EN,1992-06,,0,
EN,1992-07,,0,
EN,1992-08,,0,
EN,1992-09,,0,
EN,1992-10,,0,
EN,1992-11,,0,
EN,1992-12,,0,
EN,1993-01,,0,
EN,1993-02,,0,
EN,1993-03,,0,
EN,1993-04,,0,
EN,1993-05,,0,
EN,1993-06,,0,
EN,1993-07,,0,
EN,1993-08,,0,
EN,1993-09,,0,
EN,1993-10,,0,
EN,1993-11,,0,
EN,1993-12,,0,
EN,1994-01,,0,
EN,1994-02,,0,
EN,1994-03,,0,
EN,1994-04,,0,
EN,1994-05,,0,
EN,1994-06,,0,
EN,1994-07,,0,
EN,1994-08,,0,
EN,1994-09,,0,
EN,1994-10,,0,
EN,1994-11,,0,
EN,1994-12,,0,
EN,1995-01,,0,
EN,1995-02,,0,
EN,1995-03,,0,
EN,1995-04,,0,
EN,1995-05,,0,
EN,1995-06,,0,
EN,1995-07,,0,
EN,1995-08,,0,
EN,1995-09,,0,
EN,1995-10,,0,
EN,1995-11,,0,
EN,1995-12,,0,
EN,1996-01,,0,
EN,1996-02,,0,
EN,1996-03,,0,
EN,1996-04,,0,
EN,1996-05,,0,
EN,1996-06,,0,
EN,1996-07,,0,
EN,1996-08,,0,
EN,1996-09,,0,
EN,1996-10,,0,
EN,1996-11,,0,
EN,1996-12,,0,
EN,1997-01,,0,
EN,1997-02,,0,
EN,1997-03,,0,
EN,1997-04,,0,
EN,1997-05,,0,
EN,1997-06,,0,
EN,1997-07,,0,
EN,1997-08,,0,
EN,1997-09,,0,
EN,1997-10,,0,
EN,1997-11,,0,
EN,1997-12,,0,
EN,1998-01,,0,
EN,1998-02,,0,
EN,1998-03,,0,
EN,1998-04,,0,
EN,1998-05,,0,
EN,1998-06,,0,
EN,1998-07,,0,
EN,1998-08,,0,
EN,1998-09,,0,
EN,1998-10,,0,
EN,1998-11,,0,
EN,1998-12,,0,
EN,1999-01,,0,
EN,1999-02,,0,
EN,1999-03,,0,
EN,1999-04,,0,
EN,1999-05,,0,
EN,1999-06,1999-06-30,8,0.0
EN,1999-07,1999-07-30,21,1.0
EN,1999-08,1999-08-31,22,0.0
EN,1999-09,1999-09-30,21,0.0
EN,1999-10,1999-10-29,21,2.0
EN,1999-11,1999-11-30,21,0.0
EN,1999-12,1999-12-31,22,0.0
EN,2000-01,2000-01-31,20,0.0
EN,2000-02,2000-02-29,20,0.0
EN,2000-03,2000-03-31,23,0.0
EN,2000-04,2000-04-28,19,2.0
EN,2000-05,2000-05-31,23,0.0
EN,2000-06,2000-06-30,22,0.0
EN,2000-07,2000-07-31,20,0.0
EN,2000-08,2000-08-31,23,0.0
EN,2000-09,2000-09-29,20,1.0
EN,2000-10,2000-10-31,22,0.0
EN,2000-11,2000-11-30,21,0.0
EN,2000-12,2000-12-29,20,2.0
EN,2001-01,2001-01-31,21,0.0
EN,2001-02,2001-02-28,19,0.0
EN,2001-03,2001-03-30,22,1.0
EN,2001-04,2001-04-30,20,0.0
EN,2001-05,2001-05-31,22,0.0
EN,2001-06,2001-06-29,21,1.0
EN,2001-07,2001-07-31,21,0.0
EN,2001-08,2001-08-31,23,0.0
EN,2001-09,2001-09-28,16,2.0
EN,2001-10,2001-10-31,23,0.0
EN,2001-11,2001-11-30,21,0.0
EN,2001-12,2001-12-31,20,0.0
EN,2002-01,2002-01-31,21,0.0
EN,2002-02,2002-02-28,19,0.0
EN,2002-03,2002-03-28,20,3.0
EN,2002-04,2002-04-30,22,0.0
EN,2002-05,2002-05-31,22,0.0
EN,2002-06,2002-06-28,20,2.0
EN,2002-07,2002-07-31,22,0.0
EN,2002-08,2002-08-30,22,1.0
EN,2002-09,2002-09-30,20,0.0
EN,2002-10,2002-10-31,23,0.0
EN,2002-11,2002-11-29,20,1.0
EN,2002-12,2002-12-31,21,0.0
EN,2003-01,2003-01-31,21,0.0
EN,2003-02,2003-02-28,19,0.0
EN,2003-03,2003-03-31,21,0.0
EN,2003-04,2003-04-30,21,0.0
EN,2003-05,2003-05-30,21,1.0
EN,2003-06,2003-06-30,21,0.0
EN,2003-07,2003-07-31,22,0.0
EN,2003-08,2003-08-29,21,2.0
EN,2003-09,2003-09-30,21,0.0
EN,2003-10,2003-10-31,23,0.0
EN,2003-11,2003-11-28,19,2.0
EN,2003-12,2003-12-31,22,0.0
EN,2004-01,2004-01-30,20,1.0
EN,2004-02,2004-02-27,19,2.0
EN,2004-03,2004-03-31,23,0.0
EN,2004-04,2004-04-30,21,0.0
EN,2004-05,2004-05-28,20,3.0
EN,2004-06,2004-06-30,21,0.0
EN,2004-07,2004-07-30,21,1.0
EN,2004-08,2004-08-31,22,0.0
EN,2004-09,2004-09-30,21,0.0
EN,2004-10,2004-10-29,21,2.0
EN,2004-11,2004-11-30,21,0.0
EN,2004-12,2004-12-31,22,0.0
EN,2005-01,2005-01-31,20,0.0
EN,2005-02,2005-02-28,19,0.0
EN,2005-03,2005-03-31,22,0.0
EN,2005-04,2005-04-29,21,1.0
EN,2005-05,2005-05-31,21,0.0
EN,2005-06,2005-06-30,22,0.0
EN,2005-07,2005-07-29,20,2.0
EN,2005-08,2005-08-31,23,0.0
EN,2005-09,2005-09-30,21,0.0
EN,2005-10,2005-10-31,21,0.0
EN,2005-11,2005-11-30,21,0.0
EN,2005-12,2005-12-30,21,1.0
EN,2006-01,2006-01-31,20,0.0
EN,2006-02,2006-02-28,19,0.0
EN,2006-03,2006-03-31,23,0.0
EN,2006-04,2006-04-28,19,2.0
EN,2006-05,2006-05-31,22,0.0
EN,2006-06,2006-06-30,22,0.0
EN,2006-07,2006-07-31,20,0.0
EN,2006-08,2006-08-31,23,0.0
EN,2006-09,2006-09-29,20,1.0
EN,2006-10,2006-10-31,22,0.0
EN,2006-11,2006-11-30,21,0.0
EN,2006-12,2006-12-29,20,2.0
EN,2007-01,2007-01-31,20,0.0
EN,2007-02,2007-02-28,19,0.0
EN,2007-03,2007-03-30,22,1.0
EN,2007-04,2007-04-30,20,0.0
EN,2007-05,2007-05-31,22,0.0
EN,2007-06,2007-06-29,21,1.0
EN,2007-07,2007-07-31,21,0.0
EN,2007-08,2007-08-31,23,0.0
EN,2007-09,2007-09-28,19,2.0
EN,2007-10,2007-10-31,23,0.0
EN,2007-11,2007-11-30,21,0.0
EN,2007-12,2007-12-31,20,0.0
EN,2008-01,2008-01-31,21,0.0
EN,2008-02,2008-02-29,20,0.0
EN,2008-03,2008-03-31,20,0.0
EN,2008-04,2008-04-30,22,0.0
EN,2008-05,2008-05-30,21,1.0
EN,2008-06,2008-06-30,21,0.0
EN,2008-07,2008-07-31,22,0.0
EN,2008-08,2008-08-29,21,2.0
EN,2008-09,2008-09-30,21,0.0
EN,2008-10,2008-10-31,23,0.0
EN,2008-11,2008-11-28,19,2.0
EN,2008-12,2008-12-31,22,0.0
EN,2009-01,2009-01-30,20,1.0
EN,2009-02,2009-02-27,19,1.0
EN,2009-03,2009-03-31,22,0.0
EN,2009-04,2009-04-30,21,0.0
EN,2009-05,2009-05-29,20,2.0
EN,2009-06,2009-06-30,22,0.0
EN,2009-07,2009-07-31,23,0.0
EN,2009-08,2009-08-31,21,0.0
EN,2009-09,2009-09-30,21,0.0
EN,2009-10,2009-10-30,22,1.0
EN,2009-11,2009-11-30,20,0.0
EN,2009-12,2009-12-31,22,0.0
EN,2010-01,2010-01-29,19,2.0
EN,2010-02,2010-02-26,19,2.0
EN,2010-03,2010-03-31,23,0.0
EN,2010-04,2010-04-30,21,0.0
EN,2010-05,2010-05-28,20,3.0
EN,2010-06,2010-06-30,22,0.0
EN,2010-07,2010-07-30,21,1.0
EN,2010-08,2010-08-31,22,0.0
EN,2010-09,2010-09-30,21,0.0
EN,2010-10,2010-10-29,21,2.0
EN,2010-11,2010-11-30,21,0.0
EN,2010-12,2010-12-31,22,0.0
EN,2011-01,2011-01-31,20,0.0
EN,2011-02,2011-02-28,19,0.0
EN,2011-03,2011-03-31,23,0.0
EN,2011-04,2011-04-29,20,1.0
EN,2011-05,2011-05-31,21,0.0
EN,2011-06,2011-06-30,22,0.0
EN,2011-07,2011-07-29,20,2.0
EN,2011-08,2011-08-31,23,0.0
EN,2011-09,2011-09-30,21,0.0
EN,2011-10,2011-10-31,21,0.0
EN,2011-11,2011-11-30,21,0.0
EN,2011-12,2011-12-30,21,1.0
EN,2012-01,2012-01-31,20,0.0
EN,2012-02,2012-02-29,20,0.0
EN,2012-03,2012-03-30,22,1.0
EN,2012-04,2012-04-30,21,0.0
EN,2012-05,2012-05-31,22,0.0
EN,2012-06,2012-06-29,21,1.0
EN,2012-07,2012-07-31,21,0.0
EN,2012-08,2012-08-31,23,0.0
EN,2012-09,2012-09-28,19,2.0
EN,2012-10,2012-10-31,23,0.0
EN,2012-11,2012-11-30,21,0.0
EN,2012-12,2012-12-31,20,0.0
EN,2013-01,2013-01-31,21,0.0
EN,2013-02,2013-02-28,19,0.0
EN,2013-03,2013-03-28,20,3.0
EN,2013-04,2013-04-30,22,0.0
EN,2013-05,2013-05-31,22,0.0
EN,2013-06,2013-06-28,20,2.0
EN,2013-07,2013-07-31,22,0.0
EN,2013-08,2013-08-30,22,1.0
EN,2013-09,2013-09-30,20,0.0
EN,2013-10,2013-10-31,23,0.0
EN,2013-11,2013-11-29,20,1.0
EN,2013-12,2013-12-31,21,0.0
EN,2014-01,2014-01-31,21,0.0
EN,2014-02,2014-02-28,19,0.0
EN,2014-03,2014-03-31,21,0.0
EN,2014-04,2014-04-30,21,0.0
EN,2014-05,2014-05-30,21,1.0
EN,2014-06,2014-06-30,21,0.0
EN,2014-07,2014-07-31,22,0.0
EN,2014-08,2014-08-29,21,2.0
EN,2014-09,2014-09-30,21,0.0
EN,2014-10,2014-10-31,23,0.0
EN,2014-11,2014-11-28,19,2.0
EN,2014-12,2014-12-31,22,0.0
ER,1969-01,,0,
ER,1969-02,,0,
ER,1969-03,,0,
ER,1969-04,,0,
ER,1969-05,,0,
ER,1969-06,,0,
ER,1969-07,,0,
ER,1969-08,,0,
ER,1969-09,,0,
ER,1969-10,,0,
ER,1969-11,,0,
ER,1969-12,,0,
ER,1970-01,,0,
ER,1970-02,,0,
ER,1970-03,,0,
ER,1970-04,,0,
ER,1970-05,,0,
ER,1970-06,,0,
ER,1970-07,,0,
ER,1970-08,,0,
ER,1970-09,,0,
ER,1970-10,,0,
ER,1970-11,,0,
ER,1970-12,,0,
ER,1971-01,,0,
ER,1971-02,,0,
ER,1971-03,,0,
ER,1971-04,,0,
ER,1971-05,,0,
ER,1971-06,,0,
ER,1971-07,,0,
ER,1971-08,,0,
ER,1971-09,,0,
ER,1971-10,,0,
ER,1971-11,,0,
ER,1971-12,,0,
ER,1972-01,,0,
ER,1972-02,,0,
ER,1972-03,,0,
ER,1972-04,,0,
ER,1972-05,,0,
ER,1972-06,,0,
ER,1972-07,,0,
ER,1972-08,,0,
ER,1972-09,,0,
ER,1972-10,,0,
ER,1972-11,,0,
ER,1972-12,,0,
ER,1973-01,,0,
ER,1973-02,,0,
ER,1973-03,,0,
ER,1973-04,,0,
ER,1973-05,,0,
ER,1973-06,,0,
ER,1973-07,,0,
ER,1973-08,,0,
ER,1973-09,,0,
ER,1973-10,,0,
ER,1973-11,,0,
ER,1973-12,,0,
ER,1974-01,,0,
ER,1974-02,,0,
ER,1974-03,,0,
ER,1974-04,,0,
ER,1974-05,,0,
ER,1974-06,,0,
ER,1974-07,,0,
ER,1974-08,,0,
ER,1974-09,,0,
ER,1974-10,,0,
ER,1974-11,,0,
ER,1974-12,,0,
ER,1975-01,,0,
ER,1975-02,,0,
ER,1975-03,,0,
ER,1975-04,,0,
ER,1975-05,,0,
ER,1975-06,,0,
ER,1975-07,,0,
ER,1975-08,,0,
ER,1975-09,,0,
ER,1975-10,,0,
ER,1975-11,,0,
ER,1975-12,,0,
ER,1976-01,,0,
ER,1976-02,,0,
ER,1976-03,,0,
ER,1976-04,,0,
ER,1976-05,,0,
ER,1976-06,,0,
ER,1976-07,,0,
ER,1976-08,,0,
ER,1976-09,,0,
ER,1976-10,,0,
ER,1976-11,,0,
ER,1976-12,,0,
ER,1977-01,,0,
ER,1977-02,,0,
ER,1977-03,,0,
ER,1977-04,,0,
ER,1977-05,,0,
ER,1977-06,,0,
ER,1977-07,,0,
ER,1977-08,,0,
ER,1977-09,,0,
ER,1977-10,,0,
ER,1977-11,,0,
ER,1977-12,,0,
ER,1978-01,,0,
ER,1978-02,,0,
ER,1978-03,,0,
ER,1978-04,,0,
ER,1978-05,,0,
ER,1978-06,,0,
ER,1978-07,,0,
ER,1978-08,,0,
ER,1978-09,,0,
ER,1978-10,,0,
ER,1978-11,,0,
ER,1978-12,,0,
ER,1979-01,,0,
ER,1979-02,,0,
ER,1979-03,,0,
ER,1979-04,,0,
ER,1979-05,,0,
ER,1979-06,,0,
ER,1979-07,,0,
ER,1979-08,,0,
ER,1979-09,,0,
ER,1979-10,,0,
ER,1979-11,,0,
ER,1979-12,,0,
ER,1980-01,,0,
ER,1980-02,,0,
ER,1980-03,,0,
ER,1980-04,,0,
ER,1980-05,,0,
ER,1980-06,,0,
ER,1980-07,,0,
ER,1980-08,,0,
ER,1980-09,,0,
ER,1980-10,,0,
ER,1980-11,,0,
ER,1980-12,,0,
ER,1981-01,,0,
ER,1981-02,,0,
ER,1981-03,,0,
ER,1981-04,,0,
ER,1981-05,,0,
ER,1981-06,,0,
ER,1981-07,,0,
ER,1981-08,,0,
ER,1981-09,,0,
ER,1981-10,,0,
ER,1981-11,,0,
ER,1981-12,,0,
ER,1982-01,,0,
ER,1982-02,,0,
ER,1982-03,,0,
ER,1982-04,,0,
ER,1982-05,,0,
ER,1982-06,,0,
ER,1982-07,,0,
ER,1982-08,,0,
ER,1982-09,,0,
ER,1982-10,,0,
ER,1982-11,,0,
ER,1982-12,,0,
ER,1983-01,,0,
ER,1983-02,,0,
ER,1983-03,,0,
ER,1983-04,,0,
ER,1983-05,,0,
ER,1983-06,,0,
ER,1983-07,,0,
ER,1983-08,,0,
ER,1983-09,,0,
ER,1983-10,,0,
ER,1983-11,,0,
ER,1983-12,,0,
ER,1984-01,,0,
ER,1984-02,,0,
ER,1984-03,,0,
ER,1984-04,,0,
ER,1984-05,,0,
ER,1984-06,,0,
ER,1984-07,,0,
ER,1984-08,,0,
ER,1984-09,,0,
ER,1984-10,,0,
ER,1984-11,,0,
ER,1984-12,,0,
ER,1985-01,,0,
ER,1985-02,,0,
ER,1985-03,,0,
ER,1985-04,,0,
ER,1985-05,,0,
ER,1985-06,,0,
ER,1985-07,,0,
ER,1985-08,,0,
ER,1985-09,,0,
ER,1985-10,,0,
ER,1985-11,,0,
ER,1985-12,,0,
ER,1986-01,,0,
ER,1986-02,,0,
ER,1986-03,,0,
ER,1986-04,,0,
ER,1986-05,,0,
ER,1986-06,,0,
ER,1986-07,,0,
ER,1986-08,,0,
ER,1986-09,,0,
ER,1986-10,,0,
ER,1986-11,,0,
ER,1986-12,,0,
ER,1987-01,,0,
ER,1987-02,,0,
ER,1987-03,,0,
ER,1987-04,,0,
ER,1987-05,,0,
ER,1987-06,,0,
ER,1987-07,,0,
ER,1987-08,,0,
ER,1987-09,,0,
ER,1987-10,,0,
ER,1987-11,,0,
ER,1987-12,,0,
ER,1988-01,,0,
ER,1988-02,,0,
ER,1988-03,,0,
ER,1988-04,,0,
ER,1988-05,,0,
ER,1988-06,,0,
ER,1988-07,,0,
ER,1988-08,,0,
ER,1988-09,,0,
ER,1988-10,,0,
ER,1988-11,,0,
ER,1988-12,,0,
ER,1989-01,,0,
ER,1989-02,,0,
ER,1989-03,,0,
ER,1989-04,,0,
ER,1989-05,,0,
ER,1989-06,,0,
ER,1989-07,,0,
ER,1989-08,,0,
ER,1989-09,,0,
ER,1989-10,,0,
ER,1989-11,,0,
ER,1989-12,,0,
ER,1990-01,,0,
ER,1990-02,,0,
ER,1990-03,,0,
ER,1990-04,,0,
ER,1990-05,,0,
ER,1990-06,,0,
ER,1990-07,,0,
ER,1990-08,,0,
ER,1990-09,,0,
ER,1990-10,,0,
ER,1990-11,,0,
ER,1990-12,,0,
ER,1991-01,,0,
ER,1991-02,,0,
ER,1991-03,,0,
ER,1991-04,,0,
ER,1991-05,,0,
ER,1991-06,,0,
ER,1991-07,,0,
ER,1991-08,,0,
ER,1991-09,,0,
ER,1991-10,,0,
ER,1991-11,,0,
ER,1991-12,,0,
ER,1992-01,,0,
ER,1992-02,,0,
ER,1992-03,,0,
ER,1992-04,,0,
ER,1992-05,,0,
ER,1992-06,,0,
ER,1992-07,,0,
ER,1992-08,,0,
ER,1992-09,,0,
ER,1992-10,,0,
ER,1992-11,,0,
ER,1992-12,,0,
ER,1993-01,,0,
ER,1993-02,,0,
ER,1993-03,,0,
ER,1993-04,,0,
ER,1993-05,,0,
ER,1993-06,,0,
ER,1993-07,,0,
ER,1993-08,,0,
ER,1993-09,,0,
ER,1993-10,,0,
ER,1993-11,,0,
ER,1993-12,,0,
ER,1994-01,,0,
ER,1994-02,,0,
ER,1994-03,,0,
ER,1994-04,,0,
ER,1994-05,,0,
ER,1994-06,,0,
ER,1994-07,,0,
ER,1994-08,,0,
ER,1994-09,,0,
ER,1994-10,,0,
ER,1994-11,,0,
ER,1994-12,,0,
ER,1995-01,,0,
ER,1995-02,,0,
ER,1995-03,,0,
ER,1995-04,,0,
ER,1995-05,,0,
ER,1995-06,,0,
ER,1995-07,,0,
ER,1995-08,,0,
ER,1995-09,,0,
ER,1995-10,,0,
ER,1995-11,,0,
ER,1995-12,,0,
ER,1996-01,,0,
ER,1996-02,,0,
ER,1996-03,,0,
ER,1996-04,,0,
ER,1996-05,,0,
ER,1996-06,,0,
ER,1996-07,,0,
ER,1996-08,,0,
ER,1996-09,,0,
ER,1996-10,,0,
ER,1996-11,,0,
ER,1996-12,,0,
ER,1997-01,,0,
ER,1997-02,,0,
ER,1997-03,,0,
ER,1997-04,,0,
ER,1997-05,,0,
ER,1997-06,,0,
ER,1997-07,,0,
ER,1997-08,,0,
ER,1997-09,,0,
ER,1997-10,,0,
ER,1997-11,,0,
ER,1997-12,,0,
ER,1998-01,,0,
ER,1998-02,,0,
ER,1998-03,,0,
ER,1998-04,,0,
ER,1998-05,,0,
ER,1998-06,,0,
ER,1998-07,,0,
ER,1998-08,,0,
ER,1998-09,,0,
ER,1998-10,,0,
ER,1998-11,,0,
ER,1998-12,,0,
ER,1999-01,,0,
ER,1999-02,,0,
ER,1999-03,,0,
ER,1999-04,,0,
ER,1999-05,,0,
ER,1999-06,,0,
ER,1999-07,,0,
ER,1999-08,,0,
ER,1999-09,,0,
ER,1999-10,,0,
ER,1999-11,,0,
ER,1999-12,,0,
ER,2000-01,,0,
ER,2000-02,,0,
ER,2000-03,,0,
ER,2000-04,,0,
ER,2000-05,,0,
ER,2000-06,,0,
ER,2000-07,,0,
ER,2000-08,,0,
ER,2000-09,,0,
ER,2000-10,,0,
ER,2000-11,,0,
ER,2000-12,,0,
ER,2001-01,,0,
ER,2001-02,,0,
ER,2001-03,,0,
ER,2001-04,,0,
ER,2001-05,,0,
ER,2001-06,,0,
ER,2001-07,,0,
ER,2001-08,,0,
ER,2001-09,,0,
ER,2001-10,,0,
ER,2001-11,,0,
ER,2001-12,,0,
ER,2002-01,,0,
ER,2002-02,,0,
ER,2002-03,,0,
ER,2002-04,,0,
ER,2002-05,,0,
ER,2002-06,,0,
ER,2002-07,,0,
ER,2002-08,,0,
ER,2002-09,,0,
ER,2002-10,,0,
ER,2002-11,2002-11-29,3,1.0
ER,2002-12,2002-12-31,21,0.0
ER,2003-01,2003-01-31,21,0.0
ER,2003-02,2003-02-28,19,0.0
ER,2003-03,2003-03-31,21,0.0
ER,2003-04,2003-04-30,21,0.0
ER,2003-05,2003-05-30,21,1.0
ER,2003-06,2003-06-30,21,0.0
ER,2003-07,2003-07-31,22,0.0
ER,2003-08,2003-08-29,21,2.0
ER,2003-09,2003-09-30,21,0.0
ER,2003-10,2003-10-31,23,0.0
ER,2003-11,2003-11-28,19,2.0
ER,2003-12,2003-12-31,22,0.0
ER,2004-01,2004-01-30,20,1.0
ER,2004-02,2004-02-27,19,2.0
ER,2004-03,2004-03-31,23,0.0
ER,2004-04,2004-04-30,21,0.0
ER,2004-05,2004-05-28,20,3.0
ER,2004-06,2004-06-30,21,0.0
ER,2004-07,2004-07-30,21,1.0
ER,2004-08,2004-08-31,22,0.0
ER,2004-09,2004-09-30,21,0.0
ER,2004-10,2004-10-29,21,2.0
ER,2004-11,2004-11-30,21,0.0
ER,2004-12,2004-12-31,22,0.0
ER,2005-01,2005-01-31,20,0.0
ER,2005-02,2005-02-28,19,0.0
ER,2005-03,2005-03-31,22,0.0
ER,2005-04,2005-04-29,21,1.0
ER,2005-05,2005-05-31,21,0.0
ER,2005-06,2005-06-30,22,0.0
ER,2005-07,2005-07-29,20,2.0
ER,2005-08,2005-08-31,23,0.0
ER,2005-09,2005-09-30,21,0.0
ER,2005-10,2005-10-31,21,0.0
ER,2005-11,2005-11-30,21,0.0
ER,2005-12,2005-12-30,21,1.0
ER,2006-01,2006-01-31,20,0.0
ER,2006-02,2006-02-28,19,0.0
ER,2006-03,2006-03-31,23,0.0
ER,2006-04,2006-04-28,19,2.0
ER,2006-05,2006-05-31,22,0.0
ER,2006-06,2006-06-30,22,0.0
ER,2006-07,2006-07-31,20,0.0
ER,2006-08,2006-08-31,23,0.0
ER,2006-09,2006-09-29,20,1.0
ER,2006-10,2006-10-31,22,0.0
ER,2006-11,2006-11-30,21,0.0
ER,2006-12,2006-12-29,20,2.0
ER,2007-01,2007-01-31,20,0.0
ER,2007-02,2007-02-28,19,0.0
ER,2007-03,2007-03-30,22,1.0
ER,2007-04,2007-04-30,20,0.0
ER,2007-05,2007-05-31,22,0.0
ER,2007-06,2007-06-29,21,1.0
ER,2007-07,2007-07-31,21,0.0
ER,2007-08,2007-08-31,23,0.0
ER,2007-09,2007-09-28,19,2.0
ER,2007-10,2007-10-31,23,0.0
ER,2007-11,2007-11-30,21,0.0
ER,2007-12,2007-12-31,20,0.0
ER,2008-01,2008-01-31,21,0.0
ER,2008-02,2008-02-29,20,0.0
ER,2008-03,2008-03-31,20,0.0
ER,2008-04,2008-04-30,22,0.0
ER,2008-05,2008-05-30,21,1.0
ER,2008-06,2008-06-30,21,0.0
ER,2008-07,2008-07-31,22,0.0
ER,2008-08,2008-08-29,21,2.0
ER,2008-09,2008-09-30,21,0.0
ER,2008-10,2008-10-31,23,0.0
ER,2008-11,2008-11-28,19,2.0
ER,2008-12,2008-12-31,22,0.0
ER,2009-01,2009-01-30,21,1.0
ER,2009-02,2009-02-27,19,1.0
ER,2009-03,2009-03-31,22,0.0
ER,2009-04,2009-04-30,21,0.0
ER,2009-05,2009-05-29,20,2.0
ER,2009-06,2009-06-30,22,0.0
ER,2009-07,2009-07-31,22,0.0
ER,2009-08,2009-08-31,21,0.0
ER,2009-09,2009-09-30,21,0.0
ER,2009-10,2009-10-30,22,1.0
ER,2009-11,2009-11-30,20,0.0
ER,2009-12,2009-12-31,22,0.0
ER,2010-01,2010-01-29,19,2.0
ER,2010-02,2010-02-26,19,2.0
ER,2010-03,2010-03-31,23,0.0
ER,2010-04,2010-04-30,21,0.0
ER,2010-05,2010-05-28,20,3.0
ER,2010-06,2010-06-30,22,0.0
ER,2010-07,2010-07-30,21,1.0
ER,2010-08,2010-08-31,22,0.0
ER,2010-09,2010-09-30,21,0.0
ER,2010-10,2010-10-29,21,2.0
ER,2010-11,2010-11-30,22,0.0
ER,2010-12,2010-12-31,22,0.0
ER,2011-01,2011-01-31,21,0.0
ER,2011-02,2011-02-28,20,0.0
ER,2011-03,2011-03-31,23,0.0
ER,2011-04,2011-04-29,20,1.0
ER,2011-05,2011-05-31,22,0.0
ER,2011-06,2011-06-30,22,0.0
ER,2011-07,2011-07-29,21,2.0
ER,2011-08,2011-08-31,23,0.0
ER,2011-09,2011-09-30,22,0.0
ER,2011-10,2011-10-31,21,0.0
ER,2011-11,2011-11-30,22,0.0
ER,2011-12,2011-12-30,21,1.0
ER,2012-01,2012-01-31,20,0.0
ER,2012-02,2012-02-29,20,0.0
ER,2012-03,2012-03-30,22,1.0
ER,2012-04,2012-04-30,21,0.0
ER,2012-05,2012-05-31,23,0.0
ER,2012-06,2012-06-29,21,1.0
ER,2012-07,2012-07-31,22,0.0
ER,2012-08,2012-08-31,23,0.0
ER,2012-09,2012-09-28,19,2.0
ER,2012-10,2012-10-31,23,0.0
ER,2012-11,2012-11-30,22,0.0
ER,2012-12,2012-12-31,20,0.0
ER,2013-01,2013-01-31,21,0.0
ER,2013-02,2013-02-28,19,0.0
ER,2013-03,2013-03-28,20,3.0
ER,2013-04,2013-04-30,22,0.0
ER,2013-05,2013-05-31,23,0.0
ER,2013-06,2013-06-28,20,2.0
ER,2013-07,2013-07-31,23,0.0
ER,2013-08,2013-08-30,22,1.0
ER,2013-09,2013-09-30,20,0.0
ER,2013-10,2013-10-31,23,0.0
ER,2013-11,2013-11-29,21,1.0
ER,2013-12,2013-12-31,21,0.0
ER,2014-01,2014-01-31,22,0.0
ER,2014-02,2014-02-28,19,0.0
ER,2014-03,2014-03-31,21,0.0
ER,2014-04,2014-04-30,21,0.0
ER,2014-05,2014-05-30,21,1.0
ER,2014-06,2014-06-30,21,0.0
ER,2014-07,2014-07-31,22,0.0
ER,2014-08,2014-08-29,21,2.0
ER,2014-09,2014-09-30,22,0.0
ER,2014-10,2014-10-31,23,0.0
ER,2014-11,2014-11-28,20,2.0
ER,2014-12,2014-12-31,22,0.0
ES,1969-01,,0,
ES,1969-02,,0,
ES,1969-03,,0,
ES,1969-04,,0,
ES,1969-05,,0,
ES,1969-06,,0,
ES,1969-07,,0,
ES,1969-08,,0,
ES,1969-09,,0,
ES,1969-10,,0,
ES,1969-11,,0,
ES,1969-12,,0,
ES,1970-01,,0,
ES,1970-02,,0,
ES,1970-03,,0,
ES,1970-04,,0,
ES,1970-05,,0,
ES,1970-06,,0,
ES,1970-07,,0,
ES,1970-08,,0,
ES,1970-09,,0,
ES,1970-10,,0,
ES,1970-11,,0,
ES,1970-12,,0,
ES,1971-01,,0,
ES,1971-02,,0,
ES,1971-03,,0,
ES,1971-04,,0,
ES,1971-05,,0,
ES,1971-06,,0,
ES,1971-07,,0,
ES,1971-08,,0,
ES,1971-09,,0,
ES,1971-10,,0,
ES,1971-11,,0,
ES,1971-12,,0,
ES,1972-01,,0,
ES,1972-02,,0,
ES,1972-03,,0,
ES,1972-04,,0,
ES,1972-05,,0,
ES,1972-06,,0,
ES,1972-07,,0,
ES,1972-08,,0,
ES,1972-09,,0,
ES,1972-10,,0,
ES,1972-11,,0,
ES,1972-12,,0,
ES,1973-01,,0,
ES,1973-02,,0,
ES,1973-03,,0,
ES,1973-04,,0,
ES,1973-05,,0,
ES,1973-06,,0,
ES,1973-07,,0,
ES,1973-08,,0,
ES,1973-09,,0,
ES,1973-10,,0,
ES,1973-11,,0,
ES,1973-12,,0,
ES,1974-01,,0,
ES,1974-02,,0,
ES,1974-03,,0,
ES,1974-04,,0,
ES,1974-05,,0,
ES,1974-06,,0,
ES,1974-07,,0,
ES,1974-08,,0,
ES,1974-09,,0,
ES,1974-10,,0,
ES,1974-11,,0,
ES,1974-12,,0,
ES,1975-01,,0,
ES,1975-02,,0,
ES,1975-03,,0,
ES,1975-04,,0,
ES,1975-05,,0,
ES,1975-06,,0,
ES,1975-07,,0,
ES,1975-08,,0,
ES,1975-09,,0,
ES,1975-10,,0,
ES,1975-11,,0,
ES,1975-12,,0,
ES,1976-01,,0,
ES,1976-02,,0,
ES,1976-03,,0,
ES,1976-04,,0,
ES,1976-05,,0,
ES,1976-06,,0,
ES,1976-07,,0,
ES,1976-08,,0,
ES,1976-09,,0,
ES,1976-10,,0,
ES,1976-11,,0,
ES,1976-12,,0,
ES,1977-01,,0,
ES,1977-02,,0,
ES,1977-03,,0,
ES,1977-04,,0,
ES,1977-05,,0,
ES,1977-06,,0,
ES,1977-07,,0,
ES,1977-08,,0,
ES,1977-09,,0,
ES,1977-10,,0,
ES,1977-11,,0,
ES,1977-12,,0,
ES,1978-01,,0,
ES,1978-02,,0,
ES,1978-03,,0,
ES,1978-04,,0,
ES,1978-05,,0,
ES,1978-06,,0,
ES,1978-07,,0,
ES,1978-08,,0,
ES,1978-09,,0,
ES,1978-10,,0,
ES,1978-11,,0,
ES,1978-12,,0,
ES,1979-01,,0,
ES,1979-02,,0,
ES,1979-03,,0,
ES,1979-04,,0,
ES,1979-05,,0,
ES,1979-06,,0,
ES,1979-07,,0,
ES,1979-08,,0,
ES,1979-09,,0,
ES,1979-10,,0,
ES,1979-11,,0,
ES,1979-12,,0,
ES,1980-01,,0,
ES,1980-02,,0,
ES,1980-03,,0,
ES,1980-04,,0,
ES,1980-05,,0,
ES,1980-06,,0,
ES,1980-07,,0,
ES,1980-08,,0,
ES,1980-09,,0,
ES,1980-10,,0,
ES,1980-11,,0,
ES,1980-12,,0,
ES,1981-01,,0,
ES,1981-02,,0,
ES,1981-03,,0,
ES,1981-04,,0,
ES,1981-05,,0,
ES,1981-06,,0,
ES,1981-07,,0,
ES,1981-08,,0,
ES,1981-09,,0,
ES,1981-10,,0,
ES,1981-11,,0,
ES,1981-12,,0,
ES,1982-01,,0,
ES,1982-02,,0,
ES,1982-03,,0,
ES,1982-04,,0,
ES,1982-05,,0,
ES,1982-06,,0,
ES,1982-07,,0,
ES,1982-08,,0,
ES,1982-09,,0,
ES,1982-10,,0,
ES,1982-11,,0,
ES,1982-12,,0,
ES,1983-01,,0,
ES,1983-02,,0,
ES,1983-03,,0,
ES,1983-04,,0,
ES,1983-05,,0,
ES,1983-06,,0,
ES,1983-07,,0,
ES,1983-08,,0,
ES,1983-09,,0,
ES,1983-10,,0,
ES,1983-11,,0,
ES,1983-12,,0,
ES,1984-01,,0,
ES,1984-02,,0,
ES,1984-03,,0,
ES,1984-04,,0,
ES,1984-05,,0,
ES,1984-06,,0,
ES,1984-07,,0,
ES,1984-08,,0,
ES,1984-09,,0,
ES,1984-10,,0,
ES,1984-11,,0,
ES,1984-12,,0,
ES,1985-01,,0,
ES,1985-02,,0,
ES,1985-03,,0,
ES,1985-04,,0,
ES,1985-05,,0,
ES,1985-06,,0,
ES,1985-07,,0,
ES,1985-08,,0,
ES,1985-09,,0,
ES,1985-10,,0,
ES,1985-11,,0,
ES,1985-12,,0,
ES,1986-01,,0,
ES,1986-02,,0,
ES,1986-03,,0,
ES,1986-04,,0,
ES,1986-05,,0,
ES,1986-06,,0,
ES,1986-07,,0,
ES,1986-08,,0,
ES,1986-09,,0,
ES,1986-10,,0,
ES,1986-11,,0,
ES,1986-12,,0,
ES,1987-01,,0,
ES,1987-02,,0,
ES,1987-03,,0,
ES,1987-04,,0,
ES,1987-05,,0,
ES,1987-06,,0,
ES,1987-07,,0,
ES,1987-08,,0,
ES,1987-09,,0,
ES,1987-10,,0,
ES,1987-11,,0,
ES,1987-12,,0,
ES,1988-01,,0,
ES,1988-02,,0,
ES,1988-03,,0,
ES,1988-04,,0,
ES,1988-05,,0,
ES,1988-06,,0,
ES,1988-07,,0,
ES,1988-08,,0,
ES,1988-09,,0,
ES,1988-10,,0,
ES,1988-11,,0,
ES,1988-12,,0,
ES,1989-01,,0,
ES,1989-02,,0,
ES,1989-03,,0,
ES,1989-04,,0,
ES,1989-05,,0,
ES,1989-06,,0,
ES,1989-07,,0,
ES,1989-08,,0,
ES,1989-09,,0,
ES,1989-10,,0,
ES,1989-11,,0,
ES,1989-12,,0,
ES,1990-01,,0,
ES,1990-02,,0,
ES,1990-03,,0,
ES,1990-04,,0,
ES,1990-05,,0,
ES,1990-06,,0,
ES,1990-07,,0,
ES,1990-08,,0,
ES,1990-09,,0,
ES,1990-10,,0,
ES,1990-11,,0,
ES,1990-12,,0,
ES,1991-01,,0,
ES,1991-02,,0,
ES,1991-03,,0,
ES,1991-04,,0,
ES,1991-05,,0,
ES,1991-06,,0,
ES,1991-07,,0,
ES,1991-08,,0,
ES,1991-09,,0,
ES,1991-10,,0,
ES,1991-11,,0,
ES,1991-12,,0,
ES,1992-01,,0,
ES,1992-02,,0,
ES,1992-03,,0,
ES,1992-04,,0,
ES,1992-05,,0,
ES,1992-06,,0,
ES,1992-07,,0,
ES,1992-08,,0,
ES,1992-09,,0,
ES,1992-10,,0,
ES,1992-11,,0,
ES,1992-12,,0,
ES,1993-01,,0,
ES,1993-02,,0,
ES,1993-03,,0,
ES,1993-04,,0,
ES,1993-05,,0,
ES,1993-06,,0,
ES,1993-07,,0,
ES,1993-08,,0,
ES,1993-09,,0,
ES,1993-10,,0,
ES,1993-11,,0,
ES,1993-12,,0,
ES,1994-01,,0,
ES,1994-02,,0,
ES,1994-03,,0,
ES,1994-04,,0,
ES,1994-05,,0,
ES,1994-06,,0,
ES,1994-07,,0,
ES,1994-08,,0,
ES,1994-09,,0,
ES,1994-10,,0,
ES,1994-11,,0,
ES,1994-12,,0,
ES,1995-01,,0,
ES,1995-02,,0,
ES,1995-03,,0,
ES,1995-04,,0,
ES,1995-05,,0,
ES,1995-06,,0,
ES,1995-07,,0,
ES,1995-08,,0,
ES,1995-09,,0,
ES,1995-10,,0,
ES,1995-11,,0,
ES,1995-12,,0,
ES,1996-01,,0,
ES,1996-02,,0,
ES,1996-03,,0,
ES,1996-04,,0,
ES,1996-05,,0,
ES,1996-06,,0,
ES,1996-07,,0,
ES,1996-08,,0,
ES,1996-09,,0,
ES,1996-10,,0,
ES,1996-11,,0,
ES,1996-12,,0,
ES,1997-01,,0,
ES,1997-02,,0,
ES,1997-03,,0,
ES,1997-04,,0,
ES,1997-05,,0,
ES,1997-06,,0,
ES,1997-07,,0,
ES,1997-08,,0,
ES,1997-09,1997-09-30,14,0.0
ES,1997-10,1997-10-31,23,0.0
ES,1997-11,1997-11-28,19,2.0
ES,1997-12,1997-12-31,22,0.0
ES,1998-01,1998-01-30,20,1.0
ES,1998-02,1998-02-27,19,1.0
ES,1998-03,1998-03-31,22,0.0
ES,1998-04,1998-04-30,21,0.0
ES,1998-05,1998-05-29,20,2.0
ES,1998-06,1998-06-30,22,0.0
ES,1998-07,1998-07-31,22,0.0
ES,1998-08,1998-08-31,21,0.0
ES,1998-09,1998-09-30,21,0.0
ES,1998-10,1998-10-30,22,1.0
ES,1998-11,1998-11-30,20,0.0
ES,1998-12,1998-12-31,22,0.0
ES,1999-01,1999-01-29,19,2.0
ES,1999-02,1999-02-26,19,2.0
ES,1999-03,1999-03-31,23,0.0
ES,1999-04,1999-04-30,22,0.0
ES,1999-05,1999-05-31,21,0.0
ES,1999-06,1999-06-30,22,0.0
ES,1999-07,1999-07-30,21,1.0
ES,1999-08,1999-08-31,22,0.0
ES,1999-09,1999-09-30,21,0.0
ES,1999-10,1999-10-29,21,2.0
ES,1999-11,1999-11-30,21,0.0
ES,1999-12,1999-12-31,22,0.0
ES,2000-01,2000-01-31,20,0.0
ES,2000-02,2000-02-29,20,0.0
ES,2000-03,2000-03-31,23,0.0
ES,2000-04,2000-04-28,19,2.0
ES,2000-05,2000-05-31,23,0.0
ES,2000-06,2000-06-30,22,0.0
ES,2000-07,2000-07-31,20,0.0
ES,2000-08,2000-08-31,23,0.0
ES,2000-09,2000-09-29,20,1.0
ES,2000-10,2000-10-31,22,0.0
ES,2000-11,2000-11-30,21,0.0
ES,2000-12,2000-12-29,20,2.0
ES,2001-01,2001-01-31,21,0.0
ES,2001-02,2001-02-28,19,0.0
ES,2001-03,2001-03-30,22,1.0
ES,2001-04,2001-04-30,20,0.0
ES,2001-05,2001-05-31,22,0.0
ES,2001-06,2001-06-29,21,1.0
ES,2001-07,2001-07-31,21,0.0
ES,2001-08,2001-08-31,23,0.0
ES,2001-09,2001-09-28,16,2.0
ES,2001-10,2001-10-31,23,0.0
ES,2001-11,2001-11-30,21,0.0
ES,2001-12,2001-12-31,20,0.0
ES,2002-01,2002-01-31,21,0.0
ES,2002-02,2002-02-28,19,0.0
ES,2002-03,2002-03-28,20,3.0
ES,2002-04,2002-04-30,22,0.0
ES,2002-05,2002-05-31,22,0.0
ES,2002-06,2002-06-28,20,2.0
ES,2002-07,2002-07-31,22,0.0
ES,2002-08,2002-08-30,22,1.0
ES,2002-09,2002-09-30,20,0.0
ES,2002-10,2002-10-31,23,0.0
ES,2002-11,2002-11-29,20,1.0
ES,2002-12,2002-12-31,21,0.0
ES,2003-01,2003-01-31,21,0.0
ES,2003-02,2003-02-28,19,0.0
ES,2003-03,2003-03-31,21,0.0
ES,2003-04,2003-04-30,21,0.0
ES,2003-05,2003-05-30,21,1.0
ES,2003-06,2003-06-30,21,0.0
ES,2003-07,2003-07-31,22,0.0
ES,2003-08,2003-08-29,21,2.0
ES,2003-09,2003-09-30,21,0.0
ES,2003-10,2003-10-31,23,0.0
ES,2003-11,2003-11-28,19,2.0
ES,2003-12,2003-12-31,22,0.0
ES,2004-01,2004-01-30,20,1.0
ES,2004-02,2004-02-27,19,2.0
ES,2004-03,2004-03-31,23,0.0
ES,2004-04,2004-04-30,21,0.0
ES,2004-05,2004-05-28,20,3.0
ES,2004-06,2004-06-30,21,0.0
ES,2004-07,2004-07-30,21,1.0
ES,2004-08,2004-08-31,22,0.0
ES,2004-09,2004-09-30,21,0.0
ES,2004-10,2004-10-29,21,2.0
ES,2004-11,2004-11-30,21,0.0
ES,2004-12,2004-12-31,22,0.0
ES,2005-01,2005-01-31,20,0.0
ES,2005-02,2005-02-28,19,0.0
ES,2005-03,2005-03-31,22,0.0
ES,2005-04,2005-04-29,21,1.0
ES,2005-05,2005-05-31,21,0.0
ES,2005-06,2005-06-30,22,0.0
ES,2005-07,2005-07-29,20,2.0
ES,2005-08,2005-08-31,23,0.0
ES,2005-09,2005-09-30,21,0.0
ES,2005-10,2005-10-31,21,0.0
ES,2005-11,2005-11-30,21,0.0
ES,2005-12,2005-12-30,21,1.0
ES,2006-01,2006-01-31,20,0.0
ES,2006-02,2006-02-28,19,0.0
ES,2006-03,2006-03-31,23,0.0
ES,2006-04,2006-04-28,19,2.0
ES,2006-05,2006-05-31,22,0.0
ES,2006-06,2006-06-30,22,0.0
ES,2006-07,2006-07-31,20,0.0
ES,2006-08,2006-08-31,23,0.0
ES,2006-09,2006-09-29,20,1.0
ES,2006-10,2006-10-31,22,0.0
ES,2006-11,2006-11-30,21,0.0
ES,2006-12,2006-12-29,20,2.0
ES,2007-01,2007-01-31,20,0.0
ES,2007-02,2007-02-28,19,0.0
ES,2007-03,2007-03-30,22,1.0
ES,2007-04,2007-04-30,20,0.0
ES,2007-05,2007-05-31,22,0.0
ES,2007-06,2007-06-29,21,1.0
ES,2007-07,2007-07-31,21,0.0
ES,2007-08,2007-08-31,23,0.0
ES,2007-09,2007-09-28,19,2.0
ES,2007-10,2007-10-31,23,0.0
ES,2007-11,2007-11-30,21,0.0
ES,2007-12,2007-12-31,20,0.0
ES,2008-01,2008-01-31,21,0.0
ES,2008-02,2008-02-29,20,0.0
ES,2008-03,2008-03-31,20,0.0
ES,2008-04,2008-04-30,22,0.0
ES,2008-05,2008-05-30,21,1.0
ES,2008-06,2008-06-30,21,0.0
ES,2008-07,2008-07-31,23,0.0
ES,2008-08,2008-08-29,21,2.0
ES,2008-09,2008-09-30,21,0.0
ES,2008-10,2008-10-31,23,0.0
ES,2008-11,2008-11-28,19,2.0
ES,2008-12,2008-12-31,22,0.0
ES,2009-01,2009-01-30,20,1.0
ES,2009-02,2009-02-27,19,1.0
ES,2009-03,2009-03-31,22,0.0
ES,2009-04,2009-04-30,21,0.0
ES,2009-05,2009-05-29,20,2.0
ES,2009-06,2009-06-30,22,0.0
ES,2009-07,2009-07-31,23,0.0
ES,2009-08,2009-08-31,21,0.0
ES,2009-09,2009-09-30,21,0.0
ES,2009-10,2009-10-30,22,1.0
ES,2009-11,2009-11-30,20,0.0
ES,2009-12,2009-12-31,22,0.0
ES,2010-01,2010-01-29,19,2.0
ES,2010-02,2010-02-26,19,2.0
ES,2010-03,2010-03-31,23,0.0
ES,2010-04,2010-04-30,21,0.0
ES,2010-05,2010-05-28,20,3.0
ES,2010-06,2010-06-30,22,0.0
ES,2010-07,2010-07-30,21,1.0
ES,2010-08,2010-08-31,22,0.0
ES,2010-09,2010-09-30,21,0.0
ES,2010-10,2010-10-29,21,2.0
ES,2010-11,2010-11-30,21,0.0
ES,2010-12,2010-12-31,22,0.0
ES,2011-01,2011-01-31,20,0.0
ES,2011-02,2011-02-28,19,0.0
ES,2011-03,2011-03-31,23,0.0
ES,2011-04,2011-04-29,20,1.0
ES,2011-05,2011-05-31,21,0.0
ES,2011-06,2011-06-30,22,0.0
ES,2011-07,2011-07-29,20,2.0
ES,2011-08,2011-08-31,23,0.0
ES,2011-09,2011-09-30,21,0.0
ES,2011-10,2011-10-31,21,0.0
ES,2011-11,2011-11-30,21,0.0
ES,2011-12,2011-12-30,21,1.0
ES,2012-01,2012-01-31,20,0.0
ES,2012-02,2012-02-29,20,0.0
ES,2012-03,2012-03-30,22,1.0
ES,2012-04,2012-04-30,21,0.0
ES,2012-05,2012-05-31,22,0.0
ES,2012-06,2012-06-29,21,1.0
ES,2012-07,2012-07-31,21,0.0
ES,2012-08,2012-08-31,23,0.0
ES,2012-09,2012-09-28,19,2.0
ES,2012-10,2012-10-31,23,0.0
ES,2012-11,2012-11-30,21,0.0
ES,2012-12,2012-12-31,20,0.0
ES,2013-01,2013-01-31,21,0.0
ES,2013-02,2013-02-28,19,0.0
ES,2013-03,2013-03-28,20,3.0
ES,2013-04,2013-04-30,22,0.0
ES,2013-05,2013-05-31,22,0.0
ES,2013-06,2013-06-28,20,2.0
ES,2013-07,2013-07-31,22,0.0
ES,2013-08,2013-08-30,22,1.0
ES,2013-09,2013-09-30,20,0.0
ES,2013-10,2013-10-31,23,0.0
ES,2013-11,2013-11-29,20,1.0
ES,2013-12,2013-12-31,21,0.0
ES,2014-01,2014-01-31,21,0.0
ES,2014-02,2014-02-28,19,0.0
ES,2014-03,2014-03-31,21,0.0
ES,2014-04,2014-04-30,21,0.0
ES,2014-05,2014-05-30,21,1.0
ES,2014-06,2014-06-30,21,0.0
ES,2014-07,2014-07-31,22,0.0
ES,2014-08,2014-08-29,21,2.0
ES,2014-09,2014-09-30,21,0.0
ES,2014-10,2014-10-31,23,0.0
ES,2014-11,2014-11-28,19,2.0
ES,2014-12,2014-12-31,22,0.0
FB,1969-01,,0,
FB,1969-02,,0,
FB,1969-03,,0,
FB,1969-04,,0,
FB,1969-05,,0,
FB,1969-06,,0,
FB,1969-07,,0,
FB,1969-08,,0,
FB,1969-09,,0,
FB,1969-10,,0,
FB,1969-11,,0,
FB,1969-12,,0,
FB,1970-01,,0,
FB,1970-02,,0,
FB,1970-03,,0,
FB,1970-04,,0,
FB,1970-05,,0,
FB,1970-06,,0,
FB,1970-07,,0,
FB,1970-08,,0,
FB,1970-09,,0,
FB,1970-10,,0,
FB,1970-11,,0,
FB,1970-12,,0,
FB,1971-01,,0,
FB,1971-02,,0,
FB,1971-03,,0,
FB,1971-04,,0,
FB,1971-05,,0,
FB,1971-06,,0,
FB,1971-07,,0,
FB,1971-08,,0,
FB,1971-09,,0,
FB,1971-10,,0,
FB,1971-11,,0,
FB,1971-12,,0,
FB,1972-01,,0,
FB,1972-02,,0,
FB,1972-03,,0,
FB,1972-04,,0,
FB,1972-05,,0,
FB,1972-06,,0,
FB,1972-07,,0,
FB,1972-08,,0,
FB,1972-09,,0,
FB,1972-10,,0,
FB,1972-11,,0,
FB,1972-12,,0,
FB,1973-01,,0,
FB,1973-02,,0,
FB,1973-03,,0,
FB,1973-04,,0,
FB,1973-05,,0,
FB,1973-06,,0,
FB,1973-07,,0,
FB,1973-08,,0,
FB,1973-09,,0,
FB,1973-10,,0,
FB,1973-11,,0,
FB,1973-12,,0,
FB,1974-01,,0,
FB,1974-02,,0,
FB,1974-03,,0,
FB,1974-04,,0,
FB,1974-05,,0,
FB,1974-06,,0,
FB,1974-07,,0,
FB,1974-08,,0,
FB,1974-09,,0,
FB,1974-10,,0,
FB,1974-11,,0,
FB,1974-12,,0,
FB,1975-01,,0,
FB,1975-02,,0,
FB,1975-03,,0,
FB,1975-04,,0,
FB,1975-05,,0,
FB,1975-06,,0,
FB,1975-07,,0,
FB,1975-08,,0,
FB,1975-09,,0,
FB,1975-10,,0,
FB,1975-11,,0,
FB,1975-12,,0,
FB,1976-01,,0,
FB,1976-02,,0,
FB,1976-03,,0,
FB,1976-04,,0,
FB,1976-05,,0,
FB,1976-06,,0,
FB,1976-07,,0,
FB,1976-08,,0,
FB,1976-09,,0,
FB,1976-10,,0,
FB,1976-11,,0,
FB,1976-12,,0,
FB,1977-01,,0,
FB,1977-02,,0,
FB,1977-03,,0,
FB,1977-04,,0,
FB,1977-05,,0,
FB,1977-06,,0,
FB,1977-07,,0,
FB,1977-08,,0,
FB,1977-09,,0,
FB,1977-10,,0,
FB,1977-11,,0,
FB,1977-12,,0,
FB,1978-01,,0,
FB,1978-02,,0,
FB,1978-03,,0,
FB,1978-04,,0,
FB,1978-05,,0,
FB,1978-06,,0,
FB,1978-07,,0,
FB,1978-08,,0,
FB,1978-09,,0,
FB,1978-10,,0,
FB,1978-11,,0,
FB,1978-12,,0,
FB,1979-01,,0,
FB,1979-02,,0,
FB,1979-03,,0,
FB,1979-04,,0,
FB,1979-05,,0,
FB,1979-06,,0,
FB,1979-07,,0,
FB,1979-08,,0,
FB,1979-09,,0,
FB,1979-10,,0,
FB,1979-11,,0,
FB,1979-12,,0,
FB,1980-01,,0,
FB,1980-02,,0,
FB,1980-03,,0,
FB,1980-04,,0,
FB,1980-05,,0,
FB,1980-06,,0,
FB,1980-07,,0,
FB,1980-08,,0,
FB,1980-09,,0,
FB,1980-10,,0,
FB,1980-11,,0,
FB,1980-12,,0,
FB,1981-01,,0,
FB,1981-02,,0,
FB,1981-03,,0,
FB,1981-04,,0,
FB,1981-05,,0,
FB,1981-06,,0,
FB,1981-07,,0,
FB,1981-08,,0,
FB,1981-09,,0,
FB,1981-10,,0,
FB,1981-11,,0,
FB,1981-12,,0,
FB,1982-01,,0,
FB,1982-02,,0,
FB,1982-03,,0,
FB,1982-04,,0,
FB,1982-05,,0,
FB,1982-06,,0,
FB,1982-07,,0,
FB,1982-08,,0,
FB,1982-09,,0,
FB,1982-10,,0,
FB,1982-11,,0,
FB,1982-12,,0,
FB,1983-01,,0,
FB,1983-02,,0,
FB,1983-03,,0,
FB,1983-04,,0,
FB,1983-05,,0,
FB,1983-06,,0,
FB,1983-07,,0,
FB,1983-08,,0,
FB,1983-09,,0,
FB,1983-10,,0,
FB,1983-11,,0,
FB,1983-12,,0,
FB,1984-01,,0,
FB,1984-02,,0,
FB,1984-03,,0,
FB,1984-04,,0,
FB,1984-05,,0,
FB,1984-06,,0,
FB,1984-07,,0,
FB,1984-08,,0,
FB,1984-09,,0,
FB,1984-10,,0,
FB,1984-11,,0,
FB,1984-12,,0,
FB,1985-01,,0,
FB,1985-02,,0,
FB,1985-03,,0,
FB,1985-04,,0,
FB,1985-05,,0,
FB,1985-06,,0,
FB,1985-07,,0,
FB,1985-08,,0,
FB,1985-09,,0,
FB,1985-10,,0,
FB,1985-11,,0,
FB,1985-12,,0,
FB,1986-01,,0,
FB,1986-02,,0,
FB,1986-03,,0,
FB,1986-04,,0,
FB,1986-05,,0,
FB,1986-06,,0,
FB,1986-07,,0,
FB,1986-08,,0,
FB,1986-09,,0,
FB,1986-10,,0,
FB,1986-11,,0,
FB,1986-12,,0,
FB,1987-01,,0,
FB,1987-02,,0,
FB,1987-03,,0,
FB,1987-04,,0,
FB,1987-05,,0,
FB,1987-06,,0,
FB,1987-07,,0,
FB,1987-08,,0,
FB,1987-09,,0,
FB,1987-10,,0,
FB,1987-11,,0,
FB,1987-12,,0,
FB,1988-01,,0,
FB,1988-02,,0,
FB,1988-03,,0,
FB,1988-04,,0,
FB,1988-05,,0,
FB,1988-06,,0,
FB,1988-07,,0,
FB,1988-08,,0,
FB,1988-09,,0,
FB,1988-10,,0,
FB,1988-11,,0,
FB,1988-12,,0,
FB,1989-01,1989-01-31,21,0.0
FB,1989-02,1989-02-28,19,0.0
FB,1989-03,1989-03-31,22,0.0
FB,1989-04,1989-04-28,20,2.0
FB,1989-05,1989-05-31,22,0.0
FB,1989-06,1989-06-30,22,0.0
FB,1989-07,1989-07-31,20,0.0
FB,1989-08,1989-08-31,23,0.0
FB,1989-09,1989-09-29,20,1.0
FB,1989-10,1989-10-31,22,0.0
FB,1989-11,1989-11-30,21,0.0
FB,1989-12,1989-12-29,20,2.0
FB,1990-01,1990-01-31,22,0.0
FB,1990-02,1990-02-28,19,0.0
FB,1990-03,1990-03-30,22,1.0
FB,1990-04,1990-04-30,20,0.0
FB,1990-05,1990-05-31,22,0.0
FB,1990-06,1990-06-29,21,1.0
FB,1990-07,1990-07-31,21,0.0
FB,1990-08,1990-08-31,23,0.0
FB,1990-09,1990-09-28,19,2.0
FB,1990-10,1990-10-31,23,0.0
FB,1990-11,1990-11-30,21,0.0
FB,1990-12,1990-12-31,20,0.0
FB,1991-01,1991-01-31,22,0.0
FB,1991-02,1991-02-28,19,0.0
FB,1991-03,1991-03-28,20,3.0
FB,1991-04,1991-04-30,22,0.0
FB,1991-05,1991-05-31,22,0.0
FB,1991-06,1991-06-28,20,2.0
FB,1991-07,1991-07-31,22,0.0
FB,1991-08,1991-08-30,22,1.0
FB,1991-09,1991-09-30,20,0.0
FB,1991-10,1991-10-31,23,0.0
FB,1991-11,1991-11-29,20,1.0
FB,1991-12,1991-12-31,21,0.0
FB,1992-01,1992-01-31,22,0.0
FB,1992-02,1992-02-28,19,1.0
FB,1992-03,1992-03-31,22,0.0
FB,1992-04,1992-04-30,20,0.0
FB,1992-05,1992-05-29,20,2.0
FB,1992-06,1992-06-30,22,0.0
FB,1992-07,1992-07-31,22,0.0
FB,1992-08,1992-08-31,21,0.0
FB,1992-09,1992-09-30,21,0.0
FB,1992-10,1992-10-30,22,1.0
FB,1992-11,1992-11-30,20,0.0
FB,1992-12,1992-12-31,22,0.0
FB,1993-01,1993-01-29,20,2.0
FB,1993-02,1993-02-26,19,2.0
FB,1993-03,1993-03-31,23,0.0
FB,1993-04,1993-04-30,21,0.0
FB,1993-05,1993-05-28,20,3.0
FB,1993-06,1993-06-30,22,0.0
FB,1993-07,1993-07-30,21,1.0
FB,1993-08,1993-08-31,22,0.0
FB,1993-09,1993-09-30,21,0.0
FB,1993-10,1993-10-29,21,2.0
FB,1993-11,1993-11-30,21,0.0
FB,1993-12,1993-12-31,22,0.0
FB,1994-01,1994-01-31,21,0.0
FB,1994-02,1994-02-28,19,0.0
FB,1994-03,1994-03-31,23,0.0
FB,1994-04,1994-04-29,20,1.0
FB,1994-05,1994-05-31,21,0.0
FB,1994-06,1994-06-30,22,0.0
FB,1994-07,1994-07-29,20,2.0
FB,1994-08,1994-08-31,23,0.0
FB,1994-09,1994-09-30,21,0.0
FB,1994-10,1994-10-31,21,0.0
FB,1994-11,1994-11-30,21,0.0
FB,1994-12,1994-12-30,21,1.0
FB,1995-01,1995-01-31,20,0.0
FB,1995-02,1995-02-28,19,0.0
FB,1995-03,1995-03-31,23,0.0
FB,1995-04,1995-04-28,19,2.0
FB,1995-05,1995-05-31,22,0.0
FB,1995-06,1995-06-30,22,0.0
FB,1995-07,1995-07-31,20,0.0
FB,1995-08,1995-08-31,23,0.0
FB,1995-09,1995-09-29,20,1.0
FB,1995-10,1995-10-31,21,0.0
FB,1995-11,1995-11-30,21,0.0
FB,1995-12,1995-12-29,20,2.0
FB,1996-01,1996-01-31,21,0.0
FB,1996-02,1996-02-29,20,0.0
FB,1996-03,1996-03-29,21,2.0
FB,1996-04,1996-04-30,22,0.0
FB,1996-05,1996-05-31,22,0.0
FB,1996-06,1996-06-28,20,2.0
FB,1996-07,1996-07-31,22,0.0
FB,1996-08,1996-08-30,22,1.0
FB,1996-09,1996-09-30,20,0.0
FB,1996-10,1996-10-31,22,0.0
FB,1996-11,1996-11-29,19,1.0
FB,1996-12,1996-12-31,21,0.0
FB,1997-01,1997-01-31,21,0.0
FB,1997-02,1997-02-28,19,0.0
FB,1997-03,1997-03-31,20,0.0
FB,1997-04,1997-04-30,22,0.0
FB,1997-05,1997-05-30,21,1.0
FB,1997-06,1997-06-30,21,0.0
FB,1997-07,1997-07-31,22,0.0
FB,1997-08,1997-08-29,21,2.0
FB,1997-09,1997-09-30,21,0.0
FB,1997-10,1997-10-31,22,0.0
FB,1997-11,1997-11-28,18,2.0
FB,1997-12,1997-12-31,22,0.0
FB,1998-01,1998-01-30,20,1.0
FB,1998-02,1998-02-27,19,1.0
FB,1998-03,1998-03-31,22,0.0
FB,1998-04,1998-04-30,21,0.0
FB,1998-05,1998-05-29,20,2.0
FB,1998-06,1998-06-30,22,0.0
FB,1998-07,1998-07-31,22,0.0
FB,1998-08,1998-08-31,21,0.0
FB,1998-09,1998-09-30,21,0.0
FB,1998-10,1998-10-30,21,1.0
FB,1998-11,1998-11-30,19,0.0
FB,1998-12,1998-12-31,22,0.0
FB,1999-01,1999-01-29,19,2.0
FB,1999-02,1999-02-26,19,2.0
FB,1999-03,1999-03-31,23,0.0
FB,1999-04,1999-04-30,22,0.0
FB,1999-05,1999-05-28,20,3.0
FB,1999-06,1999-06-30,22,0.0
FB,1999-07,1999-07-30,21,1.0
FB,1999-08,1999-08-31,22,0.0
FB,1999-09,1999-09-30,21,0.0
FB,1999-10,1999-10-29,20,2.0
FB,1999-11,1999-11-30,20,0.0
FB,1999-12,1999-12-31,22,0.0
FB,2000-01,2000-01-31,20,0.0
FB,2000-02,2000-02-29,20,0.0
FB,2000-03,2000-03-31,23,0.0
FB,2000-04,2000-04-28,19,2.0
FB,2000-05,2000-05-31,22,0.0
FB,2000-06,2000-06-30,22,0.0
FB,2000-07,2000-07-31,20,0.0
FB,2000-08,2000-08-31,23,0.0
FB,2000-09,2000-09-29,20,1.0
FB,2000-10,2000-10-31,21,0.0
FB,2000-11,2000-11-30,21,0.0
FB,2000-12,2000-12-29,20,2.0
FB,2001-01,2001-01-31,21,0.0
FB,2001-02,2001-02-28,19,0.0
FB,2001-03,2001-03-30,22,1.0
FB,2001-04,2001-04-30,20,0.0
FB,2001-05,2001-05-31,22,0.0
FB,2001-06,2001-06-29,21,1.0
FB,2001-07,2001-07-31,21,0.0
FB,2001-08,2001-08-31,23,0.0
FB,2001-09,2001-09-28,18,2.0
FB,2001-10,2001-10-31,22,0.0
FB,2001-11,2001-11-30,20,0.0
FB,2001-12,2001-12-31,20,0.0
FB,2002-01,2002-01-31,21,0.0
FB,2002-02,2002-02-28,19,0.0
FB,2002-03,2002-03-28,20,3.0
FB,2002-04,2002-04-30,22,0.0
FB,2002-05,2002-05-31,22,0.0
FB,2002-06,2002-06-28,20,2.0
FB,2002-07,2002-07-31,22,0.0
FB,2002-08,2002-08-30,22,1.0
FB,2002-09,2002-09-30,20,0.0
FB,2002-10,2002-10-31,22,0.0
FB,2002-11,2002-11-29,19,1.0
FB,2002-12,2002-12-31,21,0.0
FB,2003-01,2003-01-31,21,0.0
FB,2003-02,2003-02-28,19,0.0
FB,2003-03,2003-03-31,21,0.0
FB,2003-04,2003-04-30,21,0.0
FB,2003-05,2003-05-30,21,1.0
FB,2003-06,2003-06-30,21,0.0
FB,2003-07,2003-07-31,22,0.0
FB,2003-08,2003-08-29,21,2.0
FB,2003-09,2003-09-30,21,0.0
FB,2003-10,2003-10-31,22,0.0
FB,2003-11,2003-11-28,18,2.0
FB,2003-12,2003-12-31,22,0.0
FB,2004-01,2004-01-30,20,1.0
FB,2004-02,2004-02-27,19,2.0
FB,2004-03,2004-03-31,23,0.0
FB,2004-04,2004-04-30,21,0.0
FB,2004-05,2004-05-28,20,3.0
FB,2004-06,2004-06-30,21,0.0
FB,2004-07,2004-07-30,21,1.0
FB,2004-08,2004-08-31,22,0.0
FB,2004-09,2004-09-30,21,0.0
FB,2004-10,2004-10-29,20,2.0
FB,2004-11,2004-11-30,20,0.0
FB,2004-12,2004-12-31,22,0.0
FB,2005-01,2005-01-31,20,0.0
FB,2005-02,2005-02-28,19,0.0
FB,2005-03,2005-03-31,22,0.0
FB,2005-04,2005-04-29,21,1.0
FB,2005-05,2005-05-31,21,0.0
FB,2005-06,2005-06-30,22,0.0
FB,2005-07,2005-07-29,20,2.0
FB,2005-08,2005-08-31,23,0.0
FB,2005-09,2005-09-30,21,0.0
FB,2005-10,2005-10-31,20,0.0
FB,2005-11,2005-11-30,20,0.0
FB,2005-12,2005-12-30,21,1.0
FB,2006-01,2006-01-31,20,0.0
FB,2006-02,2006-02-28,19,0.0
FB,2006-03,2006-03-31,23,0.0
FB,2006-04,2006-04-28,19,2.0
FB,2006-05,2006-05-31,22,0.0
FB,2006-06,2006-06-30,22,0.0
FB,2006-07,2006-07-31,20,0.0
FB,2006-08,2006-08-31,23,0.0
FB,2006-09,2006-09-29,20,1.0
FB,2006-10,2006-10-31,21,0.0
FB,2006-11,2006-11-30,21,0.0
FB,2006-12,2006-12-29,20,2.0
FB,2007-01,2007-01-31,21,0.0
FB,2007-02,2007-02-28,19,0.0
FB,2007-03,2007-03-30,22,1.0
FB,2007-04,2007-04-30,21,0.0
FB,2007-05,2007-05-31,22,0.0
FB,2007-06,2007-06-29,21,1.0
FB,2007-07,2007-07-31,21,0.0
FB,2007-08,2007-08-31,23,0.0
FB,2007-09,2007-09-28,19,2.0
FB,2007-10,2007-10-31,22,0.0
FB,2007-11,2007-11-30,20,0.0
FB,2007-12,2007-12-31,20,0.0
FB,2008-01,2008-01-31,21,0.0
FB,2008-02,2008-02-29,20,0.0
FB,2008-03,2008-03-31,20,0.0
FB,2008-04,2008-04-30,22,0.0
FB,2008-05,2008-05-30,21,1.0
FB,2008-06,2008-06-30,21,0.0
FB,2008-07,2008-07-31,23,0.0
FB,2008-08,2008-08-29,21,2.0
FB,2008-09,2008-09-30,21,0.0
FB,2008-10,2008-10-31,23,0.0
FB,2008-11,2008-11-28,19,2.0
FB,2008-12,2008-12-31,22,0.0
FB,2009-01,2009-01-30,20,1.0
FB,2009-02,2009-02-27,19,1.0
FB,2009-03,2009-03-31,22,0.0
FB,2009-04,2009-04-30,21,0.0
FB,2009-05,2009-05-29,20,2.0
FB,2009-06,2009-06-30,22,0.0
FB,2009-07,2009-07-31,22,0.0
FB,2009-08,2009-08-31,21,0.0
FB,2009-09,2009-09-30,21,0.0
FB,2009-10,2009-10-30,22,1.0
FB,2009-11,2009-11-30,20,0.0
FB,2009-12,2009-12-31,22,0.0
FB,2010-01,2010-01-29,19,2.0
FB,2010-02,2010-02-26,19,2.0
FB,2010-03,2010-03-31,23,0.0
FB,2010-04,2010-04-30,22,0.0
FB,2010-05,2010-05-28,20,3.0
FB,2010-06,2010-06-30,22,0.0
FB,2010-07,2010-07-30,21,1.0
FB,2010-08,2010-08-31,22,0.0
FB,2010-09,2010-09-30,21,0.0
FB,2010-10,2010-10-29,21,2.0
FB,2010-11,2010-11-30,21,0.0
FB,2010-12,2010-12-31,22,0.0
FB,2011-01,2011-01-31,20,0.0
FB,2011-02,2011-02-28,19,0.0
FB,2011-03,2011-03-31,23,0.0
FB,2011-04,2011-04-29,20,1.0
FB,2011-05,2011-05-31,21,0.0
FB,2011-06,2011-06-30,22,0.0
FB,2011-07,2011-07-29,20,2.0
FB,2011-08,2011-08-31,23,0.0
FB,2011-09,2011-09-30,21,0.0
FB,2011-10,2011-10-31,21,0.0
FB,2011-11,2011-11-30,21,0.0
FB,2011-12,2011-12-30,21,1.0
FB,2012-01,2012-01-31,20,0.0
FB,2012-02,2012-02-29,20,0.0
FB,2012-03,2012-03-30,22,1.0
FB,2012-04,2012-04-30,21,0.0
FB,2012-05,2012-05-31,22,0.0
FB,2012-06,2012-06-29,21,1.0
FB,2012-07,2012-07-31,21,0.0
FB,2012-08,2012-08-31,23,0.0
FB,2012-09,2012-09-28,19,2.0
FB,2012-10,2012-10-31,23,0.0
FB,2012-11,2012-11-30,21,0.0
FB,2012-12,2012-12-31,20,0.0
FB,2013-01,2013-01-31,21,0.0
FB,2013-02,2013-02-28,19,0.0
FB,2013-03,2013-03-28,20,3.0
FB,2013-04,2013-04-30,22,0.0
FB,2013-05,2013-05-31,22,0.0
FB,2013-06,2013-06-28,20,2.0
FB,2013-07,2013-07-31,22,0.0
FB,2013-08,2013-08-30,22,1.0
FB,2013-09,2013-09-30,20,0.0
FB,2013-10,2013-10-31,23,0.0
FB,2013-11,2013-11-29,20,1.0
FB,2013-12,2013-12-31,21,0.0
FB,2014-01,2014-01-31,21,0.0
FB,2014-02,2014-02-28,19,0.0
FB,2014-03,2014-03-31,21,0.0
FB,2014-04,2014-04-30,21,0.0
FB,2014-05,2014-05-30,21,1.0
FB,2014-06,2014-06-30,21,0.0
FB,2014-07,2014-07-31,22,0.0
FB,2014-08,2014-08-29,21,2.0
FB,2014-09,2014-09-30,21,0.0
FB,2014-10,2014-10-31,23,0.0
FB,2014-11,2014-11-28,19,2.0
FB,2014-12,2014-12-31,22,0.0
FN,1969-01,,0,
FN,1969-02,,0,
FN,1969-03,,0,
FN,1969-04,,0,
FN,1969-05,,0,
FN,1969-06,,0,
FN,1969-07,,0,
FN,1969-08,,0,
FN,1969-09,,0,
FN,1969-10,,0,
FN,1969-11,,0,
FN,1969-12,,0,
FN,1970-01,,0,
FN,1970-02,,0,
FN,1970-03,,0,
FN,1970-04,,0,
FN,1970-05,,0,
FN,1970-06,,0,
FN,1970-07,,0,
FN,1970-08,,0,
FN,1970-09,,0,
FN,1970-10,,0,
FN,1970-11,,0,
FN,1970-12,,0,
FN,1971-01,,0,
FN,1971-02,,0,
FN,1971-03,,0,
FN,1971-04,,0,
FN,1971-05,,0,
FN,1971-06,,0,
FN,1971-07,,0,
FN,1971-08,,0,
FN,1971-09,,0,
FN,1971-10,,0,
FN,1971-11,,0,
FN,1971-12,,0,
FN,1972-01,,0,
FN,1972-02,,0,
FN,1972-03,,0,
FN,1972-04,,0,
FN,1972-05,,0,
FN,1972-06,,0,
FN,1972-07,,0,
FN,1972-08,,0,
FN,1972-09,,0,
FN,1972-10,,0,
FN,1972-11,,0,
FN,1972-12,,0,
FN,1973-01,,0,
FN,1973-02,,0,
FN,1973-03,,0,
FN,1973-04,,0,
FN,1973-05,,0,
FN,1973-06,,0,
FN,1973-07,,0,
FN,1973-08,,0,
FN,1973-09,,0,
FN,1973-10,,0,
FN,1973-11,,0,
FN,1973-12,,0,
FN,1974-01,,0,
FN,1974-02,,0,
FN,1974-03,,0,
FN,1974-04,,0,
FN,1974-05,,0,
FN,1974-06,,0,
FN,1974-07,,0,
FN,1974-08,,0,
FN,1974-09,,0,
FN,1974-10,,0,
FN,1974-11,,0,
FN,1974-12,,0,
FN,1975-01,,0,
FN,1975-02,1975-02-28,11,0.0
FN,1975-03,1975-03-31,20,0.0
FN,1975-04,1975-04-30,22,0.0
FN,1975-05,1975-05-30,21,1.0
FN,1975-06,1975-06-30,21,0.0
FN,1975-07,1975-07-31,22,0.0
FN,1975-08,1975-08-29,21,2.0
FN,1975-09,1975-09-30,21,0.0
FN,1975-10,1975-10-31,23,0.0
FN,1975-11,1975-11-28,19,2.0
FN,1975-12,1975-12-31,21,0.0
FN,1976-01,1976-01-30,21,1.0
FN,1976-02,1976-02-27,19,2.0
FN,1976-03,1976-03-31,23,0.0
FN,1976-04,1976-04-30,21,0.0
FN,1976-05,1976-05-28,20,3.0
FN,1976-06,1976-06-30,22,0.0
FN,1976-07,1976-07-30,21,1.0
FN,1976-08,1976-08-31,22,0.0
FN,1976-09,1976-09-30,21,0.0
FN,1976-10,1976-10-29,21,2.0
FN,1976-11,1976-11-30,20,0.0
FN,1976-12,1976-12-30,21,1.0
FN,1977-01,1977-01-31,21,0.0
FN,1977-02,1977-02-28,19,0.0
FN,1977-03,1977-03-31,23,0.0
FN,1977-04,1977-04-29,20,1.0
FN,1977-05,1977-05-31,21,0.0
FN,1977-06,1977-06-30,22,0.0
FN,1977-07,1977-07-29,19,2.0
FN,1977-08,1977-08-31,23,0.0
FN,1977-09,1977-09-30,21,0.0
FN,1977-10,1977-10-31,21,0.0
FN,1977-11,1977-11-30,21,0.0
FN,1977-12,1977-12-30,21,1.0
FN,1978-01,1978-01-31,21,0.0
FN,1978-02,1978-02-28,19,0.0
FN,1978-03,1978-03-31,22,0.0
FN,1978-04,1978-04-28,20,2.0
FN,1978-05,1978-05-31,22,0.0
FN,1978-06,1978-06-30,22,0.0
FN,1978-07,1978-07-31,20,0.0
FN,1978-08,1978-08-31,23,0.0
FN,1978-09,1978-09-29,20,1.0
FN,1978-10,1978-10-31,22,0.0
FN,1978-11,1978-11-30,19,0.0
FN,1978-12,1978-12-29,20,2.0
FN,1979-01,1979-01-31,22,0.0
FN,1979-02,1979-02-28,19,0.0
FN,1979-03,1979-03-30,22,1.0
FN,1979-04,1979-04-30,20,0.0
FN,1979-05,1979-05-31,22,0.0
FN,1979-06,1979-06-29,21,1.0
FN,1979-07,1979-07-31,21,0.0
FN,1979-08,1979-08-31,23,0.0
FN,1979-09,1979-09-28,19,2.0
FN,1979-10,1979-10-31,23,0.0
FN,1979-11,1979-11-30,21,0.0
FN,1979-12,1979-12-31,19,0.0
FN,1980-01,1980-01-31,22,0.0
FN,1980-02,1980-02-29,20,0.0
FN,1980-03,1980-03-31,21,0.0
FN,1980-04,1980-04-30,21,0.0
FN,1980-05,1980-05-30,21,1.0
FN,1980-06,1980-06-30,21,0.0
FN,1980-07,1980-07-31,22,0.0
FN,1980-08,1980-08-29,21,2.0
FN,1980-09,1980-09-30,21,0.0
FN,1980-10,1980-10-31,23,0.0
FN,1980-11,1980-11-28,18,2.0
FN,1980-12,1980-12-31,21,0.0
FN,1981-01,1981-01-30,21,1.0
FN,1981-02,1981-02-27,19,1.0
FN,1981-03,1981-03-31,22,0.0
FN,1981-04,1981-04-30,21,0.0
FN,1981-05,1981-05-29,20,2.0
FN,1981-06,1981-06-30,22,0.0
FN,1981-07,1981-07-31,22,0.0
FN,1981-08,1981-08-31,21,0.0
FN,1981-09,1981-09-30,21,0.0
FN,1981-10,1981-10-30,22,1.0
FN,1981-11,1981-11-30,20,0.0
FN,1981-12,1981-12-31,22,0.0
FN,1982-01,1982-01-29,20,2.0
FN,1982-02,1982-02-26,19,2.0
FN,1982-03,1982-03-31,23,0.0
FN,1982-04,1982-04-30,21,0.0
FN,1982-05,1982-05-28,20,3.0
FN,1982-06,1982-06-30,22,0.0
FN,1982-07,1982-07-30,21,1.0
FN,1982-08,1982-08-31,22,0.0
FN,1982-09,1982-09-30,21,0.0
FN,1982-10,1982-10-29,21,2.0
FN,1982-11,1982-11-30,21,0.0
FN,1982-12,1982-12-31,22,0.0
FN,1983-01,1983-01-31,21,0.0
FN,1983-02,1983-02-28,19,0.0
FN,1983-03,1983-03-31,23,0.0
FN,1983-04,1983-04-29,20,1.0
FN,1983-05,1983-05-31,21,0.0
FN,1983-06,1983-06-30,22,0.0
FN,1983-07,1983-07-29,20,2.0
FN,1983-08,1983-08-31,23,0.0
FN,1983-09,1983-09-30,21,0.0
FN,1983-10,1983-10-31,21,0.0
FN,1983-11,1983-11-30,20,0.0
FN,1983-12,1983-12-30,21,1.0
FN,1984-01,1984-01-31,21,0.0
FN,1984-02,1984-02-29,20,0.0
FN,1984-03,1984-03-30,22,1.0
FN,1984-04,1984-04-30,20,0.0
FN,1984-05,1984-05-31,22,0.0
FN,1984-06,1984-06-29,21,1.0
FN,1984-07,1984-07-31,21,0.0
FN,1984-08,1984-08-31,23,0.0
FN,1984-09,1984-09-28,19,2.0
FN,1984-10,1984-10-31,23,0.0
FN,1984-11,1984-11-30,21,0.0
FN,1984-12,1984-12-31,20,0.0
FN,1985-01,1985-01-31,22,0.0
FN,1985-02,1985-02-28,19,0.0
FN,1985-03,1985-03-29,21,2.0
FN,1985-04,1985-04-30,21,0.0
FN,1985-05,1985-05-31,22,0.0
FN,1985-06,1985-06-28,20,2.0
FN,1985-07,1985-07-31,22,0.0
FN,1985-08,1985-08-30,22,1.0
FN,1985-09,1985-09-30,20,0.0
FN,1985-10,1985-10-31,23,0.0
FN,1985-11,1985-11-29,20,1.0
FN,1985-12,1985-12-31,21,0.0
FN,1986-01,1986-01-31,22,0.0
FN,1986-02,1986-02-28,19,0.0
FN,1986-03,1986-03-31,20,0.0
FN,1986-04,1986-04-30,22,0.0
FN,1986-05,1986-05-30,21,1.0
FN,1986-06,1986-06-30,21,0.0
FN,1986-07,1986-07-31,22,0.0
FN,1986-08,1986-08-29,21,2.0
FN,1986-09,1986-09-30,21,0.0
FN,1986-10,1986-10-31,23,0.0
FN,1986-11,1986-11-28,19,2.0
FN,1986-12,1986-12-31,22,0.0
FN,1987-01,1987-01-30,21,1.0
FN,1987-02,1987-02-27,19,1.0
FN,1987-03,1987-03-31,22,0.0
FN,1987-04,1987-04-30,21,0.0
FN,1987-05,1987-05-29,20,2.0
FN,1987-06,1987-06-30,22,0.0
FN,1987-07,1987-07-31,22,0.0
FN,1987-08,1987-08-31,21,0.0
FN,1987-09,1987-09-30,21,0.0
FN,1987-10,1987-10-30,22,1.0
FN,1987-11,1987-11-30,20,0.0
FN,1987-12,1987-12-31,22,0.0
FN,1988-01,1988-01-29,20,2.0
FN,1988-02,1988-02-29,20,0.0
FN,1988-03,1988-03-31,23,0.0
FN,1988-04,1988-04-29,20,1.0
FN,1988-05,1988-05-31,21,0.0
FN,1988-06,1988-06-30,22,0.0
FN,1988-07,1988-07-29,20,2.0
FN,1988-08,1988-08-31,23,0.0
FN,1988-09,1988-09-30,21,0.0
FN,1988-10,1988-10-31,21,0.0
FN,1988-11,1988-11-30,21,0.0
FN,1988-12,1988-12-30,21,1.0
FN,1989-01,1989-01-31,21,0.0
FN,1989-02,1989-02-28,19,0.0
FN,1989-03,1989-03-31,22,0.0
FN,1989-04,1989-04-28,20,2.0
FN,1989-05,1989-05-31,22,0.0
FN,1989-06,1989-06-30,22,0.0
FN,1989-07,1989-07-31,20,0.0
FN,1989-08,1989-08-31,23,0.0
FN,1989-09,1989-09-29,20,1.0
FN,1989-10,1989-10-31,22,0.0
FN,1989-11,1989-11-30,21,0.0
FN,1989-12,1989-12-29,20,2.0
FN,1990-01,1990-01-31,22,0.0
FN,1990-02,1990-02-28,19,0.0
FN,1990-03,1990-03-30,22,1.0
FN,1990-04,1990-04-30,20,0.0
FN,1990-05,1990-05-31,22,0.0
FN,1990-06,1990-06-29,21,1.0
FN,1990-07,1990-07-31,21,0.0
FN,1990-08,1990-08-31,23,0.0
FN,1990-09,1990-09-28,19,2.0
FN,1990-10,1990-10-31,23,0.0
FN,1990-11,1990-11-30,21,0.0
FN,1990-12,1990-12-31,20,0.0
FN,1991-01,1991-01-31,22,0.0
FN,1991-02,1991-02-28,19,0.0
FN,1991-03,1991-03-28,20,3.0
FN,1991-04,1991-04-30,22,0.0
FN,1991-05,1991-05-31,22,0.0
FN,1991-06,1991-06-28,20,2.0
FN,1991-07,1991-07-31,22,0.0
FN,1991-08,1991-08-30,22,1.0
FN,1991-09,1991-09-30,20,0.0
FN,1991-10,1991-10-31,23,0.0
FN,1991-11,1991-11-29,20,1.0
FN,1991-12,1991-12-31,21,0.0
FN,1992-01,1992-01-31,22,0.0
FN,1992-02,1992-02-28,19,1.0
FN,1992-03,1992-03-31,22,0.0
FN,1992-04,1992-04-30,21,0.0
FN,1992-05,1992-05-29,20,2.0
FN,1992-06,1992-06-30,22,0.0
FN,1992-07,1992-07-31,22,0.0
FN,1992-08,1992-08-31,21,0.0
FN,1992-09,1992-09-30,21,0.0
FN,1992-10,1992-10-30,22,1.0
FN,1992-11,1992-11-30,20,0.0
FN,1992-12,1992-12-31,22,0.0
FN,1993-01,1993-01-29,20,2.0
FN,1993-02,1993-02-26,19,2.0
FN,1993-03,1993-03-31,23,0.0
FN,1993-04,1993-04-30,21,0.0
FN,1993-05,1993-05-28,20,3.0
FN,1993-06,1993-06-30,22,0.0
FN,1993-07,1993-07-30,21,1.0
FN,1993-08,1993-08-31,22,0.0
FN,1993-09,1993-09-30,21,0.0
FN,1993-10,1993-10-29,21,2.0
FN,1993-11,1993-11-30,21,0.0
FN,1993-12,1993-12-31,22,0.0
FN,1994-01,1994-01-31,21,0.0
FN,1994-02,1994-02-28,19,0.0
FN,1994-03,1994-03-31,23,0.0
FN,1994-04,1994-04-29,20,1.0
FN,1994-05,1994-05-31,21,0.0
FN,1994-06,1994-06-30,22,0.0
FN,1994-07,1994-07-29,20,2.0
FN,1994-08,1994-08-31,23,0.0
FN,1994-09,1994-09-30,21,0.0
FN,1994-10,1994-10-31,21,0.0
FN,1994-11,1994-11-30,21,0.0
FN,1994-12,1994-12-30,21,1.0
FN,1995-01,1995-01-31,21,0.0
FN,1995-02,1995-02-28,19,0.0
FN,1995-03,1995-03-31,23,0.0
FN,1995-04,1995-04-28,19,2.0
FN,1995-05,1995-05-31,22,0.0
FN,1995-06,1995-06-30,22,0.0
FN,1995-07,1995-07-31,20,0.0
FN,1995-08,1995-08-31,23,0.0
FN,1995-09,1995-09-29,20,1.0
FN,1995-10,1995-10-31,22,0.0
FN,1995-11,1995-11-30,21,0.0
FN,1995-12,1995-12-29,20,2.0
FN,1996-01,1996-01-31,22,0.0
FN,1996-02,1996-02-29,20,0.0
FN,1996-03,1996-03-29,21,2.0
FN,1996-04,1996-04-30,22,0.0
FN,1996-05,1996-05-31,22,0.0
FN,1996-06,1996-06-28,20,2.0
FN,1996-07,1996-07-31,22,0.0
FN,1996-08,1996-08-30,22,1.0
FN,1996-09,1996-09-30,20,0.0
FN,1996-10,1996-10-31,23,0.0
FN,1996-11,1996-11-29,20,1.0
FN,1996-12,1996-12-31,21,0.0
FN,1997-01,1997-01-31,21,0.0
FN,1997-02,1997-02-28,19,0.0
FN,1997-03,1997-03-31,20,0.0
FN,1997-04,1997-04-30,22,0.0
FN,1997-05,1997-05-30,21,1.0
FN,1997-06,1997-06-30,21,0.0
FN,1997-07,1997-07-31,22,0.0
FN,1997-08,1997-08-29,21,2.0
FN,1997-09,1997-09-30,21,0.0
FN,1997-10,1997-10-31,22,0.0
FN,1997-11,1997-11-28,18,2.0
FN,1997-12,1997-12-31,22,0.0
FN,1998-01,1998-01-30,20,1.0
FN,1998-02,1998-02-27,19,1.0
FN,1998-03,1998-03-31,22,0.0
FN,1998-04,1998-04-30,21,0.0
FN,1998-05,1998-05-29,20,2.0
FN,1998-06,1998-06-30,22,0.0
FN,1998-07,1998-07-31,22,0.0
FN,1998-08,1998-08-31,21,0.0
FN,1998-09,1998-09-30,21,0.0
FN,1998-10,1998-10-30,21,1.0
FN,1998-11,1998-11-30,20,0.0
FN,1998-12,1998-12-31,22,0.0
FN,1999-01,1999-01-29,19,2.0
FN,1999-02,1999-02-26,19,2.0
FN,1999-03,1999-03-31,23,0.0
FN,1999-04,1999-04-30,21,0.0
FN,1999-05,1999-05-28,20,3.0
FN,1999-06,1999-06-30,22,0.0
FN,1999-07,1999-07-30,21,1.0
FN,1999-08,1999-08-31,22,0.0
FN,1999-09,1999-09-30,21,0.0
FN,1999-10,1999-10-29,20,2.0
FN,1999-11,1999-11-30,20,0.0
FN,1999-12,1999-12-31,22,0.0
FN,2000-01,2000-01-31,20,0.0
FN,2000-02,2000-02-29,20,0.0
FN,2000-03,2000-03-31,23,0.0
FN,2000-04,2000-04-28,19,2.0
FN,2000-05,2000-05-31,22,0.0
FN,2000-06,2000-06-30,22,0.0
FN,2000-07,2000-07-31,20,0.0
FN,2000-08,2000-08-31,23,0.0
FN,2000-09,2000-09-29,20,1.0
FN,2000-10,2000-10-31,21,0.0
FN,2000-11,2000-11-30,21,0.0
FN,2000-12,2000-12-29,20,2.0
FN,2001-01,2001-01-31,21,0.0
FN,2001-02,2001-02-28,19,0.0
FN,2001-03,2001-03-30,22,1.0
FN,2001-04,2001-04-30,20,0.0
FN,2001-05,2001-05-31,22,0.0
FN,2001-06,2001-06-29,21,1.0
FN,2001-07,2001-07-31,21,0.0
FN,2001-08,2001-08-31,23,0.0
FN,2001-09,2001-09-28,18,2.0
FN,2001-10,2001-10-31,22,0.0
FN,2001-11,2001-11-30,20,0.0
FN,2001-12,2001-12-31,20,0.0
FN,2002-01,2002-01-31,21,0.0
FN,2002-02,2002-02-28,19,0.0
FN,2002-03,2002-03-28,20,3.0
FN,2002-04,2002-04-30,22,0.0
FN,2002-05,2002-05-31,22,0.0
FN,2002-06,2002-06-28,20,2.0
FN,2002-07,2002-07-31,22,0.0
FN,2002-08,2002-08-30,22,1.0
FN,2002-09,2002-09-30,20,0.0
FN,2002-10,2002-10-31,22,0.0
FN,2002-11,2002-11-29,19,1.0
FN,2002-12,2002-12-31,21,0.0
FN,2003-01,2003-01-31,21,0.0
FN,2003-02,2003-02-28,19,0.0
FN,2003-03,2003-03-31,21,0.0
FN,2003-04,2003-04-30,21,0.0
FN,2003-05,2003-05-30,21,1.0
FN,2003-06,2003-06-30,21,0.0
FN,2003-07,2003-07-31,22,0.0
FN,2003-08,2003-08-29,21,2.0
FN,2003-09,2003-09-30,21,0.0
FN,2003-10,2003-10-31,22,0.0
FN,2003-11,2003-11-28,18,2.0
FN,2003-12,2003-12-31,22,0.0
FN,2004-01,2004-01-30,20,1.0
FN,2004-02,2004-02-27,19,2.0
FN,2004-03,2004-03-31,23,0.0
FN,2004-04,2004-04-30,21,0.0
FN,2004-05,2004-05-28,20,3.0
FN,2004-06,2004-06-30,21,0.0
FN,2004-07,2004-07-30,21,1.0
FN,2004-08,2004-08-31,22,0.0
FN,2004-09,2004-09-30,21,0.0
FN,2004-10,2004-10-29,20,2.0
FN,2004-11,2004-11-30,20,0.0
FN,2004-12,2004-12-31,22,0.0
FN,2005-01,2005-01-31,20,0.0
FN,2005-02,2005-02-28,19,0.0
FN,2005-03,2005-03-31,22,0.0
FN,2005-04,2005-04-29,21,1.0
FN,2005-05,2005-05-31,21,0.0
FN,2005-06,2005-06-30,22,0.0
FN,2005-07,2005-07-29,20,2.0
FN,2005-08,2005-08-31,23,0.0
FN,2005-09,2005-09-30,21,0.0
FN,2005-10,2005-10-31,20,0.0
FN,2005-11,2005-11-30,20,0.0
FN,2005-12,2005-12-30,21,1.0
FN,2006-01,2006-01-31,20,0.0
FN,2006-02,2006-02-28,19,0.0
FN,2006-03,2006-03-31,23,0.0
FN,2006-04,2006-04-28,19,2.0
FN,2006-05,2006-05-31,22,0.0
FN,2006-06,2006-06-30,22,0.0
FN,2006-07,2006-07-31,20,0.0
FN,2006-08,2006-08-31,23,0.0
FN,2006-09,2006-09-29,20,1.0
FN,2006-10,2006-10-31,21,0.0
FN,2006-11,2006-11-30,21,0.0
FN,2006-12,2006-12-29,20,2.0
FN,2007-01,2007-01-31,21,0.0
FN,2007-02,2007-02-28,19,0.0
FN,2007-03,2007-03-30,22,1.0
FN,2007-04,2007-04-30,21,0.0
FN,2007-05,2007-05-31,21,0.0
FN,2007-06,2007-06-29,21,1.0
FN,2007-07,2007-07-31,21,0.0
FN,2007-08,2007-08-31,23,0.0
FN,2007-09,2007-09-28,19,2.0
FN,2007-10,2007-10-31,23,0.0
FN,2007-11,2007-11-30,21,0.0
FN,2007-12,2007-12-31,20,0.0
FN,2008-01,2008-01-31,21,0.0
FN,2008-02,2008-02-29,20,0.0
FN,2008-03,2008-03-31,20,0.0
FN,2008-04,2008-04-30,22,0.0
FN,2008-05,2008-05-30,21,1.0
FN,2008-06,2008-06-27,20,3.0
FN,2008-07,2008-07-31,23,0.0
FN,2008-08,2008-08-29,21,2.0
FN,2008-09,2008-09-30,21,0.0
FN,2008-10,2008-10-31,23,0.0
FN,2008-11,2008-11-28,19,2.0
FN,2008-12,2008-12-31,22,0.0
FN,2009-01,2009-01-30,20,1.0
FN,2009-02,2009-02-27,19,1.0
FN,2009-03,2009-03-31,22,0.0
FN,2009-04,2009-04-30,21,0.0
FN,2009-05,2009-05-29,20,2.0
FN,2009-06,2009-06-30,22,0.0
FN,2009-07,2009-07-31,23,0.0
FN,2009-08,2009-08-31,21,0.0
FN,2009-09,2009-09-30,21,0.0
FN,2009-10,2009-10-30,22,1.0
FN,2009-11,2009-11-30,20,0.0
FN,2009-12,2009-12-31,22,0.0
FN,2010-01,2010-01-29,19,2.0
FN,2010-02,2010-02-26,19,2.0
FN,2010-03,2010-03-31,23,0.0
FN,2010-04,2010-04-30,22,0.0
FN,2010-05,2010-05-28,20,3.0
FN,2010-06,2010-06-30,22,0.0
FN,2010-07,2010-07-30,21,1.0
FN,2010-08,2010-08-31,22,0.0
FN,2010-09,2010-09-30,21,0.0
FN,2010-10,2010-10-29,21,2.0
FN,2010-11,2010-11-30,21,0.0
FN,2010-12,2010-12-31,22,0.0
FN,2011-01,2011-01-31,20,0.0
FN,2011-02,2011-02-28,19,0.0
FN,2011-03,2011-03-31,23,0.0
FN,2011-04,2011-04-29,20,1.0
FN,2011-05,2011-05-31,21,0.0
FN,2011-06,2011-06-30,22,0.0
FN,2011-07,2011-07-29,20,2.0
FN,2011-08,2011-08-31,23,0.0
FN,2011-09,2011-09-30,21,0.0
FN,2011-10,2011-10-31,21,0.0
FN,2011-11,2011-11-30,21,0.0
FN,2011-12,2011-12-30,21,1.0
FN,2012-01,2012-01-31,20,0.0
FN,2012-02,2012-02-29,19,0.0
FN,2012-03,2012-03-30,22,1.0
FN,2012-04,2012-04-30,21,0.0
FN,2012-05,2012-05-31,22,0.0
FN,2012-06,2012-06-29,21,1.0
FN,2012-07,2012-07-31,21,0.0
FN,2012-08,2012-08-31,23,0.0
FN,2012-09,2012-09-28,19,2.0
FN,2012-10,2012-10-31,23,0.0
FN,2012-11,2012-11-30,21,0.0
FN,2012-12,2012-12-31,20,0.0
FN,2013-01,2013-01-31,21,0.0
FN,2013-02,2013-02-28,19,0.0
FN,2013-03,2013-03-28,20,3.0
FN,2013-04,2013-04-30,22,0.0
FN,2013-05,2013-05-31,22,0.0
FN,2013-06,2013-06-28,20,2.0
FN,2013-07,2013-07-31,22,0.0
FN,2013-08,2013-08-30,22,1.0
FN,2013-09,2013-09-30,20,0.0
FN,2013-10,2013-10-31,23,0.0
FN,2013-11,2013-11-29,20,1.0
FN,2013-12,2013-12-31,21,0.0
FN,2014-01,2014-01-31,21,0.0
FN,2014-02,2014-02-28,19,0.0
FN,2014-03,2014-03-31,21,0.0
FN,2014-04,2014-04-30,21,0.0
FN,2014-05,2014-05-30,21,1.0
FN,2014-06,2014-06-30,21,0.0
FN,2014-07,2014-07-31,22,0.0
FN,2014-08,2014-08-29,21,2.0
FN,2014-09,2014-09-30,21,0.0
FN,2014-10,2014-10-31,23,0.0
FN,2014-11,2014-11-28,19,2.0
FN,2014-12,2014-12-31,22,0.0
GS,1969-01,,0,
GS,1969-02,,0,
GS,1969-03,,0,
GS,1969-04,,0,
GS,1969-05,,0,
GS,1969-06,,0,
GS,1969-07,,0,
GS,1969-08,,0,
GS,1969-09,,0,
GS,1969-10,,0,
GS,1969-11,,0,
GS,1969-12,,0,
GS,1970-01,,0,
GS,1970-02,,0,
GS,1970-03,,0,
GS,1970-04,,0,
GS,1970-05,,0,
GS,1970-06,,0,
GS,1970-07,,0,
GS,1970-08,,0,
GS,1970-09,,0,
GS,1970-10,,0,
GS,1970-11,,0,
GS,1970-12,,0,
GS,1971-01,,0,
GS,1971-02,,0,
GS,1971-03,,0,
GS,1971-04,,0,
GS,1971-05,,0,
GS,1971-06,,0,
GS,1971-07,,0,
GS,1971-08,,0,
GS,1971-09,,0,
GS,1971-10,,0,
GS,1971-11,,0,
GS,1971-12,,0,
GS,1972-01,,0,
GS,1972-02,,0,
GS,1972-03,,0,
GS,1972-04,,0,
GS,1972-05,,0,
GS,1972-06,,0,
GS,1972-07,,0,
GS,1972-08,,0,
GS,1972-09,,0,
GS,1972-10,,0,
GS,1972-11,,0,
GS,1972-12,,0,
GS,1973-01,,0,
GS,1973-02,,0,
GS,1973-03,,0,
GS,1973-04,,0,
GS,1973-05,,0,
GS,1973-06,,0,
GS,1973-07,,0,
GS,1973-08,,0,
GS,1973-09,,0,
GS,1973-10,,0,
GS,1973-11,,0,
GS,1973-12,,0,
GS,1974-01,,0,
GS,1974-02,,0,
GS,1974-03,,0,
GS,1974-04,,0,
GS,1974-05,,0,
GS,1974-06,,0,
GS,1974-07,,0,
GS,1974-08,,0,
GS,1974-09,,0,
GS,1974-10,,0,
GS,1974-11,,0,
GS,1974-12,,0,
GS,1975-01,,0,
GS,1975-02,,0,
GS,1975-03,,0,
GS,1975-04,,0,
GS,1975-05,,0,
GS,1975-06,,0,
GS,1975-07,,0,
GS,1975-08,,0,
GS,1975-09,,0,
GS,1975-10,,0,
GS,1975-11,,0,
GS,1975-12,,0,
GS,1976-01,,0,
GS,1976-02,,0,
GS,1976-03,,0,
GS,1976-04,,0,
GS,1976-05,,0,
GS,1976-06,,0,
GS,1976-07,,0,
GS,1976-08,,0,
GS,1976-09,,0,
GS,1976-10,,0,
GS,1976-11,,0,
GS,1976-12,,0,
GS,1977-01,,0,
GS,1977-02,,0,
GS,1977-03,,0,
GS,1977-04,,0,
GS,1977-05,,0,
GS,1977-06,,0,
GS,1977-07,,0,
GS,1977-08,,0,
GS,1977-09,,0,
GS,1977-10,,0,
GS,1977-11,,0,
GS,1977-12,,0,
GS,1978-01,,0,
GS,1978-02,,0,
GS,1978-03,,0,
GS,1978-04,,0,
GS,1978-05,,0,
GS,1978-06,,0,
GS,1978-07,,0,
GS,1978-08,,0,
GS,1978-09,,0,
GS,1978-10,,0,
GS,1978-11,,0,
GS,1978-12,,0,
GS,1979-01,,0,
GS,1979-02,,0,
GS,1979-03,,0,
GS,1979-04,,0,
GS,1979-05,,0,
GS,1979-06,,0,
GS,1979-07,,0,
GS,1979-08,,0,
GS,1979-09,,0,
GS,1979-10,,0,
GS,1979-11,,0,
GS,1979-12,,0,
GS,1980-01,,0,
GS,1980-02,,0,
GS,1980-03,,0,
GS,1980-04,,0,
GS,1980-05,,0,
GS,1980-06,,0,
GS,1980-07,,0,
GS,1980-08,,0,
GS,1980-09,,0,
GS,1980-10,,0,
GS,1980-11,,0,
GS,1980-12,,0,
GS,1981-01,,0,
GS,1981-02,,0,
GS,1981-03,,0,
GS,1981-04,,0,
GS,1981-05,,0,
GS,1981-06,,0,
GS,1981-07,,0,
GS,1981-08,,0,
GS,1981-09,,0,
GS,1981-10,,0,
GS,1981-11,,0,
GS,1981-12,,0,
GS,1982-01,,0,
GS,1982-02,,0,
GS,1982-03,,0,
GS,1982-04,,0,
GS,1982-05,,0,
GS,1982-06,,0,
GS,1982-07,,0,
GS,1982-08,,0,
GS,1982-09,,0,
GS,1982-10,,0,
GS,1982-11,,0,
GS,1982-12,,0,
GS,1983-01,,0,
GS,1983-02,,0,
GS,1983-03,,0,
GS,1983-04,,0,
GS,1983-05,,0,
GS,1983-06,,0,
GS,1983-07,,0,
GS,1983-08,,0,
GS,1983-09,,0,
GS,1983-10,,0,
GS,1983-11,,0,
GS,1983-12,,0,
GS,1984-01,,0,
GS,1984-02,,0,
GS,1984-03,,0,
GS,1984-04,,0,
GS,1984-05,,0,
GS,1984-06,,0,
GS,1984-07,,0,
GS,1984-08,,0,
GS,1984-09,,0,
GS,1984-10,,0,
GS,1984-11,,0,
GS,1984-12,,0,
GS,1985-01,,0,
GS,1985-02,,0,
GS,1985-03,,0,
GS,1985-04,,0,
GS,1985-05,,0,
GS,1985-06,,0,
GS,1985-07,,0,
GS,1985-08,,0,
GS,1985-09,,0,
GS,1985-10,,0,
GS,1985-11,,0,
GS,1985-12,,0,
GS,1986-01,,0,
GS,1986-02,,0,
GS,1986-03,,0,
GS,1986-04,,0,
GS,1986-05,,0,
GS,1986-06,,0,
GS,1986-07,,0,
GS,1986-08,,0,
GS,1986-09,,0,
GS,1986-10,,0,
GS,1986-11,,0,
GS,1986-12,,0,
GS,1987-01,,0,
GS,1987-02,,0,
GS,1987-03,,0,
GS,1987-04,,0,
GS,1987-05,,0,
GS,1987-06,,0,
GS,1987-07,,0,
GS,1987-08,,0,
GS,1987-09,,0,
GS,1987-10,,0,
GS,1987-11,,0,
GS,1987-12,,0,
GS,1988-01,,0,
GS,1988-02,,0,
GS,1988-03,,0,
GS,1988-04,,0,
GS,1988-05,,0,
GS,1988-06,,0,
GS,1988-07,,0,
GS,1988-08,,0,
GS,1988-09,,0,
GS,1988-10,,0,
GS,1988-11,,0,
GS,1988-12,,0,
GS,1989-01,,0,
GS,1989-02,,0,
GS,1989-03,,0,
GS,1989-04,,0,
GS,1989-05,,0,
GS,1989-06,,0,
GS,1989-07,,0,
GS,1989-08,,0,
GS,1989-09,,0,
GS,1989-10,,0,
GS,1989-11,1989-11-30,6,0.0
GS,1989-12,1989-12-29,19,2.0
GS,1990-01,1990-01-31,22,0.0
GS,1990-02,1990-02-28,20,0.0
GS,1990-03,1990-03-30,22,1.0
GS,1990-04,1990-04-30,19,0.0
GS,1990-05,1990-05-31,21,0.0
GS,1990-06,1990-06-29,21,1.0
GS,1990-07,1990-07-31,22,0.0
GS,1990-08,1990-08-31,22,0.0
GS,1990-09,1990-09-28,20,2.0
GS,1990-10,1990-10-31,23,0.0
GS,1990-11,1990-11-30,22,0.0
GS,1990-12,1990-12-31,19,0.0
GS,1991-01,1991-01-31,22,0.0
GS,1991-02,1991-02-28,20,0.0
GS,1991-03,1991-03-28,20,3.0
GS,1991-04,1991-04-30,21,0.0
GS,1991-05,1991-05-31,21,0.0
GS,1991-06,1991-06-28,20,2.0
GS,1991-07,1991-07-31,23,0.0
GS,1991-08,1991-08-30,21,1.0
GS,1991-09,1991-09-30,21,0.0
GS,1991-10,1991-10-31,23,0.0
GS,1991-11,1991-11-29,21,1.0
GS,1991-12,1991-12-31,20,0.0
GS,1992-01,1992-01-31,22,0.0
GS,1992-02,1992-02-28,20,1.0
GS,1992-03,1992-03-31,22,0.0
GS,1992-04,1992-04-30,20,0.0
GS,1992-05,1992-05-29,19,2.0
GS,1992-06,1992-06-30,22,0.0
GS,1992-07,1992-07-31,23,0.0
GS,1992-08,1992-08-28,20,3.0
GS,1992-09,1992-09-30,22,0.0
GS,1992-10,1992-10-30,22,1.0
GS,1992-11,1992-11-30,21,0.0
GS,1992-12,1992-12-31,21,0.0
GS,1993-01,1993-01-29,20,2.0
GS,1993-02,1993-02-26,20,2.0
GS,1993-03,1993-03-31,23,0.0
GS,1993-04,1993-04-30,20,0.0
GS,1993-05,1993-05-28,19,3.0
GS,1993-06,1993-06-30,22,0.0
GS,1993-07,1993-07-30,22,1.0
GS,1993-08,1993-08-31,21,0.0
GS,1993-09,1993-09-30,22,0.0
GS,1993-10,1993-10-29,21,2.0
GS,1993-11,1993-11-30,22,0.0
GS,1993-12,1993-12-31,21,0.0
GS,1994-01,1994-01-31,20,0.0
GS,1994-02,1994-02-28,20,0.0
GS,1994-03,1994-03-31,23,0.0
GS,1994-04,1994-04-29,19,1.0
GS,1994-05,1994-05-31,20,0.0
GS,1994-06,1994-06-30,22,0.0
GS,1994-07,1994-07-29,21,2.0
GS,1994-08,1994-08-31,22,0.0
GS,1994-09,1994-09-30,22,0.0
GS,1994-10,1994-10-31,21,0.0
GS,1994-11,1994-11-30,22,0.0
GS,1994-12,1994-12-30,20,1.0
GS,1995-01,1995-01-31,21,0.0
GS,1995-02,1995-02-28,20,0.0
GS,1995-03,1995-03-31,23,0.0
GS,1995-04,1995-04-28,18,2.0
GS,1995-05,1995-05-31,21,0.0
GS,1995-06,1995-06-30,22,0.0
GS,1995-07,1995-07-31,21,0.0
GS,1995-08,1995-08-31,22,0.0
GS,1995-09,1995-09-29,21,1.0
GS,1995-10,1995-10-31,22,0.0
GS,1995-11,1995-11-30,22,0.0
GS,1995-12,1995-12-29,19,2.0
GS,1996-01,1996-01-31,22,0.0
GS,1996-02,1996-02-29,21,0.0
GS,1996-03,1996-03-29,21,2.0
GS,1996-04,1996-04-30,20,0.0
GS,1996-05,1996-05-31,21,0.0
GS,1996-06,1996-06-28,20,2.0
GS,1996-07,1996-07-31,23,0.0
GS,1996-08,1996-08-30,21,1.0
GS,1996-09,1996-09-30,21,0.0
GS,1996-10,1996-10-31,23,0.0
GS,1996-11,1996-11-29,21,1.0
GS,1996-12,1996-12-31,20,0.0
GS,1997-01,1997-01-31,22,0.0
GS,1997-02,1997-02-28,20,0.0
GS,1997-03,1997-03-27,19,4.0
GS,1997-04,1997-04-30,22,0.0
GS,1997-05,1997-05-30,20,1.0
GS,1997-06,1997-06-30,21,0.0
GS,1997-07,1997-07-31,23,0.0
GS,1997-08,1997-08-29,20,2.0
GS,1997-09,1997-09-30,22,0.0
GS,1997-10,1997-10-31,23,0.0
GS,1997-11,1997-11-28,20,2.0
GS,1997-12,1997-12-31,21,0.0
GS,1998-01,1998-01-30,21,1.0
GS,1998-02,1998-02-27,20,1.0
GS,1998-03,1998-03-31,22,0.0
GS,1998-04,1998-04-30,20,0.0
GS,1998-05,1998-05-29,20,2.0
GS,1998-06,1998-06-30,22,0.0
GS,1998-07,1998-07-31,23,0.0
GS,1998-08,1998-08-28,20,3.0
GS,1998-09,1998-09-30,22,0.0
GS,1998-10,1998-10-30,22,1.0
GS,1998-11,1998-11-30,21,0.0
GS,1998-12,1998-12-30,20,1.0
GS,1999-01,1999-01-29,20,2.0
GS,1999-02,1999-02-26,20,2.0
GS,1999-03,1999-03-31,23,0.0
GS,1999-04,1999-04-30,20,0.0
GS,1999-05,1999-05-28,19,3.0
GS,1999-06,1999-06-30,21,0.0
GS,1999-07,1999-07-30,22,1.0
GS,1999-08,1999-08-31,21,0.0
GS,1999-09,1999-09-30,22,0.0
GS,1999-10,1999-10-29,21,2.0
GS,1999-11,1999-11-30,22,0.0
GS,1999-12,1999-12-30,19,1.0
GS,2000-01,2000-01-31,20,0.0
GS,2000-02,2000-02-29,20,0.0
GS,2000-03,2000-03-31,23,0.0
GS,2000-04,2000-04-28,18,2.0
GS,2000-05,2000-05-31,21,0.0
GS,2000-06,2000-06-30,22,0.0
GS,2000-07,2000-07-31,21,0.0
GS,2000-08,2000-08-31,22,0.0
GS,2000-09,2000-09-29,21,1.0
GS,2000-10,2000-10-31,22,0.0
GS,2000-11,2000-11-30,22,0.0
GS,2000-12,2000-12-29,19,2.0
GS,2001-01,2001-01-31,22,0.0
GS,2001-02,2001-02-28,20,0.0
GS,2001-03,2001-03-30,22,1.0
GS,2001-04,2001-04-30,19,0.0
GS,2001-05,2001-05-31,21,0.0
GS,2001-06,2001-06-29,21,1.0
GS,2001-07,2001-07-31,21,0.0
GS,2001-08,2001-08-31,22,0.0
GS,2001-09,2001-09-28,20,2.0
GS,2001-10,2001-10-31,23,0.0
GS,2001-11,2001-11-30,22,0.0
GS,2001-12,2001-12-31,19,0.0
GS,2002-01,2002-01-31,22,0.0
GS,2002-02,2002-02-28,20,0.0
GS,2002-03,2002-03-28,20,3.0
GS,2002-04,2002-04-30,21,0.0
GS,2002-05,2002-05-31,21,0.0
GS,2002-06,2002-06-28,18,2.0
GS,2002-07,2002-07-31,23,0.0
GS,2002-08,2002-08-30,21,1.0
GS,2002-09,2002-09-30,21,0.0
GS,2002-10,2002-10-31,23,0.0
GS,2002-11,2002-11-29,21,1.0
GS,2002-12,2002-12-31,20,0.0
GS,2003-01,2003-01-31,22,0.0
GS,2003-02,2003-02-28,20,0.0
GS,2003-03,2003-03-31,21,0.0
GS,2003-04,2003-04-30,20,0.0
GS,2003-05,2003-05-30,20,1.0
GS,2003-06,2003-06-30,21,0.0
GS,2003-07,2003-07-31,23,0.0
GS,2003-08,2003-08-29,20,2.0
GS,2003-09,2003-09-30,22,0.0
GS,2003-10,2003-10-31,23,0.0
GS,2003-11,2003-11-28,20,2.0
GS,2003-12,2003-12-31,21,0.0
GS,2004-01,2004-01-30,21,1.0
GS,2004-02,2004-02-27,20,2.0
GS,2004-03,2004-03-31,23,0.0
GS,2004-04,2004-04-30,20,0.0
GS,2004-05,2004-05-28,19,3.0
GS,2004-06,2004-06-30,22,0.0
GS,2004-07,2004-07-30,22,1.0
GS,2004-08,2004-08-31,21,0.0
GS,2004-09,2004-09-30,22,0.0
GS,2004-10,2004-10-29,21,2.0
GS,2004-11,2004-11-30,22,0.0
GS,2004-12,2004-12-31,21,0.0
GS,2005-01,2005-01-31,20,0.0
GS,2005-02,2005-02-28,20,0.0
GS,2005-03,2005-03-31,21,0.0
GS,2005-04,2005-04-29,21,1.0
GS,2005-05,2005-05-31,20,0.0
GS,2005-06,2005-06-30,22,0.0
GS,2005-07,2005-07-29,21,2.0
GS,2005-08,2005-08-31,22,0.0
GS,2005-09,2005-09-30,22,0.0
GS,2005-10,2005-10-31,21,0.0
GS,2005-11,2005-11-30,22,0.0
GS,2005-12,2005-12-30,20,1.0
GS,2006-01,2006-01-31,21,0.0
GS,2006-02,2006-02-28,20,0.0
GS,2006-03,2006-03-31,23,0.0
GS,2006-04,2006-04-28,18,2.0
GS,2006-05,2006-05-31,22,0.0
GS,2006-06,2006-06-30,22,0.0
GS,2006-07,2006-07-31,21,0.0
GS,2006-08,2006-08-31,22,0.0
GS,2006-09,2006-09-29,21,1.0
GS,2006-10,2006-10-31,22,0.0
GS,2006-11,2006-11-30,22,0.0
GS,2006-12,2006-12-29,19,2.0
GS,2007-01,2007-01-31,22,0.0
GS,2007-02,2007-02-28,20,0.0
GS,2007-03,2007-03-30,22,1.0
GS,2007-04,2007-04-30,19,0.0
GS,2007-05,2007-05-31,21,0.0
GS,2007-06,2007-06-29,21,1.0
GS,2007-07,2007-07-31,22,0.0
GS,2007-08,2007-08-31,22,0.0
GS,2007-09,2007-09-28,20,2.0
GS,2007-10,2007-10-31,23,0.0
GS,2007-11,2007-11-30,22,0.0
GS,2007-12,2007-12-31,19,0.0
GS,2008-01,2008-01-31,22,0.0
GS,2008-02,2008-02-29,21,0.0
GS,2008-03,2008-03-31,19,0.0
GS,2008-04,2008-04-30,22,0.0
GS,2008-05,2008-05-30,20,1.0
GS,2008-06,2008-06-30,21,0.0
GS,2008-07,2008-07-31,23,0.0
GS,2008-08,2008-08-29,20,2.0
GS,2008-09,2008-09-30,22,0.0
GS,2008-10,2008-10-31,23,0.0
GS,2008-11,2008-11-28,20,2.0
GS,2008-12,2008-12-31,21,0.0
GS,2009-01,2009-01-30,21,1.0
GS,2009-02,2009-02-27,20,1.0
GS,2009-03,2009-03-31,22,0.0
GS,2009-04,2009-04-30,20,0.0
GS,2009-05,2009-05-29,19,2.0
GS,2009-06,2009-06-30,22,0.0
GS,2009-07,2009-07-31,23,0.0
GS,2009-08,2009-08-28,20,3.0
GS,2009-09,2009-09-30,22,0.0
GS,2009-10,2009-10-30,22,1.0
GS,2009-11,2009-11-30,21,0.0
GS,2009-12,2009-12-31,22,0.0
GS,2010-01,2010-01-29,20,2.0
GS,2010-02,2010-02-26,20,2.0
GS,2010-03,2010-03-31,23,0.0
GS,2010-04,2010-04-30,20,0.0
GS,2010-05,2010-05-28,19,3.0
GS,2010-06,2010-06-30,22,0.0
GS,2010-07,2010-07-30,22,1.0
GS,2010-08,2010-08-31,21,0.0
GS,2010-09,2010-09-30,22,0.0
GS,2010-10,2010-10-29,21,2.0
GS,2010-11,2010-11-30,22,0.0
GS,2010-12,2010-12-31,21,0.0
GS,2011-01,2011-01-31,20,0.0
GS,2011-02,2011-02-28,20,0.0
GS,2011-03,2011-03-31,23,0.0
GS,2011-04,2011-04-29,19,1.0
GS,2011-05,2011-05-31,21,0.0
GS,2011-06,2011-06-30,22,0.0
GS,2011-07,2011-07-29,21,2.0
GS,2011-08,2011-08-31,22,0.0
GS,2011-09,2011-09-30,22,0.0
GS,2011-10,2011-10-31,21,0.0
GS,2011-11,2011-11-30,22,0.0
GS,2011-12,2011-12-30,20,1.0
GS,2012-01,2012-01-31,21,0.0
GS,2012-02,2012-02-29,21,0.0
GS,2012-03,2012-03-30,22,1.0
GS,2012-04,2012-04-30,19,0.0
GS,2012-05,2012-05-31,22,0.0
GS,2012-06,2012-06-29,19,1.0
GS,2012-07,2012-07-31,22,0.0
GS,2012-08,2012-08-31,22,0.0
GS,2012-09,2012-09-28,20,2.0
GS,2012-10,2012-10-31,23,0.0
GS,2012-11,2012-11-30,22,0.0
GS,2012-12,2012-12-31,19,0.0
GS,2013-01,2013-01-31,22,0.0
GS,2013-02,2013-02-28,20,0.0
GS,2013-03,2013-03-28,20,3.0
GS,2013-04,2013-04-30,21,0.0
GS,2013-05,2013-05-31,21,0.0
GS,2013-06,2013-06-28,20,2.0
GS,2013-07,2013-07-31,23,0.0
GS,2013-08,2013-08-30,21,1.0
GS,2013-09,2013-09-30,21,0.0
GS,2013-10,2013-10-31,23,0.0
GS,2013-11,2013-11-29,21,1.0
GS,2013-12,2013-12-31,20,0.0
GS,2014-01,2014-01-31,22,0.0
GS,2014-02,2014-02-28,20,0.0
GS,2014-03,2014-03-31,21,0.0
GS,2014-04,2014-04-30,20,0.0
GS,2014-05,2014-05-30,21,1.0
GS,2014-06,2014-06-30,21,0.0
GS,2014-07,2014-07-31,22,0.0
GS,2014-08,2014-08-29,20,2.0
GS,2014-09,2014-09-30,22,0.0
GS,2014-10,2014-10-31,23,0.0
GS,2014-11,2014-11-28,20,2.0
GS,2014-12,2014-12-31,21,0.0
HS,1969-01,,0,
HS,1969-02,,0,
HS,1969-03,,0,
HS,1969-04,,0,
HS,1969-05,,0,
HS,1969-06,,0,
HS,1969-07,,0,
HS,1969-08,,0,
HS,1969-09,,0,
HS,1969-10,,0,
HS,1969-11,,0,
HS,1969-12,,0,
HS,1970-01,,0,
HS,1970-02,,0,
HS,1970-03,,0,
HS,1970-04,,0,
HS,1970-05,,0,
HS,1970-06,,0,
HS,1970-07,,0,
HS,1970-08,,0,
HS,1970-09,,0,
HS,1970-10,,0,
HS,1970-11,,0,
HS,1970-12,,0,
HS,1971-01,,0,
HS,1971-02,,0,
HS,1971-03,,0,
HS,1971-04,,0,
HS,1971-05,,0,
HS,1971-06,,0,
HS,1971-07,,0,
HS,1971-08,,0,
HS,1971-09,,0,
HS,1971-10,,0,
HS,1971-11,,0,
HS,1971-12,,0,
HS,1972-01,,0,
HS,1972-02,,0,
HS,1972-03,,0,
HS,1972-04,,0,
HS,1972-05,,0,
HS,1972-06,,0,
HS,1972-07,,0,
HS,1972-08,,0,
HS,1972-09,,0,
HS,1972-10,,0,
HS,1972-11,,0,
HS,1972-12,,0,
HS,1973-01,,0,
HS,1973-02,,0,
HS,1973-03,,0,
HS,1973-04,,0,
HS,1973-05,,0,
HS,1973-06,,0,
HS,1973-07,,0,
HS,1973-08,,0,
HS,1973-09,,0,
HS,1973-10,,0,
HS,1973-11,,0,
HS,1973-12,,0,
HS,1974-01,,0,
HS,1974-02,,0,
HS,1974-03,,0,
HS,1974-04,,0,
HS,1974-05,,0,
HS,1974-06,,0,
HS,1974-07,,0,
HS,1974-08,,0,
HS,1974-09,,0,
HS,1974-10,,0,
HS,1974-11,,0,
HS,1974-12,,0,
HS,1975-01,,0,
HS,1975-02,,0,
HS,1975-03,,0,
HS,1975-04,,0,
HS,1975-05,,0,
HS,1975-06,,0,
HS,1975-07,,0,
HS,1975-08,,0,
HS,1975-09,,0,
HS,1975-10,,0,
HS,1975-11,,0,
HS,1975-12,,0,
HS,1976-01,,0,
HS,1976-02,,0,
HS,1976-03,,0,
HS,1976-04,,0,
HS,1976-05,,0,
HS,1976-06,,0,
HS,1976-07,,0,
HS,1976-08,,0,
HS,1976-09,,0,
HS,1976-10,,0,
HS,1976-11,,0,
HS,1976-12,,0,
HS,1977-01,,0,
HS,1977-02,,0,
HS,1977-03,,0,
HS,1977-04,,0,
HS,1977-05,,0,
HS,1977-06,,0,
HS,1977-07,,0,
HS,1977-08,,0,
HS,1977-09,,0,
HS,1977-10,,0,
HS,1977-11,,0,
HS,1977-12,,0,
HS,1978-01,,0,
HS,1978-02,,0,
HS,1978-03,,0,
HS,1978-04,,0,
HS,1978-05,,0,
HS,1978-06,,0,
HS,1978-07,,0,
HS,1978-08,,0,
HS,1978-09,,0,
HS,1978-10,,0,
HS,1978-11,,0,
HS,1978-12,,0,
HS,1979-01,,0,
HS,1979-02,,0,
HS,1979-03,,0,
HS,1979-04,,0,
HS,1979-05,,0,
HS,1979-06,,0,
HS,1979-07,,0,
HS,1979-08,,0,
HS,1979-09,,0,
HS,1979-10,,0,
HS,1979-11,,0,
HS,1979-12,,0,
HS,1980-01,,0,
HS,1980-02,,0,
HS,1980-03,,0,
HS,1980-04,,0,
HS,1980-05,,0,
HS,1980-06,,0,
HS,1980-07,,0,
HS,1980-08,,0,
HS,1980-09,,0,
HS,1980-10,,0,
HS,1980-11,,0,
HS,1980-12,,0,
HS,1981-01,,0,
HS,1981-02,,0,
HS,1981-03,,0,
HS,1981-04,,0,
HS,1981-05,,0,
HS,1981-06,,0,
HS,1981-07,,0,
HS,1981-08,,0,
HS,1981-09,,0,
HS,1981-10,,0,
HS,1981-11,,0,
HS,1981-12,,0,
HS,1982-01,,0,
HS,1982-02,,0,
HS,1982-03,,0,
HS,1982-04,,0,
HS,1982-05,,0,
HS,1982-06,,0,
HS,1982-07,,0,
HS,1982-08,,0,
HS,1982-09,,0,
HS,1982-10,,0,
HS,1982-11,,0,
HS,1982-12,,0,
HS,1983-01,,0,
HS,1983-02,,0,
HS,1983-03,,0,
HS,1983-04,,0,
HS,1983-05,,0,
HS,1983-06,,0,
HS,1983-07,,0,
HS,1983-08,,0,
HS,1983-09,,0,
HS,1983-10,,0,
HS,1983-11,,0,
HS,1983-12,,0,
HS,1984-01,,0,
HS,1984-02,,0,
HS,1984-03,,0,
HS,1984-04,,0,
HS,1984-05,,0,
HS,1984-06,,0,
HS,1984-07,,0,
HS,1984-08,,0,
HS,1984-09,,0,
HS,1984-10,,0,
HS,1984-11,,0,
HS,1984-12,,0,
HS,1985-01,,0,
HS,1985-02,,0,
HS,1985-03,,0,
HS,1985-04,,0,
HS,1985-05,,0,
HS,1985-06,,0,
HS,1985-07,,0,
HS,1985-08,,0,
HS,1985-09,,0,
HS,1985-10,,0,
HS,1985-11,,0,
HS,1985-12,,0,
HS,1986-01,,0,
HS,1986-02,,0,
HS,1986-03,,0,
HS,1986-04,,0,
HS,1986-05,,0,
HS,1986-06,,0,
HS,1986-07,,0,
HS,1986-08,,0,
HS,1986-09,,0,
HS,1986-10,,0,
HS,1986-11,,0,
HS,1986-12,,0,
HS,1987-01,,0,
HS,1987-02,,0,
HS,1987-03,,0,
HS,1987-04,,0,
HS,1987-05,,0,
HS,1987-06,,0,
HS,1987-07,,0,
HS,1987-08,,0,
HS,1987-09,,0,
HS,1987-10,,0,
HS,1987-11,,0,
HS,1987-12,,0,
HS,1988-01,,0,
HS,1988-02,,0,
HS,1988-03,,0,
HS,1988-04,,0,
HS,1988-05,,0,
HS,1988-06,,0,
HS,1988-07,,0,
HS,1988-08,,0,
HS,1988-09,,0,
HS,1988-10,,0,
HS,1988-11,,0,
HS,1988-12,,0,
HS,1989-01,,0,
HS,1989-02,,0,
HS,1989-03,,0,
HS,1989-04,,0,
HS,1989-05,,0,
HS,1989-06,,0,
HS,1989-07,,0,
HS,1989-08,,0,
HS,1989-09,,0,
HS,1989-10,,0,
HS,1989-11,,0,
HS,1989-12,,0,
HS,1990-01,,0,
HS,1990-02,,0,
HS,1990-03,,0,
HS,1990-04,,0,
HS,1990-05,,0,
HS,1990-06,,0,
HS,1990-07,,0,
HS,1990-08,,0,
HS,1990-09,,0,
HS,1990-10,,0,
HS,1990-11,,0,
HS,1990-12,,0,
HS,1991-01,,0,
HS,1991-02,,0,
HS,1991-03,,0,
HS,1991-04,,0,
HS,1991-05,,0,
HS,1991-06,,0,
HS,1991-07,,0,
HS,1991-08,,0,
HS,1991-09,,0,
HS,1991-10,,0,
HS,1991-11,,0,
HS,1991-12,,0,
HS,1992-01,,0,
HS,1992-02,,0,
HS,1992-03,,0,
HS,1992-04,,0,
HS,1992-05,,0,
HS,1992-06,,0,
HS,1992-07,,0,
HS,1992-08,,0,
HS,1992-09,,0,
HS,1992-10,,0,
HS,1992-11,,0,
HS,1992-12,,0,
HS,1993-01,,0,
HS,1993-02,,0,
HS,1993-03,,0,
HS,1993-04,,0,
HS,1993-05,,0,
HS,1993-06,,0,
HS,1993-07,,0,
HS,1993-08,,0,
HS,1993-09,,0,
HS,1993-10,,0,
HS,1993-11,,0,
HS,1993-12,,0,
HS,1994-01,,0,
HS,1994-02,,0,
HS,1994-03,,0,
HS,1994-04,,0,
HS,1994-05,,0,
HS,1994-06,,0,
HS,1994-07,,0,
HS,1994-08,,0,
HS,1994-09,,0,
HS,1994-10,,0,
HS,1994-11,,0,
HS,1994-12,,0,
HS,1995-01,,0,
HS,1995-02,,0,
HS,1995-03,,0,
HS,1995-04,,0,
HS,1995-05,,0,
HS,1995-06,,0,
HS,1995-07,,0,
HS,1995-08,,0,
HS,1995-09,,0,
HS,1995-10,,0,
HS,1995-11,,0,
HS,1995-12,,0,
HS,1996-01,,0,
HS,1996-02,,0,
HS,1996-03,,0,
HS,1996-04,,0,
HS,1996-05,,0,
HS,1996-06,,0,
HS,1996-07,,0,
HS,1996-08,,0,
HS,1996-09,,0,
HS,1996-10,,0,
HS,1996-11,,0,
HS,1996-12,,0,
HS,1997-01,,0,
HS,1997-02,,0,
HS,1997-03,,0,
HS,1997-04,,0,
HS,1997-05,,0,
HS,1997-06,,0,
HS,1997-07,,0,
HS,1997-08,,0,
HS,1997-09,,0,
HS,1997-10,1997-10-31,7,0.0
HS,1997-11,1997-11-28,19,2.0
HS,1997-12,1997-12-31,21,0.0
HS,1998-01,1998-01-27,18,4.0
HS,1998-02,1998-02-27,20,1.0
HS,1998-03,1998-03-31,22,0.0
HS,1998-04,1998-04-30,19,0.0
HS,1998-05,1998-05-29,21,2.0
HS,1998-06,1998-06-30,22,0.0
HS,1998-07,1998-07-31,22,0.0
HS,1998-08,1998-08-31,20,0.0
HS,1998-09,1998-09-30,22,0.0
HS,1998-10,1998-10-30,18,1.0
HS,1998-11,1998-11-30,21,0.0
HS,1998-12,1998-12-31,22,0.0
HS,1999-01,1999-01-29,20,2.0
HS,1999-02,1999-02-26,17,2.0
HS,1999-03,1999-03-31,23,0.0
HS,1999-04,1999-04-30,19,0.0
HS,1999-05,1999-05-31,21,0.0
HS,1999-06,1999-06-30,21,0.0
HS,1999-07,1999-07-30,21,1.0
HS,1999-08,1999-08-31,22,0.0
HS,1999-09,1999-09-30,21,0.0
HS,1999-10,1999-10-29,19,2.0
HS,1999-11,1999-11-30,22,0.0
HS,1999-12,1999-12-30,21,1.0
HS,2000-01,2000-01-31,21,0.0
HS,2000-02,2000-02-29,19,0.0
HS,2000-03,2000-03-31,23,0.0
HS,2000-04,2000-04-28,17,2.0
HS,2000-05,2000-05-31,21,0.0
HS,2000-06,2000-06-30,21,0.0
HS,2000-07,2000-07-31,21,0.0
HS,2000-08,2000-08-31,23,0.0
HS,2000-09,2000-09-29,20,1.0
HS,2000-10,2000-10-31,20,0.0
HS,2000-11,2000-11-30,22,0.0
HS,2000-12,2000-12-29,19,2.0
HS,2001-01,2001-01-31,19,0.0
HS,2001-02,2001-02-28,20,0.0
HS,2001-03,2001-03-30,22,1.0
HS,2001-04,2001-04-27,17,3.0
HS,2001-05,2001-05-31,22,0.0
HS,2001-06,2001-06-29,20,1.0
HS,2001-07,2001-07-31,19,0.0
HS,2001-08,2001-08-31,23,0.0
HS,2001-09,2001-09-28,20,2.0
HS,2001-10,2001-10-31,20,0.0
HS,2001-11,2001-11-30,22,0.0
HS,2001-12,2001-12-31,19,0.0
HS,2002-01,2002-01-31,22,0.0
HS,2002-02,2002-02-28,17,0.0
HS,2002-03,2002-03-28,20,3.0
HS,2002-04,2002-04-30,20,0.0
HS,2002-05,2002-05-31,21,0.0
HS,2002-06,2002-06-28,20,2.0
HS,2002-07,2002-07-31,22,0.0
HS,2002-08,2002-08-30,22,1.0
HS,2002-09,2002-09-30,21,0.0
HS,2002-10,2002-10-31,21,0.0
HS,2002-11,2002-11-29,21,1.0
HS,2002-12,2002-12-31,20,0.0
HS,2003-01,2003-01-30,21,1.0
HS,2003-02,2003-02-28,19,0.0
HS,2003-03,2003-03-31,21,0.0
HS,2003-04,2003-04-30,20,0.0
HS,2003-05,2003-05-30,20,1.0
HS,2003-06,2003-06-30,20,0.0
HS,2003-07,2003-07-31,22,0.0
HS,2003-08,2003-08-29,21,2.0
HS,2003-09,2003-09-30,21,0.0
HS,2003-10,2003-10-31,22,0.0
HS,2003-11,2003-11-28,20,2.0
HS,2003-12,2003-12-31,21,0.0
HS,2004-01,2004-01-30,19,1.0
HS,2004-02,2004-02-27,20,2.0
HS,2004-03,2004-03-31,23,0.0
HS,2004-04,2004-04-30,19,0.0
HS,2004-05,2004-05-31,20,0.0
HS,2004-06,2004-06-30,21,0.0
HS,2004-07,2004-07-30,21,1.0
HS,2004-08,2004-08-31,22,0.0
HS,2004-09,2004-09-30,21,0.0
HS,2004-10,2004-10-29,20,2.0
HS,2004-11,2004-11-30,22,0.0
HS,2004-12,2004-12-31,22,0.0
HS,2005-01,2005-01-31,21,0.0
HS,2005-02,2005-02-28,19,0.0
HS,2005-03,2005-03-31,21,0.0
HS,2005-04,2005-04-29,20,1.0
HS,2005-05,2005-05-31,20,0.0
HS,2005-06,2005-06-30,22,0.0
HS,2005-07,2005-07-29,21,2.0
HS,2005-08,2005-08-31,23,0.0
HS,2005-09,2005-09-30,22,0.0
HS,2005-10,2005-10-31,21,0.0
HS,2005-11,2005-11-30,22,0.0
HS,2005-12,2005-12-30,20,1.0
HS,2006-01,2006-01-27,19,4.0
HS,2006-02,2006-02-28,20,0.0
HS,2006-03,2006-03-31,23,0.0
HS,2006-04,2006-04-28,18,2.0
HS,2006-05,2006-05-31,21,0.0
HS,2006-06,2006-06-30,22,0.0
HS,2006-07,2006-07-31,21,0.0
HS,2006-08,2006-08-31,23,0.0
HS,2006-09,2006-09-29,21,1.0
HS,2006-10,2006-10-31,20,0.0
HS,2006-11,2006-11-30,22,0.0
HS,2006-12,2006-12-29,19,2.0
HS,2007-01,2007-01-31,22,0.0
HS,2007-02,2007-02-28,18,0.0
HS,2007-03,2007-03-30,22,1.0
HS,2007-04,2007-04-30,19,0.0
HS,2007-05,2007-05-31,21,0.0
HS,2007-06,2007-06-29,20,1.0
HS,2007-07,2007-07-31,21,0.0
HS,2007-08,2007-08-31,23,0.0
HS,2007-09,2007-09-28,20,2.0
HS,2007-10,2007-10-31,21,0.0
HS,2007-11,2007-11-30,22,0.0
HS,2007-12,2007-12-31,19,0.0
HS,2008-01,2008-01-31,22,0.0
HS,2008-02,2008-02-29,19,0.0
HS,2008-03,2008-03-31,19,0.0
HS,2008-04,2008-04-30,21,0.0
HS,2008-05,2008-05-30,20,1.0
HS,2008-06,2008-06-30,20,0.0
HS,2008-07,2008-07-31,22,0.0
HS,2008-08,2008-08-29,19,2.0
HS,2008-09,2008-09-30,21,0.0
HS,2008-10,2008-10-31,21,0.0
HS,2008-11,2008-11-28,20,2.0
HS,2008-12,2008-12-31,21,0.0
HS,2009-01,2009-01-30,18,1.0
HS,2009-02,2009-02-27,20,1.0
HS,2009-03,2009-03-31,22,0.0
HS,2009-04,2009-04-30,20,0.0
HS,2009-05,2009-05-29,19,2.0
HS,2009-06,2009-06-30,22,0.0
HS,2009-07,2009-07-31,22,0.0
HS,2009-08,2009-08-31,21,0.0
HS,2009-09,2009-09-30,22,0.0
HS,2009-10,2009-10-30,20,1.0
HS,2009-11,2009-11-30,21,0.0
HS,2009-12,2009-12-31,22,0.0
HS,2010-01,2010-01-29,20,2.0
HS,2010-02,2010-02-26,18,2.0
HS,2010-03,2010-03-31,23,0.0
HS,2010-04,2010-04-30,19,0.0
HS,2010-05,2010-05-31,20,0.0
HS,2010-06,2010-06-30,21,0.0
HS,2010-07,2010-07-30,21,1.0
HS,2010-08,2010-08-31,22,0.0
HS,2010-09,2010-09-30,21,0.0
HS,2010-10,2010-10-29,20,2.0
HS,2010-11,2010-11-30,22,0.0
HS,2010-12,2010-12-31,21,0.0
HS,2011-01,2011-01-31,21,0.0
HS,2011-02,2011-02-28,18,0.0
HS,2011-03,2011-03-31,23,0.0
HS,2011-04,2011-04-29,18,1.0
HS,2011-05,2011-05-31,20,0.0
HS,2011-06,2011-06-30,21,0.0
HS,2011-07,2011-07-29,20,2.0
HS,2011-08,2011-08-31,23,0.0
HS,2011-09,2011-09-30,20,0.0
HS,2011-10,2011-10-31,20,0.0
HS,2011-11,2011-11-30,22,0.0
HS,2011-12,2011-12-30,20,1.0
HS,2012-01,2012-01-31,18,0.0
HS,2012-02,2012-02-29,21,0.0
HS,2012-03,2012-03-30,22,1.0
HS,2012-04,2012-04-30,18,0.0
HS,2012-05,2012-05-31,22,0.0
HS,2012-06,2012-06-29,21,1.0
HS,2012-07,2012-07-31,21,0.0
HS,2012-08,2012-08-31,23,0.0
HS,2012-09,2012-09-28,20,2.0
HS,2012-10,2012-10-31,20,0.0
HS,2012-11,2012-11-30,22,0.0
HS,2012-12,2012-12-31,19,0.0
HS,2013-01,2013-01-31,22,0.0
HS,2013-02,2013-02-28,17,0.0
HS,2013-03,2013-03-28,20,3.0
HS,2013-04,2013-04-30,20,0.0
HS,2013-05,2013-05-31,21,0.0
HS,2013-06,2013-06-28,19,2.0
HS,2013-07,2013-07-31,22,0.0
HS,2013-08,2013-08-30,21,1.0
HS,2013-09,2013-09-30,20,0.0
HS,2013-10,2013-10-31,21,0.0
HS,2013-11,2013-11-29,21,1.0
HS,2013-12,2013-12-31,20,0.0
HS,2014-01,2014-01-30,21,1.0
HS,2014-02,2014-02-28,19,0.0
HS,2014-03,2014-03-31,21,0.0
HS,2014-04,2014-04-30,20,0.0
HS,2014-05,2014-05-30,20,1.0
HS,2014-06,2014-06-30,20,0.0
HS,2014-07,2014-07-31,21,0.0
HS,2014-08,2014-08-29,21,2.0
HS,2014-09,2014-09-30,21,0.0
HS,2014-10,2014-10-31,21,0.0
HS,2014-11,2014-11-28,20,2.0
HS,2014-12,2014-12-31,21,0.0
JN,1969-01,,0,
JN,1969-02,,0,
JN,1969-03,,0,
JN,1969-04,,0,
JN,1969-05,,0,
JN,1969-06,,0,
JN,1969-07,,0,
JN,1969-08,,0,
JN,1969-09,,0,
JN,1969-10,,0,
JN,1969-11,,0,
JN,1969-12,,0,
JN,1970-01,,0,
JN,1970-02,,0,
JN,1970-03,,0,
JN,1970-04,,0,
JN,1970-05,,0,
JN,1970-06,,0,
JN,1970-07,,0,
JN,1970-08,,0,
JN,1970-09,,0,
JN,1970-10,,0,
JN,1970-11,,0,
JN,1970-12,,0,
JN,1971-01,,0,
JN,1971-02,,0,
JN,1971-03,,0,
JN,1971-04,,0,
JN,1971-05,,0,
JN,1971-06,,0,
JN,1971-07,,0,
JN,1971-08,,0,
JN,1971-09,,0,
JN,1971-10,,0,
JN,1971-11,,0,
JN,1971-12,,0,
JN,1972-01,,0,
JN,1972-02,,0,
JN,1972-03,,0,
JN,1972-04,,0,
JN,1972-05,,0,
JN,1972-06,,0,
JN,1972-07,,0,
JN,1972-08,,0,
JN,1972-09,,0,
JN,1972-10,,0,
JN,1972-11,,0,
JN,1972-12,,0,
JN,1973-01,,0,
JN,1973-02,,0,
JN,1973-03,,0,
JN,1973-04,,0,
JN,1973-05,,0,
JN,1973-06,,0,
JN,1973-07,,0,
JN,1973-08,,0,
JN,1973-09,,0,
JN,1973-10,,0,
JN,1973-11,,0,
JN,1973-12,,0,
JN,1974-01,,0,
JN,1974-02,,0,
JN,1974-03,,0,
JN,1974-04,,0,
JN,1974-05,,0,
JN,1974-06,,0,
JN,1974-07,,0,
JN,1974-08,,0,
JN,1974-09,,0,
JN,1974-10,,0,
JN,1974-11,,0,
JN,1974-12,,0,
JN,1975-01,,0,
JN,1975-02,,0,
JN,1975-03,,0,
JN,1975-04,,0,
JN,1975-05,,0,
JN,1975-06,,0,
JN,1975-07,,0,
JN,1975-08,,0,
JN,1975-09,,0,
JN,1975-10,,0,
JN,1975-11,,0,
JN,1975-12,,0,
JN,1976-01,,0,
JN,1976-02,,0,
JN,1976-03,,0,
JN,1976-04,,0,
JN,1976-05,,0,
JN,1976-06,,0,
JN,1976-07,,0,
JN,1976-08,,0,
JN,1976-09,,0,
JN,1976-10,,0,
JN,1976-11,,0,
JN,1976-12,,0,
JN,1977-01,,0,
JN,1977-02,,0,
JN,1977-03,,0,
JN,1977-04,,0,
JN,1977-05,,0,
JN,1977-06,,0,
JN,1977-07,,0,
JN,1977-08,,0,
JN,1977-09,,0,
JN,1977-10,,0,
JN,1977-11,,0,
JN,1977-12,,0,
JN,1978-01,1978-01-31,21,0.0
JN,1978-02,1978-02-28,19,0.0
JN,1978-03,1978-03-31,22,0.0
JN,1978-04,1978-04-28,20,2.0
JN,1978-05,1978-05-31,22,0.0
JN,1978-06,1978-06-30,22,0.0
JN,1978-07,1978-07-31,20,0.0
JN,1978-08,1978-08-31,23,0.0
JN,1978-09,1978-09-29,20,1.0
JN,1978-10,1978-10-31,22,0.0
JN,1978-11,1978-11-30,19,0.0
JN,1978-12,1978-12-29,20,2.0
JN,1979-01,1979-01-31,22,0.0
JN,1979-02,1979-02-28,19,0.0
JN,1979-03,1979-03-30,22,1.0
JN,1979-04,1979-04-30,20,0.0
JN,1979-05,1979-05-31,22,0.0
JN,1979-06,1979-06-29,21,1.0
JN,1979-07,1979-07-31,21,0.0
JN,1979-08,1979-08-31,23,0.0
JN,1979-09,1979-09-28,19,2.0
JN,1979-10,1979-10-31,23,0.0
JN,1979-11,1979-11-30,21,0.0
JN,1979-12,1979-12-31,19,0.0
JN,1980-01,1980-01-31,22,0.0
JN,1980-02,1980-02-29,20,0.0
JN,1980-03,1980-03-31,21,0.0
JN,1980-04,1980-04-30,21,0.0
JN,1980-05,1980-05-30,21,1.0
JN,1980-06,1980-06-30,21,0.0
JN,1980-07,1980-07-31,22,0.0
JN,1980-08,1980-08-29,21,2.0
JN,1980-09,1980-09-30,21,0.0
JN,1980-10,1980-10-31,23,0.0
JN,1980-11,1980-11-28,18,2.0
JN,1980-12,1980-12-31,21,0.0
JN,1981-01,1981-01-30,21,1.0
JN,1981-02,1981-02-27,19,1.0
JN,1981-03,1981-03-31,22,0.0
JN,1981-04,1981-04-30,21,0.0
JN,1981-05,1981-05-29,20,2.0
JN,1981-06,1981-06-30,22,0.0
JN,1981-07,1981-07-31,22,0.0
JN,1981-08,1981-08-31,21,0.0
JN,1981-09,1981-09-30,21,0.0
JN,1981-10,1981-10-30,22,1.0
JN,1981-11,1981-11-30,20,0.0
JN,1981-12,1981-12-31,22,0.0
JN,1982-01,1982-01-29,20,2.0
JN,1982-02,1982-02-26,19,2.0
JN,1982-03,1982-03-31,23,0.0
JN,1982-04,1982-04-30,21,0.0
JN,1982-05,1982-05-28,20,3.0
JN,1982-06,1982-06-30,22,0.0
JN,1982-07,1982-07-30,21,1.0
JN,1982-08,1982-08-31,22,0.0
JN,1982-09,1982-09-30,21,0.0
JN,1982-10,1982-10-29,21,2.0
JN,1982-11,1982-11-30,21,0.0
JN,1982-12,1982-12-31,22,0.0
JN,1983-01,1983-01-31,21,0.0
JN,1983-02,1983-02-28,19,0.0
JN,1983-03,1983-03-31,23,0.0
JN,1983-04,1983-04-29,20,1.0
JN,1983-05,1983-05-31,21,0.0
JN,1983-06,1983-06-30,22,0.0
JN,1983-07,1983-07-29,20,2.0
JN,1983-08,1983-08-31,23,0.0
JN,1983-09,1983-09-30,21,0.0
JN,1983-10,1983-10-31,21,0.0
JN,1983-11,1983-11-30,20,0.0
JN,1983-12,1983-12-30,21,1.0
JN,1984-01,1984-01-31,21,0.0
JN,1984-02,1984-02-29,20,0.0
JN,1984-03,1984-03-30,22,1.0
JN,1984-04,1984-04-30,20,0.0
JN,1984-05,1984-05-31,22,0.0
JN,1984-06,1984-06-29,21,1.0
JN,1984-07,1984-07-31,21,0.0
JN,1984-08,1984-08-31,23,0.0
JN,1984-09,1984-09-28,19,2.0
JN,1984-10,1984-10-31,23,0.0
JN,1984-11,1984-11-30,21,0.0
JN,1984-12,1984-12-31,20,0.0
JN,1985-01,1985-01-31,22,0.0
JN,1985-02,1985-02-28,19,0.0
JN,1985-03,1985-03-29,21,2.0
JN,1985-04,1985-04-30,21,0.0
JN,1985-05,1985-05-31,22,0.0
JN,1985-06,1985-06-28,20,2.0
JN,1985-07,1985-07-31,22,0.0
JN,1985-08,1985-08-30,22,1.0
JN,1985-09,1985-09-30,20,0.0
JN,1985-10,1985-10-31,23,0.0
JN,1985-11,1985-11-29,20,1.0
JN,1985-12,1985-12-31,21,0.0
JN,1986-01,1986-01-31,22,0.0
JN,1986-02,1986-02-28,19,0.0
JN,1986-03,1986-03-31,20,0.0
JN,1986-04,1986-04-30,22,0.0
JN,1986-05,1986-05-30,21,1.0
JN,1986-06,1986-06-30,21,0.0
JN,1986-07,1986-07-31,22,0.0
JN,1986-08,1986-08-29,21,2.0
JN,1986-09,1986-09-30,21,0.0
JN,1986-10,1986-10-31,23,0.0
JN,1986-11,1986-11-28,19,2.0
JN,1986-12,1986-12-31,22,0.0
JN,1987-01,1987-01-30,21,1.0
JN,1987-02,1987-02-27,19,1.0
JN,1987-03,1987-03-31,22,0.0
JN,1987-04,1987-04-30,21,0.0
JN,1987-05,1987-05-29,20,2.0
JN,1987-06,1987-06-30,22,0.0
JN,1987-07,1987-07-31,22,0.0
JN,1987-08,1987-08-31,21,0.0
JN,1987-09,1987-09-30,21,0.0
JN,1987-10,1987-10-30,22,1.0
JN,1987-11,1987-11-30,20,0.0
JN,1987-12,1987-12-31,22,0.0
JN,1988-01,1988-01-29,20,2.0
JN,1988-02,1988-02-29,20,0.0
JN,1988-03,1988-03-31,23,0.0
JN,1988-04,1988-04-29,20,1.0
JN,1988-05,1988-05-31,21,0.0
JN,1988-06,1988-06-30,22,0.0
JN,1988-07,1988-07-29,20,2.0
JN,1988-08,1988-08-31,23,0.0
JN,1988-09,1988-09-30,21,0.0
JN,1988-10,1988-10-31,21,0.0
JN,1988-11,1988-11-30,21,0.0
JN,1988-12,1988-12-30,21,1.0
JN,1989-01,1989-01-31,21,0.0
JN,1989-02,1989-02-28,19,0.0
JN,1989-03,1989-03-31,22,0.0
JN,1989-04,1989-04-28,20,2.0
JN,1989-05,1989-05-31,22,0.0
JN,1989-06,1989-06-30,22,0.0
JN,1989-07,1989-07-31,20,0.0
JN,1989-08,1989-08-31,23,0.0
JN,1989-09,1989-09-29,20,1.0
JN,1989-10,1989-10-31,22,0.0
JN,1989-11,1989-11-30,21,0.0
JN,1989-12,1989-12-29,20,2.0
JN,1990-01,1990-01-31,22,0.0
JN,1990-02,1990-02-28,19,0.0
JN,1990-03,1990-03-30,22,1.0
JN,1990-04,1990-04-30,20,0.0
JN,1990-05,1990-05-31,22,0.0
JN,1990-06,1990-06-29,21,1.0
JN,1990-07,1990-07-31,21,0.0
JN,1990-08,1990-08-31,23,0.0
JN,1990-09,1990-09-28,19,2.0
JN,1990-10,1990-10-31,23,0.0
JN,1990-11,1990-11-30,21,0.0
JN,1990-12,1990-12-31,20,0.0
JN,1991-01,1991-01-31,22,0.0
JN,1991-02,1991-02-28,19,0.0
JN,1991-03,1991-03-28,20,3.0
JN,1991-04,1991-04-30,22,0.0
JN,1991-05,1991-05-31,22,0.0
JN,1991-06,1991-06-28,20,2.0
JN,1991-07,1991-07-31,22,0.0
JN,1991-08,1991-08-30,22,1.0
JN,1991-09,1991-09-30,20,0.0
JN,1991-10,1991-10-31,23,0.0
JN,1991-11,1991-11-29,20,1.0
JN,1991-12,1991-12-31,21,0.0
JN,1992-01,1992-01-31,22,0.0
JN,1992-02,1992-02-28,19,1.0
JN,1992-03,1992-03-31,22,0.0
JN,1992-04,1992-04-30,21,0.0
JN,1992-05,1992-05-29,20,2.0
JN,1992-06,1992-06-30,22,0.0
JN,1992-07,1992-07-31,22,0.0
JN,1992-08,1992-08-31,21,0.0
JN,1992-09,1992-09-30,21,0.0
JN,1992-10,1992-10-30,22,1.0
JN,1992-11,1992-11-30,20,0.0
JN,1992-12,1992-12-31,22,0.0
JN,1993-01,1993-01-29,20,2.0
JN,1993-02,1993-02-26,19,2.0
JN,1993-03,1993-03-31,23,0.0
JN,1993-04,1993-04-30,21,0.0
JN,1993-05,1993-05-28,20,3.0
JN,1993-06,1993-06-30,22,0.0
JN,1993-07,1993-07-30,21,1.0
JN,1993-08,1993-08-31,22,0.0
JN,1993-09,1993-09-30,21,0.0
JN,1993-10,1993-10-29,21,2.0
JN,1993-11,1993-11-30,21,0.0
JN,1993-12,1993-12-31,22,0.0
JN,1994-01,1994-01-31,21,0.0
JN,1994-02,1994-02-28,19,0.0
JN,1994-03,1994-03-31,23,0.0
JN,1994-04,1994-04-29,20,1.0
JN,1994-05,1994-05-31,21,0.0
JN,1994-06,1994-06-30,22,0.0
JN,1994-07,1994-07-29,20,2.0
JN,1994-08,1994-08-31,23,0.0
JN,1994-09,1994-09-30,21,0.0
JN,1994-10,1994-10-31,21,0.0
JN,1994-11,1994-11-30,21,0.0
JN,1994-12,1994-12-30,21,1.0
JN,1995-01,1995-01-31,21,0.0
JN,1995-02,1995-02-28,19,0.0
JN,1995-03,1995-03-31,23,0.0
JN,1995-04,1995-04-28,19,2.0
JN,1995-05,1995-05-31,22,0.0
JN,1995-06,1995-06-30,22,0.0
JN,1995-07,1995-07-31,20,0.0
JN,1995-08,1995-08-31,23,0.0
JN,1995-09,1995-09-29,20,1.0
JN,1995-10,1995-10-31,22,0.0
JN,1995-11,1995-11-30,21,0.0
JN,1995-12,1995-12-29,20,2.0
JN,1996-01,1996-01-31,22,0.0
JN,1996-02,1996-02-29,20,0.0
JN,1996-03,1996-03-29,21,2.0
JN,1996-04,1996-04-30,22,0.0
JN,1996-05,1996-05-31,22,0.0
JN,1996-06,1996-06-28,20,2.0
JN,1996-07,1996-07-31,22,0.0
JN,1996-08,1996-08-30,22,1.0
JN,1996-09,1996-09-30,20,0.0
JN,1996-10,1996-10-31,23,0.0
JN,1996-11,1996-11-29,20,1.0
JN,1996-12,1996-12-31,21,0.0
JN,1997-01,1997-01-31,21,0.0
JN,1997-02,1997-02-28,19,0.0
JN,1997-03,1997-03-31,20,0.0
JN,1997-04,1997-04-30,22,0.0
JN,1997-05,1997-05-30,21,1.0
JN,1997-06,1997-06-30,21,0.0
JN,1997-07,1997-07-31,22,0.0
JN,1997-08,1997-08-29,21,2.0
JN,1997-09,1997-09-30,21,0.0
JN,1997-10,1997-10-31,22,0.0
JN,1997-11,1997-11-28,18,2.0
JN,1997-12,1997-12-31,22,0.0
JN,1998-01,1998-01-30,20,1.0
JN,1998-02,1998-02-27,19,1.0
JN,1998-03,1998-03-31,22,0.0
JN,1998-04,1998-04-30,21,0.0
JN,1998-05,1998-05-29,20,2.0
JN,1998-06,1998-06-30,22,0.0
JN,1998-07,1998-07-31,22,0.0
JN,1998-08,1998-08-31,21,0.0
JN,1998-09,1998-09-30,21,0.0
JN,1998-10,1998-10-30,21,1.0
JN,1998-11,1998-11-30,20,0.0
JN,1998-12,1998-12-31,22,0.0
JN,1999-01,1999-01-29,19,2.0
JN,1999-02,1999-02-26,19,2.0
JN,1999-03,1999-03-31,23,0.0
JN,1999-04,1999-04-30,21,0.0
JN,1999-05,1999-05-28,20,3.0
JN,1999-06,1999-06-30,22,0.0
JN,1999-07,1999-07-30,21,1.0
JN,1999-08,1999-08-31,22,0.0
JN,1999-09,1999-09-30,21,0.0
JN,1999-10,1999-10-29,20,2.0
JN,1999-11,1999-11-30,20,0.0
JN,1999-12,1999-12-31,22,0.0
JN,2000-01,2000-01-31,20,0.0
JN,2000-02,2000-02-29,20,0.0
JN,2000-03,2000-03-31,23,0.0
JN,2000-04,2000-04-28,19,2.0
JN,2000-05,2000-05-31,22,0.0
JN,2000-06,2000-06-30,22,0.0
JN,2000-07,2000-07-31,20,0.0
JN,2000-08,2000-08-31,23,0.0
JN,2000-09,2000-09-29,20,1.0
JN,2000-10,2000-10-31,21,0.0
JN,2000-11,2000-11-30,21,0.0
JN,2000-12,2000-12-29,20,2.0
JN,2001-01,2001-01-31,21,0.0
JN,2001-02,2001-02-28,19,0.0
JN,2001-03,2001-03-30,22,1.0
JN,2001-04,2001-04-30,20,0.0
JN,2001-05,2001-05-31,22,0.0
JN,2001-06,2001-06-29,21,1.0
JN,2001-07,2001-07-31,21,0.0
JN,2001-08,2001-08-31,23,0.0
JN,2001-09,2001-09-28,18,2.0
JN,2001-10,2001-10-31,22,0.0
JN,2001-11,2001-11-30,20,0.0
JN,2001-12,2001-12-31,20,0.0
JN,2002-01,2002-01-31,21,0.0
JN,2002-02,2002-02-28,19,0.0
JN,2002-03,2002-03-28,20,3.0
JN,2002-04,2002-04-30,22,0.0
JN,2002-05,2002-05-31,22,0.0
JN,2002-06,2002-06-28,20,2.0
JN,2002-07,2002-07-31,22,0.0
JN,2002-08,2002-08-30,22,1.0
JN,2002-09,2002-09-30,20,0.0
JN,2002-10,2002-10-31,22,0.0
JN,2002-11,2002-11-29,19,1.0
JN,2002-12,2002-12-31,21,0.0
JN,2003-01,2003-01-31,21,0.0
JN,2003-02,2003-02-28,19,0.0
JN,2003-03,2003-03-31,21,0.0
JN,2003-04,2003-04-30,21,0.0
JN,2003-05,2003-05-30,21,1.0
JN,2003-06,2003-06-30,21,0.0
JN,2003-07,2003-07-31,22,0.0
JN,2003-08,2003-08-29,21,2.0
JN,2003-09,2003-09-30,21,0.0
JN,2003-10,2003-10-31,22,0.0
JN,2003-11,2003-11-28,18,2.0
JN,2003-12,2003-12-31,22,0.0
JN,2004-01,2004-01-30,20,1.0
JN,2004-02,2004-02-27,19,2.0
JN,2004-03,2004-03-31,23,0.0
JN,2004-04,2004-04-30,21,0.0
JN,2004-05,2004-05-28,20,3.0
JN,2004-06,2004-06-30,21,0.0
JN,2004-07,2004-07-30,21,1.0
JN,2004-08,2004-08-31,22,0.0
JN,2004-09,2004-09-30,21,0.0
JN,2004-10,2004-10-29,20,2.0
JN,2004-11,2004-11-30,20,0.0
JN,2004-12,2004-12-31,22,0.0
JN,2005-01,2005-01-31,20,0.0
JN,2005-02,2005-02-28,19,0.0
JN,2005-03,2005-03-31,22,0.0
JN,2005-04,2005-04-29,21,1.0
JN,2005-05,2005-05-31,21,0.0
JN,2005-06,2005-06-30,22,0.0
JN,2005-07,2005-07-29,20,2.0
JN,2005-08,2005-08-31,23,0.0
JN,2005-09,2005-09-30,21,0.0
JN,2005-10,2005-10-31,20,0.0
JN,2005-11,2005-11-30,20,0.0
JN,2005-12,2005-12-30,21,1.0
JN,2006-01,2006-01-31,20,0.0
JN,2006-02,2006-02-28,19,0.0
JN,2006-03,2006-03-31,23,0.0
JN,2006-04,2006-04-28,19,2.0
JN,2006-05,2006-05-31,22,0.0
JN,2006-06,2006-06-30,22,0.0
JN,2006-07,2006-07-31,20,0.0
JN,2006-08,2006-08-31,23,0.0
JN,2006-09,2006-09-29,20,1.0
JN,2006-10,2006-10-31,22,0.0
JN,2006-11,2006-11-30,21,0.0
JN,2006-12,2006-12-29,20,2.0
JN,2007-01,2007-01-31,21,0.0
JN,2007-02,2007-02-28,19,0.0
JN,2007-03,2007-03-30,22,1.0
JN,2007-04,2007-04-30,21,0.0
JN,2007-05,2007-05-31,22,0.0
JN,2007-06,2007-06-29,21,1.0
JN,2007-07,2007-07-31,21,0.0
JN,2007-08,2007-08-31,23,0.0
JN,2007-09,2007-09-28,19,2.0
JN,2007-10,2007-10-31,23,0.0
JN,2007-11,2007-11-30,21,0.0
JN,2007-12,2007-12-31,20,0.0
JN,2008-01,2008-01-31,21,0.0
JN,2008-02,2008-02-29,20,0.0
JN,2008-03,2008-03-31,20,0.0
JN,2008-04,2008-04-30,22,0.0
JN,2008-05,2008-05-30,21,1.0
JN,2008-06,2008-06-30,21,0.0
JN,2008-07,2008-07-31,23,0.0
JN,2008-08,2008-08-29,21,2.0
JN,2008-09,2008-09-30,21,0.0
JN,2008-10,2008-10-31,23,0.0
JN,2008-11,2008-11-28,19,2.0
JN,2008-12,2008-12-31,22,0.0
JN,2009-01,2009-01-30,20,1.0
JN,2009-02,2009-02-27,19,1.0
JN,2009-03,2009-03-31,21,0.0
JN,2009-04,2009-04-30,21,0.0
JN,2009-05,2009-05-29,20,2.0
JN,2009-06,2009-06-30,22,0.0
JN,2009-07,2009-07-31,23,0.0
JN,2009-08,2009-08-31,21,0.0
JN,2009-09,2009-09-30,21,0.0
JN,2009-10,2009-10-30,22,1.0
JN,2009-11,2009-11-30,20,0.0
JN,2009-12,2009-12-31,22,0.0
JN,2010-01,2010-01-29,19,2.0
JN,2010-02,2010-02-26,19,2.0
JN,2010-03,2010-03-31,23,0.0
JN,2010-04,2010-04-30,22,0.0
JN,2010-05,2010-05-28,20,3.0
JN,2010-06,2010-06-30,22,0.0
JN,2010-07,2010-07-30,21,1.0
JN,2010-08,2010-08-31,22,0.0
JN,2010-09,2010-09-30,21,0.0
JN,2010-10,2010-10-29,21,2.0
JN,2010-11,2010-11-30,21,0.0
JN,2010-12,2010-12-31,22,0.0
JN,2011-01,2011-01-31,20,0.0
JN,2011-02,2011-02-28,19,0.0
JN,2011-03,2011-03-31,23,0.0
JN,2011-04,2011-04-29,20,1.0
JN,2011-05,2011-05-31,21,0.0
JN,2011-06,2011-06-30,22,0.0
JN,2011-07,2011-07-29,20,2.0
JN,2011-08,2011-08-31,23,0.0
JN,2011-09,2011-09-30,21,0.0
JN,2011-10,2011-10-31,21,0.0
JN,2011-11,2011-11-30,21,0.0
JN,2011-12,2011-12-30,21,1.0
JN,2012-01,2012-01-31,20,0.0
JN,2012-02,2012-02-29,20,0.0
JN,2012-03,2012-03-30,22,1.0
JN,2012-04,2012-04-30,21,0.0
JN,2012-05,2012-05-31,22,0.0
JN,2012-06,2012-06-29,21,1.0
JN,2012-07,2012-07-31,21,0.0
JN,2012-08,2012-08-31,23,0.0
JN,2012-09,2012-09-28,19,2.0
JN,2012-10,2012-10-31,23,0.0
JN,2012-11,2012-11-30,21,0.0
JN,2012-12,2012-12-31,20,0.0
JN,2013-01,2013-01-31,21,0.0
JN,2013-02,2013-02-28,19,0.0
JN,2013-03,2013-03-28,20,3.0
JN,2013-04,2013-04-30,22,0.0
JN,2013-05,2013-05-31,22,0.0
JN,2013-06,2013-06-28,20,2.0
JN,2013-07,2013-07-31,22,0.0
JN,2013-08,2013-08-30,22,1.0
JN,2013-09,2013-09-30,20,0.0
JN,2013-10,2013-10-31,23,0.0
JN,2013-11,2013-11-29,20,1.0
JN,2013-12,2013-12-31,21,0.0
JN,2014-01,2014-01-31,21,0.0
JN,2014-02,2014-02-28,19,0.0
JN,2014-03,2014-03-31,21,0.0
JN,2014-04,2014-04-30,21,0.0
JN,2014-05,2014-05-30,21,1.0
JN,2014-06,2014-06-30,21,0.0
JN,2014-07,2014-07-31,22,0.0
JN,2014-08,2014-08-29,21,2.0
JN,2014-09,2014-09-30,21,0.0
JN,2014-10,2014-10-31,23,0.0
JN,2014-11,2014-11-28,19,2.0
JN,2014-12,2014-12-31,22,0.0
JO,1969-01,,0,
JO,1969-02,,0,
JO,1969-03,,0,
JO,1969-04,,0,
JO,1969-05,,0,
JO,1969-06,,0,
JO,1969-07,,0,
JO,1969-08,,0,
JO,1969-09,,0,
JO,1969-10,,0,
JO,1969-11,,0,
JO,1969-12,,0,
JO,1970-01,,0,
JO,1970-02,,0,
JO,1970-03,,0,
JO,1970-04,,0,
JO,1970-05,,0,
JO,1970-06,,0,
JO,1970-07,,0,
JO,1970-08,,0,
JO,1970-09,,0,
JO,1970-10,,0,
JO,1970-11,,0,
JO,1970-12,,0,
JO,1971-01,,0,
JO,1971-02,,0,
JO,1971-03,,0,
JO,1971-04,,0,
JO,1971-05,,0,
JO,1971-06,,0,
JO,1971-07,,0,
JO,1971-08,,0,
JO,1971-09,,0,
JO,1971-10,,0,
JO,1971-11,,0,
JO,1971-12,,0,
JO,1972-01,,0,
JO,1972-02,,0,
JO,1972-03,,0,
JO,1972-04,,0,
JO,1972-05,,0,
JO,1972-06,,0,
JO,1972-07,,0,
JO,1972-08,,0,
JO,1972-09,,0,
JO,1972-10,,0,
JO,1972-11,,0,
JO,1972-12,,0,
JO,1973-01,1973-01-31,21,0.0
JO,1973-02,1973-02-28,19,0.0
JO,1973-03,1973-03-30,22,1.0
JO,1973-04,1973-04-30,20,0.0
JO,1973-05,1973-05-31,22,0.0
JO,1973-06,1973-06-29,21,1.0
JO,1973-07,1973-07-31,21,0.0
JO,1973-08,1973-08-31,23,0.0
JO,1973-09,1973-09-28,19,2.0
JO,1973-10,1973-10-31,21,0.0
JO,1973-11,1973-11-30,20,0.0
JO,1973-12,1973-12-28,18,3.0
JO,1974-01,1974-01-31,22,0.0
JO,1974-02,1974-02-28,19,0.0
JO,1974-03,1974-03-29,21,2.0
JO,1974-04,1974-04-30,21,0.0
JO,1974-05,1974-05-31,22,0.0
JO,1974-06,1974-06-28,20,2.0
JO,1974-07,1974-07-31,22,0.0
JO,1974-08,1974-08-30,22,1.0
JO,1974-09,1974-09-30,20,0.0
JO,1974-10,1974-10-31,23,0.0
JO,1974-11,1974-11-29,19,1.0
JO,1974-12,1974-12-31,21,0.0
JO,1975-01,1975-01-31,22,0.0
JO,1975-02,1975-02-28,19,0.0
JO,1975-03,1975-03-31,20,0.0
JO,1975-04,1975-04-30,22,0.0
JO,1975-05,1975-05-30,21,1.0
JO,1975-06,1975-06-30,21,0.0
JO,1975-07,1975-07-31,22,0.0
JO,1975-08,1975-08-29,21,2.0
JO,1975-09,1975-09-30,21,0.0
JO,1975-10,1975-10-31,22,0.0
JO,1975-11,1975-11-28,18,2.0
JO,1975-12,1975-12-31,21,0.0
JO,1976-01,1976-01-30,21,1.0
JO,1976-02,1976-02-27,17,2.0
JO,1976-03,1976-03-31,23,0.0
JO,1976-04,1976-04-30,21,0.0
JO,1976-05,1976-05-28,20,3.0
JO,1976-06,1976-06-30,22,0.0
JO,1976-07,1976-07-30,21,1.0
JO,1976-08,1976-08-31,22,0.0
JO,1976-09,1976-09-30,21,0.0
JO,1976-10,1976-10-29,20,2.0
JO,1976-11,1976-11-30,19,0.0
JO,1976-12,1976-12-30,21,1.0
JO,1977-01,1977-01-31,21,0.0
JO,1977-02,1977-02-28,19,0.0
JO,1977-03,1977-03-31,23,0.0
JO,1977-04,1977-04-29,20,1.0
JO,1977-05,1977-05-31,21,0.0
JO,1977-06,1977-06-30,22,0.0
JO,1977-07,1977-07-29,19,2.0
JO,1977-08,1977-08-31,23,0.0
JO,1977-09,1977-09-30,21,0.0
JO,1977-10,1977-10-31,21,0.0
JO,1977-11,1977-11-30,20,0.0
JO,1977-12,1977-12-30,21,1.0
JO,1978-01,1978-01-31,20,0.0
JO,1978-02,1978-02-28,17,0.0
JO,1978-03,1978-03-31,22,0.0
JO,1978-04,1978-04-28,20,2.0
JO,1978-05,1978-05-31,22,0.0
JO,1978-06,1978-06-30,22,0.0
JO,1978-07,1978-07-31,20,0.0
JO,1978-08,1978-08-31,23,0.0
JO,1978-09,1978-09-29,20,1.0
JO,1978-10,1978-10-31,22,0.0
JO,1978-11,1978-11-30,20,0.0
JO,1978-12,1978-12-29,20,2.0
JO,1979-01,1979-01-31,22,0.0
JO,1979-02,1979-02-28,19,0.0
JO,1979-03,1979-03-30,22,1.0
JO,1979-04,1979-04-30,20,0.0
JO,1979-05,1979-05-31,22,0.0
JO,1979-06,1979-06-29,21,1.0
JO,1979-07,1979-07-31,21,0.0
JO,1979-08,1979-08-31,23,0.0
JO,1979-09,1979-09-28,19,2.0
JO,1979-10,1979-10-31,23,0.0
JO,1979-11,1979-11-30,21,0.0
JO,1979-12,1979-12-31,19,0.0
JO,1980-01,1980-01-31,22,0.0
JO,1980-02,1980-02-29,20,0.0
JO,1980-03,1980-03-31,21,0.0
JO,1980-04,1980-04-30,21,0.0
JO,1980-05,1980-05-30,21,1.0
JO,1980-06,1980-06-30,21,0.0
JO,1980-07,1980-07-31,22,0.0
JO,1980-08,1980-08-29,21,2.0
JO,1980-09,1980-09-30,21,0.0
JO,1980-10,1980-10-31,23,0.0
JO,1980-11,1980-11-28,18,2.0
JO,1980-12,1980-12-31,21,0.0
JO,1981-01,1981-01-30,21,1.0
JO,1981-02,1981-02-27,19,1.0
JO,1981-03,1981-03-31,22,0.0
JO,1981-04,1981-04-30,21,0.0
JO,1981-05,1981-05-29,20,2.0
JO,1981-06,1981-06-30,22,0.0
JO,1981-07,1981-07-31,22,0.0
JO,1981-08,1981-08-31,21,0.0
JO,1981-09,1981-09-30,21,0.0
JO,1981-10,1981-10-30,22,1.0
JO,1981-11,1981-11-30,20,0.0
JO,1981-12,1981-12-31,21,0.0
JO,1982-01,1982-01-29,20,2.0
JO,1982-02,1982-02-26,19,2.0
JO,1982-03,1982-03-31,23,0.0
JO,1982-04,1982-04-30,21,0.0
JO,1982-05,1982-05-28,20,3.0
JO,1982-06,1982-06-30,22,0.0
JO,1982-07,1982-07-30,21,1.0
JO,1982-08,1982-08-31,22,0.0
JO,1982-09,1982-09-30,21,0.0
JO,1982-10,1982-10-29,21,2.0
JO,1982-11,1982-11-30,20,0.0
JO,1982-12,1982-12-30,21,1.0
JO,1983-01,1983-01-31,21,0.0
JO,1983-02,1983-02-28,19,0.0
JO,1983-03,1983-03-31,23,0.0
JO,1983-04,1983-04-29,20,1.0
JO,1983-05,1983-05-31,21,0.0
JO,1983-06,1983-06-30,22,0.0
JO,1983-07,1983-07-29,20,2.0
JO,1983-08,1983-08-31,23,0.0
JO,1983-09,1983-09-30,21,0.0
JO,1983-10,1983-10-31,21,0.0
JO,1983-11,1983-11-30,21,0.0
JO,1983-12,1983-12-30,21,1.0
JO,1984-01,1984-01-31,21,0.0
JO,1984-02,1984-02-29,20,0.0
JO,1984-03,1984-03-30,22,1.0
JO,1984-04,1984-04-30,20,0.0
JO,1984-05,1984-05-31,22,0.0
JO,1984-06,1984-06-29,21,1.0
JO,1984-07,1984-07-31,21,0.0
JO,1984-08,1984-08-31,23,0.0
JO,1984-09,1984-09-28,19,2.0
JO,1984-10,1984-10-31,23,0.0
JO,1984-11,1984-11-30,21,0.0
JO,1984-12,1984-12-28,18,3.0
JO,1985-01,1985-01-31,22,0.0
JO,1985-02,1985-02-28,19,0.0
JO,1985-03,1985-03-29,21,2.0
JO,1985-04,1985-04-30,21,0.0
JO,1985-05,1985-05-31,22,0.0
JO,1985-06,1985-06-28,20,2.0
JO,1985-07,1985-07-31,21,0.0
JO,1985-08,1985-08-30,22,1.0
JO,1985-09,1985-09-30,19,0.0
JO,1985-10,1985-10-31,23,0.0
JO,1985-11,1985-11-29,20,1.0
JO,1985-12,1985-12-31,21,0.0
JO,1986-01,1986-01-31,22,0.0
JO,1986-02,1986-02-28,19,0.0
JO,1986-03,1986-03-31,20,0.0
JO,1986-04,1986-04-30,22,0.0
JO,1986-05,1986-05-30,21,1.0
JO,1986-06,1986-06-30,21,0.0
JO,1986-07,1986-07-31,21,0.0
JO,1986-08,1986-08-29,21,2.0
JO,1986-09,1986-09-30,21,0.0
JO,1986-10,1986-10-31,23,0.0
JO,1986-11,1986-11-26,18,4.0
JO,1986-12,1986-12-31,21,0.0
JO,1987-01,1987-01-30,20,1.0
JO,1987-02,1987-02-27,19,1.0
JO,1987-03,1987-03-31,22,0.0
JO,1987-04,1987-04-30,21,0.0
JO,1987-05,1987-05-29,20,2.0
JO,1987-06,1987-06-30,22,0.0
JO,1987-07,1987-07-31,22,0.0
JO,1987-08,1987-08-31,21,0.0
JO,1987-09,1987-09-30,21,0.0
JO,1987-10,1987-10-30,22,1.0
JO,1987-11,1987-11-30,19,0.0
JO,1987-12,1987-12-31,22,0.0
JO,1988-01,1988-01-29,20,2.0
JO,1988-02,1988-02-29,20,0.0
JO,1988-03,1988-03-31,23,0.0
JO,1988-04,1988-04-29,20,1.0
JO,1988-05,1988-05-31,21,0.0
JO,1988-06,1988-06-30,22,0.0
JO,1988-07,1988-07-29,20,2.0
JO,1988-08,1988-08-31,23,0.0
JO,1988-09,1988-09-30,21,0.0
JO,1988-10,1988-10-31,21,0.0
JO,1988-11,1988-11-30,20,0.0
JO,1988-12,1988-12-30,21,1.0
JO,1989-01,1989-01-31,21,0.0
JO,1989-02,1989-02-28,19,0.0
JO,1989-03,1989-03-31,22,0.0
JO,1989-04,1989-04-28,20,2.0
JO,1989-05,1989-05-31,22,0.0
JO,1989-06,1989-06-30,22,0.0
JO,1989-07,1989-07-31,19,0.0
JO,1989-08,1989-08-31,23,0.0
JO,1989-09,1989-09-29,20,1.0
JO,1989-10,1989-10-31,22,0.0
JO,1989-11,1989-11-30,20,0.0
JO,1989-12,1989-12-29,20,2.0
JO,1990-01,1990-01-31,22,0.0
JO,1990-02,1990-02-28,19,0.0
JO,1990-03,1990-03-30,22,1.0
JO,1990-04,1990-04-30,20,0.0
JO,1990-05,1990-05-31,22,0.0
JO,1990-06,1990-06-29,21,1.0
JO,1990-07,1990-07-31,21,0.0
JO,1990-08,1990-08-31,22,0.0
JO,1990-09,1990-09-28,19,2.0
JO,1990-10,1990-10-31,23,0.0
JO,1990-11,1990-11-30,20,0.0
JO,1990-12,1990-12-28,18,3.0
JO,1991-01,1991-01-31,21,0.0
JO,1991-02,1991-02-28,19,0.0
JO,1991-03,1991-03-28,20,3.0
JO,1991-04,1991-04-30,22,0.0
JO,1991-05,1991-05-31,22,0.0
JO,1991-06,1991-06-28,20,2.0
JO,1991-07,1991-07-31,21,0.0
JO,1991-08,1991-08-30,22,1.0
JO,1991-09,1991-09-30,20,0.0
JO,1991-10,1991-10-31,23,0.0
JO,1991-11,1991-11-27,19,3.0
JO,1991-12,1991-12-31,21,0.0
JO,1992-01,1992-01-31,22,0.0
JO,1992-02,1992-02-28,19,1.0
JO,1992-03,1992-03-31,22,0.0
JO,1992-04,1992-04-30,21,0.0
JO,1992-05,1992-05-29,20,2.0
JO,1992-06,1992-06-30,22,0.0
JO,1992-07,1992-07-31,22,0.0
JO,1992-08,1992-08-31,21,0.0
JO,1992-09,1992-09-30,21,0.0
JO,1992-10,1992-10-30,22,1.0
JO,1992-11,1992-11-30,19,0.0
JO,1992-12,1992-12-31,22,0.0
JO,1993-01,1993-01-29,20,2.0
JO,1993-02,1993-02-26,19,2.0
JO,1993-03,1993-03-31,23,0.0
JO,1993-04,1993-04-30,21,0.0
JO,1993-05,1993-05-28,20,3.0
JO,1993-06,1993-06-30,22,0.0
JO,1993-07,1993-07-30,21,1.0
JO,1993-08,1993-08-31,22,0.0
JO,1993-09,1993-09-30,21,0.0
JO,1993-10,1993-10-29,21,2.0
JO,1993-11,1993-11-30,20,0.0
JO,1993-12,1993-12-30,21,1.0
JO,1994-01,1994-01-31,21,0.0
JO,1994-02,1994-02-28,19,0.0
JO,1994-03,1994-03-31,23,0.0
JO,1994-04,1994-04-29,19,1.0
JO,1994-05,1994-05-31,21,0.0
JO,1994-06,1994-06-30,22,0.0
JO,1994-07,1994-07-29,20,2.0
JO,1994-08,1994-08-31,23,0.0
JO,1994-09,1994-09-30,21,0.0
JO,1994-10,1994-10-31,21,0.0
JO,1994-11,1994-11-30,20,0.0
JO,1994-12,1994-12-30,21,1.0
JO,1995-01,1995-01-31,21,0.0
JO,1995-02,1995-02-28,19,0.0
JO,1995-03,1995-03-31,23,0.0
JO,1995-04,1995-04-28,19,2.0
JO,1995-05,1995-05-31,22,0.0
JO,1995-06,1995-06-30,22,0.0
JO,1995-07,1995-07-31,20,0.0
JO,1995-08,1995-08-31,23,0.0
JO,1995-09,1995-09-29,20,1.0
JO,1995-10,1995-10-31,22,0.0
JO,1995-11,1995-11-30,20,0.0
JO,1995-12,1995-12-29,20,2.0
JO,1996-01,1996-01-31,21,0.0
JO,1996-02,1996-02-29,20,0.0
JO,1996-03,1996-03-29,21,2.0
JO,1996-04,1996-04-30,21,0.0
JO,1996-05,1996-05-31,22,0.0
JO,1996-06,1996-06-28,20,2.0
JO,1996-07,1996-07-31,21,0.0
JO,1996-08,1996-08-30,22,1.0
JO,1996-09,1996-09-30,20,0.0
JO,1996-10,1996-10-31,23,0.0
JO,1996-11,1996-11-27,19,3.0
JO,1996-12,1996-12-31,20,0.0
JO,1997-01,1997-01-31,22,0.0
JO,1997-02,1997-02-28,19,0.0
JO,1997-03,1997-03-31,20,0.0
JO,1997-04,1997-04-30,22,0.0
JO,1997-05,1997-05-30,21,1.0
JO,1997-06,1997-06-30,21,0.0
JO,1997-07,1997-07-31,22,0.0
JO,1997-08,1997-08-29,21,2.0
JO,1997-09,1997-09-30,21,0.0
JO,1997-10,1997-10-31,23,0.0
JO,1997-11,1997-11-26,18,4.0
JO,1997-12,1997-12-31,21,0.0
JO,1998-01,1998-01-30,19,1.0
JO,1998-02,1998-02-27,19,1.0
JO,1998-03,1998-03-31,22,0.0
JO,1998-04,1998-04-30,21,0.0
JO,1998-05,1998-05-29,20,2.0
JO,1998-06,1998-06-30,22,0.0
JO,1998-07,1998-07-31,22,0.0
JO,1998-08,1998-08-31,21,0.0
JO,1998-09,1998-09-30,21,0.0
JO,1998-10,1998-10-30,22,1.0
JO,1998-11,1998-11-30,19,0.0
JO,1998-12,1998-12-31,22,0.0
JO,1999-01,1999-01-29,19,2.0
JO,1999-02,1999-02-26,19,2.0
JO,1999-03,1999-03-31,23,0.0
JO,1999-04,1999-04-30,21,0.0
JO,1999-05,1999-05-28,20,3.0
JO,1999-06,1999-06-30,22,0.0
JO,1999-07,1999-07-30,21,1.0
JO,1999-08,1999-08-31,22,0.0
JO,1999-09,1999-09-30,21,0.0
JO,1999-10,1999-10-29,21,2.0
JO,1999-11,1999-11-30,20,0.0
JO,1999-12,1999-12-30,21,1.0
JO,2000-01,2000-01-31,20,0.0
JO,2000-02,2000-02-29,20,0.0
JO,2000-03,2000-03-31,23,0.0
JO,2000-04,2000-04-28,19,2.0
JO,2000-05,2000-05-31,22,0.0
JO,2000-06,2000-06-30,22,0.0
JO,2000-07,2000-07-31,19,0.0
JO,2000-08,2000-08-31,23,0.0
JO,2000-09,2000-09-29,20,1.0
JO,2000-10,2000-10-31,22,0.0
JO,2000-11,2000-11-30,20,0.0
JO,2000-12,2000-12-29,20,2.0
JO,2001-01,2001-01-31,21,0.0
JO,2001-02,2001-02-28,19,0.0
JO,2001-03,2001-03-30,22,1.0
JO,2001-04,2001-04-30,20,0.0
JO,2001-05,2001-05-31,22,0.0
JO,2001-06,2001-06-29,21,1.0
JO,2001-07,2001-07-31,21,0.0
JO,2001-08,2001-08-31,23,0.0
JO,2001-09,2001-09-28,15,2.0
JO,2001-10,2001-10-31,23,0.0
JO,2001-11,2001-11-30,19,0.0
JO,2001-12,2001-12-28,18,3.0
JO,2002-01,2002-01-31,21,0.0
JO,2002-02,2002-02-28,19,0.0
JO,2002-03,2002-03-28,20,3.0
JO,2002-04,2002-04-30,22,0.0
JO,2002-05,2002-05-31,22,0.0
JO,2002-06,2002-06-28,20,2.0
JO,2002-07,2002-07-31,21,0.0
JO,2002-08,2002-08-30,22,1.0
JO,2002-09,2002-09-30,20,0.0
JO,2002-10,2002-10-31,23,0.0
JO,2002-11,2002-11-27,19,3.0
JO,2002-12,2002-12-31,20,0.0
JO,2003-01,2003-01-31,21,0.0
JO,2003-02,2003-02-28,18,0.0
JO,2003-03,2003-03-31,21,0.0
JO,2003-04,2003-04-30,21,0.0
JO,2003-05,2003-05-30,21,1.0
JO,2003-06,2003-06-30,21,0.0
JO,2003-07,2003-07-31,22,0.0
JO,2003-08,2003-08-29,21,2.0
JO,2003-09,2003-09-30,21,0.0
JO,2003-10,2003-10-31,23,0.0
JO,2003-11,2003-11-26,18,4.0
JO,2003-12,2003-12-31,21,0.0
JO,2004-01,2004-01-30,19,1.0
JO,2004-02,2004-02-27,19,2.0
JO,2004-03,2004-03-31,23,0.0
JO,2004-04,2004-04-30,21,0.0
JO,2004-05,2004-05-28,20,3.0
JO,2004-06,2004-06-30,21,0.0
JO,2004-07,2004-07-30,21,1.0
JO,2004-08,2004-08-31,22,0.0
JO,2004-09,2004-09-30,21,0.0
JO,2004-10,2004-10-29,21,2.0
JO,2004-11,2004-11-30,20,0.0
JO,2004-12,2004-12-30,21,1.0
JO,2005-01,2005-01-31,20,0.0
JO,2005-02,2005-02-28,19,0.0
JO,2005-03,2005-03-31,22,0.0
JO,2005-04,2005-04-29,21,1.0
JO,2005-05,2005-05-31,21,0.0
JO,2005-06,2005-06-30,22,0.0
JO,2005-07,2005-07-29,20,2.0
JO,2005-08,2005-08-31,23,0.0
JO,2005-09,2005-09-30,21,0.0
JO,2005-10,2005-10-31,21,0.0
JO,2005-11,2005-11-30,20,0.0
JO,2005-12,2005-12-30,21,1.0
JO,2006-01,2006-01-31,20,0.0
JO,2006-02,2006-02-28,19,0.0
JO,2006-03,2006-03-31,23,0.0
JO,2006-04,2006-04-28,19,2.0
JO,2006-05,2006-05-31,22,0.0
JO,2006-06,2006-06-30,22,0.0
JO,2006-07,2006-07-31,20,0.0
JO,2006-08,2006-08-31,23,0.0
JO,2006-09,2006-09-29,20,1.0
JO,2006-10,2006-10-31,22,0.0
JO,2006-11,2006-11-30,20,0.0
JO,2006-12,2006-12-29,20,2.0
JO,2007-01,2007-01-31,20,0.0
JO,2007-02,2007-02-28,19,0.0
JO,2007-03,2007-03-30,22,1.0
JO,2007-04,2007-04-30,20,0.0
JO,2007-05,2007-05-31,22,0.0
JO,2007-06,2007-06-29,21,1.0
JO,2007-07,2007-07-31,21,0.0
JO,2007-08,2007-08-31,23,0.0
JO,2007-09,2007-09-28,19,2.0
JO,2007-10,2007-10-31,23,0.0
JO,2007-11,2007-11-30,20,0.0
JO,2007-12,2007-12-31,19,0.0
JO,2008-01,2008-01-31,21,0.0
JO,2008-02,2008-02-29,20,0.0
JO,2008-03,2008-03-31,20,0.0
JO,2008-04,2008-04-30,22,0.0
JO,2008-05,2008-05-30,21,1.0
JO,2008-06,2008-06-30,21,0.0
JO,2008-07,2008-07-31,22,0.0
JO,2008-08,2008-08-29,21,2.0
JO,2008-09,2008-09-30,21,0.0
JO,2008-10,2008-10-31,23,0.0
JO,2008-11,2008-11-28,19,2.0
JO,2008-12,2008-12-31,22,0.0
JO,2009-01,2009-01-30,20,1.0
JO,2009-02,2009-02-27,19,1.0
JO,2009-03,2009-03-31,22,0.0
JO,2009-04,2009-04-30,21,0.0
JO,2009-05,2009-05-29,20,2.0
JO,2009-06,2009-06-30,22,0.0
JO,2009-07,2009-07-31,22,0.0
JO,2009-08,2009-08-31,21,0.0
JO,2009-09,2009-09-30,21,0.0
JO,2009-10,2009-10-30,22,1.0
JO,2009-11,2009-11-30,20,0.0
JO,2009-12,2009-12-31,22,0.0
JO,2010-01,2010-01-29,19,2.0
JO,2010-02,2010-02-26,19,2.0
JO,2010-03,2010-03-31,23,0.0
JO,2010-04,2010-04-30,21,0.0
JO,2010-05,2010-05-28,20,3.0
JO,2010-06,2010-06-30,22,0.0
JO,2010-07,2010-07-30,21,1.0
JO,2010-08,2010-08-31,22,0.0
JO,2010-09,2010-09-30,21,0.0
JO,2010-10,2010-10-29,21,2.0
JO,2010-11,2010-11-30,21,0.0
JO,2010-12,2010-12-31,22,0.0
JO,2011-01,2011-01-31,20,0.0
JO,2011-02,2011-02-28,19,0.0
JO,2011-03,2011-03-31,23,0.0
JO,2011-04,2011-04-29,20,1.0
JO,2011-05,2011-05-31,21,0.0
JO,2011-06,2011-06-30,22,0.0
JO,2011-07,2011-07-29,20,2.0
JO,2011-08,2011-08-31,23,0.0
JO,2011-09,2011-09-30,21,0.0
JO,2011-10,2011-10-31,21,0.0
JO,2011-11,2011-11-30,21,0.0
JO,2011-12,2011-12-30,21,1.0
JO,2012-01,2012-01-31,20,0.0
JO,2012-02,2012-02-29,20,0.0
JO,2012-03,2012-03-30,22,1.0
JO,2012-04,2012-04-30,20,0.0
JO,2012-05,2012-05-31,22,0.0
JO,2012-06,2012-06-29,21,1.0
JO,2012-07,2012-07-31,21,0.0
JO,2012-08,2012-08-31,23,0.0
JO,2012-09,2012-09-28,19,2.0
JO,2012-10,2012-10-31,23,0.0
JO,2012-11,2012-11-30,21,0.0
JO,2012-12,2012-12-31,20,0.0
JO,2013-01,2013-01-31,21,0.0
JO,2013-02,2013-02-28,19,0.0
JO,2013-03,2013-03-28,20,3.0
JO,2013-04,2013-04-30,22,0.0
JO,2013-05,2013-05-31,22,0.0
JO,2013-06,2013-06-28,20,2.0
JO,2013-07,2013-07-31,22,0.0
JO,2013-08,2013-08-30,22,1.0
JO,2013-09,2013-09-30,20,0.0
JO,2013-10,2013-10-31,23,0.0
JO,2013-11,2013-11-29,20,1.0
JO,2013-12,2013-12-31,21,0.0
JO,2014-01,2014-01-31,21,0.0
JO,2014-02,2014-02-28,19,0.0
JO,2014-03,2014-03-31,21,0.0
JO,2014-04,2014-04-30,21,0.0
JO,2014-05,2014-05-30,21,1.0
JO,2014-06,2014-06-30,21,0.0
JO,2014-07,2014-07-31,22,0.0
JO,2014-08,2014-08-29,21,2.0
JO,2014-09,2014-09-30,21,0.0
JO,2014-10,2014-10-31,23,0.0
JO,2014-11,2014-11-28,19,2.0
JO,2014-12,2014-12-31,22,0.0
KC,1969-01,,0,
KC,1969-02,,0,
KC,1969-03,,0,
KC,1969-04,,0,
KC,1969-05,,0,
KC,1969-06,,0,
KC,1969-07,,0,
KC,1969-08,,0,
KC,1969-09,,0,
KC,1969-10,,0,
KC,1969-11,,0,
KC,1969-12,,0,
KC,1970-01,,0,
KC,1970-02,,0,
KC,1970-03,,0,
KC,1970-04,,0,
KC,1970-05,,0,
KC,1970-06,,0,
KC,1970-07,,0,
KC,1970-08,,0,
KC,1970-09,,0,
KC,1970-10,,0,
KC,1970-11,,0,
KC,1970-12,,0,
KC,1971-01,,0,
KC,1971-02,,0,
KC,1971-03,,0,
KC,1971-04,,0,
KC,1971-05,,0,
KC,1971-06,,0,
KC,1971-07,,0,
KC,1971-08,,0,
KC,1971-09,,0,
KC,1971-10,,0,
KC,1971-11,,0,
KC,1971-12,,0,
KC,1972-01,,0,
KC,1972-02,,0,
KC,1972-03,,0,
KC,1972-04,,0,
KC,1972-05,,0,
KC,1972-06,,0,
KC,1972-07,,0,
KC,1972-08,,0,
KC,1972-09,,0,
KC,1972-10,,0,
KC,1972-11,,0,
KC,1972-12,,0,
KC,1973-01,,0,
KC,1973-02,,0,
KC,1973-03,,0,
KC,1973-04,,0,
KC,1973-05,,0,
KC,1973-06,,0,
KC,1973-07,,0,
KC,1973-08,,0,
KC,1973-09,,0,
KC,1973-10,,0,
KC,1973-11,,0,
KC,1973-12,,0,
KC,1974-01,1974-01-31,22,0.0
KC,1974-02,1974-02-28,18,0.0
KC,1974-03,1974-03-29,21,2.0
KC,1974-04,1974-04-30,21,0.0
KC,1974-05,1974-05-31,22,0.0
KC,1974-06,1974-06-28,20,2.0
KC,1974-07,1974-07-31,22,0.0
KC,1974-08,1974-08-30,22,1.0
KC,1974-09,1974-09-30,20,0.0
KC,1974-10,1974-10-31,22,0.0
KC,1974-11,1974-11-29,18,1.0
KC,1974-12,1974-12-31,19,0.0
KC,1975-01,1975-01-31,22,0.0
KC,1975-02,1975-02-28,18,0.0
KC,1975-03,1975-03-31,20,0.0
KC,1975-04,1975-04-30,22,0.0
KC,1975-05,1975-05-30,21,1.0
KC,1975-06,1975-06-30,21,0.0
KC,1975-07,1975-07-31,22,0.0
KC,1975-08,1975-08-29,21,2.0
KC,1975-09,1975-09-30,21,0.0
KC,1975-10,1975-10-31,22,0.0
KC,1975-11,1975-11-28,16,2.0
KC,1975-12,1975-12-31,21,0.0
KC,1976-01,1976-01-30,20,1.0
KC,1976-02,1976-02-27,18,2.0
KC,1976-03,1976-03-31,23,0.0
KC,1976-04,1976-04-30,21,0.0
KC,1976-05,1976-05-28,20,3.0
KC,1976-06,1976-06-30,22,0.0
KC,1976-07,1976-07-30,21,1.0
KC,1976-08,1976-08-31,22,0.0
KC,1976-09,1976-09-30,21,0.0
KC,1976-10,1976-10-29,20,2.0
KC,1976-11,1976-11-30,19,0.0
KC,1976-12,1976-12-30,21,1.0
KC,1977-01,1977-01-31,21,0.0
KC,1977-02,1977-02-28,19,0.0
KC,1977-03,1977-03-31,23,0.0
KC,1977-04,1977-04-29,20,1.0
KC,1977-05,1977-05-31,21,0.0
KC,1977-06,1977-06-30,22,0.0
KC,1977-07,1977-07-29,19,2.0
KC,1977-08,1977-08-31,23,0.0
KC,1977-09,1977-09-30,21,0.0
KC,1977-10,1977-10-31,20,0.0
KC,1977-11,1977-11-30,19,0.0
KC,1977-12,1977-12-30,21,1.0
KC,1978-01,1978-01-31,20,0.0
KC,1978-02,1978-02-28,17,0.0
KC,1978-03,1978-03-31,22,0.0
KC,1978-04,1978-04-28,20,2.0
KC,1978-05,1978-05-31,22,0.0
KC,1978-06,1978-06-30,22,0.0
KC,1978-07,1978-07-31,20,0.0
KC,1978-08,1978-08-31,23,0.0
KC,1978-09,1978-09-29,20,1.0
KC,1978-10,1978-10-31,21,0.0
KC,1978-11,1978-11-30,20,0.0
KC,1978-12,1978-12-29,20,2.0
KC,1979-01,1979-01-31,22,0.0
KC,1979-02,1979-02-28,19,0.0
KC,1979-03,1979-03-30,22,1.0
KC,1979-04,1979-04-30,20,0.0
KC,1979-05,1979-05-31,22,0.0
KC,1979-06,1979-06-29,21,1.0
KC,1979-07,1979-07-31,21,0.0
KC,1979-08,1979-08-31,23,0.0
KC,1979-09,1979-09-28,19,2.0
KC,1979-10,1979-10-31,23,0.0
KC,1979-11,1979-11-30,21,0.0
KC,1979-12,1979-12-31,19,0.0
KC,1980-01,1980-01-31,22,0.0
KC,1980-02,1980-02-29,19,0.0
KC,1980-03,1980-03-31,21,0.0
KC,1980-04,1980-04-30,21,0.0
KC,1980-05,1980-05-30,21,1.0
KC,1980-06,1980-06-30,21,0.0
KC,1980-07,1980-07-31,22,0.0
KC,1980-08,1980-08-29,21,2.0
KC,1980-09,1980-09-30,21,0.0
KC,1980-10,1980-10-31,23,0.0
KC,1980-11,1980-11-28,18,2.0
KC,1980-12,1980-12-31,21,0.0
KC,1981-01,1981-01-30,20,1.0
KC,1981-02,1981-02-27,19,1.0
KC,1981-03,1981-03-31,22,0.0
KC,1981-04,1981-04-30,21,0.0
KC,1981-05,1981-05-29,20,2.0
KC,1981-06,1981-06-30,22,0.0
KC,1981-07,1981-07-31,22,0.0
KC,1981-08,1981-08-31,21,0.0
KC,1981-09,1981-09-30,21,0.0
KC,1981-10,1981-10-30,22,1.0
KC,1981-11,1981-11-30,20,0.0
KC,1981-12,1981-12-31,21,0.0
KC,1982-01,1982-01-29,20,2.0
KC,1982-02,1982-02-26,19,2.0
KC,1982-03,1982-03-31,23,0.0
KC,1982-04,1982-04-30,21,0.0
KC,1982-05,1982-05-28,20,3.0
KC,1982-06,1982-06-30,22,0.0
KC,1982-07,1982-07-30,21,1.0
KC,1982-08,1982-08-31,22,0.0
KC,1982-09,1982-09-30,21,0.0
KC,1982-10,1982-10-29,21,2.0
KC,1982-11,1982-11-30,20,0.0
KC,1982-12,1982-12-30,21,1.0
KC,1983-01,1983-01-31,21,0.0
KC,1983-02,1983-02-28,19,0.0
KC,1983-03,1983-03-31,23,0.0
KC,1983-04,1983-04-29,20,1.0
KC,1983-05,1983-05-31,21,0.0
KC,1983-06,1983-06-30,22,0.0
KC,1983-07,1983-07-29,20,2.0
KC,1983-08,1983-08-31,23,0.0
KC,1983-09,1983-09-30,21,0.0
KC,1983-10,1983-10-31,21,0.0
KC,1983-11,1983-11-30,21,0.0
KC,1983-12,1983-12-30,21,1.0
KC,1984-01,1984-01-31,21,0.0
KC,1984-02,1984-02-29,20,0.0
KC,1984-03,1984-03-30,22,1.0
KC,1984-04,1984-04-30,20,0.0
KC,1984-05,1984-05-31,22,0.0
KC,1984-06,1984-06-29,21,1.0
KC,1984-07,1984-07-31,21,0.0
KC,1984-08,1984-08-31,23,0.0
KC,1984-09,1984-09-28,19,2.0
KC,1984-10,1984-10-31,23,0.0
KC,1984-11,1984-11-30,21,0.0
KC,1984-12,1984-12-31,19,0.0
KC,1985-01,1985-01-31,22,0.0
KC,1985-02,1985-02-28,19,0.0
KC,1985-03,1985-03-29,21,2.0
KC,1985-04,1985-04-30,21,0.0
KC,1985-05,1985-05-31,22,0.0
KC,1985-06,1985-06-28,20,2.0
KC,1985-07,1985-07-31,21,0.0
KC,1985-08,1985-08-30,22,1.0
KC,1985-09,1985-09-30,19,0.0
KC,1985-10,1985-10-31,22,0.0
KC,1985-11,1985-11-29,20,1.0
KC,1985-12,1985-12-31,20,0.0
KC,1986-01,1986-01-31,22,0.0
KC,1986-02,1986-02-28,19,0.0
KC,1986-03,1986-03-31,20,0.0
KC,1986-04,1986-04-30,22,0.0
KC,1986-05,1986-05-30,21,1.0
KC,1986-06,1986-06-30,21,0.0
KC,1986-07,1986-07-31,21,0.0
KC,1986-08,1986-08-29,21,2.0
KC,1986-09,1986-09-30,21,0.0
KC,1986-10,1986-10-31,23,0.0
KC,1986-11,1986-11-26,18,4.0
KC,1986-12,1986-12-31,21,0.0
KC,1987-01,1987-01-30,20,1.0
KC,1987-02,1987-02-27,19,1.0
KC,1987-03,1987-03-31,22,0.0
KC,1987-04,1987-04-30,21,0.0
KC,1987-05,1987-05-29,20,2.0
KC,1987-06,1987-06-30,22,0.0
KC,1987-07,1987-07-31,22,0.0
KC,1987-08,1987-08-31,21,0.0
KC,1987-09,1987-09-30,21,0.0
KC,1987-10,1987-10-30,22,1.0
KC,1987-11,1987-11-30,19,0.0
KC,1987-12,1987-12-31,22,0.0
KC,1988-01,1988-01-29,20,2.0
KC,1988-02,1988-02-29,20,0.0
KC,1988-03,1988-03-31,23,0.0
KC,1988-04,1988-04-29,20,1.0
KC,1988-05,1988-05-31,21,0.0
KC,1988-06,1988-06-30,22,0.0
KC,1988-07,1988-07-29,20,2.0
KC,1988-08,1988-08-31,23,0.0
KC,1988-09,1988-09-30,21,0.0
KC,1988-10,1988-10-31,21,0.0
KC,1988-11,1988-11-30,20,0.0
KC,1988-12,1988-12-30,21,1.0
KC,1989-01,1989-01-31,21,0.0
KC,1989-02,1989-02-28,19,0.0
KC,1989-03,1989-03-31,22,0.0
KC,1989-04,1989-04-28,20,2.0
KC,1989-05,1989-05-31,22,0.0
KC,1989-06,1989-06-30,22,0.0
KC,1989-07,1989-07-31,20,0.0
KC,1989-08,1989-08-31,23,0.0
KC,1989-09,1989-09-29,20,1.0
KC,1989-10,1989-10-31,22,0.0
KC,1989-11,1989-11-30,20,0.0
KC,1989-12,1989-12-29,20,2.0
KC,1990-01,1990-01-31,22,0.0
KC,1990-02,1990-02-28,19,0.0
KC,1990-03,1990-03-30,22,1.0
KC,1990-04,1990-04-30,20,0.0
KC,1990-05,1990-05-31,22,0.0
KC,1990-06,1990-06-29,21,1.0
KC,1990-07,1990-07-31,21,0.0
KC,1990-08,1990-08-31,23,0.0
KC,1990-09,1990-09-28,19,2.0
KC,1990-10,1990-10-31,23,0.0
KC,1990-11,1990-11-30,20,0.0
KC,1990-12,1990-12-28,18,3.0
KC,1991-01,1991-01-31,22,0.0
KC,1991-02,1991-02-28,19,0.0
KC,1991-03,1991-03-28,20,3.0
KC,1991-04,1991-04-30,22,0.0
KC,1991-05,1991-05-31,22,0.0
KC,1991-06,1991-06-28,20,2.0
KC,1991-07,1991-07-31,21,0.0
KC,1991-08,1991-08-30,22,1.0
KC,1991-09,1991-09-30,20,0.0
KC,1991-10,1991-10-31,23,0.0
KC,1991-11,1991-11-27,19,3.0
KC,1991-12,1991-12-31,21,0.0
KC,1992-01,1992-01-31,22,0.0
KC,1992-02,1992-02-28,19,1.0
KC,1992-03,1992-03-31,22,0.0
KC,1992-04,1992-04-30,21,0.0
KC,1992-05,1992-05-29,20,2.0
KC,1992-06,1992-06-30,22,0.0
KC,1992-07,1992-07-31,22,0.0
KC,1992-08,1992-08-31,21,0.0
KC,1992-09,1992-09-30,21,0.0
KC,1992-10,1992-10-30,22,1.0
KC,1992-11,1992-11-30,19,0.0
KC,1992-12,1992-12-31,22,0.0
KC,1993-01,1993-01-29,20,2.0
KC,1993-02,1993-02-26,19,2.0
KC,1993-03,1993-03-31,23,0.0
KC,1993-04,1993-04-30,21,0.0
KC,1993-05,1993-05-28,20,3.0
KC,1993-06,1993-06-30,22,0.0
KC,1993-07,1993-07-30,21,1.0
KC,1993-08,1993-08-31,22,0.0
KC,1993-09,1993-09-30,21,0.0
KC,1993-10,1993-10-29,21,2.0
KC,1993-11,1993-11-30,20,0.0
KC,1993-12,1993-12-30,21,1.0
KC,1994-01,1994-01-31,21,0.0
KC,1994-02,1994-02-28,19,0.0
KC,1994-03,1994-03-31,23,0.0
KC,1994-04,1994-04-29,19,1.0
KC,1994-05,1994-05-31,21,0.0
KC,1994-06,1994-06-30,22,0.0
KC,1994-07,1994-07-29,20,2.0
KC,1994-08,1994-08-31,23,0.0
KC,1994-09,1994-09-30,21,0.0
KC,1994-10,1994-10-31,21,0.0
KC,1994-11,1994-11-30,20,0.0
KC,1994-12,1994-12-30,21,1.0
KC,1995-01,1995-01-31,21,0.0
KC,1995-02,1995-02-28,19,0.0
KC,1995-03,1995-03-31,23,0.0
KC,1995-04,1995-04-28,19,2.0
KC,1995-05,1995-05-31,22,0.0
KC,1995-06,1995-06-30,22,0.0
KC,1995-07,1995-07-31,19,0.0
KC,1995-08,1995-08-31,23,0.0
KC,1995-09,1995-09-29,20,1.0
KC,1995-10,1995-10-31,22,0.0
KC,1995-11,1995-11-30,20,0.0
KC,1995-12,1995-12-29,19,2.0
KC,1996-01,1996-01-31,20,0.0
KC,1996-02,1996-02-29,20,0.0
KC,1996-03,1996-03-29,21,2.0
KC,1996-04,1996-04-30,21,0.0
KC,1996-05,1996-05-31,22,0.0
KC,1996-06,1996-06-28,20,2.0
KC,1996-07,1996-07-31,21,0.0
KC,1996-08,1996-08-30,22,1.0
KC,1996-09,1996-09-30,20,0.0
KC,1996-10,1996-10-31,23,0.0
KC,1996-11,1996-11-27,19,3.0
KC,1996-12,1996-12-31,20,0.0
KC,1997-01,1997-01-31,22,0.0
KC,1997-02,1997-02-28,19,0.0
KC,1997-03,1997-03-31,20,0.0
KC,1997-04,1997-04-30,22,0.0
KC,1997-05,1997-05-30,21,1.0
KC,1997-06,1997-06-30,21,0.0
KC,1997-07,1997-07-31,22,0.0
KC,1997-08,1997-08-29,21,2.0
KC,1997-09,1997-09-30,21,0.0
KC,1997-10,1997-10-31,23,0.0
KC,1997-11,1997-11-26,18,4.0
KC,1997-12,1997-12-31,21,0.0
KC,1998-01,1998-01-30,19,1.0
KC,1998-02,1998-02-27,19,1.0
KC,1998-03,1998-03-31,22,0.0
KC,1998-04,1998-04-30,21,0.0
KC,1998-05,1998-05-29,20,2.0
KC,1998-06,1998-06-30,22,0.0
KC,1998-07,1998-07-31,22,0.0
KC,1998-08,1998-08-31,21,0.0
KC,1998-09,1998-09-30,21,0.0
KC,1998-10,1998-10-30,22,1.0
KC,1998-11,1998-11-30,19,0.0
KC,1998-12,1998-12-31,22,0.0
KC,1999-01,1999-01-29,19,2.0
KC,1999-02,1999-02-26,19,2.0
KC,1999-03,1999-03-31,23,0.0
KC,1999-04,1999-04-30,21,0.0
KC,1999-05,1999-05-28,20,3.0
KC,1999-06,1999-06-30,22,0.0
KC,1999-07,1999-07-30,21,1.0
KC,1999-08,1999-08-31,22,0.0
KC,1999-09,1999-09-30,21,0.0
KC,1999-10,1999-10-29,21,2.0
KC,1999-11,1999-11-30,20,0.0
KC,1999-12,1999-12-30,21,1.0
KC,2000-01,2000-01-31,20,0.0
KC,2000-02,2000-02-29,20,0.0
KC,2000-03,2000-03-31,23,0.0
KC,2000-04,2000-04-28,19,2.0
KC,2000-05,2000-05-31,22,0.0
KC,2000-06,2000-06-30,22,0.0
KC,2000-07,2000-07-31,19,0.0
KC,2000-08,2000-08-31,23,0.0
KC,2000-09,2000-09-29,20,1.0
KC,2000-10,2000-10-31,22,0.0
KC,2000-11,2000-11-30,20,0.0
KC,2000-12,2000-12-29,20,2.0
KC,2001-01,2001-01-31,21,0.0
KC,2001-02,2001-02-28,19,0.0
KC,2001-03,2001-03-30,22,1.0
KC,2001-04,2001-04-30,20,0.0
KC,2001-05,2001-05-31,22,0.0
KC,2001-06,2001-06-29,21,1.0
KC,2001-07,2001-07-31,21,0.0
KC,2001-08,2001-08-31,23,0.0
KC,2001-09,2001-09-28,15,2.0
KC,2001-10,2001-10-31,23,0.0
KC,2001-11,2001-11-30,19,0.0
KC,2001-12,2001-12-28,17,3.0
KC,2002-01,2002-01-31,21,0.0
KC,2002-02,2002-02-28,19,0.0
KC,2002-03,2002-03-28,20,3.0
KC,2002-04,2002-04-30,22,0.0
KC,2002-05,2002-05-31,22,0.0
KC,2002-06,2002-06-28,20,2.0
KC,2002-07,2002-07-31,21,0.0
KC,2002-08,2002-08-30,22,1.0
KC,2002-09,2002-09-30,20,0.0
KC,2002-10,2002-10-31,23,0.0
KC,2002-11,2002-11-27,19,3.0
KC,2002-12,2002-12-31,20,0.0
KC,2003-01,2003-01-31,21,0.0
KC,2003-02,2003-02-28,18,0.0
KC,2003-03,2003-03-31,21,0.0
KC,2003-04,2003-04-30,21,0.0
KC,2003-05,2003-05-30,21,1.0
KC,2003-06,2003-06-30,21,0.0
KC,2003-07,2003-07-31,22,0.0
KC,2003-08,2003-08-29,21,2.0
KC,2003-09,2003-09-30,21,0.0
KC,2003-10,2003-10-31,23,0.0
KC,2003-11,2003-11-26,18,4.0
KC,2003-12,2003-12-31,21,0.0
KC,2004-01,2004-01-30,19,1.0
KC,2004-02,2004-02-27,19,2.0
KC,2004-03,2004-03-31,23,0.0
KC,2004-04,2004-04-30,21,0.0
KC,2004-05,2004-05-28,20,3.0
KC,2004-06,2004-06-30,21,0.0
KC,2004-07,2004-07-30,21,1.0
KC,2004-08,2004-08-31,22,0.0
KC,2004-09,2004-09-30,21,0.0
KC,2004-10,2004-10-29,21,2.0
KC,2004-11,2004-11-30,20,0.0
KC,2004-12,2004-12-30,21,1.0
KC,2005-01,2005-01-31,20,0.0
KC,2005-02,2005-02-28,19,0.0
KC,2005-03,2005-03-31,22,0.0
KC,2005-04,2005-04-29,21,1.0
KC,2005-05,2005-05-31,21,0.0
KC,2005-06,2005-06-30,22,0.0
KC,2005-07,2005-07-29,20,2.0
KC,2005-08,2005-08-31,23,0.0
KC,2005-09,2005-09-30,21,0.0
KC,2005-10,2005-10-31,21,0.0
KC,2005-11,2005-11-30,20,0.0
KC,2005-12,2005-12-30,21,1.0
KC,2006-01,2006-01-31,20,0.0
KC,2006-02,2006-02-28,19,0.0
KC,2006-03,2006-03-31,23,0.0
KC,2006-04,2006-04-28,19,2.0
KC,2006-05,2006-05-31,22,0.0
KC,2006-06,2006-06-30,22,0.0
KC,2006-07,2006-07-31,20,0.0
KC,2006-08,2006-08-31,23,0.0
KC,2006-09,2006-09-29,20,1.0
KC,2006-10,2006-10-31,22,0.0
KC,2006-11,2006-11-30,20,0.0
KC,2006-12,2006-12-29,20,2.0
KC,2007-01,2007-01-31,20,0.0
KC,2007-02,2007-02-28,19,0.0
KC,2007-03,2007-03-30,22,1.0
KC,2007-04,2007-04-30,20,0.0
KC,2007-05,2007-05-31,22,0.0
KC,2007-06,2007-06-29,21,1.0
KC,2007-07,2007-07-31,21,0.0
KC,2007-08,2007-08-31,23,0.0
KC,2007-09,2007-09-28,19,2.0
KC,2007-10,2007-10-31,23,0.0
KC,2007-11,2007-11-30,20,0.0
KC,2007-12,2007-12-31,19,0.0
KC,2008-01,2008-01-31,21,0.0
KC,2008-02,2008-02-29,20,0.0
KC,2008-03,2008-03-31,20,0.0
KC,2008-04,2008-04-30,22,0.0
KC,2008-05,2008-05-30,21,1.0
KC,2008-06,2008-06-30,21,0.0
KC,2008-07,2008-07-31,22,0.0
KC,2008-08,2008-08-29,21,2.0
KC,2008-09,2008-09-30,21,0.0
KC,2008-10,2008-10-31,23,0.0
KC,2008-11,2008-11-28,19,2.0
KC,2008-12,2008-12-31,22,0.0
KC,2009-01,2009-01-30,20,1.0
KC,2009-02,2009-02-27,19,1.0
KC,2009-03,2009-03-31,22,0.0
KC,2009-04,2009-04-30,21,0.0
KC,2009-05,2009-05-29,20,2.0
KC,2009-06,2009-06-30,22,0.0
KC,2009-07,2009-07-31,22,0.0
KC,2009-08,2009-08-31,21,0.0
KC,2009-09,2009-09-30,21,0.0
KC,2009-10,2009-10-30,22,1.0
KC,2009-11,2009-11-30,20,0.0
KC,2009-12,2009-12-31,22,0.0
KC,2010-01,2010-01-29,19,2.0
KC,2010-02,2010-02-26,19,2.0
KC,2010-03,2010-03-31,23,0.0
KC,2010-04,2010-04-30,21,0.0
KC,2010-05,2010-05-28,20,3.0
KC,2010-06,2010-06-30,22,0.0
KC,2010-07,2010-07-30,21,1.0
KC,2010-08,2010-08-31,22,0.0
KC,2010-09,2010-09-30,21,0.0
KC,2010-10,2010-10-29,21,2.0
KC,2010-11,2010-11-30,21,0.0
KC,2010-12,2010-12-31,22,0.0
KC,2011-01,2011-01-31,19,0.0
KC,2011-02,2011-02-28,19,0.0
KC,2011-03,2011-03-31,23,0.0
KC,2011-04,2011-04-29,20,1.0
KC,2011-05,2011-05-31,21,0.0
KC,2011-06,2011-06-30,22,0.0
KC,2011-07,2011-07-29,20,2.0
KC,2011-08,2011-08-31,23,0.0
KC,2011-09,2011-09-30,21,0.0
KC,2011-10,2011-10-31,21,0.0
KC,2011-11,2011-11-30,21,0.0
KC,2011-12,2011-12-30,21,1.0
KC,2012-01,2012-01-31,20,0.0
KC,2012-02,2012-02-29,20,0.0
KC,2012-03,2012-03-30,22,1.0
KC,2012-04,2012-04-30,20,0.0
KC,2012-05,2012-05-31,22,0.0
KC,2012-06,2012-06-29,21,1.0
KC,2012-07,2012-07-31,21,0.0
KC,2012-08,2012-08-31,23,0.0
KC,2012-09,2012-09-28,19,2.0
KC,2012-10,2012-10-31,23,0.0
KC,2012-11,2012-11-30,21,0.0
KC,2012-12,2012-12-31,20,0.0
KC,2013-01,2013-01-31,21,0.0
KC,2013-02,2013-02-28,19,0.0
KC,2013-03,2013-03-28,20,3.0
KC,2013-04,2013-04-30,22,0.0
KC,2013-05,2013-05-31,22,0.0
KC,2013-06,2013-06-28,20,2.0
KC,2013-07,2013-07-31,22,0.0
KC,2013-08,2013-08-30,22,1.0
KC,2013-09,2013-09-30,20,0.0
KC,2013-10,2013-10-31,23,0.0
KC,2013-11,2013-11-29,20,1.0
KC,2013-12,2013-12-31,21,0.0
KC,2014-01,2014-01-31,21,0.0
KC,2014-02,2014-02-28,19,0.0
KC,2014-03,2014-03-31,21,0.0
KC,2014-04,2014-04-30,21,0.0
KC,2014-05,2014-05-30,21,1.0
KC,2014-06,2014-06-30,21,0.0
KC,2014-07,2014-07-31,22,0.0
KC,2014-08,2014-08-29,21,2.0
KC,2014-09,2014-09-30,21,0.0
KC,2014-10,2014-10-31,23,0.0
KC,2014-11,2014-11-28,19,2.0
KC,2014-12,2014-12-31,22,0.0
LB,1969-01,,0,
LB,1969-02,,0,
LB,1969-03,,0,
LB,1969-04,,0,
LB,1969-05,,0,
LB,1969-06,,0,
LB,1969-07,,0,
LB,1969-08,,0,
LB,1969-09,,0,
LB,1969-10,,0,
LB,1969-11,,0,
LB,1969-12,,0,
LB,1970-01,,0,
LB,1970-02,,0,
LB,1970-03,,0,
LB,1970-04,,0,
LB,1970-05,,0,
LB,1970-06,,0,
LB,1970-07,,0,
LB,1970-08,,0,
LB,1970-09,,0,
LB,1970-10,,0,
LB,1970-11,,0,
LB,1970-12,,0,
LB,1971-01,,0,
LB,1971-02,,0,
LB,1971-03,,0,
LB,1971-04,,0,
LB,1971-05,,0,
LB,1971-06,,0,
LB,1971-07,,0,
LB,1971-08,,0,
LB,1971-09,,0,
LB,1971-10,,0,
LB,1971-11,,0,
LB,1971-12,,0,
LB,1972-01,,0,
LB,1972-02,,0,
LB,1972-03,,0,
LB,1972-04,,0,
LB,1972-05,,0,
LB,1972-06,,0,
LB,1972-07,,0,
LB,1972-08,,0,
LB,1972-09,,0,
LB,1972-10,,0,
LB,1972-11,,0,
LB,1972-12,,0,
LB,1973-01,,0,
LB,1973-02,,0,
LB,1973-03,,0,
LB,1973-04,,0,
LB,1973-05,,0,
LB,1973-06,,0,
LB,1973-07,,0,
LB,1973-08,,0,
LB,1973-09,,0,
LB,1973-10,,0,
LB,1973-11,,0,
LB,1973-12,,0,
LB,1974-01,1974-01-31,22,0.0
LB,1974-02,1974-02-28,19,0.0
LB,1974-03,1974-03-29,21,2.0
LB,1974-04,1974-04-30,21,0.0
LB,1974-05,1974-05-31,22,0.0
LB,1974-06,1974-06-28,20,2.0
LB,1974-07,1974-07-31,22,0.0
LB,1974-08,1974-08-30,22,1.0
LB,1974-09,1974-09-30,20,0.0
LB,1974-10,1974-10-31,23,0.0
LB,1974-11,1974-11-29,19,1.0
LB,1974-12,1974-12-31,21,0.0
LB,1975-01,1975-01-31,22,0.0
LB,1975-02,1975-02-28,19,0.0
LB,1975-03,1975-03-31,20,0.0
LB,1975-04,1975-04-30,22,0.0
LB,1975-05,1975-05-30,21,1.0
LB,1975-06,1975-06-30,21,0.0
LB,1975-07,1975-07-31,22,0.0
LB,1975-08,1975-08-29,21,2.0
LB,1975-09,1975-09-30,21,0.0
LB,1975-10,1975-10-31,23,0.0
LB,1975-11,1975-11-28,19,2.0
LB,1975-12,1975-12-31,21,0.0
LB,1976-01,1976-01-30,21,1.0
LB,1976-02,1976-02-27,19,2.0
LB,1976-03,1976-03-31,23,0.0
LB,1976-04,1976-04-30,21,0.0
LB,1976-05,1976-05-28,20,3.0
LB,1976-06,1976-06-30,22,0.0
LB,1976-07,1976-07-30,21,1.0
LB,1976-08,1976-08-31,22,0.0
LB,1976-09,1976-09-30,21,0.0
LB,1976-10,1976-10-29,21,2.0
LB,1976-11,1976-11-30,20,0.0
LB,1976-12,1976-12-30,21,1.0
LB,1977-01,1977-01-31,21,0.0
LB,1977-02,1977-02-28,19,0.0
LB,1977-03,1977-03-31,23,0.0
LB,1977-04,1977-04-29,20,1.0
LB,1977-05,1977-05-31,21,0.0
LB,1977-06,1977-06-30,22,0.0
LB,1977-07,1977-07-29,19,2.0
LB,1977-08,1977-08-31,23,0.0
LB,1977-09,1977-09-30,21,0.0
LB,1977-10,1977-10-31,21,0.0
LB,1977-11,1977-11-30,21,0.0
LB,1977-12,1977-12-30,21,1.0
LB,1978-01,1978-01-31,21,0.0
LB,1978-02,1978-02-28,19,0.0
LB,1978-03,1978-03-31,22,0.0
LB,1978-04,1978-04-28,20,2.0
LB,1978-05,1978-05-31,22,0.0
LB,1978-06,1978-06-30,22,0.0
LB,1978-07,1978-07-31,20,0.0
LB,1978-08,1978-08-31,23,0.0
LB,1978-09,1978-09-29,20,1.0
LB,1978-10,1978-10-31,22,0.0
LB,1978-11,1978-11-30,19,0.0
LB,1978-12,1978-12-29,20,2.0
LB,1979-01,1979-01-31,22,0.0
LB,1979-02,1979-02-28,19,0.0
LB,1979-03,1979-03-30,22,1.0
LB,1979-04,1979-04-30,20,0.0
LB,1979-05,1979-05-31,22,0.0
LB,1979-06,1979-06-29,21,1.0
LB,1979-07,1979-07-31,21,0.0
LB,1979-08,1979-08-31,23,0.0
LB,1979-09,1979-09-28,19,2.0
LB,1979-10,1979-10-31,23,0.0
LB,1979-11,1979-11-30,21,0.0
LB,1979-12,1979-12-31,19,0.0
LB,1980-01,1980-01-31,22,0.0
LB,1980-02,1980-02-29,20,0.0
LB,1980-03,1980-03-31,21,0.0
LB,1980-04,1980-04-30,21,0.0
LB,1980-05,1980-05-30,21,1.0
LB,1980-06,1980-06-30,21,0.0
LB,1980-07,1980-07-31,22,0.0
LB,1980-08,1980-08-29,21,2.0
LB,1980-09,1980-09-30,21,0.0
LB,1980-10,1980-10-31,23,0.0
LB,1980-11,1980-11-28,18,2.0
LB,1980-12,1980-12-31,21,0.0
LB,1981-01,1981-01-30,21,1.0
LB,1981-02,1981-02-27,19,1.0
LB,1981-03,1981-03-31,22,0.0
LB,1981-04,1981-04-30,21,0.0
LB,1981-05,1981-05-29,20,2.0
LB,1981-06,1981-06-30,22,0.0
LB,1981-07,1981-07-31,22,0.0
LB,1981-08,1981-08-31,21,0.0
LB,1981-09,1981-09-30,21,0.0
LB,1981-10,1981-10-30,22,1.0
LB,1981-11,1981-11-30,20,0.0
LB,1981-12,1981-12-31,22,0.0
LB,1982-01,1982-01-29,20,2.0
LB,1982-02,1982-02-26,19,2.0
LB,1982-03,1982-03-31,23,0.0
LB,1982-04,1982-04-30,21,0.0
LB,1982-05,1982-05-28,20,3.0
LB,1982-06,1982-06-30,22,0.0
LB,1982-07,1982-07-30,21,1.0
LB,1982-08,1982-08-31,22,0.0
LB,1982-09,1982-09-30,21,0.0
LB,1982-10,1982-10-29,21,2.0
LB,1982-11,1982-11-30,21,0.0
LB,1982-12,1982-12-31,22,0.0
LB,1983-01,1983-01-31,21,0.0
LB,1983-02,1983-02-28,19,0.0
LB,1983-03,1983-03-31,23,0.0
LB,1983-04,1983-04-29,20,1.0
LB,1983-05,1983-05-31,21,0.0
LB,1983-06,1983-06-30,22,0.0
LB,1983-07,1983-07-29,20,2.0
LB,1983-08,1983-08-31,23,0.0
LB,1983-09,1983-09-30,21,0.0
LB,1983-10,1983-10-31,21,0.0
LB,1983-11,1983-11-30,20,0.0
LB,1983-12,1983-12-30,21,1.0
LB,1984-01,1984-01-31,21,0.0
LB,1984-02,1984-02-29,20,0.0
LB,1984-03,1984-03-30,22,1.0
LB,1984-04,1984-04-30,20,0.0
LB,1984-05,1984-05-31,22,0.0
LB,1984-06,1984-06-29,21,1.0
LB,1984-07,1984-07-31,21,0.0
LB,1984-08,1984-08-31,23,0.0
LB,1984-09,1984-09-28,19,2.0
LB,1984-10,1984-10-31,23,0.0
LB,1984-11,1984-11-30,21,0.0
LB,1984-12,1984-12-31,20,0.0
LB,1985-01,1985-01-31,22,0.0
LB,1985-02,1985-02-28,19,0.0
LB,1985-03,1985-03-29,21,2.0
LB,1985-04,1985-04-30,21,0.0
LB,1985-05,1985-05-31,22,0.0
LB,1985-06,1985-06-28,20,2.0
LB,1985-07,1985-07-31,22,0.0
LB,1985-08,1985-08-30,22,1.0
LB,1985-09,1985-09-30,20,0.0
LB,1985-10,1985-10-31,23,0.0
LB,1985-11,1985-11-29,20,1.0
LB,1985-12,1985-12-31,21,0.0
LB,1986-01,1986-01-31,22,0.0
LB,1986-02,1986-02-28,19,0.0
LB,1986-03,1986-03-31,20,0.0
LB,1986-04,1986-04-30,22,0.0
LB,1986-05,1986-05-30,21,1.0
LB,1986-06,1986-06-30,21,0.0
LB,1986-07,1986-07-31,22,0.0
LB,1986-08,1986-08-29,21,2.0
LB,1986-09,1986-09-30,21,0.0
LB,1986-10,1986-10-31,23,0.0
LB,1986-11,1986-11-28,19,2.0
LB,1986-12,1986-12-31,22,0.0
LB,1987-01,1987-01-30,21,1.0
LB,1987-02,1987-02-27,19,1.0
LB,1987-03,1987-03-31,22,0.0
LB,1987-04,1987-04-30,21,0.0
LB,1987-05,1987-05-29,20,2.0
LB,1987-06,1987-06-30,22,0.0
LB,1987-07,1987-07-31,22,0.0
LB,1987-08,1987-08-31,21,0.0
LB,1987-09,1987-09-30,21,0.0
LB,1987-10,1987-10-30,22,1.0
LB,1987-11,1987-11-30,20,0.0
LB,1987-12,1987-12-31,22,0.0
LB,1988-01,1988-01-29,20,2.0
LB,1988-02,1988-02-29,20,0.0
LB,1988-03,1988-03-31,23,0.0
LB,1988-04,1988-04-29,20,1.0
LB,1988-05,1988-05-31,21,0.0
LB,1988-06,1988-06-30,22,0.0
LB,1988-07,1988-07-29,20,2.0
LB,1988-08,1988-08-31,23,0.0
LB,1988-09,1988-09-30,21,0.0
LB,1988-10,1988-10-31,21,0.0
LB,1988-11,1988-11-30,21,0.0
LB,1988-12,1988-12-30,21,1.0
LB,1989-01,1989-01-31,21,0.0
LB,1989-02,1989-02-28,19,0.0
LB,1989-03,1989-03-31,22,0.0
LB,1989-04,1989-04-28,20,2.0
LB,1989-05,1989-05-31,22,0.0
LB,1989-06,1989-06-30,22,0.0
LB,1989-07,1989-07-31,20,0.0
LB,1989-08,1989-08-31,23,0.0
LB,1989-09,1989-09-29,20,1.0
LB,1989-10,1989-10-31,22,0.0
LB,1989-11,1989-11-30,21,0.0
LB,1989-12,1989-12-29,20,2.0
LB,1990-01,1990-01-31,22,0.0
LB,1990-02,1990-02-28,19,0.0
LB,1990-03,1990-03-30,22,1.0
LB,1990-04,1990-04-30,20,0.0
LB,1990-05,1990-05-31,22,0.0
LB,1990-06,1990-06-29,21,1.0
LB,1990-07,1990-07-31,21,0.0
LB,1990-08,1990-08-31,23,0.0
LB,1990-09,1990-09-28,19,2.0
LB,1990-10,1990-10-31,23,0.0
LB,1990-11,1990-11-30,21,0.0
LB,1990-12,1990-12-31,20,0.0
LB,1991-01,1991-01-31,22,0.0
LB,1991-02,1991-02-28,19,0.0
LB,1991-03,1991-03-28,20,3.0
LB,1991-04,1991-04-30,22,0.0
LB,1991-05,1991-05-31,22,0.0
LB,1991-06,1991-06-28,20,2.0
LB,1991-07,1991-07-31,22,0.0
LB,1991-08,1991-08-30,22,1.0
LB,1991-09,1991-09-30,20,0.0
LB,1991-10,1991-10-31,23,0.0
LB,1991-11,1991-11-29,20,1.0
LB,1991-12,1991-12-31,21,0.0
LB,1992-01,1992-01-31,22,0.0
LB,1992-02,1992-02-28,19,1.0
LB,1992-03,1992-03-31,22,0.0
LB,1992-04,1992-04-30,21,0.0
LB,1992-05,1992-05-29,20,2.0
LB,1992-06,1992-06-30,22,0.0
LB,1992-07,1992-07-31,22,0.0
LB,1992-08,1992-08-31,21,0.0
LB,1992-09,1992-09-30,21,0.0
LB,1992-10,1992-10-30,22,1.0
LB,1992-11,1992-11-30,20,0.0
LB,1992-12,1992-12-31,22,0.0
LB,1993-01,1993-01-29,20,2.0
LB,1993-02,1993-02-26,19,2.0
LB,1993-03,1993-03-31,23,0.0
LB,1993-04,1993-04-30,21,0.0
LB,1993-05,1993-05-28,20,3.0
LB,1993-06,1993-06-30,22,0.0
LB,1993-07,1993-07-30,21,1.0
LB,1993-08,1993-08-31,22,0.0
LB,1993-09,1993-09-30,21,0.0
LB,1993-10,1993-10-29,21,2.0
LB,1993-11,1993-11-30,21,0.0
LB,1993-12,1993-12-31,22,0.0
LB,1994-01,1994-01-31,21,0.0
LB,1994-02,1994-02-28,19,0.0
LB,1994-03,1994-03-31,23,0.0
LB,1994-04,1994-04-29,19,1.0
LB,1994-05,1994-05-31,21,0.0
LB,1994-06,1994-06-30,22,0.0
LB,1994-07,1994-07-29,20,2.0
LB,1994-08,1994-08-31,23,0.0
LB,1994-09,1994-09-30,21,0.0
LB,1994-10,1994-10-31,21,0.0
LB,1994-11,1994-11-30,21,0.0
LB,1994-12,1994-12-30,21,1.0
LB,1995-01,1995-01-31,21,0.0
LB,1995-02,1995-02-28,19,0.0
LB,1995-03,1995-03-31,23,0.0
LB,1995-04,1995-04-28,19,2.0
LB,1995-05,1995-05-31,22,0.0
LB,1995-06,1995-06-30,22,0.0
LB,1995-07,1995-07-31,20,0.0
LB,1995-08,1995-08-31,23,0.0
LB,1995-09,1995-09-29,20,1.0
LB,1995-10,1995-10-31,22,0.0
LB,1995-11,1995-11-30,21,0.0
LB,1995-12,1995-12-29,20,2.0
LB,1996-01,1996-01-31,22,0.0
LB,1996-02,1996-02-29,20,0.0
LB,1996-03,1996-03-29,21,2.0
LB,1996-04,1996-04-30,21,0.0
LB,1996-05,1996-05-31,22,0.0
LB,1996-06,1996-06-28,20,2.0
LB,1996-07,1996-07-31,22,0.0
LB,1996-08,1996-08-30,22,1.0
LB,1996-09,1996-09-30,20,0.0
LB,1996-10,1996-10-31,23,0.0
LB,1996-11,1996-11-29,20,1.0
LB,1996-12,1996-12-31,21,0.0
LB,1997-01,1997-01-31,22,0.0
LB,1997-02,1997-02-28,19,0.0
LB,1997-03,1997-03-31,20,0.0
LB,1997-04,1997-04-30,22,0.0
LB,1997-05,1997-05-30,21,1.0
LB,1997-06,1997-06-30,21,0.0
LB,1997-07,1997-07-31,22,0.0
LB,1997-08,1997-08-29,21,2.0
LB,1997-09,1997-09-30,21,0.0
LB,1997-10,1997-10-31,23,0.0
LB,1997-11,1997-11-28,19,2.0
LB,1997-12,1997-12-31,22,0.0
LB,1998-01,1998-01-30,20,1.0
LB,1998-02,1998-02-27,19,1.0
LB,1998-03,1998-03-31,22,0.0
LB,1998-04,1998-04-30,21,0.0
LB,1998-05,1998-05-29,20,2.0
LB,1998-06,1998-06-30,22,0.0
LB,1998-07,1998-07-31,22,0.0
LB,1998-08,1998-08-31,21,0.0
LB,1998-09,1998-09-30,21,0.0
LB,1998-10,1998-10-30,22,1.0
LB,1998-11,1998-11-30,20,0.0
LB,1998-12,1998-12-31,22,0.0
LB,1999-01,1999-01-29,19,2.0
LB,1999-02,1999-02-26,19,2.0
LB,1999-03,1999-03-31,23,0.0
LB,1999-04,1999-04-30,21,0.0
LB,1999-05,1999-05-28,20,3.0
LB,1999-06,1999-06-30,22,0.0
LB,1999-07,1999-07-30,21,1.0
LB,1999-08,1999-08-31,22,0.0
LB,1999-09,1999-09-30,21,0.0
LB,1999-10,1999-10-29,21,2.0
LB,1999-11,1999-11-30,21,0.0
LB,1999-12,1999-12-30,21,1.0
LB,2000-01,2000-01-31,20,0.0
LB,2000-02,2000-02-29,20,0.0
LB,2000-03,2000-03-31,23,0.0
LB,2000-04,2000-04-28,19,2.0
LB,2000-05,2000-05-31,22,0.0
LB,2000-06,2000-06-30,22,0.0
LB,2000-07,2000-07-31,20,0.0
LB,2000-08,2000-08-31,23,0.0
LB,2000-09,2000-09-29,20,1.0
LB,2000-10,2000-10-31,22,0.0
LB,2000-11,2000-11-30,21,0.0
LB,2000-12,2000-12-29,20,2.0
LB,2001-01,2001-01-31,21,0.0
LB,2001-02,2001-02-28,19,0.0
LB,2001-03,2001-03-30,22,1.0
LB,2001-04,2001-04-30,20,0.0
LB,2001-05,2001-05-31,22,0.0
LB,2001-06,2001-06-29,21,1.0
LB,2001-07,2001-07-31,21,0.0
LB,2001-08,2001-08-31,23,0.0
LB,2001-09,2001-09-28,17,2.0
LB,2001-10,2001-10-31,23,0.0
LB,2001-11,2001-11-30,21,0.0
LB,2001-12,2001-12-31,20,0.0
LB,2002-01,2002-01-31,21,0.0
LB,2002-02,2002-02-28,19,0.0
LB,2002-03,2002-03-28,20,3.0
LB,2002-04,2002-04-30,22,0.0
LB,2002-05,2002-05-31,22,0.0
LB,2002-06,2002-06-28,20,2.0
LB,2002-07,2002-07-31,22,0.0
LB,2002-08,2002-08-30,22,1.0
LB,2002-09,2002-09-30,20,0.0
LB,2002-10,2002-10-31,23,0.0
LB,2002-11,2002-11-29,20,1.0
LB,2002-12,2002-12-31,20,0.0
LB,2003-01,2003-01-31,21,0.0
LB,2003-02,2003-02-28,19,0.0
LB,2003-03,2003-03-31,21,0.0
LB,2003-04,2003-04-30,21,0.0
LB,2003-05,2003-05-30,21,1.0
LB,2003-06,2003-06-30,21,0.0
LB,2003-07,2003-07-31,22,0.0
LB,2003-08,2003-08-29,21,2.0
LB,2003-09,2003-09-30,21,0.0
LB,2003-10,2003-10-31,23,0.0
LB,2003-11,2003-11-28,19,2.0
LB,2003-12,2003-12-31,22,0.0
LB,2004-01,2004-01-30,20,1.0
LB,2004-02,2004-02-27,19,2.0
LB,2004-03,2004-03-31,23,0.0
LB,2004-04,2004-04-30,21,0.0
LB,2004-05,2004-05-28,20,3.0
LB,2004-06,2004-06-30,21,0.0
LB,2004-07,2004-07-30,21,1.0
LB,2004-08,2004-08-31,22,0.0
LB,2004-09,2004-09-30,21,0.0
LB,2004-10,2004-10-29,21,2.0
LB,2004-11,2004-11-30,21,0.0
LB,2004-12,2004-12-30,21,1.0
LB,2005-01,2005-01-31,20,0.0
LB,2005-02,2005-02-28,19,0.0
LB,2005-03,2005-03-31,22,0.0
LB,2005-04,2005-04-29,21,1.0
LB,2005-05,2005-05-31,21,0.0
LB,2005-06,2005-06-30,22,0.0
LB,2005-07,2005-07-29,20,2.0
LB,2005-08,2005-08-31,23,0.0
LB,2005-09,2005-09-30,21,0.0
LB,2005-10,2005-10-31,21,0.0
LB,2005-11,2005-11-30,21,0.0
LB,2005-12,2005-12-30,21,1.0
LB,2006-01,2006-01-31,20,0.0
LB,2006-02,2006-02-28,19,0.0
LB,2006-03,2006-03-31,23,0.0
LB,2006-04,2006-04-28,19,2.0
LB,2006-05,2006-05-31,22,0.0
LB,2006-06,2006-06-30,22,0.0
LB,2006-07,2006-07-31,20,0.0
LB,2006-08,2006-08-31,23,0.0
LB,2006-09,2006-09-29,20,1.0
LB,2006-10,2006-10-31,22,0.0
LB,2006-11,2006-11-30,21,0.0
LB,2006-12,2006-12-29,20,2.0
LB,2007-01,2007-01-31,20,0.0
LB,2007-02,2007-02-28,19,0.0
LB,2007-03,2007-03-30,22,1.0
LB,2007-04,2007-04-30,20,0.0
LB,2007-05,2007-05-31,22,0.0
LB,2007-06,2007-06-29,21,1.0
LB,2007-07,2007-07-31,21,0.0
LB,2007-08,2007-08-31,23,0.0
LB,2007-09,2007-09-28,19,2.0
LB,2007-10,2007-10-31,23,0.0
LB,2007-11,2007-11-30,21,0.0
LB,2007-12,2007-12-31,20,0.0
LB,2008-01,2008-01-31,21,0.0
LB,2008-02,2008-02-29,20,0.0
LB,2008-03,2008-03-31,20,0.0
LB,2008-04,2008-04-30,22,0.0
LB,2008-05,2008-05-30,21,1.0
LB,2008-06,2008-06-30,21,0.0
LB,2008-07,2008-07-31,22,0.0
LB,2008-08,2008-08-29,21,2.0
LB,2008-09,2008-09-30,21,0.0
LB,2008-10,2008-10-31,23,0.0
LB,2008-11,2008-11-28,19,2.0
LB,2008-12,2008-12-31,22,0.0
LB,2009-01,2009-01-30,20,1.0
LB,2009-02,2009-02-27,19,1.0
LB,2009-03,2009-03-31,22,0.0
LB,2009-04,2009-04-30,21,0.0
LB,2009-05,2009-05-29,20,2.0
LB,2009-06,2009-06-30,22,0.0
LB,2009-07,2009-07-31,22,0.0
LB,2009-08,2009-08-31,21,0.0
LB,2009-09,2009-09-30,21,0.0
LB,2009-10,2009-10-30,22,1.0
LB,2009-11,2009-11-30,20,0.0
LB,2009-12,2009-12-31,22,0.0
LB,2010-01,2010-01-29,19,2.0
LB,2010-02,2010-02-26,19,2.0
LB,2010-03,2010-03-31,23,0.0
LB,2010-04,2010-04-30,21,0.0
LB,2010-05,2010-05-28,20,3.0
LB,2010-06,2010-06-30,22,0.0
LB,2010-07,2010-07-30,21,1.0
LB,2010-08,2010-08-31,22,0.0
LB,2010-09,2010-09-30,21,0.0
LB,2010-10,2010-10-29,21,2.0
LB,2010-11,2010-11-30,21,0.0
LB,2010-12,2010-12-31,22,0.0
LB,2011-01,2011-01-31,20,0.0
LB,2011-02,2011-02-28,19,0.0
LB,2011-03,2011-03-31,23,0.0
LB,2011-04,2011-04-29,20,1.0
LB,2011-05,2011-05-31,21,0.0
LB,2011-06,2011-06-30,22,0.0
LB,2011-07,2011-07-29,20,2.0
LB,2011-08,2011-08-31,23,0.0
LB,2011-09,2011-09-30,21,0.0
LB,2011-10,2011-10-31,21,0.0
LB,2011-11,2011-11-30,21,0.0
LB,2011-12,2011-12-30,21,1.0
LB,2012-01,2012-01-31,20,0.0
LB,2012-02,2012-02-29,20,0.0
LB,2012-03,2012-03-30,22,1.0
LB,2012-04,2012-04-30,20,0.0
LB,2012-05,2012-05-31,22,0.0
LB,2012-06,2012-06-29,21,1.0
LB,2012-07,2012-07-31,21,0.0
LB,2012-08,2012-08-31,23,0.0
LB,2012-09,2012-09-28,19,2.0
LB,2012-10,2012-10-31,23,0.0
LB,2012-11,2012-11-30,21,0.0
LB,2012-12,2012-12-31,20,0.0
LB,2013-01,2013-01-31,21,0.0
LB,2013-02,2013-02-28,19,0.0
LB,2013-03,2013-03-28,20,3.0
LB,2013-04,2013-04-30,22,0.0
LB,2013-05,2013-05-31,22,0.0
LB,2013-06,2013-06-28,20,2.0
LB,2013-07,2013-07-31,22,0.0
LB,2013-08,2013-08-30,22,1.0
LB,2013-09,2013-09-30,20,0.0
LB,2013-10,2013-10-31,23,0.0
LB,2013-11,2013-11-29,20,1.0
LB,2013-12,2013-12-31,21,0.0
LB,2014-01,2014-01-31,21,0.0
LB,2014-02,2014-02-28,19,0.0
LB,2014-03,2014-03-31,21,0.0
LB,2014-04,2014-04-30,21,0.0
LB,2014-05,2014-05-30,21,1.0
LB,2014-06,2014-06-30,21,0.0
LB,2014-07,2014-07-31,22,0.0
LB,2014-08,2014-08-29,21,2.0
LB,2014-09,2014-09-30,21,0.0
LB,2014-10,2014-10-31,23,0.0
LB,2014-11,2014-11-28,19,2.0
LB,2014-12,2014-12-31,22,0.0
LX,1969-01,,0,
LX,1969-02,,0,
LX,1969-03,,0,
LX,1969-04,,0,
LX,1969-05,,0,
LX,1969-06,,0,
LX,1969-07,,0,
LX,1969-08,,0,
LX,1969-09,,0,
LX,1969-10,,0,
LX,1969-11,,0,
LX,1969-12,,0,
LX,1970-01,,0,
LX,1970-02,,0,
LX,1970-03,,0,
LX,1970-04,,0,
LX,1970-05,,0,
LX,1970-06,,0,
LX,1970-07,,0,
LX,1970-08,,0,
LX,1970-09,,0,
LX,1970-10,,0,
LX,1970-11,,0,
LX,1970-12,,0,
LX,1971-01,,0,
LX,1971-02,,0,
LX,1971-03,,0,
LX,1971-04,,0,
LX,1971-05,,0,
LX,1971-06,,0,
LX,1971-07,,0,
LX,1971-08,,0,
LX,1971-09,,0,
LX,1971-10,,0,
LX,1971-11,,0,
LX,1971-12,,0,
LX,1972-01,,0,
LX,1972-02,,0,
LX,1972-03,,0,
LX,1972-04,,0,
LX,1972-05,,0,
LX,1972-06,,0,
LX,1972-07,,0,
LX,1972-08,,0,
LX,1972-09,,0,
LX,1972-10,,0,
LX,1972-11,,0,
LX,1972-12,,0,
LX,1973-01,,0,
LX,1973-02,,0,
LX,1973-03,,0,
LX,1973-04,,0,
LX,1973-05,,0,
LX,1973-06,,0,
LX,1973-07,,0,
LX,1973-08,,0,
LX,1973-09,,0,
LX,1973-10,,0,
LX,1973-11,,0,
LX,1973-12,,0,
LX,1974-01,,0,
LX,1974-02,,0,
LX,1974-03,,0,
LX,1974-04,,0,
LX,1974-05,,0,
LX,1974-06,,0,
LX,1974-07,,0,
LX,1974-08,,0,
LX,1974-09,,0,
LX,1974-10,,0,
LX,1974-11,,0,
LX,1974-12,,0,
LX,1975-01,,0,
LX,1975-02,,0,
LX,1975-03,,0,
LX,1975-04,,0,
LX,1975-05,,0,
LX,1975-06,,0,
LX,1975-07,,0,
LX,1975-08,,0,
LX,1975-09,,0,
LX,1975-10,,0,
LX,1975-11,,0,
LX,1975-12,,0,
LX,1976-01,,0,
LX,1976-02,,0,
LX,1976-03,,0,
LX,1976-04,,0,
LX,1976-05,,0,
LX,1976-06,,0,
LX,1976-07,,0,
LX,1976-08,,0,
LX,1976-09,,0,
LX,1976-10,,0,
LX,1976-11,,0,
LX,1976-12,,0,
LX,1977-01,,0,
LX,1977-02,,0,
LX,1977-03,,0,
LX,1977-04,,0,
LX,1977-05,,0,
LX,1977-06,,0,
LX,1977-07,,0,
LX,1977-08,,0,
LX,1977-09,,0,
LX,1977-10,,0,
LX,1977-11,,0,
LX,1977-12,,0,
LX,1978-01,,0,
LX,1978-02,,0,
LX,1978-03,,0,
LX,1978-04,,0,
LX,1978-05,,0,
LX,1978-06,,0,
LX,1978-07,,0,
LX,1978-08,,0,
LX,1978-09,,0,
LX,1978-10,,0,
LX,1978-11,,0,
LX,1978-12,,0,
LX,1979-01,,0,
LX,1979-02,,0,
LX,1979-03,,0,
LX,1979-04,,0,
LX,1979-05,,0,
LX,1979-06,,0,
LX,1979-07,,0,
LX,1979-08,,0,
LX,1979-09,,0,
LX,1979-10,,0,
LX,1979-11,,0,
LX,1979-12,,0,
LX,1980-01,,0,
LX,1980-02,,0,
LX,1980-03,,0,
LX,1980-04,,0,
LX,1980-05,,0,
LX,1980-06,,0,
LX,1980-07,,0,
LX,1980-08,,0,
LX,1980-09,,0,
LX,1980-10,,0,
LX,1980-11,,0,
LX,1980-12,,0,
LX,1981-01,,0,
LX,1981-02,,0,
LX,1981-03,,0,
LX,1981-04,,0,
LX,1981-05,,0,
LX,1981-06,,0,
LX,1981-07,,0,
LX,1981-08,,0,
LX,1981-09,,0,
LX,1981-10,,0,
LX,1981-11,,0,
LX,1981-12,,0,
LX,1982-01,,0,
LX,1982-02,,0,
LX,1982-03,,0,
LX,1982-04,,0,
LX,1982-05,,0,
LX,1982-06,,0,
LX,1982-07,,0,
LX,1982-08,,0,
LX,1982-09,,0,
LX,1982-10,,0,
LX,1982-11,,0,
LX,1982-12,,0,
LX,1983-01,,0,
LX,1983-02,,0,
LX,1983-03,,0,
LX,1983-04,,0,
LX,1983-05,,0,
LX,1983-06,,0,
LX,1983-07,,0,
LX,1983-08,,0,
LX,1983-09,,0,
LX,1983-10,,0,
LX,1983-11,,0,
LX,1983-12,,0,
LX,1984-01,,0,
LX,1984-02,,0,
LX,1984-03,,0,
LX,1984-04,,0,
LX,1984-05,,0,
LX,1984-06,,0,
LX,1984-07,,0,
LX,1984-08,,0,
LX,1984-09,,0,
LX,1984-10,,0,
LX,1984-11,,0,
LX,1984-12,,0,
LX,1985-01,,0,
LX,1985-02,,0,
LX,1985-03,,0,
LX,1985-04,,0,
LX,1985-05,,0,
LX,1985-06,,0,
LX,1985-07,,0,
LX,1985-08,,0,
LX,1985-09,,0,
LX,1985-10,,0,
LX,1985-11,,0,
LX,1985-12,,0,
LX,1986-01,,0,
LX,1986-02,,0,
LX,1986-03,,0,
LX,1986-04,,0,
LX,1986-05,,0,
LX,1986-06,,0,
LX,1986-07,,0,
LX,1986-08,,0,
LX,1986-09,,0,
LX,1986-10,,0,
LX,1986-11,,0,
LX,1986-12,,0,
LX,1987-01,,0,
LX,1987-02,,0,
LX,1987-03,,0,
LX,1987-04,,0,
LX,1987-05,,0,
LX,1987-06,,0,
LX,1987-07,,0,
LX,1987-08,,0,
LX,1987-09,,0,
LX,1987-10,,0,
LX,1987-11,,0,
LX,1987-12,,0,
LX,1988-01,,0,
LX,1988-02,,0,
LX,1988-03,,0,
LX,1988-04,,0,
LX,1988-05,,0,
LX,1988-06,,0,
LX,1988-07,,0,
LX,1988-08,,0,
LX,1988-09,,0,
LX,1988-10,,0,
LX,1988-11,,0,
LX,1988-12,,0,
LX,1989-01,,0,
LX,1989-02,,0,
LX,1989-03,,0,
LX,1989-04,,0,
LX,1989-05,,0,
LX,1989-06,,0,
LX,1989-07,,0,
LX,1989-08,,0,
LX,1989-09,,0,
LX,1989-10,,0,
LX,1989-11,,0,
LX,1989-12,,0,
LX,1990-01,1990-01-31,22,0.0
LX,1990-02,1990-02-28,20,0.0
LX,1990-03,1990-03-30,22,1.0
LX,1990-04,1990-04-30,19,0.0
LX,1990-05,1990-05-31,21,0.0
LX,1990-06,1990-06-29,21,1.0
LX,1990-07,1990-07-31,22,0.0
LX,1990-08,1990-08-31,22,0.0
LX,1990-09,1990-09-28,20,2.0
LX,1990-10,1990-10-31,23,0.0
LX,1990-11,1990-11-30,22,0.0
LX,1990-12,1990-12-31,19,0.0
LX,1991-01,1991-01-31,22,0.0
LX,1991-02,1991-02-28,20,0.0
LX,1991-03,1991-03-28,20,3.0
LX,1991-04,1991-04-30,21,0.0
LX,1991-05,1991-05-31,21,0.0
LX,1991-06,1991-06-28,20,2.0
LX,1991-07,1991-07-31,23,0.0
LX,1991-08,1991-08-30,21,1.0
LX,1991-09,1991-09-30,21,0.0
LX,1991-10,1991-10-31,23,0.0
LX,1991-11,1991-11-29,21,1.0
LX,1991-12,1991-12-31,20,0.0
LX,1992-01,1992-01-31,22,0.0
LX,1992-02,1992-02-28,20,1.0
LX,1992-03,1992-03-31,22,0.0
LX,1992-04,1992-04-30,20,0.0
LX,1992-05,1992-05-29,19,2.0
LX,1992-06,1992-06-30,22,0.0
LX,1992-07,1992-07-31,23,0.0
LX,1992-08,1992-08-28,20,3.0
LX,1992-09,1992-09-30,22,0.0
LX,1992-10,1992-10-30,22,1.0
LX,1992-11,1992-11-30,21,0.0
LX,1992-12,1992-12-31,21,0.0
LX,1993-01,1993-01-29,20,2.0
LX,1993-02,1993-02-26,20,2.0
LX,1993-03,1993-03-31,23,0.0
LX,1993-04,1993-04-30,20,0.0
LX,1993-05,1993-05-28,19,3.0
LX,1993-06,1993-06-30,22,0.0
LX,1993-07,1993-07-30,22,1.0
LX,1993-08,1993-08-31,21,0.0
LX,1993-09,1993-09-30,22,0.0
LX,1993-10,1993-10-29,21,2.0
LX,1993-11,1993-11-30,22,0.0
LX,1993-12,1993-12-31,21,0.0
LX,1994-01,1994-01-31,20,0.0
LX,1994-02,1994-02-28,20,0.0
LX,1994-03,1994-03-31,23,0.0
LX,1994-04,1994-04-29,19,1.0
LX,1994-05,1994-05-31,20,0.0
LX,1994-06,1994-06-30,22,0.0
LX,1994-07,1994-07-29,21,2.0
LX,1994-08,1994-08-31,22,0.0
LX,1994-09,1994-09-30,22,0.0
LX,1994-10,1994-10-31,21,0.0
LX,1994-11,1994-11-30,22,0.0
LX,1994-12,1994-12-30,20,1.0
LX,1995-01,1995-01-31,21,0.0
LX,1995-02,1995-02-28,20,0.0
LX,1995-03,1995-03-31,23,0.0
LX,1995-04,1995-04-28,18,2.0
LX,1995-05,1995-05-31,21,0.0
LX,1995-06,1995-06-30,22,0.0
LX,1995-07,1995-07-31,21,0.0
LX,1995-08,1995-08-31,22,0.0
LX,1995-09,1995-09-29,21,1.0
LX,1995-10,1995-10-31,22,0.0
LX,1995-11,1995-11-30,22,0.0
LX,1995-12,1995-12-29,19,2.0
LX,1996-01,1996-01-31,22,0.0
LX,1996-02,1996-02-29,21,0.0
LX,1996-03,1996-03-29,21,2.0
LX,1996-04,1996-04-30,20,0.0
LX,1996-05,1996-05-31,21,0.0
LX,1996-06,1996-06-28,20,2.0
LX,1996-07,1996-07-31,23,0.0
LX,1996-08,1996-08-30,21,1.0
LX,1996-09,1996-09-30,21,0.0
LX,1996-10,1996-10-31,23,0.0
LX,1996-11,1996-11-29,21,1.0
LX,1996-12,1996-12-31,20,0.0
LX,1997-01,1997-01-31,22,0.0
LX,1997-02,1997-02-28,20,0.0
LX,1997-03,1997-03-27,19,4.0
LX,1997-04,1997-04-30,22,0.0
LX,1997-05,1997-05-30,20,1.0
LX,1997-06,1997-06-30,21,0.0
LX,1997-07,1997-07-31,23,0.0
LX,1997-08,1997-08-29,20,2.0
LX,1997-09,1997-09-30,22,0.0
LX,1997-10,1997-10-31,23,0.0
LX,1997-11,1997-11-28,20,2.0
LX,1997-12,1997-12-31,21,0.0
LX,1998-01,1998-01-30,21,1.0
LX,1998-02,1998-02-27,20,1.0
LX,1998-03,1998-03-31,22,0.0
LX,1998-04,1998-04-30,20,0.0
LX,1998-05,1998-05-29,19,2.0
LX,1998-06,1998-06-30,22,0.0
LX,1998-07,1998-07-31,23,0.0
LX,1998-08,1998-08-28,20,3.0
LX,1998-09,1998-09-30,22,0.0
LX,1998-10,1998-10-30,22,1.0
LX,1998-11,1998-11-30,21,0.0
LX,1998-12,1998-12-30,20,1.0
LX,1999-01,1999-01-29,20,2.0
LX,1999-02,1999-02-26,20,2.0
LX,1999-03,1999-03-31,23,0.0
LX,1999-04,1999-04-30,20,0.0
LX,1999-05,1999-05-28,19,3.0
LX,1999-06,1999-06-30,21,0.0
LX,1999-07,1999-07-30,22,1.0
LX,1999-08,1999-08-31,21,0.0
LX,1999-09,1999-09-30,22,0.0
LX,1999-10,1999-10-29,21,2.0
LX,1999-11,1999-11-30,22,0.0
LX,1999-12,1999-12-30,19,1.0
LX,2000-01,2000-01-31,20,0.0
LX,2000-02,2000-02-29,20,0.0
LX,2000-03,2000-03-31,23,0.0
LX,2000-04,2000-04-28,18,2.0
LX,2000-05,2000-05-31,21,0.0
LX,2000-06,2000-06-30,22,0.0
LX,2000-07,2000-07-31,21,0.0
LX,2000-08,2000-08-31,22,0.0
LX,2000-09,2000-09-29,21,1.0
LX,2000-10,2000-10-31,22,0.0
LX,2000-11,2000-11-30,22,0.0
LX,2000-12,2000-12-29,19,2.0
LX,2001-01,2001-01-31,22,0.0
LX,2001-02,2001-02-28,20,0.0
LX,2001-03,2001-03-30,22,1.0
LX,2001-04,2001-04-30,19,0.0
LX,2001-05,2001-05-31,21,0.0
LX,2001-06,2001-06-29,21,1.0
LX,2001-07,2001-07-31,21,0.0
LX,2001-08,2001-08-31,22,0.0
LX,2001-09,2001-09-28,20,2.0
LX,2001-10,2001-10-31,23,0.0
LX,2001-11,2001-11-30,22,0.0
LX,2001-12,2001-12-31,19,0.0
LX,2002-01,2002-01-31,22,0.0
LX,2002-02,2002-02-28,20,0.0
LX,2002-03,2002-03-28,20,3.0
LX,2002-04,2002-04-30,21,0.0
LX,2002-05,2002-05-31,21,0.0
LX,2002-06,2002-06-28,18,2.0
LX,2002-07,2002-07-31,23,0.0
LX,2002-08,2002-08-30,21,1.0
LX,2002-09,2002-09-30,21,0.0
LX,2002-10,2002-10-31,23,0.0
LX,2002-11,2002-11-29,21,1.0
LX,2002-12,2002-12-31,20,0.0
LX,2003-01,2003-01-31,22,0.0
LX,2003-02,2003-02-28,20,0.0
LX,2003-03,2003-03-31,21,0.0
LX,2003-04,2003-04-30,20,0.0
LX,2003-05,2003-05-30,20,1.0
LX,2003-06,2003-06-30,21,0.0
LX,2003-07,2003-07-31,23,0.0
LX,2003-08,2003-08-29,20,2.0
LX,2003-09,2003-09-30,22,0.0
LX,2003-10,2003-10-31,23,0.0
LX,2003-11,2003-11-28,20,2.0
LX,2003-12,2003-12-31,21,0.0
LX,2004-01,2004-01-30,21,1.0
LX,2004-02,2004-02-27,20,2.0
LX,2004-03,2004-03-31,23,0.0
LX,2004-04,2004-04-30,20,0.0
LX,2004-05,2004-05-28,19,3.0
LX,2004-06,2004-06-30,22,0.0
LX,2004-07,2004-07-30,22,1.0
LX,2004-08,2004-08-31,21,0.0
LX,2004-09,2004-09-30,22,0.0
LX,2004-10,2004-10-29,21,2.0
LX,2004-11,2004-11-30,22,0.0
LX,2004-12,2004-12-31,21,0.0
LX,2005-01,2005-01-31,20,0.0
LX,2005-02,2005-02-28,20,0.0
LX,2005-03,2005-03-31,21,0.0
LX,2005-04,2005-04-29,21,1.0
LX,2005-05,2005-05-31,20,0.0
LX,2005-06,2005-06-30,22,0.0
LX,2005-07,2005-07-29,21,2.0
LX,2005-08,2005-08-31,22,0.0
LX,2005-09,2005-09-30,22,0.0
LX,2005-10,2005-10-31,21,0.0
LX,2005-11,2005-11-30,22,0.0
LX,2005-12,2005-12-30,20,1.0
LX,2006-01,2006-01-31,21,0.0
LX,2006-02,2006-02-28,20,0.0
LX,2006-03,2006-03-31,23,0.0
LX,2006-04,2006-04-28,18,2.0
LX,2006-05,2006-05-31,22,0.0
LX,2006-06,2006-06-30,22,0.0
LX,2006-07,2006-07-31,21,0.0
LX,2006-08,2006-08-31,22,0.0
LX,2006-09,2006-09-29,21,1.0
LX,2006-10,2006-10-31,22,0.0
LX,2006-11,2006-11-30,22,0.0
LX,2006-12,2006-12-29,19,2.0
LX,2007-01,2007-01-31,22,0.0
LX,2007-02,2007-02-28,20,0.0
LX,2007-03,2007-03-30,22,1.0
LX,2007-04,2007-04-30,19,0.0
LX,2007-05,2007-05-31,21,0.0
LX,2007-06,2007-06-29,21,1.0
LX,2007-07,2007-07-31,22,0.0
LX,2007-08,2007-08-31,22,0.0
LX,2007-09,2007-09-28,20,2.0
LX,2007-10,2007-10-31,23,0.0
LX,2007-11,2007-11-30,22,0.0
LX,2007-12,2007-12-31,19,0.0
LX,2008-01,2008-01-31,22,0.0
LX,2008-02,2008-02-29,21,0.0
LX,2008-03,2008-03-31,19,0.0
LX,2008-04,2008-04-30,22,0.0
LX,2008-05,2008-05-30,20,1.0
LX,2008-06,2008-06-30,21,0.0
LX,2008-07,2008-07-31,23,0.0
LX,2008-08,2008-08-29,20,2.0
LX,2008-09,2008-09-30,22,0.0
LX,2008-10,2008-10-31,23,0.0
LX,2008-11,2008-11-28,20,2.0
LX,2008-12,2008-12-31,21,0.0
LX,2009-01,2009-01-30,21,1.0
LX,2009-02,2009-02-27,20,1.0
LX,2009-03,2009-03-31,22,0.0
LX,2009-04,2009-04-30,20,0.0
LX,2009-05,2009-05-29,19,2.0
LX,2009-06,2009-06-30,22,0.0
LX,2009-07,2009-07-31,23,0.0
LX,2009-08,2009-08-28,20,3.0
LX,2009-09,2009-09-30,22,0.0
LX,2009-10,2009-10-30,22,1.0
LX,2009-11,2009-11-30,21,0.0
LX,2009-12,2009-12-31,21,0.0
LX,2010-01,2010-01-29,20,2.0
LX,2010-02,2010-02-26,20,2.0
LX,2010-03,2010-03-31,23,0.0
LX,2010-04,2010-04-30,20,0.0
LX,2010-05,2010-05-31,20,0.0
LX,2010-06,2010-06-30,22,0.0
LX,2010-07,2010-07-30,22,1.0
LX,2010-08,2010-08-31,22,0.0
LX,2010-09,2010-09-30,22,0.0
LX,2010-10,2010-10-29,21,2.0
LX,2010-11,2010-11-30,22,0.0
LX,2010-12,2010-12-31,22,0.0
LX,2011-01,2011-01-31,21,0.0
LX,2011-02,2011-02-28,20,0.0
LX,2011-03,2011-03-31,23,0.0
LX,2011-04,2011-04-29,20,1.0
LX,2011-05,2011-05-31,22,0.0
LX,2011-06,2011-06-30,22,0.0
LX,2011-07,2011-07-29,21,2.0
LX,2011-08,2011-08-31,22,0.0
LX,2011-09,2011-09-30,22,0.0
LX,2011-10,2011-10-31,21,0.0
LX,2011-11,2011-11-30,22,0.0
LX,2011-12,2011-12-30,21,1.0
LX,2012-01,2012-01-31,21,0.0
LX,2012-02,2012-02-29,21,0.0
LX,2012-03,2012-03-30,22,1.0
LX,2012-04,2012-04-30,19,0.0
LX,2012-05,2012-05-31,22,0.0
LX,2012-06,2012-06-29,19,1.0
LX,2012-07,2012-07-31,22,0.0
LX,2012-08,2012-08-31,22,0.0
LX,2012-09,2012-09-28,20,2.0
LX,2012-10,2012-10-31,23,0.0
LX,2012-11,2012-11-30,22,0.0
LX,2012-12,2012-12-31,19,0.0
LX,2013-01,2013-01-31,22,0.0
LX,2013-02,2013-02-28,20,0.0
LX,2013-03,2013-03-28,20,3.0
LX,2013-04,2013-04-30,21,0.0
LX,2013-05,2013-05-31,21,0.0
LX,2013-06,2013-06-28,20,2.0
LX,2013-07,2013-07-31,23,0.0
LX,2013-08,2013-08-30,21,1.0
LX,2013-09,2013-09-30,21,0.0
LX,2013-10,2013-10-31,23,0.0
LX,2013-11,2013-11-29,21,1.0
LX,2013-12,2013-12-31,20,0.0
LX,2014-01,2014-01-31,22,0.0
LX,2014-02,2014-02-28,20,0.0
LX,2014-03,2014-03-31,21,0.0
LX,2014-04,2014-04-30,20,0.0
LX,2014-05,2014-05-30,21,1.0
LX,2014-06,2014-06-30,21,0.0
LX,2014-07,2014-07-31,22,0.0
LX,2014-08,2014-08-29,20,2.0
LX,2014-09,2014-09-30,22,0.0
LX,2014-10,2014-10-31,23,0.0
LX,2014-11,2014-11-28,20,2.0
LX,2014-12,2014-12-31,21,0.0
MD,1969-01,,0,
MD,1969-02,,0,
MD,1969-03,,0,
MD,1969-04,,0,
MD,1969-05,,0,
MD,1969-06,,0,
MD,1969-07,,0,
MD,1969-08,,0,
MD,1969-09,,0,
MD,1969-10,,0,
MD,1969-11,,0,
MD,1969-12,,0,
MD,1970-01,,0,
MD,1970-02,,0,
MD,1970-03,,0,
MD,1970-04,,0,
MD,1970-05,,0,
MD,1970-06,,0,
MD,1970-07,,0,
MD,1970-08,,0,
MD,1970-09,,0,
MD,1970-10,,0,
MD,1970-11,,0,
MD,1970-12,,0,
MD,1971-01,,0,
MD,1971-02,,0,
MD,1971-03,,0,
MD,1971-04,,0,
MD,1971-05,,0,
MD,1971-06,,0,
MD,1971-07,,0,
MD,1971-08,,0,
MD,1971-09,,0,
MD,1971-10,,0,
MD,1971-11,,0,
MD,1971-12,,0,
MD,1972-01,,0,
MD,1972-02,,0,
MD,1972-03,,0,
MD,1972-04,,0,
MD,1972-05,,0,
MD,1972-06,,0,
MD,1972-07,,0,
MD,1972-08,,0,
MD,1972-09,,0,
MD,1972-10,,0,
MD,1972-11,,0,
MD,1972-12,,0,
MD,1973-01,,0,
MD,1973-02,,0,
MD,1973-03,,0,
MD,1973-04,,0,
MD,1973-05,,0,
MD,1973-06,,0,
MD,1973-07,,0,
MD,1973-08,,0,
MD,1973-09,,0,
MD,1973-10,,0,
MD,1973-11,,0,
MD,1973-12,,0,
MD,1974-01,,0,
MD,1974-02,,0,
MD,1974-03,,0,
MD,1974-04,,0,
MD,1974-05,,0,
MD,1974-06,,0,
MD,1974-07,,0,
MD,1974-08,,0,
MD,1974-09,,0,
MD,1974-10,,0,
MD,1974-11,,0,
MD,1974-12,,0,
MD,1975-01,,0,
MD,1975-02,,0,
MD,1975-03,,0,
MD,1975-04,,0,
MD,1975-05,,0,
MD,1975-06,,0,
MD,1975-07,,0,
MD,1975-08,,0,
MD,1975-09,,0,
MD,1975-10,,0,
MD,1975-11,,0,
MD,1975-12,,0,
MD,1976-01,,0,
MD,1976-02,,0,
MD,1976-03,,0,
MD,1976-04,,0,
MD,1976-05,,0,
MD,1976-06,,0,
MD,1976-07,,0,
MD,1976-08,,0,
MD,1976-09,,0,
MD,1976-10,,0,
MD,1976-11,,0,
MD,1976-12,,0,
MD,1977-01,,0,
MD,1977-02,,0,
MD,1977-03,,0,
MD,1977-04,,0,
MD,1977-05,,0,
MD,1977-06,,0,
MD,1977-07,,0,
MD,1977-08,,0,
MD,1977-09,,0,
MD,1977-10,,0,
MD,1977-11,,0,
MD,1977-12,,0,
MD,1978-01,,0,
MD,1978-02,,0,
MD,1978-03,,0,
MD,1978-04,,0,
MD,1978-05,,0,
MD,1978-06,,0,
MD,1978-07,,0,
MD,1978-08,,0,
MD,1978-09,,0,
MD,1978-10,,0,
MD,1978-11,,0,
MD,1978-12,,0,
MD,1979-01,,0,
MD,1979-02,,0,
MD,1979-03,,0,
MD,1979-04,,0,
MD,1979-05,,0,
MD,1979-06,,0,
MD,1979-07,,0,
MD,1979-08,,0,
MD,1979-09,,0,
MD,1979-10,,0,
MD,1979-11,,0,
MD,1979-12,,0,
MD,1980-01,,0,
MD,1980-02,,0,
MD,1980-03,,0,
MD,1980-04,,0,
MD,1980-05,,0,
MD,1980-06,,0,
MD,1980-07,,0,
MD,1980-08,,0,
MD,1980-09,,0,
MD,1980-10,,0,
MD,1980-11,,0,
MD,1980-12,,0,
MD,1981-01,,0,
MD,1981-02,,0,
MD,1981-03,,0,
MD,1981-04,,0,
MD,1981-05,,0,
MD,1981-06,,0,
MD,1981-07,,0,
MD,1981-08,,0,
MD,1981-09,,0,
MD,1981-10,,0,
MD,1981-11,,0,
MD,1981-12,,0,
MD,1982-01,,0,
MD,1982-02,,0,
MD,1982-03,,0,
MD,1982-04,,0,
MD,1982-05,,0,
MD,1982-06,,0,
MD,1982-07,,0,
MD,1982-08,,0,
MD,1982-09,,0,
MD,1982-10,,0,
MD,1982-11,,0,
MD,1982-12,,0,
MD,1983-01,,0,
MD,1983-02,,0,
MD,1983-03,,0,
MD,1983-04,,0,
MD,1983-05,,0,
MD,1983-06,,0,
MD,1983-07,,0,
MD,1983-08,,0,
MD,1983-09,,0,
MD,1983-10,,0,
MD,1983-11,,0,
MD,1983-12,,0,
MD,1984-01,,0,
MD,1984-02,,0,
MD,1984-03,,0,
MD,1984-04,,0,
MD,1984-05,,0,
MD,1984-06,,0,
MD,1984-07,,0,
MD,1984-08,,0,
MD,1984-09,,0,
MD,1984-10,,0,
MD,1984-11,,0,
MD,1984-12,,0,
MD,1985-01,,0,
MD,1985-02,,0,
MD,1985-03,,0,
MD,1985-04,,0,
MD,1985-05,,0,
MD,1985-06,,0,
MD,1985-07,,0,
MD,1985-08,,0,
MD,1985-09,,0,
MD,1985-10,,0,
MD,1985-11,,0,
MD,1985-12,,0,
MD,1986-01,,0,
MD,1986-02,,0,
MD,1986-03,,0,
MD,1986-04,,0,
MD,1986-05,,0,
MD,1986-06,,0,
MD,1986-07,,0,
MD,1986-08,,0,
MD,1986-09,,0,
MD,1986-10,,0,
MD,1986-11,,0,
MD,1986-12,,0,
MD,1987-01,,0,
MD,1987-02,,0,
MD,1987-03,,0,
MD,1987-04,,0,
MD,1987-05,,0,
MD,1987-06,,0,
MD,1987-07,,0,
MD,1987-08,,0,
MD,1987-09,,0,
MD,1987-10,,0,
MD,1987-11,,0,
MD,1987-12,,0,
MD,1988-01,,0,
MD,1988-02,,0,
MD,1988-03,,0,
MD,1988-04,,0,
MD,1988-05,,0,
MD,1988-06,,0,
MD,1988-07,,0,
MD,1988-08,,0,
MD,1988-09,,0,
MD,1988-10,,0,
MD,1988-11,,0,
MD,1988-12,,0,
MD,1989-01,,0,
MD,1989-02,,0,
MD,1989-03,,0,
MD,1989-04,,0,
MD,1989-05,,0,
MD,1989-06,,0,
MD,1989-07,,0,
MD,1989-08,,0,
MD,1989-09,,0,
MD,1989-10,,0,
MD,1989-11,,0,
MD,1989-12,,0,
MD,1990-01,,0,
MD,1990-02,,0,
MD,1990-03,,0,
MD,1990-04,,0,
MD,1990-05,,0,
MD,1990-06,,0,
MD,1990-07,,0,
MD,1990-08,,0,
MD,1990-09,,0,
MD,1990-10,,0,
MD,1990-11,,0,
MD,1990-12,,0,
MD,1991-01,,0,
MD,1991-02,,0,
MD,1991-03,,0,
MD,1991-04,,0,
MD,1991-05,,0,
MD,1991-06,,0,
MD,1991-07,,0,
MD,1991-08,,0,
MD,1991-09,,0,
MD,1991-10,,0,
MD,1991-11,,0,
MD,1991-12,,0,
MD,1992-01,,0,
MD,1992-02,1992-02-28,11,1.0
MD,1992-03,1992-03-31,22,0.0
MD,1992-04,1992-04-30,21,0.0
MD,1992-05,1992-05-29,20,2.0
MD,1992-06,1992-06-30,22,0.0
MD,1992-07,1992-07-31,22,0.0
MD,1992-08,1992-08-31,21,0.0
MD,1992-09,1992-09-30,21,0.0
MD,1992-10,1992-10-30,22,1.0
MD,1992-11,1992-11-30,20,0.0
MD,1992-12,1992-12-31,22,0.0
MD,1993-01,1993-01-29,20,2.0
MD,1993-02,1993-02-26,19,2.0
MD,1993-03,1993-03-31,23,0.0
MD,1993-04,1993-04-30,21,0.0
MD,1993-05,1993-05-28,20,3.0
MD,1993-06,1993-06-30,22,0.0
MD,1993-07,1993-07-30,21,1.0
MD,1993-08,1993-08-31,22,0.0
MD,1993-09,1993-09-30,21,0.0
MD,1993-10,1993-10-29,21,2.0
MD,1993-11,1993-11-30,21,0.0
MD,1993-12,1993-12-31,22,0.0
MD,1994-01,1994-01-31,21,0.0
MD,1994-02,1994-02-28,19,0.0
MD,1994-03,1994-03-31,23,0.0
MD,1994-04,1994-04-29,19,1.0
MD,1994-05,1994-05-31,21,0.0
MD,1994-06,1994-06-30,22,0.0
MD,1994-07,1994-07-29,20,2.0
MD,1994-08,1994-08-31,23,0.0
MD,1994-09,1994-09-30,21,0.0
MD,1994-10,1994-10-31,21,0.0
MD,1994-11,1994-11-30,21,0.0
MD,1994-12,1994-12-30,21,1.0
MD,1995-01,1995-01-31,21,0.0
MD,1995-02,1995-02-28,19,0.0
MD,1995-03,1995-03-31,23,0.0
MD,1995-04,1995-04-28,19,2.0
MD,1995-05,1995-05-31,22,0.0
MD,1995-06,1995-06-30,22,0.0
MD,1995-07,1995-07-31,20,0.0
MD,1995-08,1995-08-31,23,0.0
MD,1995-09,1995-09-29,20,1.0
MD,1995-10,1995-10-31,22,0.0
MD,1995-11,1995-11-30,21,0.0
MD,1995-12,1995-12-29,20,2.0
MD,1996-01,1996-01-31,22,0.0
MD,1996-02,1996-02-29,20,0.0
MD,1996-03,1996-03-29,21,2.0
MD,1996-04,1996-04-30,21,0.0
MD,1996-05,1996-05-31,22,0.0
MD,1996-06,1996-06-28,20,2.0
MD,1996-07,1996-07-31,22,0.0
MD,1996-08,1996-08-30,22,1.0
MD,1996-09,1996-09-30,20,0.0
MD,1996-10,1996-10-31,23,0.0
MD,1996-11,1996-11-29,20,1.0
MD,1996-12,1996-12-31,21,0.0
MD,1997-01,1997-01-31,22,0.0
MD,1997-02,1997-02-28,19,0.0
MD,1997-03,1997-03-31,20,0.0
MD,1997-04,1997-04-30,22,0.0
MD,1997-05,1997-05-30,21,1.0
MD,1997-06,1997-06-30,21,0.0
MD,1997-07,1997-07-31,22,0.0
MD,1997-08,1997-08-29,21,2.0
MD,1997-09,1997-09-30,21,0.0
MD,1997-10,1997-10-31,23,0.0
MD,1997-11,1997-11-28,19,2.0
MD,1997-12,1997-12-31,22,0.0
MD,1998-01,1998-01-30,20,1.0
MD,1998-02,1998-02-27,19,1.0
MD,1998-03,1998-03-31,22,0.0
MD,1998-04,1998-04-30,21,0.0
MD,1998-05,1998-05-29,20,2.0
MD,1998-06,1998-06-30,22,0.0
MD,1998-07,1998-07-31,22,0.0
MD,1998-08,1998-08-31,21,0.0
MD,1998-09,1998-09-30,21,0.0
MD,1998-10,1998-10-30,22,1.0
MD,1998-11,1998-11-30,20,0.0
MD,1998-12,1998-12-31,22,0.0
MD,1999-01,1999-01-29,19,2.0
MD,1999-02,1999-02-26,19,2.0
MD,1999-03,1999-03-31,23,0.0
MD,1999-04,1999-04-30,21,0.0
MD,1999-05,1999-05-28,20,3.0
MD,1999-06,1999-06-30,22,0.0
MD,1999-07,1999-07-30,21,1.0
MD,1999-08,1999-08-31,22,0.0
MD,1999-09,1999-09-30,21,0.0
MD,1999-10,1999-10-29,21,2.0
MD,1999-11,1999-11-30,21,0.0
MD,1999-12,1999-12-31,22,0.0
MD,2000-01,2000-01-31,20,0.0
MD,2000-02,2000-02-29,20,0.0
MD,2000-03,2000-03-31,23,0.0
MD,2000-04,2000-04-28,19,2.0
MD,2000-05,2000-05-31,22,0.0
MD,2000-06,2000-06-30,22,0.0
MD,2000-07,2000-07-31,20,0.0
MD,2000-08,2000-08-31,23,0.0
MD,2000-09,2000-09-29,20,1.0
MD,2000-10,2000-10-31,22,0.0
MD,2000-11,2000-11-30,21,0.0
MD,2000-12,2000-12-29,20,2.0
MD,2001-01,2001-01-31,21,0.0
MD,2001-02,2001-02-28,19,0.0
MD,2001-03,2001-03-30,22,1.0
MD,2001-04,2001-04-30,20,0.0
MD,2001-05,2001-05-31,22,0.0
MD,2001-06,2001-06-29,21,1.0
MD,2001-07,2001-07-31,21,0.0
MD,2001-08,2001-08-31,23,0.0
MD,2001-09,2001-09-28,15,2.0
MD,2001-10,2001-10-31,23,0.0
MD,2001-11,2001-11-30,21,0.0
MD,2001-12,2001-12-31,20,0.0
MD,2002-01,2002-01-31,21,0.0
MD,2002-02,2002-02-28,19,0.0
MD,2002-03,2002-03-28,20,3.0
MD,2002-04,2002-04-30,22,0.0
MD,2002-05,2002-05-31,22,0.0
MD,2002-06,2002-06-28,20,2.0
MD,2002-07,2002-07-31,22,0.0
MD,2002-08,2002-08-30,22,1.0
MD,2002-09,2002-09-30,20,0.0
MD,2002-10,2002-10-31,23,0.0
MD,2002-11,2002-11-29,20,1.0
MD,2002-12,2002-12-31,21,0.0
MD,2003-01,2003-01-31,21,0.0
MD,2003-02,2003-02-28,19,0.0
MD,2003-03,2003-03-31,21,0.0
MD,2003-04,2003-04-30,21,0.0
MD,2003-05,2003-05-30,21,1.0
MD,2003-06,2003-06-30,21,0.0
MD,2003-07,2003-07-31,22,0.0
MD,2003-08,2003-08-29,21,2.0
MD,2003-09,2003-09-30,21,0.0
MD,2003-10,2003-10-31,23,0.0
MD,2003-11,2003-11-28,19,2.0
MD,2003-12,2003-12-31,22,0.0
MD,2004-01,2004-01-30,20,1.0
MD,2004-02,2004-02-27,19,2.0
MD,2004-03,2004-03-31,23,0.0
MD,2004-04,2004-04-30,21,0.0
MD,2004-05,2004-05-28,20,3.0
MD,2004-06,2004-06-30,21,0.0
MD,2004-07,2004-07-30,21,1.0
MD,2004-08,2004-08-31,22,0.0
MD,2004-09,2004-09-30,21,0.0
MD,2004-10,2004-10-29,21,2.0
MD,2004-11,2004-11-30,21,0.0
MD,2004-12,2004-12-31,22,0.0
MD,2005-01,2005-01-31,20,0.0
MD,2005-02,2005-02-28,19,0.0
MD,2005-03,2005-03-31,22,0.0
MD,2005-04,2005-04-29,21,1.0
MD,2005-05,2005-05-31,21,0.0
MD,2005-06,2005-06-30,22,0.0
MD,2005-07,2005-07-29,20,2.0
MD,2005-08,2005-08-31,23,0.0
MD,2005-09,2005-09-30,21,0.0
MD,2005-10,2005-10-31,21,0.0
MD,2005-11,2005-11-30,21,0.0
MD,2005-12,2005-12-30,21,1.0
MD,2006-01,2006-01-31,20,0.0
MD,2006-02,2006-02-28,19,0.0
MD,2006-03,2006-03-31,23,0.0
MD,2006-04,2006-04-28,19,2.0
MD,2006-05,2006-05-31,22,0.0
MD,2006-06,2006-06-30,22,0.0
MD,2006-07,2006-07-31,20,0.0
MD,2006-08,2006-08-31,23,0.0
MD,2006-09,2006-09-29,20,1.0
MD,2006-10,2006-10-31,22,0.0
MD,2006-11,2006-11-30,21,0.0
MD,2006-12,2006-12-29,20,2.0
MD,2007-01,2007-01-31,20,0.0
MD,2007-02,2007-02-28,19,0.0
MD,2007-03,2007-03-30,22,1.0
MD,2007-04,2007-04-30,20,0.0
MD,2007-05,2007-05-31,22,0.0
MD,2007-06,2007-06-29,21,1.0
MD,2007-07,2007-07-31,21,0.0
MD,2007-08,2007-08-31,23,0.0
MD,2007-09,2007-09-28,19,2.0
MD,2007-10,2007-10-31,23,0.0
MD,2007-11,2007-11-30,21,0.0
MD,2007-12,2007-12-31,20,0.0
MD,2008-01,2008-01-31,21,0.0
MD,2008-02,2008-02-29,20,0.0
MD,2008-03,2008-03-31,20,0.0
MD,2008-04,2008-04-30,22,0.0
MD,2008-05,2008-05-30,21,1.0
MD,2008-06,2008-06-30,21,0.0
MD,2008-07,2008-07-31,22,0.0
MD,2008-08,2008-08-29,21,2.0
MD,2008-09,2008-09-30,21,0.0
MD,2008-10,2008-10-31,23,0.0
MD,2008-11,2008-11-28,19,2.0
MD,2008-12,2008-12-31,22,0.0
MD,2009-01,2009-01-30,20,1.0
MD,2009-02,2009-02-27,19,1.0
MD,2009-03,2009-03-31,22,0.0
MD,2009-04,2009-04-30,21,0.0
MD,2009-05,2009-05-29,20,2.0
MD,2009-06,2009-06-30,22,0.0
MD,2009-07,2009-07-31,22,0.0
MD,2009-08,2009-08-31,21,0.0
MD,2009-09,2009-09-30,21,0.0
MD,2009-10,2009-10-30,22,1.0
MD,2009-11,2009-11-30,20,0.0
MD,2009-12,2009-12-31,22,0.0
MD,2010-01,2010-01-29,19,2.0
MD,2010-02,2010-02-26,19,2.0
MD,2010-03,2010-03-31,23,0.0
MD,2010-04,2010-04-30,21,0.0
MD,2010-05,2010-05-28,20,3.0
MD,2010-06,2010-06-30,22,0.0
MD,2010-07,2010-07-30,21,1.0
MD,2010-08,2010-08-31,22,0.0
MD,2010-09,2010-09-30,21,0.0
MD,2010-10,2010-10-29,21,2.0
MD,2010-11,2010-11-30,21,0.0
MD,2010-12,2010-12-31,22,0.0
MD,2011-01,2011-01-31,20,0.0
MD,2011-02,2011-02-28,19,0.0
MD,2011-03,2011-03-31,23,0.0
MD,2011-04,2011-04-29,20,1.0
MD,2011-05,2011-05-31,21,0.0
MD,2011-06,2011-06-30,22,0.0
MD,2011-07,2011-07-29,20,2.0
MD,2011-08,2011-08-31,23,0.0
MD,2011-09,2011-09-30,21,0.0
MD,2011-10,2011-10-31,21,0.0
MD,2011-11,2011-11-30,21,0.0
MD,2011-12,2011-12-30,21,1.0
MD,2012-01,2012-01-31,20,0.0
MD,2012-02,2012-02-29,20,0.0
MD,2012-03,2012-03-30,22,1.0
MD,2012-04,2012-04-30,21,0.0
MD,2012-05,2012-05-31,22,0.0
MD,2012-06,2012-06-29,21,1.0
MD,2012-07,2012-07-31,21,0.0
MD,2012-08,2012-08-31,23,0.0
MD,2012-09,2012-09-28,19,2.0
MD,2012-10,2012-10-31,23,0.0
MD,2012-11,2012-11-30,21,0.0
MD,2012-12,2012-12-31,20,0.0
MD,2013-01,2013-01-31,21,0.0
MD,2013-02,2013-02-28,19,0.0
MD,2013-03,2013-03-28,20,3.0
MD,2013-04,2013-04-30,22,0.0
MD,2013-05,2013-05-31,22,0.0
MD,2013-06,2013-06-28,20,2.0
MD,2013-07,2013-07-31,22,0.0
MD,2013-08,2013-08-30,22,1.0
MD,2013-09,2013-09-30,20,0.0
MD,2013-10,2013-10-31,23,0.0
MD,2013-11,2013-11-29,20,1.0
MD,2013-12,2013-12-31,21,0.0
MD,2014-01,2014-01-31,21,0.0
MD,2014-02,2014-02-28,19,0.0
MD,2014-03,2014-03-31,21,0.0
MD,2014-04,2014-04-30,21,0.0
MD,2014-05,2014-05-30,21,1.0
MD,2014-06,2014-06-30,21,0.0
MD,2014-07,2014-07-31,22,0.0
MD,2014-08,2014-08-29,21,2.0
MD,2014-09,2014-09-30,21,0.0
MD,2014-10,2014-10-31,23,0.0
MD,2014-11,2014-11-28,19,2.0
MD,2014-12,2014-12-31,22,0.0
MP,1969-01,,0,
MP,1969-02,,0,
MP,1969-03,,0,
MP,1969-04,,0,
MP,1969-05,,0,
MP,1969-06,,0,
MP,1969-07,,0,
MP,1969-08,,0,
MP,1969-09,,0,
MP,1969-10,,0,
MP,1969-11,,0,
MP,1969-12,,0,
MP,1970-01,,0,
MP,1970-02,,0,
MP,1970-03,,0,
MP,1970-04,,0,
MP,1970-05,,0,
MP,1970-06,,0,
MP,1970-07,,0,
MP,1970-08,,0,
MP,1970-09,,0,
MP,1970-10,,0,
MP,1970-11,,0,
MP,1970-12,,0,
MP,1971-01,,0,
MP,1971-02,,0,
MP,1971-03,,0,
MP,1971-04,,0,
MP,1971-05,,0,
MP,1971-06,,0,
MP,1971-07,,0,
MP,1971-08,,0,
MP,1971-09,,0,
MP,1971-10,,0,
MP,1971-11,,0,
MP,1971-12,,0,
MP,1972-01,,0,
MP,1972-02,,0,
MP,1972-03,,0,
MP,1972-04,,0,
MP,1972-05,,0,
MP,1972-06,,0,
MP,1972-07,,0,
MP,1972-08,,0,
MP,1972-09,,0,
MP,1972-10,,0,
MP,1972-11,,0,
MP,1972-12,,0,
MP,1973-01,,0,
MP,1973-02,,0,
MP,1973-03,,0,
MP,1973-04,,0,
MP,1973-05,,0,
MP,1973-06,,0,
MP,1973-07,,0,
MP,1973-08,,0,
MP,1973-09,,0,
MP,1973-10,,0,
MP,1973-11,,0,
MP,1973-12,,0,
MP,1974-01,,0,
MP,1974-02,,0,
MP,1974-03,,0,
MP,1974-04,,0,
MP,1974-05,,0,
MP,1974-06,,0,
MP,1974-07,,0,
MP,1974-08,,0,
MP,1974-09,,0,
MP,1974-10,,0,
MP,1974-11,,0,
MP,1974-12,,0,
MP,1975-01,,0,
MP,1975-02,,0,
MP,1975-03,,0,
MP,1975-04,,0,
MP,1975-05,,0,
MP,1975-06,,0,
MP,1975-07,,0,
MP,1975-08,,0,
MP,1975-09,,0,
MP,1975-10,,0,
MP,1975-11,,0,
MP,1975-12,,0,
MP,1976-01,,0,
MP,1976-02,,0,
MP,1976-03,,0,
MP,1976-04,,0,
MP,1976-05,,0,
MP,1976-06,,0,
MP,1976-07,,0,
MP,1976-08,,0,
MP,1976-09,,0,
MP,1976-10,,0,
MP,1976-11,,0,
MP,1976-12,,0,
MP,1977-01,,0,
MP,1977-02,,0,
MP,1977-03,,0,
MP,1977-04,,0,
MP,1977-05,,0,
MP,1977-06,,0,
MP,1977-07,,0,
MP,1977-08,,0,
MP,1977-09,,0,
MP,1977-10,,0,
MP,1977-11,,0,
MP,1977-12,,0,
MP,1978-01,,0,
MP,1978-02,,0,
MP,1978-03,,0,
MP,1978-04,,0,
MP,1978-05,,0,
MP,1978-06,,0,
MP,1978-07,,0,
MP,1978-08,,0,
MP,1978-09,,0,
MP,1978-10,,0,
MP,1978-11,,0,
MP,1978-12,,0,
MP,1979-01,,0,
MP,1979-02,,0,
MP,1979-03,,0,
MP,1979-04,,0,
MP,1979-05,,0,
MP,1979-06,,0,
MP,1979-07,,0,
MP,1979-08,,0,
MP,1979-09,,0,
MP,1979-10,,0,
MP,1979-11,,0,
MP,1979-12,,0,
MP,1980-01,,0,
MP,1980-02,,0,
MP,1980-03,,0,
MP,1980-04,,0,
MP,1980-05,,0,
MP,1980-06,,0,
MP,1980-07,,0,
MP,1980-08,,0,
MP,1980-09,,0,
MP,1980-10,,0,
MP,1980-11,,0,
MP,1980-12,,0,
MP,1981-01,,0,
MP,1981-02,,0,
MP,1981-03,,0,
MP,1981-04,,0,
MP,1981-05,,0,
MP,1981-06,,0,
MP,1981-07,,0,
MP,1981-08,,0,
MP,1981-09,,0,
MP,1981-10,,0,
MP,1981-11,,0,
MP,1981-12,,0,
MP,1982-01,,0,
MP,1982-02,,0,
MP,1982-03,,0,
MP,1982-04,,0,
MP,1982-05,,0,
MP,1982-06,,0,
MP,1982-07,,0,
MP,1982-08,,0,
MP,1982-09,,0,
MP,1982-10,,0,
MP,1982-11,,0,
MP,1982-12,,0,
MP,1983-01,,0,
MP,1983-02,,0,
MP,1983-03,,0,
MP,1983-04,,0,
MP,1983-05,,0,
MP,1983-06,,0,
MP,1983-07,,0,
MP,1983-08,,0,
MP,1983-09,,0,
MP,1983-10,,0,
MP,1983-11,,0,
MP,1983-12,,0,
MP,1984-01,,0,
MP,1984-02,,0,
MP,1984-03,,0,
MP,1984-04,,0,
MP,1984-05,,0,
MP,1984-06,,0,
MP,1984-07,,0,
MP,1984-08,,0,
MP,1984-09,,0,
MP,1984-10,,0,
MP,1984-11,,0,
MP,1984-12,,0,
MP,1985-01,,0,
MP,1985-02,,0,
MP,1985-03,,0,
MP,1985-04,,0,
MP,1985-05,,0,
MP,1985-06,,0,
MP,1985-07,,0,
MP,1985-08,,0,
MP,1985-09,,0,
MP,1985-10,,0,
MP,1985-11,,0,
MP,1985-12,,0,
MP,1986-01,,0,
MP,1986-02,,0,
MP,1986-03,,0,
MP,1986-04,,0,
MP,1986-05,,0,
MP,1986-06,,0,
MP,1986-07,,0,
MP,1986-08,,0,
MP,1986-09,,0,
MP,1986-10,,0,
MP,1986-11,,0,
MP,1986-12,,0,
MP,1987-01,,0,
MP,1987-02,,0,
MP,1987-03,,0,
MP,1987-04,,0,
MP,1987-05,,0,
MP,1987-06,,0,
MP,1987-07,,0,
MP,1987-08,,0,
MP,1987-09,,0,
MP,1987-10,,0,
MP,1987-11,,0,
MP,1987-12,,0,
MP,1988-01,,0,
MP,1988-02,,0,
MP,1988-03,,0,
MP,1988-04,,0,
MP,1988-05,,0,
MP,1988-06,,0,
MP,1988-07,,0,
MP,1988-08,,0,
MP,1988-09,,0,
MP,1988-10,,0,
MP,1988-11,,0,
MP,1988-12,,0,
MP,1989-01,,0,
MP,1989-02,,0,
MP,1989-03,,0,
MP,1989-04,,0,
MP,1989-05,,0,
MP,1989-06,,0,
MP,1989-07,,0,
MP,1989-08,,0,
MP,1989-09,,0,
MP,1989-10,,0,
MP,1989-11,,0,
MP,1989-12,,0,
MP,1990-01,,0,
MP,1990-02,,0,
MP,1990-03,,0,
MP,1990-04,,0,
MP,1990-05,,0,
MP,1990-06,,0,
MP,1990-07,,0,
MP,1990-08,,0,
MP,1990-09,,0,
MP,1990-10,,0,
MP,1990-11,,0,
MP,1990-12,,0,
MP,1991-01,,0,
MP,1991-02,,0,
MP,1991-03,,0,
MP,1991-04,,0,
MP,1991-05,,0,
MP,1991-06,,0,
MP,1991-07,,0,
MP,1991-08,,0,
MP,1991-09,,0,
MP,1991-10,,0,
MP,1991-11,,0,
MP,1991-12,,0,
MP,1992-01,,0,
MP,1992-02,,0,
MP,1992-03,,0,
MP,1992-04,,0,
MP,1992-05,,0,
MP,1992-06,,0,
MP,1992-07,,0,
MP,1992-08,,0,
MP,1992-09,,0,
MP,1992-10,,0,
MP,1992-11,,0,
MP,1992-12,,0,
MP,1993-01,,0,
MP,1993-02,,0,
MP,1993-03,,0,
MP,1993-04,,0,
MP,1993-05,,0,
MP,1993-06,,0,
MP,1993-07,,0,
MP,1993-08,,0,
MP,1993-09,,0,
MP,1993-10,,0,
MP,1993-11,,0,
MP,1993-12,,0,
MP,1994-01,,0,
MP,1994-02,,0,
MP,1994-03,,0,
MP,1994-04,,0,
MP,1994-05,,0,
MP,1994-06,,0,
MP,1994-07,,0,
MP,1994-08,,0,
MP,1994-09,,0,
MP,1994-10,,0,
MP,1994-11,,0,
MP,1994-12,,0,
MP,1995-01,,0,
MP,1995-02,,0,
MP,1995-03,,0,
MP,1995-04,,0,
MP,1995-05,1995-05-31,20,0.0
MP,1995-06,1995-06-30,22,0.0
MP,1995-07,1995-07-31,20,0.0
MP,1995-08,1995-08-31,23,0.0
MP,1995-09,1995-09-29,20,1.0
MP,1995-10,1995-10-31,22,0.0
MP,1995-11,1995-11-30,21,0.0
MP,1995-12,1995-12-29,20,2.0
MP,1996-01,1996-01-31,22,0.0
MP,1996-02,1996-02-29,20,0.0
MP,1996-03,1996-03-29,21,2.0
MP,1996-04,1996-04-30,22,0.0
MP,1996-05,1996-05-31,22,0.0
MP,1996-06,1996-06-28,20,2.0
MP,1996-07,1996-07-31,22,0.0
MP,1996-08,1996-08-30,22,1.0
MP,1996-09,1996-09-30,20,0.0
MP,1996-10,1996-10-31,23,0.0
MP,1996-11,1996-11-29,20,1.0
MP,1996-12,1996-12-31,21,0.0
MP,1997-01,1997-01-31,21,0.0
MP,1997-02,1997-02-28,19,0.0
MP,1997-03,1997-03-31,20,0.0
MP,1997-04,1997-04-30,22,0.0
MP,1997-05,1997-05-30,21,1.0
MP,1997-06,1997-06-30,21,0.0
MP,1997-07,1997-07-31,22,0.0
MP,1997-08,1997-08-29,21,2.0
MP,1997-09,1997-09-30,21,0.0
MP,1997-10,1997-10-31,22,0.0
MP,1997-11,1997-11-28,18,2.0
MP,1997-12,1997-12-31,22,0.0
MP,1998-01,1998-01-30,20,1.0
MP,1998-02,1998-02-27,19,1.0
MP,1998-03,1998-03-31,22,0.0
MP,1998-04,1998-04-30,21,0.0
MP,1998-05,1998-05-29,20,2.0
MP,1998-06,1998-06-30,22,0.0
MP,1998-07,1998-07-31,22,0.0
MP,1998-08,1998-08-31,21,0.0
MP,1998-09,1998-09-30,21,0.0
MP,1998-10,1998-10-30,21,1.0
MP,1998-11,1998-11-30,20,0.0
MP,1998-12,1998-12-31,22,0.0
MP,1999-01,1999-01-29,19,2.0
MP,1999-02,1999-02-26,19,2.0
MP,1999-03,1999-03-31,23,0.0
MP,1999-04,1999-04-30,21,0.0
MP,1999-05,1999-05-28,20,3.0
MP,1999-06,1999-06-30,22,0.0
MP,1999-07,1999-07-30,21,1.0
MP,1999-08,1999-08-31,22,0.0
MP,1999-09,1999-09-30,21,0.0
MP,1999-10,1999-10-29,20,2.0
MP,1999-11,1999-11-30,20,0.0
MP,1999-12,1999-12-31,22,0.0
MP,2000-01,2000-01-31,20,0.0
MP,2000-02,2000-02-29,20,0.0
MP,2000-03,2000-03-31,23,0.0
MP,2000-04,2000-04-28,19,2.0
MP,2000-05,2000-05-31,22,0.0
MP,2000-06,2000-06-30,22,0.0
MP,2000-07,2000-07-31,20,0.0
MP,2000-08,2000-08-31,23,0.0
MP,2000-09,2000-09-29,20,1.0
MP,2000-10,2000-10-31,21,0.0
MP,2000-11,2000-11-30,21,0.0
MP,2000-12,2000-12-29,20,2.0
MP,2001-01,2001-01-31,21,0.0
MP,2001-02,2001-02-28,19,0.0
MP,2001-03,2001-03-30,22,1.0
MP,2001-04,2001-04-30,20,0.0
MP,2001-05,2001-05-31,22,0.0
MP,2001-06,2001-06-29,21,1.0
MP,2001-07,2001-07-31,21,0.0
MP,2001-08,2001-08-31,23,0.0
MP,2001-09,2001-09-28,18,2.0
MP,2001-10,2001-10-31,22,0.0
MP,2001-11,2001-11-30,20,0.0
MP,2001-12,2001-12-31,20,0.0
MP,2002-01,2002-01-31,21,0.0
MP,2002-02,2002-02-28,19,0.0
MP,2002-03,2002-03-28,20,3.0
MP,2002-04,2002-04-30,22,0.0
MP,2002-05,2002-05-31,22,0.0
MP,2002-06,2002-06-28,20,2.0
MP,2002-07,2002-07-31,22,0.0
MP,2002-08,2002-08-30,22,1.0
MP,2002-09,2002-09-30,20,0.0
MP,2002-10,2002-10-31,22,0.0
MP,2002-11,2002-11-29,19,1.0
MP,2002-12,2002-12-31,21,0.0
MP,2003-01,2003-01-31,21,0.0
MP,2003-02,2003-02-28,19,0.0
MP,2003-03,2003-03-31,21,0.0
MP,2003-04,2003-04-30,21,0.0
MP,2003-05,2003-05-30,21,1.0
MP,2003-06,2003-06-30,21,0.0
MP,2003-07,2003-07-31,22,0.0
MP,2003-08,2003-08-29,21,2.0
MP,2003-09,2003-09-30,21,0.0
MP,2003-10,2003-10-31,22,0.0
MP,2003-11,2003-11-28,18,2.0
MP,2003-12,2003-12-31,22,0.0
MP,2004-01,2004-01-30,20,1.0
MP,2004-02,2004-02-27,19,2.0
MP,2004-03,2004-03-31,23,0.0
MP,2004-04,2004-04-30,21,0.0
MP,2004-05,2004-05-28,20,3.0
MP,2004-06,2004-06-30,21,0.0
MP,2004-07,2004-07-30,21,1.0
MP,2004-08,2004-08-31,22,0.0
MP,2004-09,2004-09-30,21,0.0
MP,2004-10,2004-10-29,20,2.0
MP,2004-11,2004-11-30,20,0.0
MP,2004-12,2004-12-31,22,0.0
MP,2005-01,2005-01-31,20,0.0
MP,2005-02,2005-02-28,19,0.0
MP,2005-03,2005-03-31,22,0.0
MP,2005-04,2005-04-29,21,1.0
MP,2005-05,2005-05-31,21,0.0
MP,2005-06,2005-06-30,22,0.0
MP,2005-07,2005-07-29,20,2.0
MP,2005-08,2005-08-31,23,0.0
MP,2005-09,2005-09-30,21,0.0
MP,2005-10,2005-10-31,20,0.0
MP,2005-11,2005-11-30,20,0.0
MP,2005-12,2005-12-30,21,1.0
MP,2006-01,2006-01-31,20,0.0
MP,2006-02,2006-02-28,19,0.0
MP,2006-03,2006-03-31,23,0.0
MP,2006-04,2006-04-28,19,2.0
MP,2006-05,2006-05-31,22,0.0
MP,2006-06,2006-06-30,22,0.0
MP,2006-07,2006-07-31,20,0.0
MP,2006-08,2006-08-31,23,0.0
MP,2006-09,2006-09-29,20,1.0
MP,2006-10,2006-10-31,21,0.0
MP,2006-11,2006-11-30,21,0.0
MP,2006-12,2006-12-29,20,2.0
MP,2007-01,2007-01-31,21,0.0
MP,2007-02,2007-02-28,19,0.0
MP,2007-03,2007-03-30,22,1.0
MP,2007-04,2007-04-30,21,0.0
MP,2007-05,2007-05-31,22,0.0
MP,2007-06,2007-06-29,21,1.0
MP,2007-07,2007-07-31,21,0.0
MP,2007-08,2007-08-31,23,0.0
MP,2007-09,2007-09-28,19,2.0
MP,2007-10,2007-10-31,22,0.0
MP,2007-11,2007-11-30,21,0.0
MP,2007-12,2007-12-31,20,0.0
MP,2008-01,2008-01-31,21,0.0
MP,2008-02,2008-02-29,20,0.0
MP,2008-03,2008-03-31,20,0.0
MP,2008-04,2008-04-30,22,0.0
MP,2008-05,2008-05-30,21,1.0
MP,2008-06,2008-06-30,21,0.0
MP,2008-07,2008-07-31,22,0.0
MP,2008-08,2008-08-29,21,2.0
MP,2008-09,2008-09-30,21,0.0
MP,2008-10,2008-10-31,22,0.0
MP,2008-11,2008-11-28,19,2.0
MP,2008-12,2008-12-31,22,0.0
MP,2009-01,2009-01-30,20,1.0
MP,2009-02,2009-02-27,19,1.0
MP,2009-03,2009-03-31,22,0.0
MP,2009-04,2009-04-30,21,0.0
MP,2009-05,2009-05-29,20,2.0
MP,2009-06,2009-06-30,22,0.0
MP,2009-07,2009-07-31,22,0.0
MP,2009-08,2009-08-31,21,0.0
MP,2009-09,2009-09-30,21,0.0
MP,2009-10,2009-10-30,22,1.0
MP,2009-11,2009-11-30,20,0.0
MP,2009-12,2009-12-31,22,0.0
MP,2010-01,2010-01-29,19,2.0
MP,2010-02,2010-02-26,19,2.0
MP,2010-03,2010-03-31,23,0.0
MP,2010-04,2010-04-30,22,0.0
MP,2010-05,2010-05-28,20,3.0
MP,2010-06,2010-06-30,22,0.0
MP,2010-07,2010-07-30,21,1.0
MP,2010-08,2010-08-31,22,0.0
MP,2010-09,2010-09-30,21,0.0
MP,2010-10,2010-10-29,21,2.0
MP,2010-11,2010-11-30,21,0.0
MP,2010-12,2010-12-31,22,0.0
MP,2011-01,2011-01-31,20,0.0
MP,2011-02,2011-02-28,19,0.0
MP,2011-03,2011-03-31,23,0.0
MP,2011-04,2011-04-29,20,1.0
MP,2011-05,2011-05-31,21,0.0
MP,2011-06,2011-06-30,22,0.0
MP,2011-07,2011-07-29,20,2.0
MP,2011-08,2011-08-31,23,0.0
MP,2011-09,2011-09-30,21,0.0
MP,2011-10,2011-10-31,21,0.0
MP,2011-11,2011-11-30,21,0.0
MP,2011-12,2011-12-30,21,1.0
MP,2012-01,2012-01-31,20,0.0
MP,2012-02,2012-02-29,20,0.0
MP,2012-03,2012-03-30,22,1.0
MP,2012-04,2012-04-30,21,0.0
MP,2012-05,2012-05-31,22,0.0
MP,2012-06,2012-06-29,21,1.0
MP,2012-07,2012-07-31,21,0.0
MP,2012-08,2012-08-31,23,0.0
MP,2012-09,2012-09-28,19,2.0
MP,2012-10,2012-10-31,23,0.0
MP,2012-11,2012-11-30,21,0.0
MP,2012-12,2012-12-31,20,0.0
MP,2013-01,2013-01-31,21,0.0
MP,2013-02,2013-02-28,19,0.0
MP,2013-03,2013-03-28,20,3.0
MP,2013-04,2013-04-30,22,0.0
MP,2013-05,2013-05-31,22,0.0
MP,2013-06,2013-06-28,20,2.0
MP,2013-07,2013-07-31,22,0.0
MP,2013-08,2013-08-30,22,1.0
MP,2013-09,2013-09-30,20,0.0
MP,2013-10,2013-10-31,22,0.0
MP,2013-11,2013-11-29,20,1.0
MP,2013-12,2013-12-31,21,0.0
MP,2014-01,2014-01-31,21,0.0
MP,2014-02,2014-02-28,19,0.0
MP,2014-03,2014-03-31,21,0.0
MP,2014-04,2014-04-30,21,0.0
MP,2014-05,2014-05-30,21,1.0
MP,2014-06,2014-06-30,21,0.0
MP,2014-07,2014-07-31,22,0.0
MP,2014-08,2014-08-29,21,2.0
MP,2014-09,2014-09-30,21,0.0
MP,2014-10,2014-10-31,23,0.0
MP,2014-11,2014-11-28,19,2.0
MP,2014-12,2014-12-31,22,0.0
MW,1969-01,,0,
MW,1969-02,,0,
MW,1969-03,,0,
MW,1969-04,,0,
MW,1969-05,,0,
MW,1969-06,,0,
MW,1969-07,,0,
MW,1969-08,,0,
MW,1969-09,,0,
MW,1969-10,,0,
MW,1969-11,,0,
MW,1969-12,,0,
MW,1970-01,,0,
MW,1970-02,,0,
MW,1970-03,,0,
MW,1970-04,,0,
MW,1970-05,,0,
MW,1970-06,,0,
MW,1970-07,,0,
MW,1970-08,,0,
MW,1970-09,,0,
MW,1970-10,,0,
MW,1970-11,,0,
MW,1970-12,,0,
MW,1971-01,,0,
MW,1971-02,,0,
MW,1971-03,,0,
MW,1971-04,,0,
MW,1971-05,,0,
MW,1971-06,,0,
MW,1971-07,,0,
MW,1971-08,,0,
MW,1971-09,,0,
MW,1971-10,,0,
MW,1971-11,,0,
MW,1971-12,,0,
MW,1972-01,,0,
MW,1972-02,,0,
MW,1972-03,,0,
MW,1972-04,,0,
MW,1972-05,,0,
MW,1972-06,,0,
MW,1972-07,,0,
MW,1972-08,,0,
MW,1972-09,,0,
MW,1972-10,,0,
MW,1972-11,,0,
MW,1972-12,,0,
MW,1973-01,,0,
MW,1973-02,,0,
MW,1973-03,,0,
MW,1973-04,,0,
MW,1973-05,,0,
MW,1973-06,,0,
MW,1973-07,,0,
MW,1973-08,,0,
MW,1973-09,,0,
MW,1973-10,,0,
MW,1973-11,,0,
MW,1973-12,,0,
MW,1974-01,,0,
MW,1974-02,,0,
MW,1974-03,,0,
MW,1974-04,,0,
MW,1974-05,,0,
MW,1974-06,,0,
MW,1974-07,,0,
MW,1974-08,,0,
MW,1974-09,,0,
MW,1974-10,,0,
MW,1974-11,,0,
MW,1974-12,,0,
MW,1975-01,,0,
MW,1975-02,,0,
MW,1975-03,,0,
MW,1975-04,,0,
MW,1975-05,,0,
MW,1975-06,,0,
MW,1975-07,,0,
MW,1975-08,,0,
MW,1975-09,,0,
MW,1975-10,,0,
MW,1975-11,,0,
MW,1975-12,,0,
MW,1976-01,,0,
MW,1976-02,,0,
MW,1976-03,,0,
MW,1976-04,,0,
MW,1976-05,,0,
MW,1976-06,,0,
MW,1976-07,,0,
MW,1976-08,,0,
MW,1976-09,,0,
MW,1976-10,,0,
MW,1976-11,,0,
MW,1976-12,,0,
MW,1977-01,,0,
MW,1977-02,,0,
MW,1977-03,,0,
MW,1977-04,,0,
MW,1977-05,,0,
MW,1977-06,,0,
MW,1977-07,,0,
MW,1977-08,,0,
MW,1977-09,,0,
MW,1977-10,,0,
MW,1977-11,,0,
MW,1977-12,,0,
MW,1978-01,,0,
MW,1978-02,,0,
MW,1978-03,,0,
MW,1978-04,,0,
MW,1978-05,,0,
MW,1978-06,,0,
MW,1978-07,,0,
MW,1978-08,,0,
MW,1978-09,,0,
MW,1978-10,,0,
MW,1978-11,,0,
MW,1978-12,,0,
MW,1979-01,,0,
MW,1979-02,,0,
MW,1979-03,,0,
MW,1979-04,,0,
MW,1979-05,,0,
MW,1979-06,,0,
MW,1979-07,,0,
MW,1979-08,,0,
MW,1979-09,,0,
MW,1979-10,,0,
MW,1979-11,,0,
MW,1979-12,,0,
MW,1980-01,,0,
MW,1980-02,,0,
MW,1980-03,,0,
MW,1980-04,,0,
MW,1980-05,,0,
MW,1980-06,,0,
MW,1980-07,,0,
MW,1980-08,,0,
MW,1980-09,,0,
MW,1980-10,,0,
MW,1980-11,,0,
MW,1980-12,,0,
MW,1981-01,1981-01-30,21,1.0
MW,1981-02,1981-02-27,19,1.0
MW,1981-03,1981-03-31,22,0.0
MW,1981-04,1981-04-30,21,0.0
MW,1981-05,1981-05-29,20,2.0
MW,1981-06,1981-06-30,22,0.0
MW,1981-07,1981-07-31,22,0.0
MW,1981-08,1981-08-31,21,0.0
MW,1981-09,1981-09-30,21,0.0
MW,1981-10,1981-10-30,22,1.0
MW,1981-11,1981-11-30,20,0.0
MW,1981-12,1981-12-31,22,0.0
MW,1982-01,1982-01-29,20,2.0
MW,1982-02,1982-02-26,19,2.0
MW,1982-03,1982-03-31,23,0.0
MW,1982-04,1982-04-30,21,0.0
MW,1982-05,1982-05-28,20,3.0
MW,1982-06,1982-06-30,22,0.0
MW,1982-07,1982-07-30,21,1.0
MW,1982-08,1982-08-31,22,0.0
MW,1982-09,1982-09-30,21,0.0
MW,1982-10,1982-10-29,21,2.0
MW,1982-11,1982-11-30,20,0.0
MW,1982-12,1982-12-30,20,1.0
MW,1983-01,1983-01-31,21,0.0
MW,1983-02,1983-02-28,19,0.0
MW,1983-03,1983-03-31,23,0.0
MW,1983-04,1983-04-29,20,1.0
MW,1983-05,1983-05-31,21,0.0
MW,1983-06,1983-06-30,22,0.0
MW,1983-07,1983-07-29,20,2.0
MW,1983-08,1983-08-31,23,0.0
MW,1983-09,1983-09-30,21,0.0
MW,1983-10,1983-10-31,21,0.0
MW,1983-11,1983-11-30,21,0.0
MW,1983-12,1983-12-30,21,1.0
MW,1984-01,1984-01-31,21,0.0
MW,1984-02,1984-02-29,20,0.0
MW,1984-03,1984-03-30,22,1.0
MW,1984-04,1984-04-30,20,0.0
MW,1984-05,1984-05-31,22,0.0
MW,1984-06,1984-06-29,21,1.0
MW,1984-07,1984-07-31,21,0.0
MW,1984-08,1984-08-31,23,0.0
MW,1984-09,1984-09-28,19,2.0
MW,1984-10,1984-10-31,23,0.0
MW,1984-11,1984-11-30,21,0.0
MW,1984-12,1984-12-31,20,0.0
MW,1985-01,1985-01-31,22,0.0
MW,1985-02,1985-02-28,19,0.0
MW,1985-03,1985-03-29,20,2.0
MW,1985-04,1985-04-30,21,0.0
MW,1985-05,1985-05-31,22,0.0
MW,1985-06,1985-06-28,20,2.0
MW,1985-07,1985-07-31,22,0.0
MW,1985-08,1985-08-30,22,1.0
MW,1985-09,1985-09-30,20,0.0
MW,1985-10,1985-10-31,23,0.0
MW,1985-11,1985-11-29,20,1.0
MW,1985-12,1985-12-31,21,0.0
MW,1986-01,1986-01-31,22,0.0
MW,1986-02,1986-02-28,19,0.0
MW,1986-03,1986-03-31,20,0.0
MW,1986-04,1986-04-30,22,0.0
MW,1986-05,1986-05-30,21,1.0
MW,1986-06,1986-06-30,21,0.0
MW,1986-07,1986-07-31,22,0.0
MW,1986-08,1986-08-29,21,2.0
MW,1986-09,1986-09-30,21,0.0
MW,1986-10,1986-10-31,23,0.0
MW,1986-11,1986-11-28,19,2.0
MW,1986-12,1986-12-31,22,0.0
MW,1987-01,1987-01-30,21,1.0
MW,1987-02,1987-02-27,19,1.0
MW,1987-03,1987-03-31,22,0.0
MW,1987-04,1987-04-30,21,0.0
MW,1987-05,1987-05-29,20,2.0
MW,1987-06,1987-06-30,22,0.0
MW,1987-07,1987-07-31,22,0.0
MW,1987-08,1987-08-31,21,0.0
MW,1987-09,1987-09-30,21,0.0
MW,1987-10,1987-10-30,22,1.0
MW,1987-11,1987-11-30,20,0.0
MW,1987-12,1987-12-31,22,0.0
MW,1988-01,1988-01-29,20,2.0
MW,1988-02,1988-02-29,20,0.0
MW,1988-03,1988-03-31,23,0.0
MW,1988-04,1988-04-29,20,1.0
MW,1988-05,1988-05-31,21,0.0
MW,1988-06,1988-06-30,22,0.0
MW,1988-07,1988-07-29,20,2.0
MW,1988-08,1988-08-31,23,0.0
MW,1988-09,1988-09-30,21,0.0
MW,1988-10,1988-10-31,21,0.0
MW,1988-11,1988-11-30,21,0.0
MW,1988-12,1988-12-30,21,1.0
MW,1989-01,1989-01-31,21,0.0
MW,1989-02,1989-02-28,19,0.0
MW,1989-03,1989-03-31,22,0.0
MW,1989-04,1989-04-28,20,2.0
MW,1989-05,1989-05-31,22,0.0
MW,1989-06,1989-06-30,22,0.0
MW,1989-07,1989-07-31,20,0.0
MW,1989-08,1989-08-31,23,0.0
MW,1989-09,1989-09-29,20,1.0
MW,1989-10,1989-10-31,22,0.0
MW,1989-11,1989-11-30,21,0.0
MW,1989-12,1989-12-29,20,2.0
MW,1990-01,1990-01-31,22,0.0
MW,1990-02,1990-02-28,19,0.0
MW,1990-03,1990-03-30,22,1.0
MW,1990-04,1990-04-30,20,0.0
MW,1990-05,1990-05-31,22,0.0
MW,1990-06,1990-06-29,21,1.0
MW,1990-07,1990-07-31,21,0.0
MW,1990-08,1990-08-31,23,0.0
MW,1990-09,1990-09-28,19,2.0
MW,1990-10,1990-10-31,23,0.0
MW,1990-11,1990-11-30,21,0.0
MW,1990-12,1990-12-31,20,0.0
MW,1991-01,1991-01-31,22,0.0
MW,1991-02,1991-02-28,19,0.0
MW,1991-03,1991-03-28,20,3.0
MW,1991-04,1991-04-30,22,0.0
MW,1991-05,1991-05-31,22,0.0
MW,1991-06,1991-06-28,20,2.0
MW,1991-07,1991-07-31,22,0.0
MW,1991-08,1991-08-30,22,1.0
MW,1991-09,1991-09-30,20,0.0
MW,1991-10,1991-10-31,23,0.0
MW,1991-11,1991-11-29,20,1.0
MW,1991-12,1991-12-31,21,0.0
MW,1992-01,1992-01-31,22,0.0
MW,1992-02,1992-02-28,19,1.0
MW,1992-03,1992-03-31,22,0.0
MW,1992-04,1992-04-30,21,0.0
MW,1992-05,1992-05-29,20,2.0
MW,1992-06,1992-06-30,22,0.0
MW,1992-07,1992-07-31,22,0.0
MW,1992-08,1992-08-31,21,0.0
MW,1992-09,1992-09-30,21,0.0
MW,1992-10,1992-10-30,22,1.0
MW,1992-11,1992-11-30,20,0.0
MW,1992-12,1992-12-31,22,0.0
MW,1993-01,1993-01-29,20,2.0
MW,1993-02,1993-02-26,19,2.0
MW,1993-03,1993-03-31,23,0.0
MW,1993-04,1993-04-30,21,0.0
MW,1993-05,1993-05-28,20,3.0
MW,1993-06,1993-06-30,22,0.0
MW,1993-07,1993-07-30,21,1.0
MW,1993-08,1993-08-31,22,0.0
MW,1993-09,1993-09-30,21,0.0
MW,1993-10,1993-10-29,21,2.0
MW,1993-11,1993-11-30,21,0.0
MW,1993-12,1993-12-30,21,1.0
MW,1994-01,1994-01-31,21,0.0
MW,1994-02,1994-02-28,19,0.0
MW,1994-03,1994-03-31,23,0.0
MW,1994-04,1994-04-29,19,1.0
MW,1994-05,1994-05-31,21,0.0
MW,1994-06,1994-06-30,22,0.0
MW,1994-07,1994-07-29,20,2.0
MW,1994-08,1994-08-31,23,0.0
MW,1994-09,1994-09-30,21,0.0
MW,1994-10,1994-10-31,21,0.0
MW,1994-11,1994-11-30,21,0.0
MW,1994-12,1994-12-30,21,1.0
MW,1995-01,1995-01-31,21,0.0
MW,1995-02,1995-02-28,19,0.0
MW,1995-03,1995-03-31,23,0.0
MW,1995-04,1995-04-28,19,2.0
MW,1995-05,1995-05-31,22,0.0
MW,1995-06,1995-06-30,22,0.0
MW,1995-07,1995-07-31,20,0.0
MW,1995-08,1995-08-31,23,0.0
MW,1995-09,1995-09-29,20,1.0
MW,1995-10,1995-10-31,22,0.0
MW,1995-11,1995-11-30,21,0.0
MW,1995-12,1995-12-29,20,2.0
MW,1996-01,1996-01-31,22,0.0
MW,1996-02,1996-02-29,20,0.0
MW,1996-03,1996-03-29,21,2.0
MW,1996-04,1996-04-30,21,0.0
MW,1996-05,1996-05-31,22,0.0
MW,1996-06,1996-06-28,20,2.0
MW,1996-07,1996-07-31,22,0.0
MW,1996-08,1996-08-30,22,1.0
MW,1996-09,1996-09-30,20,0.0
MW,1996-10,1996-10-31,23,0.0
MW,1996-11,1996-11-29,20,1.0
MW,1996-12,1996-12-31,21,0.0
MW,1997-01,1997-01-31,22,0.0
MW,1997-02,1997-02-28,19,0.0
MW,1997-03,1997-03-31,20,0.0
MW,1997-04,1997-04-30,22,0.0
MW,1997-05,1997-05-30,21,1.0
MW,1997-06,1997-06-30,21,0.0
MW,1997-07,1997-07-31,22,0.0
MW,1997-08,1997-08-29,21,2.0
MW,1997-09,1997-09-30,21,0.0
MW,1997-10,1997-10-31,23,0.0
MW,1997-11,1997-11-28,19,2.0
MW,1997-12,1997-12-31,22,0.0
MW,1998-01,1998-01-30,20,1.0
MW,1998-02,1998-02-27,19,1.0
MW,1998-03,1998-03-31,22,0.0
MW,1998-04,1998-04-30,21,0.0
MW,1998-05,1998-05-29,20,2.0
MW,1998-06,1998-06-30,22,0.0
MW,1998-07,1998-07-31,22,0.0
MW,1998-08,1998-08-31,21,0.0
MW,1998-09,1998-09-30,21,0.0
MW,1998-10,1998-10-30,22,1.0
MW,1998-11,1998-11-30,20,0.0
MW,1998-12,1998-12-31,22,0.0
MW,1999-01,1999-01-29,19,2.0
MW,1999-02,1999-02-26,19,2.0
MW,1999-03,1999-03-31,23,0.0
MW,1999-04,1999-04-30,21,0.0
MW,1999-05,1999-05-28,20,3.0
MW,1999-06,1999-06-30,22,0.0
MW,1999-07,1999-07-30,21,1.0
MW,1999-08,1999-08-31,22,0.0
MW,1999-09,1999-09-30,21,0.0
MW,1999-10,1999-10-29,21,2.0
MW,1999-11,1999-11-30,21,0.0
MW,1999-12,1999-12-30,21,1.0
MW,2000-01,2000-01-31,20,0.0
MW,2000-02,2000-02-29,20,0.0
MW,2000-03,2000-03-31,23,0.0
MW,2000-04,2000-04-28,19,2.0
MW,2000-05,2000-05-31,22,0.0
MW,2000-06,2000-06-30,22,0.0
MW,2000-07,2000-07-31,20,0.0
MW,2000-08,2000-08-31,23,0.0
MW,2000-09,2000-09-29,20,1.0
MW,2000-10,2000-10-31,22,0.0
MW,2000-11,2000-11-30,21,0.0
MW,2000-12,2000-12-29,20,2.0
MW,2001-01,2001-01-31,21,0.0
MW,2001-02,2001-02-28,19,0.0
MW,2001-03,2001-03-30,22,1.0
MW,2001-04,2001-04-30,20,0.0
MW,2001-05,2001-05-31,22,0.0
MW,2001-06,2001-06-29,21,1.0
MW,2001-07,2001-07-31,21,0.0
MW,2001-08,2001-08-31,23,0.0
MW,2001-09,2001-09-28,17,2.0
MW,2001-10,2001-10-31,23,0.0
MW,2001-11,2001-11-30,21,0.0
MW,2001-12,2001-12-31,19,0.0
MW,2002-01,2002-01-31,21,0.0
MW,2002-02,2002-02-28,19,0.0
MW,2002-03,2002-03-28,20,3.0
MW,2002-04,2002-04-30,22,0.0
MW,2002-05,2002-05-31,22,0.0
MW,2002-06,2002-06-28,20,2.0
MW,2002-07,2002-07-31,22,0.0
MW,2002-08,2002-08-30,22,1.0
MW,2002-09,2002-09-30,20,0.0
MW,2002-10,2002-10-31,23,0.0
MW,2002-11,2002-11-29,20,1.0
MW,2002-12,2002-12-31,20,0.0
MW,2003-01,2003-01-31,21,0.0
MW,2003-02,2003-02-28,19,0.0
MW,2003-03,2003-03-31,21,0.0
MW,2003-04,2003-04-30,21,0.0
MW,2003-05,2003-05-30,21,1.0
MW,2003-06,2003-06-30,21,0.0
MW,2003-07,2003-07-31,22,0.0
MW,2003-08,2003-08-29,21,2.0
MW,2003-09,2003-09-30,21,0.0
MW,2003-10,2003-10-31,23,0.0
MW,2003-11,2003-11-28,19,2.0
MW,2003-12,2003-12-31,22,0.0
MW,2004-01,2004-01-30,20,1.0
MW,2004-02,2004-02-27,19,2.0
MW,2004-03,2004-03-31,23,0.0
MW,2004-04,2004-04-30,21,0.0
MW,2004-05,2004-05-28,20,3.0
MW,2004-06,2004-06-30,21,0.0
MW,2004-07,2004-07-30,21,1.0
MW,2004-08,2004-08-31,22,0.0
MW,2004-09,2004-09-30,21,0.0
MW,2004-10,2004-10-29,21,2.0
MW,2004-11,2004-11-30,21,0.0
MW,2004-12,2004-12-30,21,1.0
MW,2005-01,2005-01-31,20,0.0
MW,2005-02,2005-02-28,19,0.0
MW,2005-03,2005-03-31,22,0.0
MW,2005-04,2005-04-29,21,1.0
MW,2005-05,2005-05-31,21,0.0
MW,2005-06,2005-06-30,22,0.0
MW,2005-07,2005-07-29,20,2.0
MW,2005-08,2005-08-31,23,0.0
MW,2005-09,2005-09-30,21,0.0
MW,2005-10,2005-10-31,21,0.0
MW,2005-11,2005-11-30,21,0.0
MW,2005-12,2005-12-30,21,1.0
MW,2006-01,2006-01-31,20,0.0
MW,2006-02,2006-02-28,19,0.0
MW,2006-03,2006-03-31,23,0.0
MW,2006-04,2006-04-28,19,2.0
MW,2006-05,2006-05-31,22,0.0
MW,2006-06,2006-06-30,22,0.0
MW,2006-07,2006-07-31,20,0.0
MW,2006-08,2006-08-31,23,0.0
MW,2006-09,2006-09-29,20,1.0
MW,2006-10,2006-10-31,22,0.0
MW,2006-11,2006-11-30,21,0.0
MW,2006-12,2006-12-29,20,2.0
MW,2007-01,2007-01-31,20,0.0
MW,2007-02,2007-02-28,19,0.0
MW,2007-03,2007-03-30,22,1.0
MW,2007-04,2007-04-30,20,0.0
MW,2007-05,2007-05-31,22,0.0
MW,2007-06,2007-06-29,21,1.0
MW,2007-07,2007-07-31,21,0.0
MW,2007-08,2007-08-31,23,0.0
MW,2007-09,2007-09-28,19,2.0
MW,2007-10,2007-10-31,23,0.0
MW,2007-11,2007-11-30,21,0.0
MW,2007-12,2007-12-31,20,0.0
MW,2008-01,2008-01-31,21,0.0
MW,2008-02,2008-02-29,20,0.0
MW,2008-03,2008-03-31,20,0.0
MW,2008-04,2008-04-30,22,0.0
MW,2008-05,2008-05-30,21,1.0
MW,2008-06,2008-06-30,21,0.0
MW,2008-07,2008-07-31,22,0.0
MW,2008-08,2008-08-29,21,2.0
MW,2008-09,2008-09-30,21,0.0
MW,2008-10,2008-10-31,23,0.0
MW,2008-11,2008-11-28,19,2.0
MW,2008-12,2008-12-31,21,0.0
MW,2009-01,2009-01-30,20,1.0
MW,2009-02,2009-02-27,19,1.0
MW,2009-03,2009-03-31,22,0.0
MW,2009-04,2009-04-30,21,0.0
MW,2009-05,2009-05-29,20,2.0
MW,2009-06,2009-06-30,22,0.0
MW,2009-07,2009-07-31,23,0.0
MW,2009-08,2009-08-31,21,0.0
MW,2009-09,2009-09-30,21,0.0
MW,2009-10,2009-10-30,22,1.0
MW,2009-11,2009-11-30,20,0.0
MW,2009-12,2009-12-31,22,0.0
MW,2010-01,2010-01-29,19,2.0
MW,2010-02,2010-02-26,19,2.0
MW,2010-03,2010-03-31,23,0.0
MW,2010-04,2010-04-30,21,0.0
MW,2010-05,2010-05-28,20,3.0
MW,2010-06,2010-06-30,22,0.0
MW,2010-07,2010-07-30,21,1.0
MW,2010-08,2010-08-31,22,0.0
MW,2010-09,2010-09-30,21,0.0
MW,2010-10,2010-10-29,21,2.0
MW,2010-11,2010-11-30,22,0.0
MW,2010-12,2010-12-31,22,0.0
MW,2011-01,2011-01-31,21,0.0
MW,2011-02,2011-02-28,19,0.0
MW,2011-03,2011-03-31,23,0.0
MW,2011-04,2011-04-29,20,1.0
MW,2011-05,2011-05-31,21,0.0
MW,2011-06,2011-06-30,22,0.0
MW,2011-07,2011-07-29,20,2.0
MW,2011-08,2011-08-31,23,0.0
MW,2011-09,2011-09-30,21,0.0
MW,2011-10,2011-10-31,21,0.0
MW,2011-11,2011-11-30,21,0.0
MW,2011-12,2011-12-30,21,1.0
MW,2012-01,2012-01-31,20,0.0
MW,2012-02,2012-02-29,20,0.0
MW,2012-03,2012-03-30,22,1.0
MW,2012-04,2012-04-30,20,0.0
MW,2012-05,2012-05-31,22,0.0
MW,2012-06,2012-06-29,21,1.0
MW,2012-07,2012-07-31,21,0.0
MW,2012-08,2012-08-31,23,0.0
MW,2012-09,2012-09-28,19,2.0
MW,2012-10,2012-10-31,23,0.0
MW,2012-11,2012-11-30,21,0.0
MW,2012-12,2012-12-31,20,0.0
MW,2013-01,2013-01-31,21,0.0
MW,2013-02,2013-02-28,19,0.0
MW,2013-03,2013-03-28,20,3.0
MW,2013-04,2013-04-30,22,0.0
MW,2013-05,2013-05-31,22,0.0
MW,2013-06,2013-06-28,20,2.0
MW,2013-07,2013-07-31,22,0.0
MW,2013-08,2013-08-30,22,1.0
MW,2013-09,2013-09-30,20,0.0
MW,2013-10,2013-10-31,23,0.0
MW,2013-11,2013-11-29,20,1.0
MW,2013-12,2013-12-31,21,0.0
MW,2014-01,2014-01-31,21,0.0
MW,2014-02,2014-02-28,19,0.0
MW,2014-03,2014-03-31,21,0.0
MW,2014-04,2014-04-30,21,0.0
MW,2014-05,2014-05-30,21,1.0
MW,2014-06,2014-06-30,21,0.0
MW,2014-07,2014-07-31,22,0.0
MW,2014-08,2014-08-29,21,2.0
MW,2014-09,2014-09-30,21,0.0
MW,2014-10,2014-10-31,23,0.0
MW,2014-11,2014-11-28,19,2.0
MW,2014-12,2014-12-31,22,0.0
ND,1969-01,,0,
ND,1969-02,,0,
ND,1969-03,,0,
ND,1969-04,,0,
ND,1969-05,,0,
ND,1969-06,,0,
ND,1969-07,,0,
ND,1969-08,,0,
ND,1969-09,,0,
ND,1969-10,,0,
ND,1969-11,,0,
ND,1969-12,,0,
ND,1970-01,,0,
ND,1970-02,,0,
ND,1970-03,,0,
ND,1970-04,,0,
ND,1970-05,,0,
ND,1970-06,,0,
ND,1970-07,,0,
ND,1970-08,,0,
ND,1970-09,,0,
ND,1970-10,,0,
ND,1970-11,,0,
ND,1970-12,,0,
ND,1971-01,,0,
ND,1971-02,,0,
ND,1971-03,,0,
ND,1971-04,,0,
ND,1971-05,,0,
ND,1971-06,,0,
ND,1971-07,,0,
ND,1971-08,,0,
ND,1971-09,,0,
ND,1971-10,,0,
ND,1971-11,,0,
ND,1971-12,,0,
ND,1972-01,,0,
ND,1972-02,,0,
ND,1972-03,,0,
ND,1972-04,,0,
ND,1972-05,,0,
ND,1972-06,,0,
ND,1972-07,,0,
ND,1972-08,,0,
ND,1972-09,,0,
ND,1972-10,,0,
ND,1972-11,,0,
ND,1972-12,,0,
ND,1973-01,,0,
ND,1973-02,,0,
ND,1973-03,,0,
ND,1973-04,,0,
ND,1973-05,,0,
ND,1973-06,,0,
ND,1973-07,,0,
ND,1973-08,,0,
ND,1973-09,,0,
ND,1973-10,,0,
ND,1973-11,,0,
ND,1973-12,,0,
ND,1974-01,,0,
ND,1974-02,,0,
ND,1974-03,,0,
ND,1974-04,,0,
ND,1974-05,,0,
ND,1974-06,,0,
ND,1974-07,,0,
ND,1974-08,,0,
ND,1974-09,,0,
ND,1974-10,,0,
ND,1974-11,,0,
ND,1974-12,,0,
ND,1975-01,,0,
ND,1975-02,,0,
ND,1975-03,,0,
ND,1975-04,,0,
ND,1975-05,,0,
ND,1975-06,,0,
ND,1975-07,,0,
ND,1975-08,,0,
ND,1975-09,,0,
ND,1975-10,,0,
ND,1975-11,,0,
ND,1975-12,,0,
ND,1976-01,,0,
ND,1976-02,,0,
ND,1976-03,,0,
ND,1976-04,,0,
ND,1976-05,,0,
ND,1976-06,,0,
ND,1976-07,,0,
ND,1976-08,,0,
ND,1976-09,,0,
ND,1976-10,,0,
ND,1976-11,,0,
ND,1976-12,,0,
ND,1977-01,,0,
ND,1977-02,,0,
ND,1977-03,,0,
ND,1977-04,,0,
ND,1977-05,,0,
ND,1977-06,,0,
ND,1977-07,,0,
ND,1977-08,,0,
ND,1977-09,,0,
ND,1977-10,,0,
ND,1977-11,,0,
ND,1977-12,,0,
ND,1978-01,,0,
ND,1978-02,,0,
ND,1978-03,,0,
ND,1978-04,,0,
ND,1978-05,,0,
ND,1978-06,,0,
ND,1978-07,,0,
ND,1978-08,,0,
ND,1978-09,,0,
ND,1978-10,,0,
ND,1978-11,,0,
ND,1978-12,,0,
ND,1979-01,,0,
ND,1979-02,,0,
ND,1979-03,,0,
ND,1979-04,,0,
ND,1979-05,,0,
ND,1979-06,,0,
ND,1979-07,,0,
ND,1979-08,,0,
ND,1979-09,,0,
ND,1979-10,,0,
ND,1979-11,,0,
ND,1979-12,,0,
ND,1980-01,,0,
ND,1980-02,,0,
ND,1980-03,,0,
ND,1980-04,,0,
ND,1980-05,,0,
ND,1980-06,,0,
ND,1980-07,,0,
ND,1980-08,,0,
ND,1980-09,,0,
ND,1980-10,,0,
ND,1980-11,,0,
ND,1980-12,,0,
ND,1981-01,,0,
ND,1981-02,,0,
ND,1981-03,,0,
ND,1981-04,,0,
ND,1981-05,,0,
ND,1981-06,,0,
ND,1981-07,,0,
ND,1981-08,,0,
ND,1981-09,,0,
ND,1981-10,,0,
ND,1981-11,,0,
ND,1981-12,,0,
ND,1982-01,,0,
ND,1982-02,,0,
ND,1982-03,,0,
ND,1982-04,,0,
ND,1982-05,,0,
ND,1982-06,,0,
ND,1982-07,,0,
ND,1982-08,,0,
ND,1982-09,,0,
ND,1982-10,,0,
ND,1982-11,,0,
ND,1982-12,,0,
ND,1983-01,,0,
ND,1983-02,,0,
ND,1983-03,,0,
ND,1983-04,,0,
ND,1983-05,,0,
ND,1983-06,,0,
ND,1983-07,,0,
ND,1983-08,,0,
ND,1983-09,,0,
ND,1983-10,,0,
ND,1983-11,,0,
ND,1983-12,,0,
ND,1984-01,,0,
ND,1984-02,,0,
ND,1984-03,,0,
ND,1984-04,,0,
ND,1984-05,,0,
ND,1984-06,,0,
ND,1984-07,,0,
ND,1984-08,,0,
ND,1984-09,,0,
ND,1984-10,,0,
ND,1984-11,,0,
ND,1984-12,,0,
ND,1985-01,,0,
ND,1985-02,,0,
ND,1985-03,,0,
ND,1985-04,,0,
ND,1985-05,,0,
ND,1985-06,,0,
ND,1985-07,,0,
ND,1985-08,,0,
ND,1985-09,,0,
ND,1985-10,,0,
ND,1985-11,,0,
ND,1985-12,,0,
ND,1986-01,,0,
ND,1986-02,,0,
ND,1986-03,,0,
ND,1986-04,,0,
ND,1986-05,,0,
ND,1986-06,,0,
ND,1986-07,,0,
ND,1986-08,,0,
ND,1986-09,,0,
ND,1986-10,,0,
ND,1986-11,,0,
ND,1986-12,,0,
ND,1987-01,,0,
ND,1987-02,,0,
ND,1987-03,,0,
ND,1987-04,,0,
ND,1987-05,,0,
ND,1987-06,,0,
ND,1987-07,,0,
ND,1987-08,,0,
ND,1987-09,,0,
ND,1987-10,,0,
ND,1987-11,,0,
ND,1987-12,,0,
ND,1988-01,,0,
ND,1988-02,,0,
ND,1988-03,,0,
ND,1988-04,,0,
ND,1988-05,,0,
ND,1988-06,,0,
ND,1988-07,,0,
ND,1988-08,,0,
ND,1988-09,,0,
ND,1988-10,,0,
ND,1988-11,,0,
ND,1988-12,,0,
ND,1989-01,,0,
ND,1989-02,,0,
ND,1989-03,,0,
ND,1989-04,,0,
ND,1989-05,,0,
ND,1989-06,,0,
ND,1989-07,,0,
ND,1989-08,,0,
ND,1989-09,,0,
ND,1989-10,,0,
ND,1989-11,,0,
ND,1989-12,,0,
ND,1990-01,,0,
ND,1990-02,,0,
ND,1990-03,,0,
ND,1990-04,,0,
ND,1990-05,,0,
ND,1990-06,,0,
ND,1990-07,,0,
ND,1990-08,,0,
ND,1990-09,,0,
ND,1990-10,,0,
ND,1990-11,,0,
ND,1990-12,,0,
ND,1991-01,,0,
ND,1991-02,,0,
ND,1991-03,,0,
ND,1991-04,,0,
ND,1991-05,,0,
ND,1991-06,,0,
ND,1991-07,,0,
ND,1991-08,,0,
ND,1991-09,,0,
ND,1991-10,,0,
ND,1991-11,,0,
ND,1991-12,,0,
ND,1992-01,,0,
ND,1992-02,,0,
ND,1992-03,,0,
ND,1992-04,,0,
ND,1992-05,,0,
ND,1992-06,,0,
ND,1992-07,,0,
ND,1992-08,,0,
ND,1992-09,,0,
ND,1992-10,,0,
ND,1992-11,,0,
ND,1992-12,,0,
ND,1993-01,,0,
ND,1993-02,,0,
ND,1993-03,,0,
ND,1993-04,,0,
ND,1993-05,,0,
ND,1993-06,,0,
ND,1993-07,,0,
ND,1993-08,,0,
ND,1993-09,,0,
ND,1993-10,,0,
ND,1993-11,,0,
ND,1993-12,,0,
ND,1994-01,,0,
ND,1994-02,,0,
ND,1994-03,,0,
ND,1994-04,,0,
ND,1994-05,,0,
ND,1994-06,,0,
ND,1994-07,,0,
ND,1994-08,,0,
ND,1994-09,,0,
ND,1994-10,,0,
ND,1994-11,,0,
ND,1994-12,,0,
ND,1995-01,,0,
ND,1995-02,,0,
ND,1995-03,,0,
ND,1995-04,,0,
ND,1995-05,,0,
ND,1995-06,,0,
ND,1995-07,,0,
ND,1995-08,,0,
ND,1995-09,,0,
ND,1995-10,,0,
ND,1995-11,,0,
ND,1995-12,,0,
ND,1996-01,,0,
ND,1996-02,,0,
ND,1996-03,,0,
ND,1996-04,1996-04-30,15,0.0
ND,1996-05,1996-05-31,22,0.0
ND,1996-06,1996-06-28,20,2.0
ND,1996-07,1996-07-31,22,0.0
ND,1996-08,1996-08-30,22,1.0
ND,1996-09,1996-09-30,20,0.0
ND,1996-10,1996-10-31,23,0.0
ND,1996-11,1996-11-29,20,1.0
ND,1996-12,1996-12-31,21,0.0
ND,1997-01,1997-01-31,22,0.0
ND,1997-02,1997-02-28,19,0.0
ND,1997-03,1997-03-31,20,0.0
ND,1997-04,1997-04-30,22,0.0
ND,1997-05,1997-05-30,21,1.0
ND,1997-06,1997-06-30,21,0.0
ND,1997-07,1997-07-31,22,0.0
ND,1997-08,1997-08-29,21,2.0
ND,1997-09,1997-09-30,21,0.0
ND,1997-10,1997-10-31,23,0.0
ND,1997-11,1997-11-28,19,2.0
ND,1997-12,1997-12-31,22,0.0
ND,1998-01,1998-01-30,20,1.0
ND,1998-02,1998-02-27,19,1.0
ND,1998-03,1998-03-31,22,0.0
ND,1998-04,1998-04-30,21,0.0
ND,1998-05,1998-05-29,20,2.0
ND,1998-06,1998-06-30,22,0.0
ND,1998-07,1998-07-31,22,0.0
ND,1998-08,1998-08-31,21,0.0
ND,1998-09,1998-09-30,21,0.0
ND,1998-10,1998-10-30,22,1.0
ND,1998-11,1998-11-30,20,0.0
ND,1998-12,1998-12-31,22,0.0
ND,1999-01,1999-01-29,19,2.0
ND,1999-02,1999-02-26,19,2.0
ND,1999-03,1999-03-31,23,0.0
ND,1999-04,1999-04-30,21,0.0
ND,1999-05,1999-05-28,20,3.0
ND,1999-06,1999-06-30,22,0.0
ND,1999-07,1999-07-30,21,1.0
ND,1999-08,1999-08-31,22,0.0
ND,1999-09,1999-09-30,21,0.0
ND,1999-10,1999-10-29,21,2.0
ND,1999-11,1999-11-30,21,0.0
ND,1999-12,1999-12-31,22,0.0
ND,2000-01,2000-01-31,20,0.0
ND,2000-02,2000-02-29,20,0.0
ND,2000-03,2000-03-31,23,0.0
ND,2000-04,2000-04-28,19,2.0
ND,2000-05,2000-05-31,22,0.0
ND,2000-06,2000-06-30,22,0.0
ND,2000-07,2000-07-31,20,0.0
ND,2000-08,2000-08-31,23,0.0
ND,2000-09,2000-09-29,20,1.0
ND,2000-10,2000-10-31,22,0.0
ND,2000-11,2000-11-30,21,0.0
ND,2000-12,2000-12-29,20,2.0
ND,2001-01,2001-01-31,21,0.0
ND,2001-02,2001-02-28,19,0.0
ND,2001-03,2001-03-30,22,1.0
ND,2001-04,2001-04-30,20,0.0
ND,2001-05,2001-05-31,22,0.0
ND,2001-06,2001-06-29,21,1.0
ND,2001-07,2001-07-31,21,0.0
ND,2001-08,2001-08-31,23,0.0
ND,2001-09,2001-09-28,15,2.0
ND,2001-10,2001-10-31,23,0.0
ND,2001-11,2001-11-30,21,0.0
ND,2001-12,2001-12-31,20,0.0
ND,2002-01,2002-01-31,21,0.0
ND,2002-02,2002-02-28,19,0.0
ND,2002-03,2002-03-28,20,3.0
ND,2002-04,2002-04-30,22,0.0
ND,2002-05,2002-05-31,22,0.0
ND,2002-06,2002-06-28,20,2.0
ND,2002-07,2002-07-31,22,0.0
ND,2002-08,2002-08-30,22,1.0
ND,2002-09,2002-09-30,20,0.0
ND,2002-10,2002-10-31,23,0.0
ND,2002-11,2002-11-29,20,1.0
ND,2002-12,2002-12-31,21,0.0
ND,2003-01,2003-01-31,21,0.0
ND,2003-02,2003-02-28,19,0.0
ND,2003-03,2003-03-31,21,0.0
ND,2003-04,2003-04-30,21,0.0
ND,2003-05,2003-05-30,21,1.0
ND,2003-06,2003-06-30,21,0.0
ND,2003-07,2003-07-31,22,0.0
ND,2003-08,2003-08-29,21,2.0
ND,2003-09,2003-09-30,21,0.0
ND,2003-10,2003-10-31,23,0.0
ND,2003-11,2003-11-28,19,2.0
ND,2003-12,2003-12-31,22,0.0
ND,2004-01,2004-01-30,20,1.0
ND,2004-02,2004-02-27,19,2.0
ND,2004-03,2004-03-31,23,0.0
ND,2004-04,2004-04-30,21,0.0
ND,2004-05,2004-05-28,20,3.0
ND,2004-06,2004-06-30,21,0.0
ND,2004-07,2004-07-30,21,1.0
ND,2004-08,2004-08-31,22,0.0
ND,2004-09,2004-09-30,21,0.0
ND,2004-10,2004-10-29,21,2.0
ND,2004-11,2004-11-30,21,0.0
ND,2004-12,2004-12-31,22,0.0
ND,2005-01,2005-01-31,20,0.0
ND,2005-02,2005-02-28,19,0.0
ND,2005-03,2005-03-31,22,0.0
ND,2005-04,2005-04-29,21,1.0
ND,2005-05,2005-05-31,21,0.0
ND,2005-06,2005-06-30,22,0.0
ND,2005-07,2005-07-29,20,2.0
ND,2005-08,2005-08-31,23,0.0
ND,2005-09,2005-09-30,21,0.0
ND,2005-10,2005-10-31,21,0.0
ND,2005-11,2005-11-30,21,0.0
ND,2005-12,2005-12-30,21,1.0
ND,2006-01,2006-01-31,20,0.0
ND,2006-02,2006-02-28,19,0.0
ND,2006-03,2006-03-31,23,0.0
ND,2006-04,2006-04-28,19,2.0
ND,2006-05,2006-05-31,22,0.0
ND,2006-06,2006-06-30,22,0.0
ND,2006-07,2006-07-31,20,0.0
ND,2006-08,2006-08-31,23,0.0
ND,2006-09,2006-09-29,20,1.0
ND,2006-10,2006-10-31,22,0.0
ND,2006-11,2006-11-30,21,0.0
ND,2006-12,2006-12-29,20,2.0
ND,2007-01,2007-01-31,20,0.0
ND,2007-02,2007-02-28,19,0.0
ND,2007-03,2007-03-30,22,1.0
ND,2007-04,2007-04-30,20,0.0
ND,2007-05,2007-05-31,22,0.0
ND,2007-06,2007-06-29,21,1.0
ND,2007-07,2007-07-31,21,0.0
ND,2007-08,2007-08-31,23,0.0
ND,2007-09,2007-09-28,19,2.0
ND,2007-10,2007-10-31,23,0.0
ND,2007-11,2007-11-30,21,0.0
ND,2007-12,2007-12-31,20,0.0
ND,2008-01,2008-01-31,21,0.0
ND,2008-02,2008-02-29,20,0.0
ND,2008-03,2008-03-31,20,0.0
ND,2008-04,2008-04-30,22,0.0
ND,2008-05,2008-05-30,21,1.0
ND,2008-06,2008-06-30,21,0.0
ND,2008-07,2008-07-31,22,0.0
ND,2008-08,2008-08-29,21,2.0
ND,2008-09,2008-09-30,21,0.0
ND,2008-10,2008-10-31,23,0.0
ND,2008-11,2008-11-28,19,2.0
ND,2008-12,2008-12-31,22,0.0
ND,2009-01,2009-01-30,20,1.0
ND,2009-02,2009-02-27,19,1.0
ND,2009-03,2009-03-31,22,0.0
ND,2009-04,2009-04-30,21,0.0
ND,2009-05,2009-05-29,20,2.0
ND,2009-06,2009-06-30,22,0.0
ND,2009-07,2009-07-31,22,0.0
ND,2009-08,2009-08-31,21,0.0
ND,2009-09,2009-09-30,21,0.0
ND,2009-10,2009-10-30,22,1.0
ND,2009-11,2009-11-30,20,0.0
ND,2009-12,2009-12-31,22,0.0
ND,2010-01,2010-01-29,19,2.0
ND,2010-02,2010-02-26,19,2.0
ND,2010-03,2010-03-31,23,0.0
ND,2010-04,2010-04-30,21,0.0
ND,2010-05,2010-05-28,20,3.0
ND,2010-06,2010-06-30,22,0.0
ND,2010-07,2010-07-30,21,1.0
ND,2010-08,2010-08-31,22,0.0
ND,2010-09,2010-09-30,21,0.0
ND,2010-10,2010-10-29,21,2.0
ND,2010-11,2010-11-30,21,0.0
ND,2010-12,2010-12-31,22,0.0
ND,2011-01,2011-01-31,20,0.0
ND,2011-02,2011-02-28,19,0.0
ND,2011-03,2011-03-31,23,0.0
ND,2011-04,2011-04-29,20,1.0
ND,2011-05,2011-05-31,21,0.0
ND,2011-06,2011-06-30,22,0.0
ND,2011-07,2011-07-29,20,2.0
ND,2011-08,2011-08-31,23,0.0
ND,2011-09,2011-09-30,21,0.0
ND,2011-10,2011-10-31,21,0.0
ND,2011-11,2011-11-30,21,0.0
ND,2011-12,2011-12-30,21,1.0
ND,2012-01,2012-01-31,20,0.0
ND,2012-02,2012-02-29,20,0.0
ND,2012-03,2012-03-30,22,1.0
ND,2012-04,2012-04-30,21,0.0
ND,2012-05,2012-05-31,22,0.0
ND,2012-06,2012-06-29,21,1.0
ND,2012-07,2012-07-31,21,0.0
ND,2012-08,2012-08-31,23,0.0
ND,2012-09,2012-09-28,19,2.0
ND,2012-10,2012-10-31,21,0.0
ND,2012-11,2012-11-30,21,0.0
ND,2012-12,2012-12-31,20,0.0
ND,2013-01,2013-01-31,21,0.0
ND,2013-02,2013-02-28,19,0.0
ND,2013-03,2013-03-28,20,3.0
ND,2013-04,2013-04-30,22,0.0
ND,2013-05,2013-05-31,22,0.0
ND,2013-06,2013-06-28,20,2.0
ND,2013-07,2013-07-31,22,0.0
ND,2013-08,2013-08-30,22,1.0
ND,2013-09,2013-09-30,20,0.0
ND,2013-10,2013-10-31,23,0.0
ND,2013-11,2013-11-29,20,1.0
ND,2013-12,2013-12-31,21,0.0
ND,2014-01,2014-01-31,21,0.0
ND,2014-02,2014-02-28,19,0.0
ND,2014-03,2014-03-31,21,0.0
ND,2014-04,2014-04-30,21,0.0
ND,2014-05,2014-05-30,21,1.0
ND,2014-06,2014-06-30,21,0.0
ND,2014-07,2014-07-31,22,0.0
ND,2014-08,2014-08-29,21,2.0
ND,2014-09,2014-09-30,21,0.0
ND,2014-10,2014-10-31,23,0.0
ND,2014-11,2014-11-28,19,2.0
ND,2014-12,2014-12-31,22,0.0
NK,1969-01,,0,
NK,1969-02,,0,
NK,1969-03,,0,
NK,1969-04,,0,
NK,1969-05,,0,
NK,1969-06,,0,
NK,1969-07,,0,
NK,1969-08,,0,
NK,1969-09,,0,
NK,1969-10,,0,
NK,1969-11,,0,
NK,1969-12,,0,
NK,1970-01,,0,
NK,1970-02,,0,
NK,1970-03,,0,
NK,1970-04,,0,
NK,1970-05,,0,
NK,1970-06,,0,
NK,1970-07,,0,
NK,1970-08,,0,
NK,1970-09,,0,
NK,1970-10,,0,
NK,1970-11,,0,
NK,1970-12,,0,
NK,1971-01,,0,
NK,1971-02,,0,
NK,1971-03,,0,
NK,1971-04,,0,
NK,1971-05,,0,
NK,1971-06,,0,
NK,1971-07,,0,
NK,1971-08,,0,
NK,1971-09,,0,
NK,1971-10,,0,
NK,1971-11,,0,
NK,1971-12,,0,
NK,1972-01,,0,
NK,1972-02,,0,
NK,1972-03,,0,
NK,1972-04,,0,
NK,1972-05,,0,
NK,1972-06,,0,
NK,1972-07,,0,
NK,1972-08,,0,
NK,1972-09,,0,
NK,1972-10,,0,
NK,1972-11,,0,
NK,1972-12,,0,
NK,1973-01,,0,
NK,1973-02,,0,
NK,1973-03,,0,
NK,1973-04,,0,
NK,1973-05,,0,
NK,1973-06,,0,
NK,1973-07,,0,
NK,1973-08,,0,
NK,1973-09,,0,
NK,1973-10,,0,
NK,1973-11,,0,
NK,1973-12,,0,
NK,1974-01,,0,
NK,1974-02,,0,
NK,1974-03,,0,
NK,1974-04,,0,
NK,1974-05,,0,
NK,1974-06,,0,
NK,1974-07,,0,
NK,1974-08,,0,
NK,1974-09,,0,
NK,1974-10,,0,
NK,1974-11,,0,
NK,1974-12,,0,
NK,1975-01,,0,
NK,1975-02,,0,
NK,1975-03,,0,
NK,1975-04,,0,
NK,1975-05,,0,
NK,1975-06,,0,
NK,1975-07,,0,
NK,1975-08,,0,
NK,1975-09,,0,
NK,1975-10,,0,
NK,1975-11,,0,
NK,1975-12,,0,
NK,1976-01,,0,
NK,1976-02,,0,
NK,1976-03,,0,
NK,1976-04,,0,
NK,1976-05,,0,
NK,1976-06,,0,
NK,1976-07,,0,
NK,1976-08,,0,
NK,1976-09,,0,
NK,1976-10,,0,
NK,1976-11,,0,
NK,1976-12,,0,
NK,1977-01,,0,
NK,1977-02,,0,
NK,1977-03,,0,
NK,1977-04,,0,
NK,1977-05,,0,
NK,1977-06,,0,
NK,1977-07,,0,
NK,1977-08,,0,
NK,1977-09,,0,
NK,1977-10,,0,
NK,1977-11,,0,
NK,1977-12,,0,
NK,1978-01,,0,
NK,1978-02,,0,
NK,1978-03,,0,
NK,1978-04,,0,
NK,1978-05,,0,
NK,1978-06,,0,
NK,1978-07,,0,
NK,1978-08,,0,
NK,1978-09,,0,
NK,1978-10,,0,
NK,1978-11,,0,
NK,1978-12,,0,
NK,1979-01,,0,
NK,1979-02,,0,
NK,1979-03,,0,
NK,1979-04,,0,
NK,1979-05,,0,
NK,1979-06,,0,
NK,1979-07,,0,
NK,1979-08,,0,
NK,1979-09,,0,
NK,1979-10,,0,
NK,1979-11,,0,
NK,1979-12,,0,
NK,1980-01,,0,
NK,1980-02,,0,
NK,1980-03,,0,
NK,1980-04,,0,
NK,1980-05,,0,
NK,1980-06,,0,
NK,1980-07,,0,
NK,1980-08,,0,
NK,1980-09,,0,
NK,1980-10,,0,
NK,1980-11,,0,
NK,1980-12,,0,
NK,1981-01,,0,
NK,1981-02,,0,
NK,1981-03,,0,
NK,1981-04,,0,
NK,1981-05,,0,
NK,1981-06,,0,
NK,1981-07,,0,
NK,1981-08,,0,
NK,1981-09,,0,
NK,1981-10,,0,
NK,1981-11,,0,
NK,1981-12,,0,
NK,1982-01,,0,
NK,1982-02,,0,
NK,1982-03,,0,
NK,1982-04,,0,
NK,1982-05,,0,
NK,1982-06,,0,
NK,1982-07,,0,
NK,1982-08,,0,
NK,1982-09,,0,
NK,1982-10,,0,
NK,1982-11,,0,
NK,1982-12,,0,
NK,1983-01,,0,
NK,1983-02,,0,
NK,1983-03,,0,
NK,1983-04,,0,
NK,1983-05,,0,
NK,1983-06,,0,
NK,1983-07,,0,
NK,1983-08,,0,
NK,1983-09,,0,
NK,1983-10,,0,
NK,1983-11,,0,
NK,1983-12,,0,
NK,1984-01,,0,
NK,1984-02,,0,
NK,1984-03,,0,
NK,1984-04,,0,
NK,1984-05,,0,
NK,1984-06,,0,
NK,1984-07,,0,
NK,1984-08,,0,
NK,1984-09,,0,
NK,1984-10,,0,
NK,1984-11,,0,
NK,1984-12,,0,
NK,1985-01,,0,
NK,1985-02,,0,
NK,1985-03,,0,
NK,1985-04,,0,
NK,1985-05,,0,
NK,1985-06,,0,
NK,1985-07,,0,
NK,1985-08,,0,
NK,1985-09,,0,
NK,1985-10,,0,
NK,1985-11,,0,
NK,1985-12,,0,
NK,1986-01,,0,
NK,1986-02,,0,
NK,1986-03,,0,
NK,1986-04,,0,
NK,1986-05,,0,
NK,1986-06,,0,
NK,1986-07,,0,
NK,1986-08,,0,
NK,1986-09,,0,
NK,1986-10,,0,
NK,1986-11,,0,
NK,1986-12,,0,
NK,1987-01,,0,
NK,1987-02,,0,
NK,1987-03,,0,
NK,1987-04,,0,
NK,1987-05,,0,
NK,1987-06,,0,
NK,1987-07,,0,
NK,1987-08,,0,
NK,1987-09,,0,
NK,1987-10,,0,
NK,1987-11,,0,
NK,1987-12,,0,
NK,1988-01,,0,
NK,1988-02,,0,
NK,1988-03,,0,
NK,1988-04,,0,
NK,1988-05,,0,
NK,1988-06,,0,
NK,1988-07,,0,
NK,1988-08,,0,
NK,1988-09,,0,
NK,1988-10,,0,
NK,1988-11,,0,
NK,1988-12,,0,
NK,1989-01,,0,
NK,1989-02,,0,
NK,1989-03,,0,
NK,1989-04,,0,
NK,1989-05,,0,
NK,1989-06,,0,
NK,1989-07,,0,
NK,1989-08,,0,
NK,1989-09,,0,
NK,1989-10,,0,
NK,1989-11,,0,
NK,1989-12,,0,
NK,1990-01,,0,
NK,1990-02,,0,
NK,1990-03,,0,
NK,1990-04,,0,
NK,1990-05,,0,
NK,1990-06,,0,
NK,1990-07,,0,
NK,1990-08,,0,
NK,1990-09,,0,
NK,1990-10,,0,
NK,1990-11,,0,
NK,1990-12,,0,
NK,1991-01,1991-01-31,22,0.0
NK,1991-02,1991-02-28,19,0.0
NK,1991-03,1991-03-28,20,3.0
NK,1991-04,1991-04-30,22,0.0
NK,1991-05,1991-05-31,22,0.0
NK,1991-06,1991-06-28,20,2.0
NK,1991-07,1991-07-31,22,0.0
NK,1991-08,1991-08-30,22,1.0
NK,1991-09,1991-09-30,20,0.0
NK,1991-10,1991-10-31,23,0.0
NK,1991-11,1991-11-29,20,1.0
NK,1991-12,1991-12-31,21,0.0
NK,1992-01,1992-01-31,22,0.0
NK,1992-02,1992-02-28,19,1.0
NK,1992-03,1992-03-31,22,0.0
NK,1992-04,1992-04-30,21,0.0
NK,1992-05,1992-05-29,20,2.0
NK,1992-06,1992-06-30,22,0.0
NK,1992-07,1992-07-31,22,0.0
NK,1992-08,1992-08-31,21,0.0
NK,1992-09,1992-09-30,21,0.0
NK,1992-10,1992-10-30,22,1.0
NK,1992-11,1992-11-30,20,0.0
NK,1992-12,1992-12-31,22,0.0
NK,1993-01,1993-01-29,20,2.0
NK,1993-02,1993-02-26,19,2.0
NK,1993-03,1993-03-31,23,0.0
NK,1993-04,1993-04-30,21,0.0
NK,1993-05,1993-05-28,20,3.0
NK,1993-06,1993-06-30,22,0.0
NK,1993-07,1993-07-30,21,1.0
NK,1993-08,1993-08-31,22,0.0
NK,1993-09,1993-09-30,21,0.0
NK,1993-10,1993-10-29,21,2.0
NK,1993-11,1993-11-30,21,0.0
NK,1993-12,1993-12-31,22,0.0
NK,1994-01,1994-01-31,21,0.0
NK,1994-02,1994-02-28,19,0.0
NK,1994-03,1994-03-31,23,0.0
NK,1994-04,1994-04-29,19,1.0
NK,1994-05,1994-05-31,21,0.0
NK,1994-06,1994-06-30,22,0.0
NK,1994-07,1994-07-29,20,2.0
NK,1994-08,1994-08-31,23,0.0
NK,1994-09,1994-09-30,21,0.0
NK,1994-10,1994-10-31,21,0.0
NK,1994-11,1994-11-30,21,0.0
NK,1994-12,1994-12-30,21,1.0
NK,1995-01,1995-01-31,21,0.0
NK,1995-02,1995-02-28,19,0.0
NK,1995-03,1995-03-31,23,0.0
NK,1995-04,1995-04-28,19,2.0
NK,1995-05,1995-05-31,22,0.0
NK,1995-06,1995-06-30,22,0.0
NK,1995-07,1995-07-31,20,0.0
NK,1995-08,1995-08-31,23,0.0
NK,1995-09,1995-09-29,20,1.0
NK,1995-10,1995-10-31,22,0.0
NK,1995-11,1995-11-30,21,0.0
NK,1995-12,1995-12-29,20,2.0
NK,1996-01,1996-01-31,22,0.0
NK,1996-02,1996-02-29,20,0.0
NK,1996-03,1996-03-29,21,2.0
NK,1996-04,1996-04-30,21,0.0
NK,1996-05,1996-05-31,22,0.0
NK,1996-06,1996-06-28,20,2.0
NK,1996-07,1996-07-31,22,0.0
NK,1996-08,1996-08-30,22,1.0
NK,1996-09,1996-09-30,20,0.0
NK,1996-10,1996-10-31,23,0.0
NK,1996-11,1996-11-29,20,1.0
NK,1996-12,1996-12-31,21,0.0
NK,1997-01,1997-01-31,22,0.0
NK,1997-02,1997-02-28,19,0.0
NK,1997-03,1997-03-31,20,0.0
NK,1997-04,1997-04-30,22,0.0
NK,1997-05,1997-05-30,21,1.0
NK,1997-06,1997-06-30,21,0.0
NK,1997-07,1997-07-31,22,0.0
NK,1997-08,1997-08-29,21,2.0
NK,1997-09,1997-09-30,21,0.0
NK,1997-10,1997-10-31,23,0.0
NK,1997-11,1997-11-28,19,2.0
NK,1997-12,1997-12-31,22,0.0
NK,1998-01,1998-01-30,20,1.0
NK,1998-02,1998-02-27,19,1.0
NK,1998-03,1998-03-31,22,0.0
NK,1998-04,1998-04-30,21,0.0
NK,1998-05,1998-05-29,20,2.0
NK,1998-06,1998-06-30,22,0.0
NK,1998-07,1998-07-31,22,0.0
NK,1998-08,1998-08-31,21,0.0
NK,1998-09,1998-09-30,21,0.0
NK,1998-10,1998-10-30,22,1.0
NK,1998-11,1998-11-30,20,0.0
NK,1998-12,1998-12-31,22,0.0
NK,1999-01,1999-01-29,19,2.0
NK,1999-02,1999-02-26,19,2.0
NK,1999-03,1999-03-31,23,0.0
NK,1999-04,1999-04-30,21,0.0
NK,1999-05,1999-05-28,20,3.0
NK,1999-06,1999-06-30,22,0.0
NK,1999-07,1999-07-30,21,1.0
NK,1999-08,1999-08-31,22,0.0
NK,1999-09,1999-09-30,21,0.0
NK,1999-10,1999-10-29,21,2.0
NK,1999-11,1999-11-30,21,0.0
NK,1999-12,1999-12-31,22,0.0
NK,2000-01,2000-01-31,20,0.0
NK,2000-02,2000-02-29,20,0.0
NK,2000-03,2000-03-31,23,0.0
NK,2000-04,2000-04-28,19,2.0
NK,2000-05,2000-05-31,22,0.0
NK,2000-06,2000-06-30,22,0.0
NK,2000-07,2000-07-31,20,0.0
NK,2000-08,2000-08-31,23,0.0
NK,2000-09,2000-09-29,20,1.0
NK,2000-10,2000-10-31,22,0.0
NK,2000-11,2000-11-30,21,0.0
NK,2000-12,2000-12-29,20,2.0
NK,2001-01,2001-01-31,21,0.0
NK,2001-02,2001-02-28,19,0.0
NK,2001-03,2001-03-30,22,1.0
NK,2001-04,2001-04-30,20,0.0
NK,2001-05,2001-05-31,22,0.0
NK,2001-06,2001-06-29,21,1.0
NK,2001-07,2001-07-31,21,0.0
NK,2001-08,2001-08-31,23,0.0
NK,2001-09,2001-09-28,17,2.0
NK,2001-10,2001-10-31,23,0.0
NK,2001-11,2001-11-30,21,0.0
NK,2001-12,2001-12-31,20,0.0
NK,2002-01,2002-01-31,21,0.0
NK,2002-02,2002-02-28,19,0.0
NK,2002-03,2002-03-28,20,3.0
NK,2002-04,2002-04-30,22,0.0
NK,2002-05,2002-05-31,22,0.0
NK,2002-06,2002-06-28,20,2.0
NK,2002-07,2002-07-31,22,0.0
NK,2002-08,2002-08-30,22,1.0
NK,2002-09,2002-09-30,20,0.0
NK,2002-10,2002-10-31,23,0.0
NK,2002-11,2002-11-29,20,1.0
NK,2002-12,2002-12-31,21,0.0
NK,2003-01,2003-01-31,21,0.0
NK,2003-02,2003-02-28,19,0.0
NK,2003-03,2003-03-31,21,0.0
NK,2003-04,2003-04-30,21,0.0
NK,2003-05,2003-05-30,21,1.0
NK,2003-06,2003-06-30,21,0.0
NK,2003-07,2003-07-31,22,0.0
NK,2003-08,2003-08-29,21,2.0
NK,2003-09,2003-09-30,21,0.0
NK,2003-10,2003-10-31,23,0.0
NK,2003-11,2003-11-28,19,2.0
NK,2003-12,2003-12-31,22,0.0
NK,2004-01,2004-01-30,20,1.0
NK,2004-02,2004-02-27,19,2.0
NK,2004-03,2004-03-31,23,0.0
NK,2004-04,2004-04-30,21,0.0
NK,2004-05,2004-05-28,20,3.0
NK,2004-06,2004-06-30,21,0.0
NK,2004-07,2004-07-30,21,1.0
NK,2004-08,2004-08-31,22,0.0
NK,2004-09,2004-09-30,21,0.0
NK,2004-10,2004-10-29,21,2.0
NK,2004-11,2004-11-30,21,0.0
NK,2004-12,2004-12-31,22,0.0
NK,2005-01,2005-01-31,20,0.0
NK,2005-02,2005-02-28,19,0.0
NK,2005-03,2005-03-31,22,0.0
NK,2005-04,2005-04-29,21,1.0
NK,2005-05,2005-05-31,21,0.0
NK,2005-06,2005-06-30,22,0.0
NK,2005-07,2005-07-29,20,2.0
NK,2005-08,2005-08-31,23,0.0
NK,2005-09,2005-09-30,21,0.0
NK,2005-10,2005-10-31,21,0.0
NK,2005-11,2005-11-30,21,0.0
NK,2005-12,2005-12-30,21,1.0
NK,2006-01,2006-01-31,20,0.0
NK,2006-02,2006-02-28,19,0.0
NK,2006-03,2006-03-31,23,0.0
NK,2006-04,2006-04-28,19,2.0
NK,2006-05,2006-05-31,22,0.0
NK,2006-06,2006-06-30,22,0.0
NK,2006-07,2006-07-31,20,0.0
NK,2006-08,2006-08-31,23,0.0
NK,2006-09,2006-09-29,20,1.0
NK,2006-10,2006-10-31,22,0.0
NK,2006-11,2006-11-30,21,0.0
NK,2006-12,2006-12-29,20,2.0
NK,2007-01,2007-01-31,20,0.0
NK,2007-02,2007-02-28,19,0.0
NK,2007-03,2007-03-30,22,1.0
NK,2007-04,2007-04-30,20,0.0
NK,2007-05,2007-05-31,22,0.0
NK,2007-06,2007-06-29,21,1.0
NK,2007-07,2007-07-31,21,0.0
NK,2007-08,2007-08-31,23,0.0
NK,2007-09,2007-09-28,19,2.0
NK,2007-10,2007-10-31,23,0.0
NK,2007-11,2007-11-30,21,0.0
NK,2007-12,2007-12-31,20,0.0
NK,2008-01,2008-01-31,21,0.0
NK,2008-02,2008-02-29,20,0.0
NK,2008-03,2008-03-31,20,0.0
NK,2008-04,2008-04-30,22,0.0
NK,2008-05,2008-05-30,21,1.0
NK,2008-06,2008-06-30,21,0.0
NK,2008-07,2008-07-31,22,0.0
NK,2008-08,2008-08-29,21,2.0
NK,2008-09,2008-09-30,21,0.0
NK,2008-10,2008-10-31,23,0.0
NK,2008-11,2008-11-28,19,2.0
NK,2008-12,2008-12-31,22,0.0
NK,2009-01,2009-01-30,20,1.0
NK,2009-02,2009-02-27,19,1.0
NK,2009-03,2009-03-31,22,0.0
NK,2009-04,2009-04-30,21,0.0
NK,2009-05,2009-05-29,20,2.0
NK,2009-06,2009-06-30,22,0.0
NK,2009-07,2009-07-31,22,0.0
NK,2009-08,2009-08-31,21,0.0
NK,2009-09,2009-09-30,22,0.0
NK,2009-10,2009-10-30,22,1.0
NK,2009-11,2009-11-30,21,0.0
NK,2009-12,2009-12-31,22,0.0
NK,2010-01,2010-01-29,20,2.0
NK,2010-02,2010-02-26,20,2.0
NK,2010-03,2010-03-31,23,0.0
NK,2010-04,2010-04-30,22,0.0
NK,2010-05,2010-05-31,21,0.0
NK,2010-06,2010-06-30,22,0.0
NK,2010-07,2010-07-30,22,1.0
NK,2010-08,2010-08-31,22,0.0
NK,2010-09,2010-09-30,22,0.0
NK,2010-10,2010-10-29,21,2.0
NK,2010-11,2010-11-30,22,0.0
NK,2010-12,2010-12-31,22,0.0
NK,2011-01,2011-01-31,21,0.0
NK,2011-02,2011-02-28,20,0.0
NK,2011-03,2011-03-31,23,0.0
NK,2011-04,2011-04-29,21,1.0
NK,2011-05,2011-05-31,22,0.0
NK,2011-06,2011-06-30,22,0.0
NK,2011-07,2011-07-29,21,2.0
NK,2011-08,2011-08-31,23,0.0
NK,2011-09,2011-09-30,22,0.0
NK,2011-10,2011-10-31,21,0.0
NK,2011-11,2011-11-30,22,0.0
NK,2011-12,2011-12-30,21,1.0
NK,2012-01,2012-01-31,19,0.0
NK,2012-02,2012-02-29,21,0.0
NK,2012-03,2012-03-30,21,1.0
NK,2012-04,2012-04-30,21,0.0
NK,2012-05,2012-05-31,23,0.0
NK,2012-06,2012-06-29,21,1.0
NK,2012-07,2012-07-31,22,0.0
NK,2012-08,2012-08-31,23,0.0
NK,2012-09,2012-09-28,20,2.0
NK,2012-10,2012-10-31,23,0.0
NK,2012-11,2012-11-30,22,0.0
NK,2012-12,2012-12-31,20,0.0
NK,2013-01,2013-01-31,22,0.0
NK,2013-02,2013-02-28,20,0.0
NK,2013-03,2013-03-29,21,2.0
NK,2013-04,2013-04-30,22,0.0
NK,2013-05,2013-05-31,23,0.0
NK,2013-06,2013-06-28,20,2.0
NK,2013-07,2013-07-31,23,0.0
NK,2013-08,2013-08-30,22,1.0
NK,2013-09,2013-09-30,21,0.0
NK,2013-10,2013-10-31,23,0.0
NK,2013-11,2013-11-29,21,1.0
NK,2013-12,2013-12-31,21,0.0
NK,2014-01,2014-01-31,22,0.0
NK,2014-02,2014-02-28,20,0.0
NK,2014-03,2014-03-31,21,0.0
NK,2014-04,2014-04-30,22,0.0
NK,2014-05,2014-05-30,22,1.0
NK,2014-06,2014-06-30,21,0.0
NK,2014-07,2014-07-31,22,0.0
NK,2014-08,2014-08-29,21,2.0
NK,2014-09,2014-09-30,22,0.0
NK,2014-10,2014-10-31,23,0.0
NK,2014-11,2014-11-28,20,2.0
NK,2014-12,2014-12-31,22,0.0
RL,1969-01,,0,
RL,1969-02,,0,
RL,1969-03,,0,
RL,1969-04,,0,
RL,1969-05,,0,
RL,1969-06,,0,
RL,1969-07,,0,
RL,1969-08,,0,
RL,1969-09,,0,
RL,1969-10,,0,
RL,1969-11,,0,
RL,1969-12,,0,
RL,1970-01,,0,
RL,1970-02,,0,
RL,1970-03,,0,
RL,1970-04,,0,
RL,1970-05,,0,
RL,1970-06,,0,
RL,1970-07,,0,
RL,1970-08,,0,
RL,1970-09,,0,
RL,1970-10,,0,
RL,1970-11,,0,
RL,1970-12,,0,
RL,1971-01,,0,
RL,1971-02,,0,
RL,1971-03,,0,
RL,1971-04,,0,
RL,1971-05,,0,
RL,1971-06,,0,
RL,1971-07,,0,
RL,1971-08,,0,
RL,1971-09,,0,
RL,1971-10,,0,
RL,1971-11,,0,
RL,1971-12,,0,
RL,1972-01,,0,
RL,1972-02,,0,
RL,1972-03,,0,
RL,1972-04,,0,
RL,1972-05,,0,
RL,1972-06,,0,
RL,1972-07,,0,
RL,1972-08,,0,
RL,1972-09,,0,
RL,1972-10,,0,
RL,1972-11,,0,
RL,1972-12,,0,
RL,1973-01,,0,
RL,1973-02,,0,
RL,1973-03,,0,
RL,1973-04,,0,
RL,1973-05,,0,
RL,1973-06,,0,
RL,1973-07,,0,
RL,1973-08,,0,
RL,1973-09,,0,
RL,1973-10,,0,
RL,1973-11,,0,
RL,1973-12,,0,
RL,1974-01,,0,
RL,1974-02,,0,
RL,1974-03,,0,
RL,1974-04,,0,
RL,1974-05,,0,
RL,1974-06,,0,
RL,1974-07,,0,
RL,1974-08,,0,
RL,1974-09,,0,
RL,1974-10,,0,
RL,1974-11,,0,
RL,1974-12,,0,
RL,1975-01,,0,
RL,1975-02,,0,
RL,1975-03,,0,
RL,1975-04,,0,
RL,1975-05,,0,
RL,1975-06,,0,
RL,1975-07,,0,
RL,1975-08,,0,
RL,1975-09,,0,
RL,1975-10,,0,
RL,1975-11,,0,
RL,1975-12,,0,
RL,1976-01,,0,
RL,1976-02,,0,
RL,1976-03,,0,
RL,1976-04,,0,
RL,1976-05,,0,
RL,1976-06,,0,
RL,1976-07,,0,
RL,1976-08,,0,
RL,1976-09,,0,
RL,1976-10,,0,
RL,1976-11,,0,
RL,1976-12,,0,
RL,1977-01,,0,
RL,1977-02,,0,
RL,1977-03,,0,
RL,1977-04,,0,
RL,1977-05,,0,
RL,1977-06,,0,
RL,1977-07,,0,
RL,1977-08,,0,
RL,1977-09,,0,
RL,1977-10,,0,
RL,1977-11,,0,
RL,1977-12,,0,
RL,1978-01,,0,
RL,1978-02,,0,
RL,1978-03,,0,
RL,1978-04,,0,
RL,1978-05,,0,
RL,1978-06,,0,
RL,1978-07,,0,
RL,1978-08,,0,
RL,1978-09,,0,
RL,1978-10,,0,
RL,1978-11,,0,
RL,1978-12,,0,
RL,1979-01,,0,
RL,1979-02,,0,
RL,1979-03,,0,
RL,1979-04,,0,
RL,1979-05,,0,
RL,1979-06,,0,
RL,1979-07,,0,
RL,1979-08,,0,
RL,1979-09,,0,
RL,1979-10,,0,
RL,1979-11,,0,
RL,1979-12,,0,
RL,1980-01,,0,
RL,1980-02,,0,
RL,1980-03,,0,
RL,1980-04,,0,
RL,1980-05,,0,
RL,1980-06,,0,
RL,1980-07,,0,
RL,1980-08,,0,
RL,1980-09,,0,
RL,1980-10,,0,
RL,1980-11,,0,
RL,1980-12,,0,
RL,1981-01,,0,
RL,1981-02,,0,
RL,1981-03,,0,
RL,1981-04,,0,
RL,1981-05,,0,
RL,1981-06,,0,
RL,1981-07,,0,
RL,1981-08,,0,
RL,1981-09,,0,
RL,1981-10,,0,
RL,1981-11,,0,
RL,1981-12,,0,
RL,1982-01,,0,
RL,1982-02,,0,
RL,1982-03,,0,
RL,1982-04,,0,
RL,1982-05,,0,
RL,1982-06,,0,
RL,1982-07,,0,
RL,1982-08,,0,
RL,1982-09,,0,
RL,1982-10,,0,
RL,1982-11,,0,
RL,1982-12,,0,
RL,1983-01,,0,
RL,1983-02,,0,
RL,1983-03,,0,
RL,1983-04,,0,
RL,1983-05,,0,
RL,1983-06,,0,
RL,1983-07,,0,
RL,1983-08,,0,
RL,1983-09,,0,
RL,1983-10,,0,
RL,1983-11,,0,
RL,1983-12,,0,
RL,1984-01,,0,
RL,1984-02,,0,
RL,1984-03,,0,
RL,1984-04,,0,
RL,1984-05,,0,
RL,1984-06,,0,
RL,1984-07,,0,
RL,1984-08,,0,
RL,1984-09,,0,
RL,1984-10,,0,
RL,1984-11,,0,
RL,1984-12,,0,
RL,1985-01,,0,
RL,1985-02,,0,
RL,1985-03,,0,
RL,1985-04,,0,
RL,1985-05,,0,
RL,1985-06,,0,
RL,1985-07,,0,
RL,1985-08,,0,
RL,1985-09,,0,
RL,1985-10,,0,
RL,1985-11,,0,
RL,1985-12,,0,
RL,1986-01,,0,
RL,1986-02,,0,
RL,1986-03,,0,
RL,1986-04,,0,
RL,1986-05,,0,
RL,1986-06,,0,
RL,1986-07,,0,
RL,1986-08,,0,
RL,1986-09,,0,
RL,1986-10,,0,
RL,1986-11,,0,
RL,1986-12,,0,
RL,1987-01,,0,
RL,1987-02,,0,
RL,1987-03,,0,
RL,1987-04,,0,
RL,1987-05,,0,
RL,1987-06,,0,
RL,1987-07,,0,
RL,1987-08,,0,
RL,1987-09,,0,
RL,1987-10,,0,
RL,1987-11,,0,
RL,1987-12,,0,
RL,1988-01,,0,
RL,1988-02,,0,
RL,1988-03,,0,
RL,1988-04,,0,
RL,1988-05,,0,
RL,1988-06,,0,
RL,1988-07,,0,
RL,1988-08,,0,
RL,1988-09,,0,
RL,1988-10,,0,
RL,1988-11,,0,
RL,1988-12,,0,
RL,1989-01,,0,
RL,1989-02,,0,
RL,1989-03,,0,
RL,1989-04,,0,
RL,1989-05,,0,
RL,1989-06,,0,
RL,1989-07,,0,
RL,1989-08,,0,
RL,1989-09,,0,
RL,1989-10,,0,
RL,1989-11,,0,
RL,1989-12,,0,
RL,1990-01,,0,
RL,1990-02,,0,
RL,1990-03,,0,
RL,1990-04,,0,
RL,1990-05,,0,
RL,1990-06,,0,
RL,1990-07,,0,
RL,1990-08,,0,
RL,1990-09,,0,
RL,1990-10,,0,
RL,1990-11,,0,
RL,1990-12,,0,
RL,1991-01,,0,
RL,1991-02,,0,
RL,1991-03,,0,
RL,1991-04,,0,
RL,1991-05,,0,
RL,1991-06,,0,
RL,1991-07,,0,
RL,1991-08,,0,
RL,1991-09,,0,
RL,1991-10,,0,
RL,1991-11,,0,
RL,1991-12,,0,
RL,1992-01,,0,
RL,1992-02,,0,
RL,1992-03,,0,
RL,1992-04,,0,
RL,1992-05,,0,
RL,1992-06,,0,
RL,1992-07,,0,
RL,1992-08,,0,
RL,1992-09,,0,
RL,1992-10,,0,
RL,1992-11,,0,
RL,1992-12,,0,
RL,1993-01,,0,
RL,1993-02,1993-02-26,16,2.0
RL,1993-03,1993-03-31,23,0.0
RL,1993-04,1993-04-30,21,0.0
RL,1993-05,1993-05-28,20,3.0
RL,1993-06,1993-06-30,22,0.0
RL,1993-07,1993-07-30,21,1.0
RL,1993-08,1993-08-31,22,0.0
RL,1993-09,1993-09-30,21,0.0
RL,1993-10,1993-10-29,21,2.0
RL,1993-11,1993-11-30,21,0.0
RL,1993-12,1993-12-31,22,0.0
RL,1994-01,1994-01-31,21,0.0
RL,1994-02,1994-02-28,19,0.0
RL,1994-03,1994-03-31,23,0.0
RL,1994-04,1994-04-29,19,1.0
RL,1994-05,1994-05-31,21,0.0
RL,1994-06,1994-06-30,22,0.0
RL,1994-07,1994-07-29,20,2.0
RL,1994-08,1994-08-31,23,0.0
RL,1994-09,1994-09-30,21,0.0
RL,1994-10,1994-10-31,21,0.0
RL,1994-11,1994-11-30,21,0.0
RL,1994-12,1994-12-30,21,1.0
RL,1995-01,1995-01-31,21,0.0
RL,1995-02,1995-02-28,19,0.0
RL,1995-03,1995-03-31,23,0.0
RL,1995-04,1995-04-28,19,2.0
RL,1995-05,1995-05-31,22,0.0
RL,1995-06,1995-06-30,22,0.0
RL,1995-07,1995-07-31,20,0.0
RL,1995-08,1995-08-31,23,0.0
RL,1995-09,1995-09-29,20,1.0
RL,1995-10,1995-10-31,22,0.0
RL,1995-11,1995-11-30,21,0.0
RL,1995-12,1995-12-29,20,2.0
RL,1996-01,1996-01-31,22,0.0
RL,1996-02,1996-02-29,20,0.0
RL,1996-03,1996-03-29,21,2.0
RL,1996-04,1996-04-30,21,0.0
RL,1996-05,1996-05-31,22,0.0
RL,1996-06,1996-06-28,20,2.0
RL,1996-07,1996-07-31,22,0.0
RL,1996-08,1996-08-30,22,1.0
RL,1996-09,1996-09-30,20,0.0
RL,1996-10,1996-10-31,23,0.0
RL,1996-11,1996-11-29,20,1.0
RL,1996-12,1996-12-31,21,0.0
RL,1997-01,1997-01-31,22,0.0
RL,1997-02,1997-02-28,19,0.0
RL,1997-03,1997-03-31,20,0.0
RL,1997-04,1997-04-30,22,0.0
RL,1997-05,1997-05-30,21,1.0
RL,1997-06,1997-06-30,21,0.0
RL,1997-07,1997-07-31,22,0.0
RL,1997-08,1997-08-29,21,2.0
RL,1997-09,1997-09-30,21,0.0
RL,1997-10,1997-10-31,23,0.0
RL,1997-11,1997-11-28,19,2.0
RL,1997-12,1997-12-31,22,0.0
RL,1998-01,1998-01-30,20,1.0
RL,1998-02,1998-02-27,19,1.0
RL,1998-03,1998-03-31,22,0.0
RL,1998-04,1998-04-30,21,0.0
RL,1998-05,1998-05-29,20,2.0
RL,1998-06,1998-06-30,22,0.0
RL,1998-07,1998-07-31,22,0.0
RL,1998-08,1998-08-31,21,0.0
RL,1998-09,1998-09-30,21,0.0
RL,1998-10,1998-10-30,22,1.0
RL,1998-11,1998-11-30,20,0.0
RL,1998-12,1998-12-31,22,0.0
RL,1999-01,1999-01-29,19,2.0
RL,1999-02,1999-02-26,19,2.0
RL,1999-03,1999-03-31,23,0.0
RL,1999-04,1999-04-30,21,0.0
RL,1999-05,1999-05-28,20,3.0
RL,1999-06,1999-06-30,22,0.0
RL,1999-07,1999-07-30,21,1.0
RL,1999-08,1999-08-31,22,0.0
RL,1999-09,1999-09-30,21,0.0
RL,1999-10,1999-10-29,21,2.0
RL,1999-11,1999-11-30,21,0.0
RL,1999-12,1999-12-31,22,0.0
RL,2000-01,2000-01-31,20,0.0
RL,2000-02,2000-02-29,20,0.0
RL,2000-03,2000-03-31,23,0.0
RL,2000-04,2000-04-28,19,2.0
RL,2000-05,2000-05-31,22,0.0
RL,2000-06,2000-06-30,22,0.0
RL,2000-07,2000-07-31,20,0.0
RL,2000-08,2000-08-31,23,0.0
RL,2000-09,2000-09-29,20,1.0
RL,2000-10,2000-10-31,22,0.0
RL,2000-11,2000-11-30,21,0.0
RL,2000-12,2000-12-29,20,2.0
RL,2001-01,2001-01-31,21,0.0
RL,2001-02,2001-02-28,19,0.0
RL,2001-03,2001-03-30,22,1.0
RL,2001-04,2001-04-30,20,0.0
RL,2001-05,2001-05-31,22,0.0
RL,2001-06,2001-06-29,21,1.0
RL,2001-07,2001-07-31,21,0.0
RL,2001-08,2001-08-31,23,0.0
RL,2001-09,2001-09-28,15,2.0
RL,2001-10,2001-10-31,23,0.0
RL,2001-11,2001-11-30,21,0.0
RL,2001-12,2001-12-31,20,0.0
RL,2002-01,2002-01-31,21,0.0
RL,2002-02,2002-02-28,19,0.0
RL,2002-03,2002-03-28,20,3.0
RL,2002-04,2002-04-30,22,0.0
RL,2002-05,2002-05-31,22,0.0
RL,2002-06,2002-06-28,20,2.0
RL,2002-07,2002-07-31,22,0.0
RL,2002-08,2002-08-30,22,1.0
RL,2002-09,2002-09-30,20,0.0
RL,2002-10,2002-10-31,23,0.0
RL,2002-11,2002-11-29,20,1.0
RL,2002-12,2002-12-31,21,0.0
RL,2003-01,2003-01-31,21,0.0
RL,2003-02,2003-02-28,19,0.0
RL,2003-03,2003-03-31,21,0.0
RL,2003-04,2003-04-30,21,0.0
RL,2003-05,2003-05-30,21,1.0
RL,2003-06,2003-06-30,21,0.0
RL,2003-07,2003-07-31,22,0.0
RL,2003-08,2003-08-29,21,2.0
RL,2003-09,2003-09-30,21,0.0
RL,2003-10,2003-10-31,23,0.0
RL,2003-11,2003-11-28,19,2.0
RL,2003-12,2003-12-31,22,0.0
RL,2004-01,2004-01-30,20,1.0
RL,2004-02,2004-02-27,19,2.0
RL,2004-03,2004-03-31,23,0.0
RL,2004-04,2004-04-30,21,0.0
RL,2004-05,2004-05-28,20,3.0
RL,2004-06,2004-06-30,21,0.0
RL,2004-07,2004-07-30,21,1.0
RL,2004-08,2004-08-31,22,0.0
RL,2004-09,2004-09-30,21,0.0
RL,2004-10,2004-10-29,21,2.0
RL,2004-11,2004-11-30,21,0.0
RL,2004-12,2004-12-31,22,0.0
RL,2005-01,2005-01-31,20,0.0
RL,2005-02,2005-02-28,19,0.0
RL,2005-03,2005-03-31,22,0.0
RL,2005-04,2005-04-29,21,1.0
RL,2005-05,2005-05-31,21,0.0
RL,2005-06,2005-06-30,22,0.0
RL,2005-07,2005-07-29,20,2.0
RL,2005-08,2005-08-31,23,0.0
RL,2005-09,2005-09-30,21,0.0
RL,2005-10,2005-10-31,21,0.0
RL,2005-11,2005-11-30,21,0.0
RL,2005-12,2005-12-30,21,1.0
RL,2006-01,2006-01-31,20,0.0
RL,2006-02,2006-02-28,19,0.0
RL,2006-03,2006-03-31,23,0.0
RL,2006-04,2006-04-28,19,2.0
RL,2006-05,2006-05-31,22,0.0
RL,2006-06,2006-06-30,22,0.0
RL,2006-07,2006-07-31,20,0.0
RL,2006-08,2006-08-31,23,0.0
RL,2006-09,2006-09-29,20,1.0
RL,2006-10,2006-10-31,22,0.0
RL,2006-11,2006-11-30,21,0.0
RL,2006-12,2006-12-29,20,2.0
RL,2007-01,2007-01-31,20,0.0
RL,2007-02,2007-02-28,19,0.0
RL,2007-03,2007-03-30,22,1.0
RL,2007-04,2007-04-30,20,0.0
RL,2007-05,2007-05-31,22,0.0
RL,2007-06,2007-06-29,21,1.0
RL,2007-07,2007-07-31,21,0.0
RL,2007-08,2007-08-31,23,0.0
RL,2007-09,2007-09-28,19,2.0
RL,2007-10,2007-10-31,23,0.0
RL,2007-11,2007-11-30,21,0.0
RL,2007-12,2007-12-31,20,0.0
RL,2008-01,2008-01-31,21,0.0
RL,2008-02,2008-02-29,20,0.0
RL,2008-03,2008-03-31,20,0.0
RL,2008-04,2008-04-30,22,0.0
RL,2008-05,2008-05-30,21,1.0
RL,2008-06,2008-06-30,21,0.0
RL,2008-07,2008-07-31,22,0.0
RL,2008-08,2008-08-29,21,2.0
RL,2008-09,2008-09-30,21,0.0
RL,2008-10,2008-10-31,23,0.0
RL,2008-11,2008-11-28,19,2.0
RL,2008-12,2008-12-10,8,21.0
RL,2009-01,,0,
RL,2009-02,,0,
RL,2009-03,,0,
RL,2009-04,,0,
RL,2009-05,,0,
RL,2009-06,,0,
RL,2009-07,,0,
RL,2009-08,,0,
RL,2009-09,,0,
RL,2009-10,,0,
RL,2009-11,,0,
RL,2009-12,,0,
RL,2010-01,,0,
RL,2010-02,,0,
RL,2010-03,,0,
RL,2010-04,,0,
RL,2010-05,,0,
RL,2010-06,,0,
RL,2010-07,,0,
RL,2010-08,,0,
RL,2010-09,,0,
RL,2010-10,,0,
RL,2010-11,,0,
RL,2010-12,,0,
RL,2011-01,,0,
RL,2011-02,,0,
RL,2011-03,,0,
RL,2011-04,,0,
RL,2011-05,,0,
RL,2011-06,,0,
RL,2011-07,,0,
RL,2011-08,,0,
RL,2011-09,,0,
RL,2011-10,,0,
RL,2011-11,,0,
RL,2011-12,,0,
RL,2012-01,,0,
RL,2012-02,,0,
RL,2012-03,,0,
RL,2012-04,,0,
RL,2012-05,,0,
RL,2012-06,,0,
RL,2012-07,,0,
RL,2012-08,,0,
RL,2012-09,,0,
RL,2012-10,,0,
RL,2012-11,,0,
RL,2012-12,,0,
RL,2013-01,,0,
RL,2013-02,,0,
RL,2013-03,,0,
RL,2013-04,,0,
RL,2013-05,,0,
RL,2013-06,,0,
RL,2013-07,,0,
RL,2013-08,,0,
RL,2013-09,,0,
RL,2013-10,,0,
RL,2013-11,,0,
RL,2013-12,,0,
RL,2014-01,,0,
RL,2014-02,,0,
RL,2014-03,,0,
RL,2014-04,,0,
RL,2014-05,,0,
RL,2014-06,,0,
RL,2014-07,,0,
RL,2014-08,,0,
RL,2014-09,,0,
RL,2014-10,,0,
RL,2014-11,,0,
RL,2014-12,,0,
SB,1969-01,,0,
SB,1969-02,,0,
SB,1969-03,,0,
SB,1969-04,,0,
SB,1969-05,,0,
SB,1969-06,,0,
SB,1969-07,,0,
SB,1969-08,,0,
SB,1969-09,,0,
SB,1969-10,,0,
SB,1969-11,,0,
SB,1969-12,,0,
SB,1970-01,,0,
SB,1970-02,,0,
SB,1970-03,,0,
SB,1970-04,,0,
SB,1970-05,,0,
SB,1970-06,,0,
SB,1970-07,,0,
SB,1970-08,,0,
SB,1970-09,,0,
SB,1970-10,,0,
SB,1970-11,,0,
SB,1970-12,,0,
SB,1971-01,,0,
SB,1971-02,,0,
SB,1971-03,,0,
SB,1971-04,,0,
SB,1971-05,,0,
SB,1971-06,,0,
SB,1971-07,,0,
SB,1971-08,,0,
SB,1971-09,,0,
SB,1971-10,,0,
SB,1971-11,,0,
SB,1971-12,,0,
SB,1972-01,,0,
SB,1972-02,,0,
SB,1972-03,,0,
SB,1972-04,,0,
SB,1972-05,,0,
SB,1972-06,,0,
SB,1972-07,,0,
SB,1972-08,,0,
SB,1972-09,,0,
SB,1972-10,,0,
SB,1972-11,,0,
SB,1972-12,,0,
SB,1973-01,,0,
SB,1973-02,,0,
SB,1973-03,,0,
SB,1973-04,,0,
SB,1973-05,,0,
SB,1973-06,,0,
SB,1973-07,,0,
SB,1973-08,,0,
SB,1973-09,,0,
SB,1973-10,,0,
SB,1973-11,,0,
SB,1973-12,,0,
SB,1974-01,,0,
SB,1974-02,,0,
SB,1974-03,,0,
SB,1974-04,,0,
SB,1974-05,,0,
SB,1974-06,,0,
SB,1974-07,,0,
SB,1974-08,,0,
SB,1974-09,,0,
SB,1974-10,,0,
SB,1974-11,,0,
SB,1974-12,,0,
SB,1975-01,1975-01-31,22,0.0
SB,1975-02,1975-02-28,18,0.0
SB,1975-03,1975-03-31,20,0.0
SB,1975-04,1975-04-30,22,0.0
SB,1975-05,1975-05-30,21,1.0
SB,1975-06,1975-06-30,21,0.0
SB,1975-07,1975-07-31,22,0.0
SB,1975-08,1975-08-29,21,2.0
SB,1975-09,1975-09-30,21,0.0
SB,1975-10,1975-10-31,22,0.0
SB,1975-11,1975-11-28,16,2.0
SB,1975-12,1975-12-31,21,0.0
SB,1976-01,1976-01-30,20,1.0
SB,1976-02,1976-02-27,18,2.0
SB,1976-03,1976-03-31,23,0.0
SB,1976-04,1976-04-30,21,0.0
SB,1976-05,1976-05-28,20,3.0
SB,1976-06,1976-06-30,22,0.0
SB,1976-07,1976-07-30,21,1.0
SB,1976-08,1976-08-31,22,0.0
SB,1976-09,1976-09-30,21,0.0
SB,1976-10,1976-10-29,20,2.0
SB,1976-11,1976-11-30,19,0.0
SB,1976-12,1976-12-30,21,1.0
SB,1977-01,1977-01-31,21,0.0
SB,1977-02,1977-02-28,19,0.0
SB,1977-03,1977-03-31,23,0.0
SB,1977-04,1977-04-29,20,1.0
SB,1977-05,1977-05-31,21,0.0
SB,1977-06,1977-06-30,22,0.0
SB,1977-07,1977-07-29,19,2.0
SB,1977-08,1977-08-31,23,0.0
SB,1977-09,1977-09-30,21,0.0
SB,1977-10,1977-10-31,20,0.0
SB,1977-11,1977-11-30,19,0.0
SB,1977-12,1977-12-30,21,1.0
SB,1978-01,1978-01-31,20,0.0
SB,1978-02,1978-02-28,17,0.0
SB,1978-03,1978-03-31,22,0.0
SB,1978-04,1978-04-28,20,2.0
SB,1978-05,1978-05-31,22,0.0
SB,1978-06,1978-06-30,22,0.0
SB,1978-07,1978-07-31,20,0.0
SB,1978-08,1978-08-31,23,0.0
SB,1978-09,1978-09-29,20,1.0
SB,1978-10,1978-10-31,21,0.0
SB,1978-11,1978-11-30,20,0.0
SB,1978-12,1978-12-29,20,2.0
SB,1979-01,1979-01-31,22,0.0
SB,1979-02,1979-02-28,19,0.0
SB,1979-03,1979-03-30,22,1.0
SB,1979-04,1979-04-30,20,0.0
SB,1979-05,1979-05-31,22,0.0
SB,1979-06,1979-06-29,21,1.0
SB,1979-07,1979-07-31,21,0.0
SB,1979-08,1979-08-31,23,0.0
SB,1979-09,1979-09-28,19,2.0
SB,1979-10,1979-10-31,23,0.0
SB,1979-11,1979-11-30,21,0.0
SB,1979-12,1979-12-31,19,0.0
SB,1980-01,1980-01-31,22,0.0
SB,1980-02,1980-02-29,19,0.0
SB,1980-03,1980-03-31,21,0.0
SB,1980-04,1980-04-30,21,0.0
SB,1980-05,1980-05-30,21,1.0
SB,1980-06,1980-06-30,21,0.0
SB,1980-07,1980-07-31,22,0.0
SB,1980-08,1980-08-29,21,2.0
SB,1980-09,1980-09-30,21,0.0
SB,1980-10,1980-10-31,23,0.0
SB,1980-11,1980-11-28,18,2.0
SB,1980-12,1980-12-31,21,0.0
SB,1981-01,1981-01-30,20,1.0
SB,1981-02,1981-02-27,19,1.0
SB,1981-03,1981-03-31,22,0.0
SB,1981-04,1981-04-30,21,0.0
SB,1981-05,1981-05-29,20,2.0
SB,1981-06,1981-06-30,22,0.0
SB,1981-07,1981-07-31,22,0.0
SB,1981-08,1981-08-31,21,0.0
SB,1981-09,1981-09-30,21,0.0
SB,1981-10,1981-10-30,22,1.0
SB,1981-11,1981-11-30,20,0.0
SB,1981-12,1981-12-31,21,0.0
SB,1982-01,1982-01-29,20,2.0
SB,1982-02,1982-02-26,19,2.0
SB,1982-03,1982-03-31,23,0.0
SB,1982-04,1982-04-30,21,0.0
SB,1982-05,1982-05-28,20,3.0
SB,1982-06,1982-06-30,22,0.0
SB,1982-07,1982-07-30,21,1.0
SB,1982-08,1982-08-31,22,0.0
SB,1982-09,1982-09-30,21,0.0
SB,1982-10,1982-10-29,21,2.0
SB,1982-11,1982-11-30,20,0.0
SB,1982-12,1982-12-30,21,1.0
SB,1983-01,1983-01-31,21,0.0
SB,1983-02,1983-02-28,19,0.0
SB,1983-03,1983-03-31,23,0.0
SB,1983-04,1983-04-29,20,1.0
SB,1983-05,1983-05-31,21,0.0
SB,1983-06,1983-06-30,22,0.0
SB,1983-07,1983-07-29,20,2.0
SB,1983-08,1983-08-31,23,0.0
SB,1983-09,1983-09-30,21,0.0
SB,1983-10,1983-10-31,21,0.0
SB,1983-11,1983-11-30,21,0.0
SB,1983-12,1983-12-30,21,1.0
SB,1984-01,1984-01-31,21,0.0
SB,1984-02,1984-02-29,20,0.0
SB,1984-03,1984-03-30,22,1.0
SB,1984-04,1984-04-30,20,0.0
SB,1984-05,1984-05-31,22,0.0
SB,1984-06,1984-06-29,21,1.0
SB,1984-07,1984-07-31,21,0.0
SB,1984-08,1984-08-31,23,0.0
SB,1984-09,1984-09-28,19,2.0
SB,1984-10,1984-10-31,23,0.0
SB,1984-11,1984-11-30,21,0.0
SB,1984-12,1984-12-31,19,0.0
SB,1985-01,1985-01-31,22,0.0
SB,1985-02,1985-02-28,19,0.0
SB,1985-03,1985-03-29,21,2.0
SB,1985-04,1985-04-30,21,0.0
SB,1985-05,1985-05-31,22,0.0
SB,1985-06,1985-06-28,20,2.0
SB,1985-07,1985-07-31,21,0.0
SB,1985-08,1985-08-30,22,1.0
SB,1985-09,1985-09-30,19,0.0
SB,1985-10,1985-10-31,22,0.0
SB,1985-11,1985-11-29,20,1.0
SB,1985-12,1985-12-31,20,0.0
SB,1986-01,1986-01-31,22,0.0
SB,1986-02,1986-02-28,19,0.0
SB,1986-03,1986-03-31,20,0.0
SB,1986-04,1986-04-30,22,0.0
SB,1986-05,1986-05-30,21,1.0
SB,1986-06,1986-06-30,21,0.0
SB,1986-07,1986-07-31,21,0.0
SB,1986-08,1986-08-29,21,2.0
SB,1986-09,1986-09-30,21,0.0
SB,1986-10,1986-10-31,23,0.0
SB,1986-11,1986-11-26,18,4.0
SB,1986-12,1986-12-31,21,0.0
SB,1987-01,1987-01-30,20,1.0
SB,1987-02,1987-02-27,19,1.0
SB,1987-03,1987-03-31,22,0.0
SB,1987-04,1987-04-30,21,0.0
SB,1987-05,1987-05-29,20,2.0
SB,1987-06,1987-06-30,22,0.0
SB,1987-07,1987-07-31,22,0.0
SB,1987-08,1987-08-31,21,0.0
SB,1987-09,1987-09-30,21,0.0
SB,1987-10,1987-10-30,22,1.0
SB,1987-11,1987-11-30,19,0.0
SB,1987-12,1987-12-31,22,0.0
SB,1988-01,1988-01-29,20,2.0
SB,1988-02,1988-02-29,20,0.0
SB,1988-03,1988-03-31,23,0.0
SB,1988-04,1988-04-29,20,1.0
SB,1988-05,1988-05-31,21,0.0
SB,1988-06,1988-06-30,22,0.0
SB,1988-07,1988-07-29,20,2.0
SB,1988-08,1988-08-31,23,0.0
SB,1988-09,1988-09-30,21,0.0
SB,1988-10,1988-10-31,21,0.0
SB,1988-11,1988-11-30,20,0.0
SB,1988-12,1988-12-30,21,1.0
SB,1989-01,1989-01-31,21,0.0
SB,1989-02,1989-02-28,19,0.0
SB,1989-03,1989-03-31,22,0.0
SB,1989-04,1989-04-28,20,2.0
SB,1989-05,1989-05-31,22,0.0
SB,1989-06,1989-06-30,22,0.0
SB,1989-07,1989-07-31,20,0.0
SB,1989-08,1989-08-31,23,0.0
SB,1989-09,1989-09-29,20,1.0
SB,1989-10,1989-10-31,22,0.0
SB,1989-11,1989-11-30,20,0.0
SB,1989-12,1989-12-29,20,2.0
SB,1990-01,1990-01-31,22,0.0
SB,1990-02,1990-02-28,19,0.0
SB,1990-03,1990-03-30,22,1.0
SB,1990-04,1990-04-30,20,0.0
SB,1990-05,1990-05-31,22,0.0
SB,1990-06,1990-06-29,21,1.0
SB,1990-07,1990-07-31,21,0.0
SB,1990-08,1990-08-31,23,0.0
SB,1990-09,1990-09-28,19,2.0
SB,1990-10,1990-10-31,23,0.0
SB,1990-11,1990-11-30,20,0.0
SB,1990-12,1990-12-28,18,3.0
SB,1991-01,1991-01-31,22,0.0
SB,1991-02,1991-02-28,19,0.0
SB,1991-03,1991-03-28,20,3.0
SB,1991-04,1991-04-30,22,0.0
SB,1991-05,1991-05-31,22,0.0
SB,1991-06,1991-06-28,20,2.0
SB,1991-07,1991-07-31,21,0.0
SB,1991-08,1991-08-30,22,1.0
SB,1991-09,1991-09-30,20,0.0
SB,1991-10,1991-10-31,23,0.0
SB,1991-11,1991-11-27,19,3.0
SB,1991-12,1991-12-31,21,0.0
SB,1992-01,1992-01-31,22,0.0
SB,1992-02,1992-02-28,19,1.0
SB,1992-03,1992-03-31,22,0.0
SB,1992-04,1992-04-30,21,0.0
SB,1992-05,1992-05-29,20,2.0
SB,1992-06,1992-06-30,22,0.0
SB,1992-07,1992-07-31,22,0.0
SB,1992-08,1992-08-31,21,0.0
SB,1992-09,1992-09-30,21,0.0
SB,1992-10,1992-10-30,22,1.0
SB,1992-11,1992-11-30,19,0.0
SB,1992-12,1992-12-31,22,0.0
SB,1993-01,1993-01-29,20,2.0
SB,1993-02,1993-02-26,19,2.0
SB,1993-03,1993-03-31,23,0.0
SB,1993-04,1993-04-30,21,0.0
SB,1993-05,1993-05-28,20,3.0
SB,1993-06,1993-06-30,22,0.0
SB,1993-07,1993-07-30,21,1.0
SB,1993-08,1993-08-31,22,0.0
SB,1993-09,1993-09-30,21,0.0
SB,1993-10,1993-10-29,21,2.0
SB,1993-11,1993-11-30,20,0.0
SB,1993-12,1993-12-30,21,1.0
SB,1994-01,1994-01-31,21,0.0
SB,1994-02,1994-02-28,19,0.0
SB,1994-03,1994-03-31,23,0.0
SB,1994-04,1994-04-29,19,1.0
SB,1994-05,1994-05-31,21,0.0
SB,1994-06,1994-06-30,22,0.0
SB,1994-07,1994-07-29,20,2.0
SB,1994-08,1994-08-31,23,0.0
SB,1994-09,1994-09-30,21,0.0
SB,1994-10,1994-10-31,21,0.0
SB,1994-11,1994-11-30,20,0.0
SB,1994-12,1994-12-30,21,1.0
SB,1995-01,1995-01-31,21,0.0
SB,1995-02,1995-02-28,19,0.0
SB,1995-03,1995-03-31,23,0.0
SB,1995-04,1995-04-28,19,2.0
SB,1995-05,1995-05-31,22,0.0
SB,1995-06,1995-06-30,22,0.0
SB,1995-07,1995-07-31,19,0.0
SB,1995-08,1995-08-31,23,0.0
SB,1995-09,1995-09-29,20,1.0
SB,1995-10,1995-10-31,22,0.0
SB,1995-11,1995-11-30,20,0.0
SB,1995-12,1995-12-29,19,2.0
SB,1996-01,1996-01-31,20,0.0
SB,1996-02,1996-02-29,20,0.0
SB,1996-03,1996-03-29,21,2.0
SB,1996-04,1996-04-30,21,0.0
SB,1996-05,1996-05-31,22,0.0
SB,1996-06,1996-06-28,20,2.0
SB,1996-07,1996-07-31,21,0.0
SB,1996-08,1996-08-30,22,1.0
SB,1996-09,1996-09-30,20,0.0
SB,1996-10,1996-10-31,23,0.0
SB,1996-11,1996-11-27,19,3.0
SB,1996-12,1996-12-31,20,0.0
SB,1997-01,1997-01-31,22,0.0
SB,1997-02,1997-02-28,19,0.0
SB,1997-03,1997-03-31,20,0.0
SB,1997-04,1997-04-30,22,0.0
SB,1997-05,1997-05-30,21,1.0
SB,1997-06,1997-06-30,21,0.0
SB,1997-07,1997-07-31,22,0.0
SB,1997-08,1997-08-29,21,2.0
SB,1997-09,1997-09-30,21,0.0
SB,1997-10,1997-10-31,23,0.0
SB,1997-11,1997-11-26,18,4.0
SB,1997-12,1997-12-31,21,0.0
SB,1998-01,1998-01-30,19,1.0
SB,1998-02,1998-02-27,19,1.0
SB,1998-03,1998-03-31,22,0.0
SB,1998-04,1998-04-30,21,0.0
SB,1998-05,1998-05-29,20,2.0
SB,1998-06,1998-06-30,22,0.0
SB,1998-07,1998-07-31,22,0.0
SB,1998-08,1998-08-31,21,0.0
SB,1998-09,1998-09-30,21,0.0
SB,1998-10,1998-10-30,22,1.0
SB,1998-11,1998-11-30,19,0.0
SB,1998-12,1998-12-31,22,0.0
SB,1999-01,1999-01-29,19,2.0
SB,1999-02,1999-02-26,19,2.0
SB,1999-03,1999-03-31,23,0.0
SB,1999-04,1999-04-30,21,0.0
SB,1999-05,1999-05-28,20,3.0
SB,1999-06,1999-06-30,22,0.0
SB,1999-07,1999-07-30,21,1.0
SB,1999-08,1999-08-31,22,0.0
SB,1999-09,1999-09-30,21,0.0
SB,1999-10,1999-10-29,21,2.0
SB,1999-11,1999-11-30,20,0.0
SB,1999-12,1999-12-30,21,1.0
SB,2000-01,2000-01-31,20,0.0
SB,2000-02,2000-02-29,20,0.0
SB,2000-03,2000-03-31,23,0.0
SB,2000-04,2000-04-28,19,2.0
SB,2000-05,2000-05-31,22,0.0
SB,2000-06,2000-06-30,22,0.0
SB,2000-07,2000-07-31,19,0.0
SB,2000-08,2000-08-31,23,0.0
SB,2000-09,2000-09-29,20,1.0
SB,2000-10,2000-10-31,22,0.0
SB,2000-11,2000-11-30,20,0.0
SB,2000-12,2000-12-29,20,2.0
SB,2001-01,2001-01-31,21,0.0
SB,2001-02,2001-02-28,19,0.0
SB,2001-03,2001-03-30,22,1.0
SB,2001-04,2001-04-30,20,0.0
SB,2001-05,2001-05-31,22,0.0
SB,2001-06,2001-06-29,21,1.0
SB,2001-07,2001-07-31,21,0.0
SB,2001-08,2001-08-31,23,0.0
SB,2001-09,2001-09-28,15,2.0
SB,2001-10,2001-10-31,23,0.0
SB,2001-11,2001-11-30,20,0.0
SB,2001-12,2001-12-28,17,3.0
SB,2002-01,2002-01-31,21,0.0
SB,2002-02,2002-02-28,19,0.0
SB,2002-03,2002-03-28,20,3.0
SB,2002-04,2002-04-30,22,0.0
SB,2002-05,2002-05-31,22,0.0
SB,2002-06,2002-06-28,20,2.0
SB,2002-07,2002-07-31,21,0.0
SB,2002-08,2002-08-30,22,1.0
SB,2002-09,2002-09-30,20,0.0
SB,2002-10,2002-10-31,23,0.0
SB,2002-11,2002-11-27,19,3.0
SB,2002-12,2002-12-31,20,0.0
SB,2003-01,2003-01-31,21,0.0
SB,2003-02,2003-02-28,18,0.0
SB,2003-03,2003-03-31,21,0.0
SB,2003-04,2003-04-30,21,0.0
SB,2003-05,2003-05-30,21,1.0
SB,2003-06,2003-06-30,21,0.0
SB,2003-07,2003-07-31,22,0.0
SB,2003-08,2003-08-29,21,2.0
SB,2003-09,2003-09-30,21,0.0
SB,2003-10,2003-10-31,23,0.0
SB,2003-11,2003-11-26,18,4.0
SB,2003-12,2003-12-31,21,0.0
SB,2004-01,2004-01-30,19,1.0
SB,2004-02,2004-02-27,19,2.0
SB,2004-03,2004-03-31,23,0.0
SB,2004-04,2004-04-30,21,0.0
SB,2004-05,2004-05-28,20,3.0
SB,2004-06,2004-06-30,21,0.0
SB,2004-07,2004-07-30,21,1.0
SB,2004-08,2004-08-31,22,0.0
SB,2004-09,2004-09-30,21,0.0
SB,2004-10,2004-10-29,21,2.0
SB,2004-11,2004-11-30,20,0.0
SB,2004-12,2004-12-30,21,1.0
SB,2005-01,2005-01-31,20,0.0
SB,2005-02,2005-02-28,19,0.0
SB,2005-03,2005-03-31,22,0.0
SB,2005-04,2005-04-29,21,1.0
SB,2005-05,2005-05-31,21,0.0
SB,2005-06,2005-06-30,22,0.0
SB,2005-07,2005-07-29,20,2.0
SB,2005-08,2005-08-31,23,0.0
SB,2005-09,2005-09-30,21,0.0
SB,2005-10,2005-10-31,21,0.0
SB,2005-11,2005-11-30,20,0.0
SB,2005-12,2005-12-30,21,1.0
SB,2006-01,2006-01-31,20,0.0
SB,2006-02,2006-02-28,19,0.0
SB,2006-03,2006-03-31,23,0.0
SB,2006-04,2006-04-28,19,2.0
SB,2006-05,2006-05-31,22,0.0
SB,2006-06,2006-06-30,22,0.0
SB,2006-07,2006-07-31,20,0.0
SB,2006-08,2006-08-31,23,0.0
SB,2006-09,2006-09-29,20,1.0
SB,2006-10,2006-10-31,22,0.0
SB,2006-11,2006-11-30,20,0.0
SB,2006-12,2006-12-29,20,2.0
SB,2007-01,2007-01-31,20,0.0
SB,2007-02,2007-02-28,19,0.0
SB,2007-03,2007-03-30,22,1.0
SB,2007-04,2007-04-30,20,0.0
SB,2007-05,2007-05-31,22,0.0
SB,2007-06,2007-06-29,21,1.0
SB,2007-07,2007-07-31,21,0.0
SB,2007-08,2007-08-31,23,0.0
SB,2007-09,2007-09-28,19,2.0
SB,2007-10,2007-10-31,23,0.0
SB,2007-11,2007-11-30,20,0.0
SB,2007-12,2007-12-31,19,0.0
SB,2008-01,2008-01-31,21,0.0
SB,2008-02,2008-02-29,20,0.0
SB,2008-03,2008-03-31,20,0.0
SB,2008-04,2008-04-30,22,0.0
SB,2008-05,2008-05-30,21,1.0
SB,2008-06,2008-06-30,21,0.0
SB,2008-07,2008-07-31,22,0.0
SB,2008-08,2008-08-29,21,2.0
SB,2008-09,2008-09-30,21,0.0
SB,2008-10,2008-10-31,23,0.0
SB,2008-11,2008-11-28,19,2.0
SB,2008-12,2008-12-31,22,0.0
SB,2009-01,2009-01-30,20,1.0
SB,2009-02,2009-02-27,19,1.0
SB,2009-03,2009-03-31,22,0.0
SB,2009-04,2009-04-30,21,0.0
SB,2009-05,2009-05-29,20,2.0
SB,2009-06,2009-06-30,22,0.0
SB,2009-07,2009-07-31,22,0.0
SB,2009-08,2009-08-31,21,0.0
SB,2009-09,2009-09-30,21,0.0
SB,2009-10,2009-10-30,22,1.0
SB,2009-11,2009-11-30,20,0.0
SB,2009-12,2009-12-31,22,0.0
SB,2010-01,2010-01-29,19,2.0
SB,2010-02,2010-02-26,19,2.0
SB,2010-03,2010-03-31,23,0.0
SB,2010-04,2010-04-30,21,0.0
SB,2010-05,2010-05-28,20,3.0
SB,2010-06,2010-06-30,22,0.0
SB,2010-07,2010-07-30,21,1.0
SB,2010-08,2010-08-31,22,0.0
SB,2010-09,2010-09-30,21,0.0
SB,2010-10,2010-10-29,21,2.0
SB,2010-11,2010-11-30,21,0.0
SB,2010-12,2010-12-31,22,0.0
SB,2011-01,2011-01-31,19,0.0
SB,2011-02,2011-02-28,19,0.0
SB,2011-03,2011-03-31,23,0.0
SB,2011-04,2011-04-29,20,1.0
SB,2011-05,2011-05-31,21,0.0
SB,2011-06,2011-06-30,22,0.0
SB,2011-07,2011-07-29,20,2.0
SB,2011-08,2011-08-31,23,0.0
SB,2011-09,2011-09-30,21,0.0
SB,2011-10,2011-10-31,21,0.0
SB,2011-11,2011-11-30,21,0.0
SB,2011-12,2011-12-30,21,1.0
SB,2012-01,2012-01-31,20,0.0
SB,2012-02,2012-02-29,20,0.0
SB,2012-03,2012-03-30,22,1.0
SB,2012-04,2012-04-30,20,0.0
SB,2012-05,2012-05-31,22,0.0
SB,2012-06,2012-06-29,21,1.0
SB,2012-07,2012-07-31,21,0.0
SB,2012-08,2012-08-31,23,0.0
SB,2012-09,2012-09-28,19,2.0
SB,2012-10,2012-10-31,23,0.0
SB,2012-11,2012-11-30,21,0.0
SB,2012-12,2012-12-31,20,0.0
SB,2013-01,2013-01-31,21,0.0
SB,2013-02,2013-02-28,19,0.0
SB,2013-03,2013-03-28,20,3.0
SB,2013-04,2013-04-30,22,0.0
SB,2013-05,2013-05-31,22,0.0
SB,2013-06,2013-06-28,20,2.0
SB,2013-07,2013-07-31,22,0.0
SB,2013-08,2013-08-30,22,1.0
SB,2013-09,2013-09-30,20,0.0
SB,2013-10,2013-10-31,23,0.0
SB,2013-11,2013-11-29,20,1.0
SB,2013-12,2013-12-31,21,0.0
SB,2014-01,2014-01-31,21,0.0
SB,2014-02,2014-02-28,19,0.0
SB,2014-03,2014-03-31,21,0.0
SB,2014-04,2014-04-30,21,0.0
SB,2014-05,2014-05-30,21,1.0
SB,2014-06,2014-06-30,21,0.0
SB,2014-07,2014-07-31,22,0.0
SB,2014-08,2014-08-29,21,2.0
SB,2014-09,2014-09-30,21,0.0
SB,2014-10,2014-10-31,23,0.0
SB,2014-11,2014-11-28,19,2.0
SB,2014-12,2014-12-31,22,0.0
SC,1969-01,,0,
SC,1969-02,,0,
SC,1969-03,,0,
SC,1969-04,,0,
SC,1969-05,,0,
SC,1969-06,,0,
SC,1969-07,,0,
SC,1969-08,,0,
SC,1969-09,,0,
SC,1969-10,,0,
SC,1969-11,,0,
SC,1969-12,,0,
SC,1970-01,,0,
SC,1970-02,,0,
SC,1970-03,,0,
SC,1970-04,,0,
SC,1970-05,,0,
SC,1970-06,,0,
SC,1970-07,,0,
SC,1970-08,,0,
SC,1970-09,,0,
SC,1970-10,,0,
SC,1970-11,,0,
SC,1970-12,,0,
SC,1971-01,,0,
SC,1971-02,,0,
SC,1971-03,,0,
SC,1971-04,,0,
SC,1971-05,,0,
SC,1971-06,,0,
SC,1971-07,,0,
SC,1971-08,,0,
SC,1971-09,,0,
SC,1971-10,,0,
SC,1971-11,,0,
SC,1971-12,,0,
SC,1972-01,,0,
SC,1972-02,,0,
SC,1972-03,,0,
SC,1972-04,,0,
SC,1972-05,,0,
SC,1972-06,,0,
SC,1972-07,,0,
SC,1972-08,,0,
SC,1972-09,,0,
SC,1972-10,,0,
SC,1972-11,,0,
SC,1972-12,,0,
SC,1973-01,,0,
SC,1973-02,,0,
SC,1973-03,,0,
SC,1973-04,,0,
SC,1973-05,,0,
SC,1973-06,,0,
SC,1973-07,,0,
SC,1973-08,,0,
SC,1973-09,,0,
SC,1973-10,,0,
SC,1973-11,,0,
SC,1973-12,,0,
SC,1974-01,,0,
SC,1974-02,,0,
SC,1974-03,,0,
SC,1974-04,,0,
SC,1974-05,,0,
SC,1974-06,,0,
SC,1974-07,,0,
SC,1974-08,,0,
SC,1974-09,,0,
SC,1974-10,,0,
SC,1974-11,,0,
SC,1974-12,,0,
SC,1975-01,,0,
SC,1975-02,,0,
SC,1975-03,,0,
SC,1975-04,,0,
SC,1975-05,,0,
SC,1975-06,,0,
SC,1975-07,,0,
SC,1975-08,,0,
SC,1975-09,,0,
SC,1975-10,,0,
SC,1975-11,,0,
SC,1975-12,,0,
SC,1976-01,,0,
SC,1976-02,,0,
SC,1976-03,,0,
SC,1976-04,,0,
SC,1976-05,,0,
SC,1976-06,,0,
SC,1976-07,,0,
SC,1976-08,,0,
SC,1976-09,,0,
SC,1976-10,,0,
SC,1976-11,,0,
SC,1976-12,,0,
SC,1977-01,,0,
SC,1977-02,,0,
SC,1977-03,,0,
SC,1977-04,,0,
SC,1977-05,,0,
SC,1977-06,,0,
SC,1977-07,,0,
SC,1977-08,,0,
SC,1977-09,,0,
SC,1977-10,,0,
SC,1977-11,,0,
SC,1977-12,,0,
SC,1978-01,,0,
SC,1978-02,,0,
SC,1978-03,,0,
SC,1978-04,,0,
SC,1978-05,,0,
SC,1978-06,,0,
SC,1978-07,,0,
SC,1978-08,,0,
SC,1978-09,,0,
SC,1978-10,,0,
SC,1978-11,,0,
SC,1978-12,,0,
SC,1979-01,,0,
SC,1979-02,,0,
SC,1979-03,,0,
SC,1979-04,,0,
SC,1979-05,,0,
SC,1979-06,,0,
SC,1979-07,,0,
SC,1979-08,,0,
SC,1979-09,,0,
SC,1979-10,,0,
SC,1979-11,,0,
SC,1979-12,,0,
SC,1980-01,,0,
SC,1980-02,,0,
SC,1980-03,,0,
SC,1980-04,,0,
SC,1980-05,,0,
SC,1980-06,,0,
SC,1980-07,,0,
SC,1980-08,,0,
SC,1980-09,,0,
SC,1980-10,,0,
SC,1980-11,,0,
SC,1980-12,,0,
SC,1981-01,,0,
SC,1981-02,,0,
SC,1981-03,,0,
SC,1981-04,,0,
SC,1981-05,,0,
SC,1981-06,,0,
SC,1981-07,,0,
SC,1981-08,,0,
SC,1981-09,,0,
SC,1981-10,,0,
SC,1981-11,,0,
SC,1981-12,,0,
SC,1982-01,,0,
SC,1982-02,,0,
SC,1982-03,,0,
SC,1982-04,,0,
SC,1982-05,,0,
SC,1982-06,,0,
SC,1982-07,,0,
SC,1982-08,,0,
SC,1982-09,,0,
SC,1982-10,,0,
SC,1982-11,,0,
SC,1982-12,,0,
SC,1983-01,,0,
SC,1983-02,,0,
SC,1983-03,,0,
SC,1983-04,,0,
SC,1983-05,,0,
SC,1983-06,,0,
SC,1983-07,,0,
SC,1983-08,,0,
SC,1983-09,,0,
SC,1983-10,,0,
SC,1983-11,,0,
SC,1983-12,,0,
SC,1984-01,,0,
SC,1984-02,,0,
SC,1984-03,,0,
SC,1984-04,,0,
SC,1984-05,,0,
SC,1984-06,,0,
SC,1984-07,,0,
SC,1984-08,,0,
SC,1984-09,,0,
SC,1984-10,,0,
SC,1984-11,,0,
SC,1984-12,,0,
SC,1985-01,,0,
SC,1985-02,,0,
SC,1985-03,,0,
SC,1985-04,,0,
SC,1985-05,,0,
SC,1985-06,,0,
SC,1985-07,,0,
SC,1985-08,,0,
SC,1985-09,,0,
SC,1985-10,,0,
SC,1985-11,,0,
SC,1985-12,,0,
SC,1986-01,,0,
SC,1986-02,,0,
SC,1986-03,,0,
SC,1986-04,,0,
SC,1986-05,,0,
SC,1986-06,,0,
SC,1986-07,,0,
SC,1986-08,,0,
SC,1986-09,,0,
SC,1986-10,,0,
SC,1986-11,,0,
SC,1986-12,,0,
SC,1987-01,,0,
SC,1987-02,,0,
SC,1987-03,,0,
SC,1987-04,,0,
SC,1987-05,,0,
SC,1987-06,,0,
SC,1987-07,,0,
SC,1987-08,,0,
SC,1987-09,,0,
SC,1987-10,,0,
SC,1987-11,,0,
SC,1987-12,,0,
SC,1988-01,,0,
SC,1988-02,,0,
SC,1988-03,,0,
SC,1988-04,,0,
SC,1988-05,,0,
SC,1988-06,,0,
SC,1988-07,,0,
SC,1988-08,,0,
SC,1988-09,,0,
SC,1988-10,,0,
SC,1988-11,,0,
SC,1988-12,,0,
SC,1989-01,,0,
SC,1989-02,,0,
SC,1989-03,,0,
SC,1989-04,,0,
SC,1989-05,,0,
SC,1989-06,,0,
SC,1989-07,,0,
SC,1989-08,,0,
SC,1989-09,,0,
SC,1989-10,,0,
SC,1989-11,,0,
SC,1989-12,,0,
SC,1990-01,,0,
SC,1990-02,,0,
SC,1990-03,,0,
SC,1990-04,,0,
SC,1990-05,,0,
SC,1990-06,,0,
SC,1990-07,,0,
SC,1990-08,,0,
SC,1990-09,,0,
SC,1990-10,,0,
SC,1990-11,,0,
SC,1990-12,,0,
SC,1991-01,,0,
SC,1991-02,,0,
SC,1991-03,,0,
SC,1991-04,,0,
SC,1991-05,,0,
SC,1991-06,,0,
SC,1991-07,,0,
SC,1991-08,,0,
SC,1991-09,,0,
SC,1991-10,,0,
SC,1991-11,,0,
SC,1991-12,,0,
SC,1992-01,,0,
SC,1992-02,,0,
SC,1992-03,,0,
SC,1992-04,,0,
SC,1992-05,,0,
SC,1992-06,,0,
SC,1992-07,,0,
SC,1992-08,,0,
SC,1992-09,,0,
SC,1992-10,,0,
SC,1992-11,,0,
SC,1992-12,,0,
SC,1993-01,,0,
SC,1993-02,,0,
SC,1993-03,,0,
SC,1993-04,,0,
SC,1993-05,,0,
SC,1993-06,,0,
SC,1993-07,,0,
SC,1993-08,,0,
SC,1993-09,,0,
SC,1993-10,,0,
SC,1993-11,,0,
SC,1993-12,,0,
SC,1994-01,,0,
SC,1994-02,,0,
SC,1994-03,1994-03-31,18,0.0
SC,1994-04,1994-04-29,19,1.0
SC,1994-05,1994-05-31,21,0.0
SC,1994-06,1994-06-30,22,0.0
SC,1994-07,1994-07-29,20,2.0
SC,1994-08,1994-08-31,23,0.0
SC,1994-09,1994-09-30,21,0.0
SC,1994-10,1994-10-31,21,0.0
SC,1994-11,1994-11-30,21,0.0
SC,1994-12,1994-12-30,21,1.0
SC,1995-01,1995-01-31,21,0.0
SC,1995-02,1995-02-28,19,0.0
SC,1995-03,1995-03-31,23,0.0
SC,1995-04,1995-04-28,19,2.0
SC,1995-05,1995-05-31,22,0.0
SC,1995-06,1995-06-30,22,0.0
SC,1995-07,1995-07-31,20,0.0
SC,1995-08,1995-08-31,23,0.0
SC,1995-09,1995-09-29,20,1.0
SC,1995-10,1995-10-31,22,0.0
SC,1995-11,1995-11-30,21,0.0
SC,1995-12,1995-12-29,20,2.0
SC,1996-01,1996-01-31,22,0.0
SC,1996-02,1996-02-29,20,0.0
SC,1996-03,1996-03-29,21,2.0
SC,1996-04,1996-04-30,21,0.0
SC,1996-05,1996-05-31,22,0.0
SC,1996-06,1996-06-28,20,2.0
SC,1996-07,1996-07-31,22,0.0
SC,1996-08,1996-08-30,22,1.0
SC,1996-09,1996-09-30,20,0.0
SC,1996-10,1996-10-31,23,0.0
SC,1996-11,1996-11-29,20,1.0
SC,1996-12,1996-12-31,21,0.0
SC,1997-01,1997-01-31,22,0.0
SC,1997-02,1997-02-28,19,0.0
SC,1997-03,1997-03-31,20,0.0
SC,1997-04,1997-04-30,22,0.0
SC,1997-05,1997-05-30,21,1.0
SC,1997-06,1997-06-30,21,0.0
SC,1997-07,1997-07-31,22,0.0
SC,1997-08,1997-08-29,21,2.0
SC,1997-09,1997-09-30,21,0.0
SC,1997-10,1997-10-31,23,0.0
SC,1997-11,1997-11-28,19,2.0
SC,1997-12,1997-12-31,22,0.0
SC,1998-01,1998-01-30,20,1.0
SC,1998-02,1998-02-27,19,1.0
SC,1998-03,1998-03-31,22,0.0
SC,1998-04,1998-04-30,21,0.0
SC,1998-05,1998-05-29,20,2.0
SC,1998-06,1998-06-30,22,0.0
SC,1998-07,1998-07-31,22,0.0
SC,1998-08,1998-08-31,21,0.0
SC,1998-09,1998-09-30,21,0.0
SC,1998-10,1998-10-30,22,1.0
SC,1998-11,1998-11-30,20,0.0
SC,1998-12,1998-12-31,22,0.0
SC,1999-01,1999-01-29,19,2.0
SC,1999-02,1999-02-26,19,2.0
SC,1999-03,1999-03-31,23,0.0
SC,1999-04,1999-04-30,21,0.0
SC,1999-05,1999-05-28,20,3.0
SC,1999-06,1999-06-30,22,0.0
SC,1999-07,1999-07-30,21,1.0
SC,1999-08,1999-08-31,22,0.0
SC,1999-09,1999-09-30,21,0.0
SC,1999-10,1999-10-29,21,2.0
SC,1999-11,1999-11-30,21,0.0
SC,1999-12,1999-12-31,22,0.0
SC,2000-01,2000-01-31,20,0.0
SC,2000-02,2000-02-29,20,0.0
SC,2000-03,2000-03-31,23,0.0
SC,2000-04,2000-04-28,19,2.0
SC,2000-05,2000-05-31,22,0.0
SC,2000-06,2000-06-30,22,0.0
SC,2000-07,2000-07-31,20,0.0
SC,2000-08,2000-08-31,23,0.0
SC,2000-09,2000-09-29,20,1.0
SC,2000-10,2000-10-31,22,0.0
SC,2000-11,2000-11-30,21,0.0
SC,2000-12,2000-12-29,20,2.0
SC,2001-01,2001-01-31,21,0.0
SC,2001-02,2001-02-28,19,0.0
SC,2001-03,2001-03-30,22,1.0
SC,2001-04,2001-04-30,20,0.0
SC,2001-05,2001-05-31,22,0.0
SC,2001-06,2001-06-29,21,1.0
SC,2001-07,2001-07-31,21,0.0
SC,2001-08,2001-08-31,23,0.0
SC,2001-09,2001-09-28,16,2.0
SC,2001-10,2001-10-31,23,0.0
SC,2001-11,2001-11-30,21,0.0
SC,2001-12,2001-12-31,20,0.0
SC,2002-01,2002-01-31,21,0.0
SC,2002-02,2002-02-28,19,0.0
SC,2002-03,2002-03-28,20,3.0
SC,2002-04,2002-04-30,22,0.0
SC,2002-05,2002-05-31,22,0.0
SC,2002-06,2002-06-28,20,2.0
SC,2002-07,2002-07-31,22,0.0
SC,2002-08,2002-08-30,22,1.0
SC,2002-09,2002-09-30,20,0.0
SC,2002-10,2002-10-31,23,0.0
SC,2002-11,2002-11-29,20,1.0
SC,2002-12,2002-12-31,21,0.0
SC,2003-01,2003-01-31,21,0.0
SC,2003-02,2003-02-28,19,0.0
SC,2003-03,2003-03-31,21,0.0
SC,2003-04,2003-04-30,21,0.0
SC,2003-05,2003-05-30,21,1.0
SC,2003-06,2003-06-30,21,0.0
SC,2003-07,2003-07-31,22,0.0
SC,2003-08,2003-08-29,21,2.0
SC,2003-09,2003-09-30,21,0.0
SC,2003-10,2003-10-31,23,0.0
SC,2003-11,2003-11-28,19,2.0
SC,2003-12,2003-12-31,22,0.0
SC,2004-01,2004-01-30,20,1.0
SC,2004-02,2004-02-27,19,2.0
SC,2004-03,2004-03-31,23,0.0
SC,2004-04,2004-04-30,21,0.0
SC,2004-05,2004-05-28,20,3.0
SC,2004-06,2004-06-30,21,0.0
SC,2004-07,2004-07-30,21,1.0
SC,2004-08,2004-08-31,22,0.0
SC,2004-09,2004-09-30,21,0.0
SC,2004-10,2004-10-29,21,2.0
SC,2004-11,2004-11-30,21,0.0
SC,2004-12,2004-12-31,22,0.0
SC,2005-01,2005-01-31,20,0.0
SC,2005-02,2005-02-28,19,0.0
SC,2005-03,2005-03-31,22,0.0
SC,2005-04,2005-04-29,21,1.0
SC,2005-05,2005-05-31,21,0.0
SC,2005-06,2005-06-30,22,0.0
SC,2005-07,2005-07-29,20,2.0
SC,2005-08,2005-08-31,23,0.0
SC,2005-09,2005-09-30,21,0.0
SC,2005-10,2005-10-31,21,0.0
SC,2005-11,2005-11-30,21,0.0
SC,2005-12,2005-12-30,21,1.0
SC,2006-01,2006-01-31,20,0.0
SC,2006-02,2006-02-28,19,0.0
SC,2006-03,2006-03-31,23,0.0
SC,2006-04,2006-04-28,19,2.0
SC,2006-05,2006-05-31,22,0.0
SC,2006-06,2006-06-30,22,0.0
SC,2006-07,2006-07-31,20,0.0
SC,2006-08,2006-08-31,23,0.0
SC,2006-09,2006-09-29,20,1.0
SC,2006-10,2006-10-31,22,0.0
SC,2006-11,2006-11-30,21,0.0
SC,2006-12,2006-12-29,20,2.0
SC,2007-01,2007-01-31,20,0.0
SC,2007-02,2007-02-28,19,0.0
SC,2007-03,2007-03-30,22,1.0
SC,2007-04,2007-04-30,20,0.0
SC,2007-05,2007-05-31,22,0.0
SC,2007-06,2007-06-29,21,1.0
SC,2007-07,2007-07-31,21,0.0
SC,2007-08,2007-08-31,23,0.0
SC,2007-09,2007-09-28,19,2.0
SC,2007-10,2007-10-31,23,0.0
SC,2007-11,2007-11-30,21,0.0
SC,2007-12,2007-12-31,20,0.0
SC,2008-01,2008-01-31,21,0.0
SC,2008-02,2008-02-29,20,0.0
SC,2008-03,2008-03-31,20,0.0
SC,2008-04,2008-04-30,22,0.0
SC,2008-05,2008-05-30,21,1.0
SC,2008-06,2008-06-30,21,0.0
SC,2008-07,2008-07-31,23,0.0
SC,2008-08,2008-08-29,21,2.0
SC,2008-09,2008-09-30,21,0.0
SC,2008-10,2008-10-31,23,0.0
SC,2008-11,2008-11-28,19,2.0
SC,2008-12,2008-12-31,22,0.0
SC,2009-01,2009-01-30,20,1.0
SC,2009-02,2009-02-27,19,1.0
SC,2009-03,2009-03-31,22,0.0
SC,2009-04,2009-04-30,21,0.0
SC,2009-05,2009-05-29,20,2.0
SC,2009-06,2009-06-30,22,0.0
SC,2009-07,2009-07-31,22,0.0
SC,2009-08,2009-08-31,21,0.0
SC,2009-09,2009-09-30,21,0.0
SC,2009-10,2009-10-30,22,1.0
SC,2009-11,2009-11-30,20,0.0
SC,2009-12,2009-12-31,22,0.0
SC,2010-01,2010-01-29,19,2.0
SC,2010-02,2010-02-26,19,2.0
SC,2010-03,2010-03-31,23,0.0
SC,2010-04,2010-04-30,21,0.0
SC,2010-05,2010-05-28,20,3.0
SC,2010-06,2010-06-30,22,0.0
SC,2010-07,2010-07-30,21,1.0
SC,2010-08,2010-08-31,22,0.0
SC,2010-09,2010-09-30,21,0.0
SC,2010-10,2010-10-29,21,2.0
SC,2010-11,2010-11-30,21,0.0
SC,2010-12,2010-12-31,22,0.0
SC,2011-01,2011-01-31,20,0.0
SC,2011-02,2011-02-28,19,0.0
SC,2011-03,2011-03-31,23,0.0
SC,2011-04,2011-04-29,20,1.0
SC,2011-05,2011-05-31,21,0.0
SC,2011-06,2011-06-30,22,0.0
SC,2011-07,2011-07-29,20,2.0
SC,2011-08,2011-08-31,23,0.0
SC,2011-09,2011-09-30,21,0.0
SC,2011-10,2011-10-31,21,0.0
SC,2011-11,2011-11-30,21,0.0
SC,2011-12,2011-12-30,21,1.0
SC,2012-01,2012-01-31,20,0.0
SC,2012-02,2012-02-29,20,0.0
SC,2012-03,2012-03-30,22,1.0
SC,2012-04,2012-04-30,21,0.0
SC,2012-05,2012-05-31,22,0.0
SC,2012-06,2012-06-29,21,1.0
SC,2012-07,2012-07-31,21,0.0
SC,2012-08,2012-08-31,23,0.0
SC,2012-09,2012-09-28,19,2.0
SC,2012-10,2012-10-31,23,0.0
SC,2012-11,2012-11-30,21,0.0
SC,2012-12,2012-12-31,20,0.0
SC,2013-01,2013-01-31,21,0.0
SC,2013-02,2013-02-28,19,0.0
SC,2013-03,2013-03-28,20,3.0
SC,2013-04,2013-04-30,22,0.0
SC,2013-05,2013-05-31,22,0.0
SC,2013-06,2013-06-28,20,2.0
SC,2013-07,2013-07-31,22,0.0
SC,2013-08,2013-08-30,22,1.0
SC,2013-09,2013-09-30,20,0.0
SC,2013-10,2013-10-31,23,0.0
SC,2013-11,2013-11-29,20,1.0
SC,2013-12,2013-12-31,21,0.0
SC,2014-01,2014-01-31,21,0.0
SC,2014-02,2014-02-28,19,0.0
SC,2014-03,2014-03-31,21,0.0
SC,2014-04,2014-04-30,21,0.0
SC,2014-05,2014-05-30,21,1.0
SC,2014-06,2014-06-30,21,0.0
SC,2014-07,2014-07-31,22,0.0
SC,2014-08,2014-08-29,21,2.0
SC,2014-09,2014-09-30,21,0.0
SC,2014-10,2014-10-31,23,0.0
SC,2014-11,2014-11-28,19,2.0
SC,2014-12,2014-12-31,22,0.0
SN,1969-01,,0,
SN,1969-02,,0,
SN,1969-03,,0,
SN,1969-04,,0,
SN,1969-05,,0,
SN,1969-06,,0,
SN,1969-07,,0,
SN,1969-08,,0,
SN,1969-09,,0,
SN,1969-10,,0,
SN,1969-11,,0,
SN,1969-12,,0,
SN,1970-01,,0,
SN,1970-02,,0,
SN,1970-03,,0,
SN,1970-04,,0,
SN,1970-05,,0,
SN,1970-06,,0,
SN,1970-07,,0,
SN,1970-08,,0,
SN,1970-09,,0,
SN,1970-10,,0,
SN,1970-11,,0,
SN,1970-12,,0,
SN,1971-01,,0,
SN,1971-02,,0,
SN,1971-03,,0,
SN,1971-04,,0,
SN,1971-05,,0,
SN,1971-06,,0,
SN,1971-07,,0,
SN,1971-08,,0,
SN,1971-09,,0,
SN,1971-10,,0,
SN,1971-11,,0,
SN,1971-12,,0,
SN,1972-01,,0,
SN,1972-02,,0,
SN,1972-03,,0,
SN,1972-04,,0,
SN,1972-05,,0,
SN,1972-06,,0,
SN,1972-07,,0,
SN,1972-08,,0,
SN,1972-09,,0,
SN,1972-10,,0,
SN,1972-11,,0,
SN,1972-12,,0,
SN,1973-01,,0,
SN,1973-02,,0,
SN,1973-03,,0,
SN,1973-04,,0,
SN,1973-05,,0,
SN,1973-06,,0,
SN,1973-07,,0,
SN,1973-08,,0,
SN,1973-09,,0,
SN,1973-10,,0,
SN,1973-11,,0,
SN,1973-12,,0,
SN,1974-01,,0,
SN,1974-02,,0,
SN,1974-03,,0,
SN,1974-04,,0,
SN,1974-05,,0,
SN,1974-06,,0,
SN,1974-07,,0,
SN,1974-08,,0,
SN,1974-09,,0,
SN,1974-10,,0,
SN,1974-11,,0,
SN,1974-12,,0,
SN,1975-01,,0,
SN,1975-02,,0,
SN,1975-03,,0,
SN,1975-04,,0,
SN,1975-05,,0,
SN,1975-06,,0,
SN,1975-07,,0,
SN,1975-08,,0,
SN,1975-09,,0,
SN,1975-10,,0,
SN,1975-11,,0,
SN,1975-12,,0,
SN,1976-01,1976-01-30,21,1.0
SN,1976-02,1976-02-27,19,2.0
SN,1976-03,1976-03-31,23,0.0
SN,1976-04,1976-04-30,21,0.0
SN,1976-05,1976-05-28,20,3.0
SN,1976-06,1976-06-30,22,0.0
SN,1976-07,1976-07-30,21,1.0
SN,1976-08,1976-08-31,22,0.0
SN,1976-09,1976-09-30,21,0.0
SN,1976-10,1976-10-29,21,2.0
SN,1976-11,1976-11-30,20,0.0
SN,1976-12,1976-12-30,21,1.0
SN,1977-01,1977-01-31,21,0.0
SN,1977-02,1977-02-28,19,0.0
SN,1977-03,1977-03-31,23,0.0
SN,1977-04,1977-04-29,20,1.0
SN,1977-05,1977-05-31,21,0.0
SN,1977-06,1977-06-30,22,0.0
SN,1977-07,1977-07-29,19,2.0
SN,1977-08,1977-08-31,23,0.0
SN,1977-09,1977-09-30,21,0.0
SN,1977-10,1977-10-31,21,0.0
SN,1977-11,1977-11-30,21,0.0
SN,1977-12,1977-12-30,21,1.0
SN,1978-01,1978-01-31,21,0.0
SN,1978-02,1978-02-28,19,0.0
SN,1978-03,1978-03-31,22,0.0
SN,1978-04,1978-04-28,20,2.0
SN,1978-05,1978-05-31,22,0.0
SN,1978-06,1978-06-30,22,0.0
SN,1978-07,1978-07-31,20,0.0
SN,1978-08,1978-08-31,23,0.0
SN,1978-09,1978-09-29,20,1.0
SN,1978-10,1978-10-31,22,0.0
SN,1978-11,1978-11-30,19,0.0
SN,1978-12,1978-12-29,20,2.0
SN,1979-01,1979-01-31,22,0.0
SN,1979-02,1979-02-28,19,0.0
SN,1979-03,1979-03-30,22,1.0
SN,1979-04,1979-04-30,20,0.0
SN,1979-05,1979-05-31,22,0.0
SN,1979-06,1979-06-29,21,1.0
SN,1979-07,1979-07-31,21,0.0
SN,1979-08,1979-08-31,23,0.0
SN,1979-09,1979-09-28,19,2.0
SN,1979-10,1979-10-31,23,0.0
SN,1979-11,1979-11-30,21,0.0
SN,1979-12,1979-12-31,19,0.0
SN,1980-01,1980-01-31,22,0.0
SN,1980-02,1980-02-29,20,0.0
SN,1980-03,1980-03-31,21,0.0
SN,1980-04,1980-04-30,21,0.0
SN,1980-05,1980-05-30,21,1.0
SN,1980-06,1980-06-30,21,0.0
SN,1980-07,1980-07-31,22,0.0
SN,1980-08,1980-08-29,21,2.0
SN,1980-09,1980-09-30,21,0.0
SN,1980-10,1980-10-31,23,0.0
SN,1980-11,1980-11-28,18,2.0
SN,1980-12,1980-12-31,21,0.0
SN,1981-01,1981-01-30,21,1.0
SN,1981-02,1981-02-27,19,1.0
SN,1981-03,1981-03-31,22,0.0
SN,1981-04,1981-04-30,21,0.0
SN,1981-05,1981-05-29,20,2.0
SN,1981-06,1981-06-30,22,0.0
SN,1981-07,1981-07-31,22,0.0
SN,1981-08,1981-08-31,21,0.0
SN,1981-09,1981-09-30,21,0.0
SN,1981-10,1981-10-30,22,1.0
SN,1981-11,1981-11-30,20,0.0
SN,1981-12,1981-12-31,22,0.0
SN,1982-01,1982-01-29,20,2.0
SN,1982-02,1982-02-26,19,2.0
SN,1982-03,1982-03-31,23,0.0
SN,1982-04,1982-04-30,21,0.0
SN,1982-05,1982-05-28,20,3.0
SN,1982-06,1982-06-30,22,0.0
SN,1982-07,1982-07-30,21,1.0
SN,1982-08,1982-08-31,22,0.0
SN,1982-09,1982-09-30,21,0.0
SN,1982-10,1982-10-29,21,2.0
SN,1982-11,1982-11-30,21,0.0
SN,1982-12,1982-12-31,22,0.0
SN,1983-01,1983-01-31,21,0.0
SN,1983-02,1983-02-28,19,0.0
SN,1983-03,1983-03-31,23,0.0
SN,1983-04,1983-04-29,20,1.0
SN,1983-05,1983-05-31,21,0.0
SN,1983-06,1983-06-30,22,0.0
SN,1983-07,1983-07-29,20,2.0
SN,1983-08,1983-08-31,23,0.0
SN,1983-09,1983-09-30,21,0.0
SN,1983-10,1983-10-31,21,0.0
SN,1983-11,1983-11-30,20,0.0
SN,1983-12,1983-12-30,21,1.0
SN,1984-01,1984-01-31,21,0.0
SN,1984-02,1984-02-29,20,0.0
SN,1984-03,1984-03-30,22,1.0
SN,1984-04,1984-04-30,20,0.0
SN,1984-05,1984-05-31,22,0.0
SN,1984-06,1984-06-29,21,1.0
SN,1984-07,1984-07-31,21,0.0
SN,1984-08,1984-08-31,23,0.0
SN,1984-09,1984-09-28,19,2.0
SN,1984-10,1984-10-31,23,0.0
SN,1984-11,1984-11-30,21,0.0
SN,1984-12,1984-12-31,20,0.0
SN,1985-01,1985-01-31,22,0.0
SN,1985-02,1985-02-28,19,0.0
SN,1985-03,1985-03-29,21,2.0
SN,1985-04,1985-04-30,21,0.0
SN,1985-05,1985-05-31,22,0.0
SN,1985-06,1985-06-28,20,2.0
SN,1985-07,1985-07-31,22,0.0
SN,1985-08,1985-08-30,22,1.0
SN,1985-09,1985-09-30,20,0.0
SN,1985-10,1985-10-31,23,0.0
SN,1985-11,1985-11-29,20,1.0
SN,1985-12,1985-12-31,21,0.0
SN,1986-01,1986-01-31,22,0.0
SN,1986-02,1986-02-28,19,0.0
SN,1986-03,1986-03-31,20,0.0
SN,1986-04,1986-04-30,22,0.0
SN,1986-05,1986-05-30,21,1.0
SN,1986-06,1986-06-30,21,0.0
SN,1986-07,1986-07-31,22,0.0
SN,1986-08,1986-08-29,21,2.0
SN,1986-09,1986-09-30,21,0.0
SN,1986-10,1986-10-31,23,0.0
SN,1986-11,1986-11-28,19,2.0
SN,1986-12,1986-12-31,22,0.0
SN,1987-01,1987-01-30,21,1.0
SN,1987-02,1987-02-27,19,1.0
SN,1987-03,1987-03-31,22,0.0
SN,1987-04,1987-04-30,21,0.0
SN,1987-05,1987-05-29,20,2.0
SN,1987-06,1987-06-30,22,0.0
SN,1987-07,1987-07-31,22,0.0
SN,1987-08,1987-08-31,21,0.0
SN,1987-09,1987-09-30,21,0.0
SN,1987-10,1987-10-30,22,1.0
SN,1987-11,1987-11-30,20,0.0
SN,1987-12,1987-12-31,22,0.0
SN,1988-01,1988-01-29,20,2.0
SN,1988-02,1988-02-29,20,0.0
SN,1988-03,1988-03-31,23,0.0
SN,1988-04,1988-04-29,20,1.0
SN,1988-05,1988-05-31,21,0.0
SN,1988-06,1988-06-30,22,0.0
SN,1988-07,1988-07-29,20,2.0
SN,1988-08,1988-08-31,23,0.0
SN,1988-09,1988-09-30,21,0.0
SN,1988-10,1988-10-31,21,0.0
SN,1988-11,1988-11-30,21,0.0
SN,1988-12,1988-12-30,21,1.0
SN,1989-01,1989-01-31,21,0.0
SN,1989-02,1989-02-28,19,0.0
SN,1989-03,1989-03-31,22,0.0
SN,1989-04,1989-04-28,20,2.0
SN,1989-05,1989-05-31,22,0.0
SN,1989-06,1989-06-30,22,0.0
SN,1989-07,1989-07-31,20,0.0
SN,1989-08,1989-08-31,23,0.0
SN,1989-09,1989-09-29,20,1.0
SN,1989-10,1989-10-31,22,0.0
SN,1989-11,1989-11-30,21,0.0
SN,1989-12,1989-12-29,20,2.0
SN,1990-01,1990-01-31,22,0.0
SN,1990-02,1990-02-28,19,0.0
SN,1990-03,1990-03-30,22,1.0
SN,1990-04,1990-04-30,20,0.0
SN,1990-05,1990-05-31,22,0.0
SN,1990-06,1990-06-29,21,1.0
SN,1990-07,1990-07-31,21,0.0
SN,1990-08,1990-08-31,23,0.0
SN,1990-09,1990-09-28,19,2.0
SN,1990-10,1990-10-31,23,0.0
SN,1990-11,1990-11-30,21,0.0
SN,1990-12,1990-12-31,20,0.0
SN,1991-01,1991-01-31,22,0.0
SN,1991-02,1991-02-28,19,0.0
SN,1991-03,1991-03-28,20,3.0
SN,1991-04,1991-04-30,22,0.0
SN,1991-05,1991-05-31,22,0.0
SN,1991-06,1991-06-28,20,2.0
SN,1991-07,1991-07-31,22,0.0
SN,1991-08,1991-08-30,22,1.0
SN,1991-09,1991-09-30,20,0.0
SN,1991-10,1991-10-31,23,0.0
SN,1991-11,1991-11-29,20,1.0
SN,1991-12,1991-12-31,21,0.0
SN,1992-01,1992-01-31,22,0.0
SN,1992-02,1992-02-28,19,1.0
SN,1992-03,1992-03-31,22,0.0
SN,1992-04,1992-04-30,21,0.0
SN,1992-05,1992-05-29,20,2.0
SN,1992-06,1992-06-30,22,0.0
SN,1992-07,1992-07-31,22,0.0
SN,1992-08,1992-08-31,21,0.0
SN,1992-09,1992-09-30,21,0.0
SN,1992-10,1992-10-30,22,1.0
SN,1992-11,1992-11-30,20,0.0
SN,1992-12,1992-12-31,22,0.0
SN,1993-01,1993-01-29,20,2.0
SN,1993-02,1993-02-26,19,2.0
SN,1993-03,1993-03-31,23,0.0
SN,1993-04,1993-04-30,21,0.0
SN,1993-05,1993-05-28,20,3.0
SN,1993-06,1993-06-30,22,0.0
SN,1993-07,1993-07-30,21,1.0
SN,1993-08,1993-08-31,22,0.0
SN,1993-09,1993-09-30,21,0.0
SN,1993-10,1993-10-29,21,2.0
SN,1993-11,1993-11-30,21,0.0
SN,1993-12,1993-12-31,22,0.0
SN,1994-01,1994-01-31,21,0.0
SN,1994-02,1994-02-28,19,0.0
SN,1994-03,1994-03-31,23,0.0
SN,1994-04,1994-04-29,20,1.0
SN,1994-05,1994-05-31,21,0.0
SN,1994-06,1994-06-30,22,0.0
SN,1994-07,1994-07-29,20,2.0
SN,1994-08,1994-08-31,23,0.0
SN,1994-09,1994-09-30,21,0.0
SN,1994-10,1994-10-31,21,0.0
SN,1994-11,1994-11-30,21,0.0
SN,1994-12,1994-12-30,21,1.0
SN,1995-01,1995-01-31,21,0.0
SN,1995-02,1995-02-28,19,0.0
SN,1995-03,1995-03-31,23,0.0
SN,1995-04,1995-04-28,19,2.0
SN,1995-05,1995-05-31,22,0.0
SN,1995-06,1995-06-30,22,0.0
SN,1995-07,1995-07-31,20,0.0
SN,1995-08,1995-08-31,23,0.0
SN,1995-09,1995-09-29,20,1.0
SN,1995-10,1995-10-31,22,0.0
SN,1995-11,1995-11-30,21,0.0
SN,1995-12,1995-12-29,20,2.0
SN,1996-01,1996-01-31,22,0.0
SN,1996-02,1996-02-29,20,0.0
SN,1996-03,1996-03-29,21,2.0
SN,1996-04,1996-04-30,22,0.0
SN,1996-05,1996-05-31,22,0.0
SN,1996-06,1996-06-28,20,2.0
SN,1996-07,1996-07-31,22,0.0
SN,1996-08,1996-08-30,22,1.0
SN,1996-09,1996-09-30,20,0.0
SN,1996-10,1996-10-31,23,0.0
SN,1996-11,1996-11-29,20,1.0
SN,1996-12,1996-12-31,21,0.0
SN,1997-01,1997-01-31,21,0.0
SN,1997-02,1997-02-28,19,0.0
SN,1997-03,1997-03-31,20,0.0
SN,1997-04,1997-04-30,22,0.0
SN,1997-05,1997-05-30,21,1.0
SN,1997-06,1997-06-30,21,0.0
SN,1997-07,1997-07-31,22,0.0
SN,1997-08,1997-08-29,21,2.0
SN,1997-09,1997-09-30,21,0.0
SN,1997-10,1997-10-31,22,0.0
SN,1997-11,1997-11-28,18,2.0
SN,1997-12,1997-12-31,22,0.0
SN,1998-01,1998-01-30,20,1.0
SN,1998-02,1998-02-27,19,1.0
SN,1998-03,1998-03-31,22,0.0
SN,1998-04,1998-04-30,21,0.0
SN,1998-05,1998-05-29,20,2.0
SN,1998-06,1998-06-30,22,0.0
SN,1998-07,1998-07-31,22,0.0
SN,1998-08,1998-08-31,21,0.0
SN,1998-09,1998-09-30,21,0.0
SN,1998-10,1998-10-30,21,1.0
SN,1998-11,1998-11-30,20,0.0
SN,1998-12,1998-12-31,22,0.0
SN,1999-01,1999-01-29,19,2.0
SN,1999-02,1999-02-26,19,2.0
SN,1999-03,1999-03-31,23,0.0
SN,1999-04,1999-04-30,21,0.0
SN,1999-05,1999-05-28,20,3.0
SN,1999-06,1999-06-30,22,0.0
SN,1999-07,1999-07-30,21,1.0
SN,1999-08,1999-08-31,22,0.0
SN,1999-09,1999-09-30,21,0.0
SN,1999-10,1999-10-29,20,2.0
SN,1999-11,1999-11-30,20,0.0
SN,1999-12,1999-12-31,22,0.0
SN,2000-01,2000-01-31,20,0.0
SN,2000-02,2000-02-29,20,0.0
SN,2000-03,2000-03-31,23,0.0
SN,2000-04,2000-04-28,19,2.0
SN,2000-05,2000-05-31,22,0.0
SN,2000-06,2000-06-30,22,0.0
SN,2000-07,2000-07-31,20,0.0
SN,2000-08,2000-08-31,23,0.0
SN,2000-09,2000-09-29,20,1.0
SN,2000-10,2000-10-31,21,0.0
SN,2000-11,2000-11-30,21,0.0
SN,2000-12,2000-12-29,20,2.0
SN,2001-01,2001-01-31,21,0.0
SN,2001-02,2001-02-28,19,0.0
SN,2001-03,2001-03-30,22,1.0
SN,2001-04,2001-04-30,20,0.0
SN,2001-05,2001-05-31,22,0.0
SN,2001-06,2001-06-29,21,1.0
SN,2001-07,2001-07-31,21,0.0
SN,2001-08,2001-08-31,23,0.0
SN,2001-09,2001-09-28,18,2.0
SN,2001-10,2001-10-31,22,0.0
SN,2001-11,2001-11-30,20,0.0
SN,2001-12,2001-12-31,20,0.0
SN,2002-01,2002-01-31,21,0.0
SN,2002-02,2002-02-28,19,0.0
SN,2002-03,2002-03-28,20,3.0
SN,2002-04,2002-04-30,22,0.0
SN,2002-05,2002-05-31,22,0.0
SN,2002-06,2002-06-28,20,2.0
SN,2002-07,2002-07-31,22,0.0
SN,2002-08,2002-08-30,22,1.0
SN,2002-09,2002-09-30,20,0.0
SN,2002-10,2002-10-31,22,0.0
SN,2002-11,2002-11-29,19,1.0
SN,2002-12,2002-12-31,21,0.0
SN,2003-01,2003-01-31,21,0.0
SN,2003-02,2003-02-28,19,0.0
SN,2003-03,2003-03-31,21,0.0
SN,2003-04,2003-04-30,21,0.0
SN,2003-05,2003-05-30,21,1.0
SN,2003-06,2003-06-30,21,0.0
SN,2003-07,2003-07-31,22,0.0
SN,2003-08,2003-08-29,21,2.0
SN,2003-09,2003-09-30,21,0.0
SN,2003-10,2003-10-31,22,0.0
SN,2003-11,2003-11-28,18,2.0
SN,2003-12,2003-12-31,22,0.0
SN,2004-01,2004-01-30,20,1.0
SN,2004-02,2004-02-27,19,2.0
SN,2004-03,2004-03-31,23,0.0
SN,2004-04,2004-04-30,21,0.0
SN,2004-05,2004-05-28,20,3.0
SN,2004-06,2004-06-30,21,0.0
SN,2004-07,2004-07-30,21,1.0
SN,2004-08,2004-08-31,22,0.0
SN,2004-09,2004-09-30,21,0.0
SN,2004-10,2004-10-29,20,2.0
SN,2004-11,2004-11-30,20,0.0
SN,2004-12,2004-12-31,22,0.0
SN,2005-01,2005-01-31,20,0.0
SN,2005-02,2005-02-28,19,0.0
SN,2005-03,2005-03-31,22,0.0
SN,2005-04,2005-04-29,21,1.0
SN,2005-05,2005-05-31,21,0.0
SN,2005-06,2005-06-30,22,0.0
SN,2005-07,2005-07-29,20,2.0
SN,2005-08,2005-08-31,23,0.0
SN,2005-09,2005-09-30,21,0.0
SN,2005-10,2005-10-31,20,0.0
SN,2005-11,2005-11-30,20,0.0
SN,2005-12,2005-12-30,21,1.0
SN,2006-01,2006-01-31,20,0.0
SN,2006-02,2006-02-28,19,0.0
SN,2006-03,2006-03-31,23,0.0
SN,2006-04,2006-04-28,19,2.0
SN,2006-05,2006-05-31,22,0.0
SN,2006-06,2006-06-30,22,0.0
SN,2006-07,2006-07-31,20,0.0
SN,2006-08,2006-08-31,23,0.0
SN,2006-09,2006-09-29,20,1.0
SN,2006-10,2006-10-31,21,0.0
SN,2006-11,2006-11-30,21,0.0
SN,2006-12,2006-12-29,20,2.0
SN,2007-01,2007-01-31,21,0.0
SN,2007-02,2007-02-28,19,0.0
SN,2007-03,2007-03-30,22,1.0
SN,2007-04,2007-04-30,21,0.0
SN,2007-05,2007-05-31,22,0.0
SN,2007-06,2007-06-29,21,1.0
SN,2007-07,2007-07-31,21,0.0
SN,2007-08,2007-08-31,23,0.0
SN,2007-09,2007-09-28,19,2.0
SN,2007-10,2007-10-31,23,0.0
SN,2007-11,2007-11-30,21,0.0
SN,2007-12,2007-12-31,20,0.0
SN,2008-01,2008-01-31,21,0.0
SN,2008-02,2008-02-29,20,0.0
SN,2008-03,2008-03-31,20,0.0
SN,2008-04,2008-04-30,22,0.0
SN,2008-05,2008-05-30,21,1.0
SN,2008-06,2008-06-30,21,0.0
SN,2008-07,2008-07-31,23,0.0
SN,2008-08,2008-08-29,21,2.0
SN,2008-09,2008-09-30,21,0.0
SN,2008-10,2008-10-31,23,0.0
SN,2008-11,2008-11-28,19,2.0
SN,2008-12,2008-12-31,22,0.0
SN,2009-01,2009-01-30,20,1.0
SN,2009-02,2009-02-27,19,1.0
SN,2009-03,2009-03-31,22,0.0
SN,2009-04,2009-04-30,21,0.0
SN,2009-05,2009-05-29,20,2.0
SN,2009-06,2009-06-30,22,0.0
SN,2009-07,2009-07-31,23,0.0
SN,2009-08,2009-08-31,21,0.0
SN,2009-09,2009-09-30,21,0.0
SN,2009-10,2009-10-30,22,1.0
SN,2009-11,2009-11-30,20,0.0
SN,2009-12,2009-12-31,22,0.0
SN,2010-01,2010-01-29,19,2.0
SN,2010-02,2010-02-26,19,2.0
SN,2010-03,2010-03-31,23,0.0
SN,2010-04,2010-04-30,22,0.0
SN,2010-05,2010-05-28,20,3.0
SN,2010-06,2010-06-30,22,0.0
SN,2010-07,2010-07-30,21,1.0
SN,2010-08,2010-08-31,22,0.0
SN,2010-09,2010-09-30,21,0.0
SN,2010-10,2010-10-29,21,2.0
SN,2010-11,2010-11-30,21,0.0
SN,2010-12,2010-12-31,22,0.0
SN,2011-01,2011-01-31,20,0.0
SN,2011-02,2011-02-28,19,0.0
SN,2011-03,2011-03-31,23,0.0
SN,2011-04,2011-04-29,20,1.0
SN,2011-05,2011-05-31,21,0.0
SN,2011-06,2011-06-30,22,0.0
SN,2011-07,2011-07-29,20,2.0
SN,2011-08,2011-08-31,23,0.0
SN,2011-09,2011-09-30,21,0.0
SN,2011-10,2011-10-31,21,0.0
SN,2011-11,2011-11-30,21,0.0
SN,2011-12,2011-12-30,21,1.0
SN,2012-01,2012-01-31,20,0.0
SN,2012-02,2012-02-29,20,0.0
SN,2012-03,2012-03-30,22,1.0
SN,2012-04,2012-04-30,21,0.0
SN,2012-05,2012-05-31,22,0.0
SN,2012-06,2012-06-29,21,1.0
SN,2012-07,2012-07-31,21,0.0
SN,2012-08,2012-08-31,23,0.0
SN,2012-09,2012-09-28,19,2.0
SN,2012-10,2012-10-31,23,0.0
SN,2012-11,2012-11-30,21,0.0
SN,2012-12,2012-12-31,20,0.0
SN,2013-01,2013-01-31,21,0.0
SN,2013-02,2013-02-28,19,0.0
SN,2013-03,2013-03-28,20,3.0
SN,2013-04,2013-04-30,22,0.0
SN,2013-05,2013-05-31,22,0.0
SN,2013-06,2013-06-28,20,2.0
SN,2013-07,2013-07-31,22,0.0
SN,2013-08,2013-08-30,22,1.0
SN,2013-09,2013-09-30,20,0.0
SN,2013-10,2013-10-31,23,0.0
SN,2013-11,2013-11-29,20,1.0
SN,2013-12,2013-12-31,21,0.0
SN,2014-01,2014-01-31,21,0.0
SN,2014-02,2014-02-28,19,0.0
SN,2014-03,2014-03-31,21,0.0
SN,2014-04,2014-04-30,21,0.0
SN,2014-05,2014-05-30,21,1.0
SN,2014-06,2014-06-30,21,0.0
SN,2014-07,2014-07-31,22,0.0
SN,2014-08,2014-08-29,21,2.0
SN,2014-09,2014-09-30,21,0.0
SN,2014-10,2014-10-31,23,0.0
SN,2014-11,2014-11-28,19,2.0
SN,2014-12,2014-12-31,22,0.0
SP,1969-01,,0,
SP,1969-02,,0,
SP,1969-03,,0,
SP,1969-04,,0,
SP,1969-05,,0,
SP,1969-06,,0,
SP,1969-07,,0,
SP,1969-08,,0,
SP,1969-09,,0,
SP,1969-10,,0,
SP,1969-11,,0,
SP,1969-12,,0,
SP,1970-01,,0,
SP,1970-02,,0,
SP,1970-03,,0,
SP,1970-04,,0,
SP,1970-05,,0,
SP,1970-06,,0,
SP,1970-07,,0,
SP,1970-08,,0,
SP,1970-09,,0,
SP,1970-10,,0,
SP,1970-11,,0,
SP,1970-12,,0,
SP,1971-01,,0,
SP,1971-02,,0,
SP,1971-03,,0,
SP,1971-04,,0,
SP,1971-05,,0,
SP,1971-06,,0,
SP,1971-07,,0,
SP,1971-08,,0,
SP,1971-09,,0,
SP,1971-10,,0,
SP,1971-11,,0,
SP,1971-12,,0,
SP,1972-01,,0,
SP,1972-02,,0,
SP,1972-03,,0,
SP,1972-04,,0,
SP,1972-05,,0,
SP,1972-06,,0,
SP,1972-07,,0,
SP,1972-08,,0,
SP,1972-09,,0,
SP,1972-10,,0,
SP,1972-11,,0,
SP,1972-12,,0,
SP,1973-01,,0,
SP,1973-02,,0,
SP,1973-03,,0,
SP,1973-04,,0,
SP,1973-05,,0,
SP,1973-06,,0,
SP,1973-07,,0,
SP,1973-08,,0,
SP,1973-09,,0,
SP,1973-10,,0,
SP,1973-11,,0,
SP,1973-12,,0,
SP,1974-01,,0,
SP,1974-02,,0,
SP,1974-03,,0,
SP,1974-04,,0,
SP,1974-05,,0,
SP,1974-06,,0,
SP,1974-07,,0,
SP,1974-08,,0,
SP,1974-09,,0,
SP,1974-10,,0,
SP,1974-11,,0,
SP,1974-12,,0,
SP,1975-01,,0,
SP,1975-02,,0,
SP,1975-03,,0,
SP,1975-04,,0,
SP,1975-05,,0,
SP,1975-06,,0,
SP,1975-07,,0,
SP,1975-08,,0,
SP,1975-09,,0,
SP,1975-10,,0,
SP,1975-11,,0,
SP,1975-12,,0,
SP,1976-01,,0,
SP,1976-02,,0,
SP,1976-03,,0,
SP,1976-04,,0,
SP,1976-05,,0,
SP,1976-06,,0,
SP,1976-07,,0,
SP,1976-08,,0,
SP,1976-09,,0,
SP,1976-10,,0,
SP,1976-11,,0,
SP,1976-12,,0,
SP,1977-01,,0,
SP,1977-02,,0,
SP,1977-03,,0,
SP,1977-04,,0,
SP,1977-05,,0,
SP,1977-06,,0,
SP,1977-07,,0,
SP,1977-08,,0,
SP,1977-09,,0,
SP,1977-10,,0,
SP,1977-11,,0,
SP,1977-12,,0,
SP,1978-01,,0,
SP,1978-02,,0,
SP,1978-03,,0,
SP,1978-04,,0,
SP,1978-05,,0,
SP,1978-06,,0,
SP,1978-07,,0,
SP,1978-08,,0,
SP,1978-09,,0,
SP,1978-10,,0,
SP,1978-11,,0,
SP,1978-12,,0,
SP,1979-01,,0,
SP,1979-02,,0,
SP,1979-03,,0,
SP,1979-04,,0,
SP,1979-05,,0,
SP,1979-06,,0,
SP,1979-07,,0,
SP,1979-08,,0,
SP,1979-09,,0,
SP,1979-10,,0,
SP,1979-11,,0,
SP,1979-12,,0,
SP,1980-01,,0,
SP,1980-02,,0,
SP,1980-03,,0,
SP,1980-04,,0,
SP,1980-05,,0,
SP,1980-06,,0,
SP,1980-07,,0,
SP,1980-08,,0,
SP,1980-09,,0,
SP,1980-10,,0,
SP,1980-11,,0,
SP,1980-12,,0,
SP,1981-01,,0,
SP,1981-02,,0,
SP,1981-03,,0,
SP,1981-04,,0,
SP,1981-05,,0,
SP,1981-06,,0,
SP,1981-07,,0,
SP,1981-08,,0,
SP,1981-09,,0,
SP,1981-10,,0,
SP,1981-11,,0,
SP,1981-12,,0,
SP,1982-01,,0,
SP,1982-02,,0,
SP,1982-03,,0,
SP,1982-04,1982-04-30,8,0.0
SP,1982-05,1982-05-28,20,3.0
SP,1982-06,1982-06-30,22,0.0
SP,1982-07,1982-07-30,21,1.0
SP,1982-08,1982-08-31,22,0.0
SP,1982-09,1982-09-30,21,0.0
SP,1982-10,1982-10-29,21,2.0
SP,1982-11,1982-11-30,21,0.0
SP,1982-12,1982-12-31,22,0.0
SP,1983-01,1983-01-31,21,0.0
SP,1983-02,1983-02-28,19,0.0
SP,1983-03,1983-03-31,23,0.0
SP,1983-04,1983-04-29,20,1.0
SP,1983-05,1983-05-31,21,0.0
SP,1983-06,1983-06-30,22,0.0
SP,1983-07,1983-07-29,20,2.0
SP,1983-08,1983-08-31,23,0.0
SP,1983-09,1983-09-30,21,0.0
SP,1983-10,1983-10-31,21,0.0
SP,1983-11,1983-11-30,20,0.0
SP,1983-12,1983-12-30,21,1.0
SP,1984-01,1984-01-31,21,0.0
SP,1984-02,1984-02-29,20,0.0
SP,1984-03,1984-03-30,22,1.0
SP,1984-04,1984-04-30,20,0.0
SP,1984-05,1984-05-31,22,0.0
SP,1984-06,1984-06-29,21,1.0
SP,1984-07,1984-07-31,21,0.0
SP,1984-08,1984-08-31,23,0.0
SP,1984-09,1984-09-28,19,2.0
SP,1984-10,1984-10-31,23,0.0
SP,1984-11,1984-11-30,21,0.0
SP,1984-12,1984-12-31,20,0.0
SP,1985-01,1985-01-31,22,0.0
SP,1985-02,1985-02-28,19,0.0
SP,1985-03,1985-03-29,21,2.0
SP,1985-04,1985-04-30,21,0.0
SP,1985-05,1985-05-31,22,0.0
SP,1985-06,1985-06-28,20,2.0
SP,1985-07,1985-07-31,22,0.0
SP,1985-08,1985-08-30,22,1.0
SP,1985-09,1985-09-30,20,0.0
SP,1985-10,1985-10-31,23,0.0
SP,1985-11,1985-11-29,20,1.0
SP,1985-12,1985-12-31,21,0.0
SP,1986-01,1986-01-31,22,0.0
SP,1986-02,1986-02-28,19,0.0
SP,1986-03,1986-03-31,20,0.0
SP,1986-04,1986-04-30,22,0.0
SP,1986-05,1986-05-30,21,1.0
SP,1986-06,1986-06-30,21,0.0
SP,1986-07,1986-07-31,22,0.0
SP,1986-08,1986-08-29,21,2.0
SP,1986-09,1986-09-30,21,0.0
SP,1986-10,1986-10-31,23,0.0
SP,1986-11,1986-11-28,19,2.0
SP,1986-12,1986-12-31,22,0.0
SP,1987-01,1987-01-30,21,1.0
SP,1987-02,1987-02-27,19,1.0
SP,1987-03,1987-03-31,22,0.0
SP,1987-04,1987-04-30,21,0.0
SP,1987-05,1987-05-29,20,2.0
SP,1987-06,1987-06-30,22,0.0
SP,1987-07,1987-07-31,22,0.0
SP,1987-08,1987-08-31,21,0.0
SP,1987-09,1987-09-30,21,0.0
SP,1987-10,1987-10-30,22,1.0
SP,1987-11,1987-11-30,20,0.0
SP,1987-12,1987-12-31,22,0.0
SP,1988-01,1988-01-29,20,2.0
SP,1988-02,1988-02-29,20,0.0
SP,1988-03,1988-03-31,23,0.0
SP,1988-04,1988-04-29,20,1.0
SP,1988-05,1988-05-31,21,0.0
SP,1988-06,1988-06-30,22,0.0
SP,1988-07,1988-07-29,20,2.0
SP,1988-08,1988-08-31,23,0.0
SP,1988-09,1988-09-30,21,0.0
SP,1988-10,1988-10-31,21,0.0
SP,1988-11,1988-11-30,21,0.0
SP,1988-12,1988-12-30,21,1.0
SP,1989-01,1989-01-31,21,0.0
SP,1989-02,1989-02-28,19,0.0
SP,1989-03,1989-03-31,22,0.0
SP,1989-04,1989-04-28,20,2.0
SP,1989-05,1989-05-31,22,0.0
SP,1989-06,1989-06-30,22,0.0
SP,1989-07,1989-07-31,20,0.0
SP,1989-08,1989-08-31,23,0.0
SP,1989-09,1989-09-29,20,1.0
SP,1989-10,1989-10-31,22,0.0
SP,1989-11,1989-11-30,21,0.0
SP,1989-12,1989-12-29,20,2.0
SP,1990-01,1990-01-31,22,0.0
SP,1990-02,1990-02-28,19,0.0
SP,1990-03,1990-03-30,22,1.0
SP,1990-04,1990-04-30,20,0.0
SP,1990-05,1990-05-31,22,0.0
SP,1990-06,1990-06-29,21,1.0
SP,1990-07,1990-07-31,21,0.0
SP,1990-08,1990-08-31,23,0.0
SP,1990-09,1990-09-28,19,2.0
SP,1990-10,1990-10-31,23,0.0
SP,1990-11,1990-11-30,21,0.0
SP,1990-12,1990-12-31,20,0.0
SP,1991-01,1991-01-31,22,0.0
SP,1991-02,1991-02-28,19,0.0
SP,1991-03,1991-03-28,20,3.0
SP,1991-04,1991-04-30,22,0.0
SP,1991-05,1991-05-31,22,0.0
SP,1991-06,1991-06-28,20,2.0
SP,1991-07,1991-07-31,22,0.0
SP,1991-08,1991-08-30,22,1.0
SP,1991-09,1991-09-30,20,0.0
SP,1991-10,1991-10-31,23,0.0
SP,1991-11,1991-11-29,20,1.0
SP,1991-12,1991-12-31,21,0.0
SP,1992-01,1992-01-31,22,0.0
SP,1992-02,1992-02-28,19,1.0
SP,1992-03,1992-03-31,22,0.0
SP,1992-04,1992-04-30,21,0.0
SP,1992-05,1992-05-29,20,2.0
SP,1992-06,1992-06-30,22,0.0
SP,1992-07,1992-07-31,22,0.0
SP,1992-08,1992-08-31,21,0.0
SP,1992-09,1992-09-30,21,0.0
SP,1992-10,1992-10-30,22,1.0
SP,1992-11,1992-11-30,20,0.0
SP,1992-12,1992-12-31,22,0.0
SP,1993-01,1993-01-29,20,2.0
SP,1993-02,1993-02-26,19,2.0
SP,1993-03,1993-03-31,23,0.0
SP,1993-04,1993-04-30,21,0.0
SP,1993-05,1993-05-28,20,3.0
SP,1993-06,1993-06-30,22,0.0
SP,1993-07,1993-07-30,21,1.0
SP,1993-08,1993-08-31,22,0.0
SP,1993-09,1993-09-30,21,0.0
SP,1993-10,1993-10-29,21,2.0
SP,1993-11,1993-11-30,21,0.0
SP,1993-12,1993-12-31,22,0.0
SP,1994-01,1994-01-31,21,0.0
SP,1994-02,1994-02-28,19,0.0
SP,1994-03,1994-03-31,23,0.0
SP,1994-04,1994-04-29,19,1.0
SP,1994-05,1994-05-31,21,0.0
SP,1994-06,1994-06-30,22,0.0
SP,1994-07,1994-07-29,20,2.0
SP,1994-08,1994-08-31,23,0.0
SP,1994-09,1994-09-30,21,0.0
SP,1994-10,1994-10-31,21,0.0
SP,1994-11,1994-11-30,21,0.0
SP,1994-12,1994-12-30,21,1.0
SP,1995-01,1995-01-31,21,0.0
SP,1995-02,1995-02-28,19,0.0
SP,1995-03,1995-03-31,23,0.0
SP,1995-04,1995-04-28,19,2.0
SP,1995-05,1995-05-31,22,0.0
SP,1995-06,1995-06-30,22,0.0
SP,1995-07,1995-07-31,20,0.0
SP,1995-08,1995-08-31,23,0.0
SP,1995-09,1995-09-29,20,1.0
SP,1995-10,1995-10-31,22,0.0
SP,1995-11,1995-11-30,21,0.0
SP,1995-12,1995-12-29,20,2.0
SP,1996-01,1996-01-31,22,0.0
SP,1996-02,1996-02-29,20,0.0
SP,1996-03,1996-03-29,21,2.0
SP,1996-04,1996-04-30,21,0.0
SP,1996-05,1996-05-31,22,0.0
SP,1996-06,1996-06-28,20,2.0
SP,1996-07,1996-07-31,22,0.0
SP,1996-08,1996-08-30,22,1.0
SP,1996-09,1996-09-30,20,0.0
SP,1996-10,1996-10-31,23,0.0
SP,1996-11,1996-11-29,20,1.0
SP,1996-12,1996-12-31,21,0.0
SP,1997-01,1997-01-31,22,0.0
SP,1997-02,1997-02-28,19,0.0
SP,1997-03,1997-03-31,20,0.0
SP,1997-04,1997-04-30,22,0.0
SP,1997-05,1997-05-30,21,1.0
SP,1997-06,1997-06-30,21,0.0
SP,1997-07,1997-07-31,22,0.0
SP,1997-08,1997-08-29,21,2.0
SP,1997-09,1997-09-30,21,0.0
SP,1997-10,1997-10-31,23,0.0
SP,1997-11,1997-11-28,19,2.0
SP,1997-12,1997-12-31,22,0.0
SP,1998-01,1998-01-30,20,1.0
SP,1998-02,1998-02-27,19,1.0
SP,1998-03,1998-03-31,22,0.0
SP,1998-04,1998-04-30,21,0.0
SP,1998-05,1998-05-29,20,2.0
SP,1998-06,1998-06-30,22,0.0
SP,1998-07,1998-07-31,22,0.0
SP,1998-08,1998-08-31,21,0.0
SP,1998-09,1998-09-30,21,0.0
SP,1998-10,1998-10-30,22,1.0
SP,1998-11,1998-11-30,20,0.0
SP,1998-12,1998-12-31,22,0.0
SP,1999-01,1999-01-29,19,2.0
SP,1999-02,1999-02-26,19,2.0
SP,1999-03,1999-03-31,23,0.0
SP,1999-04,1999-04-30,21,0.0
SP,1999-05,1999-05-28,20,3.0
SP,1999-06,1999-06-30,22,0.0
SP,1999-07,1999-07-30,21,1.0
SP,1999-08,1999-08-31,22,0.0
SP,1999-09,1999-09-30,21,0.0
SP,1999-10,1999-10-29,21,2.0
SP,1999-11,1999-11-30,21,0.0
SP,1999-12,1999-12-31,22,0.0
SP,2000-01,2000-01-31,20,0.0
SP,2000-02,2000-02-29,20,0.0
SP,2000-03,2000-03-31,23,0.0
SP,2000-04,2000-04-28,19,2.0
SP,2000-05,2000-05-31,22,0.0
SP,2000-06,2000-06-30,22,0.0
SP,2000-07,2000-07-31,20,0.0
SP,2000-08,2000-08-31,23,0.0
SP,2000-09,2000-09-29,20,1.0
SP,2000-10,2000-10-31,22,0.0
SP,2000-11,2000-11-30,21,0.0
SP,2000-12,2000-12-29,20,2.0
SP,2001-01,2001-01-31,21,0.0
SP,2001-02,2001-02-28,19,0.0
SP,2001-03,2001-03-30,22,1.0
SP,2001-04,2001-04-30,20,0.0
SP,2001-05,2001-05-31,22,0.0
SP,2001-06,2001-06-29,21,1.0
SP,2001-07,2001-07-31,21,0.0
SP,2001-08,2001-08-31,23,0.0
SP,2001-09,2001-09-28,15,2.0
SP,2001-10,2001-10-31,23,0.0
SP,2001-11,2001-11-30,21,0.0
SP,2001-12,2001-12-31,20,0.0
SP,2002-01,2002-01-31,21,0.0
SP,2002-02,2002-02-28,19,0.0
SP,2002-03,2002-03-28,20,3.0
SP,2002-04,2002-04-30,22,0.0
SP,2002-05,2002-05-31,22,0.0
SP,2002-06,2002-06-28,20,2.0
SP,2002-07,2002-07-31,22,0.0
SP,2002-08,2002-08-30,22,1.0
SP,2002-09,2002-09-30,20,0.0
SP,2002-10,2002-10-31,23,0.0
SP,2002-11,2002-11-29,20,1.0
SP,2002-12,2002-12-31,21,0.0
SP,2003-01,2003-01-31,21,0.0
SP,2003-02,2003-02-28,19,0.0
SP,2003-03,2003-03-31,21,0.0
SP,2003-04,2003-04-30,21,0.0
SP,2003-05,2003-05-30,21,1.0
SP,2003-06,2003-06-30,21,0.0
SP,2003-07,2003-07-31,22,0.0
SP,2003-08,2003-08-29,21,2.0
SP,2003-09,2003-09-30,21,0.0
SP,2003-10,2003-10-31,23,0.0
SP,2003-11,2003-11-28,19,2.0
SP,2003-12,2003-12-31,22,0.0
SP,2004-01,2004-01-30,20,1.0
SP,2004-02,2004-02-27,19,2.0
SP,2004-03,2004-03-31,23,0.0
SP,2004-04,2004-04-30,21,0.0
SP,2004-05,2004-05-28,20,3.0
SP,2004-06,2004-06-30,21,0.0
SP,2004-07,2004-07-30,21,1.0
SP,2004-08,2004-08-31,22,0.0
SP,2004-09,2004-09-30,21,0.0
SP,2004-10,2004-10-29,21,2.0
SP,2004-11,2004-11-30,21,0.0
SP,2004-12,2004-12-31,22,0.0
SP,2005-01,2005-01-31,20,0.0
SP,2005-02,2005-02-28,19,0.0
SP,2005-03,2005-03-31,22,0.0
SP,2005-04,2005-04-29,21,1.0
SP,2005-05,2005-05-31,21,0.0
SP,2005-06,2005-06-30,22,0.0
SP,2005-07,2005-07-29,20,2.0
SP,2005-08,2005-08-31,23,0.0
SP,2005-09,2005-09-30,21,0.0
SP,2005-10,2005-10-31,21,0.0
SP,2005-11,2005-11-30,21,0.0
SP,2005-12,2005-12-30,21,1.0
SP,2006-01,2006-01-31,20,0.0
SP,2006-02,2006-02-28,19,0.0
SP,2006-03,2006-03-31,23,0.0
SP,2006-04,2006-04-28,19,2.0
SP,2006-05,2006-05-31,22,0.0
SP,2006-06,2006-06-30,22,0.0
SP,2006-07,2006-07-31,20,0.0
SP,2006-08,2006-08-31,23,0.0
SP,2006-09,2006-09-29,20,1.0
SP,2006-10,2006-10-31,22,0.0
SP,2006-11,2006-11-30,21,0.0
SP,2006-12,2006-12-29,20,2.0
SP,2007-01,2007-01-31,20,0.0
SP,2007-02,2007-02-28,19,0.0
SP,2007-03,2007-03-30,22,1.0
SP,2007-04,2007-04-30,20,0.0
SP,2007-05,2007-05-31,22,0.0
SP,2007-06,2007-06-29,21,1.0
SP,2007-07,2007-07-31,21,0.0
SP,2007-08,2007-08-31,23,0.0
SP,2007-09,2007-09-28,19,2.0
SP,2007-10,2007-10-31,23,0.0
SP,2007-11,2007-11-30,21,0.0
SP,2007-12,2007-12-31,20,0.0
SP,2008-01,2008-01-31,21,0.0
SP,2008-02,2008-02-29,20,0.0
SP,2008-03,2008-03-31,20,0.0
SP,2008-04,2008-04-30,22,0.0
SP,2008-05,2008-05-30,21,1.0
SP,2008-06,2008-06-30,21,0.0
SP,2008-07,2008-07-31,22,0.0
SP,2008-08,2008-08-29,21,2.0
SP,2008-09,2008-09-30,21,0.0
SP,2008-10,2008-10-31,23,0.0
SP,2008-11,2008-11-28,19,2.0
SP,2008-12,2008-12-31,22,0.0
SP,2009-01,2009-01-30,20,1.0
SP,2009-02,2009-02-27,19,1.0
SP,2009-03,2009-03-31,22,0.0
SP,2009-04,2009-04-30,21,0.0
SP,2009-05,2009-05-29,20,2.0
SP,2009-06,2009-06-30,22,0.0
SP,2009-07,2009-07-31,22,0.0
SP,2009-08,2009-08-31,21,0.0
SP,2009-09,2009-09-30,21,0.0
SP,2009-10,2009-10-30,22,1.0
SP,2009-11,2009-11-30,20,0.0
SP,2009-12,2009-12-31,22,0.0
SP,2010-01,2010-01-29,19,2.0
SP,2010-02,2010-02-26,19,2.0
SP,2010-03,2010-03-31,23,0.0
SP,2010-04,2010-04-30,21,0.0
SP,2010-05,2010-05-28,20,3.0
SP,2010-06,2010-06-30,22,0.0
SP,2010-07,2010-07-30,21,1.0
SP,2010-08,2010-08-31,22,0.0
SP,2010-09,2010-09-30,21,0.0
SP,2010-10,2010-10-29,21,2.0
SP,2010-11,2010-11-30,21,0.0
SP,2010-12,2010-12-31,22,0.0
SP,2011-01,2011-01-31,20,0.0
SP,2011-02,2011-02-28,19,0.0
SP,2011-03,2011-03-31,23,0.0
SP,2011-04,2011-04-29,20,1.0
SP,2011-05,2011-05-31,21,0.0
SP,2011-06,2011-06-30,22,0.0
SP,2011-07,2011-07-29,20,2.0
SP,2011-08,2011-08-31,23,0.0
SP,2011-09,2011-09-30,21,0.0
SP,2011-10,2011-10-31,21,0.0
SP,2011-11,2011-11-30,21,0.0
SP,2011-12,2011-12-30,21,1.0
SP,2012-01,2012-01-31,20,0.0
SP,2012-02,2012-02-29,20,0.0
SP,2012-03,2012-03-30,22,1.0
SP,2012-04,2012-04-30,21,0.0
SP,2012-05,2012-05-31,22,0.0
SP,2012-06,2012-06-29,21,1.0
SP,2012-07,2012-07-31,21,0.0
SP,2012-08,2012-08-31,23,0.0
SP,2012-09,2012-09-28,19,2.0
SP,2012-10,2012-10-31,23,0.0
SP,2012-11,2012-11-30,21,0.0
SP,2012-12,2012-12-31,20,0.0
SP,2013-01,2013-01-31,21,0.0
SP,2013-02,2013-02-28,19,0.0
SP,2013-03,2013-03-28,20,3.0
SP,2013-04,2013-04-30,22,0.0
SP,2013-05,2013-05-31,22,0.0
SP,2013-06,2013-06-28,20,2.0
SP,2013-07,2013-07-31,22,0.0
SP,2013-08,2013-08-30,22,1.0
SP,2013-09,2013-09-30,20,0.0
SP,2013-10,2013-10-31,23,0.0
SP,2013-11,2013-11-29,20,1.0
SP,2013-12,2013-12-31,21,0.0
SP,2014-01,2014-01-31,21,0.0
SP,2014-02,2014-02-28,19,0.0
SP,2014-03,2014-03-31,21,0.0
SP,2014-04,2014-04-30,21,0.0
SP,2014-05,2014-05-30,21,1.0
SP,2014-06,2014-06-30,21,0.0
SP,2014-07,2014-07-31,22,0.0
SP,2014-08,2014-08-29,21,2.0
SP,2014-09,2014-09-30,21,0.0
SP,2014-10,2014-10-31,23,0.0
SP,2014-11,2014-11-28,19,2.0
SP,2014-12,2014-12-31,22,0.0
SS,1969-01,,0,
SS,1969-02,,0,
SS,1969-03,,0,
SS,1969-04,,0,
SS,1969-05,,0,
SS,1969-06,,0,
SS,1969-07,,0,
SS,1969-08,,0,
SS,1969-09,,0,
SS,1969-10,,0,
SS,1969-11,,0,
SS,1969-12,,0,
SS,1970-01,,0,
SS,1970-02,,0,
SS,1970-03,,0,
SS,1970-04,,0,
SS,1970-05,,0,
SS,1970-06,,0,
SS,1970-07,,0,
SS,1970-08,,0,
SS,1970-09,,0,
SS,1970-10,,0,
SS,1970-11,,0,
SS,1970-12,,0,
SS,1971-01,,0,
SS,1971-02,,0,
SS,1971-03,,0,
SS,1971-04,,0,
SS,1971-05,,0,
SS,1971-06,,0,
SS,1971-07,,0,
SS,1971-08,,0,
SS,1971-09,,0,
SS,1971-10,,0,
SS,1971-11,,0,
SS,1971-12,,0,
SS,1972-01,,0,
SS,1972-02,,0,
SS,1972-03,,0,
SS,1972-04,,0,
SS,1972-05,,0,
SS,1972-06,,0,
SS,1972-07,,0,
SS,1972-08,,0,
SS,1972-09,,0,
SS,1972-10,,0,
SS,1972-11,,0,
SS,1972-12,,0,
SS,1973-01,,0,
SS,1973-02,,0,
SS,1973-03,,0,
SS,1973-04,,0,
SS,1973-05,,0,
SS,1973-06,,0,
SS,1973-07,,0,
SS,1973-08,,0,
SS,1973-09,,0,
SS,1973-10,,0,
SS,1973-11,,0,
SS,1973-12,,0,
SS,1974-01,,0,
SS,1974-02,,0,
SS,1974-03,,0,
SS,1974-04,,0,
SS,1974-05,,0,
SS,1974-06,,0,
SS,1974-07,,0,
SS,1974-08,,0,
SS,1974-09,,0,
SS,1974-10,,0,
SS,1974-11,,0,
SS,1974-12,,0,
SS,1975-01,,0,
SS,1975-02,,0,
SS,1975-03,,0,
SS,1975-04,,0,
SS,1975-05,,0,
SS,1975-06,,0,
SS,1975-07,,0,
SS,1975-08,,0,
SS,1975-09,,0,
SS,1975-10,,0,
SS,1975-11,,0,
SS,1975-12,,0,
SS,1976-01,,0,
SS,1976-02,,0,
SS,1976-03,,0,
SS,1976-04,,0,
SS,1976-05,,0,
SS,1976-06,,0,
SS,1976-07,,0,
SS,1976-08,,0,
SS,1976-09,,0,
SS,1976-10,,0,
SS,1976-11,,0,
SS,1976-12,,0,
SS,1977-01,,0,
SS,1977-02,,0,
SS,1977-03,,0,
SS,1977-04,,0,
SS,1977-05,,0,
SS,1977-06,,0,
SS,1977-07,,0,
SS,1977-08,,0,
SS,1977-09,,0,
SS,1977-10,,0,
SS,1977-11,,0,
SS,1977-12,,0,
SS,1978-01,,0,
SS,1978-02,,0,
SS,1978-03,,0,
SS,1978-04,,0,
SS,1978-05,,0,
SS,1978-06,,0,
SS,1978-07,,0,
SS,1978-08,,0,
SS,1978-09,,0,
SS,1978-10,,0,
SS,1978-11,,0,
SS,1978-12,,0,
SS,1979-01,,0,
SS,1979-02,,0,
SS,1979-03,,0,
SS,1979-04,,0,
SS,1979-05,,0,
SS,1979-06,,0,
SS,1979-07,,0,
SS,1979-08,,0,
SS,1979-09,,0,
SS,1979-10,,0,
SS,1979-11,,0,
SS,1979-12,,0,
SS,1980-01,,0,
SS,1980-02,,0,
SS,1980-03,,0,
SS,1980-04,,0,
SS,1980-05,,0,
SS,1980-06,,0,
SS,1980-07,,0,
SS,1980-08,,0,
SS,1980-09,,0,
SS,1980-10,,0,
SS,1980-11,,0,
SS,1980-12,,0,
SS,1981-01,,0,
SS,1981-02,,0,
SS,1981-03,,0,
SS,1981-04,,0,
SS,1981-05,,0,
SS,1981-06,,0,
SS,1981-07,,0,
SS,1981-08,,0,
SS,1981-09,,0,
SS,1981-10,,0,
SS,1981-11,,0,
SS,1981-12,,0,
SS,1982-01,,0,
SS,1982-02,,0,
SS,1982-03,,0,
SS,1982-04,,0,
SS,1982-05,,0,
SS,1982-06,,0,
SS,1982-07,,0,
SS,1982-08,,0,
SS,1982-09,,0,
SS,1982-10,,0,
SS,1982-11,,0,
SS,1982-12,,0,
SS,1983-01,,0,
SS,1983-02,,0,
SS,1983-03,,0,
SS,1983-04,,0,
SS,1983-05,,0,
SS,1983-06,,0,
SS,1983-07,,0,
SS,1983-08,,0,
SS,1983-09,,0,
SS,1983-10,,0,
SS,1983-11,,0,
SS,1983-12,,0,
SS,1984-01,,0,
SS,1984-02,,0,
SS,1984-03,,0,
SS,1984-04,,0,
SS,1984-05,,0,
SS,1984-06,,0,
SS,1984-07,,0,
SS,1984-08,,0,
SS,1984-09,,0,
SS,1984-10,,0,
SS,1984-11,,0,
SS,1984-12,,0,
SS,1985-01,,0,
SS,1985-02,,0,
SS,1985-03,,0,
SS,1985-04,,0,
SS,1985-05,,0,
SS,1985-06,,0,
SS,1985-07,,0,
SS,1985-08,,0,
SS,1985-09,,0,
SS,1985-10,,0,
SS,1985-11,,0,
SS,1985-12,,0,
SS,1986-01,,0,
SS,1986-02,,0,
SS,1986-03,,0,
SS,1986-04,,0,
SS,1986-05,,0,
SS,1986-06,,0,
SS,1986-07,,0,
SS,1986-08,,0,
SS,1986-09,,0,
SS,1986-10,,0,
SS,1986-11,,0,
SS,1986-12,,0,
SS,1987-01,,0,
SS,1987-02,,0,
SS,1987-03,,0,
SS,1987-04,,0,
SS,1987-05,,0,
SS,1987-06,,0,
SS,1987-07,,0,
SS,1987-08,,0,
SS,1987-09,,0,
SS,1987-10,,0,
SS,1987-11,,0,
SS,1987-12,,0,
SS,1988-01,,0,
SS,1988-02,,0,
SS,1988-03,,0,
SS,1988-04,,0,
SS,1988-05,,0,
SS,1988-06,,0,
SS,1988-07,,0,
SS,1988-08,,0,
SS,1988-09,,0,
SS,1988-10,,0,
SS,1988-11,,0,
SS,1988-12,,0,
SS,1989-01,,0,
SS,1989-02,,0,
SS,1989-03,,0,
SS,1989-04,,0,
SS,1989-05,,0,
SS,1989-06,,0,
SS,1989-07,,0,
SS,1989-08,,0,
SS,1989-09,,0,
SS,1989-10,,0,
SS,1989-11,,0,
SS,1989-12,,0,
SS,1990-01,,0,
SS,1990-02,,0,
SS,1990-03,,0,
SS,1990-04,,0,
SS,1990-05,,0,
SS,1990-06,,0,
SS,1990-07,,0,
SS,1990-08,,0,
SS,1990-09,,0,
SS,1990-10,,0,
SS,1990-11,,0,
SS,1990-12,,0,
SS,1991-01,,0,
SS,1991-02,,0,
SS,1991-03,,0,
SS,1991-04,,0,
SS,1991-05,,0,
SS,1991-06,,0,
SS,1991-07,,0,
SS,1991-08,,0,
SS,1991-09,1991-09-30,5,0.0
SS,1991-10,1991-10-31,23,0.0
SS,1991-11,1991-11-29,21,1.0
SS,1991-12,1991-12-23,16,8.0
SS,1992-01,1992-01-31,22,0.0
SS,1992-02,1992-02-28,20,1.0
SS,1992-03,1992-03-31,22,0.0
SS,1992-04,1992-04-30,20,0.0
SS,1992-05,1992-05-29,19,2.0
SS,1992-06,1992-06-30,22,0.0
SS,1992-07,1992-07-31,23,0.0
SS,1992-08,1992-08-28,20,3.0
SS,1992-09,1992-09-30,22,0.0
SS,1992-10,1992-10-30,22,1.0
SS,1992-11,1992-11-30,21,0.0
SS,1992-12,1992-12-23,17,8.0
SS,1993-01,1993-01-29,20,2.0
SS,1993-02,1993-02-26,20,2.0
SS,1993-03,1993-03-31,23,0.0
SS,1993-04,1993-04-30,20,0.0
SS,1993-05,1993-05-28,19,3.0
SS,1993-06,1993-06-30,22,0.0
SS,1993-07,1993-07-30,22,1.0
SS,1993-08,1993-08-31,21,0.0
SS,1993-09,1993-09-30,22,0.0
SS,1993-10,1993-10-29,21,2.0
SS,1993-11,1993-11-30,22,0.0
SS,1993-12,1993-12-23,17,8.0
SS,1994-01,1994-01-31,20,0.0
SS,1994-02,1994-02-28,20,0.0
SS,1994-03,1994-03-31,23,0.0
SS,1994-04,1994-04-29,19,1.0
SS,1994-05,1994-05-31,20,0.0
SS,1994-06,1994-06-30,22,0.0
SS,1994-07,1994-07-29,20,2.0
SS,1994-08,1994-08-31,22,0.0
SS,1994-09,1994-09-30,22,0.0
SS,1994-10,1994-10-31,21,0.0
SS,1994-11,1994-11-30,22,0.0
SS,1994-12,1994-12-22,16,9.0
SS,1995-01,1995-01-31,21,0.0
SS,1995-02,1995-02-28,20,0.0
SS,1995-03,1995-03-31,23,0.0
SS,1995-04,1995-04-28,18,2.0
SS,1995-05,1995-05-31,21,0.0
SS,1995-06,1995-06-30,22,0.0
SS,1995-07,1995-07-31,21,0.0
SS,1995-08,1995-08-30,21,1.0
SS,1995-09,1995-09-29,21,1.0
SS,1995-10,1995-10-31,22,0.0
SS,1995-11,1995-11-30,22,0.0
SS,1995-12,1995-12-21,15,10.0
SS,1996-01,1996-01-31,22,0.0
SS,1996-02,1996-02-29,21,0.0
SS,1996-03,1996-03-29,21,2.0
SS,1996-04,1996-04-30,20,0.0
SS,1996-05,1996-05-31,21,0.0
SS,1996-06,1996-06-28,20,2.0
SS,1996-07,1996-07-31,23,0.0
SS,1996-08,1996-08-30,21,1.0
SS,1996-09,1996-09-30,21,0.0
SS,1996-10,1996-10-31,23,0.0
SS,1996-11,1996-11-29,21,1.0
SS,1996-12,1996-12-23,16,8.0
SS,1997-01,1997-01-31,22,0.0
SS,1997-02,1997-02-28,19,0.0
SS,1997-03,1997-03-27,19,4.0
SS,1997-04,1997-04-30,22,0.0
SS,1997-05,1997-05-30,20,1.0
SS,1997-06,1997-06-30,21,0.0
SS,1997-07,1997-07-31,23,0.0
SS,1997-08,1997-08-29,20,2.0
SS,1997-09,1997-09-30,22,0.0
SS,1997-10,1997-10-31,23,0.0
SS,1997-11,1997-11-28,20,2.0
SS,1997-12,1997-12-23,17,8.0
SS,1998-01,1998-01-30,20,1.0
SS,1998-02,1998-02-27,20,1.0
SS,1998-03,1998-03-31,22,0.0
SS,1998-04,1998-04-30,20,0.0
SS,1998-05,1998-05-29,19,2.0
SS,1998-06,1998-06-30,22,0.0
SS,1998-07,1998-07-31,23,0.0
SS,1998-08,1998-08-28,20,3.0
SS,1998-09,1998-09-30,22,0.0
SS,1998-10,1998-10-30,22,1.0
SS,1998-11,1998-11-30,21,0.0
SS,1998-12,1998-12-23,17,8.0
SS,1999-01,1999-01-29,19,2.0
SS,1999-02,1999-02-26,20,2.0
SS,1999-03,1999-03-31,23,0.0
SS,1999-04,1999-04-30,20,0.0
SS,1999-05,1999-05-28,19,3.0
SS,1999-06,1999-06-30,21,0.0
SS,1999-07,1999-07-30,22,1.0
SS,1999-08,1999-08-31,21,0.0
SS,1999-09,1999-09-30,22,0.0
SS,1999-10,1999-10-29,21,2.0
SS,1999-11,1999-11-30,22,0.0
SS,1999-12,1999-12-30,20,1.0
SS,2000-01,2000-01-31,20,0.0
SS,2000-02,2000-02-29,21,0.0
SS,2000-03,2000-03-31,23,0.0
SS,2000-04,2000-04-28,18,2.0
SS,2000-05,2000-05-31,21,0.0
SS,2000-06,2000-06-30,22,0.0
SS,2000-07,2000-07-31,21,0.0
SS,2000-08,2000-08-31,22,0.0
SS,2000-09,2000-09-29,21,1.0
SS,2000-10,2000-10-31,22,0.0
SS,2000-11,2000-11-30,22,0.0
SS,2000-12,2000-12-29,19,2.0
SS,2001-01,2001-01-31,22,0.0
SS,2001-02,2001-02-28,20,0.0
SS,2001-03,2001-03-30,22,1.0
SS,2001-04,2001-04-30,19,0.0
SS,2001-05,2001-05-31,21,0.0
SS,2001-06,2001-06-29,21,1.0
SS,2001-07,2001-07-31,22,0.0
SS,2001-08,2001-08-31,22,0.0
SS,2001-09,2001-09-28,20,2.0
SS,2001-10,2001-10-31,23,0.0
SS,2001-11,2001-11-30,22,0.0
SS,2001-12,2001-12-31,19,0.0
SS,2002-01,2002-01-31,22,0.0
SS,2002-02,2002-02-28,20,0.0
SS,2002-03,2002-03-28,20,3.0
SS,2002-04,2002-04-30,21,0.0
SS,2002-05,2002-05-31,23,0.0
SS,2002-06,2002-06-28,18,2.0
SS,2002-07,2002-07-31,23,0.0
SS,2002-08,2002-08-30,21,1.0
SS,2002-09,2002-09-30,21,0.0
SS,2002-10,2002-10-31,23,0.0
SS,2002-11,2002-11-29,21,1.0
SS,2002-12,2002-12-31,20,0.0
SS,2003-01,2003-01-31,22,0.0
SS,2003-02,2003-02-28,20,0.0
SS,2003-03,2003-03-31,21,0.0
SS,2003-04,2003-04-30,20,0.0
SS,2003-05,2003-05-30,20,1.0
SS,2003-06,2003-06-30,21,0.0
SS,2003-07,2003-07-31,23,0.0
SS,2003-08,2003-08-29,20,2.0
SS,2003-09,2003-09-30,22,0.0
SS,2003-10,2003-10-31,22,0.0
SS,2003-11,2003-11-28,20,2.0
SS,2003-12,2003-12-31,21,0.0
SS,2004-01,2004-01-30,21,1.0
SS,2004-02,2004-02-27,20,2.0
SS,2004-03,2004-03-31,23,0.0
SS,2004-04,2004-04-30,20,0.0
SS,2004-05,2004-05-28,19,3.0
SS,2004-06,2004-06-30,22,0.0
SS,2004-07,2004-07-30,22,1.0
SS,2004-08,2004-08-31,21,0.0
SS,2004-09,2004-09-30,22,0.0
SS,2004-10,2004-10-29,21,2.0
SS,2004-11,2004-11-30,22,0.0
SS,2004-12,2004-12-31,21,0.0
SS,2005-01,2005-01-31,20,0.0
SS,2005-02,2005-02-28,20,0.0
SS,2005-03,2005-03-31,21,0.0
SS,2005-04,2005-04-29,21,1.0
SS,2005-05,2005-05-31,20,0.0
SS,2005-06,2005-06-30,22,0.0
SS,2005-07,2005-07-29,21,2.0
SS,2005-08,2005-08-31,22,0.0
SS,2005-09,2005-09-30,22,0.0
SS,2005-10,2005-10-31,21,0.0
SS,2005-11,2005-11-30,22,0.0
SS,2005-12,2005-12-30,20,1.0
SS,2006-01,2006-01-31,21,0.0
SS,2006-02,2006-02-28,20,0.0
SS,2006-03,2006-03-31,23,0.0
SS,2006-04,2006-04-28,18,2.0
SS,2006-05,2006-05-31,22,0.0
SS,2006-06,2006-06-30,22,0.0
SS,2006-07,2006-07-31,21,0.0
SS,2006-08,2006-08-31,22,0.0
SS,2006-09,2006-09-29,21,1.0
SS,2006-10,2006-10-31,22,0.0
SS,2006-11,2006-11-30,22,0.0
SS,2006-12,2006-12-29,19,2.0
SS,2007-01,2007-01-31,22,0.0
SS,2007-02,2007-02-28,20,0.0
SS,2007-03,2007-03-30,22,1.0
SS,2007-04,2007-04-30,19,0.0
SS,2007-05,2007-05-31,21,0.0
SS,2007-06,2007-06-29,21,1.0
SS,2007-07,2007-07-31,22,0.0
SS,2007-08,2007-08-31,22,0.0
SS,2007-09,2007-09-28,20,2.0
SS,2007-10,2007-10-31,23,0.0
SS,2007-11,2007-11-30,22,0.0
SS,2007-12,2007-12-31,19,0.0
SS,2008-01,2008-01-31,22,0.0
SS,2008-02,2008-02-29,21,0.0
SS,2008-03,2008-03-31,19,0.0
SS,2008-04,2008-04-30,22,0.0
SS,2008-05,2008-05-30,20,1.0
SS,2008-06,2008-06-30,21,0.0
SS,2008-07,2008-07-31,23,0.0
SS,2008-08,2008-08-29,20,2.0
SS,2008-09,2008-09-30,22,0.0
SS,2008-10,2008-10-31,23,0.0
SS,2008-11,2008-11-28,20,2.0
SS,2008-12,2008-12-31,21,0.0
SS,2009-01,2009-01-30,21,1.0
SS,2009-02,2009-02-27,20,1.0
SS,2009-03,2009-03-31,22,0.0
SS,2009-04,2009-04-30,20,0.0
SS,2009-05,2009-05-29,19,2.0
SS,2009-06,2009-06-30,22,0.0
SS,2009-07,2009-07-31,23,0.0
SS,2009-08,2009-08-28,20,3.0
SS,2009-09,2009-09-30,22,0.0
SS,2009-10,2009-10-30,22,1.0
SS,2009-11,2009-11-30,21,0.0
SS,2009-12,2009-12-31,22,0.0
SS,2010-01,2010-01-29,20,2.0
SS,2010-02,2010-02-26,20,2.0
SS,2010-03,2010-03-31,23,0.0
SS,2010-04,2010-04-30,20,0.0
SS,2010-05,2010-05-28,19,3.0
SS,2010-06,2010-06-30,22,0.0
SS,2010-07,2010-07-30,22,1.0
SS,2010-08,2010-08-31,21,0.0
SS,2010-09,2010-09-30,22,0.0
SS,2010-10,2010-10-29,21,2.0
SS,2010-11,2010-11-30,22,0.0
SS,2010-12,2010-12-31,21,0.0
SS,2011-01,2011-01-31,20,0.0
SS,2011-02,2011-02-28,20,0.0
SS,2011-03,2011-03-31,23,0.0
SS,2011-04,2011-04-29,19,1.0
SS,2011-05,2011-05-31,21,0.0
SS,2011-06,2011-06-30,22,0.0
SS,2011-07,2011-07-29,21,2.0
SS,2011-08,2011-08-31,22,0.0
SS,2011-09,2011-09-30,22,0.0
SS,2011-10,2011-10-31,21,0.0
SS,2011-11,2011-11-30,22,0.0
SS,2011-12,2011-12-30,20,1.0
SS,2012-01,2012-01-31,21,0.0
SS,2012-02,2012-02-29,21,0.0
SS,2012-03,2012-03-30,22,1.0
SS,2012-04,2012-04-30,19,0.0
SS,2012-05,2012-05-31,22,0.0
SS,2012-06,2012-06-29,19,1.0
SS,2012-07,2012-07-31,22,0.0
SS,2012-08,2012-08-31,22,0.0
SS,2012-09,2012-09-28,20,2.0
SS,2012-10,2012-10-31,23,0.0
SS,2012-11,2012-11-30,22,0.0
SS,2012-12,2012-12-31,19,0.0
SS,2013-01,2013-01-31,22,0.0
SS,2013-02,2013-02-28,20,0.0
SS,2013-03,2013-03-28,20,3.0
SS,2013-04,2013-04-30,21,0.0
SS,2013-05,2013-05-31,21,0.0
SS,2013-06,2013-06-28,20,2.0
SS,2013-07,2013-07-31,23,0.0
SS,2013-08,2013-08-30,21,1.0
SS,2013-09,2013-09-30,21,0.0
SS,2013-10,2013-10-31,23,0.0
SS,2013-11,2013-11-29,21,1.0
SS,2013-12,2013-12-31,20,0.0
SS,2014-01,2014-01-31,22,0.0
SS,2014-02,2014-02-28,20,0.0
SS,2014-03,2014-03-31,21,0.0
SS,2014-04,2014-04-30,20,0.0
SS,2014-05,2014-05-30,21,1.0
SS,2014-06,2014-06-30,21,0.0
SS,2014-07,2014-07-31,22,0.0
SS,2014-08,2014-08-29,20,2.0
SS,2014-09,2014-09-30,22,0.0
SS,2014-10,2014-10-31,23,0.0
SS,2014-11,2014-11-28,20,2.0
SS,2014-12,2014-12-31,21,0.0
TU,1969-01,,0,
TU,1969-02,,0,
TU,1969-03,,0,
TU,1969-04,,0,
TU,1969-05,,0,
TU,1969-06,,0,
TU,1969-07,,0,
TU,1969-08,,0,
TU,1969-09,,0,
TU,1969-10,,0,
TU,1969-11,,0,
TU,1969-12,,0,
TU,1970-01,,0,
TU,1970-02,,0,
TU,1970-03,,0,
TU,1970-04,,0,
TU,1970-05,,0,
TU,1970-06,,0,
TU,1970-07,,0,
TU,1970-08,,0,
TU,1970-09,,0,
TU,1970-10,,0,
TU,1970-11,,0,
TU,1970-12,,0,
TU,1971-01,,0,
TU,1971-02,,0,
TU,1971-03,,0,
TU,1971-04,,0,
TU,1971-05,,0,
TU,1971-06,,0,
TU,1971-07,,0,
TU,1971-08,,0,
TU,1971-09,,0,
TU,1971-10,,0,
TU,1971-11,,0,
TU,1971-12,,0,
TU,1972-01,,0,
TU,1972-02,,0,
TU,1972-03,,0,
TU,1972-04,,0,
TU,1972-05,,0,
TU,1972-06,,0,
TU,1972-07,,0,
TU,1972-08,,0,
TU,1972-09,,0,
TU,1972-10,,0,
TU,1972-11,,0,
TU,1972-12,,0,
TU,1973-01,,0,
TU,1973-02,,0,
TU,1973-03,,0,
TU,1973-04,,0,
TU,1973-05,,0,
TU,1973-06,,0,
TU,1973-07,,0,
TU,1973-08,,0,
TU,1973-09,,0,
TU,1973-10,,0,
TU,1973-11,,0,
TU,1973-12,,0,
TU,1974-01,,0,
TU,1974-02,,0,
TU,1974-03,,0,
TU,1974-04,,0,
TU,1974-05,,0,
TU,1974-06,,0,
TU,1974-07,,0,
TU,1974-08,,0,
TU,1974-09,,0,
TU,1974-10,,0,
TU,1974-11,,0,
TU,1974-12,,0,
TU,1975-01,,0,
TU,1975-02,,0,
TU,1975-03,,0,
TU,1975-04,,0,
TU,1975-05,,0,
TU,1975-06,,0,
TU,1975-07,,0,
TU,1975-08,,0,
TU,1975-09,,0,
TU,1975-10,,0,
TU,1975-11,,0,
TU,1975-12,,0,
TU,1976-01,,0,
TU,1976-02,,0,
TU,1976-03,,0,
TU,1976-04,,0,
TU,1976-05,,0,
TU,1976-06,,0,
TU,1976-07,,0,
TU,1976-08,,0,
TU,1976-09,,0,
TU,1976-10,,0,
TU,1976-11,,0,
TU,1976-12,,0,
TU,1977-01,,0,
TU,1977-02,,0,
TU,1977-03,,0,
TU,1977-04,,0,
TU,1977-05,,0,
TU,1977-06,,0,
TU,1977-07,,0,
TU,1977-08,,0,
TU,1977-09,,0,
TU,1977-10,,0,
TU,1977-11,,0,
TU,1977-12,,0,
TU,1978-01,,0,
TU,1978-02,,0,
TU,1978-03,,0,
TU,1978-04,,0,
TU,1978-05,,0,
TU,1978-06,,0,
TU,1978-07,,0,
TU,1978-08,,0,
TU,1978-09,,0,
TU,1978-10,,0,
TU,1978-11,,0,
TU,1978-12,,0,
TU,1979-01,,0,
TU,1979-02,,0,
TU,1979-03,,0,
TU,1979-04,,0,
TU,1979-05,,0,
TU,1979-06,,0,
TU,1979-07,,0,
TU,1979-08,,0,
TU,1979-09,,0,
TU,1979-10,,0,
TU,1979-11,,0,
TU,1979-12,,0,
TU,1980-01,,0,
TU,1980-02,,0,
TU,1980-03,,0,
TU,1980-04,,0,
TU,1980-05,,0,
TU,1980-06,,0,
TU,1980-07,,0,
TU,1980-08,,0,
TU,1980-09,,0,
TU,1980-10,,0,
TU,1980-11,,0,
TU,1980-12,,0,
TU,1981-01,,0,
TU,1981-02,,0,
TU,1981-03,,0,
TU,1981-04,,0,
TU,1981-05,,0,
TU,1981-06,,0,
TU,1981-07,,0,
TU,1981-08,,0,
TU,1981-09,,0,
TU,1981-10,,0,
TU,1981-11,,0,
TU,1981-12,,0,
TU,1982-01,,0,
TU,1982-02,,0,
TU,1982-03,,0,
TU,1982-04,,0,
TU,1982-05,,0,
TU,1982-06,,0,
TU,1982-07,,0,
TU,1982-08,,0,
TU,1982-09,,0,
TU,1982-10,,0,
TU,1982-11,,0,
TU,1982-12,,0,
TU,1983-01,,0,
TU,1983-02,,0,
TU,1983-03,,0,
TU,1983-04,,0,
TU,1983-05,,0,
TU,1983-06,,0,
TU,1983-07,,0,
TU,1983-08,,0,
TU,1983-09,,0,
TU,1983-10,,0,
TU,1983-11,,0,
TU,1983-12,,0,
TU,1984-01,,0,
TU,1984-02,,0,
TU,1984-03,,0,
TU,1984-04,,0,
TU,1984-05,,0,
TU,1984-06,,0,
TU,1984-07,,0,
TU,1984-08,,0,
TU,1984-09,,0,
TU,1984-10,,0,
TU,1984-11,,0,
TU,1984-12,,0,
TU,1985-01,,0,
TU,1985-02,,0,
TU,1985-03,,0,
TU,1985-04,,0,
TU,1985-05,,0,
TU,1985-06,,0,
TU,1985-07,,0,
TU,1985-08,,0,
TU,1985-09,,0,
TU,1985-10,,0,
TU,1985-11,,0,
TU,1985-12,,0,
TU,1986-01,,0,
TU,1986-02,,0,
TU,1986-03,,0,
TU,1986-04,,0,
TU,1986-05,,0,
TU,1986-06,,0,
TU,1986-07,,0,
TU,1986-08,,0,
TU,1986-09,,0,
TU,1986-10,,0,
TU,1986-11,,0,
TU,1986-12,,0,
TU,1987-01,,0,
TU,1987-02,,0,
TU,1987-03,,0,
TU,1987-04,,0,
TU,1987-05,,0,
TU,1987-06,,0,
TU,1987-07,,0,
TU,1987-08,,0,
TU,1987-09,,0,
TU,1987-10,,0,
TU,1987-11,,0,
TU,1987-12,,0,
TU,1988-01,,0,
TU,1988-02,,0,
TU,1988-03,,0,
TU,1988-04,,0,
TU,1988-05,,0,
TU,1988-06,,0,
TU,1988-07,,0,
TU,1988-08,,0,
TU,1988-09,,0,
TU,1988-10,,0,
TU,1988-11,,0,
TU,1988-12,,0,
TU,1989-01,,0,
TU,1989-02,,0,
TU,1989-03,,0,
TU,1989-04,,0,
TU,1989-05,,0,
TU,1989-06,,0,
TU,1989-07,,0,
TU,1989-08,,0,
TU,1989-09,,0,
TU,1989-10,,0,
TU,1989-11,,0,
TU,1989-12,,0,
TU,1990-01,,0,
TU,1990-02,,0,
TU,1990-03,,0,
TU,1990-04,,0,
TU,1990-05,,0,
TU,1990-06,,0,
TU,1990-07,,0,
TU,1990-08,,0,
TU,1990-09,1990-09-28,7,2.0
TU,1990-10,1990-10-31,23,0.0
TU,1990-11,1990-11-30,21,0.0
TU,1990-12,1990-12-31,20,0.0
TU,1991-01,1991-01-31,22,0.0
TU,1991-02,1991-02-28,19,0.0
TU,1991-03,1991-03-28,20,3.0
TU,1991-04,1991-04-30,22,0.0
TU,1991-05,1991-05-31,22,0.0
TU,1991-06,1991-06-28,20,2.0
TU,1991-07,1991-07-31,22,0.0
TU,1991-08,1991-08-30,22,1.0
TU,1991-09,1991-09-30,20,0.0
TU,1991-10,1991-10-31,23,0.0
TU,1991-11,1991-11-29,20,1.0
TU,1991-12,1991-12-31,21,0.0
TU,1992-01,1992-01-31,22,0.0
TU,1992-02,1992-02-28,19,1.0
TU,1992-03,1992-03-31,22,0.0
TU,1992-04,1992-04-30,20,0.0
TU,1992-05,1992-05-29,20,2.0
TU,1992-06,1992-06-30,22,0.0
TU,1992-07,1992-07-31,22,0.0
TU,1992-08,1992-08-31,21,0.0
TU,1992-09,1992-09-30,21,0.0
TU,1992-10,1992-10-30,22,1.0
TU,1992-11,1992-11-30,20,0.0
TU,1992-12,1992-12-31,22,0.0
TU,1993-01,1993-01-29,20,2.0
TU,1993-02,1993-02-26,19,2.0
TU,1993-03,1993-03-31,23,0.0
TU,1993-04,1993-04-30,21,0.0
TU,1993-05,1993-05-28,20,3.0
TU,1993-06,1993-06-30,22,0.0
TU,1993-07,1993-07-30,21,1.0
TU,1993-08,1993-08-31,22,0.0
TU,1993-09,1993-09-30,21,0.0
TU,1993-10,1993-10-29,21,2.0
TU,1993-11,1993-11-30,21,0.0
TU,1993-12,1993-12-31,22,0.0
TU,1994-01,1994-01-31,21,0.0
TU,1994-02,1994-02-28,19,0.0
TU,1994-03,1994-03-31,23,0.0
TU,1994-04,1994-04-29,20,1.0
TU,1994-05,1994-05-31,21,0.0
TU,1994-06,1994-06-30,22,0.0
TU,1994-07,1994-07-29,20,2.0
TU,1994-08,1994-08-31,23,0.0
TU,1994-09,1994-09-30,21,0.0
TU,1994-10,1994-10-31,21,0.0
TU,1994-11,1994-11-30,21,0.0
TU,1994-12,1994-12-30,21,1.0
TU,1995-01,1995-01-31,20,0.0
TU,1995-02,1995-02-28,19,0.0
TU,1995-03,1995-03-31,23,0.0
TU,1995-04,1995-04-28,19,2.0
TU,1995-05,1995-05-31,22,0.0
TU,1995-06,1995-06-30,22,0.0
TU,1995-07,1995-07-31,20,0.0
TU,1995-08,1995-08-31,23,0.0
TU,1995-09,1995-09-29,20,1.0
TU,1995-10,1995-10-31,21,0.0
TU,1995-11,1995-11-30,21,0.0
TU,1995-12,1995-12-29,20,2.0
TU,1996-01,1996-01-31,21,0.0
TU,1996-02,1996-02-29,20,0.0
TU,1996-03,1996-03-29,21,2.0
TU,1996-04,1996-04-30,22,0.0
TU,1996-05,1996-05-31,22,0.0
TU,1996-06,1996-06-28,20,2.0
TU,1996-07,1996-07-31,22,0.0
TU,1996-08,1996-08-30,22,1.0
TU,1996-09,1996-09-30,20,0.0
TU,1996-10,1996-10-31,22,0.0
TU,1996-11,1996-11-29,19,1.0
TU,1996-12,1996-12-31,21,0.0
TU,1997-01,1997-01-31,21,0.0
TU,1997-02,1997-02-28,19,0.0
TU,1997-03,1997-03-31,20,0.0
TU,1997-04,1997-04-30,22,0.0
TU,1997-05,1997-05-30,21,1.0
TU,1997-06,1997-06-30,21,0.0
TU,1997-07,1997-07-31,22,0.0
TU,1997-08,1997-08-29,21,2.0
TU,1997-09,1997-09-30,21,0.0
TU,1997-10,1997-10-31,22,0.0
TU,1997-11,1997-11-28,18,2.0
TU,1997-12,1997-12-31,22,0.0
TU,1998-01,1998-01-30,20,1.0
TU,1998-02,1998-02-27,19,1.0
TU,1998-03,1998-03-31,22,0.0
TU,1998-04,1998-04-30,21,0.0
TU,1998-05,1998-05-29,20,2.0
TU,1998-06,1998-06-30,22,0.0
TU,1998-07,1998-07-31,22,0.0
TU,1998-08,1998-08-31,21,0.0
TU,1998-09,1998-09-30,21,0.0
TU,1998-10,1998-10-30,21,1.0
TU,1998-11,1998-11-30,19,0.0
TU,1998-12,1998-12-31,22,0.0
TU,1999-01,1999-01-29,19,2.0
TU,1999-02,1999-02-26,19,2.0
TU,1999-03,1999-03-31,23,0.0
TU,1999-04,1999-04-30,22,0.0
TU,1999-05,1999-05-28,20,3.0
TU,1999-06,1999-06-30,22,0.0
TU,1999-07,1999-07-30,21,1.0
TU,1999-08,1999-08-31,22,0.0
TU,1999-09,1999-09-30,21,0.0
TU,1999-10,1999-10-29,20,2.0
TU,1999-11,1999-11-30,20,0.0
TU,1999-12,1999-12-31,22,0.0
TU,2000-01,2000-01-31,20,0.0
TU,2000-02,2000-02-29,20,0.0
TU,2000-03,2000-03-31,23,0.0
TU,2000-04,2000-04-28,19,2.0
TU,2000-05,2000-05-31,22,0.0
TU,2000-06,2000-06-30,22,0.0
TU,2000-07,2000-07-31,20,0.0
TU,2000-08,2000-08-31,23,0.0
TU,2000-09,2000-09-29,20,1.0
TU,2000-10,2000-10-31,21,0.0
TU,2000-11,2000-11-30,21,0.0
TU,2000-12,2000-12-29,20,2.0
TU,2001-01,2001-01-31,21,0.0
TU,2001-02,2001-02-28,19,0.0
TU,2001-03,2001-03-30,22,1.0
TU,2001-04,2001-04-30,20,0.0
TU,2001-05,2001-05-31,22,0.0
TU,2001-06,2001-06-29,21,1.0
TU,2001-07,2001-07-31,21,0.0
TU,2001-08,2001-08-31,23,0.0
TU,2001-09,2001-09-28,18,2.0
TU,2001-10,2001-10-31,22,0.0
TU,2001-11,2001-11-30,20,0.0
TU,2001-12,2001-12-31,20,0.0
TU,2002-01,2002-01-31,21,0.0
TU,2002-02,2002-02-28,19,0.0
TU,2002-03,2002-03-28,20,3.0
TU,2002-04,2002-04-30,22,0.0
TU,2002-05,2002-05-31,22,0.0
TU,2002-06,2002-06-28,20,2.0
TU,2002-07,2002-07-31,22,0.0
TU,2002-08,2002-08-30,22,1.0
TU,2002-09,2002-09-30,20,0.0
TU,2002-10,2002-10-31,22,0.0
TU,2002-11,2002-11-29,19,1.0
TU,2002-12,2002-12-31,21,0.0
TU,2003-01,2003-01-31,21,0.0
TU,2003-02,2003-02-28,18,0.0
TU,2003-03,2003-03-31,21,0.0
TU,2003-04,2003-04-30,21,0.0
TU,2003-05,2003-05-30,21,1.0
TU,2003-06,2003-06-30,21,0.0
TU,2003-07,2003-07-31,22,0.0
TU,2003-08,2003-08-29,21,2.0
TU,2003-09,2003-09-30,21,0.0
TU,2003-10,2003-10-31,22,0.0
TU,2003-11,2003-11-28,18,2.0
TU,2003-12,2003-12-31,22,0.0
TU,2004-01,2004-01-30,20,1.0
TU,2004-02,2004-02-27,19,2.0
TU,2004-03,2004-03-31,23,0.0
TU,2004-04,2004-04-30,21,0.0
TU,2004-05,2004-05-28,20,3.0
TU,2004-06,2004-06-30,21,0.0
TU,2004-07,2004-07-30,21,1.0
TU,2004-08,2004-08-31,22,0.0
TU,2004-09,2004-09-30,21,0.0
TU,2004-10,2004-10-29,20,2.0
TU,2004-11,2004-11-30,20,0.0
TU,2004-12,2004-12-31,22,0.0
TU,2005-01,2005-01-31,20,0.0
TU,2005-02,2005-02-28,19,0.0
TU,2005-03,2005-03-31,22,0.0
TU,2005-04,2005-04-29,21,1.0
TU,2005-05,2005-05-31,21,0.0
TU,2005-06,2005-06-30,22,0.0
TU,2005-07,2005-07-29,20,2.0
TU,2005-08,2005-08-31,23,0.0
TU,2005-09,2005-09-30,21,0.0
TU,2005-10,2005-10-31,20,0.0
TU,2005-11,2005-11-30,20,0.0
TU,2005-12,2005-12-30,21,1.0
TU,2006-01,2006-01-31,20,0.0
TU,2006-02,2006-02-28,19,0.0
TU,2006-03,2006-03-31,23,0.0
TU,2006-04,2006-04-28,19,2.0
TU,2006-05,2006-05-31,22,0.0
TU,2006-06,2006-06-30,22,0.0
TU,2006-07,2006-07-31,20,0.0
TU,2006-08,2006-08-31,23,0.0
TU,2006-09,2006-09-29,20,1.0
TU,2006-10,2006-10-31,21,0.0
TU,2006-11,2006-11-30,21,0.0
TU,2006-12,2006-12-29,20,2.0
TU,2007-01,2007-01-31,21,0.0
TU,2007-02,2007-02-28,19,0.0
TU,2007-03,2007-03-30,22,1.0
TU,2007-04,2007-04-30,21,0.0
TU,2007-05,2007-05-31,22,0.0
TU,2007-06,2007-06-29,21,1.0
TU,2007-07,2007-07-31,21,0.0
TU,2007-08,2007-08-31,23,0.0
TU,2007-09,2007-09-28,19,2.0
TU,2007-10,2007-10-31,22,0.0
TU,2007-11,2007-11-30,20,0.0
TU,2007-12,2007-12-31,20,0.0
TU,2008-01,2008-01-31,21,0.0
TU,2008-02,2008-02-29,20,0.0
TU,2008-03,2008-03-31,20,0.0
TU,2008-04,2008-04-30,22,0.0
TU,2008-05,2008-05-30,21,1.0
TU,2008-06,2008-06-30,21,0.0
TU,2008-07,2008-07-31,23,0.0
TU,2008-08,2008-08-29,21,2.0
TU,2008-09,2008-09-30,21,0.0
TU,2008-10,2008-10-31,23,0.0
TU,2008-11,2008-11-28,19,2.0
TU,2008-12,2008-12-31,22,0.0
TU,2009-01,2009-01-30,20,1.0
TU,2009-02,2009-02-27,19,1.0
TU,2009-03,2009-03-31,22,0.0
TU,2009-04,2009-04-30,21,0.0
TU,2009-05,2009-05-29,20,2.0
TU,2009-06,2009-06-30,22,0.0
TU,2009-07,2009-07-31,22,0.0
TU,2009-08,2009-08-31,21,0.0
TU,2009-09,2009-09-30,21,0.0
TU,2009-10,2009-10-30,22,1.0
TU,2009-11,2009-11-30,20,0.0
TU,2009-12,2009-12-31,22,0.0
TU,2010-01,2010-01-29,19,2.0
TU,2010-02,2010-02-26,19,2.0
TU,2010-03,2010-03-31,23,0.0
TU,2010-04,2010-04-30,22,0.0
TU,2010-05,2010-05-28,20,3.0
TU,2010-06,2010-06-30,22,0.0
TU,2010-07,2010-07-30,21,1.0
TU,2010-08,2010-08-31,22,0.0
TU,2010-09,2010-09-30,21,0.0
TU,2010-10,2010-10-29,21,2.0
TU,2010-11,2010-11-30,21,0.0
TU,2010-12,2010-12-31,22,0.0
TU,2011-01,2011-01-31,20,0.0
TU,2011-02,2011-02-28,19,0.0
TU,2011-03,2011-03-31,23,0.0
TU,2011-04,2011-04-29,20,1.0
TU,2011-05,2011-05-31,21,0.0
TU,2011-06,2011-06-30,22,0.0
TU,2011-07,2011-07-29,20,2.0
TU,2011-08,2011-08-31,23,0.0
TU,2011-09,2011-09-30,21,0.0
TU,2011-10,2011-10-31,21,0.0
TU,2011-11,2011-11-30,21,0.0
TU,2011-12,2011-12-30,21,1.0
TU,2012-01,2012-01-31,20,0.0
TU,2012-02,2012-02-29,20,0.0
TU,2012-03,2012-03-30,22,1.0
TU,2012-04,2012-04-30,21,0.0
TU,2012-05,2012-05-31,22,0.0
TU,2012-06,2012-06-29,21,1.0
TU,2012-07,2012-07-31,21,0.0
TU,2012-08,2012-08-31,23,0.0
TU,2012-09,2012-09-28,19,2.0
TU,2012-10,2012-10-31,23,0.0
TU,2012-11,2012-11-30,21,0.0
TU,2012-12,2012-12-31,20,0.0
TU,2013-01,2013-01-31,21,0.0
TU,2013-02,2013-02-28,19,0.0
TU,2013-03,2013-03-28,20,3.0
TU,2013-04,2013-04-30,22,0.0
TU,2013-05,2013-05-31,22,0.0
TU,2013-06,2013-06-28,20,2.0
TU,2013-07,2013-07-31,22,0.0
TU,2013-08,2013-08-30,22,1.0
TU,2013-09,2013-09-30,20,0.0
TU,2013-10,2013-10-31,23,0.0
TU,2013-11,2013-11-29,20,1.0
TU,2013-12,2013-12-31,21,0.0
TU,2014-01,2014-01-31,21,0.0
TU,2014-02,2014-02-28,19,0.0
TU,2014-03,2014-03-31,21,0.0
TU,2014-04,2014-04-30,21,0.0
TU,2014-05,2014-05-30,21,1.0
TU,2014-06,2014-06-30,21,0.0
TU,2014-07,2014-07-31,22,0.0
TU,2014-08,2014-08-29,21,2.0
TU,2014-09,2014-09-30,21,0.0
TU,2014-10,2014-10-31,23,0.0
TU,2014-11,2014-11-28,19,2.0
TU,2014-12,2014-12-31,22,0.0
TY,1969-01,,0,
TY,1969-02,,0,
TY,1969-03,,0,
TY,1969-04,,0,
TY,1969-05,,0,
TY,1969-06,,0,
TY,1969-07,,0,
TY,1969-08,,0,
TY,1969-09,,0,
TY,1969-10,,0,
TY,1969-11,,0,
TY,1969-12,,0,
TY,1970-01,,0,
TY,1970-02,,0,
TY,1970-03,,0,
TY,1970-04,,0,
TY,1970-05,,0,
TY,1970-06,,0,
TY,1970-07,,0,
TY,1970-08,,0,
TY,1970-09,,0,
TY,1970-10,,0,
TY,1970-11,,0,
TY,1970-12,,0,
TY,1971-01,,0,
TY,1971-02,,0,
TY,1971-03,,0,
TY,1971-04,,0,
TY,1971-05,,0,
TY,1971-06,,0,
TY,1971-07,,0,
TY,1971-08,,0,
TY,1971-09,,0,
TY,1971-10,,0,
TY,1971-11,,0,
TY,1971-12,,0,
TY,1972-01,,0,
TY,1972-02,,0,
TY,1972-03,,0,
TY,1972-04,,0,
TY,1972-05,,0,
TY,1972-06,,0,
TY,1972-07,,0,
TY,1972-08,,0,
TY,1972-09,,0,
TY,1972-10,,0,
TY,1972-11,,0,
TY,1972-12,,0,
TY,1973-01,,0,
TY,1973-02,,0,
TY,1973-03,,0,
TY,1973-04,,0,
TY,1973-05,,0,
TY,1973-06,,0,
TY,1973-07,,0,
TY,1973-08,,0,
TY,1973-09,,0,
TY,1973-10,,0,
TY,1973-11,,0,
TY,1973-12,,0,
TY,1974-01,,0,
TY,1974-02,,0,
TY,1974-03,,0,
TY,1974-04,,0,
TY,1974-05,,0,
TY,1974-06,,0,
TY,1974-07,,0,
TY,1974-08,,0,
TY,1974-09,,0,
TY,1974-10,,0,
TY,1974-11,,0,
TY,1974-12,,0,
TY,1975-01,,0,
TY,1975-02,,0,
TY,1975-03,,0,
TY,1975-04,,0,
TY,1975-05,,0,
TY,1975-06,,0,
TY,1975-07,,0,
TY,1975-08,,0,
TY,1975-09,,0,
TY,1975-10,,0,
TY,1975-11,,0,
TY,1975-12,,0,
TY,1976-01,,0,
TY,1976-02,,0,
TY,1976-03,,0,
TY,1976-04,,0,
TY,1976-05,,0,
TY,1976-06,,0,
TY,1976-07,,0,
TY,1976-08,,0,
TY,1976-09,,0,
TY,1976-10,,0,
TY,1976-11,,0,
TY,1976-12,,0,
TY,1977-01,,0,
TY,1977-02,,0,
TY,1977-03,,0,
TY,1977-04,,0,
TY,1977-05,,0,
TY,1977-06,,0,
TY,1977-07,,0,
TY,1977-08,,0,
TY,1977-09,,0,
TY,1977-10,,0,
TY,1977-11,,0,
TY,1977-12,,0,
TY,1978-01,,0,
TY,1978-02,,0,
TY,1978-03,,0,
TY,1978-04,,0,
TY,1978-05,,0,
TY,1978-06,,0,
TY,1978-07,,0,
TY,1978-08,,0,
TY,1978-09,,0,
TY,1978-10,,0,
TY,1978-11,,0,
TY,1978-12,,0,
TY,1979-01,,0,
TY,1979-02,,0,
TY,1979-03,,0,
TY,1979-04,,0,
TY,1979-05,,0,
TY,1979-06,,0,
TY,1979-07,,0,
TY,1979-08,,0,
TY,1979-09,,0,
TY,1979-10,,0,
TY,1979-11,,0,
TY,1979-12,,0,
TY,1980-01,,0,
TY,1980-02,,0,
TY,1980-03,,0,
TY,1980-04,,0,
TY,1980-05,,0,
TY,1980-06,,0,
TY,1980-07,,0,
TY,1980-08,,0,
TY,1980-09,,0,
TY,1980-10,,0,
TY,1980-11,,0,
TY,1980-12,,0,
TY,1981-01,,0,
TY,1981-02,,0,
TY,1981-03,,0,
TY,1981-04,,0,
TY,1981-05,,0,
TY,1981-06,,0,
TY,1981-07,,0,
TY,1981-08,,0,
TY,1981-09,,0,
TY,1981-10,,0,
TY,1981-11,,0,
TY,1981-12,,0,
TY,1982-01,,0,
TY,1982-02,,0,
TY,1982-03,,0,
TY,1982-04,,0,
TY,1982-05,,0,
TY,1982-06,,0,
TY,1982-07,,0,
TY,1982-08,,0,
TY,1982-09,,0,
TY,1982-10,,0,
TY,1982-11,,0,
TY,1982-12,,0,
TY,1983-01,1983-01-31,21,0.0
TY,1983-02,1983-02-28,19,0.0
TY,1983-03,1983-03-31,23,0.0
TY,1983-04,1983-04-29,20,1.0
TY,1983-05,1983-05-31,21,0.0
TY,1983-06,1983-06-30,22,0.0
TY,1983-07,1983-07-29,20,2.0
TY,1983-08,1983-08-31,23,0.0
TY,1983-09,1983-09-30,21,0.0
TY,1983-10,1983-10-31,21,0.0
TY,1983-11,1983-11-30,21,0.0
TY,1983-12,1983-12-30,21,1.0
TY,1984-01,1984-01-31,21,0.0
TY,1984-02,1984-02-29,20,0.0
TY,1984-03,1984-03-30,22,1.0
TY,1984-04,1984-04-30,20,0.0
TY,1984-05,1984-05-31,22,0.0
TY,1984-06,1984-06-29,21,1.0
TY,1984-07,1984-07-31,21,0.0
TY,1984-08,1984-08-31,23,0.0
TY,1984-09,1984-09-28,19,2.0
TY,1984-10,1984-10-31,23,0.0
TY,1984-11,1984-11-30,21,0.0
TY,1984-12,1984-12-31,20,0.0
TY,1985-01,1985-01-31,22,0.0
TY,1985-02,1985-02-28,19,0.0
TY,1985-03,1985-03-29,21,2.0
TY,1985-04,1985-04-30,21,0.0
TY,1985-05,1985-05-31,22,0.0
TY,1985-06,1985-06-28,20,2.0
TY,1985-07,1985-07-31,22,0.0
TY,1985-08,1985-08-30,22,1.0
TY,1985-09,1985-09-30,20,0.0
TY,1985-10,1985-10-31,23,0.0
TY,1985-11,1985-11-29,20,1.0
TY,1985-12,1985-12-31,21,0.0
TY,1986-01,1986-01-31,22,0.0
TY,1986-02,1986-02-28,19,0.0
TY,1986-03,1986-03-31,20,0.0
TY,1986-04,1986-04-30,22,0.0
TY,1986-05,1986-05-30,21,1.0
TY,1986-06,1986-06-30,21,0.0
TY,1986-07,1986-07-31,22,0.0
TY,1986-08,1986-08-29,21,2.0
TY,1986-09,1986-09-30,21,0.0
TY,1986-10,1986-10-31,23,0.0
TY,1986-11,1986-11-28,19,2.0
TY,1986-12,1986-12-31,22,0.0
TY,1987-01,1987-01-30,21,1.0
TY,1987-02,1987-02-27,19,1.0
TY,1987-03,1987-03-31,22,0.0
TY,1987-04,1987-04-30,21,0.0
TY,1987-05,1987-05-29,20,2.0
TY,1987-06,1987-06-30,22,0.0
TY,1987-07,1987-07-31,22,0.0
TY,1987-08,1987-08-31,21,0.0
TY,1987-09,1987-09-30,21,0.0
TY,1987-10,1987-10-30,22,1.0
TY,1987-11,1987-11-30,20,0.0
TY,1987-12,1987-12-31,22,0.0
TY,1988-01,1988-01-29,20,2.0
TY,1988-02,1988-02-29,20,0.0
TY,1988-03,1988-03-31,23,0.0
TY,1988-04,1988-04-29,20,1.0
TY,1988-05,1988-05-31,21,0.0
TY,1988-06,1988-06-30,22,0.0
TY,1988-07,1988-07-29,20,2.0
TY,1988-08,1988-08-31,23,0.0
TY,1988-09,1988-09-30,21,0.0
TY,1988-10,1988-10-31,21,0.0
TY,1988-11,1988-11-30,21,0.0
TY,1988-12,1988-12-30,21,1.0
TY,1989-01,1989-01-31,21,0.0
TY,1989-02,1989-02-28,19,0.0
TY,1989-03,1989-03-31,22,0.0
TY,1989-04,1989-04-28,20,2.0
TY,1989-05,1989-05-31,22,0.0
TY,1989-06,1989-06-30,22,0.0
TY,1989-07,1989-07-31,20,0.0
TY,1989-08,1989-08-31,23,0.0
TY,1989-09,1989-09-29,20,1.0
TY,1989-10,1989-10-31,22,0.0
TY,1989-11,1989-11-30,21,0.0
TY,1989-12,1989-12-29,20,2.0
TY,1990-01,1990-01-31,22,0.0
TY,1990-02,1990-02-28,19,0.0
TY,1990-03,1990-03-30,22,1.0
TY,1990-04,1990-04-30,20,0.0
TY,1990-05,1990-05-31,22,0.0
TY,1990-06,1990-06-29,21,1.0
TY,1990-07,1990-07-31,21,0.0
TY,1990-08,1990-08-31,23,0.0
TY,1990-09,1990-09-28,19,2.0
TY,1990-10,1990-10-31,23,0.0
TY,1990-11,1990-11-30,21,0.0
TY,1990-12,1990-12-31,20,0.0
TY,1991-01,1991-01-31,22,0.0
TY,1991-02,1991-02-28,19,0.0
TY,1991-03,1991-03-28,20,3.0
TY,1991-04,1991-04-30,22,0.0
TY,1991-05,1991-05-31,22,0.0
TY,1991-06,1991-06-28,20,2.0
TY,1991-07,1991-07-31,22,0.0
TY,1991-08,1991-08-30,22,1.0
TY,1991-09,1991-09-30,20,0.0
TY,1991-10,1991-10-31,23,0.0
TY,1991-11,1991-11-29,20,1.0
TY,1991-12,1991-12-31,21,0.0
TY,1992-01,1992-01-31,22,0.0
TY,1992-02,1992-02-28,19,1.0
TY,1992-03,1992-03-31,22,0.0
TY,1992-04,1992-04-30,20,0.0
TY,1992-05,1992-05-29,20,2.0
TY,1992-06,1992-06-30,22,0.0
TY,1992-07,1992-07-31,22,0.0
TY,1992-08,1992-08-31,21,0.0
TY,1992-09,1992-09-30,21,0.0
TY,1992-10,1992-10-30,22,1.0
TY,1992-11,1992-11-30,20,0.0
TY,1992-12,1992-12-31,22,0.0
TY,1993-01,1993-01-29,20,2.0
TY,1993-02,1993-02-26,19,2.0
TY,1993-03,1993-03-31,23,0.0
TY,1993-04,1993-04-30,21,0.0
TY,1993-05,1993-05-28,20,3.0
TY,1993-06,1993-06-30,22,0.0
TY,1993-07,1993-07-30,21,1.0
TY,1993-08,1993-08-31,22,0.0
TY,1993-09,1993-09-30,21,0.0
TY,1993-10,1993-10-29,21,2.0
TY,1993-11,1993-11-30,21,0.0
TY,1993-12,1993-12-31,22,0.0
TY,1994-01,1994-01-31,21,0.0
TY,1994-02,1994-02-28,19,0.0
TY,1994-03,1994-03-31,23,0.0
TY,1994-04,1994-04-29,20,1.0
TY,1994-05,1994-05-31,21,0.0
TY,1994-06,1994-06-30,22,0.0
TY,1994-07,1994-07-29,20,2.0
TY,1994-08,1994-08-31,23,0.0
TY,1994-09,1994-09-30,21,0.0
TY,1994-10,1994-10-31,21,0.0
TY,1994-11,1994-11-30,21,0.0
TY,1994-12,1994-12-30,21,1.0
TY,1995-01,1995-01-31,20,0.0
TY,1995-02,1995-02-28,19,0.0
TY,1995-03,1995-03-31,23,0.0
TY,1995-04,1995-04-28,19,2.0
TY,1995-05,1995-05-31,22,0.0
TY,1995-06,1995-06-30,22,0.0
TY,1995-07,1995-07-31,20,0.0
TY,1995-08,1995-08-31,23,0.0
TY,1995-09,1995-09-29,20,1.0
TY,1995-10,1995-10-31,21,0.0
TY,1995-11,1995-11-30,21,0.0
TY,1995-12,1995-12-29,20,2.0
TY,1996-01,1996-01-31,21,0.0
TY,1996-02,1996-02-29,20,0.0
TY,1996-03,1996-03-29,21,2.0
TY,1996-04,1996-04-30,22,0.0
TY,1996-05,1996-05-31,22,0.0
TY,1996-06,1996-06-28,20,2.0
TY,1996-07,1996-07-31,22,0.0
TY,1996-08,1996-08-30,22,1.0
TY,1996-09,1996-09-30,20,0.0
TY,1996-10,1996-10-31,22,0.0
TY,1996-11,1996-11-29,19,1.0
TY,1996-12,1996-12-31,21,0.0
TY,1997-01,1997-01-31,21,0.0
TY,1997-02,1997-02-28,19,0.0
TY,1997-03,1997-03-31,20,0.0
TY,1997-04,1997-04-30,22,0.0
TY,1997-05,1997-05-30,21,1.0
TY,1997-06,1997-06-30,21,0.0
TY,1997-07,1997-07-31,22,0.0
TY,1997-08,1997-08-29,21,2.0
TY,1997-09,1997-09-30,21,0.0
TY,1997-10,1997-10-31,22,0.0
TY,1997-11,1997-11-28,18,2.0
TY,1997-12,1997-12-31,22,0.0
TY,1998-01,1998-01-30,20,1.0
TY,1998-02,1998-02-27,19,1.0
TY,1998-03,1998-03-31,22,0.0
TY,1998-04,1998-04-30,21,0.0
TY,1998-05,1998-05-29,20,2.0
TY,1998-06,1998-06-30,22,0.0
TY,1998-07,1998-07-31,22,0.0
TY,1998-08,1998-08-31,21,0.0
TY,1998-09,1998-09-30,21,0.0
TY,1998-10,1998-10-30,21,1.0
TY,1998-11,1998-11-30,19,0.0
TY,1998-12,1998-12-31,22,0.0
TY,1999-01,1999-01-29,19,2.0
TY,1999-02,1999-02-26,19,2.0
TY,1999-03,1999-03-31,23,0.0
TY,1999-04,1999-04-30,22,0.0
TY,1999-05,1999-05-28,20,3.0
TY,1999-06,1999-06-30,22,0.0
TY,1999-07,1999-07-30,21,1.0
TY,1999-08,1999-08-31,22,0.0
TY,1999-09,1999-09-30,21,0.0
TY,1999-10,1999-10-29,20,2.0
TY,1999-11,1999-11-30,20,0.0
TY,1999-12,1999-12-31,22,0.0
TY,2000-01,2000-01-31,20,0.0
TY,2000-02,2000-02-29,20,0.0
TY,2000-03,2000-03-31,23,0.0
TY,2000-04,2000-04-28,19,2.0
TY,2000-05,2000-05-31,22,0.0
TY,2000-06,2000-06-30,22,0.0
TY,2000-07,2000-07-31,20,0.0
TY,2000-08,2000-08-31,23,0.0
TY,2000-09,2000-09-29,20,1.0
TY,2000-10,2000-10-31,21,0.0
TY,2000-11,2000-11-30,21,0.0
TY,2000-12,2000-12-29,20,2.0
TY,2001-01,2001-01-31,21,0.0
TY,2001-02,2001-02-28,19,0.0
TY,2001-03,2001-03-30,22,1.0
TY,2001-04,2001-04-30,20,0.0
TY,2001-05,2001-05-31,22,0.0
TY,2001-06,2001-06-29,21,1.0
TY,2001-07,2001-07-31,21,0.0
TY,2001-08,2001-08-31,23,0.0
TY,2001-09,2001-09-28,18,2.0
TY,2001-10,2001-10-31,22,0.0
TY,2001-11,2001-11-30,20,0.0
TY,2001-12,2001-12-31,20,0.0
TY,2002-01,2002-01-31,21,0.0
TY,2002-02,2002-02-28,19,0.0
TY,2002-03,2002-03-28,20,3.0
TY,2002-04,2002-04-30,22,0.0
TY,2002-05,2002-05-31,22,0.0
TY,2002-06,2002-06-28,20,2.0
TY,2002-07,2002-07-31,22,0.0
TY,2002-08,2002-08-30,22,1.0
TY,2002-09,2002-09-30,20,0.0
TY,2002-10,2002-10-31,22,0.0
TY,2002-11,2002-11-29,19,1.0
TY,2002-12,2002-12-31,21,0.0
TY,2003-01,2003-01-31,21,0.0
TY,2003-02,2003-02-28,19,0.0
TY,2003-03,2003-03-31,21,0.0
TY,2003-04,2003-04-30,21,0.0
TY,2003-05,2003-05-30,21,1.0
TY,2003-06,2003-06-30,21,0.0
TY,2003-07,2003-07-31,22,0.0
TY,2003-08,2003-08-29,21,2.0
TY,2003-09,2003-09-30,21,0.0
TY,2003-10,2003-10-31,22,0.0
TY,2003-11,2003-11-28,18,2.0
TY,2003-12,2003-12-31,22,0.0
TY,2004-01,2004-01-30,20,1.0
TY,2004-02,2004-02-27,19,2.0
TY,2004-03,2004-03-31,23,0.0
TY,2004-04,2004-04-30,21,0.0
TY,2004-05,2004-05-28,20,3.0
TY,2004-06,2004-06-30,21,0.0
TY,2004-07,2004-07-30,21,1.0
TY,2004-08,2004-08-31,22,0.0
TY,2004-09,2004-09-30,21,0.0
TY,2004-10,2004-10-29,20,2.0
TY,2004-11,2004-11-30,20,0.0
TY,2004-12,2004-12-31,22,0.0
TY,2005-01,2005-01-31,20,0.0
TY,2005-02,2005-02-28,19,0.0
TY,2005-03,2005-03-31,22,0.0
TY,2005-04,2005-04-29,21,1.0
TY,2005-05,2005-05-31,21,0.0
TY,2005-06,2005-06-30,22,0.0
TY,2005-07,2005-07-29,20,2.0
TY,2005-08,2005-08-31,23,0.0
TY,2005-09,2005-09-30,21,0.0
TY,2005-10,2005-10-31,20,0.0
TY,2005-11,2005-11-30,20,0.0
TY,2005-12,2005-12-30,21,1.0
TY,2006-01,2006-01-31,20,0.0
TY,2006-02,2006-02-28,19,0.0
TY,2006-03,2006-03-31,23,0.0
TY,2006-04,2006-04-28,19,2.0
TY,2006-05,2006-05-31,22,0.0
TY,2006-06,2006-06-30,22,0.0
TY,2006-07,2006-07-31,20,0.0
TY,2006-08,2006-08-31,23,0.0
TY,2006-09,2006-09-29,20,1.0
TY,2006-10,2006-10-31,21,0.0
TY,2006-11,2006-11-30,21,0.0
TY,2006-12,2006-12-29,20,2.0
TY,2007-01,2007-01-31,21,0.0
TY,2007-02,2007-02-28,19,0.0
TY,2007-03,2007-03-30,22,1.0
TY,2007-04,2007-04-30,21,0.0
TY,2007-05,2007-05-31,22,0.0
TY,2007-06,2007-06-29,21,1.0
TY,2007-07,2007-07-31,21,0.0
TY,2007-08,2007-08-31,23,0.0
TY,2007-09,2007-09-28,19,2.0
TY,2007-10,2007-10-31,22,0.0
TY,2007-11,2007-11-30,20,0.0
TY,2007-12,2007-12-31,20,0.0
TY,2008-01,2008-01-31,21,0.0
TY,2008-02,2008-02-29,20,0.0
TY,2008-03,2008-03-31,20,0.0
TY,2008-04,2008-04-30,22,0.0
TY,2008-05,2008-05-30,21,1.0
TY,2008-06,2008-06-30,21,0.0
TY,2008-07,2008-07-31,23,0.0
TY,2008-08,2008-08-29,21,2.0
TY,2008-09,2008-09-30,21,0.0
TY,2008-10,2008-10-31,23,0.0
TY,2008-11,2008-11-28,19,2.0
TY,2008-12,2008-12-31,22,0.0
TY,2009-01,2009-01-30,20,1.0
TY,2009-02,2009-02-27,19,1.0
TY,2009-03,2009-03-31,22,0.0
TY,2009-04,2009-04-30,21,0.0
TY,2009-05,2009-05-29,20,2.0
TY,2009-06,2009-06-30,22,0.0
TY,2009-07,2009-07-31,22,0.0
TY,2009-08,2009-08-31,21,0.0
TY,2009-09,2009-09-30,21,0.0
TY,2009-10,2009-10-30,22,1.0
TY,2009-11,2009-11-30,20,0.0
TY,2009-12,2009-12-31,22,0.0
TY,2010-01,2010-01-29,19,2.0
TY,2010-02,2010-02-26,19,2.0
TY,2010-03,2010-03-31,23,0.0
TY,2010-04,2010-04-30,22,0.0
TY,2010-05,2010-05-28,20,3.0
TY,2010-06,2010-06-30,22,0.0
TY,2010-07,2010-07-30,21,1.0
TY,2010-08,2010-08-31,22,0.0
TY,2010-09,2010-09-30,21,0.0
TY,2010-10,2010-10-29,21,2.0
TY,2010-11,2010-11-30,21,0.0
TY,2010-12,2010-12-31,22,0.0
TY,2011-01,2011-01-31,20,0.0
TY,2011-02,2011-02-28,19,0.0
TY,2011-03,2011-03-31,23,0.0
TY,2011-04,2011-04-29,20,1.0
TY,2011-05,2011-05-31,21,0.0
TY,2011-06,2011-06-30,22,0.0
TY,2011-07,2011-07-29,20,2.0
TY,2011-08,2011-08-31,23,0.0
TY,2011-09,2011-09-30,21,0.0
TY,2011-10,2011-10-31,21,0.0
TY,2011-11,2011-11-30,21,0.0
TY,2011-12,2011-12-30,21,1.0
TY,2012-01,2012-01-31,20,0.0
TY,2012-02,2012-02-29,20,0.0
TY,2012-03,2012-03-30,22,1.0
TY,2012-04,2012-04-30,21,0.0
TY,2012-05,2012-05-31,22,0.0
TY,2012-06,2012-06-29,21,1.0
TY,2012-07,2012-07-31,21,0.0
TY,2012-08,2012-08-31,23,0.0
TY,2012-09,2012-09-28,19,2.0
TY,2012-10,2012-10-31,23,0.0
TY,2012-11,2012-11-30,21,0.0
TY,2012-12,2012-12-31,20,0.0
TY,2013-01,2013-01-31,21,0.0
TY,2013-02,2013-02-28,19,0.0
TY,2013-03,2013-03-28,20,3.0
TY,2013-04,2013-04-30,22,0.0
TY,2013-05,2013-05-31,22,0.0
TY,2013-06,2013-06-28,20,2.0
TY,2013-07,2013-07-31,22,0.0
TY,2013-08,2013-08-30,22,1.0
TY,2013-09,2013-09-30,20,0.0
TY,2013-10,2013-10-31,23,0.0
TY,2013-11,2013-11-29,20,1.0
TY,2013-12,2013-12-31,21,0.0
TY,2014-01,2014-01-31,21,0.0
TY,2014-02,2014-02-28,19,0.0
TY,2014-03,2014-03-31,21,0.0
TY,2014-04,2014-04-30,21,0.0
TY,2014-05,2014-05-30,21,1.0
TY,2014-06,2014-06-30,21,0.0
TY,2014-07,2014-07-31,22,0.0
TY,2014-08,2014-08-29,21,2.0
TY,2014-09,2014-09-30,21,0.0
TY,2014-10,2014-10-31,23,0.0
TY,2014-11,2014-11-28,19,2.0
TY,2014-12,2014-12-31,22,0.0
UB,1969-01,,0,
UB,1969-02,,0,
UB,1969-03,,0,
UB,1969-04,,0,
UB,1969-05,,0,
UB,1969-06,,0,
UB,1969-07,,0,
UB,1969-08,,0,
UB,1969-09,,0,
UB,1969-10,,0,
UB,1969-11,,0,
UB,1969-12,,0,
UB,1970-01,,0,
UB,1970-02,,0,
UB,1970-03,,0,
UB,1970-04,,0,
UB,1970-05,,0,
UB,1970-06,,0,
UB,1970-07,,0,
UB,1970-08,,0,
UB,1970-09,,0,
UB,1970-10,,0,
UB,1970-11,,0,
UB,1970-12,,0,
UB,1971-01,,0,
UB,1971-02,,0,
UB,1971-03,,0,
UB,1971-04,,0,
UB,1971-05,,0,
UB,1971-06,,0,
UB,1971-07,,0,
UB,1971-08,,0,
UB,1971-09,,0,
UB,1971-10,,0,
UB,1971-11,,0,
UB,1971-12,,0,
UB,1972-01,,0,
UB,1972-02,,0,
UB,1972-03,,0,
UB,1972-04,,0,
UB,1972-05,,0,
UB,1972-06,,0,
UB,1972-07,,0,
UB,1972-08,,0,
UB,1972-09,,0,
UB,1972-10,,0,
UB,1972-11,,0,
UB,1972-12,,0,
UB,1973-01,,0,
UB,1973-02,,0,
UB,1973-03,,0,
UB,1973-04,,0,
UB,1973-05,,0,
UB,1973-06,,0,
UB,1973-07,,0,
UB,1973-08,,0,
UB,1973-09,,0,
UB,1973-10,,0,
UB,1973-11,,0,
UB,1973-12,,0,
UB,1974-01,,0,
UB,1974-02,,0,
UB,1974-03,,0,
UB,1974-04,,0,
UB,1974-05,,0,
UB,1974-06,,0,
UB,1974-07,,0,
UB,1974-08,,0,
UB,1974-09,,0,
UB,1974-10,,0,
UB,1974-11,,0,
UB,1974-12,,0,
UB,1975-01,,0,
UB,1975-02,,0,
UB,1975-03,,0,
UB,1975-04,,0,
UB,1975-05,,0,
UB,1975-06,,0,
UB,1975-07,,0,
UB,1975-08,,0,
UB,1975-09,,0,
UB,1975-10,,0,
UB,1975-11,,0,
UB,1975-12,,0,
UB,1976-01,,0,
UB,1976-02,,0,
UB,1976-03,,0,
UB,1976-04,,0,
UB,1976-05,,0,
UB,1976-06,,0,
UB,1976-07,,0,
UB,1976-08,,0,
UB,1976-09,,0,
UB,1976-10,,0,
UB,1976-11,,0,
UB,1976-12,,0,
UB,1977-01,,0,
UB,1977-02,,0,
UB,1977-03,,0,
UB,1977-04,,0,
UB,1977-05,,0,
UB,1977-06,,0,
UB,1977-07,,0,
UB,1977-08,,0,
UB,1977-09,,0,
UB,1977-10,,0,
UB,1977-11,,0,
UB,1977-12,,0,
UB,1978-01,,0,
UB,1978-02,,0,
UB,1978-03,,0,
UB,1978-04,,0,
UB,1978-05,,0,
UB,1978-06,,0,
UB,1978-07,,0,
UB,1978-08,,0,
UB,1978-09,,0,
UB,1978-10,,0,
UB,1978-11,,0,
UB,1978-12,,0,
UB,1979-01,,0,
UB,1979-02,,0,
UB,1979-03,,0,
UB,1979-04,,0,
UB,1979-05,,0,
UB,1979-06,,0,
UB,1979-07,,0,
UB,1979-08,,0,
UB,1979-09,,0,
UB,1979-10,,0,
UB,1979-11,,0,
UB,1979-12,,0,
UB,1980-01,,0,
UB,1980-02,,0,
UB,1980-03,,0,
UB,1980-04,,0,
UB,1980-05,,0,
UB,1980-06,,0,
UB,1980-07,,0,
UB,1980-08,,0,
UB,1980-09,,0,
UB,1980-10,,0,
UB,1980-11,,0,
UB,1980-12,,0,
UB,1981-01,,0,
UB,1981-02,,0,
UB,1981-03,,0,
UB,1981-04,,0,
UB,1981-05,,0,
UB,1981-06,,0,
UB,1981-07,,0,
UB,1981-08,,0,
UB,1981-09,,0,
UB,1981-10,,0,
UB,1981-11,,0,
UB,1981-12,,0,
UB,1982-01,,0,
UB,1982-02,,0,
UB,1982-03,,0,
UB,1982-04,,0,
UB,1982-05,,0,
UB,1982-06,,0,
UB,1982-07,,0,
UB,1982-08,,0,
UB,1982-09,,0,
UB,1982-10,,0,
UB,1982-11,,0,
UB,1982-12,,0,
UB,1983-01,,0,
UB,1983-02,,0,
UB,1983-03,,0,
UB,1983-04,,0,
UB,1983-05,,0,
UB,1983-06,,0,
UB,1983-07,,0,
UB,1983-08,,0,
UB,1983-09,,0,
UB,1983-10,,0,
UB,1983-11,,0,
UB,1983-12,,0,
UB,1984-01,,0,
UB,1984-02,,0,
UB,1984-03,,0,
UB,1984-04,,0,
UB,1984-05,,0,
UB,1984-06,,0,
UB,1984-07,,0,
UB,1984-08,,0,
UB,1984-09,,0,
UB,1984-10,,0,
UB,1984-11,,0,
UB,1984-12,,0,
UB,1985-01,,0,
UB,1985-02,,0,
UB,1985-03,,0,
UB,1985-04,,0,
UB,1985-05,,0,
UB,1985-06,,0,
UB,1985-07,,0,
UB,1985-08,,0,
UB,1985-09,,0,
UB,1985-10,,0,
UB,1985-11,,0,
UB,1985-12,,0,
UB,1986-01,,0,
UB,1986-02,,0,
UB,1986-03,,0,
UB,1986-04,,0,
UB,1986-05,,0,
UB,1986-06,,0,
UB,1986-07,,0,
UB,1986-08,,0,
UB,1986-09,,0,
UB,1986-10,,0,
UB,1986-11,,0,
UB,1986-12,,0,
UB,1987-01,,0,
UB,1987-02,,0,
UB,1987-03,,0,
UB,1987-04,,0,
UB,1987-05,,0,
UB,1987-06,,0,
UB,1987-07,,0,
UB,1987-08,,0,
UB,1987-09,,0,
UB,1987-10,,0,
UB,1987-11,,0,
UB,1987-12,,0,
UB,1988-01,,0,
UB,1988-02,,0,
UB,1988-03,,0,
UB,1988-04,,0,
UB,1988-05,,0,
UB,1988-06,,0,
UB,1988-07,,0,
UB,1988-08,,0,
UB,1988-09,,0,
UB,1988-10,,0,
UB,1988-11,,0,
UB,1988-12,,0,
UB,1989-01,,0,
UB,1989-02,,0,
UB,1989-03,,0,
UB,1989-04,,0,
UB,1989-05,,0,
UB,1989-06,,0,
UB,1989-07,,0,
UB,1989-08,,0,
UB,1989-09,,0,
UB,1989-10,,0,
UB,1989-11,,0,
UB,1989-12,,0,
UB,1990-01,,0,
UB,1990-02,,0,
UB,1990-03,,0,
UB,1990-04,,0,
UB,1990-05,,0,
UB,1990-06,,0,
UB,1990-07,,0,
UB,1990-08,,0,
UB,1990-09,,0,
UB,1990-10,,0,
UB,1990-11,,0,
UB,1990-12,,0,
UB,1991-01,,0,
UB,1991-02,,0,
UB,1991-03,,0,
UB,1991-04,,0,
UB,1991-05,,0,
UB,1991-06,,0,
UB,1991-07,,0,
UB,1991-08,,0,
UB,1991-09,,0,
UB,1991-10,,0,
UB,1991-11,,0,
UB,1991-12,,0,
UB,1992-01,,0,
UB,1992-02,,0,
UB,1992-03,,0,
UB,1992-04,,0,
UB,1992-05,,0,
UB,1992-06,,0,
UB,1992-07,,0,
UB,1992-08,,0,
UB,1992-09,,0,
UB,1992-10,,0,
UB,1992-11,,0,
UB,1992-12,,0,
UB,1993-01,,0,
UB,1993-02,,0,
UB,1993-03,,0,
UB,1993-04,,0,
UB,1993-05,,0,
UB,1993-06,,0,
UB,1993-07,,0,
UB,1993-08,,0,
UB,1993-09,,0,
UB,1993-10,,0,
UB,1993-11,,0,
UB,1993-12,,0,
UB,1994-01,,0,
UB,1994-02,,0,
UB,1994-03,,0,
UB,1994-04,,0,
UB,1994-05,,0,
UB,1994-06,,0,
UB,1994-07,,0,
UB,1994-08,,0,
UB,1994-09,,0,
UB,1994-10,,0,
UB,1994-11,,0,
UB,1994-12,,0,
UB,1995-01,,0,
UB,1995-02,,0,
UB,1995-03,,0,
UB,1995-04,,0,
UB,1995-05,,0,
UB,1995-06,,0,
UB,1995-07,,0,
UB,1995-08,,0,
UB,1995-09,,0,
UB,1995-10,,0,
UB,1995-11,,0,
UB,1995-12,,0,
UB,1996-01,,0,
UB,1996-02,,0,
UB,1996-03,,0,
UB,1996-04,,0,
UB,1996-05,,0,
UB,1996-06,,0,
UB,1996-07,,0,
UB,1996-08,,0,
UB,1996-09,,0,
UB,1996-10,,0,
UB,1996-11,,0,
UB,1996-12,,0,
UB,1997-01,,0,
UB,1997-02,,0,
UB,1997-03,,0,
UB,1997-04,,0,
UB,1997-05,,0,
UB,1997-06,,0,
UB,1997-07,,0,
UB,1997-08,,0,
UB,1997-09,,0,
UB,1997-10,,0,
UB,1997-11,,0,
UB,1997-12,,0,
UB,1998-01,,0,
UB,1998-02,,0,
UB,1998-03,,0,
UB,1998-04,,0,
UB,1998-05,,0,
UB,1998-06,,0,
UB,1998-07,,0,
UB,1998-08,,0,
UB,1998-09,,0,
UB,1998-10,,0,
UB,1998-11,,0,
UB,1998-12,,0,
UB,1999-01,1999-01-29,20,2.0
UB,1999-02,1999-02-26,19,2.0
UB,1999-03,1999-03-31,23,0.0
UB,1999-04,1999-04-30,20,0.0
UB,1999-05,1999-05-31,19,0.0
UB,1999-06,1999-06-30,21,0.0
UB,1999-07,1999-07-30,22,1.0
UB,1999-08,1999-08-31,22,0.0
UB,1999-09,1999-09-30,22,0.0
UB,1999-10,1999-10-29,21,2.0
UB,1999-11,1999-11-30,22,0.0
UB,1999-12,1999-12-30,21,1.0
UB,2000-01,2000-01-31,21,0.0
UB,2000-02,2000-02-29,21,0.0
UB,2000-03,2000-03-31,23,0.0
UB,2000-04,2000-04-28,18,2.0
UB,2000-05,2000-05-31,22,0.0
UB,2000-06,2000-06-30,22,0.0
UB,2000-07,2000-07-31,21,0.0
UB,2000-08,2000-08-31,23,0.0
UB,2000-09,2000-09-29,21,1.0
UB,2000-10,2000-10-31,22,0.0
UB,2000-11,2000-11-30,22,0.0
UB,2000-12,2000-12-29,19,2.0
UB,2001-01,2001-01-31,22,0.0
UB,2001-02,2001-02-28,20,0.0
UB,2001-03,2001-03-30,22,1.0
UB,2001-04,2001-04-30,19,0.0
UB,2001-05,2001-05-31,22,0.0
UB,2001-06,2001-06-29,21,1.0
UB,2001-07,2001-07-31,22,0.0
UB,2001-08,2001-08-31,23,0.0
UB,2001-09,2001-09-28,20,2.0
UB,2001-10,2001-10-31,23,0.0
UB,2001-11,2001-11-30,22,0.0
UB,2001-12,2001-12-28,17,3.0
UB,2002-01,2002-01-31,22,0.0
UB,2002-02,2002-02-28,20,0.0
UB,2002-03,2002-03-28,20,3.0
UB,2002-04,2002-04-30,21,0.0
UB,2002-05,2002-05-31,22,0.0
UB,2002-06,2002-06-28,20,2.0
UB,2002-07,2002-07-31,23,0.0
UB,2002-08,2002-08-30,22,1.0
UB,2002-09,2002-09-30,21,0.0
UB,2002-10,2002-10-31,23,0.0
UB,2002-11,2002-11-29,21,1.0
UB,2002-12,2002-12-30,18,1.0
UB,2003-01,2003-01-31,22,0.0
UB,2003-02,2003-02-28,20,0.0
UB,2003-03,2003-03-31,21,0.0
UB,2003-04,2003-04-30,20,0.0
UB,2003-05,2003-05-30,21,1.0
UB,2003-06,2003-06-30,21,0.0
UB,2003-07,2003-07-31,23,0.0
UB,2003-08,2003-08-29,21,2.0
UB,2003-09,2003-09-30,22,0.0
UB,2003-10,2003-10-31,23,0.0
UB,2003-11,2003-11-28,20,2.0
UB,2003-12,2003-12-30,19,1.0
UB,2004-01,2004-01-30,21,1.0
UB,2004-02,2004-02-27,20,2.0
UB,2004-03,2004-03-31,23,0.0
UB,2004-04,2004-04-30,20,0.0
UB,2004-05,2004-05-31,21,0.0
UB,2004-06,2004-06-30,22,0.0
UB,2004-07,2004-07-30,22,1.0
UB,2004-08,2004-08-31,22,0.0
UB,2004-09,2004-09-30,22,0.0
UB,2004-10,2004-10-29,21,2.0
UB,2004-11,2004-11-30,22,0.0
UB,2004-12,2004-12-30,21,1.0
UB,2005-01,2005-01-31,21,0.0
UB,2005-02,2005-02-28,20,0.0
UB,2005-03,2005-03-31,21,0.0
UB,2005-04,2005-04-29,21,1.0
UB,2005-05,2005-05-31,22,0.0
UB,2005-06,2005-06-30,22,0.0
UB,2005-07,2005-07-29,21,2.0
UB,2005-08,2005-08-31,23,0.0
UB,2005-09,2005-09-30,22,0.0
UB,2005-10,2005-10-31,21,0.0
UB,2005-11,2005-11-30,22,0.0
UB,2005-12,2005-12-30,21,1.0
UB,2006-01,2006-01-31,22,0.0
UB,2006-02,2006-02-28,20,0.0
UB,2006-03,2006-03-31,23,0.0
UB,2006-04,2006-04-28,18,2.0
UB,2006-05,2006-05-31,22,0.0
UB,2006-06,2006-06-30,22,0.0
UB,2006-07,2006-07-31,21,0.0
UB,2006-08,2006-08-31,23,0.0
UB,2006-09,2006-09-29,21,1.0
UB,2006-10,2006-10-31,22,0.0
UB,2006-11,2006-11-30,22,0.0
UB,2006-12,2006-12-29,19,2.0
UB,2007-01,2007-01-31,22,0.0
UB,2007-02,2007-02-28,20,0.0
UB,2007-03,2007-03-30,22,1.0
UB,2007-04,2007-04-30,19,0.0
UB,2007-05,2007-05-31,21,0.0
UB,2007-06,2007-06-29,21,1.0
UB,2007-07,2007-07-31,22,0.0
UB,2007-08,2007-08-31,23,0.0
UB,2007-09,2007-09-28,20,2.0
UB,2007-10,2007-10-31,23,0.0
UB,2007-11,2007-11-30,22,0.0
UB,2007-12,2007-12-28,17,3.0
UB,2008-01,2008-01-31,22,0.0
UB,2008-02,2008-02-29,21,0.0
UB,2008-03,2008-03-31,19,0.0
UB,2008-04,2008-04-30,22,0.0
UB,2008-05,2008-05-30,21,1.0
UB,2008-06,2008-06-30,21,0.0
UB,2008-07,2008-07-31,23,0.0
UB,2008-08,2008-08-29,21,2.0
UB,2008-09,2008-09-30,22,0.0
UB,2008-10,2008-10-31,23,0.0
UB,2008-11,2008-11-28,20,2.0
UB,2008-12,2008-12-30,19,1.0
UB,2009-01,2009-01-30,21,1.0
UB,2009-02,2009-02-27,20,1.0
UB,2009-03,2009-03-31,22,0.0
UB,2009-04,2009-04-30,20,0.0
UB,2009-05,2009-05-29,20,2.0
UB,2009-06,2009-06-30,22,0.0
UB,2009-07,2009-07-31,23,0.0
UB,2009-08,2009-08-31,21,0.0
UB,2009-09,2009-09-30,22,0.0
UB,2009-10,2009-10-30,22,1.0
UB,2009-11,2009-11-30,21,0.0
UB,2009-12,2009-12-30,20,1.0
UB,2010-01,2010-01-29,20,2.0
UB,2010-02,2010-02-26,20,2.0
UB,2010-03,2010-03-31,23,0.0
UB,2010-04,2010-04-30,20,0.0
UB,2010-05,2010-05-31,21,0.0
UB,2010-06,2010-06-30,22,0.0
UB,2010-07,2010-07-30,22,1.0
UB,2010-08,2010-08-31,22,0.0
UB,2010-09,2010-09-30,22,0.0
UB,2010-10,2010-10-29,21,2.0
UB,2010-11,2010-11-30,22,0.0
UB,2010-12,2010-12-30,21,1.0
UB,2011-01,2011-01-31,21,0.0
UB,2011-02,2011-02-28,20,0.0
UB,2011-03,2011-03-31,23,0.0
UB,2011-04,2011-04-29,19,1.0
UB,2011-05,2011-05-31,22,0.0
UB,2011-06,2011-06-30,22,0.0
UB,2011-07,2011-07-29,21,2.0
UB,2011-08,2011-08-31,23,0.0
UB,2011-09,2011-09-30,22,0.0
UB,2011-10,2011-10-31,21,0.0
UB,2011-11,2011-11-30,22,0.0
UB,2011-12,2011-12-30,21,1.0
UB,2012-01,2012-01-31,21,0.0
UB,2012-02,2012-02-29,21,0.0
UB,2012-03,2012-03-30,22,1.0
UB,2012-04,2012-04-30,19,0.0
UB,2012-05,2012-05-31,22,0.0
UB,2012-06,2012-06-29,21,1.0
UB,2012-07,2012-07-31,22,0.0
UB,2012-08,2012-08-31,23,0.0
UB,2012-09,2012-09-28,20,2.0
UB,2012-10,2012-10-31,23,0.0
UB,2012-11,2012-11-30,22,0.0
UB,2012-12,2012-12-28,17,3.0
UB,2013-01,2013-01-31,22,0.0
UB,2013-02,2013-02-28,20,0.0
UB,2013-03,2013-03-28,20,3.0
UB,2013-04,2013-04-30,21,0.0
UB,2013-05,2013-05-31,22,0.0
UB,2013-06,2013-06-28,20,2.0
UB,2013-07,2013-07-31,23,0.0
UB,2013-08,2013-08-30,22,1.0
UB,2013-09,2013-09-30,21,0.0
UB,2013-10,2013-10-31,23,0.0
UB,2013-11,2013-11-29,21,1.0
UB,2013-12,2013-12-30,18,1.0
UB,2014-01,2014-01-31,22,0.0
UB,2014-02,2014-02-28,20,0.0
UB,2014-03,2014-03-31,21,0.0
UB,2014-04,2014-04-30,20,0.0
UB,2014-05,2014-05-30,21,1.0
UB,2014-06,2014-06-30,21,0.0
UB,2014-07,2014-07-31,22,0.0
UB,2014-08,2014-08-29,21,2.0
UB,2014-09,2014-09-30,22,0.0
UB,2014-10,2014-10-31,23,0.0
UB,2014-11,2014-11-28,20,2.0
UB,2014-12,2014-12-30,19,1.0
US,1969-01,,0,
US,1969-02,,0,
US,1969-03,,0,
US,1969-04,,0,
US,1969-05,,0,
US,1969-06,,0,
US,1969-07,,0,
US,1969-08,,0,
US,1969-09,,0,
US,1969-10,,0,
US,1969-11,,0,
US,1969-12,,0,
US,1970-01,,0,
US,1970-02,,0,
US,1970-03,,0,
US,1970-04,,0,
US,1970-05,,0,
US,1970-06,,0,
US,1970-07,,0,
US,1970-08,,0,
US,1970-09,,0,
US,1970-10,,0,
US,1970-11,,0,
US,1970-12,,0,
US,1971-01,,0,
US,1971-02,,0,
US,1971-03,,0,
US,1971-04,,0,
US,1971-05,,0,
US,1971-06,,0,
US,1971-07,,0,
US,1971-08,,0,
US,1971-09,,0,
US,1971-10,,0,
US,1971-11,,0,
US,1971-12,,0,
US,1972-01,,0,
US,1972-02,,0,
US,1972-03,,0,
US,1972-04,,0,
US,1972-05,,0,
US,1972-06,,0,
US,1972-07,,0,
US,1972-08,,0,
US,1972-09,,0,
US,1972-10,,0,
US,1972-11,,0,
US,1972-12,,0,
US,1973-01,,0,
US,1973-02,,0,
US,1973-03,,0,
US,1973-04,,0,
US,1973-05,,0,
US,1973-06,,0,
US,1973-07,,0,
US,1973-08,,0,
US,1973-09,,0,
US,1973-10,,0,
US,1973-11,,0,
US,1973-12,,0,
US,1974-01,,0,
US,1974-02,,0,
US,1974-03,,0,
US,1974-04,,0,
US,1974-05,,0,
US,1974-06,,0,
US,1974-07,,0,
US,1974-08,,0,
US,1974-09,,0,
US,1974-10,,0,
US,1974-11,,0,
US,1974-12,,0,
US,1975-01,,0,
US,1975-02,,0,
US,1975-03,,0,
US,1975-04,,0,
US,1975-05,,0,
US,1975-06,,0,
US,1975-07,,0,
US,1975-08,,0,
US,1975-09,,0,
US,1975-10,,0,
US,1975-11,,0,
US,1975-12,,0,
US,1976-01,,0,
US,1976-02,,0,
US,1976-03,,0,
US,1976-04,,0,
US,1976-05,,0,
US,1976-06,,0,
US,1976-07,,0,
US,1976-08,,0,
US,1976-09,,0,
US,1976-10,,0,
US,1976-11,,0,
US,1976-12,,0,
US,1977-01,,0,
US,1977-02,,0,
US,1977-03,,0,
US,1977-04,,0,
US,1977-05,,0,
US,1977-06,,0,
US,1977-07,,0,
US,1977-08,,0,
US,1977-09,,0,
US,1977-10,,0,
US,1977-11,,0,
US,1977-12,,0,
US,1978-01,1978-01-31,21,0.0
US,1978-02,1978-02-28,19,0.0
US,1978-03,1978-03-31,22,0.0
US,1978-04,1978-04-28,20,2.0
US,1978-05,1978-05-31,22,0.0
US,1978-06,1978-06-30,22,0.0
US,1978-07,1978-07-31,20,0.0
US,1978-08,1978-08-31,23,0.0
US,1978-09,1978-09-29,20,1.0
US,1978-10,1978-10-31,22,0.0
US,1978-11,1978-11-30,20,0.0
US,1978-12,1978-12-29,20,2.0
US,1979-01,1979-01-31,22,0.0
US,1979-02,1979-02-28,19,0.0
US,1979-03,1979-03-30,22,1.0
US,1979-04,1979-04-30,20,0.0
US,1979-05,1979-05-31,22,0.0
US,1979-06,1979-06-29,21,1.0
US,1979-07,1979-07-31,21,0.0
US,1979-08,1979-08-31,23,0.0
US,1979-09,1979-09-28,19,2.0
US,1979-10,1979-10-31,23,0.0
US,1979-11,1979-11-30,21,0.0
US,1979-12,1979-12-31,19,0.0
US,1980-01,1980-01-31,22,0.0
US,1980-02,1980-02-29,20,0.0
US,1980-03,1980-03-31,21,0.0
US,1980-04,1980-04-30,21,0.0
US,1980-05,1980-05-30,21,1.0
US,1980-06,1980-06-30,21,0.0
US,1980-07,1980-07-31,22,0.0
US,1980-08,1980-08-29,21,2.0
US,1980-09,1980-09-30,21,0.0
US,1980-10,1980-10-31,23,0.0
US,1980-11,1980-11-28,18,2.0
US,1980-12,1980-12-31,21,0.0
US,1981-01,1981-01-30,21,1.0
US,1981-02,1981-02-27,19,1.0
US,1981-03,1981-03-31,22,0.0
US,1981-04,1981-04-30,21,0.0
US,1981-05,1981-05-29,20,2.0
US,1981-06,1981-06-30,22,0.0
US,1981-07,1981-07-31,22,0.0
US,1981-08,1981-08-31,21,0.0
US,1981-09,1981-09-30,21,0.0
US,1981-10,1981-10-30,22,1.0
US,1981-11,1981-11-30,20,0.0
US,1981-12,1981-12-31,22,0.0
US,1982-01,1982-01-29,20,2.0
US,1982-02,1982-02-26,19,2.0
US,1982-03,1982-03-31,23,0.0
US,1982-04,1982-04-30,21,0.0
US,1982-05,1982-05-28,20,3.0
US,1982-06,1982-06-30,22,0.0
US,1982-07,1982-07-30,21,1.0
US,1982-08,1982-08-31,22,0.0
US,1982-09,1982-09-30,21,0.0
US,1982-10,1982-10-29,21,2.0
US,1982-11,1982-11-30,20,0.0
US,1982-12,1982-12-30,21,1.0
US,1983-01,1983-01-31,21,0.0
US,1983-02,1983-02-28,19,0.0
US,1983-03,1983-03-31,23,0.0
US,1983-04,1983-04-29,20,1.0
US,1983-05,1983-05-31,21,0.0
US,1983-06,1983-06-30,22,0.0
US,1983-07,1983-07-29,20,2.0
US,1983-08,1983-08-31,23,0.0
US,1983-09,1983-09-30,21,0.0
US,1983-10,1983-10-31,21,0.0
US,1983-11,1983-11-30,21,0.0
US,1983-12,1983-12-30,21,1.0
US,1984-01,1984-01-31,21,0.0
US,1984-02,1984-02-29,20,0.0
US,1984-03,1984-03-30,22,1.0
US,1984-04,1984-04-30,20,0.0
US,1984-05,1984-05-31,22,0.0
US,1984-06,1984-06-29,21,1.0
US,1984-07,1984-07-31,21,0.0
US,1984-08,1984-08-31,23,0.0
US,1984-09,1984-09-28,19,2.0
US,1984-10,1984-10-31,23,0.0
US,1984-11,1984-11-30,21,0.0
US,1984-12,1984-12-31,20,0.0
US,1985-01,1985-01-31,22,0.0
US,1985-02,1985-02-28,19,0.0
US,1985-03,1985-03-29,21,2.0
US,1985-04,1985-04-30,21,0.0
US,1985-05,1985-05-31,22,0.0
US,1985-06,1985-06-28,20,2.0
US,1985-07,1985-07-31,22,0.0
US,1985-08,1985-08-30,22,1.0
US,1985-09,1985-09-30,20,0.0
US,1985-10,1985-10-31,23,0.0
US,1985-11,1985-11-29,20,1.0
US,1985-12,1985-12-31,21,0.0
US,1986-01,1986-01-31,22,0.0
US,1986-02,1986-02-28,19,0.0
US,1986-03,1986-03-31,20,0.0
US,1986-04,1986-04-30,22,0.0
US,1986-05,1986-05-30,21,1.0
US,1986-06,1986-06-30,21,0.0
US,1986-07,1986-07-31,22,0.0
US,1986-08,1986-08-29,21,2.0
US,1986-09,1986-09-30,21,0.0
US,1986-10,1986-10-31,23,0.0
US,1986-11,1986-11-28,19,2.0
US,1986-12,1986-12-31,22,0.0
US,1987-01,1987-01-30,21,1.0
US,1987-02,1987-02-27,19,1.0
US,1987-03,1987-03-31,22,0.0
US,1987-04,1987-04-30,21,0.0
US,1987-05,1987-05-29,20,2.0
US,1987-06,1987-06-30,22,0.0
US,1987-07,1987-07-31,22,0.0
US,1987-08,1987-08-31,21,0.0
US,1987-09,1987-09-30,21,0.0
US,1987-10,1987-10-30,22,1.0
US,1987-11,1987-11-30,20,0.0
US,1987-12,1987-12-31,22,0.0
US,1988-01,1988-01-29,20,2.0
US,1988-02,1988-02-29,20,0.0
US,1988-03,1988-03-31,23,0.0
US,1988-04,1988-04-29,20,1.0
US,1988-05,1988-05-31,21,0.0
US,1988-06,1988-06-30,22,0.0
US,1988-07,1988-07-29,20,2.0
US,1988-08,1988-08-31,23,0.0
US,1988-09,1988-09-30,21,0.0
US,1988-10,1988-10-31,21,0.0
US,1988-11,1988-11-30,21,0.0
US,1988-12,1988-12-30,21,1.0
US,1989-01,1989-01-31,21,0.0
US,1989-02,1989-02-28,19,0.0
US,1989-03,1989-03-31,22,0.0
US,1989-04,1989-04-28,20,2.0
US,1989-05,1989-05-31,22,0.0
US,1989-06,1989-06-30,22,0.0
US,1989-07,1989-07-31,20,0.0
US,1989-08,1989-08-31,23,0.0
US,1989-09,1989-09-29,20,1.0
US,1989-10,1989-10-31,22,0.0
US,1989-11,1989-11-30,21,0.0
US,1989-12,1989-12-29,20,2.0
US,1990-01,1990-01-31,22,0.0
US,1990-02,1990-02-28,19,0.0
US,1990-03,1990-03-30,22,1.0
US,1990-04,1990-04-30,20,0.0
US,1990-05,1990-05-31,22,0.0
US,1990-06,1990-06-29,21,1.0
US,1990-07,1990-07-31,21,0.0
US,1990-08,1990-08-31,23,0.0
US,1990-09,1990-09-28,19,2.0
US,1990-10,1990-10-31,23,0.0
US,1990-11,1990-11-30,21,0.0
US,1990-12,1990-12-31,20,0.0
US,1991-01,1991-01-31,22,0.0
US,1991-02,1991-02-28,19,0.0
US,1991-03,1991-03-28,20,3.0
US,1991-04,1991-04-30,22,0.0
US,1991-05,1991-05-31,22,0.0
US,1991-06,1991-06-28,20,2.0
US,1991-07,1991-07-31,22,0.0
US,1991-08,1991-08-30,22,1.0
US,1991-09,1991-09-30,20,0.0
US,1991-10,1991-10-31,23,0.0
US,1991-11,1991-11-29,20,1.0
US,1991-12,1991-12-31,21,0.0
US,1992-01,1992-01-31,22,0.0
US,1992-02,1992-02-28,19,1.0
US,1992-03,1992-03-31,22,0.0
US,1992-04,1992-04-30,20,0.0
US,1992-05,1992-05-29,20,2.0
US,1992-06,1992-06-30,22,0.0
US,1992-07,1992-07-31,22,0.0
US,1992-08,1992-08-31,21,0.0
US,1992-09,1992-09-30,21,0.0
US,1992-10,1992-10-30,22,1.0
US,1992-11,1992-11-30,20,0.0
US,1992-12,1992-12-31,22,0.0
US,1993-01,1993-01-29,20,2.0
US,1993-02,1993-02-26,19,2.0
US,1993-03,1993-03-31,23,0.0
US,1993-04,1993-04-30,21,0.0
US,1993-05,1993-05-28,20,3.0
US,1993-06,1993-06-30,22,0.0
US,1993-07,1993-07-30,21,1.0
US,1993-08,1993-08-31,22,0.0
US,1993-09,1993-09-30,21,0.0
US,1993-10,1993-10-29,21,2.0
US,1993-11,1993-11-30,21,0.0
US,1993-12,1993-12-31,22,0.0
US,1994-01,1994-01-31,21,0.0
US,1994-02,1994-02-28,19,0.0
US,1994-03,1994-03-31,23,0.0
US,1994-04,1994-04-29,20,1.0
US,1994-05,1994-05-31,21,0.0
US,1994-06,1994-06-30,22,0.0
US,1994-07,1994-07-29,20,2.0
US,1994-08,1994-08-31,23,0.0
US,1994-09,1994-09-30,21,0.0
US,1994-10,1994-10-31,21,0.0
US,1994-11,1994-11-30,21,0.0
US,1994-12,1994-12-30,21,1.0
US,1995-01,1995-01-31,20,0.0
US,1995-02,1995-02-28,19,0.0
US,1995-03,1995-03-31,23,0.0
US,1995-04,1995-04-28,19,2.0
US,1995-05,1995-05-31,22,0.0
US,1995-06,1995-06-30,22,0.0
US,1995-07,1995-07-31,20,0.0
US,1995-08,1995-08-31,23,0.0
US,1995-09,1995-09-29,20,1.0
US,1995-10,1995-10-31,21,0.0
US,1995-11,1995-11-30,21,0.0
US,1995-12,1995-12-29,20,2.0
US,1996-01,1996-01-31,21,0.0
US,1996-02,1996-02-29,20,0.0
US,1996-03,1996-03-29,21,2.0
US,1996-04,1996-04-30,22,0.0
US,1996-05,1996-05-31,22,0.0
US,1996-06,1996-06-28,20,2.0
US,1996-07,1996-07-31,22,0.0
US,1996-08,1996-08-30,22,1.0
US,1996-09,1996-09-30,20,0.0
US,1996-10,1996-10-31,22,0.0
US,1996-11,1996-11-29,19,1.0
US,1996-12,1996-12-31,21,0.0
US,1997-01,1997-01-31,21,0.0
US,1997-02,1997-02-28,19,0.0
US,1997-03,1997-03-31,20,0.0
US,1997-04,1997-04-30,22,0.0
US,1997-05,1997-05-30,21,1.0
US,1997-06,1997-06-30,21,0.0
US,1997-07,1997-07-31,22,0.0
US,1997-08,1997-08-29,21,2.0
US,1997-09,1997-09-30,21,0.0
US,1997-10,1997-10-31,22,0.0
US,1997-11,1997-11-28,18,2.0
US,1997-12,1997-12-31,22,0.0
US,1998-01,1998-01-30,20,1.0
US,1998-02,1998-02-27,19,1.0
US,1998-03,1998-03-31,22,0.0
US,1998-04,1998-04-30,21,0.0
US,1998-05,1998-05-29,20,2.0
US,1998-06,1998-06-30,22,0.0
US,1998-07,1998-07-31,22,0.0
US,1998-08,1998-08-31,21,0.0
US,1998-09,1998-09-30,21,0.0
US,1998-10,1998-10-30,21,1.0
US,1998-11,1998-11-30,19,0.0
US,1998-12,1998-12-31,22,0.0
US,1999-01,1999-01-29,19,2.0
US,1999-02,1999-02-26,19,2.0
US,1999-03,1999-03-31,23,0.0
US,1999-04,1999-04-30,22,0.0
US,1999-05,1999-05-28,20,3.0
US,1999-06,1999-06-30,22,0.0
US,1999-07,1999-07-30,21,1.0
US,1999-08,1999-08-31,22,0.0
US,1999-09,1999-09-30,21,0.0
US,1999-10,1999-10-29,20,2.0
US,1999-11,1999-11-30,20,0.0
US,1999-12,1999-12-31,22,0.0
US,2000-01,2000-01-31,20,0.0
US,2000-02,2000-02-29,20,0.0
US,2000-03,2000-03-31,23,0.0
US,2000-04,2000-04-28,19,2.0
US,2000-05,2000-05-31,22,0.0
US,2000-06,2000-06-30,22,0.0
US,2000-07,2000-07-31,20,0.0
US,2000-08,2000-08-31,23,0.0
US,2000-09,2000-09-29,20,1.0
US,2000-10,2000-10-31,21,0.0
US,2000-11,2000-11-30,21,0.0
US,2000-12,2000-12-29,20,2.0
US,2001-01,2001-01-31,21,0.0
US,2001-02,2001-02-28,19,0.0
US,2001-03,2001-03-30,22,1.0
US,2001-04,2001-04-30,20,0.0
US,2001-05,2001-05-31,22,0.0
US,2001-06,2001-06-29,21,1.0
US,2001-07,2001-07-31,21,0.0
US,2001-08,2001-08-31,23,0.0
US,2001-09,2001-09-28,18,2.0
US,2001-10,2001-10-31,22,0.0
US,2001-11,2001-11-30,20,0.0
US,2001-12,2001-12-31,20,0.0
US,2002-01,2002-01-31,21,0.0
US,2002-02,2002-02-28,19,0.0
US,2002-03,2002-03-28,20,3.0
US,2002-04,2002-04-30,22,0.0
US,2002-05,2002-05-31,22,0.0
US,2002-06,2002-06-28,20,2.0
US,2002-07,2002-07-31,22,0.0
US,2002-08,2002-08-30,22,1.0
US,2002-09,2002-09-30,20,0.0
US,2002-10,2002-10-31,22,0.0
US,2002-11,2002-11-29,19,1.0
US,2002-12,2002-12-31,21,0.0
US,2003-01,2003-01-31,21,0.0
US,2003-02,2003-02-28,19,0.0
US,2003-03,2003-03-31,21,0.0
US,2003-04,2003-04-30,21,0.0
US,2003-05,2003-05-30,21,1.0
US,2003-06,2003-06-30,21,0.0
US,2003-07,2003-07-31,22,0.0
US,2003-08,2003-08-29,21,2.0
US,2003-09,2003-09-30,21,0.0
US,2003-10,2003-10-31,22,0.0
US,2003-11,2003-11-28,18,2.0
US,2003-12,2003-12-31,22,0.0
US,2004-01,2004-01-30,20,1.0
US,2004-02,2004-02-27,19,2.0
US,2004-03,2004-03-31,23,0.0
US,2004-04,2004-04-30,21,0.0
US,2004-05,2004-05-28,20,3.0
US,2004-06,2004-06-30,21,0.0
US,2004-07,2004-07-30,21,1.0
US,2004-08,2004-08-31,22,0.0
US,2004-09,2004-09-30,21,0.0
US,2004-10,2004-10-29,20,2.0
US,2004-11,2004-11-30,20,0.0
US,2004-12,2004-12-31,22,0.0
US,2005-01,2005-01-31,20,0.0
US,2005-02,2005-02-28,19,0.0
US,2005-03,2005-03-31,22,0.0
US,2005-04,2005-04-29,21,1.0
US,2005-05,2005-05-31,21,0.0
US,2005-06,2005-06-30,22,0.0
US,2005-07,2005-07-29,20,2.0
US,2005-08,2005-08-31,23,0.0
US,2005-09,2005-09-30,21,0.0
US,2005-10,2005-10-31,20,0.0
US,2005-11,2005-11-30,20,0.0
US,2005-12,2005-12-30,21,1.0
US,2006-01,2006-01-31,20,0.0
US,2006-02,2006-02-28,19,0.0
US,2006-03,2006-03-31,23,0.0
US,2006-04,2006-04-28,19,2.0
US,2006-05,2006-05-31,22,0.0
US,2006-06,2006-06-30,22,0.0
US,2006-07,2006-07-31,20,0.0
US,2006-08,2006-08-31,23,0.0
US,2006-09,2006-09-29,20,1.0
US,2006-10,2006-10-31,21,0.0
US,2006-11,2006-11-30,21,0.0
US,2006-12,2006-12-29,20,2.0
US,2007-01,2007-01-31,21,0.0
US,2007-02,2007-02-28,19,0.0
US,2007-03,2007-03-30,22,1.0
US,2007-04,2007-04-30,21,0.0
US,2007-05,2007-05-31,22,0.0
US,2007-06,2007-06-29,21,1.0
US,2007-07,2007-07-31,21,0.0
US,2007-08,2007-08-31,23,0.0
US,2007-09,2007-09-28,19,2.0
US,2007-10,2007-10-31,22,0.0
US,2007-11,2007-11-30,20,0.0
US,2007-12,2007-12-31,20,0.0
US,2008-01,2008-01-31,21,0.0
US,2008-02,2008-02-29,20,0.0
US,2008-03,2008-03-31,20,0.0
US,2008-04,2008-04-30,22,0.0
US,2008-05,2008-05-30,21,1.0
US,2008-06,2008-06-30,21,0.0
US,2008-07,2008-07-31,23,0.0
US,2008-08,2008-08-29,21,2.0
US,2008-09,2008-09-30,21,0.0
US,2008-10,2008-10-31,23,0.0
US,2008-11,2008-11-28,19,2.0
US,2008-12,2008-12-31,22,0.0
US,2009-01,2009-01-30,20,1.0
US,2009-02,2009-02-27,19,1.0
US,2009-03,2009-03-31,22,0.0
US,2009-04,2009-04-30,21,0.0
US,2009-05,2009-05-29,20,2.0
US,2009-06,2009-06-30,22,0.0
US,2009-07,2009-07-31,22,0.0
US,2009-08,2009-08-31,21,0.0
US,2009-09,2009-09-30,21,0.0
US,2009-10,2009-10-30,22,1.0
US,2009-11,2009-11-30,20,0.0
US,2009-12,2009-12-31,22,0.0
US,2010-01,2010-01-29,19,2.0
US,2010-02,2010-02-26,19,2.0
US,2010-03,2010-03-31,23,0.0
US,2010-04,2010-04-30,22,0.0
US,2010-05,2010-05-28,20,3.0
US,2010-06,2010-06-30,22,0.0
US,2010-07,2010-07-30,21,1.0
US,2010-08,2010-08-31,22,0.0
US,2010-09,2010-09-30,21,0.0
US,2010-10,2010-10-29,21,2.0
US,2010-11,2010-11-30,21,0.0
US,2010-12,2010-12-31,22,0.0
US,2011-01,2011-01-31,20,0.0
US,2011-02,2011-02-28,19,0.0
US,2011-03,2011-03-31,23,0.0
US,2011-04,2011-04-29,20,1.0
US,2011-05,2011-05-31,21,0.0
US,2011-06,2011-06-30,22,0.0
US,2011-07,2011-07-29,20,2.0
US,2011-08,2011-08-31,23,0.0
US,2011-09,2011-09-30,21,0.0
US,2011-10,2011-10-31,21,0.0
US,2011-11,2011-11-30,21,0.0
US,2011-12,2011-12-30,21,1.0
US,2012-01,2012-01-31,20,0.0
US,2012-02,2012-02-29,20,0.0
US,2012-03,2012-03-30,22,1.0
US,2012-04,2012-04-30,21,0.0
US,2012-05,2012-05-31,22,0.0
US,2012-06,2012-06-29,21,1.0
US,2012-07,2012-07-31,21,0.0
US,2012-08,2012-08-31,23,0.0
US,2012-09,2012-09-28,19,2.0
US,2012-10,2012-10-31,23,0.0
US,2012-11,2012-11-30,21,0.0
US,2012-12,2012-12-31,20,0.0
US,2013-01,2013-01-31,21,0.0
US,2013-02,2013-02-28,19,0.0
US,2013-03,2013-03-28,20,3.0
US,2013-04,2013-04-30,22,0.0
US,2013-05,2013-05-31,22,0.0
US,2013-06,2013-06-28,20,2.0
US,2013-07,2013-07-31,22,0.0
US,2013-08,2013-08-30,22,1.0
US,2013-09,2013-09-30,20,0.0
US,2013-10,2013-10-31,23,0.0
US,2013-11,2013-11-29,20,1.0
US,2013-12,2013-12-31,21,0.0
US,2014-01,2014-01-31,21,0.0
US,2014-02,2014-02-28,19,0.0
US,2014-03,2014-03-31,21,0.0
US,2014-04,2014-04-30,21,0.0
US,2014-05,2014-05-30,21,1.0
US,2014-06,2014-06-30,21,0.0
US,2014-07,2014-07-31,22,0.0
US,2014-08,2014-08-29,21,2.0
US,2014-09,2014-09-30,21,0.0
US,2014-10,2014-10-31,23,0.0
US,2014-11,2014-11-28,19,2.0
US,2014-12,2014-12-31,22,0.0
UZ,1969-01,,0,
UZ,1969-02,,0,
UZ,1969-03,,0,
UZ,1969-04,,0,
UZ,1969-05,,0,
UZ,1969-06,,0,
UZ,1969-07,,0,
UZ,1969-08,,0,
UZ,1969-09,,0,
UZ,1969-10,,0,
UZ,1969-11,,0,
UZ,1969-12,,0,
UZ,1970-01,,0,
UZ,1970-02,,0,
UZ,1970-03,,0,
UZ,1970-04,,0,
UZ,1970-05,,0,
UZ,1970-06,,0,
UZ,1970-07,,0,
UZ,1970-08,,0,
UZ,1970-09,,0,
UZ,1970-10,,0,
UZ,1970-11,,0,
UZ,1970-12,,0,
UZ,1971-01,,0,
UZ,1971-02,,0,
UZ,1971-03,,0,
UZ,1971-04,,0,
UZ,1971-05,,0,
UZ,1971-06,,0,
UZ,1971-07,,0,
UZ,1971-08,,0,
UZ,1971-09,,0,
UZ,1971-10,,0,
UZ,1971-11,,0,
UZ,1971-12,,0,
UZ,1972-01,,0,
UZ,1972-02,,0,
UZ,1972-03,,0,
UZ,1972-04,,0,
UZ,1972-05,,0,
UZ,1972-06,,0,
UZ,1972-07,,0,
UZ,1972-08,,0,
UZ,1972-09,,0,
UZ,1972-10,,0,
UZ,1972-11,,0,
UZ,1972-12,,0,
UZ,1973-01,,0,
UZ,1973-02,,0,
UZ,1973-03,,0,
UZ,1973-04,,0,
UZ,1973-05,,0,
UZ,1973-06,,0,
UZ,1973-07,,0,
UZ,1973-08,,0,
UZ,1973-09,,0,
UZ,1973-10,,0,
UZ,1973-11,,0,
UZ,1973-12,,0,
UZ,1974-01,,0,
UZ,1974-02,,0,
UZ,1974-03,,0,
UZ,1974-04,,0,
UZ,1974-05,,0,
UZ,1974-06,,0,
UZ,1974-07,,0,
UZ,1974-08,,0,
UZ,1974-09,,0,
UZ,1974-10,,0,
UZ,1974-11,,0,
UZ,1974-12,,0,
UZ,1975-01,,0,
UZ,1975-02,,0,
UZ,1975-03,,0,
UZ,1975-04,,0,
UZ,1975-05,,0,
UZ,1975-06,,0,
UZ,1975-07,,0,
UZ,1975-08,,0,
UZ,1975-09,,0,
UZ,1975-10,,0,
UZ,1975-11,,0,
UZ,1975-12,,0,
UZ,1976-01,,0,
UZ,1976-02,,0,
UZ,1976-03,,0,
UZ,1976-04,,0,
UZ,1976-05,,0,
UZ,1976-06,,0,
UZ,1976-07,,0,
UZ,1976-08,,0,
UZ,1976-09,,0,
UZ,1976-10,,0,
UZ,1976-11,,0,
UZ,1976-12,,0,
UZ,1977-01,,0,
UZ,1977-02,,0,
UZ,1977-03,,0,
UZ,1977-04,,0,
UZ,1977-05,,0,
UZ,1977-06,,0,
UZ,1977-07,,0,
UZ,1977-08,,0,
UZ,1977-09,,0,
UZ,1977-10,,0,
UZ,1977-11,,0,
UZ,1977-12,,0,
UZ,1978-01,,0,
UZ,1978-02,,0,
UZ,1978-03,,0,
UZ,1978-04,,0,
UZ,1978-05,,0,
UZ,1978-06,,0,
UZ,1978-07,,0,
UZ,1978-08,,0,
UZ,1978-09,,0,
UZ,1978-10,,0,
UZ,1978-11,,0,
UZ,1978-12,,0,
UZ,1979-01,,0,
UZ,1979-02,,0,
UZ,1979-03,,0,
UZ,1979-04,,0,
UZ,1979-05,,0,
UZ,1979-06,,0,
UZ,1979-07,,0,
UZ,1979-08,,0,
UZ,1979-09,,0,
UZ,1979-10,,0,
UZ,1979-11,,0,
UZ,1979-12,,0,
UZ,1980-01,,0,
UZ,1980-02,,0,
UZ,1980-03,,0,
UZ,1980-04,,0,
UZ,1980-05,,0,
UZ,1980-06,,0,
UZ,1980-07,,0,
UZ,1980-08,,0,
UZ,1980-09,,0,
UZ,1980-10,,0,
UZ,1980-11,,0,
UZ,1980-12,,0,
UZ,1981-01,,0,
UZ,1981-02,,0,
UZ,1981-03,,0,
UZ,1981-04,,0,
UZ,1981-05,,0,
UZ,1981-06,,0,
UZ,1981-07,,0,
UZ,1981-08,,0,
UZ,1981-09,,0,
UZ,1981-10,,0,
UZ,1981-11,,0,
UZ,1981-12,,0,
UZ,1982-01,,0,
UZ,1982-02,,0,
UZ,1982-03,,0,
UZ,1982-04,,0,
UZ,1982-05,,0,
UZ,1982-06,,0,
UZ,1982-07,,0,
UZ,1982-08,,0,
UZ,1982-09,,0,
UZ,1982-10,,0,
UZ,1982-11,,0,
UZ,1982-12,,0,
UZ,1983-01,,0,
UZ,1983-02,,0,
UZ,1983-03,,0,
UZ,1983-04,,0,
UZ,1983-05,,0,
UZ,1983-06,,0,
UZ,1983-07,,0,
UZ,1983-08,,0,
UZ,1983-09,,0,
UZ,1983-10,,0,
UZ,1983-11,,0,
UZ,1983-12,,0,
UZ,1984-01,,0,
UZ,1984-02,,0,
UZ,1984-03,,0,
UZ,1984-04,,0,
UZ,1984-05,,0,
UZ,1984-06,,0,
UZ,1984-07,,0,
UZ,1984-08,,0,
UZ,1984-09,,0,
UZ,1984-10,,0,
UZ,1984-11,,0,
UZ,1984-12,,0,
UZ,1985-01,,0,
UZ,1985-02,,0,
UZ,1985-03,,0,
UZ,1985-04,,0,
UZ,1985-05,,0,
UZ,1985-06,,0,
UZ,1985-07,,0,
UZ,1985-08,,0,
UZ,1985-09,,0,
UZ,1985-10,,0,
UZ,1985-11,,0,
UZ,1985-12,,0,
UZ,1986-01,,0,
UZ,1986-02,,0,
UZ,1986-03,,0,
UZ,1986-04,,0,
UZ,1986-05,,0,
UZ,1986-06,,0,
UZ,1986-07,,0,
UZ,1986-08,,0,
UZ,1986-09,,0,
UZ,1986-10,,0,
UZ,1986-11,,0,
UZ,1986-12,,0,
UZ,1987-01,,0,
UZ,1987-02,,0,
UZ,1987-03,,0,
UZ,1987-04,,0,
UZ,1987-05,,0,
UZ,1987-06,,0,
UZ,1987-07,,0,
UZ,1987-08,,0,
UZ,1987-09,,0,
UZ,1987-10,,0,
UZ,1987-11,,0,
UZ,1987-12,,0,
UZ,1988-01,,0,
UZ,1988-02,,0,
UZ,1988-03,,0,
UZ,1988-04,,0,
UZ,1988-05,,0,
UZ,1988-06,,0,
UZ,1988-07,,0,
UZ,1988-08,,0,
UZ,1988-09,,0,
UZ,1988-10,,0,
UZ,1988-11,,0,
UZ,1988-12,,0,
UZ,1989-01,,0,
UZ,1989-02,,0,
UZ,1989-03,,0,
UZ,1989-04,,0,
UZ,1989-05,,0,
UZ,1989-06,,0,
UZ,1989-07,,0,
UZ,1989-08,,0,
UZ,1989-09,,0,
UZ,1989-10,,0,
UZ,1989-11,,0,
UZ,1989-12,,0,
UZ,1990-01,,0,
UZ,1990-02,,0,
UZ,1990-03,,0,
UZ,1990-04,,0,
UZ,1990-05,,0,
UZ,1990-06,,0,
UZ,1990-07,,0,
UZ,1990-08,,0,
UZ,1990-09,,0,
UZ,1990-10,,0,
UZ,1990-11,,0,
UZ,1990-12,,0,
UZ,1991-01,,0,
UZ,1991-02,,0,
UZ,1991-03,,0,
UZ,1991-04,,0,
UZ,1991-05,,0,
UZ,1991-06,,0,
UZ,1991-07,,0,
UZ,1991-08,,0,
UZ,1991-09,,0,
UZ,1991-10,,0,
UZ,1991-11,,0,
UZ,1991-12,,0,
UZ,1992-01,,0,
UZ,1992-02,,0,
UZ,1992-03,,0,
UZ,1992-04,,0,
UZ,1992-05,,0,
UZ,1992-06,,0,
UZ,1992-07,,0,
UZ,1992-08,,0,
UZ,1992-09,,0,
UZ,1992-10,,0,
UZ,1992-11,,0,
UZ,1992-12,,0,
UZ,1993-01,,0,
UZ,1993-02,,0,
UZ,1993-03,,0,
UZ,1993-04,,0,
UZ,1993-05,,0,
UZ,1993-06,,0,
UZ,1993-07,,0,
UZ,1993-08,,0,
UZ,1993-09,,0,
UZ,1993-10,,0,
UZ,1993-11,,0,
UZ,1993-12,,0,
UZ,1994-01,,0,
UZ,1994-02,,0,
UZ,1994-03,,0,
UZ,1994-04,,0,
UZ,1994-05,,0,
UZ,1994-06,,0,
UZ,1994-07,,0,
UZ,1994-08,,0,
UZ,1994-09,,0,
UZ,1994-10,,0,
UZ,1994-11,,0,
UZ,1994-12,,0,
UZ,1995-01,,0,
UZ,1995-02,,0,
UZ,1995-03,,0,
UZ,1995-04,,0,
UZ,1995-05,,0,
UZ,1995-06,,0,
UZ,1995-07,,0,
UZ,1995-08,,0,
UZ,1995-09,,0,
UZ,1995-10,,0,
UZ,1995-11,,0,
UZ,1995-12,,0,
UZ,1996-01,,0,
UZ,1996-02,,0,
UZ,1996-03,,0,
UZ,1996-04,,0,
UZ,1996-05,,0,
UZ,1996-06,,0,
UZ,1996-07,,0,
UZ,1996-08,,0,
UZ,1996-09,,0,
UZ,1996-10,,0,
UZ,1996-11,,0,
UZ,1996-12,,0,
UZ,1997-01,,0,
UZ,1997-02,,0,
UZ,1997-03,,0,
UZ,1997-04,,0,
UZ,1997-05,,0,
UZ,1997-06,,0,
UZ,1997-07,,0,
UZ,1997-08,,0,
UZ,1997-09,,0,
UZ,1997-10,,0,
UZ,1997-11,,0,
UZ,1997-12,,0,
UZ,1998-01,,0,
UZ,1998-02,,0,
UZ,1998-03,,0,
UZ,1998-04,,0,
UZ,1998-05,,0,
UZ,1998-06,,0,
UZ,1998-07,,0,
UZ,1998-08,,0,
UZ,1998-09,,0,
UZ,1998-10,,0,
UZ,1998-11,,0,
UZ,1998-12,,0,
UZ,1999-01,1999-01-29,20,2.0
UZ,1999-02,1999-02-26,19,2.0
UZ,1999-03,1999-03-31,23,0.0
UZ,1999-04,1999-04-30,20,0.0
UZ,1999-05,1999-05-31,19,0.0
UZ,1999-06,1999-06-30,21,0.0
UZ,1999-07,1999-07-30,22,1.0
UZ,1999-08,1999-08-31,22,0.0
UZ,1999-09,1999-09-30,22,0.0
UZ,1999-10,1999-10-29,21,2.0
UZ,1999-11,1999-11-30,22,0.0
UZ,1999-12,1999-12-30,21,1.0
UZ,2000-01,2000-01-31,21,0.0
UZ,2000-02,2000-02-29,21,0.0
UZ,2000-03,2000-03-31,23,0.0
UZ,2000-04,2000-04-28,18,2.0
UZ,2000-05,2000-05-31,22,0.0
UZ,2000-06,2000-06-30,22,0.0
UZ,2000-07,2000-07-31,21,0.0
UZ,2000-08,2000-08-31,23,0.0
UZ,2000-09,2000-09-29,21,1.0
UZ,2000-10,2000-10-31,22,0.0
UZ,2000-11,2000-11-30,22,0.0
UZ,2000-12,2000-12-29,19,2.0
UZ,2001-01,2001-01-31,22,0.0
UZ,2001-02,2001-02-28,20,0.0
UZ,2001-03,2001-03-30,22,1.0
UZ,2001-04,2001-04-30,19,0.0
UZ,2001-05,2001-05-31,22,0.0
UZ,2001-06,2001-06-29,21,1.0
UZ,2001-07,2001-07-31,22,0.0
UZ,2001-08,2001-08-31,23,0.0
UZ,2001-09,2001-09-28,20,2.0
UZ,2001-10,2001-10-31,23,0.0
UZ,2001-11,2001-11-30,22,0.0
UZ,2001-12,2001-12-28,17,3.0
UZ,2002-01,2002-01-31,22,0.0
UZ,2002-02,2002-02-28,20,0.0
UZ,2002-03,2002-03-28,20,3.0
UZ,2002-04,2002-04-30,21,0.0
UZ,2002-05,2002-05-31,22,0.0
UZ,2002-06,2002-06-28,20,2.0
UZ,2002-07,2002-07-31,23,0.0
UZ,2002-08,2002-08-30,22,1.0
UZ,2002-09,2002-09-30,21,0.0
UZ,2002-10,2002-10-31,23,0.0
UZ,2002-11,2002-11-29,21,1.0
UZ,2002-12,2002-12-30,18,1.0
UZ,2003-01,2003-01-31,22,0.0
UZ,2003-02,2003-02-28,20,0.0
UZ,2003-03,2003-03-31,21,0.0
UZ,2003-04,2003-04-30,20,0.0
UZ,2003-05,2003-05-30,21,1.0
UZ,2003-06,2003-06-30,21,0.0
UZ,2003-07,2003-07-31,23,0.0
UZ,2003-08,2003-08-29,21,2.0
UZ,2003-09,2003-09-30,22,0.0
UZ,2003-10,2003-10-31,23,0.0
UZ,2003-11,2003-11-28,20,2.0
UZ,2003-12,2003-12-30,19,1.0
UZ,2004-01,2004-01-30,21,1.0
UZ,2004-02,2004-02-27,20,2.0
UZ,2004-03,2004-03-31,23,0.0
UZ,2004-04,2004-04-30,20,0.0
UZ,2004-05,2004-05-31,21,0.0
UZ,2004-06,2004-06-30,22,0.0
UZ,2004-07,2004-07-30,22,1.0
UZ,2004-08,2004-08-31,22,0.0
UZ,2004-09,2004-09-30,22,0.0
UZ,2004-10,2004-10-29,21,2.0
UZ,2004-11,2004-11-30,22,0.0
UZ,2004-12,2004-12-30,21,1.0
UZ,2005-01,2005-01-31,21,0.0
UZ,2005-02,2005-02-28,20,0.0
UZ,2005-03,2005-03-31,21,0.0
UZ,2005-04,2005-04-29,21,1.0
UZ,2005-05,2005-05-31,22,0.0
UZ,2005-06,2005-06-30,22,0.0
UZ,2005-07,2005-07-29,21,2.0
UZ,2005-08,2005-08-31,23,0.0
UZ,2005-09,2005-09-30,22,0.0
UZ,2005-10,2005-10-31,21,0.0
UZ,2005-11,2005-11-30,22,0.0
UZ,2005-12,2005-12-30,21,1.0
UZ,2006-01,2006-01-31,22,0.0
UZ,2006-02,2006-02-28,20,0.0
UZ,2006-03,2006-03-31,23,0.0
UZ,2006-04,2006-04-28,18,2.0
UZ,2006-05,2006-05-31,22,0.0
UZ,2006-06,2006-06-30,22,0.0
UZ,2006-07,2006-07-31,21,0.0
UZ,2006-08,2006-08-31,23,0.0
UZ,2006-09,2006-09-29,21,1.0
UZ,2006-10,2006-10-31,22,0.0
UZ,2006-11,2006-11-30,22,0.0
UZ,2006-12,2006-12-29,19,2.0
UZ,2007-01,2007-01-31,22,0.0
UZ,2007-02,2007-02-28,20,0.0
UZ,2007-03,2007-03-30,22,1.0
UZ,2007-04,2007-04-30,19,0.0
UZ,2007-05,2007-05-31,21,0.0
UZ,2007-06,2007-06-29,21,1.0
UZ,2007-07,2007-07-31,22,0.0
UZ,2007-08,2007-08-31,23,0.0
UZ,2007-09,2007-09-28,20,2.0
UZ,2007-10,2007-10-31,23,0.0
UZ,2007-11,2007-11-30,22,0.0
UZ,2007-12,2007-12-28,17,3.0
UZ,2008-01,2008-01-31,22,0.0
UZ,2008-02,2008-02-29,21,0.0
UZ,2008-03,2008-03-31,19,0.0
UZ,2008-04,2008-04-30,22,0.0
UZ,2008-05,2008-05-30,21,1.0
UZ,2008-06,2008-06-30,21,0.0
UZ,2008-07,2008-07-31,23,0.0
UZ,2008-08,2008-08-29,21,2.0
UZ,2008-09,2008-09-30,22,0.0
UZ,2008-10,2008-10-31,23,0.0
UZ,2008-11,2008-11-28,20,2.0
UZ,2008-12,2008-12-30,19,1.0
UZ,2009-01,2009-01-30,21,1.0
UZ,2009-02,2009-02-27,20,1.0
UZ,2009-03,2009-03-31,22,0.0
UZ,2009-04,2009-04-30,20,0.0
UZ,2009-05,2009-05-29,20,2.0
UZ,2009-06,2009-06-30,22,0.0
UZ,2009-07,2009-07-31,23,0.0
UZ,2009-08,2009-08-31,21,0.0
UZ,2009-09,2009-09-30,22,0.0
UZ,2009-10,2009-10-30,22,1.0
UZ,2009-11,2009-11-30,21,0.0
UZ,2009-12,2009-12-30,20,1.0
UZ,2010-01,2010-01-29,20,2.0
UZ,2010-02,2010-02-26,20,2.0
UZ,2010-03,2010-03-31,23,0.0
UZ,2010-04,2010-04-30,20,0.0
UZ,2010-05,2010-05-31,21,0.0
UZ,2010-06,2010-06-30,22,0.0
UZ,2010-07,2010-07-30,22,1.0
UZ,2010-08,2010-08-31,22,0.0
UZ,2010-09,2010-09-30,22,0.0
UZ,2010-10,2010-10-29,21,2.0
UZ,2010-11,2010-11-30,22,0.0
UZ,2010-12,2010-12-30,21,1.0
UZ,2011-01,2011-01-31,21,0.0
UZ,2011-02,2011-02-28,20,0.0
UZ,2011-03,2011-03-31,23,0.0
UZ,2011-04,2011-04-29,19,1.0
UZ,2011-05,2011-05-31,22,0.0
UZ,2011-06,2011-06-30,22,0.0
UZ,2011-07,2011-07-29,21,2.0
UZ,2011-08,2011-08-31,23,0.0
UZ,2011-09,2011-09-30,22,0.0
UZ,2011-10,2011-10-31,21,0.0
UZ,2011-11,2011-11-30,22,0.0
UZ,2011-12,2011-12-30,21,1.0
UZ,2012-01,2012-01-31,21,0.0
UZ,2012-02,2012-02-29,21,0.0
UZ,2012-03,2012-03-30,22,1.0
UZ,2012-04,2012-04-30,19,0.0
UZ,2012-05,2012-05-31,22,0.0
UZ,2012-06,2012-06-29,21,1.0
UZ,2012-07,2012-07-31,22,0.0
UZ,2012-08,2012-08-31,23,0.0
UZ,2012-09,2012-09-28,20,2.0
UZ,2012-10,2012-10-31,23,0.0
UZ,2012-11,2012-11-30,22,0.0
UZ,2012-12,2012-12-28,17,3.0
UZ,2013-01,2013-01-31,22,0.0
UZ,2013-02,2013-02-28,20,0.0
UZ,2013-03,2013-03-28,20,3.0
UZ,2013-04,2013-04-30,21,0.0
UZ,2013-05,2013-05-31,22,0.0
UZ,2013-06,2013-06-28,20,2.0
UZ,2013-07,2013-07-31,23,0.0
UZ,2013-08,2013-08-30,22,1.0
UZ,2013-09,2013-09-30,21,0.0
UZ,2013-10,2013-10-31,23,0.0
UZ,2013-11,2013-11-29,21,1.0
UZ,2013-12,2013-12-30,18,1.0
UZ,2014-01,2014-01-31,22,0.0
UZ,2014-02,2014-02-28,20,0.0
UZ,2014-03,2014-03-31,21,0.0
UZ,2014-04,2014-04-30,20,0.0
UZ,2014-05,2014-05-30,21,1.0
UZ,2014-06,2014-06-30,21,0.0
UZ,2014-07,2014-07-31,22,0.0
UZ,2014-08,2014-08-29,21,2.0
UZ,2014-09,2014-09-30,22,0.0
UZ,2014-10,2014-10-31,23,0.0
UZ,2014-11,2014-11-28,20,2.0
UZ,2014-12,2014-12-30,19,1.0
XU,1969-01,,0,
XU,1969-02,,0,
XU,1969-03,,0,
XU,1969-04,,0,
XU,1969-05,,0,
XU,1969-06,,0,
XU,1969-07,,0,
XU,1969-08,,0,
XU,1969-09,,0,
XU,1969-10,,0,
XU,1969-11,,0,
XU,1969-12,,0,
XU,1970-01,,0,
XU,1970-02,,0,
XU,1970-03,,0,
XU,1970-04,,0,
XU,1970-05,,0,
XU,1970-06,,0,
XU,1970-07,,0,
XU,1970-08,,0,
XU,1970-09,,0,
XU,1970-10,,0,
XU,1970-11,,0,
XU,1970-12,,0,
XU,1971-01,,0,
XU,1971-02,,0,
XU,1971-03,,0,
XU,1971-04,,0,
XU,1971-05,,0,
XU,1971-06,,0,
XU,1971-07,,0,
XU,1971-08,,0,
XU,1971-09,,0,
XU,1971-10,,0,
XU,1971-11,,0,
XU,1971-12,,0,
XU,1972-01,,0,
XU,1972-02,,0,
XU,1972-03,,0,
XU,1972-04,,0,
XU,1972-05,,0,
XU,1972-06,,0,
XU,1972-07,,0,
XU,1972-08,,0,
XU,1972-09,,0,
XU,1972-10,,0,
XU,1972-11,,0,
XU,1972-12,,0,
XU,1973-01,,0,
XU,1973-02,,0,
XU,1973-03,,0,
XU,1973-04,,0,
XU,1973-05,,0,
XU,1973-06,,0,
XU,1973-07,,0,
XU,1973-08,,0,
XU,1973-09,,0,
XU,1973-10,,0,
XU,1973-11,,0,
XU,1973-12,,0,
XU,1974-01,,0,
XU,1974-02,,0,
XU,1974-03,,0,
XU,1974-04,,0,
XU,1974-05,,0,
XU,1974-06,,0,
XU,1974-07,,0,
XU,1974-08,,0,
XU,1974-09,,0,
XU,1974-10,,0,
XU,1974-11,,0,
XU,1974-12,,0,
XU,1975-01,,0,
XU,1975-02,,0,
XU,1975-03,,0,
XU,1975-04,,0,
XU,1975-05,,0,
XU,1975-06,,0,
XU,1975-07,,0,
XU,1975-08,,0,
XU,1975-09,,0,
XU,1975-10,,0,
XU,1975-11,,0,
XU,1975-12,,0,
XU,1976-01,,0,
XU,1976-02,,0,
XU,1976-03,,0,
XU,1976-04,,0,
XU,1976-05,,0,
XU,1976-06,,0,
XU,1976-07,,0,
XU,1976-08,,0,
XU,1976-09,,0,
XU,1976-10,,0,
XU,1976-11,,0,
XU,1976-12,,0,
XU,1977-01,,0,
XU,1977-02,,0,
XU,1977-03,,0,
XU,1977-04,,0,
XU,1977-05,,0,
XU,1977-06,,0,
XU,1977-07,,0,
XU,1977-08,,0,
XU,1977-09,,0,
XU,1977-10,,0,
XU,1977-11,,0,
XU,1977-12,,0,
XU,1978-01,,0,
XU,1978-02,,0,
XU,1978-03,,0,
XU,1978-04,,0,
XU,1978-05,,0,
XU,1978-06,,0,
XU,1978-07,,0,
XU,1978-08,,0,
XU,1978-09,,0,
XU,1978-10,,0,
XU,1978-11,,0,
XU,1978-12,,0,
XU,1979-01,,0,
XU,1979-02,,0,
XU,1979-03,,0,
XU,1979-04,,0,
XU,1979-05,,0,
XU,1979-06,,0,
XU,1979-07,,0,
XU,1979-08,,0,
XU,1979-09,,0,
XU,1979-10,,0,
XU,1979-11,,0,
XU,1979-12,,0,
XU,1980-01,,0,
XU,1980-02,,0,
XU,1980-03,,0,
XU,1980-04,,0,
XU,1980-05,,0,
XU,1980-06,,0,
XU,1980-07,,0,
XU,1980-08,,0,
XU,1980-09,,0,
XU,1980-10,,0,
XU,1980-11,,0,
XU,1980-12,,0,
XU,1981-01,,0,
XU,1981-02,,0,
XU,1981-03,,0,
XU,1981-04,,0,
XU,1981-05,,0,
XU,1981-06,,0,
XU,1981-07,,0,
XU,1981-08,,0,
XU,1981-09,,0,
XU,1981-10,,0,
XU,1981-11,,0,
XU,1981-12,,0,
XU,1982-01,,0,
XU,1982-02,,0,
XU,1982-03,,0,
XU,1982-04,,0,
XU,1982-05,,0,
XU,1982-06,,0,
XU,1982-07,,0,
XU,1982-08,,0,
XU,1982-09,,0,
XU,1982-10,,0,
XU,1982-11,,0,
XU,1982-12,,0,
XU,1983-01,,0,
XU,1983-02,,0,
XU,1983-03,,0,
XU,1983-04,,0,
XU,1983-05,,0,
XU,1983-06,,0,
XU,1983-07,,0,
XU,1983-08,,0,
XU,1983-09,,0,
XU,1983-10,,0,
XU,1983-11,,0,
XU,1983-12,,0,
XU,1984-01,,0,
XU,1984-02,,0,
XU,1984-03,,0,
XU,1984-04,,0,
XU,1984-05,,0,
XU,1984-06,,0,
XU,1984-07,,0,
XU,1984-08,,0,
XU,1984-09,,0,
XU,1984-10,,0,
XU,1984-11,,0,
XU,1984-12,,0,
XU,1985-01,,0,
XU,1985-02,,0,
XU,1985-03,,0,
XU,1985-04,,0,
XU,1985-05,,0,
XU,1985-06,,0,
XU,1985-07,,0,
XU,1985-08,,0,
XU,1985-09,,0,
XU,1985-10,,0,
XU,1985-11,,0,
XU,1985-12,,0,
XU,1986-01,,0,
XU,1986-02,,0,
XU,1986-03,,0,
XU,1986-04,,0,
XU,1986-05,,0,
XU,1986-06,,0,
XU,1986-07,,0,
XU,1986-08,,0,
XU,1986-09,,0,
XU,1986-10,,0,
XU,1986-11,,0,
XU,1986-12,,0,
XU,1987-01,,0,
XU,1987-02,,0,
XU,1987-03,,0,
XU,1987-04,,0,
XU,1987-05,,0,
XU,1987-06,,0,
XU,1987-07,,0,
XU,1987-08,,0,
XU,1987-09,,0,
XU,1987-10,,0,
XU,1987-11,,0,
XU,1987-12,,0,
XU,1988-01,,0,
XU,1988-02,,0,
XU,1988-03,,0,
XU,1988-04,,0,
XU,1988-05,,0,
XU,1988-06,,0,
XU,1988-07,,0,
XU,1988-08,,0,
XU,1988-09,,0,
XU,1988-10,,0,
XU,1988-11,,0,
XU,1988-12,,0,
XU,1989-01,,0,
XU,1989-02,,0,
XU,1989-03,,0,
XU,1989-04,,0,
XU,1989-05,,0,
XU,1989-06,,0,
XU,1989-07,,0,
XU,1989-08,,0,
XU,1989-09,,0,
XU,1989-10,,0,
XU,1989-11,,0,
XU,1989-12,,0,
XU,1990-01,,0,
XU,1990-02,,0,
XU,1990-03,,0,
XU,1990-04,,0,
XU,1990-05,,0,
XU,1990-06,,0,
XU,1990-07,,0,
XU,1990-08,,0,
XU,1990-09,,0,
XU,1990-10,,0,
XU,1990-11,,0,
XU,1990-12,,0,
XU,1991-01,,0,
XU,1991-02,,0,
XU,1991-03,,0,
XU,1991-04,,0,
XU,1991-05,,0,
XU,1991-06,,0,
XU,1991-07,,0,
XU,1991-08,,0,
XU,1991-09,,0,
XU,1991-10,,0,
XU,1991-11,,0,
XU,1991-12,,0,
XU,1992-01,,0,
XU,1992-02,,0,
XU,1992-03,,0,
XU,1992-04,,0,
XU,1992-05,,0,
XU,1992-06,,0,
XU,1992-07,,0,
XU,1992-08,,0,
XU,1992-09,,0,
XU,1992-10,,0,
XU,1992-11,,0,
XU,1992-12,,0,
XU,1993-01,,0,
XU,1993-02,,0,
XU,1993-03,,0,
XU,1993-04,,0,
XU,1993-05,,0,
XU,1993-06,,0,
XU,1993-07,,0,
XU,1993-08,,0,
XU,1993-09,,0,
XU,1993-10,,0,
XU,1993-11,,0,
XU,1993-12,,0,
XU,1994-01,,0,
XU,1994-02,,0,
XU,1994-03,,0,
XU,1994-04,,0,
XU,1994-05,,0,
XU,1994-06,,0,
XU,1994-07,,0,
XU,1994-08,,0,
XU,1994-09,,0,
XU,1994-10,,0,
XU,1994-11,,0,
XU,1994-12,,0,
XU,1995-01,,0,
XU,1995-02,,0,
XU,1995-03,,0,
XU,1995-04,,0,
XU,1995-05,,0,
XU,1995-06,,0,
XU,1995-07,,0,
XU,1995-08,,0,
XU,1995-09,,0,
XU,1995-10,,0,
XU,1995-11,,0,
XU,1995-12,,0,
XU,1996-01,,0,
XU,1996-02,,0,
XU,1996-03,,0,
XU,1996-04,,0,
XU,1996-05,,0,
XU,1996-06,,0,
XU,1996-07,,0,
XU,1996-08,,0,
XU,1996-09,,0,
XU,1996-10,,0,
XU,1996-11,,0,
XU,1996-12,,0,
XU,1997-01,,0,
XU,1997-02,,0,
XU,1997-03,,0,
XU,1997-04,,0,
XU,1997-05,,0,
XU,1997-06,,0,
XU,1997-07,,0,
XU,1997-08,,0,
XU,1997-09,,0,
XU,1997-10,,0,
XU,1997-11,,0,
XU,1997-12,,0,
XU,1998-01,,0,
XU,1998-02,,0,
XU,1998-03,,0,
XU,1998-04,,0,
XU,1998-05,,0,
XU,1998-06,,0,
XU,1998-07,,0,
XU,1998-08,,0,
XU,1998-09,,0,
XU,1998-10,,0,
XU,1998-11,,0,
XU,1998-12,,0,
XU,1999-01,,0,
XU,1999-02,,0,
XU,1999-03,,0,
XU,1999-04,,0,
XU,1999-05,,0,
XU,1999-06,,0,
XU,1999-07,,0,
XU,1999-08,,0,
XU,1999-09,,0,
XU,1999-10,,0,
XU,1999-11,,0,
XU,1999-12,,0,
XU,2000-01,,0,
XU,2000-02,,0,
XU,2000-03,,0,
XU,2000-04,,0,
XU,2000-05,,0,
XU,2000-06,,0,
XU,2000-07,,0,
XU,2000-08,,0,
XU,2000-09,,0,
XU,2000-10,,0,
XU,2000-11,,0,
XU,2000-12,,0,
XU,2001-01,,0,
XU,2001-02,,0,
XU,2001-03,2001-03-30,4,1.0
XU,2001-04,2001-04-30,19,0.0
XU,2001-05,2001-05-31,22,0.0
XU,2001-06,2001-06-29,21,1.0
XU,2001-07,2001-07-31,22,0.0
XU,2001-08,2001-08-31,23,0.0
XU,2001-09,2001-09-28,20,2.0
XU,2001-10,2001-10-31,23,0.0
XU,2001-11,2001-11-30,22,0.0
XU,2001-12,2001-12-28,17,3.0
XU,2002-01,2002-01-31,22,0.0
XU,2002-02,2002-02-28,20,0.0
XU,2002-03,2002-03-28,20,3.0
XU,2002-04,2002-04-30,21,0.0
XU,2002-05,2002-05-31,22,0.0
XU,2002-06,2002-06-28,20,2.0
XU,2002-07,2002-07-31,23,0.0
XU,2002-08,2002-08-30,22,1.0
XU,2002-09,2002-09-30,21,0.0
XU,2002-10,2002-10-31,23,0.0
XU,2002-11,2002-11-29,21,1.0
XU,2002-12,2002-12-30,18,1.0
XU,2003-01,2003-01-31,22,0.0
XU,2003-02,2003-02-28,20,0.0
XU,2003-03,2003-03-31,21,0.0
XU,2003-04,2003-04-30,20,0.0
XU,2003-05,2003-05-30,21,1.0
XU,2003-06,2003-06-30,21,0.0
XU,2003-07,2003-07-31,23,0.0
XU,2003-08,2003-08-29,21,2.0
XU,2003-09,2003-09-30,22,0.0
XU,2003-10,2003-10-31,23,0.0
XU,2003-11,2003-11-28,20,2.0
XU,2003-12,2003-12-30,20,1.0
XU,2004-01,2004-01-30,21,1.0
XU,2004-02,2004-02-27,20,2.0
XU,2004-03,2004-03-31,23,0.0
XU,2004-04,2004-04-30,20,0.0
XU,2004-05,2004-05-31,21,0.0
XU,2004-06,2004-06-30,22,0.0
XU,2004-07,2004-07-30,22,1.0
XU,2004-08,2004-08-31,22,0.0
XU,2004-09,2004-09-30,22,0.0
XU,2004-10,2004-10-29,21,2.0
XU,2004-11,2004-11-30,22,0.0
XU,2004-12,2004-12-30,21,1.0
XU,2005-01,2005-01-31,21,0.0
XU,2005-02,2005-02-28,20,0.0
XU,2005-03,2005-03-31,21,0.0
XU,2005-04,2005-04-29,21,1.0
XU,2005-05,2005-05-31,22,0.0
XU,2005-06,2005-06-30,22,0.0
XU,2005-07,2005-07-29,21,2.0
XU,2005-08,2005-08-31,23,0.0
XU,2005-09,2005-09-30,22,0.0
XU,2005-10,2005-10-31,21,0.0
XU,2005-11,2005-11-30,22,0.0
XU,2005-12,2005-12-30,21,1.0
XU,2006-01,2006-01-31,22,0.0
XU,2006-02,2006-02-28,20,0.0
XU,2006-03,2006-03-31,23,0.0
XU,2006-04,2006-04-28,18,2.0
XU,2006-05,2006-05-31,22,0.0
XU,2006-06,2006-06-30,22,0.0
XU,2006-07,2006-07-31,21,0.0
XU,2006-08,2006-08-31,23,0.0
XU,2006-09,2006-09-29,21,1.0
XU,2006-10,2006-10-31,22,0.0
XU,2006-11,2006-11-30,22,0.0
XU,2006-12,2006-12-29,19,2.0
XU,2007-01,2007-01-31,22,0.0
XU,2007-02,2007-02-28,20,0.0
XU,2007-03,2007-03-30,22,1.0
XU,2007-04,2007-04-30,19,0.0
XU,2007-05,2007-05-31,21,0.0
XU,2007-06,2007-06-29,21,1.0
XU,2007-07,2007-07-31,22,0.0
XU,2007-08,2007-08-31,23,0.0
XU,2007-09,2007-09-28,20,2.0
XU,2007-10,2007-10-31,23,0.0
XU,2007-11,2007-11-30,22,0.0
XU,2007-12,2007-12-28,17,3.0
XU,2008-01,2008-01-31,22,0.0
XU,2008-02,2008-02-29,21,0.0
XU,2008-03,2008-03-31,19,0.0
XU,2008-04,2008-04-30,22,0.0
XU,2008-05,2008-05-30,21,1.0
XU,2008-06,2008-06-30,21,0.0
XU,2008-07,2008-07-31,23,0.0
XU,2008-08,2008-08-29,21,2.0
XU,2008-09,2008-09-30,22,0.0
XU,2008-10,2008-10-31,23,0.0
XU,2008-11,2008-11-28,20,2.0
XU,2008-12,2008-12-30,19,1.0
XU,2009-01,2009-01-30,21,1.0
XU,2009-02,2009-02-27,20,1.0
XU,2009-03,2009-03-31,22,0.0
XU,2009-04,2009-04-30,20,0.0
XU,2009-05,2009-05-29,20,2.0
XU,2009-06,2009-06-30,22,0.0
XU,2009-07,2009-07-31,23,0.0
XU,2009-08,2009-08-31,21,0.0
XU,2009-09,2009-09-30,22,0.0
XU,2009-10,2009-10-30,22,1.0
XU,2009-11,2009-11-30,21,0.0
XU,2009-12,2009-12-30,20,1.0
XU,2010-01,2010-01-29,20,2.0
XU,2010-02,2010-02-26,20,2.0
XU,2010-03,2010-03-31,23,0.0
XU,2010-04,2010-04-30,20,0.0
XU,2010-05,2010-05-31,21,0.0
XU,2010-06,2010-06-30,22,0.0
XU,2010-07,2010-07-30,22,1.0
XU,2010-08,2010-08-31,22,0.0
XU,2010-09,2010-09-30,22,0.0
XU,2010-10,2010-10-29,21,2.0
XU,2010-11,2010-11-30,22,0.0
XU,2010-12,2010-12-30,21,1.0
XU,2011-01,2011-01-31,21,0.0
XU,2011-02,2011-02-28,20,0.0
XU,2011-03,2011-03-31,23,0.0
XU,2011-04,2011-04-29,19,1.0
XU,2011-05,2011-05-31,22,0.0
XU,2011-06,2011-06-30,22,0.0
XU,2011-07,2011-07-29,21,2.0
XU,2011-08,2011-08-31,23,0.0
XU,2011-09,2011-09-30,22,0.0
XU,2011-10,2011-10-31,21,0.0
XU,2011-11,2011-11-30,22,0.0
XU,2011-12,2011-12-30,21,1.0
XU,2012-01,2012-01-31,21,0.0
XU,2012-02,2012-02-29,21,0.0
XU,2012-03,2012-03-30,22,1.0
XU,2012-04,2012-04-30,19,0.0
XU,2012-05,2012-05-31,22,0.0
XU,2012-06,2012-06-29,21,1.0
XU,2012-07,2012-07-31,22,0.0
XU,2012-08,2012-08-31,23,0.0
XU,2012-09,2012-09-28,20,2.0
XU,2012-10,2012-10-31,23,0.0
XU,2012-11,2012-11-30,22,0.0
XU,2012-12,2012-12-28,17,3.0
XU,2013-01,2013-01-31,22,0.0
XU,2013-02,2013-02-28,20,0.0
XU,2013-03,2013-03-28,20,3.0
XU,2013-04,2013-04-30,21,0.0
XU,2013-05,2013-05-31,22,0.0
XU,2013-06,2013-06-28,20,2.0
XU,2013-07,2013-07-31,23,0.0
XU,2013-08,2013-08-30,22,1.0
XU,2013-09,2013-09-30,21,0.0
XU,2013-10,2013-10-31,23,0.0
XU,2013-11,2013-11-29,21,1.0
XU,2013-12,2013-12-30,18,1.0
XU,2014-01,2014-01-31,22,0.0
XU,2014-02,2014-02-28,20,0.0
XU,2014-03,2014-03-31,21,0.0
XU,2014-04,2014-04-30,20,0.0
XU,2014-05,2014-05-30,21,1.0
XU,2014-06,2014-06-30,21,0.0
XU,2014-07,2014-07-31,22,0.0
XU,2014-08,2014-08-29,21,2.0
XU,2014-09,2014-09-30,22,0.0
XU,2014-10,2014-10-31,23,0.0
XU,2014-11,2014-11-28,20,2.0
XU,2014-12,2014-12-30,19,1.0
XX,1969-01,,0,
XX,1969-02,,0,
XX,1969-03,,0,
XX,1969-04,,0,
XX,1969-05,,0,
XX,1969-06,,0,
XX,1969-07,,0,
XX,1969-08,,0,
XX,1969-09,,0,
XX,1969-10,,0,
XX,1969-11,,0,
XX,1969-12,,0,
XX,1970-01,,0,
XX,1970-02,,0,
XX,1970-03,,0,
XX,1970-04,,0,
XX,1970-05,,0,
XX,1970-06,,0,
XX,1970-07,,0,
XX,1970-08,,0,
XX,1970-09,,0,
XX,1970-10,,0,
XX,1970-11,,0,
XX,1970-12,,0,
XX,1971-01,,0,
XX,1971-02,,0,
XX,1971-03,,0,
XX,1971-04,,0,
XX,1971-05,,0,
XX,1971-06,,0,
XX,1971-07,,0,
XX,1971-08,,0,
XX,1971-09,,0,
XX,1971-10,,0,
XX,1971-11,,0,
XX,1971-12,,0,
XX,1972-01,,0,
XX,1972-02,,0,
XX,1972-03,,0,
XX,1972-04,,0,
XX,1972-05,,0,
XX,1972-06,,0,
XX,1972-07,,0,
XX,1972-08,,0,
XX,1972-09,,0,
XX,1972-10,,0,
XX,1972-11,,0,
XX,1972-12,,0,
XX,1973-01,,0,
XX,1973-02,,0,
XX,1973-03,,0,
XX,1973-04,,0,
XX,1973-05,,0,
XX,1973-06,,0,
XX,1973-07,,0,
XX,1973-08,,0,
XX,1973-09,,0,
XX,1973-10,,0,
XX,1973-11,,0,
XX,1973-12,,0,
XX,1974-01,,0,
XX,1974-02,,0,
XX,1974-03,,0,
XX,1974-04,,0,
XX,1974-05,,0,
XX,1974-06,,0,
XX,1974-07,,0,
XX,1974-08,,0,
XX,1974-09,,0,
XX,1974-10,,0,
XX,1974-11,,0,
XX,1974-12,,0,
XX,1975-01,,0,
XX,1975-02,,0,
XX,1975-03,,0,
XX,1975-04,,0,
XX,1975-05,,0,
XX,1975-06,,0,
XX,1975-07,,0,
XX,1975-08,,0,
XX,1975-09,,0,
XX,1975-10,,0,
XX,1975-11,,0,
XX,1975-12,,0,
XX,1976-01,,0,
XX,1976-02,,0,
XX,1976-03,,0,
XX,1976-04,,0,
XX,1976-05,,0,
XX,1976-06,,0,
XX,1976-07,,0,
XX,1976-08,,0,
XX,1976-09,,0,
XX,1976-10,,0,
XX,1976-11,,0,
XX,1976-12,,0,
XX,1977-01,,0,
XX,1977-02,,0,
XX,1977-03,,0,
XX,1977-04,,0,
XX,1977-05,,0,
XX,1977-06,,0,
XX,1977-07,,0,
XX,1977-08,,0,
XX,1977-09,,0,
XX,1977-10,,0,
XX,1977-11,,0,
XX,1977-12,,0,
XX,1978-01,,0,
XX,1978-02,,0,
XX,1978-03,,0,
XX,1978-04,,0,
XX,1978-05,,0,
XX,1978-06,,0,
XX,1978-07,,0,
XX,1978-08,,0,
XX,1978-09,,0,
XX,1978-10,,0,
XX,1978-11,,0,
XX,1978-12,,0,
XX,1979-01,,0,
XX,1979-02,,0,
XX,1979-03,,0,
XX,1979-04,,0,
XX,1979-05,,0,
XX,1979-06,,0,
XX,1979-07,,0,
XX,1979-08,,0,
XX,1979-09,,0,
XX,1979-10,,0,
XX,1979-11,,0,
XX,1979-12,,0,
XX,1980-01,,0,
XX,1980-02,,0,
XX,1980-03,,0,
XX,1980-04,,0,
XX,1980-05,,0,
XX,1980-06,,0,
XX,1980-07,,0,
XX,1980-08,,0,
XX,1980-09,,0,
XX,1980-10,,0,
XX,1980-11,,0,
XX,1980-12,,0,
XX,1981-01,,0,
XX,1981-02,,0,
XX,1981-03,,0,
XX,1981-04,,0,
XX,1981-05,,0,
XX,1981-06,,0,
XX,1981-07,,0,
XX,1981-08,,0,
XX,1981-09,,0,
XX,1981-10,,0,
XX,1981-11,,0,
XX,1981-12,,0,
XX,1982-01,,0,
XX,1982-02,,0,
XX,1982-03,,0,
XX,1982-04,,0,
XX,1982-05,,0,
XX,1982-06,,0,
XX,1982-07,,0,
XX,1982-08,,0,
XX,1982-09,,0,
XX,1982-10,,0,
XX,1982-11,,0,
XX,1982-12,,0,
XX,1983-01,,0,
XX,1983-02,,0,
XX,1983-03,,0,
XX,1983-04,,0,
XX,1983-05,,0,
XX,1983-06,,0,
XX,1983-07,,0,
XX,1983-08,,0,
XX,1983-09,,0,
XX,1983-10,,0,
XX,1983-11,,0,
XX,1983-12,,0,
XX,1984-01,,0,
XX,1984-02,,0,
XX,1984-03,,0,
XX,1984-04,,0,
XX,1984-05,,0,
XX,1984-06,,0,
XX,1984-07,,0,
XX,1984-08,,0,
XX,1984-09,,0,
XX,1984-10,,0,
XX,1984-11,,0,
XX,1984-12,,0,
XX,1985-01,,0,
XX,1985-02,,0,
XX,1985-03,,0,
XX,1985-04,,0,
XX,1985-05,,0,
XX,1985-06,,0,
XX,1985-07,,0,
XX,1985-08,,0,
XX,1985-09,,0,
XX,1985-10,,0,
XX,1985-11,,0,
XX,1985-12,,0,
XX,1986-01,,0,
XX,1986-02,,0,
XX,1986-03,,0,
XX,1986-04,,0,
XX,1986-05,,0,
XX,1986-06,,0,
XX,1986-07,,0,
XX,1986-08,,0,
XX,1986-09,,0,
XX,1986-10,,0,
XX,1986-11,,0,
XX,1986-12,,0,
XX,1987-01,,0,
XX,1987-02,,0,
XX,1987-03,,0,
XX,1987-04,,0,
XX,1987-05,,0,
XX,1987-06,,0,
XX,1987-07,,0,
XX,1987-08,,0,
XX,1987-09,,0,
XX,1987-10,,0,
XX,1987-11,,0,
XX,1987-12,,0,
XX,1988-01,,0,
XX,1988-02,,0,
XX,1988-03,,0,
XX,1988-04,,0,
XX,1988-05,,0,
XX,1988-06,,0,
XX,1988-07,,0,
XX,1988-08,,0,
XX,1988-09,,0,
XX,1988-10,,0,
XX,1988-11,,0,
XX,1988-12,,0,
XX,1989-01,,0,
XX,1989-02,,0,
XX,1989-03,,0,
XX,1989-04,,0,
XX,1989-05,,0,
XX,1989-06,,0,
XX,1989-07,,0,
XX,1989-08,,0,
XX,1989-09,,0,
XX,1989-10,,0,
XX,1989-11,,0,
XX,1989-12,,0,
XX,1990-01,,0,
XX,1990-02,,0,
XX,1990-03,,0,
XX,1990-04,,0,
XX,1990-05,,0,
XX,1990-06,,0,
XX,1990-07,,0,
XX,1990-08,,0,
XX,1990-09,,0,
XX,1990-10,,0,
XX,1990-11,,0,
XX,1990-12,,0,
XX,1991-01,,0,
XX,1991-02,,0,
XX,1991-03,,0,
XX,1991-04,,0,
XX,1991-05,,0,
XX,1991-06,,0,
XX,1991-07,,0,
XX,1991-08,,0,
XX,1991-09,,0,
XX,1991-10,,0,
XX,1991-11,,0,
XX,1991-12,,0,
XX,1992-01,,0,
XX,1992-02,,0,
XX,1992-03,,0,
XX,1992-04,,0,
XX,1992-05,,0,
XX,1992-06,,0,
XX,1992-07,,0,
XX,1992-08,,0,
XX,1992-09,,0,
XX,1992-10,,0,
XX,1992-11,,0,
XX,1992-12,,0,
XX,1993-01,,0,
XX,1993-02,,0,
XX,1993-03,,0,
XX,1993-04,,0,
XX,1993-05,,0,
XX,1993-06,,0,
XX,1993-07,,0,
XX,1993-08,,0,
XX,1993-09,,0,
XX,1993-10,,0,
XX,1993-11,,0,
XX,1993-12,,0,
XX,1994-01,,0,
XX,1994-02,,0,
XX,1994-03,,0,
XX,1994-04,,0,
XX,1994-05,,0,
XX,1994-06,,0,
XX,1994-07,,0,
XX,1994-08,,0,
XX,1994-09,,0,
XX,1994-10,,0,
XX,1994-11,,0,
XX,1994-12,,0,
XX,1995-01,,0,
XX,1995-02,,0,
XX,1995-03,,0,
XX,1995-04,,0,
XX,1995-05,,0,
XX,1995-06,,0,
XX,1995-07,,0,
XX,1995-08,,0,
XX,1995-09,,0,
XX,1995-10,,0,
XX,1995-11,,0,
XX,1995-12,,0,
XX,1996-01,,0,
XX,1996-02,,0,
XX,1996-03,,0,
XX,1996-04,,0,
XX,1996-05,,0,
XX,1996-06,,0,
XX,1996-07,,0,
XX,1996-08,,0,
XX,1996-09,,0,
XX,1996-10,,0,
XX,1996-11,,0,
XX,1996-12,,0,
XX,1997-01,,0,
XX,1997-02,,0,
XX,1997-03,,0,
XX,1997-04,,0,
XX,1997-05,,0,
XX,1997-06,,0,
XX,1997-07,,0,
XX,1997-08,,0,
XX,1997-09,,0,
XX,1997-10,,0,
XX,1997-11,,0,
XX,1997-12,,0,
XX,1998-01,,0,
XX,1998-02,,0,
XX,1998-03,,0,
XX,1998-04,,0,
XX,1998-05,,0,
XX,1998-06,,0,
XX,1998-07,,0,
XX,1998-08,,0,
XX,1998-09,,0,
XX,1998-10,,0,
XX,1998-11,,0,
XX,1998-12,,0,
XX,1999-01,,0,
XX,1999-02,,0,
XX,1999-03,,0,
XX,1999-04,,0,
XX,1999-05,,0,
XX,1999-06,,0,
XX,1999-07,,0,
XX,1999-08,,0,
XX,1999-09,,0,
XX,1999-10,,0,
XX,1999-11,,0,
XX,1999-12,,0,
XX,2000-01,,0,
XX,2000-02,,0,
XX,2000-03,,0,
XX,2000-04,,0,
XX,2000-05,,0,
XX,2000-06,,0,
XX,2000-07,,0,
XX,2000-08,,0,
XX,2000-09,,0,
XX,2000-10,,0,
XX,2000-11,,0,
XX,2000-12,,0,
XX,2001-01,,0,
XX,2001-02,,0,
XX,2001-03,,0,
XX,2001-04,,0,
XX,2001-05,,0,
XX,2001-06,,0,
XX,2001-07,,0,
XX,2001-08,,0,
XX,2001-09,,0,
XX,2001-10,,0,
XX,2001-11,,0,
XX,2001-12,,0,
XX,2002-01,,0,
XX,2002-02,,0,
XX,2002-03,,0,
XX,2002-04,,0,
XX,2002-05,,0,
XX,2002-06,2002-06-28,19,2.0
XX,2002-07,2002-07-31,23,0.0
XX,2002-08,2002-08-30,22,1.0
XX,2002-09,2002-09-30,21,0.0
XX,2002-10,2002-10-31,23,0.0
XX,2002-11,2002-11-29,21,1.0
XX,2002-12,2002-12-30,18,1.0
XX,2003-01,2003-01-31,22,0.0
XX,2003-02,2003-02-28,19,0.0
XX,2003-03,2003-03-31,21,0.0
XX,2003-04,2003-04-30,20,0.0
XX,2003-05,2003-05-30,21,1.0
XX,2003-06,2003-06-30,21,0.0
XX,2003-07,2003-07-31,23,0.0
XX,2003-08,2003-08-29,21,2.0
XX,2003-09,2003-09-30,22,0.0
XX,2003-10,2003-10-31,23,0.0
XX,2003-11,2003-11-28,20,2.0
XX,2003-12,2003-12-30,20,1.0
XX,2004-01,2004-01-30,21,1.0
XX,2004-02,2004-02-27,20,2.0
XX,2004-03,2004-03-31,23,0.0
XX,2004-04,2004-04-30,20,0.0
XX,2004-05,2004-05-31,21,0.0
XX,2004-06,2004-06-30,22,0.0
XX,2004-07,2004-07-30,22,1.0
XX,2004-08,2004-08-31,22,0.0
XX,2004-09,2004-09-30,22,0.0
XX,2004-10,2004-10-29,21,2.0
XX,2004-11,2004-11-30,22,0.0
XX,2004-12,2004-12-30,21,1.0
XX,2005-01,2005-01-31,21,0.0
XX,2005-02,2005-02-28,20,0.0
XX,2005-03,2005-03-31,21,0.0
XX,2005-04,2005-04-29,21,1.0
XX,2005-05,2005-05-31,22,0.0
XX,2005-06,2005-06-30,22,0.0
XX,2005-07,2005-07-29,21,2.0
XX,2005-08,2005-08-31,23,0.0
XX,2005-09,2005-09-30,22,0.0
XX,2005-10,2005-10-31,21,0.0
XX,2005-11,2005-11-30,22,0.0
XX,2005-12,2005-12-30,21,1.0
XX,2006-01,2006-01-31,22,0.0
XX,2006-02,2006-02-28,20,0.0
XX,2006-03,2006-03-31,23,0.0
XX,2006-04,2006-04-28,18,2.0
XX,2006-05,2006-05-31,22,0.0
XX,2006-06,2006-06-30,22,0.0
XX,2006-07,2006-07-31,21,0.0
XX,2006-08,2006-08-31,23,0.0
XX,2006-09,2006-09-29,21,1.0
XX,2006-10,2006-10-31,22,0.0
XX,2006-11,2006-11-30,22,0.0
XX,2006-12,2006-12-29,19,2.0
XX,2007-01,2007-01-31,22,0.0
XX,2007-02,2007-02-28,20,0.0
XX,2007-03,2007-03-30,22,1.0
XX,2007-04,2007-04-30,19,0.0
XX,2007-05,2007-05-31,21,0.0
XX,2007-06,2007-06-29,21,1.0
XX,2007-07,2007-07-31,22,0.0
XX,2007-08,2007-08-31,23,0.0
XX,2007-09,2007-09-28,20,2.0
XX,2007-10,2007-10-31,23,0.0
XX,2007-11,2007-11-30,22,0.0
XX,2007-12,2007-12-28,17,3.0
XX,2008-01,2008-01-31,22,0.0
XX,2008-02,2008-02-29,21,0.0
XX,2008-03,2008-03-31,19,0.0
XX,2008-04,2008-04-30,22,0.0
XX,2008-05,2008-05-30,21,1.0
XX,2008-06,2008-06-30,21,0.0
XX,2008-07,2008-07-31,23,0.0
XX,2008-08,2008-08-29,21,2.0
XX,2008-09,2008-09-30,22,0.0
XX,2008-10,2008-10-31,23,0.0
XX,2008-11,2008-11-28,20,2.0
XX,2008-12,2008-12-30,19,1.0
XX,2009-01,2009-01-30,21,1.0
XX,2009-02,2009-02-27,20,1.0
XX,2009-03,2009-03-31,22,0.0
XX,2009-04,2009-04-30,20,0.0
XX,2009-05,2009-05-29,20,2.0
XX,2009-06,2009-06-30,22,0.0
XX,2009-07,2009-07-31,23,0.0
XX,2009-08,2009-08-31,21,0.0
XX,2009-09,2009-09-30,22,0.0
XX,2009-10,2009-10-30,22,1.0
XX,2009-11,2009-11-30,21,0.0
XX,2009-12,2009-12-30,20,1.0
XX,2010-01,2010-01-29,20,2.0
XX,2010-02,2010-02-26,20,2.0
XX,2010-03,2010-03-31,23,0.0
XX,2010-04,2010-04-30,20,0.0
XX,2010-05,2010-05-31,21,0.0
XX,2010-06,2010-06-30,22,0.0
XX,2010-07,2010-07-30,22,1.0
XX,2010-08,2010-08-31,22,0.0
XX,2010-09,2010-09-30,22,0.0
XX,2010-10,2010-10-29,21,2.0
XX,2010-11,2010-11-30,22,0.0
XX,2010-12,2010-12-30,21,1.0
XX,2011-01,2011-01-31,21,0.0
XX,2011-02,2011-02-28,20,0.0
XX,2011-03,2011-03-31,23,0.0
XX,2011-04,2011-04-29,19,1.0
XX,2011-05,2011-05-31,22,0.0
XX,2011-06,2011-06-30,22,0.0
XX,2011-07,2011-07-29,21,2.0
XX,2011-08,2011-08-31,23,0.0
XX,2011-09,2011-09-30,22,0.0
XX,2011-10,2011-10-31,21,0.0
XX,2011-11,2011-11-30,22,0.0
XX,2011-12,2011-12-30,21,1.0
XX,2012-01,2012-01-31,21,0.0
XX,2012-02,2012-02-29,21,0.0
XX,2012-03,2012-03-30,22,1.0
XX,2012-04,2012-04-30,19,0.0
XX,2012-05,2012-05-31,22,0.0
XX,2012-06,2012-06-29,21,1.0
XX,2012-07,2012-07-31,22,0.0
XX,2012-08,2012-08-31,23,0.0
XX,2012-09,2012-09-28,20,2.0
XX,2012-10,2012-10-31,23,0.0
XX,2012-11,2012-11-30,22,0.0
XX,2012-12,2012-12-28,17,3.0
XX,2013-01,2013-01-31,22,0.0
XX,2013-02,2013-02-28,20,0.0
XX,2013-03,2013-03-28,20,3.0
XX,2013-04,2013-04-30,21,0.0
XX,2013-05,2013-05-31,22,0.0
XX,2013-06,2013-06-28,20,2.0
XX,2013-07,2013-07-31,23,0.0
XX,2013-08,2013-08-30,22,1.0
XX,2013-09,2013-09-30,21,0.0
XX,2013-10,2013-10-31,23,0.0
XX,2013-11,2013-11-29,21,1.0
XX,2013-12,2013-12-30,18,1.0
XX,2014-01,2014-01-31,22,0.0
XX,2014-02,2014-02-28,20,0.0
XX,2014-03,2014-03-31,21,0.0
XX,2014-04,2014-04-30,20,0.0
XX,2014-05,2014-05-30,22,1.0
XX,2014-06,2014-06-30,21,0.0
XX,2014-07,2014-07-31,22,0.0
XX,2014-08,2014-08-29,21,2.0
XX,2014-09,2014-09-30,22,0.0
XX,2014-10,2014-10-31,23,0.0
XX,2014-11,2014-11-28,20,2.0
XX,2014-12,2014-12-30,19,1.0
YM,1969-01,,0,
YM,1969-02,,0,
YM,1969-03,,0,
YM,1969-04,,0,
YM,1969-05,,0,
YM,1969-06,,0,
YM,1969-07,,0,
YM,1969-08,,0,
YM,1969-09,,0,
YM,1969-10,,0,
YM,1969-11,,0,
YM,1969-12,,0,
YM,1970-01,,0,
YM,1970-02,,0,
YM,1970-03,,0,
YM,1970-04,,0,
YM,1970-05,,0,
YM,1970-06,,0,
YM,1970-07,,0,
YM,1970-08,,0,
YM,1970-09,,0,
YM,1970-10,,0,
YM,1970-11,,0,
YM,1970-12,,0,
YM,1971-01,,0,
YM,1971-02,,0,
YM,1971-03,,0,
YM,1971-04,,0,
YM,1971-05,,0,
YM,1971-06,,0,
YM,1971-07,,0,
YM,1971-08,,0,
YM,1971-09,,0,
YM,1971-10,,0,
YM,1971-11,,0,
YM,1971-12,,0,
YM,1972-01,,0,
YM,1972-02,,0,
YM,1972-03,,0,
YM,1972-04,,0,
YM,1972-05,,0,
YM,1972-06,,0,
YM,1972-07,,0,
YM,1972-08,,0,
YM,1972-09,,0,
YM,1972-10,,0,
YM,1972-11,,0,
YM,1972-12,,0,
YM,1973-01,,0,
YM,1973-02,,0,
YM,1973-03,,0,
YM,1973-04,,0,
YM,1973-05,,0,
YM,1973-06,,0,
YM,1973-07,,0,
YM,1973-08,,0,
YM,1973-09,,0,
YM,1973-10,,0,
YM,1973-11,,0,
YM,1973-12,,0,
YM,1974-01,,0,
YM,1974-02,,0,
YM,1974-03,,0,
YM,1974-04,,0,
YM,1974-05,,0,
YM,1974-06,,0,
YM,1974-07,,0,
YM,1974-08,,0,
YM,1974-09,,0,
YM,1974-10,,0,
YM,1974-11,,0,
YM,1974-12,,0,
YM,1975-01,,0,
YM,1975-02,,0,
YM,1975-03,,0,
YM,1975-04,,0,
YM,1975-05,,0,
YM,1975-06,,0,
YM,1975-07,,0,
YM,1975-08,,0,
YM,1975-09,,0,
YM,1975-10,,0,
YM,1975-11,,0,
YM,1975-12,,0,
YM,1976-01,,0,
YM,1976-02,,0,
YM,1976-03,,0,
YM,1976-04,,0,
YM,1976-05,,0,
YM,1976-06,,0,
YM,1976-07,,0,
YM,1976-08,,0,
YM,1976-09,,0,
YM,1976-10,,0,
YM,1976-11,,0,
YM,1976-12,,0,
YM,1977-01,,0,
YM,1977-02,,0,
YM,1977-03,,0,
YM,1977-04,,0,
YM,1977-05,,0,
YM,1977-06,,0,
YM,1977-07,,0,
YM,1977-08,,0,
YM,1977-09,,0,
YM,1977-10,,0,
YM,1977-11,,0,
YM,1977-12,,0,
YM,1978-01,,0,
YM,1978-02,,0,
YM,1978-03,,0,
YM,1978-04,,0,
YM,1978-05,,0,
YM,1978-06,,0,
YM,1978-07,,0,
YM,1978-08,,0,
YM,1978-09,,0,
YM,1978-10,,0,
YM,1978-11,,0,
YM,1978-12,,0,
YM,1979-01,,0,
YM,1979-02,,0,
YM,1979-03,,0,
YM,1979-04,,0,
YM,1979-05,,0,
YM,1979-06,,0,
YM,1979-07,,0,
YM,1979-08,,0,
YM,1979-09,,0,
YM,1979-10,,0,
YM,1979-11,,0,
YM,1979-12,,0,
YM,1980-01,,0,
YM,1980-02,,0,
YM,1980-03,,0,
YM,1980-04,,0,
YM,1980-05,,0,
YM,1980-06,,0,
YM,1980-07,,0,
YM,1980-08,,0,
YM,1980-09,,0,
YM,1980-10,,0,
YM,1980-11,,0,
YM,1980-12,,0,
YM,1981-01,,0,
YM,1981-02,,0,
YM,1981-03,,0,
YM,1981-04,,0,
YM,1981-05,,0,
YM,1981-06,,0,
YM,1981-07,,0,
YM,1981-08,,0,
YM,1981-09,,0,
YM,1981-10,,0,
YM,1981-11,,0,
YM,1981-12,,0,
YM,1982-01,,0,
YM,1982-02,,0,
YM,1982-03,,0,
YM,1982-04,,0,
YM,1982-05,,0,
YM,1982-06,,0,
YM,1982-07,,0,
YM,1982-08,,0,
YM,1982-09,,0,
YM,1982-10,,0,
YM,1982-11,,0,
YM,1982-12,,0,
YM,1983-01,,0,
YM,1983-02,,0,
YM,1983-03,,0,
YM,1983-04,,0,
YM,1983-05,,0,
YM,1983-06,,0,
YM,1983-07,,0,
YM,1983-08,,0,
YM,1983-09,,0,
YM,1983-10,,0,
YM,1983-11,,0,
YM,1983-12,,0,
YM,1984-01,,0,
YM,1984-02,,0,
YM,1984-03,,0,
YM,1984-04,,0,
YM,1984-05,,0,
YM,1984-06,,0,
YM,1984-07,,0,
YM,1984-08,,0,
YM,1984-09,,0,
YM,1984-10,,0,
YM,1984-11,,0,
YM,1984-12,,0,
YM,1985-01,,0,
YM,1985-02,,0,
YM,1985-03,,0,
YM,1985-04,,0,
YM,1985-05,,0,
YM,1985-06,,0,
YM,1985-07,,0,
YM,1985-08,,0,
YM,1985-09,,0,
YM,1985-10,,0,
YM,1985-11,,0,
YM,1985-12,,0,
YM,1986-01,,0,
YM,1986-02,,0,
YM,1986-03,,0,
YM,1986-04,,0,
YM,1986-05,,0,
YM,1986-06,,0,
YM,1986-07,,0,
YM,1986-08,,0,
YM,1986-09,,0,
YM,1986-10,,0,
YM,1986-11,,0,
YM,1986-12,,0,
YM,1987-01,,0,
YM,1987-02,,0,
YM,1987-03,,0,
YM,1987-04,,0,
YM,1987-05,,0,
YM,1987-06,,0,
YM,1987-07,,0,
YM,1987-08,,0,
YM,1987-09,,0,
YM,1987-10,,0,
YM,1987-11,,0,
YM,1987-12,,0,
YM,1988-01,,0,
YM,1988-02,,0,
YM,1988-03,,0,
YM,1988-04,,0,
YM,1988-05,,0,
YM,1988-06,,0,
YM,1988-07,,0,
YM,1988-08,,0,
YM,1988-09,,0,
YM,1988-10,,0,
YM,1988-11,,0,
YM,1988-12,,0,
YM,1989-01,,0,
YM,1989-02,,0,
YM,1989-03,,0,
YM,1989-04,,0,
YM,1989-05,,0,
YM,1989-06,,0,
YM,1989-07,,0,
YM,1989-08,,0,
YM,1989-09,,0,
YM,1989-10,,0,
YM,1989-11,,0,
YM,1989-12,,0,
YM,1990-01,,0,
YM,1990-02,,0,
YM,1990-03,,0,
YM,1990-04,,0,
YM,1990-05,,0,
YM,1990-06,,0,
YM,1990-07,,0,
YM,1990-08,,0,
YM,1990-09,,0,
YM,1990-10,,0,
YM,1990-11,,0,
YM,1990-12,,0,
YM,1991-01,,0,
YM,1991-02,,0,
YM,1991-03,,0,
YM,1991-04,,0,
YM,1991-05,,0,
YM,1991-06,,0,
YM,1991-07,,0,
YM,1991-08,,0,
YM,1991-09,,0,
YM,1991-10,,0,
YM,1991-11,,0,
YM,1991-12,,0,
YM,1992-01,,0,
YM,1992-02,,0,
YM,1992-03,,0,
YM,1992-04,,0,
YM,1992-05,,0,
YM,1992-06,,0,
YM,1992-07,,0,
YM,1992-08,,0,
YM,1992-09,,0,
YM,1992-10,,0,
YM,1992-11,,0,
YM,1992-12,,0,
YM,1993-01,,0,
YM,1993-02,,0,
YM,1993-03,,0,
YM,1993-04,,0,
YM,1993-05,,0,
YM,1993-06,,0,
YM,1993-07,,0,
YM,1993-08,,0,
YM,1993-09,,0,
YM,1993-10,,0,
YM,1993-11,,0,
YM,1993-12,,0,
YM,1994-01,,0,
YM,1994-02,,0,
YM,1994-03,,0,
YM,1994-04,,0,
YM,1994-05,,0,
YM,1994-06,,0,
YM,1994-07,,0,
YM,1994-08,,0,
YM,1994-09,,0,
YM,1994-10,,0,
YM,1994-11,,0,
YM,1994-12,,0,
YM,1995-01,,0,
YM,1995-02,,0,
YM,1995-03,,0,
YM,1995-04,,0,
YM,1995-05,,0,
YM,1995-06,,0,
YM,1995-07,,0,
YM,1995-08,,0,
YM,1995-09,,0,
YM,1995-10,,0,
YM,1995-11,,0,
YM,1995-12,,0,
YM,1996-01,,0,
YM,1996-02,,0,
YM,1996-03,,0,
YM,1996-04,,0,
YM,1996-05,,0,
YM,1996-06,,0,
YM,1996-07,,0,
YM,1996-08,,0,
YM,1996-09,,0,
YM,1996-10,,0,
YM,1996-11,,0,
YM,1996-12,,0,
YM,1997-01,,0,
YM,1997-02,,0,
YM,1997-03,,0,
YM,1997-04,,0,
YM,1997-05,,0,
YM,1997-06,,0,
YM,1997-07,,0,
YM,1997-08,,0,
YM,1997-09,,0,
YM,1997-10,,0,
YM,1997-11,,0,
YM,1997-12,,0,
YM,1998-01,,0,
YM,1998-02,,0,
YM,1998-03,,0,
YM,1998-04,,0,
YM,1998-05,,0,
YM,1998-06,,0,
YM,1998-07,,0,
YM,1998-08,,0,
YM,1998-09,,0,
YM,1998-10,,0,
YM,1998-11,,0,
YM,1998-12,,0,
YM,1999-01,,0,
YM,1999-02,,0,
YM,1999-03,,0,
YM,1999-04,,0,
YM,1999-05,,0,
YM,1999-06,,0,
YM,1999-07,,0,
YM,1999-08,,0,
YM,1999-09,,0,
YM,1999-10,,0,
YM,1999-11,,0,
YM,1999-12,,0,
YM,2000-01,,0,
YM,2000-02,,0,
YM,2000-03,,0,
YM,2000-04,,0,
YM,2000-05,,0,
YM,2000-06,,0,
YM,2000-07,,0,
YM,2000-08,,0,
YM,2000-09,,0,
YM,2000-10,,0,
YM,2000-11,,0,
YM,2000-12,,0,
YM,2001-01,,0,
YM,2001-02,,0,
YM,2001-03,,0,
YM,2001-04,,0,
YM,2001-05,,0,
YM,2001-06,,0,
YM,2001-07,,0,
YM,2001-08,,0,
YM,2001-09,,0,
YM,2001-10,,0,
YM,2001-11,,0,
YM,2001-12,,0,
YM,2002-01,,0,
YM,2002-02,,0,
YM,2002-03,,0,
YM,2002-04,2002-04-30,20,0.0
YM,2002-05,2002-05-31,22,0.0
YM,2002-06,2002-06-28,20,2.0
YM,2002-07,2002-07-31,22,0.0
YM,2002-08,2002-08-30,22,1.0
YM,2002-09,2002-09-30,20,0.0
YM,2002-10,2002-10-31,23,0.0
YM,2002-11,2002-11-29,20,1.0
YM,2002-12,2002-12-31,21,0.0
YM,2003-01,2003-01-31,21,0.0
YM,2003-02,2003-02-28,19,0.0
YM,2003-03,2003-03-31,21,0.0
YM,2003-04,2003-04-30,21,0.0
YM,2003-05,2003-05-30,21,1.0
YM,2003-06,2003-06-30,21,0.0
YM,2003-07,2003-07-31,22,0.0
YM,2003-08,2003-08-29,21,2.0
YM,2003-09,2003-09-30,21,0.0
YM,2003-10,2003-10-31,23,0.0
YM,2003-11,2003-11-28,19,2.0
YM,2003-12,2003-12-31,22,0.0
YM,2004-01,2004-01-30,20,1.0
YM,2004-02,2004-02-27,19,2.0
YM,2004-03,2004-03-31,23,0.0
YM,2004-04,2004-04-30,21,0.0
YM,2004-05,2004-05-28,20,3.0
YM,2004-06,2004-06-30,21,0.0
YM,2004-07,2004-07-30,21,1.0
YM,2004-08,2004-08-31,22,0.0
YM,2004-09,2004-09-30,21,0.0
YM,2004-10,2004-10-29,21,2.0
YM,2004-11,2004-11-30,21,0.0
YM,2004-12,2004-12-31,22,0.0
YM,2005-01,2005-01-31,20,0.0
YM,2005-02,2005-02-28,19,0.0
YM,2005-03,2005-03-31,22,0.0
YM,2005-04,2005-04-29,21,1.0
YM,2005-05,2005-05-31,21,0.0
YM,2005-06,2005-06-30,22,0.0
YM,2005-07,2005-07-29,20,2.0
YM,2005-08,2005-08-31,23,0.0
YM,2005-09,2005-09-30,21,0.0
YM,2005-10,2005-10-31,21,0.0
YM,2005-11,2005-11-30,21,0.0
YM,2005-12,2005-12-30,21,1.0
YM,2006-01,2006-01-31,20,0.0
YM,2006-02,2006-02-28,19,0.0
YM,2006-03,2006-03-31,23,0.0
YM,2006-04,2006-04-28,19,2.0
YM,2006-05,2006-05-31,22,0.0
YM,2006-06,2006-06-30,22,0.0
YM,2006-07,2006-07-31,20,0.0
YM,2006-08,2006-08-31,23,0.0
YM,2006-09,2006-09-29,20,1.0
YM,2006-10,2006-10-31,22,0.0
YM,2006-11,2006-11-30,21,0.0
YM,2006-12,2006-12-29,20,2.0
YM,2007-01,2007-01-31,20,0.0
YM,2007-02,2007-02-28,19,0.0
YM,2007-03,2007-03-30,22,1.0
YM,2007-04,2007-04-30,21,0.0
YM,2007-05,2007-05-31,22,0.0
YM,2007-06,2007-06-29,21,1.0
YM,2007-07,2007-07-31,21,0.0
YM,2007-08,2007-08-31,23,0.0
YM,2007-09,2007-09-28,19,2.0
YM,2007-10,2007-10-31,23,0.0
YM,2007-11,2007-11-30,21,0.0
YM,2007-12,2007-12-31,20,0.0
YM,2008-01,2008-01-31,21,0.0
YM,2008-02,2008-02-29,20,0.0
YM,2008-03,2008-03-31,20,0.0
YM,2008-04,2008-04-30,22,0.0
YM,2008-05,2008-05-30,21,1.0
YM,2008-06,2008-06-30,21,0.0
YM,2008-07,2008-07-31,23,0.0
YM,2008-08,2008-08-29,21,2.0
YM,2008-09,2008-09-30,21,0.0
YM,2008-10,2008-10-31,23,0.0
YM,2008-11,2008-11-28,19,2.0
YM,2008-12,2008-12-31,22,0.0
YM,2009-01,2009-01-30,20,1.0
YM,2009-02,2009-02-27,19,1.0
YM,2009-03,2009-03-31,22,0.0
YM,2009-04,2009-04-30,21,0.0
YM,2009-05,2009-05-29,20,2.0
YM,2009-06,2009-06-30,22,0.0
YM,2009-07,2009-07-31,22,0.0
YM,2009-08,2009-08-31,21,0.0
YM,2009-09,2009-09-30,21,0.0
YM,2009-10,2009-10-30,22,1.0
YM,2009-11,2009-11-30,20,0.0
YM,2009-12,2009-12-31,22,0.0
YM,2010-01,2010-01-29,19,2.0
YM,2010-02,2010-02-26,19,2.0
YM,2010-03,2010-03-31,23,0.0
YM,2010-04,2010-04-30,21,0.0
YM,2010-05,2010-05-28,20,3.0
YM,2010-06,2010-06-30,22,0.0
YM,2010-07,2010-07-30,21,1.0
YM,2010-08,2010-08-31,22,0.0
YM,2010-09,2010-09-30,21,0.0
YM,2010-10,2010-10-29,21,2.0
YM,2010-11,2010-11-30,21,0.0
YM,2010-12,2010-12-31,22,0.0
YM,2011-01,2011-01-31,20,0.0
YM,2011-02,2011-02-28,19,0.0
YM,2011-03,2011-03-31,23,0.0
YM,2011-04,2011-04-29,20,1.0
YM,2011-05,2011-05-31,21,0.0
YM,2011-06,2011-06-30,22,0.0
YM,2011-07,2011-07-29,20,2.0
YM,2011-08,2011-08-31,23,0.0
YM,2011-09,2011-09-30,21,0.0
YM,2011-10,2011-10-31,21,0.0
YM,2011-11,2011-11-30,21,0.0
YM,2011-12,2011-12-30,21,1.0
YM,2012-01,2012-01-31,20,0.0
YM,2012-02,2012-02-29,20,0.0
YM,2012-03,2012-03-30,22,1.0
YM,2012-04,2012-04-30,21,0.0
YM,2012-05,2012-05-31,22,0.0
YM,2012-06,2012-06-29,21,1.0
YM,2012-07,2012-07-31,21,0.0
YM,2012-08,2012-08-31,23,0.0
YM,2012-09,2012-09-28,19,2.0
YM,2012-10,2012-10-31,23,0.0
YM,2012-11,2012-11-30,21,0.0
YM,2012-12,2012-12-31,20,0.0
YM,2013-01,2013-01-31,21,0.0
YM,2013-02,2013-02-28,19,0.0
YM,2013-03,2013-03-28,20,3.0
YM,2013-04,2013-04-30,22,0.0
YM,2013-05,2013-05-31,22,0.0
YM,2013-06,2013-06-28,20,2.0
YM,2013-07,2013-07-31,22,0.0
YM,2013-08,2013-08-30,22,1.0
YM,2013-09,2013-09-30,20,0.0
YM,2013-10,2013-10-31,23,0.0
YM,2013-11,2013-11-29,20,1.0
YM,2013-12,2013-12-31,21,0.0
YM,2014-01,2014-01-31,21,0.0
YM,2014-02,2014-02-28,19,0.0
YM,2014-03,2014-03-31,21,0.0
YM,2014-04,2014-04-30,21,0.0
YM,2014-05,2014-05-30,21,1.0
YM,2014-06,2014-06-30,21,0.0
YM,2014-07,2014-07-31,22,0.0
YM,2014-08,2014-08-29,21,2.0
YM,2014-09,2014-09-30,21,0.0
YM,2014-10,2014-10-31,23,0.0
YM,2014-11,2014-11-28,19,2.0
YM,2014-12,2014-12-31,22,0.0
ZA,1969-01,,0,
ZA,1969-02,,0,
ZA,1969-03,,0,
ZA,1969-04,,0,
ZA,1969-05,,0,
ZA,1969-06,,0,
ZA,1969-07,,0,
ZA,1969-08,,0,
ZA,1969-09,,0,
ZA,1969-10,,0,
ZA,1969-11,,0,
ZA,1969-12,,0,
ZA,1970-01,,0,
ZA,1970-02,,0,
ZA,1970-03,,0,
ZA,1970-04,,0,
ZA,1970-05,,0,
ZA,1970-06,,0,
ZA,1970-07,,0,
ZA,1970-08,,0,
ZA,1970-09,,0,
ZA,1970-10,,0,
ZA,1970-11,,0,
ZA,1970-12,,0,
ZA,1971-01,,0,
ZA,1971-02,,0,
ZA,1971-03,,0,
ZA,1971-04,,0,
ZA,1971-05,,0,
ZA,1971-06,,0,
ZA,1971-07,,0,
ZA,1971-08,,0,
ZA,1971-09,,0,
ZA,1971-10,,0,
ZA,1971-11,,0,
ZA,1971-12,,0,
ZA,1972-01,,0,
ZA,1972-02,,0,
ZA,1972-03,,0,
ZA,1972-04,,0,
ZA,1972-05,,0,
ZA,1972-06,,0,
ZA,1972-07,,0,
ZA,1972-08,,0,
ZA,1972-09,,0,
ZA,1972-10,,0,
ZA,1972-11,,0,
ZA,1972-12,,0,
ZA,1973-01,,0,
ZA,1973-02,,0,
ZA,1973-03,,0,
ZA,1973-04,,0,
ZA,1973-05,,0,
ZA,1973-06,,0,
ZA,1973-07,,0,
ZA,1973-08,,0,
ZA,1973-09,,0,
ZA,1973-10,,0,
ZA,1973-11,,0,
ZA,1973-12,,0,
ZA,1974-01,,0,
ZA,1974-02,,0,
ZA,1974-03,,0,
ZA,1974-04,,0,
ZA,1974-05,,0,
ZA,1974-06,,0,
ZA,1974-07,,0,
ZA,1974-08,,0,
ZA,1974-09,,0,
ZA,1974-10,,0,
ZA,1974-11,,0,
ZA,1974-12,,0,
ZA,1975-01,,0,
ZA,1975-02,,0,
ZA,1975-03,,0,
ZA,1975-04,,0,
ZA,1975-05,,0,
ZA,1975-06,,0,
ZA,1975-07,,0,
ZA,1975-08,,0,
ZA,1975-09,,0,
ZA,1975-10,,0,
ZA,1975-11,,0,
ZA,1975-12,,0,
ZA,1976-01,,0,
ZA,1976-02,,0,
ZA,1976-03,,0,
ZA,1976-04,,0,
ZA,1976-05,,0,
ZA,1976-06,,0,
ZA,1976-07,,0,
ZA,1976-08,,0,
ZA,1976-09,,0,
ZA,1976-10,,0,
ZA,1976-11,,0,
ZA,1976-12,,0,
ZA,1977-01,,0,
ZA,1977-02,,0,
ZA,1977-03,,0,
ZA,1977-04,,0,
ZA,1977-05,,0,
ZA,1977-06,,0,
ZA,1977-07,,0,
ZA,1977-08,,0,
ZA,1977-09,,0,
ZA,1977-10,,0,
ZA,1977-11,,0,
ZA,1977-12,,0,
ZA,1978-01,,0,
ZA,1978-02,,0,
ZA,1978-03,,0,
ZA,1978-04,,0,
ZA,1978-05,,0,
ZA,1978-06,,0,
ZA,1978-07,,0,
ZA,1978-08,,0,
ZA,1978-09,,0,
ZA,1978-10,,0,
ZA,1978-11,,0,
ZA,1978-12,,0,
ZA,1979-01,,0,
ZA,1979-02,,0,
ZA,1979-03,,0,
ZA,1979-04,,0,
ZA,1979-05,,0,
ZA,1979-06,,0,
ZA,1979-07,,0,
ZA,1979-08,,0,
ZA,1979-09,,0,
ZA,1979-10,,0,
ZA,1979-11,,0,
ZA,1979-12,,0,
ZA,1980-01,,0,
ZA,1980-02,,0,
ZA,1980-03,,0,
ZA,1980-04,,0,
ZA,1980-05,,0,
ZA,1980-06,,0,
ZA,1980-07,,0,
ZA,1980-08,,0,
ZA,1980-09,,0,
ZA,1980-10,,0,
ZA,1980-11,,0,
ZA,1980-12,,0,
ZA,1981-01,,0,
ZA,1981-02,,0,
ZA,1981-03,,0,
ZA,1981-04,,0,
ZA,1981-05,,0,
ZA,1981-06,,0,
ZA,1981-07,,0,
ZA,1981-08,,0,
ZA,1981-09,,0,
ZA,1981-10,,0,
ZA,1981-11,,0,
ZA,1981-12,,0,
ZA,1982-01,,0,
ZA,1982-02,,0,
ZA,1982-03,,0,
ZA,1982-04,,0,
ZA,1982-05,,0,
ZA,1982-06,,0,
ZA,1982-07,,0,
ZA,1982-08,,0,
ZA,1982-09,,0,
ZA,1982-10,,0,
ZA,1982-11,,0,
ZA,1982-12,,0,
ZA,1983-01,1983-01-31,21,0.0
ZA,1983-02,1983-02-28,19,0.0
ZA,1983-03,1983-03-31,23,0.0
ZA,1983-04,1983-04-29,20,1.0
ZA,1983-05,1983-05-31,21,0.0
ZA,1983-06,1983-06-30,22,0.0
ZA,1983-07,1983-07-29,20,2.0
ZA,1983-08,1983-08-31,23,0.0
ZA,1983-09,1983-09-30,21,0.0
ZA,1983-10,1983-10-31,21,0.0
ZA,1983-11,1983-11-30,20,0.0
ZA,1983-12,1983-12-30,21,1.0
ZA,1984-01,1984-01-31,21,0.0
ZA,1984-02,1984-02-29,20,0.0
ZA,1984-03,1984-03-30,22,1.0
ZA,1984-04,1984-04-30,20,0.0
ZA,1984-05,1984-05-31,22,0.0
ZA,1984-06,1984-06-29,21,1.0
ZA,1984-07,1984-07-31,21,0.0
ZA,1984-08,1984-08-31,23,0.0
ZA,1984-09,1984-09-28,19,2.0
ZA,1984-10,1984-10-31,23,0.0
ZA,1984-11,1984-11-30,20,0.0
ZA,1984-12,1984-12-28,18,3.0
ZA,1985-01,1985-01-31,22,0.0
ZA,1985-02,1985-02-28,19,0.0
ZA,1985-03,1985-03-29,21,2.0
ZA,1985-04,1985-04-30,21,0.0
ZA,1985-05,1985-05-31,22,0.0
ZA,1985-06,1985-06-28,20,2.0
ZA,1985-07,1985-07-31,21,0.0
ZA,1985-08,1985-08-30,22,1.0
ZA,1985-09,1985-09-30,20,0.0
ZA,1985-10,1985-10-31,23,0.0
ZA,1985-11,1985-11-27,19,3.0
ZA,1985-12,1985-12-31,20,0.0
ZA,1986-01,1986-01-31,22,0.0
ZA,1986-02,1986-02-28,19,0.0
ZA,1986-03,1986-03-31,20,0.0
ZA,1986-04,1986-04-30,22,0.0
ZA,1986-05,1986-05-30,21,1.0
ZA,1986-06,1986-06-30,21,0.0
ZA,1986-07,1986-07-31,21,0.0
ZA,1986-08,1986-08-29,21,2.0
ZA,1986-09,1986-09-30,21,0.0
ZA,1986-10,1986-10-31,23,0.0
ZA,1986-11,1986-11-26,18,4.0
ZA,1986-12,1986-12-31,21,0.0
ZA,1987-01,1987-01-30,21,1.0
ZA,1987-02,1987-02-27,19,1.0
ZA,1987-03,1987-03-31,22,0.0
ZA,1987-04,1987-04-30,21,0.0
ZA,1987-05,1987-05-29,20,2.0
ZA,1987-06,1987-06-30,22,0.0
ZA,1987-07,1987-07-31,22,0.0
ZA,1987-08,1987-08-31,21,0.0
ZA,1987-09,1987-09-30,21,0.0
ZA,1987-10,1987-10-30,22,1.0
ZA,1987-11,1987-11-30,19,0.0
ZA,1987-12,1987-12-31,22,0.0
ZA,1988-01,1988-01-29,20,2.0
ZA,1988-02,1988-02-29,20,0.0
ZA,1988-03,1988-03-31,23,0.0
ZA,1988-04,1988-04-29,20,1.0
ZA,1988-05,1988-05-31,21,0.0
ZA,1988-06,1988-06-30,22,0.0
ZA,1988-07,1988-07-29,20,2.0
ZA,1988-08,1988-08-31,23,0.0
ZA,1988-09,1988-09-30,21,0.0
ZA,1988-10,1988-10-31,21,0.0
ZA,1988-11,1988-11-30,20,0.0
ZA,1988-12,1988-12-30,21,1.0
ZA,1989-01,1989-01-31,21,0.0
ZA,1989-02,1989-02-28,19,0.0
ZA,1989-03,1989-03-31,22,0.0
ZA,1989-04,1989-04-28,20,2.0
ZA,1989-05,1989-05-31,22,0.0
ZA,1989-06,1989-06-30,22,0.0
ZA,1989-07,1989-07-31,19,0.0
ZA,1989-08,1989-08-31,23,0.0
ZA,1989-09,1989-09-29,20,1.0
ZA,1989-10,1989-10-31,22,0.0
ZA,1989-11,1989-11-30,21,0.0
ZA,1989-12,1989-12-29,20,2.0
ZA,1990-01,1990-01-31,22,0.0
ZA,1990-02,1990-02-28,19,0.0
ZA,1990-03,1990-03-30,22,1.0
ZA,1990-04,1990-04-30,20,0.0
ZA,1990-05,1990-05-31,22,0.0
ZA,1990-06,1990-06-29,21,1.0
ZA,1990-07,1990-07-31,21,0.0
ZA,1990-08,1990-08-31,22,0.0
ZA,1990-09,1990-09-28,19,2.0
ZA,1990-10,1990-10-31,23,0.0
ZA,1990-11,1990-11-30,21,0.0
ZA,1990-12,1990-12-31,19,0.0
ZA,1991-01,1991-01-31,22,0.0
ZA,1991-02,1991-02-28,19,0.0
ZA,1991-03,1991-03-28,20,3.0
ZA,1991-04,1991-04-30,22,0.0
ZA,1991-05,1991-05-31,21,0.0
ZA,1991-06,1991-06-28,20,2.0
ZA,1991-07,1991-07-31,22,0.0
ZA,1991-08,1991-08-30,22,1.0
ZA,1991-09,1991-09-30,20,0.0
ZA,1991-10,1991-10-31,23,0.0
ZA,1991-11,1991-11-29,19,1.0
ZA,1991-12,1991-12-31,21,0.0
ZA,1992-01,1992-01-31,22,0.0
ZA,1992-02,1992-02-28,19,1.0
ZA,1992-03,1992-03-31,22,0.0
ZA,1992-04,1992-04-30,21,0.0
ZA,1992-05,1992-05-29,20,2.0
ZA,1992-06,1992-06-30,22,0.0
ZA,1992-07,1992-07-31,22,0.0
ZA,1992-08,1992-08-31,21,0.0
ZA,1992-09,1992-09-30,21,0.0
ZA,1992-10,1992-10-30,22,1.0
ZA,1992-11,1992-11-30,19,0.0
ZA,1992-12,1992-12-31,21,0.0
ZA,1993-01,1993-01-29,20,2.0
ZA,1993-02,1993-02-26,19,2.0
ZA,1993-03,1993-03-31,22,0.0
ZA,1993-04,1993-04-30,21,0.0
ZA,1993-05,1993-05-28,20,3.0
ZA,1993-06,1993-06-30,22,0.0
ZA,1993-07,1993-07-30,21,1.0
ZA,1993-08,1993-08-31,22,0.0
ZA,1993-09,1993-09-30,21,0.0
ZA,1993-10,1993-10-29,21,2.0
ZA,1993-11,1993-11-30,20,0.0
ZA,1993-12,1993-12-30,21,1.0
ZA,1994-01,1994-01-31,21,0.0
ZA,1994-02,1994-02-28,19,0.0
ZA,1994-03,1994-03-31,23,0.0
ZA,1994-04,1994-04-29,19,1.0
ZA,1994-05,1994-05-31,21,0.0
ZA,1994-06,1994-06-30,22,0.0
ZA,1994-07,1994-07-29,20,2.0
ZA,1994-08,1994-08-31,23,0.0
ZA,1994-09,1994-09-30,21,0.0
ZA,1994-10,1994-10-31,21,0.0
ZA,1994-11,1994-11-30,20,0.0
ZA,1994-12,1994-12-30,21,1.0
ZA,1995-01,1995-01-31,21,0.0
ZA,1995-02,1995-02-28,19,0.0
ZA,1995-03,1995-03-31,23,0.0
ZA,1995-04,1995-04-28,19,2.0
ZA,1995-05,1995-05-31,22,0.0
ZA,1995-06,1995-06-30,22,0.0
ZA,1995-07,1995-07-31,19,0.0
ZA,1995-08,1995-08-31,23,0.0
ZA,1995-09,1995-09-29,20,1.0
ZA,1995-10,1995-10-31,22,0.0
ZA,1995-11,1995-11-30,20,0.0
ZA,1995-12,1995-12-29,20,2.0
ZA,1996-01,1996-01-31,21,0.0
ZA,1996-02,1996-02-29,20,0.0
ZA,1996-03,1996-03-29,21,2.0
ZA,1996-04,1996-04-30,21,0.0
ZA,1996-05,1996-05-31,22,0.0
ZA,1996-06,1996-06-28,20,2.0
ZA,1996-07,1996-07-31,21,0.0
ZA,1996-08,1996-08-30,22,1.0
ZA,1996-09,1996-09-30,20,0.0
ZA,1996-10,1996-10-31,23,0.0
ZA,1996-11,1996-11-27,19,3.0
ZA,1996-12,1996-12-31,21,0.0
ZA,1997-01,1997-01-31,22,0.0
ZA,1997-02,1997-02-28,19,0.0
ZA,1997-03,1997-03-31,20,0.0
ZA,1997-04,1997-04-30,22,0.0
ZA,1997-05,1997-05-30,21,1.0
ZA,1997-06,1997-06-30,21,0.0
ZA,1997-07,1997-07-31,22,0.0
ZA,1997-08,1997-08-29,21,2.0
ZA,1997-09,1997-09-30,21,0.0
ZA,1997-10,1997-10-31,23,0.0
ZA,1997-11,1997-11-26,18,4.0
ZA,1997-12,1997-12-31,22,0.0
ZA,1998-01,1998-01-30,20,1.0
ZA,1998-02,1998-02-27,19,1.0
ZA,1998-03,1998-03-31,22,0.0
ZA,1998-04,1998-04-30,21,0.0
ZA,1998-05,1998-05-29,20,2.0
ZA,1998-06,1998-06-30,22,0.0
ZA,1998-07,1998-07-31,22,0.0
ZA,1998-08,1998-08-31,21,0.0
ZA,1998-09,1998-09-30,21,0.0
ZA,1998-10,1998-10-30,22,1.0
ZA,1998-11,1998-11-30,19,0.0
ZA,1998-12,1998-12-31,22,0.0
ZA,1999-01,1999-01-29,19,2.0
ZA,1999-02,1999-02-26,19,2.0
ZA,1999-03,1999-03-31,23,0.0
ZA,1999-04,1999-04-30,21,0.0
ZA,1999-05,1999-05-28,20,3.0
ZA,1999-06,1999-06-30,22,0.0
ZA,1999-07,1999-07-30,21,1.0
ZA,1999-08,1999-08-31,22,0.0
ZA,1999-09,1999-09-30,21,0.0
ZA,1999-10,1999-10-29,21,2.0
ZA,1999-11,1999-11-30,20,0.0
ZA,1999-12,1999-12-30,21,1.0
ZA,2000-01,2000-01-31,19,0.0
ZA,2000-02,2000-02-29,20,0.0
ZA,2000-03,2000-03-31,23,0.0
ZA,2000-04,2000-04-28,19,2.0
ZA,2000-05,2000-05-31,22,0.0
ZA,2000-06,2000-06-30,22,0.0
ZA,2000-07,2000-07-31,19,0.0
ZA,2000-08,2000-08-31,23,0.0
ZA,2000-09,2000-09-29,20,1.0
ZA,2000-10,2000-10-31,22,0.0
ZA,2000-11,2000-11-30,20,0.0
ZA,2000-12,2000-12-29,20,2.0
ZA,2001-01,2001-01-31,21,0.0
ZA,2001-02,2001-02-28,19,0.0
ZA,2001-03,2001-03-30,22,1.0
ZA,2001-04,2001-04-30,20,0.0
ZA,2001-05,2001-05-31,22,0.0
ZA,2001-06,2001-06-29,21,1.0
ZA,2001-07,2001-07-31,21,0.0
ZA,2001-08,2001-08-31,23,0.0
ZA,2001-09,2001-09-28,17,2.0
ZA,2001-10,2001-10-31,23,0.0
ZA,2001-11,2001-11-30,20,0.0
ZA,2001-12,2001-12-31,19,0.0
ZA,2002-01,2002-01-31,21,0.0
ZA,2002-02,2002-02-28,19,0.0
ZA,2002-03,2002-03-28,20,3.0
ZA,2002-04,2002-04-30,22,0.0
ZA,2002-05,2002-05-31,22,0.0
ZA,2002-06,2002-06-28,20,2.0
ZA,2002-07,2002-07-31,21,0.0
ZA,2002-08,2002-08-30,22,1.0
ZA,2002-09,2002-09-30,20,0.0
ZA,2002-10,2002-10-31,23,0.0
ZA,2002-11,2002-11-27,19,3.0
ZA,2002-12,2002-12-31,21,0.0
ZA,2003-01,2003-01-31,21,0.0
ZA,2003-02,2003-02-28,19,0.0
ZA,2003-03,2003-03-31,21,0.0
ZA,2003-04,2003-04-30,21,0.0
ZA,2003-05,2003-05-30,21,1.0
ZA,2003-06,2003-06-30,21,0.0
ZA,2003-07,2003-07-31,22,0.0
ZA,2003-08,2003-08-29,21,2.0
ZA,2003-09,2003-09-30,21,0.0
ZA,2003-10,2003-10-31,23,0.0
ZA,2003-11,2003-11-26,18,4.0
ZA,2003-12,2003-12-31,21,0.0
ZA,2004-01,2004-01-30,19,1.0
ZA,2004-02,2004-02-27,19,2.0
ZA,2004-03,2004-03-31,23,0.0
ZA,2004-04,2004-04-30,21,0.0
ZA,2004-05,2004-05-28,20,3.0
ZA,2004-06,2004-06-30,21,0.0
ZA,2004-07,2004-07-30,21,1.0
ZA,2004-08,2004-08-31,22,0.0
ZA,2004-09,2004-09-30,21,0.0
ZA,2004-10,2004-10-29,21,2.0
ZA,2004-11,2004-11-30,20,0.0
ZA,2004-12,2004-12-30,21,1.0
ZA,2005-01,2005-01-31,20,0.0
ZA,2005-02,2005-02-28,19,0.0
ZA,2005-03,2005-03-31,22,0.0
ZA,2005-04,2005-04-29,21,1.0
ZA,2005-05,2005-05-31,21,0.0
ZA,2005-06,2005-06-30,22,0.0
ZA,2005-07,2005-07-29,20,2.0
ZA,2005-08,2005-08-31,23,0.0
ZA,2005-09,2005-09-30,21,0.0
ZA,2005-10,2005-10-31,21,0.0
ZA,2005-11,2005-11-30,20,0.0
ZA,2005-12,2005-12-30,21,1.0
ZA,2006-01,2006-01-31,20,0.0
ZA,2006-02,2006-02-28,19,0.0
ZA,2006-03,2006-03-31,23,0.0
ZA,2006-04,2006-04-28,19,2.0
ZA,2006-05,2006-05-31,22,0.0
ZA,2006-06,2006-06-30,22,0.0
ZA,2006-07,2006-07-31,19,0.0
ZA,2006-08,2006-08-31,23,0.0
ZA,2006-09,2006-09-29,20,1.0
ZA,2006-10,2006-10-31,22,0.0
ZA,2006-11,2006-11-30,20,0.0
ZA,2006-12,2006-12-29,20,2.0
ZA,2007-01,2007-01-31,20,0.0
ZA,2007-02,2007-02-28,19,0.0
ZA,2007-03,2007-03-30,22,1.0
ZA,2007-04,2007-04-30,20,0.0
ZA,2007-05,2007-05-31,22,0.0
ZA,2007-06,2007-06-29,21,1.0
ZA,2007-07,2007-07-31,21,0.0
ZA,2007-08,2007-08-31,23,0.0
ZA,2007-09,2007-09-28,19,2.0
ZA,2007-10,2007-10-31,23,0.0
ZA,2007-11,2007-11-30,21,0.0
ZA,2007-12,2007-12-31,20,0.0
ZA,2008-01,2008-01-31,21,0.0
ZA,2008-02,2008-02-29,20,0.0
ZA,2008-03,2008-03-31,20,0.0
ZA,2008-04,2008-04-30,22,0.0
ZA,2008-05,2008-05-30,22,1.0
ZA,2008-06,2008-06-30,21,0.0
ZA,2008-07,2008-07-31,23,0.0
ZA,2008-08,2008-08-29,21,2.0
ZA,2008-09,2008-09-30,22,0.0
ZA,2008-10,2008-10-31,23,0.0
ZA,2008-11,2008-11-28,19,2.0
ZA,2008-12,2008-12-31,22,0.0
ZA,2009-01,2009-01-30,20,1.0
ZA,2009-02,2009-02-27,19,1.0
ZA,2009-03,2009-03-31,22,0.0
ZA,2009-04,2009-04-30,21,0.0
ZA,2009-05,2009-05-29,20,2.0
ZA,2009-06,2009-06-30,22,0.0
ZA,2009-07,2009-07-31,23,0.0
ZA,2009-08,2009-08-31,21,0.0
ZA,2009-09,2009-09-30,21,0.0
ZA,2009-10,2009-10-30,22,1.0
ZA,2009-11,2009-11-30,20,0.0
ZA,2009-12,2009-12-31,22,0.0
ZA,2010-01,2010-01-29,19,2.0
ZA,2010-02,2010-02-26,19,2.0
ZA,2010-03,2010-03-31,23,0.0
ZA,2010-04,2010-04-30,21,0.0
ZA,2010-05,2010-05-28,20,3.0
ZA,2010-06,2010-06-30,22,0.0
ZA,2010-07,2010-07-30,21,1.0
ZA,2010-08,2010-08-31,22,0.0
ZA,2010-09,2010-09-30,21,0.0
ZA,2010-10,2010-10-29,21,2.0
ZA,2010-11,2010-11-30,21,0.0
ZA,2010-12,2010-12-31,22,0.0
ZA,2011-01,2011-01-31,20,0.0
ZA,2011-02,2011-02-28,19,0.0
ZA,2011-03,2011-03-31,23,0.0
ZA,2011-04,2011-04-29,20,1.0
ZA,2011-05,2011-05-31,21,0.0
ZA,2011-06,2011-06-30,22,0.0
ZA,2011-07,2011-07-29,20,2.0
ZA,2011-08,2011-08-31,23,0.0
ZA,2011-09,2011-09-30,21,0.0
ZA,2011-10,2011-10-31,21,0.0
ZA,2011-11,2011-11-30,21,0.0
ZA,2011-12,2011-12-30,21,1.0
ZA,2012-01,2012-01-31,20,0.0
ZA,2012-02,2012-02-29,20,0.0
ZA,2012-03,2012-03-30,22,1.0
ZA,2012-04,2012-04-30,20,0.0
ZA,2012-05,2012-05-31,22,0.0
ZA,2012-06,2012-06-29,21,1.0
ZA,2012-07,2012-07-31,21,0.0
ZA,2012-08,2012-08-31,23,0.0
ZA,2012-09,2012-09-28,19,2.0
ZA,2012-10,2012-10-31,23,0.0
ZA,2012-11,2012-11-30,21,0.0
ZA,2012-12,2012-12-31,20,0.0
ZA,2013-01,2013-01-31,21,0.0
ZA,2013-02,2013-02-28,19,0.0
ZA,2013-03,2013-03-28,20,3.0
ZA,2013-04,2013-04-30,22,0.0
ZA,2013-05,2013-05-31,22,0.0
ZA,2013-06,2013-06-28,20,2.0
ZA,2013-07,2013-07-31,22,0.0
ZA,2013-08,2013-08-30,22,1.0
ZA,2013-09,2013-09-30,20,0.0
ZA,2013-10,2013-10-31,23,0.0
ZA,2013-11,2013-11-29,20,1.0
ZA,2013-12,2013-12-31,21,0.0
ZA,2014-01,2014-01-31,21,0.0
ZA,2014-02,2014-02-28,19,0.0
ZA,2014-03,2014-03-31,21,0.0
ZA,2014-04,2014-04-30,21,0.0
ZA,2014-05,2014-05-30,21,1.0
ZA,2014-06,2014-06-30,21,0.0
ZA,2014-07,2014-07-31,22,0.0
ZA,2014-08,2014-08-29,21,2.0
ZA,2014-09,2014-09-30,21,0.0
ZA,2014-10,2014-10-31,23,0.0
ZA,2014-11,2014-11-28,19,2.0
ZA,2014-12,2014-12-31,22,0.0
ZB,1969-01,,0,
ZB,1969-02,,0,
ZB,1969-03,,0,
ZB,1969-04,,0,
ZB,1969-05,,0,
ZB,1969-06,,0,
ZB,1969-07,,0,
ZB,1969-08,,0,
ZB,1969-09,,0,
ZB,1969-10,,0,
ZB,1969-11,,0,
ZB,1969-12,,0,
ZB,1970-01,,0,
ZB,1970-02,,0,
ZB,1970-03,,0,
ZB,1970-04,,0,
ZB,1970-05,,0,
ZB,1970-06,,0,
ZB,1970-07,,0,
ZB,1970-08,,0,
ZB,1970-09,,0,
ZB,1970-10,,0,
ZB,1970-11,,0,
ZB,1970-12,,0,
ZB,1971-01,,0,
ZB,1971-02,,0,
ZB,1971-03,,0,
ZB,1971-04,,0,
ZB,1971-05,,0,
ZB,1971-06,,0,
ZB,1971-07,,0,
ZB,1971-08,,0,
ZB,1971-09,,0,
ZB,1971-10,,0,
ZB,1971-11,,0,
ZB,1971-12,,0,
ZB,1972-01,,0,
ZB,1972-02,,0,
ZB,1972-03,,0,
ZB,1972-04,,0,
ZB,1972-05,,0,
ZB,1972-06,,0,
ZB,1972-07,,0,
ZB,1972-08,,0,
ZB,1972-09,,0,
ZB,1972-10,,0,
ZB,1972-11,,0,
ZB,1972-12,,0,
ZB,1973-01,,0,
ZB,1973-02,,0,
ZB,1973-03,,0,
ZB,1973-04,,0,
ZB,1973-05,,0,
ZB,1973-06,,0,
ZB,1973-07,,0,
ZB,1973-08,,0,
ZB,1973-09,,0,
ZB,1973-10,,0,
ZB,1973-11,,0,
ZB,1973-12,,0,
ZB,1974-01,,0,
ZB,1974-02,,0,
ZB,1974-03,,0,
ZB,1974-04,,0,
ZB,1974-05,,0,
ZB,1974-06,,0,
ZB,1974-07,,0,
ZB,1974-08,,0,
ZB,1974-09,,0,
ZB,1974-10,,0,
ZB,1974-11,,0,
ZB,1974-12,,0,
ZB,1975-01,,0,
ZB,1975-02,,0,
ZB,1975-03,,0,
ZB,1975-04,,0,
ZB,1975-05,,0,
ZB,1975-06,,0,
ZB,1975-07,,0,
ZB,1975-08,,0,
ZB,1975-09,,0,
ZB,1975-10,,0,
ZB,1975-11,,0,
ZB,1975-12,,0,
ZB,1976-01,,0,
ZB,1976-02,,0,
ZB,1976-03,,0,
ZB,1976-04,,0,
ZB,1976-05,,0,
ZB,1976-06,,0,
ZB,1976-07,,0,
ZB,1976-08,,0,
ZB,1976-09,,0,
ZB,1976-10,,0,
ZB,1976-11,,0,
ZB,1976-12,,0,
ZB,1977-01,,0,
ZB,1977-02,,0,
ZB,1977-03,,0,
ZB,1977-04,,0,
ZB,1977-05,,0,
ZB,1977-06,,0,
ZB,1977-07,,0,
ZB,1977-08,,0,
ZB,1977-09,,0,
ZB,1977-10,,0,
ZB,1977-11,,0,
ZB,1977-12,,0,
ZB,1978-01,,0,
ZB,1978-02,,0,
ZB,1978-03,,0,
ZB,1978-04,,0,
ZB,1978-05,,0,
ZB,1978-06,,0,
ZB,1978-07,,0,
ZB,1978-08,,0,
ZB,1978-09,,0,
ZB,1978-10,,0,
ZB,1978-11,,0,
ZB,1978-12,,0,
ZB,1979-01,,0,
ZB,1979-02,,0,
ZB,1979-03,,0,
ZB,1979-04,,0,
ZB,1979-05,,0,
ZB,1979-06,,0,
ZB,1979-07,,0,
ZB,1979-08,,0,
ZB,1979-09,,0,
ZB,1979-10,,0,
ZB,1979-11,,0,
ZB,1979-12,,0,
ZB,1980-01,,0,
ZB,1980-02,,0,
ZB,1980-03,,0,
ZB,1980-04,,0,
ZB,1980-05,,0,
ZB,1980-06,,0,
ZB,1980-07,,0,
ZB,1980-08,,0,
ZB,1980-09,,0,
ZB,1980-10,,0,
ZB,1980-11,,0,
ZB,1980-12,,0,
ZB,1981-01,,0,
ZB,1981-02,,0,
ZB,1981-03,,0,
ZB,1981-04,,0,
ZB,1981-05,,0,
ZB,1981-06,,0,
ZB,1981-07,,0,
ZB,1981-08,,0,
ZB,1981-09,,0,
ZB,1981-10,,0,
ZB,1981-11,,0,
ZB,1981-12,,0,
ZB,1982-01,,0,
ZB,1982-02,,0,
ZB,1982-03,,0,
ZB,1982-04,,0,
ZB,1982-05,,0,
ZB,1982-06,,0,
ZB,1982-07,,0,
ZB,1982-08,,0,
ZB,1982-09,,0,
ZB,1982-10,,0,
ZB,1982-11,,0,
ZB,1982-12,,0,
ZB,1983-01,,0,
ZB,1983-02,,0,
ZB,1983-03,,0,
ZB,1983-04,,0,
ZB,1983-05,,0,
ZB,1983-06,,0,
ZB,1983-07,,0,
ZB,1983-08,,0,
ZB,1983-09,,0,
ZB,1983-10,,0,
ZB,1983-11,,0,
ZB,1983-12,,0,
ZB,1984-01,,0,
ZB,1984-02,,0,
ZB,1984-03,,0,
ZB,1984-04,,0,
ZB,1984-05,,0,
ZB,1984-06,,0,
ZB,1984-07,,0,
ZB,1984-08,,0,
ZB,1984-09,,0,
ZB,1984-10,,0,
ZB,1984-11,,0,
ZB,1984-12,,0,
ZB,1985-01,1985-01-31,22,0.0
ZB,1985-02,1985-02-28,19,0.0
ZB,1985-03,1985-03-29,21,2.0
ZB,1985-04,1985-04-30,21,0.0
ZB,1985-05,1985-05-31,22,0.0
ZB,1985-06,1985-06-28,20,2.0
ZB,1985-07,1985-07-31,21,0.0
ZB,1985-08,1985-08-30,22,1.0
ZB,1985-09,1985-09-30,20,0.0
ZB,1985-10,1985-10-31,23,0.0
ZB,1985-11,1985-11-27,19,3.0
ZB,1985-12,1985-12-31,20,0.0
ZB,1986-01,1986-01-31,22,0.0
ZB,1986-02,1986-02-28,19,0.0
ZB,1986-03,1986-03-31,20,0.0
ZB,1986-04,1986-04-30,22,0.0
ZB,1986-05,1986-05-30,21,1.0
ZB,1986-06,1986-06-30,21,0.0
ZB,1986-07,1986-07-31,21,0.0
ZB,1986-08,1986-08-29,21,2.0
ZB,1986-09,1986-09-30,21,0.0
ZB,1986-10,1986-10-31,23,0.0
ZB,1986-11,1986-11-26,18,4.0
ZB,1986-12,1986-12-31,21,0.0
ZB,1987-01,1987-01-30,21,1.0
ZB,1987-02,1987-02-27,19,1.0
ZB,1987-03,1987-03-31,22,0.0
ZB,1987-04,1987-04-30,21,0.0
ZB,1987-05,1987-05-29,20,2.0
ZB,1987-06,1987-06-30,22,0.0
ZB,1987-07,1987-07-31,22,0.0
ZB,1987-08,1987-08-31,21,0.0
ZB,1987-09,1987-09-30,21,0.0
ZB,1987-10,1987-10-30,22,1.0
ZB,1987-11,1987-11-30,19,0.0
ZB,1987-12,1987-12-31,22,0.0
ZB,1988-01,1988-01-29,20,2.0
ZB,1988-02,1988-02-29,20,0.0
ZB,1988-03,1988-03-31,23,0.0
ZB,1988-04,1988-04-29,20,1.0
ZB,1988-05,1988-05-31,21,0.0
ZB,1988-06,1988-06-30,22,0.0
ZB,1988-07,1988-07-29,20,2.0
ZB,1988-08,1988-08-31,23,0.0
ZB,1988-09,1988-09-30,21,0.0
ZB,1988-10,1988-10-31,21,0.0
ZB,1988-11,1988-11-30,20,0.0
ZB,1988-12,1988-12-30,21,1.0
ZB,1989-01,1989-01-31,21,0.0
ZB,1989-02,1989-02-28,19,0.0
ZB,1989-03,1989-03-31,22,0.0
ZB,1989-04,1989-04-28,20,2.0
ZB,1989-05,1989-05-31,22,0.0
ZB,1989-06,1989-06-30,22,0.0
ZB,1989-07,1989-07-31,19,0.0
ZB,1989-08,1989-08-31,23,0.0
ZB,1989-09,1989-09-29,20,1.0
ZB,1989-10,1989-10-31,22,0.0
ZB,1989-11,1989-11-30,21,0.0
ZB,1989-12,1989-12-29,20,2.0
ZB,1990-01,1990-01-31,22,0.0
ZB,1990-02,1990-02-28,19,0.0
ZB,1990-03,1990-03-30,22,1.0
ZB,1990-04,1990-04-30,20,0.0
ZB,1990-05,1990-05-31,22,0.0
ZB,1990-06,1990-06-29,21,1.0
ZB,1990-07,1990-07-31,21,0.0
ZB,1990-08,1990-08-31,22,0.0
ZB,1990-09,1990-09-28,19,2.0
ZB,1990-10,1990-10-31,23,0.0
ZB,1990-11,1990-11-30,21,0.0
ZB,1990-12,1990-12-31,19,0.0
ZB,1991-01,1991-01-31,22,0.0
ZB,1991-02,1991-02-28,19,0.0
ZB,1991-03,1991-03-28,20,3.0
ZB,1991-04,1991-04-30,22,0.0
ZB,1991-05,1991-05-31,22,0.0
ZB,1991-06,1991-06-28,20,2.0
ZB,1991-07,1991-07-31,22,0.0
ZB,1991-08,1991-08-30,22,1.0
ZB,1991-09,1991-09-30,20,0.0
ZB,1991-10,1991-10-31,23,0.0
ZB,1991-11,1991-11-29,20,1.0
ZB,1991-12,1991-12-31,21,0.0
ZB,1992-01,1992-01-31,22,0.0
ZB,1992-02,1992-02-28,19,1.0
ZB,1992-03,1992-03-31,22,0.0
ZB,1992-04,1992-04-30,21,0.0
ZB,1992-05,1992-05-29,20,2.0
ZB,1992-06,1992-06-30,22,0.0
ZB,1992-07,1992-07-31,22,0.0
ZB,1992-08,1992-08-31,21,0.0
ZB,1992-09,1992-09-30,21,0.0
ZB,1992-10,1992-10-30,22,1.0
ZB,1992-11,1992-11-30,19,0.0
ZB,1992-12,1992-12-31,21,0.0
ZB,1993-01,1993-01-29,20,2.0
ZB,1993-02,1993-02-26,19,2.0
ZB,1993-03,1993-03-31,22,0.0
ZB,1993-04,1993-04-30,21,0.0
ZB,1993-05,1993-05-28,20,3.0
ZB,1993-06,1993-06-30,22,0.0
ZB,1993-07,1993-07-30,21,1.0
ZB,1993-08,1993-08-31,22,0.0
ZB,1993-09,1993-09-30,21,0.0
ZB,1993-10,1993-10-29,21,2.0
ZB,1993-11,1993-11-30,20,0.0
ZB,1993-12,1993-12-30,21,1.0
ZB,1994-01,1994-01-31,21,0.0
ZB,1994-02,1994-02-28,19,0.0
ZB,1994-03,1994-03-31,23,0.0
ZB,1994-04,1994-04-29,19,1.0
ZB,1994-05,1994-05-31,21,0.0
ZB,1994-06,1994-06-30,22,0.0
ZB,1994-07,1994-07-29,20,2.0
ZB,1994-08,1994-08-31,23,0.0
ZB,1994-09,1994-09-30,21,0.0
ZB,1994-10,1994-10-31,21,0.0
ZB,1994-11,1994-11-30,20,0.0
ZB,1994-12,1994-12-30,21,1.0
ZB,1995-01,1995-01-31,21,0.0
ZB,1995-02,1995-02-28,19,0.0
ZB,1995-03,1995-03-31,23,0.0
ZB,1995-04,1995-04-28,19,2.0
ZB,1995-05,1995-05-31,22,0.0
ZB,1995-06,1995-06-30,22,0.0
ZB,1995-07,1995-07-31,19,0.0
ZB,1995-08,1995-08-31,23,0.0
ZB,1995-09,1995-09-29,20,1.0
ZB,1995-10,1995-10-31,22,0.0
ZB,1995-11,1995-11-30,20,0.0
ZB,1995-12,1995-12-29,20,2.0
ZB,1996-01,1996-01-31,21,0.0
ZB,1996-02,1996-02-29,20,0.0
ZB,1996-03,1996-03-29,21,2.0
ZB,1996-04,1996-04-30,21,0.0
ZB,1996-05,1996-05-31,22,0.0
ZB,1996-06,1996-06-28,20,2.0
ZB,1996-07,1996-07-31,21,0.0
ZB,1996-08,1996-08-30,22,1.0
ZB,1996-09,1996-09-30,20,0.0
ZB,1996-10,1996-10-31,23,0.0
ZB,1996-11,1996-11-27,19,3.0
ZB,1996-12,1996-12-31,21,0.0
ZB,1997-01,1997-01-31,22,0.0
ZB,1997-02,1997-02-28,19,0.0
ZB,1997-03,1997-03-31,20,0.0
ZB,1997-04,1997-04-30,22,0.0
ZB,1997-05,1997-05-30,21,1.0
ZB,1997-06,1997-06-30,21,0.0
ZB,1997-07,1997-07-31,22,0.0
ZB,1997-08,1997-08-29,21,2.0
ZB,1997-09,1997-09-30,21,0.0
ZB,1997-10,1997-10-31,23,0.0
ZB,1997-11,1997-11-26,18,4.0
ZB,1997-12,1997-12-31,22,0.0
ZB,1998-01,1998-01-30,20,1.0
ZB,1998-02,1998-02-27,19,1.0
ZB,1998-03,1998-03-31,22,0.0
ZB,1998-04,1998-04-30,21,0.0
ZB,1998-05,1998-05-29,20,2.0
ZB,1998-06,1998-06-30,22,0.0
ZB,1998-07,1998-07-31,22,0.0
ZB,1998-08,1998-08-31,21,0.0
ZB,1998-09,1998-09-30,21,0.0
ZB,1998-10,1998-10-30,22,1.0
ZB,1998-11,1998-11-30,19,0.0
ZB,1998-12,1998-12-31,22,0.0
ZB,1999-01,1999-01-29,19,2.0
ZB,1999-02,1999-02-26,19,2.0
ZB,1999-03,1999-03-31,23,0.0
ZB,1999-04,1999-04-30,21,0.0
ZB,1999-05,1999-05-28,20,3.0
ZB,1999-06,1999-06-30,22,0.0
ZB,1999-07,1999-07-30,21,1.0
ZB,1999-08,1999-08-31,22,0.0
ZB,1999-09,1999-09-30,21,0.0
ZB,1999-10,1999-10-29,21,2.0
ZB,1999-11,1999-11-30,20,0.0
ZB,1999-12,1999-12-30,21,1.0
ZB,2000-01,2000-01-31,19,0.0
ZB,2000-02,2000-02-29,20,0.0
ZB,2000-03,2000-03-31,23,0.0
ZB,2000-04,2000-04-28,19,2.0
ZB,2000-05,2000-05-31,22,0.0
ZB,2000-06,2000-06-30,22,0.0
ZB,2000-07,2000-07-31,19,0.0
ZB,2000-08,2000-08-31,23,0.0
ZB,2000-09,2000-09-29,20,1.0
ZB,2000-10,2000-10-31,22,0.0
ZB,2000-11,2000-11-30,20,0.0
ZB,2000-12,2000-12-29,20,2.0
ZB,2001-01,2001-01-31,21,0.0
ZB,2001-02,2001-02-28,19,0.0
ZB,2001-03,2001-03-30,22,1.0
ZB,2001-04,2001-04-30,20,0.0
ZB,2001-05,2001-05-31,22,0.0
ZB,2001-06,2001-06-29,21,1.0
ZB,2001-07,2001-07-31,21,0.0
ZB,2001-08,2001-08-31,23,0.0
ZB,2001-09,2001-09-28,16,2.0
ZB,2001-10,2001-10-31,23,0.0
ZB,2001-11,2001-11-30,20,0.0
ZB,2001-12,2001-12-31,19,0.0
ZB,2002-01,2002-01-31,21,0.0
ZB,2002-02,2002-02-28,19,0.0
ZB,2002-03,2002-03-28,20,3.0
ZB,2002-04,2002-04-30,22,0.0
ZB,2002-05,2002-05-31,22,0.0
ZB,2002-06,2002-06-28,20,2.0
ZB,2002-07,2002-07-31,21,0.0
ZB,2002-08,2002-08-30,22,1.0
ZB,2002-09,2002-09-30,20,0.0
ZB,2002-10,2002-10-31,23,0.0
ZB,2002-11,2002-11-27,19,3.0
ZB,2002-12,2002-12-31,21,0.0
ZB,2003-01,2003-01-31,21,0.0
ZB,2003-02,2003-02-28,19,0.0
ZB,2003-03,2003-03-31,21,0.0
ZB,2003-04,2003-04-30,21,0.0
ZB,2003-05,2003-05-30,21,1.0
ZB,2003-06,2003-06-30,21,0.0
ZB,2003-07,2003-07-31,22,0.0
ZB,2003-08,2003-08-29,21,2.0
ZB,2003-09,2003-09-30,21,0.0
ZB,2003-10,2003-10-31,23,0.0
ZB,2003-11,2003-11-26,18,4.0
ZB,2003-12,2003-12-31,21,0.0
ZB,2004-01,2004-01-30,19,1.0
ZB,2004-02,2004-02-27,19,2.0
ZB,2004-03,2004-03-31,23,0.0
ZB,2004-04,2004-04-30,21,0.0
ZB,2004-05,2004-05-28,20,3.0
ZB,2004-06,2004-06-30,21,0.0
ZB,2004-07,2004-07-30,21,1.0
ZB,2004-08,2004-08-31,22,0.0
ZB,2004-09,2004-09-30,21,0.0
ZB,2004-10,2004-10-29,21,2.0
ZB,2004-11,2004-11-30,20,0.0
ZB,2004-12,2004-12-30,21,1.0
ZB,2005-01,2005-01-31,20,0.0
ZB,2005-02,2005-02-28,19,0.0
ZB,2005-03,2005-03-31,22,0.0
ZB,2005-04,2005-04-29,21,1.0
ZB,2005-05,2005-05-31,21,0.0
ZB,2005-06,2005-06-30,22,0.0
ZB,2005-07,2005-07-29,20,2.0
ZB,2005-08,2005-08-31,23,0.0
ZB,2005-09,2005-09-30,21,0.0
ZB,2005-10,2005-10-31,21,0.0
ZB,2005-11,2005-11-30,20,0.0
ZB,2005-12,2005-12-30,21,1.0
ZB,2006-01,2006-01-31,20,0.0
ZB,2006-02,2006-02-28,19,0.0
ZB,2006-03,2006-03-31,23,0.0
ZB,2006-04,2006-04-28,19,2.0
ZB,2006-05,2006-05-31,22,0.0
ZB,2006-06,2006-06-30,22,0.0
ZB,2006-07,2006-07-31,19,0.0
ZB,2006-08,2006-08-31,23,0.0
ZB,2006-09,2006-09-29,20,1.0
ZB,2006-10,2006-10-31,22,0.0
ZB,2006-11,2006-11-30,20,0.0
ZB,2006-12,2006-12-29,20,2.0
ZB,2007-01,2007-01-31,20,0.0
ZB,2007-02,2007-02-28,19,0.0
ZB,2007-03,2007-03-30,22,1.0
ZB,2007-04,2007-04-30,20,0.0
ZB,2007-05,2007-05-31,22,0.0
ZB,2007-06,2007-06-29,21,1.0
ZB,2007-07,2007-07-31,21,0.0
ZB,2007-08,2007-08-31,23,0.0
ZB,2007-09,2007-09-28,19,2.0
ZB,2007-10,2007-10-31,23,0.0
ZB,2007-11,2007-11-30,21,0.0
ZB,2007-12,2007-12-31,20,0.0
ZB,2008-01,2008-01-31,21,0.0
ZB,2008-02,2008-02-29,20,0.0
ZB,2008-03,2008-03-31,20,0.0
ZB,2008-04,2008-04-30,22,0.0
ZB,2008-05,2008-05-30,21,1.0
ZB,2008-06,2008-06-30,21,0.0
ZB,2008-07,2008-07-31,22,0.0
ZB,2008-08,2008-08-29,21,2.0
ZB,2008-09,2008-09-30,22,0.0
ZB,2008-10,2008-10-31,23,0.0
ZB,2008-11,2008-11-28,19,2.0
ZB,2008-12,2008-12-31,22,0.0
ZB,2009-01,2009-01-30,20,1.0
ZB,2009-02,2009-02-27,19,1.0
ZB,2009-03,2009-03-31,22,0.0
ZB,2009-04,2009-04-30,21,0.0
ZB,2009-05,2009-05-29,20,2.0
ZB,2009-06,2009-06-30,22,0.0
ZB,2009-07,2009-07-31,22,0.0
ZB,2009-08,2009-08-31,21,0.0
ZB,2009-09,2009-09-30,21,0.0
ZB,2009-10,2009-10-30,22,1.0
ZB,2009-11,2009-11-30,20,0.0
ZB,2009-12,2009-12-31,22,0.0
ZB,2010-01,2010-01-29,19,2.0
ZB,2010-02,2010-02-26,19,2.0
ZB,2010-03,2010-03-31,23,0.0
ZB,2010-04,2010-04-30,21,0.0
ZB,2010-05,2010-05-28,20,3.0
ZB,2010-06,2010-06-30,22,0.0
ZB,2010-07,2010-07-30,21,1.0
ZB,2010-08,2010-08-31,22,0.0
ZB,2010-09,2010-09-30,21,0.0
ZB,2010-10,2010-10-29,21,2.0
ZB,2010-11,2010-11-30,21,0.0
ZB,2010-12,2010-12-31,22,0.0
ZB,2011-01,2011-01-31,20,0.0
ZB,2011-02,2011-02-28,19,0.0
ZB,2011-03,2011-03-31,23,0.0
ZB,2011-04,2011-04-29,20,1.0
ZB,2011-05,2011-05-31,21,0.0
ZB,2011-06,2011-06-30,22,0.0
ZB,2011-07,2011-07-29,20,2.0
ZB,2011-08,2011-08-31,23,0.0
ZB,2011-09,2011-09-30,21,0.0
ZB,2011-10,2011-10-31,21,0.0
ZB,2011-11,2011-11-30,21,0.0
ZB,2011-12,2011-12-30,21,1.0
ZB,2012-01,2012-01-31,20,0.0
ZB,2012-02,2012-02-29,20,0.0
ZB,2012-03,2012-03-30,22,1.0
ZB,2012-04,2012-04-30,20,0.0
ZB,2012-05,2012-05-31,22,0.0
ZB,2012-06,2012-06-29,21,1.0
ZB,2012-07,2012-07-31,21,0.0
ZB,2012-08,2012-08-31,23,0.0
ZB,2012-09,2012-09-28,19,2.0
ZB,2012-10,2012-10-31,23,0.0
ZB,2012-11,2012-11-30,21,0.0
ZB,2012-12,2012-12-31,20,0.0
ZB,2013-01,2013-01-31,21,0.0
ZB,2013-02,2013-02-28,19,0.0
ZB,2013-03,2013-03-28,20,3.0
ZB,2013-04,2013-04-30,22,0.0
ZB,2013-05,2013-05-31,22,0.0
ZB,2013-06,2013-06-28,20,2.0
ZB,2013-07,2013-07-31,22,0.0
ZB,2013-08,2013-08-30,22,1.0
ZB,2013-09,2013-09-30,20,0.0
ZB,2013-10,2013-10-31,23,0.0
ZB,2013-11,2013-11-29,20,1.0
ZB,2013-12,2013-12-31,21,0.0
ZB,2014-01,2014-01-31,21,0.0
ZB,2014-02,2014-02-28,19,0.0
ZB,2014-03,2014-03-31,21,0.0
ZB,2014-04,2014-04-30,21,0.0
ZB,2014-05,2014-05-30,21,1.0
ZB,2014-06,2014-06-30,21,0.0
ZB,2014-07,2014-07-31,22,0.0
ZB,2014-08,2014-08-29,21,2.0
ZB,2014-09,2014-09-30,21,0.0
ZB,2014-10,2014-10-31,23,0.0
ZB,2014-11,2014-11-28,19,2.0
ZB,2014-12,2014-12-31,22,0.0
ZC,1969-01,,0,
ZC,1969-02,,0,
ZC,1969-03,,0,
ZC,1969-04,,0,
ZC,1969-05,,0,
ZC,1969-06,,0,
ZC,1969-07,,0,
ZC,1969-08,,0,
ZC,1969-09,,0,
ZC,1969-10,,0,
ZC,1969-11,,0,
ZC,1969-12,,0,
ZC,1970-01,1970-01-30,20,1.0
ZC,1970-02,1970-02-27,19,1.0
ZC,1970-03,1970-03-31,21,0.0
ZC,1970-04,1970-04-30,22,0.0
ZC,1970-05,1970-05-28,20,3.0
ZC,1970-06,1970-06-30,22,0.0
ZC,1970-07,1970-07-31,22,0.0
ZC,1970-08,1970-08-31,21,0.0
ZC,1970-09,1970-09-30,21,0.0
ZC,1970-10,1970-10-30,22,1.0
ZC,1970-11,1970-11-30,19,0.0
ZC,1970-12,1970-12-31,22,0.0
ZC,1971-01,1971-01-29,20,2.0
ZC,1971-02,1971-02-26,19,2.0
ZC,1971-03,1971-03-31,23,0.0
ZC,1971-04,1971-04-30,21,0.0
ZC,1971-05,1971-05-28,20,3.0
ZC,1971-06,1971-06-30,22,0.0
ZC,1971-07,1971-07-30,21,1.0
ZC,1971-08,1971-08-31,22,0.0
ZC,1971-09,1971-09-30,21,0.0
ZC,1971-10,1971-10-29,21,2.0
ZC,1971-11,1971-11-30,21,0.0
ZC,1971-12,1971-12-30,21,1.0
ZC,1972-01,1972-01-31,21,0.0
ZC,1972-02,1972-02-29,20,0.0
ZC,1972-03,1972-03-30,22,1.0
ZC,1972-04,1972-04-28,20,2.0
ZC,1972-05,1972-05-31,22,0.0
ZC,1972-06,1972-06-30,22,0.0
ZC,1972-07,1972-07-31,20,0.0
ZC,1972-08,1972-08-31,23,0.0
ZC,1972-09,1972-09-29,20,1.0
ZC,1972-10,1972-10-31,22,0.0
ZC,1972-11,1972-11-30,20,0.0
ZC,1972-12,1972-12-29,19,2.0
ZC,1973-01,1973-01-31,21,0.0
ZC,1973-02,1973-02-28,19,0.0
ZC,1973-03,1973-03-30,22,1.0
ZC,1973-04,1973-04-30,20,0.0
ZC,1973-05,1973-05-31,22,0.0
ZC,1973-06,1973-06-29,21,1.0
ZC,1973-07,1973-07-31,21,0.0
ZC,1973-08,1973-08-31,23,0.0
ZC,1973-09,1973-09-28,19,2.0
ZC,1973-10,1973-10-31,22,0.0
ZC,1973-11,1973-11-30,21,0.0
ZC,1973-12,1973-12-31,19,0.0
ZC,1974-01,1974-01-31,22,0.0
ZC,1974-02,1974-02-28,18,0.0
ZC,1974-03,1974-03-29,21,2.0
ZC,1974-04,1974-04-30,21,0.0
ZC,1974-05,1974-05-31,22,0.0
ZC,1974-06,1974-06-28,20,2.0
ZC,1974-07,1974-07-31,22,0.0
ZC,1974-08,1974-08-30,22,1.0
ZC,1974-09,1974-09-30,20,0.0
ZC,1974-10,1974-10-31,23,0.0
ZC,1974-11,1974-11-29,19,1.0
ZC,1974-12,1974-12-31,21,0.0
ZC,1975-01,1975-01-31,22,0.0
ZC,1975-02,1975-02-28,19,0.0
ZC,1975-03,1975-03-31,20,0.0
ZC,1975-04,1975-04-30,22,0.0
ZC,1975-05,1975-05-30,21,1.0
ZC,1975-06,1975-06-30,21,0.0
ZC,1975-07,1975-07-31,22,0.0
ZC,1975-08,1975-08-29,21,2.0
ZC,1975-09,1975-09-30,21,0.0
ZC,1975-10,1975-10-31,23,0.0
ZC,1975-11,1975-11-28,19,2.0
ZC,1975-12,1975-12-31,21,0.0
ZC,1976-01,1976-01-30,21,1.0
ZC,1976-02,1976-02-27,19,2.0
ZC,1976-03,1976-03-31,23,0.0
ZC,1976-04,1976-04-30,21,0.0
ZC,1976-05,1976-05-28,20,3.0
ZC,1976-06,1976-06-30,22,0.0
ZC,1976-07,1976-07-30,21,1.0
ZC,1976-08,1976-08-31,22,0.0
ZC,1976-09,1976-09-30,21,0.0
ZC,1976-10,1976-10-29,21,2.0
ZC,1976-11,1976-11-30,20,0.0
ZC,1976-12,1976-12-30,21,1.0
ZC,1977-01,1977-01-31,21,0.0
ZC,1977-02,1977-02-28,19,0.0
ZC,1977-03,1977-03-31,23,0.0
ZC,1977-04,1977-04-29,20,1.0
ZC,1977-05,1977-05-31,20,0.0
ZC,1977-06,1977-06-30,22,0.0
ZC,1977-07,1977-07-29,20,2.0
ZC,1977-08,1977-08-31,23,0.0
ZC,1977-09,1977-09-30,21,0.0
ZC,1977-10,1977-10-31,21,0.0
ZC,1977-11,1977-11-30,21,0.0
ZC,1977-12,1977-12-30,21,1.0
ZC,1978-01,1978-01-31,21,0.0
ZC,1978-02,1978-02-28,19,0.0
ZC,1978-03,1978-03-31,22,0.0
ZC,1978-04,1978-04-28,20,2.0
ZC,1978-05,1978-05-31,22,0.0
ZC,1978-06,1978-06-30,22,0.0
ZC,1978-07,1978-07-31,20,0.0
ZC,1978-08,1978-08-31,23,0.0
ZC,1978-09,1978-09-29,20,1.0
ZC,1978-10,1978-10-31,22,0.0
ZC,1978-11,1978-11-30,20,0.0
ZC,1978-12,1978-12-29,20,2.0
ZC,1979-01,1979-01-31,22,0.0
ZC,1979-02,1979-02-28,19,0.0
ZC,1979-03,1979-03-30,22,1.0
ZC,1979-04,1979-04-30,20,0.0
ZC,1979-05,1979-05-31,22,0.0
ZC,1979-06,1979-06-29,21,1.0
ZC,1979-07,1979-07-31,21,0.0
ZC,1979-08,1979-08-31,23,0.0
ZC,1979-09,1979-09-28,19,2.0
ZC,1979-10,1979-10-31,23,0.0
ZC,1979-11,1979-11-30,21,0.0
ZC,1979-12,1979-12-31,19,0.0
ZC,1980-01,1980-01-31,20,0.0
ZC,1980-02,1980-02-29,20,0.0
ZC,1980-03,1980-03-31,21,0.0
ZC,1980-04,1980-04-30,21,0.0
ZC,1980-05,1980-05-30,21,1.0
ZC,1980-06,1980-06-30,21,0.0
ZC,1980-07,1980-07-31,22,0.0
ZC,1980-08,1980-08-29,21,2.0
ZC,1980-09,1980-09-30,21,0.0
ZC,1980-10,1980-10-31,23,0.0
ZC,1980-11,1980-11-28,18,2.0
ZC,1980-12,1980-12-31,21,0.0
ZC,1981-01,1981-01-30,21,1.0
ZC,1981-02,1981-02-27,19,1.0
ZC,1981-03,1981-03-31,22,0.0
ZC,1981-04,1981-04-30,21,0.0
ZC,1981-05,1981-05-29,20,2.0
ZC,1981-06,1981-06-30,22,0.0
ZC,1981-07,1981-07-31,22,0.0
ZC,1981-08,1981-08-31,21,0.0
ZC,1981-09,1981-09-30,21,0.0
ZC,1981-10,1981-10-30,22,1.0
ZC,1981-11,1981-11-30,20,0.0
ZC,1981-12,1981-12-31,22,0.0
ZC,1982-01,1982-01-29,20,2.0
ZC,1982-02,1982-02-26,19,2.0
ZC,1982-03,1982-03-31,23,0.0
ZC,1982-04,1982-04-30,21,0.0
ZC,1982-05,1982-05-28,20,3.0
ZC,1982-06,1982-06-30,22,0.0
ZC,1982-07,1982-07-30,21,1.0
ZC,1982-08,1982-08-31,22,0.0
ZC,1982-09,1982-09-30,21,0.0
ZC,1982-10,1982-10-29,21,2.0
ZC,1982-11,1982-11-30,20,0.0
ZC,1982-12,1982-12-30,21,1.0
ZC,1983-01,1983-01-31,21,0.0
ZC,1983-02,1983-02-28,19,0.0
ZC,1983-03,1983-03-31,23,0.0
ZC,1983-04,1983-04-29,20,1.0
ZC,1983-05,1983-05-31,21,0.0
ZC,1983-06,1983-06-30,22,0.0
ZC,1983-07,1983-07-29,20,2.0
ZC,1983-08,1983-08-31,23,0.0
ZC,1983-09,1983-09-30,21,0.0
ZC,1983-10,1983-10-31,21,0.0
ZC,1983-11,1983-11-30,21,0.0
ZC,1983-12,1983-12-30,21,1.0
ZC,1984-01,1984-01-31,21,0.0
ZC,1984-02,1984-02-29,20,0.0
ZC,1984-03,1984-03-30,22,1.0
ZC,1984-04,1984-04-30,20,0.0
ZC,1984-05,1984-05-31,22,0.0
ZC,1984-06,1984-06-29,21,1.0
ZC,1984-07,1984-07-31,21,0.0
ZC,1984-08,1984-08-31,23,0.0
ZC,1984-09,1984-09-28,19,2.0
ZC,1984-10,1984-10-31,23,0.0
ZC,1984-11,1984-11-30,21,0.0
ZC,1984-12,1984-12-31,20,0.0
ZC,1985-01,1985-01-31,22,0.0
ZC,1985-02,1985-02-28,19,0.0
ZC,1985-03,1985-03-29,21,2.0
ZC,1985-04,1985-04-30,21,0.0
ZC,1985-05,1985-05-31,22,0.0
ZC,1985-06,1985-06-28,20,2.0
ZC,1985-07,1985-07-31,22,0.0
ZC,1985-08,1985-08-30,22,1.0
ZC,1985-09,1985-09-30,20,0.0
ZC,1985-10,1985-10-31,23,0.0
ZC,1985-11,1985-11-29,20,1.0
ZC,1985-12,1985-12-31,21,0.0
ZC,1986-01,1986-01-31,22,0.0
ZC,1986-02,1986-02-28,19,0.0
ZC,1986-03,1986-03-31,20,0.0
ZC,1986-04,1986-04-30,22,0.0
ZC,1986-05,1986-05-30,21,1.0
ZC,1986-06,1986-06-30,21,0.0
ZC,1986-07,1986-07-31,22,0.0
ZC,1986-08,1986-08-29,21,2.0
ZC,1986-09,1986-09-30,21,0.0
ZC,1986-10,1986-10-31,23,0.0
ZC,1986-11,1986-11-28,19,2.0
ZC,1986-12,1986-12-31,22,0.0
ZC,1987-01,1987-01-30,21,1.0
ZC,1987-02,1987-02-27,19,1.0
ZC,1987-03,1987-03-31,22,0.0
ZC,1987-04,1987-04-30,21,0.0
ZC,1987-05,1987-05-29,20,2.0
ZC,1987-06,1987-06-30,22,0.0
ZC,1987-07,1987-07-31,22,0.0
ZC,1987-08,1987-08-31,21,0.0
ZC,1987-09,1987-09-30,21,0.0
ZC,1987-10,1987-10-30,22,1.0
ZC,1987-11,1987-11-30,20,0.0
ZC,1987-12,1987-12-31,22,0.0
ZC,1988-01,1988-01-29,20,2.0
ZC,1988-02,1988-02-29,20,0.0
ZC,1988-03,1988-03-31,23,0.0
ZC,1988-04,1988-04-29,20,1.0
ZC,1988-05,1988-05-31,21,0.0
ZC,1988-06,1988-06-30,22,0.0
ZC,1988-07,1988-07-29,20,2.0
ZC,1988-08,1988-08-31,23,0.0
ZC,1988-09,1988-09-30,21,0.0
ZC,1988-10,1988-10-31,21,0.0
ZC,1988-11,1988-11-30,21,0.0
ZC,1988-12,1988-12-30,21,1.0
ZC,1989-01,1989-01-31,21,0.0
ZC,1989-02,1989-02-28,19,0.0
ZC,1989-03,1989-03-31,22,0.0
ZC,1989-04,1989-04-28,20,2.0
ZC,1989-05,1989-05-31,22,0.0
ZC,1989-06,1989-06-30,22,0.0
ZC,1989-07,1989-07-31,20,0.0
ZC,1989-08,1989-08-31,23,0.0
ZC,1989-09,1989-09-29,20,1.0
ZC,1989-10,1989-10-31,22,0.0
ZC,1989-11,1989-11-30,21,0.0
ZC,1989-12,1989-12-29,20,2.0
ZC,1990-01,1990-01-31,22,0.0
ZC,1990-02,1990-02-28,19,0.0
ZC,1990-03,1990-03-30,22,1.0
ZC,1990-04,1990-04-30,20,0.0
ZC,1990-05,1990-05-31,22,0.0
ZC,1990-06,1990-06-29,21,1.0
ZC,1990-07,1990-07-31,21,0.0
ZC,1990-08,1990-08-31,23,0.0
ZC,1990-09,1990-09-28,19,2.0
ZC,1990-10,1990-10-31,23,0.0
ZC,1990-11,1990-11-30,21,0.0
ZC,1990-12,1990-12-31,20,0.0
ZC,1991-01,1991-01-31,22,0.0
ZC,1991-02,1991-02-28,19,0.0
ZC,1991-03,1991-03-28,20,3.0
ZC,1991-04,1991-04-30,22,0.0
ZC,1991-05,1991-05-31,22,0.0
ZC,1991-06,1991-06-28,20,2.0
ZC,1991-07,1991-07-31,22,0.0
ZC,1991-08,1991-08-30,22,1.0
ZC,1991-09,1991-09-30,20,0.0
ZC,1991-10,1991-10-31,23,0.0
ZC,1991-11,1991-11-29,20,1.0
ZC,1991-12,1991-12-31,21,0.0
ZC,1992-01,1992-01-31,22,0.0
ZC,1992-02,1992-02-28,19,1.0
ZC,1992-03,1992-03-31,22,0.0
ZC,1992-04,1992-04-30,19,0.0
ZC,1992-05,1992-05-29,20,2.0
ZC,1992-06,1992-06-30,22,0.0
ZC,1992-07,1992-07-31,22,0.0
ZC,1992-08,1992-08-31,21,0.0
ZC,1992-09,1992-09-30,21,0.0
ZC,1992-10,1992-10-30,22,1.0
ZC,1992-11,1992-11-30,20,0.0
ZC,1992-12,1992-12-31,22,0.0
ZC,1993-01,1993-01-29,20,2.0
ZC,1993-02,1993-02-26,19,2.0
ZC,1993-03,1993-03-31,23,0.0
ZC,1993-04,1993-04-30,21,0.0
ZC,1993-05,1993-05-28,20,3.0
ZC,1993-06,1993-06-30,22,0.0
ZC,1993-07,1993-07-30,21,1.0
ZC,1993-08,1993-08-31,22,0.0
ZC,1993-09,1993-09-30,21,0.0
ZC,1993-10,1993-10-29,21,2.0
ZC,1993-11,1993-11-30,21,0.0
ZC,1993-12,1993-12-30,21,1.0
ZC,1994-01,1994-01-31,21,0.0
ZC,1994-02,1994-02-28,19,0.0
ZC,1994-03,1994-03-31,23,0.0
ZC,1994-04,1994-04-29,19,1.0
ZC,1994-05,1994-05-31,21,0.0
ZC,1994-06,1994-06-30,22,0.0
ZC,1994-07,1994-07-29,20,2.0
ZC,1994-08,1994-08-31,23,0.0
ZC,1994-09,1994-09-30,21,0.0
ZC,1994-10,1994-10-31,21,0.0
ZC,1994-11,1994-11-30,21,0.0
ZC,1994-12,1994-12-30,21,1.0
ZC,1995-01,1995-01-31,21,0.0
ZC,1995-02,1995-02-28,19,0.0
ZC,1995-03,1995-03-31,23,0.0
ZC,1995-04,1995-04-28,19,2.0
ZC,1995-05,1995-05-31,22,0.0
ZC,1995-06,1995-06-30,22,0.0
ZC,1995-07,1995-07-31,20,0.0
ZC,1995-08,1995-08-31,23,0.0
ZC,1995-09,1995-09-29,20,1.0
ZC,1995-10,1995-10-31,22,0.0
ZC,1995-11,1995-11-30,21,0.0
ZC,1995-12,1995-12-29,20,2.0
ZC,1996-01,1996-01-31,22,0.0
ZC,1996-02,1996-02-29,20,0.0
ZC,1996-03,1996-03-29,21,2.0
ZC,1996-04,1996-04-30,21,0.0
ZC,1996-05,1996-05-31,22,0.0
ZC,1996-06,1996-06-28,20,2.0
ZC,1996-07,1996-07-31,22,0.0
ZC,1996-08,1996-08-30,22,1.0
ZC,1996-09,1996-09-30,20,0.0
ZC,1996-10,1996-10-31,23,0.0
ZC,1996-11,1996-11-29,20,1.0
ZC,1996-12,1996-12-31,21,0.0
ZC,1997-01,1997-01-31,22,0.0
ZC,1997-02,1997-02-28,19,0.0
ZC,1997-03,1997-03-31,20,0.0
ZC,1997-04,1997-04-30,22,0.0
ZC,1997-05,1997-05-30,21,1.0
ZC,1997-06,1997-06-30,21,0.0
ZC,1997-07,1997-07-31,22,0.0
ZC,1997-08,1997-08-29,21,2.0
ZC,1997-09,1997-09-30,21,0.0
ZC,1997-10,1997-10-31,23,0.0
ZC,1997-11,1997-11-28,19,2.0
ZC,1997-12,1997-12-31,22,0.0
ZC,1998-01,1998-01-30,20,1.0
ZC,1998-02,1998-02-27,19,1.0
ZC,1998-03,1998-03-31,22,0.0
ZC,1998-04,1998-04-30,21,0.0
ZC,1998-05,1998-05-29,20,2.0
ZC,1998-06,1998-06-30,22,0.0
ZC,1998-07,1998-07-31,22,0.0
ZC,1998-08,1998-08-31,21,0.0
ZC,1998-09,1998-09-30,21,0.0
ZC,1998-10,1998-10-30,22,1.0
ZC,1998-11,1998-11-30,20,0.0
ZC,1998-12,1998-12-31,22,0.0
ZC,1999-01,1999-01-29,19,2.0
ZC,1999-02,1999-02-26,19,2.0
ZC,1999-03,1999-03-31,23,0.0
ZC,1999-04,1999-04-30,21,0.0
ZC,1999-05,1999-05-28,20,3.0
ZC,1999-06,1999-06-30,22,0.0
ZC,1999-07,1999-07-30,21,1.0
ZC,1999-08,1999-08-31,22,0.0
ZC,1999-09,1999-09-30,21,0.0
ZC,1999-10,1999-10-29,21,2.0
ZC,1999-11,1999-11-30,21,0.0
ZC,1999-12,1999-12-30,21,1.0
ZC,2000-01,2000-01-31,20,0.0
ZC,2000-02,2000-02-29,20,0.0
ZC,2000-03,2000-03-31,23,0.0
ZC,2000-04,2000-04-28,19,2.0
ZC,2000-05,2000-05-31,22,0.0
ZC,2000-06,2000-06-30,22,0.0
ZC,2000-07,2000-07-31,20,0.0
ZC,2000-08,2000-08-31,23,0.0
ZC,2000-09,2000-09-29,20,1.0
ZC,2000-10,2000-10-31,22,0.0
ZC,2000-11,2000-11-30,21,0.0
ZC,2000-12,2000-12-29,20,2.0
ZC,2001-01,2001-01-31,21,0.0
ZC,2001-02,2001-02-28,19,0.0
ZC,2001-03,2001-03-30,22,1.0
ZC,2001-04,2001-04-30,20,0.0
ZC,2001-05,2001-05-31,22,0.0
ZC,2001-06,2001-06-29,21,1.0
ZC,2001-07,2001-07-31,21,0.0
ZC,2001-08,2001-08-31,23,0.0
ZC,2001-09,2001-09-28,17,2.0
ZC,2001-10,2001-10-31,23,0.0
ZC,2001-11,2001-11-30,21,0.0
ZC,2001-12,2001-12-31,19,0.0
ZC,2002-01,2002-01-31,21,0.0
ZC,2002-02,2002-02-28,19,0.0
ZC,2002-03,2002-03-28,20,3.0
ZC,2002-04,2002-04-30,22,0.0
ZC,2002-05,2002-05-31,22,0.0
ZC,2002-06,2002-06-28,20,2.0
ZC,2002-07,2002-07-31,22,0.0
ZC,2002-08,2002-08-30,22,1.0
ZC,2002-09,2002-09-30,20,0.0
ZC,2002-10,2002-10-31,23,0.0
ZC,2002-11,2002-11-29,20,1.0
ZC,2002-12,2002-12-31,20,0.0
ZC,2003-01,2003-01-31,21,0.0
ZC,2003-02,2003-02-28,19,0.0
ZC,2003-03,2003-03-31,21,0.0
ZC,2003-04,2003-04-30,21,0.0
ZC,2003-05,2003-05-30,21,1.0
ZC,2003-06,2003-06-30,21,0.0
ZC,2003-07,2003-07-31,22,0.0
ZC,2003-08,2003-08-29,21,2.0
ZC,2003-09,2003-09-30,21,0.0
ZC,2003-10,2003-10-31,23,0.0
ZC,2003-11,2003-11-28,19,2.0
ZC,2003-12,2003-12-31,22,0.0
ZC,2004-01,2004-01-30,20,1.0
ZC,2004-02,2004-02-27,19,2.0
ZC,2004-03,2004-03-31,23,0.0
ZC,2004-04,2004-04-30,21,0.0
ZC,2004-05,2004-05-28,20,3.0
ZC,2004-06,2004-06-30,21,0.0
ZC,2004-07,2004-07-30,21,1.0
ZC,2004-08,2004-08-31,22,0.0
ZC,2004-09,2004-09-30,21,0.0
ZC,2004-10,2004-10-29,21,2.0
ZC,2004-11,2004-11-30,21,0.0
ZC,2004-12,2004-12-30,21,1.0
ZC,2005-01,2005-01-31,20,0.0
ZC,2005-02,2005-02-28,19,0.0
ZC,2005-03,2005-03-31,22,0.0
ZC,2005-04,2005-04-29,21,1.0
ZC,2005-05,2005-05-31,21,0.0
ZC,2005-06,2005-06-30,22,0.0
ZC,2005-07,2005-07-29,20,2.0
ZC,2005-08,2005-08-31,23,0.0
ZC,2005-09,2005-09-30,21,0.0
ZC,2005-10,2005-10-31,21,0.0
ZC,2005-11,2005-11-30,21,0.0
ZC,2005-12,2005-12-30,21,1.0
ZC,2006-01,2006-01-31,20,0.0
ZC,2006-02,2006-02-28,19,0.0
ZC,2006-03,2006-03-31,23,0.0
ZC,2006-04,2006-04-28,19,2.0
ZC,2006-05,2006-05-31,22,0.0
ZC,2006-06,2006-06-30,22,0.0
ZC,2006-07,2006-07-31,20,0.0
ZC,2006-08,2006-08-31,23,0.0
ZC,2006-09,2006-09-29,20,1.0
ZC,2006-10,2006-10-31,22,0.0
ZC,2006-11,2006-11-30,21,0.0
ZC,2006-12,2006-12-29,20,2.0
ZC,2007-01,2007-01-31,20,0.0
ZC,2007-02,2007-02-28,19,0.0
ZC,2007-03,2007-03-30,22,1.0
ZC,2007-04,2007-04-30,20,0.0
ZC,2007-05,2007-05-31,22,0.0
ZC,2007-06,2007-06-29,21,1.0
ZC,2007-07,2007-07-31,21,0.0
ZC,2007-08,2007-08-31,23,0.0
ZC,2007-09,2007-09-28,19,2.0
ZC,2007-10,2007-10-31,23,0.0
ZC,2007-11,2007-11-30,21,0.0
ZC,2007-12,2007-12-31,20,0.0
ZC,2008-01,2008-01-31,21,0.0
ZC,2008-02,2008-02-29,20,0.0
ZC,2008-03,2008-03-31,20,0.0
ZC,2008-04,2008-04-30,22,0.0
ZC,2008-05,2008-05-30,21,1.0
ZC,2008-06,2008-06-30,21,0.0
ZC,2008-07,2008-07-31,22,0.0
ZC,2008-08,2008-08-29,21,2.0
ZC,2008-09,2008-09-30,21,0.0
ZC,2008-10,2008-10-31,23,0.0
ZC,2008-11,2008-11-28,19,2.0
ZC,2008-12,2008-12-31,22,0.0
ZC,2009-01,2009-01-30,20,1.0
ZC,2009-02,2009-02-27,19,1.0
ZC,2009-03,2009-03-31,22,0.0
ZC,2009-04,2009-04-30,21,0.0
ZC,2009-05,2009-05-29,20,2.0
ZC,2009-06,2009-06-30,22,0.0
ZC,2009-07,2009-07-31,23,0.0
ZC,2009-08,2009-08-31,21,0.0
ZC,2009-09,2009-09-30,21,0.0
ZC,2009-10,2009-10-30,22,1.0
ZC,2009-11,2009-11-30,20,0.0
ZC,2009-12,2009-12-31,22,0.0
ZC,2010-01,2010-01-29,19,2.0
ZC,2010-02,2010-02-26,19,2.0
ZC,2010-03,2010-03-31,23,0.0
ZC,2010-04,2010-04-30,21,0.0
ZC,2010-05,2010-05-28,20,3.0
ZC,2010-06,2010-06-30,22,0.0
ZC,2010-07,2010-07-30,21,1.0
ZC,2010-08,2010-08-31,22,0.0
ZC,2010-09,2010-09-30,21,0.0
ZC,2010-10,2010-10-29,21,2.0
ZC,2010-11,2010-11-30,21,0.0
ZC,2010-12,2010-12-31,22,0.0
ZC,2011-01,2011-01-31,20,0.0
ZC,2011-02,2011-02-28,19,0.0
ZC,2011-03,2011-03-31,23,0.0
ZC,2011-04,2011-04-29,20,1.0
ZC,2011-05,2011-05-31,21,0.0
ZC,2011-06,2011-06-30,22,0.0
ZC,2011-07,2011-07-29,20,2.0
ZC,2011-08,2011-08-31,23,0.0
ZC,2011-09,2011-09-30,21,0.0
ZC,2011-10,2011-10-31,21,0.0
ZC,2011-11,2011-11-30,21,0.0
ZC,2011-12,2011-12-30,21,1.0
ZC,2012-01,2012-01-31,20,0.0
ZC,2012-02,2012-02-29,20,0.0
ZC,2012-03,2012-03-30,22,1.0
ZC,2012-04,2012-04-30,20,0.0
ZC,2012-05,2012-05-31,22,0.0
ZC,2012-06,2012-06-29,21,1.0
ZC,2012-07,2012-07-31,21,0.0
ZC,2012-08,2012-08-31,23,0.0
ZC,2012-09,2012-09-28,19,2.0
ZC,2012-10,2012-10-31,23,0.0
ZC,2012-11,2012-11-30,21,0.0
ZC,2012-12,2012-12-31,20,0.0
ZC,2013-01,2013-01-31,21,0.0
ZC,2013-02,2013-02-28,19,0.0
ZC,2013-03,2013-03-28,20,3.0
ZC,2013-04,2013-04-30,22,0.0
ZC,2013-05,2013-05-31,22,0.0
ZC,2013-06,2013-06-28,20,2.0
ZC,2013-07,2013-07-31,22,0.0
ZC,2013-08,2013-08-30,22,1.0
ZC,2013-09,2013-09-30,20,0.0
ZC,2013-10,2013-10-31,23,0.0
ZC,2013-11,2013-11-29,20,1.0
ZC,2013-12,2013-12-31,21,0.0
ZC,2014-01,2014-01-31,21,0.0
ZC,2014-02,2014-02-28,19,0.0
ZC,2014-03,2014-03-31,21,0.0
ZC,2014-04,2014-04-30,21,0.0
ZC,2014-05,2014-05-30,21,1.0
ZC,2014-06,2014-06-30,21,0.0
ZC,2014-07,2014-07-31,22,0.0
ZC,2014-08,2014-08-29,21,2.0
ZC,2014-09,2014-09-30,21,0.0
ZC,2014-10,2014-10-31,23,0.0
ZC,2014-11,2014-11-28,19,2.0
ZC,2014-12,2014-12-31,22,0.0
ZD,1969-01,,0,
ZD,1969-02,,0,
ZD,1969-03,,0,
ZD,1969-04,,0,
ZD,1969-05,,0,
ZD,1969-06,,0,
ZD,1969-07,,0,
ZD,1969-08,,0,
ZD,1969-09,,0,
ZD,1969-10,,0,
ZD,1969-11,,0,
ZD,1969-12,,0,
ZD,1970-01,,0,
ZD,1970-02,,0,
ZD,1970-03,,0,
ZD,1970-04,,0,
ZD,1970-05,,0,
ZD,1970-06,,0,
ZD,1970-07,,0,
ZD,1970-08,,0,
ZD,1970-09,,0,
ZD,1970-10,,0,
ZD,1970-11,,0,
ZD,1970-12,,0,
ZD,1971-01,,0,
ZD,1971-02,,0,
ZD,1971-03,,0,
ZD,1971-04,,0,
ZD,1971-05,,0,
ZD,1971-06,,0,
ZD,1971-07,,0,
ZD,1971-08,,0,
ZD,1971-09,,0,
ZD,1971-10,,0,
ZD,1971-11,,0,
ZD,1971-12,,0,
ZD,1972-01,,0,
ZD,1972-02,,0,
ZD,1972-03,,0,
ZD,1972-04,,0,
ZD,1972-05,,0,
ZD,1972-06,,0,
ZD,1972-07,,0,
ZD,1972-08,,0,
ZD,1972-09,,0,
ZD,1972-10,,0,
ZD,1972-11,,0,
ZD,1972-12,,0,
ZD,1973-01,,0,
ZD,1973-02,,0,
ZD,1973-03,,0,
ZD,1973-04,,0,
ZD,1973-05,,0,
ZD,1973-06,,0,
ZD,1973-07,,0,
ZD,1973-08,,0,
ZD,1973-09,,0,
ZD,1973-10,,0,
ZD,1973-11,,0,
ZD,1973-12,,0,
ZD,1974-01,,0,
ZD,1974-02,,0,
ZD,1974-03,,0,
ZD,1974-04,,0,
ZD,1974-05,,0,
ZD,1974-06,,0,
ZD,1974-07,,0,
ZD,1974-08,,0,
ZD,1974-09,,0,
ZD,1974-10,,0,
ZD,1974-11,,0,
ZD,1974-12,,0,
ZD,1975-01,,0,
ZD,1975-02,,0,
ZD,1975-03,,0,
ZD,1975-04,,0,
ZD,1975-05,,0,
ZD,1975-06,,0,
ZD,1975-07,,0,
ZD,1975-08,,0,
ZD,1975-09,,0,
ZD,1975-10,,0,
ZD,1975-11,,0,
ZD,1975-12,,0,
ZD,1976-01,,0,
ZD,1976-02,,0,
ZD,1976-03,,0,
ZD,1976-04,,0,
ZD,1976-05,,0,
ZD,1976-06,,0,
ZD,1976-07,,0,
ZD,1976-08,,0,
ZD,1976-09,,0,
ZD,1976-10,,0,
ZD,1976-11,,0,
ZD,1976-12,,0,
ZD,1977-01,,0,
ZD,1977-02,,0,
ZD,1977-03,,0,
ZD,1977-04,,0,
ZD,1977-05,,0,
ZD,1977-06,,0,
ZD,1977-07,,0,
ZD,1977-08,,0,
ZD,1977-09,,0,
ZD,1977-10,,0,
ZD,1977-11,,0,
ZD,1977-12,,0,
ZD,1978-01,,0,
ZD,1978-02,,0,
ZD,1978-03,,0,
ZD,1978-04,,0,
ZD,1978-05,,0,
ZD,1978-06,,0,
ZD,1978-07,,0,
ZD,1978-08,,0,
ZD,1978-09,,0,
ZD,1978-10,,0,
ZD,1978-11,,0,
ZD,1978-12,,0,
ZD,1979-01,,0,
ZD,1979-02,,0,
ZD,1979-03,,0,
ZD,1979-04,,0,
ZD,1979-05,,0,
ZD,1979-06,,0,
ZD,1979-07,,0,
ZD,1979-08,,0,
ZD,1979-09,,0,
ZD,1979-10,,0,
ZD,1979-11,,0,
ZD,1979-12,,0,
ZD,1980-01,,0,
ZD,1980-02,,0,
ZD,1980-03,,0,
ZD,1980-04,,0,
ZD,1980-05,,0,
ZD,1980-06,,0,
ZD,1980-07,,0,
ZD,1980-08,,0,
ZD,1980-09,,0,
ZD,1980-10,,0,
ZD,1980-11,,0,
ZD,1980-12,,0,
ZD,1981-01,,0,
ZD,1981-02,,0,
ZD,1981-03,,0,
ZD,1981-04,,0,
ZD,1981-05,,0,
ZD,1981-06,,0,
ZD,1981-07,,0,
ZD,1981-08,,0,
ZD,1981-09,,0,
ZD,1981-10,,0,
ZD,1981-11,,0,
ZD,1981-12,,0,
ZD,1982-01,,0,
ZD,1982-02,,0,
ZD,1982-03,,0,
ZD,1982-04,,0,
ZD,1982-05,,0,
ZD,1982-06,,0,
ZD,1982-07,,0,
ZD,1982-08,,0,
ZD,1982-09,,0,
ZD,1982-10,,0,
ZD,1982-11,,0,
ZD,1982-12,,0,
ZD,1983-01,,0,
ZD,1983-02,,0,
ZD,1983-03,,0,
ZD,1983-04,,0,
ZD,1983-05,,0,
ZD,1983-06,,0,
ZD,1983-07,,0,
ZD,1983-08,,0,
ZD,1983-09,,0,
ZD,1983-10,,0,
ZD,1983-11,,0,
ZD,1983-12,,0,
ZD,1984-01,,0,
ZD,1984-02,,0,
ZD,1984-03,,0,
ZD,1984-04,,0,
ZD,1984-05,,0,
ZD,1984-06,,0,
ZD,1984-07,,0,
ZD,1984-08,,0,
ZD,1984-09,,0,
ZD,1984-10,,0,
ZD,1984-11,,0,
ZD,1984-12,,0,
ZD,1985-01,,0,
ZD,1985-02,,0,
ZD,1985-03,,0,
ZD,1985-04,,0,
ZD,1985-05,,0,
ZD,1985-06,,0,
ZD,1985-07,,0,
ZD,1985-08,,0,
ZD,1985-09,,0,
ZD,1985-10,,0,
ZD,1985-11,,0,
ZD,1985-12,,0,
ZD,1986-01,,0,
ZD,1986-02,,0,
ZD,1986-03,,0,
ZD,1986-04,,0,
ZD,1986-05,,0,
ZD,1986-06,,0,
ZD,1986-07,,0,
ZD,1986-08,,0,
ZD,1986-09,,0,
ZD,1986-10,,0,
ZD,1986-11,,0,
ZD,1986-12,,0,
ZD,1987-01,,0,
ZD,1987-02,,0,
ZD,1987-03,,0,
ZD,1987-04,,0,
ZD,1987-05,,0,
ZD,1987-06,,0,
ZD,1987-07,,0,
ZD,1987-08,,0,
ZD,1987-09,,0,
ZD,1987-10,,0,
ZD,1987-11,,0,
ZD,1987-12,,0,
ZD,1988-01,,0,
ZD,1988-02,,0,
ZD,1988-03,,0,
ZD,1988-04,,0,
ZD,1988-05,,0,
ZD,1988-06,,0,
ZD,1988-07,,0,
ZD,1988-08,,0,
ZD,1988-09,,0,
ZD,1988-10,,0,
ZD,1988-11,,0,
ZD,1988-12,,0,
ZD,1989-01,,0,
ZD,1989-02,,0,
ZD,1989-03,,0,
ZD,1989-04,,0,
ZD,1989-05,,0,
ZD,1989-06,,0,
ZD,1989-07,,0,
ZD,1989-08,,0,
ZD,1989-09,,0,
ZD,1989-10,,0,
ZD,1989-11,,0,
ZD,1989-12,,0,
ZD,1990-01,,0,
ZD,1990-02,,0,
ZD,1990-03,,0,
ZD,1990-04,,0,
ZD,1990-05,,0,
ZD,1990-06,,0,
ZD,1990-07,,0,
ZD,1990-08,,0,
ZD,1990-09,,0,
ZD,1990-10,,0,
ZD,1990-11,,0,
ZD,1990-12,,0,
ZD,1991-01,,0,
ZD,1991-02,,0,
ZD,1991-03,,0,
ZD,1991-04,,0,
ZD,1991-05,,0,
ZD,1991-06,,0,
ZD,1991-07,,0,
ZD,1991-08,,0,
ZD,1991-09,,0,
ZD,1991-10,,0,
ZD,1991-11,,0,
ZD,1991-12,,0,
ZD,1992-01,,0,
ZD,1992-02,,0,
ZD,1992-03,,0,
ZD,1992-04,,0,
ZD,1992-05,,0,
ZD,1992-06,,0,
ZD,1992-07,,0,
ZD,1992-08,,0,
ZD,1992-09,,0,
ZD,1992-10,,0,
ZD,1992-11,,0,
ZD,1992-12,,0,
ZD,1993-01,,0,
ZD,1993-02,,0,
ZD,1993-03,,0,
ZD,1993-04,,0,
ZD,1993-05,,0,
ZD,1993-06,,0,
ZD,1993-07,,0,
ZD,1993-08,,0,
ZD,1993-09,,0,
ZD,1993-10,,0,
ZD,1993-11,,0,
ZD,1993-12,,0,
ZD,1994-01,,0,
ZD,1994-02,,0,
ZD,1994-03,,0,
ZD,1994-04,,0,
ZD,1994-05,,0,
ZD,1994-06,,0,
ZD,1994-07,,0,
ZD,1994-08,,0,
ZD,1994-09,,0,
ZD,1994-10,,0,
ZD,1994-11,,0,
ZD,1994-12,,0,
ZD,1995-01,,0,
ZD,1995-02,,0,
ZD,1995-03,,0,
ZD,1995-04,,0,
ZD,1995-05,,0,
ZD,1995-06,,0,
ZD,1995-07,,0,
ZD,1995-08,,0,
ZD,1995-09,,0,
ZD,1995-10,,0,
ZD,1995-11,,0,
ZD,1995-12,,0,
ZD,1996-01,,0,
ZD,1996-02,,0,
ZD,1996-03,,0,
ZD,1996-04,,0,
ZD,1996-05,,0,
ZD,1996-06,,0,
ZD,1996-07,,0,
ZD,1996-08,,0,
ZD,1996-09,,0,
ZD,1996-10,,0,
ZD,1996-11,,0,
ZD,1996-12,,0,
ZD,1997-01,,0,
ZD,1997-02,,0,
ZD,1997-03,,0,
ZD,1997-04,,0,
ZD,1997-05,,0,
ZD,1997-06,,0,
ZD,1997-07,,0,
ZD,1997-08,,0,
ZD,1997-09,,0,
ZD,1997-10,,0,
ZD,1997-11,,0,
ZD,1997-12,,0,
ZD,1998-01,,0,
ZD,1998-02,,0,
ZD,1998-03,,0,
ZD,1998-04,1998-04-30,8,0.0
ZD,1998-05,1998-05-29,20,2.0
ZD,1998-06,1998-06-30,22,0.0
ZD,1998-07,1998-07-31,22,0.0
ZD,1998-08,1998-08-31,21,0.0
ZD,1998-09,1998-09-30,21,0.0
ZD,1998-10,1998-10-30,22,1.0
ZD,1998-11,1998-11-30,20,0.0
ZD,1998-12,1998-12-31,22,0.0
ZD,1999-01,1999-01-29,19,2.0
ZD,1999-02,1999-02-26,19,2.0
ZD,1999-03,1999-03-31,23,0.0
ZD,1999-04,1999-04-30,21,0.0
ZD,1999-05,1999-05-28,20,3.0
ZD,1999-06,1999-06-30,22,0.0
ZD,1999-07,1999-07-30,21,1.0
ZD,1999-08,1999-08-31,22,0.0
ZD,1999-09,1999-09-30,21,0.0
ZD,1999-10,1999-10-29,21,2.0
ZD,1999-11,1999-11-30,21,0.0
ZD,1999-12,1999-12-31,22,0.0
ZD,2000-01,2000-01-31,20,0.0
ZD,2000-02,2000-02-29,20,0.0
ZD,2000-03,2000-03-31,23,0.0
ZD,2000-04,2000-04-28,19,2.0
ZD,2000-05,2000-05-31,22,0.0
ZD,2000-06,2000-06-30,22,0.0
ZD,2000-07,2000-07-31,20,0.0
ZD,2000-08,2000-08-31,23,0.0
ZD,2000-09,2000-09-29,20,1.0
ZD,2000-10,2000-10-31,22,0.0
ZD,2000-11,2000-11-30,21,0.0
ZD,2000-12,2000-12-29,20,2.0
ZD,2001-01,2001-01-31,21,0.0
ZD,2001-02,2001-02-28,19,0.0
ZD,2001-03,2001-03-30,22,1.0
ZD,2001-04,2001-04-30,20,0.0
ZD,2001-05,2001-05-31,22,0.0
ZD,2001-06,2001-06-29,21,1.0
ZD,2001-07,2001-07-31,21,0.0
ZD,2001-08,2001-08-31,23,0.0
ZD,2001-09,2001-09-28,16,2.0
ZD,2001-10,2001-10-31,23,0.0
ZD,2001-11,2001-11-30,21,0.0
ZD,2001-12,2001-12-31,20,0.0
ZD,2002-01,2002-01-31,21,0.0
ZD,2002-02,2002-02-28,19,0.0
ZD,2002-03,2002-03-28,20,3.0
ZD,2002-04,2002-04-30,22,0.0
ZD,2002-05,2002-05-31,22,0.0
ZD,2002-06,2002-06-28,20,2.0
ZD,2002-07,2002-07-31,22,0.0
ZD,2002-08,2002-08-30,22,1.0
ZD,2002-09,2002-09-30,20,0.0
ZD,2002-10,2002-10-31,23,0.0
ZD,2002-11,2002-11-29,20,1.0
ZD,2002-12,2002-12-31,21,0.0
ZD,2003-01,2003-01-31,21,0.0
ZD,2003-02,2003-02-28,19,0.0
ZD,2003-03,2003-03-31,21,0.0
ZD,2003-04,2003-04-30,21,0.0
ZD,2003-05,2003-05-30,21,1.0
ZD,2003-06,2003-06-30,21,0.0
ZD,2003-07,2003-07-31,22,0.0
ZD,2003-08,2003-08-29,21,2.0
ZD,2003-09,2003-09-30,21,0.0
ZD,2003-10,2003-10-31,23,0.0
ZD,2003-11,2003-11-28,19,2.0
ZD,2003-12,2003-12-31,22,0.0
ZD,2004-01,2004-01-30,20,1.0
ZD,2004-02,2004-02-27,19,2.0
ZD,2004-03,2004-03-31,23,0.0
ZD,2004-04,2004-04-30,21,0.0
ZD,2004-05,2004-05-28,20,3.0
ZD,2004-06,2004-06-30,21,0.0
ZD,2004-07,2004-07-30,21,1.0
ZD,2004-08,2004-08-31,22,0.0
ZD,2004-09,2004-09-30,21,0.0
ZD,2004-10,2004-10-29,21,2.0
ZD,2004-11,2004-11-30,21,0.0
ZD,2004-12,2004-12-31,22,0.0
ZD,2005-01,2005-01-31,20,0.0
ZD,2005-02,2005-02-28,19,0.0
ZD,2005-03,2005-03-31,22,0.0
ZD,2005-04,2005-04-29,21,1.0
ZD,2005-05,2005-05-31,21,0.0
ZD,2005-06,2005-06-30,22,0.0
ZD,2005-07,2005-07-29,20,2.0
ZD,2005-08,2005-08-31,23,0.0
ZD,2005-09,2005-09-30,21,0.0
ZD,2005-10,2005-10-31,21,0.0
ZD,2005-11,2005-11-30,21,0.0
ZD,2005-12,2005-12-30,21,1.0
ZD,2006-01,2006-01-31,20,0.0
ZD,2006-02,2006-02-28,19,0.0
ZD,2006-03,2006-03-31,23,0.0
ZD,2006-04,2006-04-28,19,2.0
ZD,2006-05,2006-05-31,22,0.0
ZD,2006-06,2006-06-30,22,0.0
ZD,2006-07,2006-07-31,20,0.0
ZD,2006-08,2006-08-31,23,0.0
ZD,2006-09,2006-09-29,20,1.0
ZD,2006-10,2006-10-31,22,0.0
ZD,2006-11,2006-11-30,21,0.0
ZD,2006-12,2006-12-29,20,2.0
ZD,2007-01,2007-01-31,20,0.0
ZD,2007-02,2007-02-28,19,0.0
ZD,2007-03,2007-03-30,22,1.0
ZD,2007-04,2007-04-30,20,0.0
ZD,2007-05,2007-05-31,22,0.0
ZD,2007-06,2007-06-29,21,1.0
ZD,2007-07,2007-07-31,21,0.0
ZD,2007-08,2007-08-31,23,0.0
ZD,2007-09,2007-09-28,19,2.0
ZD,2007-10,2007-10-31,23,0.0
ZD,2007-11,2007-11-30,21,0.0
ZD,2007-12,2007-12-31,20,0.0
ZD,2008-01,2008-01-31,21,0.0
ZD,2008-02,2008-02-29,20,0.0
ZD,2008-03,2008-03-31,20,0.0
ZD,2008-04,2008-04-30,22,0.0
ZD,2008-05,2008-05-30,21,1.0
ZD,2008-06,2008-06-30,21,0.0
ZD,2008-07,2008-07-31,23,0.0
ZD,2008-08,2008-08-29,21,2.0
ZD,2008-09,2008-09-30,21,0.0
ZD,2008-10,2008-10-31,23,0.0
ZD,2008-11,2008-11-28,19,2.0
ZD,2008-12,2008-12-31,22,0.0
ZD,2009-01,2009-01-30,20,1.0
ZD,2009-02,2009-02-27,19,1.0
ZD,2009-03,2009-03-31,22,0.0
ZD,2009-04,2009-04-30,21,0.0
ZD,2009-05,2009-05-29,20,2.0
ZD,2009-06,2009-06-30,22,0.0
ZD,2009-07,2009-07-31,22,0.0
ZD,2009-08,2009-08-31,21,0.0
ZD,2009-09,2009-09-30,21,0.0
ZD,2009-10,2009-10-30,22,1.0
ZD,2009-11,2009-11-30,20,0.0
ZD,2009-12,2009-12-31,22,0.0
ZD,2010-01,2010-01-29,19,2.0
ZD,2010-02,2010-02-26,19,2.0
ZD,2010-03,2010-03-31,23,0.0
ZD,2010-04,2010-04-30,21,0.0
ZD,2010-05,2010-05-28,20,3.0
ZD,2010-06,2010-06-30,22,0.0
ZD,2010-07,2010-07-30,21,1.0
ZD,2010-08,2010-08-31,22,0.0
ZD,2010-09,2010-09-30,21,0.0
ZD,2010-10,2010-10-29,21,2.0
ZD,2010-11,2010-11-30,21,0.0
ZD,2010-12,2010-12-31,22,0.0
ZD,2011-01,2011-01-31,20,0.0
ZD,2011-02,2011-02-28,19,0.0
ZD,2011-03,2011-03-31,23,0.0
ZD,2011-04,2011-04-29,20,1.0
ZD,2011-05,2011-05-31,21,0.0
ZD,2011-06,2011-06-30,22,0.0
ZD,2011-07,2011-07-29,20,2.0
ZD,2011-08,2011-08-31,23,0.0
ZD,2011-09,2011-09-30,21,0.0
ZD,2011-10,2011-10-31,21,0.0
ZD,2011-11,2011-11-30,21,0.0
ZD,2011-12,2011-12-30,21,1.0
ZD,2012-01,2012-01-31,20,0.0
ZD,2012-02,2012-02-29,20,0.0
ZD,2012-03,2012-03-30,22,1.0
ZD,2012-04,2012-04-30,21,0.0
ZD,2012-05,2012-05-31,22,0.0
ZD,2012-06,2012-06-29,21,1.0
ZD,2012-07,2012-07-31,21,0.0
ZD,2012-08,2012-08-31,23,0.0
ZD,2012-09,2012-09-28,19,2.0
ZD,2012-10,2012-10-31,23,0.0
ZD,2012-11,2012-11-30,21,0.0
ZD,2012-12,2012-12-31,20,0.0
ZD,2013-01,2013-01-31,21,0.0
ZD,2013-02,2013-02-28,19,0.0
ZD,2013-03,2013-03-28,20,3.0
ZD,2013-04,2013-04-30,22,0.0
ZD,2013-05,2013-05-31,22,0.0
ZD,2013-06,2013-06-28,20,2.0
ZD,2013-07,2013-07-31,22,0.0
ZD,2013-08,2013-08-30,22,1.0
ZD,2013-09,2013-09-30,20,0.0
ZD,2013-10,2013-10-31,23,0.0
ZD,2013-11,2013-11-29,20,1.0
ZD,2013-12,2013-12-31,21,0.0
ZD,2014-01,2014-01-31,21,0.0
ZD,2014-02,2014-02-28,19,0.0
ZD,2014-03,2014-03-31,21,0.0
ZD,2014-04,2014-04-30,21,0.0
ZD,2014-05,2014-05-30,21,1.0
ZD,2014-06,2014-06-30,21,0.0
ZD,2014-07,2014-07-31,22,0.0
ZD,2014-08,2014-08-29,21,2.0
ZD,2014-09,2014-09-30,21,0.0
ZD,2014-10,2014-10-31,23,0.0
ZD,2014-11,2014-11-28,19,2.0
ZD,2014-12,2014-12-31,22,0.0
ZF,1969-01,,0,
ZF,1969-02,,0,
ZF,1969-03,,0,
ZF,1969-04,,0,
ZF,1969-05,,0,
ZF,1969-06,,0,
ZF,1969-07,,0,
ZF,1969-08,,0,
ZF,1969-09,,0,
ZF,1969-10,,0,
ZF,1969-11,,0,
ZF,1969-12,,0,
ZF,1970-01,,0,
ZF,1970-02,,0,
ZF,1970-03,,0,
ZF,1970-04,,0,
ZF,1970-05,,0,
ZF,1970-06,,0,
ZF,1970-07,,0,
ZF,1970-08,,0,
ZF,1970-09,,0,
ZF,1970-10,,0,
ZF,1970-11,,0,
ZF,1970-12,,0,
ZF,1971-01,,0,
ZF,1971-02,,0,
ZF,1971-03,,0,
ZF,1971-04,,0,
ZF,1971-05,,0,
ZF,1971-06,,0,
ZF,1971-07,,0,
ZF,1971-08,,0,
ZF,1971-09,,0,
ZF,1971-10,,0,
ZF,1971-11,,0,
ZF,1971-12,,0,
ZF,1972-01,,0,
ZF,1972-02,,0,
ZF,1972-03,,0,
ZF,1972-04,,0,
ZF,1972-05,,0,
ZF,1972-06,,0,
ZF,1972-07,,0,
ZF,1972-08,,0,
ZF,1972-09,,0,
ZF,1972-10,,0,
ZF,1972-11,,0,
ZF,1972-12,,0,
ZF,1973-01,,0,
ZF,1973-02,,0,
ZF,1973-03,,0,
ZF,1973-04,,0,
ZF,1973-05,,0,
ZF,1973-06,,0,
ZF,1973-07,,0,
ZF,1973-08,,0,
ZF,1973-09,,0,
ZF,1973-10,,0,
ZF,1973-11,,0,
ZF,1973-12,,0,
ZF,1974-01,,0,
ZF,1974-02,,0,
ZF,1974-03,,0,
ZF,1974-04,,0,
ZF,1974-05,,0,
ZF,1974-06,,0,
ZF,1974-07,,0,
ZF,1974-08,,0,
ZF,1974-09,,0,
ZF,1974-10,,0,
ZF,1974-11,,0,
ZF,1974-12,,0,
ZF,1975-01,,0,
ZF,1975-02,,0,
ZF,1975-03,,0,
ZF,1975-04,,0,
ZF,1975-05,,0,
ZF,1975-06,,0,
ZF,1975-07,,0,
ZF,1975-08,,0,
ZF,1975-09,,0,
ZF,1975-10,,0,
ZF,1975-11,,0,
ZF,1975-12,,0,
ZF,1976-01,,0,
ZF,1976-02,,0,
ZF,1976-03,,0,
ZF,1976-04,,0,
ZF,1976-05,,0,
ZF,1976-06,,0,
ZF,1976-07,,0,
ZF,1976-08,,0,
ZF,1976-09,,0,
ZF,1976-10,,0,
ZF,1976-11,,0,
ZF,1976-12,,0,
ZF,1977-01,,0,
ZF,1977-02,,0,
ZF,1977-03,,0,
ZF,1977-04,,0,
ZF,1977-05,,0,
ZF,1977-06,,0,
ZF,1977-07,,0,
ZF,1977-08,,0,
ZF,1977-09,,0,
ZF,1977-10,,0,
ZF,1977-11,,0,
ZF,1977-12,,0,
ZF,1978-01,1978-01-31,21,0.0
ZF,1978-02,1978-02-28,19,0.0
ZF,1978-03,1978-03-31,22,0.0
ZF,1978-04,1978-04-28,20,2.0
ZF,1978-05,1978-05-31,22,0.0
ZF,1978-06,1978-06-30,22,0.0
ZF,1978-07,1978-07-31,20,0.0
ZF,1978-08,1978-08-31,23,0.0
ZF,1978-09,1978-09-29,20,1.0
ZF,1978-10,1978-10-31,22,0.0
ZF,1978-11,1978-11-30,19,0.0
ZF,1978-12,1978-12-29,20,2.0
ZF,1979-01,1979-01-31,22,0.0
ZF,1979-02,1979-02-28,19,0.0
ZF,1979-03,1979-03-30,22,1.0
ZF,1979-04,1979-04-30,20,0.0
ZF,1979-05,1979-05-31,22,0.0
ZF,1979-06,1979-06-29,21,1.0
ZF,1979-07,1979-07-31,21,0.0
ZF,1979-08,1979-08-31,23,0.0
ZF,1979-09,1979-09-28,19,2.0
ZF,1979-10,1979-10-31,23,0.0
ZF,1979-11,1979-11-30,21,0.0
ZF,1979-12,1979-12-31,19,0.0
ZF,1980-01,1980-01-31,22,0.0
ZF,1980-02,1980-02-29,20,0.0
ZF,1980-03,1980-03-31,21,0.0
ZF,1980-04,1980-04-30,21,0.0
ZF,1980-05,1980-05-30,21,1.0
ZF,1980-06,1980-06-30,21,0.0
ZF,1980-07,1980-07-31,22,0.0
ZF,1980-08,1980-08-29,21,2.0
ZF,1980-09,1980-09-30,21,0.0
ZF,1980-10,1980-10-31,23,0.0
ZF,1980-11,1980-11-28,18,2.0
ZF,1980-12,1980-12-31,21,0.0
ZF,1981-01,1981-01-30,21,1.0
ZF,1981-02,1981-02-27,19,1.0
ZF,1981-03,1981-03-31,22,0.0
ZF,1981-04,1981-04-30,21,0.0
ZF,1981-05,1981-05-29,20,2.0
ZF,1981-06,1981-06-30,22,0.0
ZF,1981-07,1981-07-31,22,0.0
ZF,1981-08,1981-08-31,21,0.0
ZF,1981-09,1981-09-30,21,0.0
ZF,1981-10,1981-10-30,22,1.0
ZF,1981-11,1981-11-30,20,0.0
ZF,1981-12,1981-12-31,22,0.0
ZF,1982-01,1982-01-29,20,2.0
ZF,1982-02,1982-02-26,19,2.0
ZF,1982-03,1982-03-31,23,0.0
ZF,1982-04,1982-04-30,21,0.0
ZF,1982-05,1982-05-28,20,3.0
ZF,1982-06,1982-06-30,22,0.0
ZF,1982-07,1982-07-30,21,1.0
ZF,1982-08,1982-08-31,22,0.0
ZF,1982-09,1982-09-30,21,0.0
ZF,1982-10,1982-10-29,21,2.0
ZF,1982-11,1982-11-30,21,0.0
ZF,1982-12,1982-12-31,22,0.0
ZF,1983-01,1983-01-31,21,0.0
ZF,1983-02,1983-02-28,19,0.0
ZF,1983-03,1983-03-31,23,0.0
ZF,1983-04,1983-04-29,20,1.0
ZF,1983-05,1983-05-31,21,0.0
ZF,1983-06,1983-06-30,22,0.0
ZF,1983-07,1983-07-29,20,2.0
ZF,1983-08,1983-08-31,23,0.0
ZF,1983-09,1983-09-30,21,0.0
ZF,1983-10,1983-10-31,21,0.0
ZF,1983-11,1983-11-30,20,0.0
ZF,1983-12,1983-12-30,21,1.0
ZF,1984-01,1984-01-31,21,0.0
ZF,1984-02,1984-02-29,20,0.0
ZF,1984-03,1984-03-30,22,1.0
ZF,1984-04,1984-04-30,20,0.0
ZF,1984-05,1984-05-31,22,0.0
ZF,1984-06,1984-06-29,21,1.0
ZF,1984-07,1984-07-31,21,0.0
ZF,1984-08,1984-08-31,23,0.0
ZF,1984-09,1984-09-28,19,2.0
ZF,1984-10,1984-10-31,23,0.0
ZF,1984-11,1984-11-30,21,0.0
ZF,1984-12,1984-12-31,20,0.0
ZF,1985-01,1985-01-31,22,0.0
ZF,1985-02,1985-02-28,19,0.0
ZF,1985-03,1985-03-29,21,2.0
ZF,1985-04,1985-04-30,21,0.0
ZF,1985-05,1985-05-31,22,0.0
ZF,1985-06,1985-06-28,20,2.0
ZF,1985-07,1985-07-31,22,0.0
ZF,1985-08,1985-08-30,22,1.0
ZF,1985-09,1985-09-30,20,0.0
ZF,1985-10,1985-10-31,23,0.0
ZF,1985-11,1985-11-29,20,1.0
ZF,1985-12,1985-12-31,21,0.0
ZF,1986-01,1986-01-31,22,0.0
ZF,1986-02,1986-02-28,19,0.0
ZF,1986-03,1986-03-31,20,0.0
ZF,1986-04,1986-04-30,22,0.0
ZF,1986-05,1986-05-30,21,1.0
ZF,1986-06,1986-06-30,21,0.0
ZF,1986-07,1986-07-31,22,0.0
ZF,1986-08,1986-08-29,21,2.0
ZF,1986-09,1986-09-30,21,0.0
ZF,1986-10,1986-10-31,23,0.0
ZF,1986-11,1986-11-28,19,2.0
ZF,1986-12,1986-12-31,22,0.0
ZF,1987-01,1987-01-30,21,1.0
ZF,1987-02,1987-02-27,19,1.0
ZF,1987-03,1987-03-31,22,0.0
ZF,1987-04,1987-04-30,21,0.0
ZF,1987-05,1987-05-29,20,2.0
ZF,1987-06,1987-06-30,22,0.0
ZF,1987-07,1987-07-31,22,0.0
ZF,1987-08,1987-08-31,21,0.0
ZF,1987-09,1987-09-30,21,0.0
ZF,1987-10,1987-10-30,22,1.0
ZF,1987-11,1987-11-30,20,0.0
ZF,1987-12,1987-12-31,22,0.0
ZF,1988-01,1988-01-29,20,2.0
ZF,1988-02,1988-02-29,20,0.0
ZF,1988-03,1988-03-31,23,0.0
ZF,1988-04,1988-04-29,20,1.0
ZF,1988-05,1988-05-31,21,0.0
ZF,1988-06,1988-06-30,22,0.0
ZF,1988-07,1988-07-29,20,2.0
ZF,1988-08,1988-08-31,23,0.0
ZF,1988-09,1988-09-30,21,0.0
ZF,1988-10,1988-10-31,21,0.0
ZF,1988-11,1988-11-30,21,0.0
ZF,1988-12,1988-12-30,21,1.0
ZF,1989-01,1989-01-31,21,0.0
ZF,1989-02,1989-02-28,19,0.0
ZF,1989-03,1989-03-31,22,0.0
ZF,1989-04,1989-04-28,20,2.0
ZF,1989-05,1989-05-31,22,0.0
ZF,1989-06,1989-06-30,22,0.0
ZF,1989-07,1989-07-31,20,0.0
ZF,1989-08,1989-08-31,23,0.0
ZF,1989-09,1989-09-29,20,1.0
ZF,1989-10,1989-10-31,22,0.0
ZF,1989-11,1989-11-30,21,0.0
ZF,1989-12,1989-12-29,20,2.0
ZF,1990-01,1990-01-31,22,0.0
ZF,1990-02,1990-02-28,19,0.0
ZF,1990-03,1990-03-30,22,1.0
ZF,1990-04,1990-04-30,20,0.0
ZF,1990-05,1990-05-31,22,0.0
ZF,1990-06,1990-06-29,21,1.0
ZF,1990-07,1990-07-31,21,0.0
ZF,1990-08,1990-08-31,23,0.0
ZF,1990-09,1990-09-28,19,2.0
ZF,1990-10,1990-10-31,23,0.0
ZF,1990-11,1990-11-30,21,0.0
ZF,1990-12,1990-12-31,20,0.0
ZF,1991-01,1991-01-31,22,0.0
ZF,1991-02,1991-02-28,19,0.0
ZF,1991-03,1991-03-28,20,3.0
ZF,1991-04,1991-04-30,22,0.0
ZF,1991-05,1991-05-31,22,0.0
ZF,1991-06,1991-06-28,20,2.0
ZF,1991-07,1991-07-31,22,0.0
ZF,1991-08,1991-08-30,22,1.0
ZF,1991-09,1991-09-30,20,0.0
ZF,1991-10,1991-10-31,23,0.0
ZF,1991-11,1991-11-29,20,1.0
ZF,1991-12,1991-12-31,21,0.0
ZF,1992-01,1992-01-31,22,0.0
ZF,1992-02,1992-02-28,19,1.0
ZF,1992-03,1992-03-31,22,0.0
ZF,1992-04,1992-04-30,21,0.0
ZF,1992-05,1992-05-29,20,2.0
ZF,1992-06,1992-06-30,22,0.0
ZF,1992-07,1992-07-31,22,0.0
ZF,1992-08,1992-08-31,21,0.0
ZF,1992-09,1992-09-30,21,0.0
ZF,1992-10,1992-10-30,22,1.0
ZF,1992-11,1992-11-30,20,0.0
ZF,1992-12,1992-12-31,22,0.0
ZF,1993-01,1993-01-29,20,2.0
ZF,1993-02,1993-02-26,19,2.0
ZF,1993-03,1993-03-31,23,0.0
ZF,1993-04,1993-04-30,21,0.0
ZF,1993-05,1993-05-28,20,3.0
ZF,1993-06,1993-06-30,22,0.0
ZF,1993-07,1993-07-30,21,1.0
ZF,1993-08,1993-08-31,22,0.0
ZF,1993-09,1993-09-30,21,0.0
ZF,1993-10,1993-10-29,21,2.0
ZF,1993-11,1993-11-30,21,0.0
ZF,1993-12,1993-12-31,22,0.0
ZF,1994-01,1994-01-31,21,0.0
ZF,1994-02,1994-02-28,19,0.0
ZF,1994-03,1994-03-31,23,0.0
ZF,1994-04,1994-04-29,19,1.0
ZF,1994-05,1994-05-31,21,0.0
ZF,1994-06,1994-06-30,22,0.0
ZF,1994-07,1994-07-29,20,2.0
ZF,1994-08,1994-08-31,23,0.0
ZF,1994-09,1994-09-30,21,0.0
ZF,1994-10,1994-10-31,21,0.0
ZF,1994-11,1994-11-30,21,0.0
ZF,1994-12,1994-12-30,21,1.0
ZF,1995-01,1995-01-31,21,0.0
ZF,1995-02,1995-02-28,19,0.0
ZF,1995-03,1995-03-31,23,0.0
ZF,1995-04,1995-04-28,19,2.0
ZF,1995-05,1995-05-31,22,0.0
ZF,1995-06,1995-06-30,22,0.0
ZF,1995-07,1995-07-31,20,0.0
ZF,1995-08,1995-08-31,23,0.0
ZF,1995-09,1995-09-29,20,1.0
ZF,1995-10,1995-10-31,22,0.0
ZF,1995-11,1995-11-30,21,0.0
ZF,1995-12,1995-12-29,20,2.0
ZF,1996-01,1996-01-31,22,0.0
ZF,1996-02,1996-02-29,20,0.0
ZF,1996-03,1996-03-29,21,2.0
ZF,1996-04,1996-04-30,21,0.0
ZF,1996-05,1996-05-31,22,0.0
ZF,1996-06,1996-06-28,20,2.0
ZF,1996-07,1996-07-31,22,0.0
ZF,1996-08,1996-08-30,22,1.0
ZF,1996-09,1996-09-30,20,0.0
ZF,1996-10,1996-10-31,23,0.0
ZF,1996-11,1996-11-29,20,1.0
ZF,1996-12,1996-12-31,21,0.0
ZF,1997-01,1997-01-31,22,0.0
ZF,1997-02,1997-02-28,19,0.0
ZF,1997-03,1997-03-31,20,0.0
ZF,1997-04,1997-04-30,22,0.0
ZF,1997-05,1997-05-30,21,1.0
ZF,1997-06,1997-06-30,21,0.0
ZF,1997-07,1997-07-31,22,0.0
ZF,1997-08,1997-08-29,21,2.0
ZF,1997-09,1997-09-30,21,0.0
ZF,1997-10,1997-10-31,23,0.0
ZF,1997-11,1997-11-28,19,2.0
ZF,1997-12,1997-12-31,22,0.0
ZF,1998-01,1998-01-30,20,1.0
ZF,1998-02,1998-02-27,19,1.0
ZF,1998-03,1998-03-31,22,0.0
ZF,1998-04,1998-04-30,21,0.0
ZF,1998-05,1998-05-29,20,2.0
ZF,1998-06,1998-06-30,22,0.0
ZF,1998-07,1998-07-31,22,0.0
ZF,1998-08,1998-08-31,21,0.0
ZF,1998-09,1998-09-30,21,0.0
ZF,1998-10,1998-10-30,22,1.0
ZF,1998-11,1998-11-30,20,0.0
ZF,1998-12,1998-12-31,22,0.0
ZF,1999-01,1999-01-29,19,2.0
ZF,1999-02,1999-02-26,19,2.0
ZF,1999-03,1999-03-31,23,0.0
ZF,1999-04,1999-04-30,21,0.0
ZF,1999-05,1999-05-28,20,3.0
ZF,1999-06,1999-06-30,22,0.0
ZF,1999-07,1999-07-30,21,1.0
ZF,1999-08,1999-08-31,22,0.0
ZF,1999-09,1999-09-30,21,0.0
ZF,1999-10,1999-10-29,21,2.0
ZF,1999-11,1999-11-30,21,0.0
ZF,1999-12,1999-12-30,21,1.0
ZF,2000-01,2000-01-31,20,0.0
ZF,2000-02,2000-02-29,20,0.0
ZF,2000-03,2000-03-31,23,0.0
ZF,2000-04,2000-04-28,19,2.0
ZF,2000-05,2000-05-31,22,0.0
ZF,2000-06,2000-06-30,22,0.0
ZF,2000-07,2000-07-31,20,0.0
ZF,2000-08,2000-08-31,23,0.0
ZF,2000-09,2000-09-29,20,1.0
ZF,2000-10,2000-10-31,22,0.0
ZF,2000-11,2000-11-30,21,0.0
ZF,2000-12,2000-12-29,20,2.0
ZF,2001-01,2001-01-31,21,0.0
ZF,2001-02,2001-02-28,19,0.0
ZF,2001-03,2001-03-30,22,1.0
ZF,2001-04,2001-04-30,20,0.0
ZF,2001-05,2001-05-31,22,0.0
ZF,2001-06,2001-06-29,21,1.0
ZF,2001-07,2001-07-31,21,0.0
ZF,2001-08,2001-08-31,23,0.0
ZF,2001-09,2001-09-28,17,2.0
ZF,2001-10,2001-10-31,23,0.0
ZF,2001-11,2001-11-30,21,0.0
ZF,2001-12,2001-12-31,20,0.0
ZF,2002-01,2002-01-31,21,0.0
ZF,2002-02,2002-02-28,19,0.0
ZF,2002-03,2002-03-28,20,3.0
ZF,2002-04,2002-04-30,22,0.0
ZF,2002-05,2002-05-31,22,0.0
ZF,2002-06,2002-06-28,20,2.0
ZF,2002-07,2002-07-31,22,0.0
ZF,2002-08,2002-08-30,22,1.0
ZF,2002-09,2002-09-30,20,0.0
ZF,2002-10,2002-10-31,23,0.0
ZF,2002-11,2002-11-29,20,1.0
ZF,2002-12,2002-12-31,20,0.0
ZF,2003-01,2003-01-31,21,0.0
ZF,2003-02,2003-02-28,19,0.0
ZF,2003-03,2003-03-31,21,0.0
ZF,2003-04,2003-04-30,21,0.0
ZF,2003-05,2003-05-30,21,1.0
ZF,2003-06,2003-06-30,21,0.0
ZF,2003-07,2003-07-31,22,0.0
ZF,2003-08,2003-08-29,21,2.0
ZF,2003-09,2003-09-30,21,0.0
ZF,2003-10,2003-10-31,23,0.0
ZF,2003-11,2003-11-28,19,2.0
ZF,2003-12,2003-12-31,22,0.0
ZF,2004-01,2004-01-30,20,1.0
ZF,2004-02,2004-02-27,19,2.0
ZF,2004-03,2004-03-31,23,0.0
ZF,2004-04,2004-04-30,21,0.0
ZF,2004-05,2004-05-28,20,3.0
ZF,2004-06,2004-06-30,21,0.0
ZF,2004-07,2004-07-30,21,1.0
ZF,2004-08,2004-08-31,22,0.0
ZF,2004-09,2004-09-30,21,0.0
ZF,2004-10,2004-10-29,21,2.0
ZF,2004-11,2004-11-30,21,0.0
ZF,2004-12,2004-12-30,21,1.0
ZF,2005-01,2005-01-31,20,0.0
ZF,2005-02,2005-02-28,19,0.0
ZF,2005-03,2005-03-31,22,0.0
ZF,2005-04,2005-04-29,21,1.0
ZF,2005-05,2005-05-31,21,0.0
ZF,2005-06,2005-06-30,22,0.0
ZF,2005-07,2005-07-29,20,2.0
ZF,2005-08,2005-08-31,23,0.0
ZF,2005-09,2005-09-30,21,0.0
ZF,2005-10,2005-10-31,21,0.0
ZF,2005-11,2005-11-30,21,0.0
ZF,2005-12,2005-12-30,21,1.0
ZF,2006-01,2006-01-31,20,0.0
ZF,2006-02,2006-02-28,19,0.0
ZF,2006-03,2006-03-31,23,0.0
ZF,2006-04,2006-04-28,19,2.0
ZF,2006-05,2006-05-31,22,0.0
ZF,2006-06,2006-06-30,22,0.0
ZF,2006-07,2006-07-31,20,0.0
ZF,2006-08,2006-08-31,23,0.0
ZF,2006-09,2006-09-29,20,1.0
ZF,2006-10,2006-10-31,22,0.0
ZF,2006-11,2006-11-30,21,0.0
ZF,2006-12,2006-12-29,20,2.0
ZF,2007-01,2007-01-31,20,0.0
ZF,2007-02,2007-02-28,19,0.0
ZF,2007-03,2007-03-30,22,1.0
ZF,2007-04,2007-04-30,20,0.0
ZF,2007-05,2007-05-31,22,0.0
ZF,2007-06,2007-06-29,21,1.0
ZF,2007-07,2007-07-31,21,0.0
ZF,2007-08,2007-08-31,23,0.0
ZF,2007-09,2007-09-28,19,2.0
ZF,2007-10,2007-10-31,23,0.0
ZF,2007-11,2007-11-30,21,0.0
ZF,2007-12,2007-12-31,20,0.0
ZF,2008-01,2008-01-31,21,0.0
ZF,2008-02,2008-02-29,20,0.0
ZF,2008-03,2008-03-31,20,0.0
ZF,2008-04,2008-04-30,22,0.0
ZF,2008-05,2008-05-30,21,1.0
ZF,2008-06,2008-06-30,21,0.0
ZF,2008-07,2008-07-31,22,0.0
ZF,2008-08,2008-08-29,21,2.0
ZF,2008-09,2008-09-30,21,0.0
ZF,2008-10,2008-10-31,23,0.0
ZF,2008-11,2008-11-28,19,2.0
ZF,2008-12,2008-12-31,22,0.0
ZF,2009-01,2009-01-30,20,1.0
ZF,2009-02,2009-02-27,19,1.0
ZF,2009-03,2009-03-31,22,0.0
ZF,2009-04,2009-04-30,21,0.0
ZF,2009-05,2009-05-29,20,2.0
ZF,2009-06,2009-06-30,22,0.0
ZF,2009-07,2009-07-31,22,0.0
ZF,2009-08,2009-08-31,21,0.0
ZF,2009-09,2009-09-30,21,0.0
ZF,2009-10,2009-10-30,22,1.0
ZF,2009-11,2009-11-30,20,0.0
ZF,2009-12,2009-12-31,22,0.0
ZF,2010-01,2010-01-29,19,2.0
ZF,2010-02,2010-02-26,19,2.0
ZF,2010-03,2010-03-31,23,0.0
ZF,2010-04,2010-04-30,21,0.0
ZF,2010-05,2010-05-28,20,3.0
ZF,2010-06,2010-06-30,22,0.0
ZF,2010-07,2010-07-30,21,1.0
ZF,2010-08,2010-08-31,22,0.0
ZF,2010-09,2010-09-30,21,0.0
ZF,2010-10,2010-10-29,21,2.0
ZF,2010-11,2010-11-30,21,0.0
ZF,2010-12,2010-12-31,22,0.0
ZF,2011-01,2011-01-31,20,0.0
ZF,2011-02,2011-02-28,19,0.0
ZF,2011-03,2011-03-31,23,0.0
ZF,2011-04,2011-04-29,20,1.0
ZF,2011-05,2011-05-31,21,0.0
ZF,2011-06,2011-06-30,22,0.0
ZF,2011-07,2011-07-29,20,2.0
ZF,2011-08,2011-08-31,23,0.0
ZF,2011-09,2011-09-30,21,0.0
ZF,2011-10,2011-10-31,21,0.0
ZF,2011-11,2011-11-30,21,0.0
ZF,2011-12,2011-12-30,21,1.0
ZF,2012-01,2012-01-31,20,0.0
ZF,2012-02,2012-02-29,20,0.0
ZF,2012-03,2012-03-30,22,1.0
ZF,2012-04,2012-04-30,20,0.0
ZF,2012-05,2012-05-31,22,0.0
ZF,2012-06,2012-06-29,21,1.0
ZF,2012-07,2012-07-31,21,0.0
ZF,2012-08,2012-08-31,23,0.0
ZF,2012-09,2012-09-28,19,2.0
ZF,2012-10,2012-10-31,23,0.0
ZF,2012-11,2012-11-30,21,0.0
ZF,2012-12,2012-12-31,20,0.0
ZF,2013-01,2013-01-31,21,0.0
ZF,2013-02,2013-02-28,19,0.0
ZF,2013-03,2013-03-28,20,3.0
ZF,2013-04,2013-04-30,22,0.0
ZF,2013-05,2013-05-31,22,0.0
ZF,2013-06,2013-06-28,20,2.0
ZF,2013-07,2013-07-31,22,0.0
ZF,2013-08,2013-08-30,22,1.0
ZF,2013-09,2013-09-30,20,0.0
ZF,2013-10,2013-10-31,23,0.0
ZF,2013-11,2013-11-29,20,1.0
ZF,2013-12,2013-12-31,21,0.0
ZF,2014-01,2014-01-31,21,0.0
ZF,2014-02,2014-02-28,19,0.0
ZF,2014-03,2014-03-31,21,0.0
ZF,2014-04,2014-04-30,21,0.0
ZF,2014-05,2014-05-30,21,1.0
ZF,2014-06,2014-06-30,21,0.0
ZF,2014-07,2014-07-31,22,0.0
ZF,2014-08,2014-08-29,21,2.0
ZF,2014-09,2014-09-30,21,0.0
ZF,2014-10,2014-10-31,23,0.0
ZF,2014-11,2014-11-28,19,2.0
ZF,2014-12,2014-12-31,22,0.0
ZG,1969-01,,0,
ZG,1969-02,,0,
ZG,1969-03,,0,
ZG,1969-04,,0,
ZG,1969-05,,0,
ZG,1969-06,,0,
ZG,1969-07,,0,
ZG,1969-08,,0,
ZG,1969-09,,0,
ZG,1969-10,,0,
ZG,1969-11,,0,
ZG,1969-12,,0,
ZG,1970-01,,0,
ZG,1970-02,,0,
ZG,1970-03,,0,
ZG,1970-04,,0,
ZG,1970-05,,0,
ZG,1970-06,,0,
ZG,1970-07,,0,
ZG,1970-08,,0,
ZG,1970-09,,0,
ZG,1970-10,,0,
ZG,1970-11,,0,
ZG,1970-12,,0,
ZG,1971-01,,0,
ZG,1971-02,,0,
ZG,1971-03,,0,
ZG,1971-04,,0,
ZG,1971-05,,0,
ZG,1971-06,,0,
ZG,1971-07,,0,
ZG,1971-08,,0,
ZG,1971-09,,0,
ZG,1971-10,,0,
ZG,1971-11,,0,
ZG,1971-12,,0,
ZG,1972-01,,0,
ZG,1972-02,,0,
ZG,1972-03,,0,
ZG,1972-04,,0,
ZG,1972-05,,0,
ZG,1972-06,,0,
ZG,1972-07,,0,
ZG,1972-08,,0,
ZG,1972-09,,0,
ZG,1972-10,,0,
ZG,1972-11,,0,
ZG,1972-12,,0,
ZG,1973-01,,0,
ZG,1973-02,,0,
ZG,1973-03,,0,
ZG,1973-04,,0,
ZG,1973-05,,0,
ZG,1973-06,,0,
ZG,1973-07,,0,
ZG,1973-08,,0,
ZG,1973-09,,0,
ZG,1973-10,,0,
ZG,1973-11,,0,
ZG,1973-12,,0,
ZG,1974-01,,0,
ZG,1974-02,,0,
ZG,1974-03,,0,
ZG,1974-04,,0,
ZG,1974-05,,0,
ZG,1974-06,,0,
ZG,1974-07,,0,
ZG,1974-08,,0,
ZG,1974-09,,0,
ZG,1974-10,,0,
ZG,1974-11,,0,
ZG,1974-12,,0,
ZG,1975-01,1975-01-31,22,0.0
ZG,1975-02,1975-02-28,18,0.0
ZG,1975-03,1975-03-31,20,0.0
ZG,1975-04,1975-04-30,22,0.0
ZG,1975-05,1975-05-30,21,1.0
ZG,1975-06,1975-06-30,21,0.0
ZG,1975-07,1975-07-31,22,0.0
ZG,1975-08,1975-08-29,21,2.0
ZG,1975-09,1975-09-30,21,0.0
ZG,1975-10,1975-10-31,22,0.0
ZG,1975-11,1975-11-28,17,2.0
ZG,1975-12,1975-12-31,21,0.0
ZG,1976-01,1976-01-30,21,1.0
ZG,1976-02,1976-02-27,19,2.0
ZG,1976-03,1976-03-31,23,0.0
ZG,1976-04,1976-04-30,21,0.0
ZG,1976-05,1976-05-28,20,3.0
ZG,1976-06,1976-06-30,22,0.0
ZG,1976-07,1976-07-30,21,1.0
ZG,1976-08,1976-08-31,22,0.0
ZG,1976-09,1976-09-30,21,0.0
ZG,1976-10,1976-10-29,21,2.0
ZG,1976-11,1976-11-30,20,0.0
ZG,1976-12,1976-12-30,21,1.0
ZG,1977-01,1977-01-31,21,0.0
ZG,1977-02,1977-02-28,19,0.0
ZG,1977-03,1977-03-31,23,0.0
ZG,1977-04,1977-04-29,20,1.0
ZG,1977-05,1977-05-31,21,0.0
ZG,1977-06,1977-06-30,22,0.0
ZG,1977-07,1977-07-29,19,2.0
ZG,1977-08,1977-08-31,23,0.0
ZG,1977-09,1977-09-30,21,0.0
ZG,1977-10,1977-10-31,21,0.0
ZG,1977-11,1977-11-30,21,0.0
ZG,1977-12,1977-12-30,21,1.0
ZG,1978-01,1978-01-31,20,0.0
ZG,1978-02,1978-02-28,18,0.0
ZG,1978-03,1978-03-31,22,0.0
ZG,1978-04,1978-04-28,20,2.0
ZG,1978-05,1978-05-31,22,0.0
ZG,1978-06,1978-06-30,22,0.0
ZG,1978-07,1978-07-31,20,0.0
ZG,1978-08,1978-08-31,23,0.0
ZG,1978-09,1978-09-29,20,1.0
ZG,1978-10,1978-10-31,22,0.0
ZG,1978-11,1978-11-30,20,0.0
ZG,1978-12,1978-12-29,20,2.0
ZG,1979-01,1979-01-31,22,0.0
ZG,1979-02,1979-02-28,19,0.0
ZG,1979-03,1979-03-30,22,1.0
ZG,1979-04,1979-04-30,20,0.0
ZG,1979-05,1979-05-31,22,0.0
ZG,1979-06,1979-06-29,21,1.0
ZG,1979-07,1979-07-31,21,0.0
ZG,1979-08,1979-08-31,23,0.0
ZG,1979-09,1979-09-28,19,2.0
ZG,1979-10,1979-10-31,23,0.0
ZG,1979-11,1979-11-30,21,0.0
ZG,1979-12,1979-12-31,19,0.0
ZG,1980-01,1980-01-31,22,0.0
ZG,1980-02,1980-02-29,20,0.0
ZG,1980-03,1980-03-31,21,0.0
ZG,1980-04,1980-04-30,21,0.0
ZG,1980-05,1980-05-30,21,1.0
ZG,1980-06,1980-06-30,21,0.0
ZG,1980-07,1980-07-31,22,0.0
ZG,1980-08,1980-08-29,21,2.0
ZG,1980-09,1980-09-30,21,0.0
ZG,1980-10,1980-10-31,23,0.0
ZG,1980-11,1980-11-28,18,2.0
ZG,1980-12,1980-12-31,21,0.0
ZG,1981-01,1981-01-30,21,1.0
ZG,1981-02,1981-02-27,19,1.0
ZG,1981-03,1981-03-31,22,0.0
ZG,1981-04,1981-04-30,21,0.0
ZG,1981-05,1981-05-29,20,2.0
ZG,1981-06,1981-06-30,22,0.0
ZG,1981-07,1981-07-31,22,0.0
ZG,1981-08,1981-08-31,21,0.0
ZG,1981-09,1981-09-30,21,0.0
ZG,1981-10,1981-10-30,22,1.0
ZG,1981-11,1981-11-30,20,0.0
ZG,1981-12,1981-12-31,22,0.0
ZG,1982-01,1982-01-29,20,2.0
ZG,1982-02,1982-02-26,19,2.0
ZG,1982-03,1982-03-31,23,0.0
ZG,1982-04,1982-04-30,21,0.0
ZG,1982-05,1982-05-28,20,3.0
ZG,1982-06,1982-06-30,22,0.0
ZG,1982-07,1982-07-30,21,1.0
ZG,1982-08,1982-08-31,22,0.0
ZG,1982-09,1982-09-30,21,0.0
ZG,1982-10,1982-10-29,21,2.0
ZG,1982-11,1982-11-30,20,0.0
ZG,1982-12,1982-12-30,21,1.0
ZG,1983-01,1983-01-31,21,0.0
ZG,1983-02,1983-02-28,19,0.0
ZG,1983-03,1983-03-31,23,0.0
ZG,1983-04,1983-04-29,20,1.0
ZG,1983-05,1983-05-31,21,0.0
ZG,1983-06,1983-06-30,22,0.0
ZG,1983-07,1983-07-29,20,2.0
ZG,1983-08,1983-08-31,23,0.0
ZG,1983-09,1983-09-30,21,0.0
ZG,1983-10,1983-10-31,21,0.0
ZG,1983-11,1983-11-30,21,0.0
ZG,1983-12,1983-12-30,21,1.0
ZG,1984-01,1984-01-31,21,0.0
ZG,1984-02,1984-02-29,20,0.0
ZG,1984-03,1984-03-30,22,1.0
ZG,1984-04,1984-04-30,20,0.0
ZG,1984-05,1984-05-31,22,0.0
ZG,1984-06,1984-06-29,21,1.0
ZG,1984-07,1984-07-31,21,0.0
ZG,1984-08,1984-08-31,23,0.0
ZG,1984-09,1984-09-28,19,2.0
ZG,1984-10,1984-10-31,23,0.0
ZG,1984-11,1984-11-30,21,0.0
ZG,1984-12,1984-12-31,19,0.0
ZG,1985-01,1985-01-31,22,0.0
ZG,1985-02,1985-02-28,19,0.0
ZG,1985-03,1985-03-29,21,2.0
ZG,1985-04,1985-04-30,21,0.0
ZG,1985-05,1985-05-31,22,0.0
ZG,1985-06,1985-06-28,20,2.0
ZG,1985-07,1985-07-31,21,0.0
ZG,1985-08,1985-08-30,22,1.0
ZG,1985-09,1985-09-30,20,0.0
ZG,1985-10,1985-10-31,23,0.0
ZG,1985-11,1985-11-29,20,1.0
ZG,1985-12,1985-12-31,21,0.0
ZG,1986-01,1986-01-31,22,0.0
ZG,1986-02,1986-02-28,19,0.0
ZG,1986-03,1986-03-31,20,0.0
ZG,1986-04,1986-04-30,22,0.0
ZG,1986-05,1986-05-30,21,1.0
ZG,1986-06,1986-06-30,21,0.0
ZG,1986-07,1986-07-31,21,0.0
ZG,1986-08,1986-08-29,21,2.0
ZG,1986-09,1986-09-30,21,0.0
ZG,1986-10,1986-10-31,23,0.0
ZG,1986-11,1986-11-28,19,2.0
ZG,1986-12,1986-12-31,21,0.0
ZG,1987-01,1987-01-30,21,1.0
ZG,1987-02,1987-02-27,19,1.0
ZG,1987-03,1987-03-31,22,0.0
ZG,1987-04,1987-04-30,21,0.0
ZG,1987-05,1987-05-29,20,2.0
ZG,1987-06,1987-06-30,22,0.0
ZG,1987-07,1987-07-31,22,0.0
ZG,1987-08,1987-08-31,21,0.0
ZG,1987-09,1987-09-30,21,0.0
ZG,1987-10,1987-10-30,22,1.0
ZG,1987-11,1987-11-30,20,0.0
ZG,1987-12,1987-12-31,22,0.0
ZG,1988-01,1988-01-29,20,2.0
ZG,1988-02,1988-02-29,20,0.0
ZG,1988-03,1988-03-31,23,0.0
ZG,1988-04,1988-04-29,20,1.0
ZG,1988-05,1988-05-31,21,0.0
ZG,1988-06,1988-06-30,22,0.0
ZG,1988-07,1988-07-29,20,2.0
ZG,1988-08,1988-08-31,23,0.0
ZG,1988-09,1988-09-30,21,0.0
ZG,1988-10,1988-10-31,21,0.0
ZG,1988-11,1988-11-30,20,0.0
ZG,1988-12,1988-12-30,21,1.0
ZG,1989-01,1989-01-31,21,0.0
ZG,1989-02,1989-02-28,19,0.0
ZG,1989-03,1989-03-31,22,0.0
ZG,1989-04,1989-04-28,20,2.0
ZG,1989-05,1989-05-31,22,0.0
ZG,1989-06,1989-06-30,22,0.0
ZG,1989-07,1989-07-31,20,0.0
ZG,1989-08,1989-08-31,23,0.0
ZG,1989-09,1989-09-29,20,1.0
ZG,1989-10,1989-10-31,22,0.0
ZG,1989-11,1989-11-30,21,0.0
ZG,1989-12,1989-12-29,20,2.0
ZG,1990-01,1990-01-31,22,0.0
ZG,1990-02,1990-02-28,19,0.0
ZG,1990-03,1990-03-30,22,1.0
ZG,1990-04,1990-04-30,20,0.0
ZG,1990-05,1990-05-31,22,0.0
ZG,1990-06,1990-06-29,21,1.0
ZG,1990-07,1990-07-31,21,0.0
ZG,1990-08,1990-08-31,22,0.0
ZG,1990-09,1990-09-28,19,2.0
ZG,1990-10,1990-10-31,23,0.0
ZG,1990-11,1990-11-30,21,0.0
ZG,1990-12,1990-12-31,19,0.0
ZG,1991-01,1991-01-31,22,0.0
ZG,1991-02,1991-02-28,19,0.0
ZG,1991-03,1991-03-28,20,3.0
ZG,1991-04,1991-04-30,22,0.0
ZG,1991-05,1991-05-31,22,0.0
ZG,1991-06,1991-06-28,20,2.0
ZG,1991-07,1991-07-31,21,0.0
ZG,1991-08,1991-08-30,22,1.0
ZG,1991-09,1991-09-30,20,0.0
ZG,1991-10,1991-10-31,23,0.0
ZG,1991-11,1991-11-29,20,1.0
ZG,1991-12,1991-12-31,21,0.0
ZG,1992-01,1992-01-31,22,0.0
ZG,1992-02,1992-02-28,19,1.0
ZG,1992-03,1992-03-31,22,0.0
ZG,1992-04,1992-04-30,21,0.0
ZG,1992-05,1992-05-29,20,2.0
ZG,1992-06,1992-06-30,22,0.0
ZG,1992-07,1992-07-31,22,0.0
ZG,1992-08,1992-08-31,21,0.0
ZG,1992-09,1992-09-30,21,0.0
ZG,1992-10,1992-10-30,22,1.0
ZG,1992-11,1992-11-30,20,0.0
ZG,1992-12,1992-12-31,22,0.0
ZG,1993-01,1993-01-29,20,2.0
ZG,1993-02,1993-02-26,19,2.0
ZG,1993-03,1993-03-31,23,0.0
ZG,1993-04,1993-04-30,21,0.0
ZG,1993-05,1993-05-28,20,3.0
ZG,1993-06,1993-06-30,22,0.0
ZG,1993-07,1993-07-30,21,1.0
ZG,1993-08,1993-08-31,22,0.0
ZG,1993-09,1993-09-30,21,0.0
ZG,1993-10,1993-10-29,21,2.0
ZG,1993-11,1993-11-30,20,0.0
ZG,1993-12,1993-12-30,21,1.0
ZG,1994-01,1994-01-31,21,0.0
ZG,1994-02,1994-02-28,19,0.0
ZG,1994-03,1994-03-31,23,0.0
ZG,1994-04,1994-04-29,19,1.0
ZG,1994-05,1994-05-31,21,0.0
ZG,1994-06,1994-06-30,22,0.0
ZG,1994-07,1994-07-29,20,2.0
ZG,1994-08,1994-08-31,23,0.0
ZG,1994-09,1994-09-30,21,0.0
ZG,1994-10,1994-10-31,21,0.0
ZG,1994-11,1994-11-30,20,0.0
ZG,1994-12,1994-12-30,21,1.0
ZG,1995-01,1995-01-31,21,0.0
ZG,1995-02,1995-02-28,19,0.0
ZG,1995-03,1995-03-31,23,0.0
ZG,1995-04,1995-04-28,19,2.0
ZG,1995-05,1995-05-31,22,0.0
ZG,1995-06,1995-06-30,22,0.0
ZG,1995-07,1995-07-31,19,0.0
ZG,1995-08,1995-08-31,23,0.0
ZG,1995-09,1995-09-29,20,1.0
ZG,1995-10,1995-10-31,22,0.0
ZG,1995-11,1995-11-30,20,0.0
ZG,1995-12,1995-12-29,20,2.0
ZG,1996-01,1996-01-31,21,0.0
ZG,1996-02,1996-02-29,20,0.0
ZG,1996-03,1996-03-29,21,2.0
ZG,1996-04,1996-04-30,21,0.0
ZG,1996-05,1996-05-31,22,0.0
ZG,1996-06,1996-06-28,20,2.0
ZG,1996-07,1996-07-31,21,0.0
ZG,1996-08,1996-08-30,22,1.0
ZG,1996-09,1996-09-30,20,0.0
ZG,1996-10,1996-10-31,23,0.0
ZG,1996-11,1996-11-27,19,3.0
ZG,1996-12,1996-12-31,21,0.0
ZG,1997-01,1997-01-31,22,0.0
ZG,1997-02,1997-02-28,19,0.0
ZG,1997-03,1997-03-31,20,0.0
ZG,1997-04,1997-04-30,22,0.0
ZG,1997-05,1997-05-30,21,1.0
ZG,1997-06,1997-06-30,21,0.0
ZG,1997-07,1997-07-31,22,0.0
ZG,1997-08,1997-08-29,21,2.0
ZG,1997-09,1997-09-30,21,0.0
ZG,1997-10,1997-10-31,23,0.0
ZG,1997-11,1997-11-26,18,4.0
ZG,1997-12,1997-12-31,22,0.0
ZG,1998-01,1998-01-30,20,1.0
ZG,1998-02,1998-02-27,19,1.0
ZG,1998-03,1998-03-31,22,0.0
ZG,1998-04,1998-04-30,21,0.0
ZG,1998-05,1998-05-29,20,2.0
ZG,1998-06,1998-06-30,22,0.0
ZG,1998-07,1998-07-31,22,0.0
ZG,1998-08,1998-08-31,21,0.0
ZG,1998-09,1998-09-30,21,0.0
ZG,1998-10,1998-10-30,22,1.0
ZG,1998-11,1998-11-30,19,0.0
ZG,1998-12,1998-12-31,22,0.0
ZG,1999-01,1999-01-29,19,2.0
ZG,1999-02,1999-02-26,19,2.0
ZG,1999-03,1999-03-31,23,0.0
ZG,1999-04,1999-04-30,21,0.0
ZG,1999-05,1999-05-28,20,3.0
ZG,1999-06,1999-06-30,22,0.0
ZG,1999-07,1999-07-30,21,1.0
ZG,1999-08,1999-08-31,22,0.0
ZG,1999-09,1999-09-30,21,0.0
ZG,1999-10,1999-10-29,21,2.0
ZG,1999-11,1999-11-30,20,0.0
ZG,1999-12,1999-12-30,21,1.0
ZG,2000-01,2000-01-31,19,0.0
ZG,2000-02,2000-02-29,20,0.0
ZG,2000-03,2000-03-31,23,0.0
ZG,2000-04,2000-04-28,19,2.0
ZG,2000-05,2000-05-31,22,0.0
ZG,2000-06,2000-06-30,22,0.0
ZG,2000-07,2000-07-31,19,0.0
ZG,2000-08,2000-08-31,23,0.0
ZG,2000-09,2000-09-29,20,1.0
ZG,2000-10,2000-10-31,22,0.0
ZG,2000-11,2000-11-30,20,0.0
ZG,2000-12,2000-12-29,20,2.0
ZG,2001-01,2001-01-31,21,0.0
ZG,2001-02,2001-02-28,19,0.0
ZG,2001-03,2001-03-30,22,1.0
ZG,2001-04,2001-04-30,20,0.0
ZG,2001-05,2001-05-31,22,0.0
ZG,2001-06,2001-06-29,21,1.0
ZG,2001-07,2001-07-31,21,0.0
ZG,2001-08,2001-08-31,23,0.0
ZG,2001-09,2001-09-28,17,2.0
ZG,2001-10,2001-10-31,23,0.0
ZG,2001-11,2001-11-30,20,0.0
ZG,2001-12,2001-12-31,19,0.0
ZG,2002-01,2002-01-31,21,0.0
ZG,2002-02,2002-02-28,19,0.0
ZG,2002-03,2002-03-28,20,3.0
ZG,2002-04,2002-04-30,22,0.0
ZG,2002-05,2002-05-31,22,0.0
ZG,2002-06,2002-06-28,20,2.0
ZG,2002-07,2002-07-31,21,0.0
ZG,2002-08,2002-08-30,22,1.0
ZG,2002-09,2002-09-30,20,0.0
ZG,2002-10,2002-10-31,23,0.0
ZG,2002-11,2002-11-27,19,3.0
ZG,2002-12,2002-12-31,21,0.0
ZG,2003-01,2003-01-31,21,0.0
ZG,2003-02,2003-02-28,19,0.0
ZG,2003-03,2003-03-31,21,0.0
ZG,2003-04,2003-04-30,21,0.0
ZG,2003-05,2003-05-30,21,1.0
ZG,2003-06,2003-06-30,21,0.0
ZG,2003-07,2003-07-31,22,0.0
ZG,2003-08,2003-08-29,21,2.0
ZG,2003-09,2003-09-30,21,0.0
ZG,2003-10,2003-10-31,23,0.0
ZG,2003-11,2003-11-26,18,4.0
ZG,2003-12,2003-12-31,21,0.0
ZG,2004-01,2004-01-30,19,1.0
ZG,2004-02,2004-02-27,19,2.0
ZG,2004-03,2004-03-31,23,0.0
ZG,2004-04,2004-04-30,21,0.0
ZG,2004-05,2004-05-28,20,3.0
ZG,2004-06,2004-06-30,21,0.0
ZG,2004-07,2004-07-30,21,1.0
ZG,2004-08,2004-08-31,22,0.0
ZG,2004-09,2004-09-30,21,0.0
ZG,2004-10,2004-10-29,21,2.0
ZG,2004-11,2004-11-30,20,0.0
ZG,2004-12,2004-12-30,21,1.0
ZG,2005-01,2005-01-31,20,0.0
ZG,2005-02,2005-02-28,19,0.0
ZG,2005-03,2005-03-31,22,0.0
ZG,2005-04,2005-04-29,21,1.0
ZG,2005-05,2005-05-31,21,0.0
ZG,2005-06,2005-06-30,22,0.0
ZG,2005-07,2005-07-29,20,2.0
ZG,2005-08,2005-08-31,23,0.0
ZG,2005-09,2005-09-30,21,0.0
ZG,2005-10,2005-10-31,21,0.0
ZG,2005-11,2005-11-30,20,0.0
ZG,2005-12,2005-12-30,21,1.0
ZG,2006-01,2006-01-31,20,0.0
ZG,2006-02,2006-02-28,19,0.0
ZG,2006-03,2006-03-31,23,0.0
ZG,2006-04,2006-04-28,19,2.0
ZG,2006-05,2006-05-31,22,0.0
ZG,2006-06,2006-06-30,22,0.0
ZG,2006-07,2006-07-31,19,0.0
ZG,2006-08,2006-08-31,23,0.0
ZG,2006-09,2006-09-29,20,1.0
ZG,2006-10,2006-10-31,22,0.0
ZG,2006-11,2006-11-30,20,0.0
ZG,2006-12,2006-12-29,20,2.0
ZG,2007-01,2007-01-31,20,0.0
ZG,2007-02,2007-02-28,19,0.0
ZG,2007-03,2007-03-30,22,1.0
ZG,2007-04,2007-04-30,20,0.0
ZG,2007-05,2007-05-31,22,0.0
ZG,2007-06,2007-06-29,21,1.0
ZG,2007-07,2007-07-31,21,0.0
ZG,2007-08,2007-08-31,23,0.0
ZG,2007-09,2007-09-28,19,2.0
ZG,2007-10,2007-10-31,23,0.0
ZG,2007-11,2007-11-30,21,0.0
ZG,2007-12,2007-12-31,20,0.0
ZG,2008-01,2008-01-31,21,0.0
ZG,2008-02,2008-02-29,20,0.0
ZG,2008-03,2008-03-31,20,0.0
ZG,2008-04,2008-04-30,22,0.0
ZG,2008-05,2008-05-30,22,1.0
ZG,2008-06,2008-06-30,21,0.0
ZG,2008-07,2008-07-31,23,0.0
ZG,2008-08,2008-08-29,21,2.0
ZG,2008-09,2008-09-30,22,0.0
ZG,2008-10,2008-10-31,23,0.0
ZG,2008-11,2008-11-28,19,2.0
ZG,2008-12,2008-12-31,22,0.0
ZG,2009-01,2009-01-30,20,1.0
ZG,2009-02,2009-02-27,19,1.0
ZG,2009-03,2009-03-31,22,0.0
ZG,2009-04,2009-04-30,21,0.0
ZG,2009-05,2009-05-29,20,2.0
ZG,2009-06,2009-06-30,22,0.0
ZG,2009-07,2009-07-31,23,0.0
ZG,2009-08,2009-08-31,21,0.0
ZG,2009-09,2009-09-30,21,0.0
ZG,2009-10,2009-10-30,22,1.0
ZG,2009-11,2009-11-30,20,0.0
ZG,2009-12,2009-12-31,22,0.0
ZG,2010-01,2010-01-29,19,2.0
ZG,2010-02,2010-02-26,19,2.0
ZG,2010-03,2010-03-31,23,0.0
ZG,2010-04,2010-04-30,21,0.0
ZG,2010-05,2010-05-28,20,3.0
ZG,2010-06,2010-06-30,22,0.0
ZG,2010-07,2010-07-30,21,1.0
ZG,2010-08,2010-08-31,22,0.0
ZG,2010-09,2010-09-30,21,0.0
ZG,2010-10,2010-10-29,21,2.0
ZG,2010-11,2010-11-30,21,0.0
ZG,2010-12,2010-12-31,22,0.0
ZG,2011-01,2011-01-31,20,0.0
ZG,2011-02,2011-02-28,19,0.0
ZG,2011-03,2011-03-31,23,0.0
ZG,2011-04,2011-04-29,20,1.0
ZG,2011-05,2011-05-31,21,0.0
ZG,2011-06,2011-06-30,22,0.0
ZG,2011-07,2011-07-29,20,2.0
ZG,2011-08,2011-08-31,23,0.0
ZG,2011-09,2011-09-30,21,0.0
ZG,2011-10,2011-10-31,21,0.0
ZG,2011-11,2011-11-30,21,0.0
ZG,2011-12,2011-12-30,21,1.0
ZG,2012-01,2012-01-31,20,0.0
ZG,2012-02,2012-02-29,20,0.0
ZG,2012-03,2012-03-30,22,1.0
ZG,2012-04,2012-04-30,20,0.0
ZG,2012-05,2012-05-31,22,0.0
ZG,2012-06,2012-06-29,21,1.0
ZG,2012-07,2012-07-31,21,0.0
ZG,2012-08,2012-08-31,23,0.0
ZG,2012-09,2012-09-28,19,2.0
ZG,2012-10,2012-10-31,23,0.0
ZG,2012-11,2012-11-30,21,0.0
ZG,2012-12,2012-12-31,20,0.0
ZG,2013-01,2013-01-31,21,0.0
ZG,2013-02,2013-02-28,19,0.0
ZG,2013-03,2013-03-28,20,3.0
ZG,2013-04,2013-04-30,22,0.0
ZG,2013-05,2013-05-31,22,0.0
ZG,2013-06,2013-06-28,20,2.0
ZG,2013-07,2013-07-31,22,0.0
ZG,2013-08,2013-08-30,22,1.0
ZG,2013-09,2013-09-30,20,0.0
ZG,2013-10,2013-10-31,23,0.0
ZG,2013-11,2013-11-29,20,1.0
ZG,2013-12,2013-12-31,21,0.0
ZG,2014-01,2014-01-31,21,0.0
ZG,2014-02,2014-02-28,19,0.0
ZG,2014-03,2014-03-31,21,0.0
ZG,2014-04,2014-04-30,21,0.0
ZG,2014-05,2014-05-30,21,1.0
ZG,2014-06,2014-06-30,21,0.0
ZG,2014-07,2014-07-31,22,0.0
ZG,2014-08,2014-08-29,21,2.0
ZG,2014-09,2014-09-30,21,0.0
ZG,2014-10,2014-10-31,23,0.0
ZG,2014-11,2014-11-28,19,2.0
ZG,2014-12,2014-12-31,22,0.0
ZI,1969-01,,0,
ZI,1969-02,,0,
ZI,1969-03,,0,
ZI,1969-04,,0,
ZI,1969-05,,0,
ZI,1969-06,,0,
ZI,1969-07,,0,
ZI,1969-08,,0,
ZI,1969-09,,0,
ZI,1969-10,,0,
ZI,1969-11,,0,
ZI,1969-12,,0,
ZI,1970-01,,0,
ZI,1970-02,,0,
ZI,1970-03,,0,
ZI,1970-04,,0,
ZI,1970-05,,0,
ZI,1970-06,,0,
ZI,1970-07,,0,
ZI,1970-08,,0,
ZI,1970-09,,0,
ZI,1970-10,,0,
ZI,1970-11,,0,
ZI,1970-12,,0,
ZI,1971-01,,0,
ZI,1971-02,,0,
ZI,1971-03,,0,
ZI,1971-04,,0,
ZI,1971-05,,0,
ZI,1971-06,,0,
ZI,1971-07,,0,
ZI,1971-08,,0,
ZI,1971-09,,0,
ZI,1971-10,,0,
ZI,1971-11,,0,
ZI,1971-12,,0,
ZI,1972-01,,0,
ZI,1972-02,,0,
ZI,1972-03,,0,
ZI,1972-04,,0,
ZI,1972-05,,0,
ZI,1972-06,,0,
ZI,1972-07,,0,
ZI,1972-08,,0,
ZI,1972-09,,0,
ZI,1972-10,,0,
ZI,1972-11,,0,
ZI,1972-12,,0,
ZI,1973-01,1973-01-31,21,0.0
ZI,1973-02,1973-02-28,18,0.0
ZI,1973-03,1973-03-30,22,1.0
ZI,1973-04,1973-04-30,20,0.0
ZI,1973-05,1973-05-31,22,0.0
ZI,1973-06,1973-06-29,21,1.0
ZI,1973-07,1973-07-31,21,0.0
ZI,1973-08,1973-08-31,23,0.0
ZI,1973-09,1973-09-28,19,2.0
ZI,1973-10,1973-10-31,21,0.0
ZI,1973-11,1973-11-30,20,0.0
ZI,1973-12,1973-12-31,19,0.0
ZI,1974-01,1974-01-31,22,0.0
ZI,1974-02,1974-02-28,18,0.0
ZI,1974-03,1974-03-29,21,2.0
ZI,1974-04,1974-04-30,21,0.0
ZI,1974-05,1974-05-31,22,0.0
ZI,1974-06,1974-06-28,20,2.0
ZI,1974-07,1974-07-31,22,0.0
ZI,1974-08,1974-08-30,22,1.0
ZI,1974-09,1974-09-30,20,0.0
ZI,1974-10,1974-10-31,22,0.0
ZI,1974-11,1974-11-29,18,1.0
ZI,1974-12,1974-12-31,21,0.0
ZI,1975-01,1975-01-31,22,0.0
ZI,1975-02,1975-02-28,18,0.0
ZI,1975-03,1975-03-31,20,0.0
ZI,1975-04,1975-04-30,22,0.0
ZI,1975-05,1975-05-30,21,1.0
ZI,1975-06,1975-06-30,21,0.0
ZI,1975-07,1975-07-31,22,0.0
ZI,1975-08,1975-08-29,21,2.0
ZI,1975-09,1975-09-30,21,0.0
ZI,1975-10,1975-10-31,22,0.0
ZI,1975-11,1975-11-28,17,2.0
ZI,1975-12,1975-12-31,21,0.0
ZI,1976-01,1976-01-30,21,1.0
ZI,1976-02,1976-02-27,19,2.0
ZI,1976-03,1976-03-31,23,0.0
ZI,1976-04,1976-04-30,21,0.0
ZI,1976-05,1976-05-28,20,3.0
ZI,1976-06,1976-06-30,22,0.0
ZI,1976-07,1976-07-30,21,1.0
ZI,1976-08,1976-08-31,22,0.0
ZI,1976-09,1976-09-30,21,0.0
ZI,1976-10,1976-10-29,21,2.0
ZI,1976-11,1976-11-30,20,0.0
ZI,1976-12,1976-12-30,21,1.0
ZI,1977-01,1977-01-31,21,0.0
ZI,1977-02,1977-02-28,19,0.0
ZI,1977-03,1977-03-31,23,0.0
ZI,1977-04,1977-04-29,20,1.0
ZI,1977-05,1977-05-31,21,0.0
ZI,1977-06,1977-06-30,22,0.0
ZI,1977-07,1977-07-29,19,2.0
ZI,1977-08,1977-08-31,23,0.0
ZI,1977-09,1977-09-30,21,0.0
ZI,1977-10,1977-10-31,21,0.0
ZI,1977-11,1977-11-30,21,0.0
ZI,1977-12,1977-12-30,21,1.0
ZI,1978-01,1978-01-31,20,0.0
ZI,1978-02,1978-02-28,18,0.0
ZI,1978-03,1978-03-31,22,0.0
ZI,1978-04,1978-04-28,20,2.0
ZI,1978-05,1978-05-31,22,0.0
ZI,1978-06,1978-06-30,22,0.0
ZI,1978-07,1978-07-31,20,0.0
ZI,1978-08,1978-08-31,23,0.0
ZI,1978-09,1978-09-29,20,1.0
ZI,1978-10,1978-10-31,22,0.0
ZI,1978-11,1978-11-30,20,0.0
ZI,1978-12,1978-12-29,20,2.0
ZI,1979-01,1979-01-31,22,0.0
ZI,1979-02,1979-02-28,19,0.0
ZI,1979-03,1979-03-30,22,1.0
ZI,1979-04,1979-04-30,20,0.0
ZI,1979-05,1979-05-31,22,0.0
ZI,1979-06,1979-06-29,21,1.0
ZI,1979-07,1979-07-31,21,0.0
ZI,1979-08,1979-08-31,23,0.0
ZI,1979-09,1979-09-28,19,2.0
ZI,1979-10,1979-10-31,23,0.0
ZI,1979-11,1979-11-30,21,0.0
ZI,1979-12,1979-12-31,19,0.0
ZI,1980-01,1980-01-31,22,0.0
ZI,1980-02,1980-02-29,20,0.0
ZI,1980-03,1980-03-31,21,0.0
ZI,1980-04,1980-04-30,21,0.0
ZI,1980-05,1980-05-30,21,1.0
ZI,1980-06,1980-06-30,21,0.0
ZI,1980-07,1980-07-31,22,0.0
ZI,1980-08,1980-08-29,21,2.0
ZI,1980-09,1980-09-30,21,0.0
ZI,1980-10,1980-10-31,23,0.0
ZI,1980-11,1980-11-28,18,2.0
ZI,1980-12,1980-12-31,21,0.0
ZI,1981-01,1981-01-30,21,1.0
ZI,1981-02,1981-02-27,19,1.0
ZI,1981-03,1981-03-31,22,0.0
ZI,1981-04,1981-04-30,21,0.0
ZI,1981-05,1981-05-29,20,2.0
ZI,1981-06,1981-06-30,22,0.0
ZI,1981-07,1981-07-31,22,0.0
ZI,1981-08,1981-08-31,21,0.0
ZI,1981-09,1981-09-30,21,0.0
ZI,1981-10,1981-10-30,22,1.0
ZI,1981-11,1981-11-30,20,0.0
ZI,1981-12,1981-12-31,22,0.0
ZI,1982-01,1982-01-29,20,2.0
ZI,1982-02,1982-02-26,19,2.0
ZI,1982-03,1982-03-31,23,0.0
ZI,1982-04,1982-04-30,21,0.0
ZI,1982-05,1982-05-28,20,3.0
ZI,1982-06,1982-06-30,22,0.0
ZI,1982-07,1982-07-30,21,1.0
ZI,1982-08,1982-08-31,22,0.0
ZI,1982-09,1982-09-30,21,0.0
ZI,1982-10,1982-10-29,21,2.0
ZI,1982-11,1982-11-30,20,0.0
ZI,1982-12,1982-12-30,21,1.0
ZI,1983-01,1983-01-31,21,0.0
ZI,1983-02,1983-02-28,19,0.0
ZI,1983-03,1983-03-31,23,0.0
ZI,1983-04,1983-04-29,20,1.0
ZI,1983-05,1983-05-31,21,0.0
ZI,1983-06,1983-06-30,22,0.0
ZI,1983-07,1983-07-29,20,2.0
ZI,1983-08,1983-08-31,23,0.0
ZI,1983-09,1983-09-30,21,0.0
ZI,1983-10,1983-10-31,21,0.0
ZI,1983-11,1983-11-30,21,0.0
ZI,1983-12,1983-12-30,21,1.0
ZI,1984-01,1984-01-31,21,0.0
ZI,1984-02,1984-02-29,20,0.0
ZI,1984-03,1984-03-30,22,1.0
ZI,1984-04,1984-04-30,20,0.0
ZI,1984-05,1984-05-31,22,0.0
ZI,1984-06,1984-06-29,21,1.0
ZI,1984-07,1984-07-31,21,0.0
ZI,1984-08,1984-08-31,23,0.0
ZI,1984-09,1984-09-28,19,2.0
ZI,1984-10,1984-10-31,23,0.0
ZI,1984-11,1984-11-30,21,0.0
ZI,1984-12,1984-12-31,19,0.0
ZI,1985-01,1985-01-31,22,0.0
ZI,1985-02,1985-02-28,19,0.0
ZI,1985-03,1985-03-29,21,2.0
ZI,1985-04,1985-04-30,21,0.0
ZI,1985-05,1985-05-31,22,0.0
ZI,1985-06,1985-06-28,20,2.0
ZI,1985-07,1985-07-31,21,0.0
ZI,1985-08,1985-08-30,22,1.0
ZI,1985-09,1985-09-30,20,0.0
ZI,1985-10,1985-10-31,23,0.0
ZI,1985-11,1985-11-29,20,1.0
ZI,1985-12,1985-12-31,21,0.0
ZI,1986-01,1986-01-31,22,0.0
ZI,1986-02,1986-02-28,19,0.0
ZI,1986-03,1986-03-31,20,0.0
ZI,1986-04,1986-04-30,22,0.0
ZI,1986-05,1986-05-30,21,1.0
ZI,1986-06,1986-06-30,21,0.0
ZI,1986-07,1986-07-31,21,0.0
ZI,1986-08,1986-08-29,21,2.0
ZI,1986-09,1986-09-30,21,0.0
ZI,1986-10,1986-10-31,23,0.0
ZI,1986-11,1986-11-28,19,2.0
ZI,1986-12,1986-12-31,21,0.0
ZI,1987-01,1987-01-30,21,1.0
ZI,1987-02,1987-02-27,19,1.0
ZI,1987-03,1987-03-31,22,0.0
ZI,1987-04,1987-04-30,21,0.0
ZI,1987-05,1987-05-29,20,2.0
ZI,1987-06,1987-06-30,22,0.0
ZI,1987-07,1987-07-31,22,0.0
ZI,1987-08,1987-08-31,21,0.0
ZI,1987-09,1987-09-30,21,0.0
ZI,1987-10,1987-10-30,22,1.0
ZI,1987-11,1987-11-30,20,0.0
ZI,1987-12,1987-12-31,22,0.0
ZI,1988-01,1988-01-29,20,2.0
ZI,1988-02,1988-02-29,20,0.0
ZI,1988-03,1988-03-31,23,0.0
ZI,1988-04,1988-04-29,20,1.0
ZI,1988-05,1988-05-31,21,0.0
ZI,1988-06,1988-06-30,22,0.0
ZI,1988-07,1988-07-29,20,2.0
ZI,1988-08,1988-08-31,23,0.0
ZI,1988-09,1988-09-30,21,0.0
ZI,1988-10,1988-10-31,21,0.0
ZI,1988-11,1988-11-30,20,0.0
ZI,1988-12,1988-12-30,21,1.0
ZI,1989-01,1989-01-31,21,0.0
ZI,1989-02,1989-02-28,19,0.0
ZI,1989-03,1989-03-31,22,0.0
ZI,1989-04,1989-04-28,20,2.0
ZI,1989-05,1989-05-31,22,0.0
ZI,1989-06,1989-06-30,22,0.0
ZI,1989-07,1989-07-31,20,0.0
ZI,1989-08,1989-08-31,23,0.0
ZI,1989-09,1989-09-29,20,1.0
ZI,1989-10,1989-10-31,22,0.0
ZI,1989-11,1989-11-30,21,0.0
ZI,1989-12,1989-12-29,20,2.0
ZI,1990-01,1990-01-31,22,0.0
ZI,1990-02,1990-02-28,19,0.0
ZI,1990-03,1990-03-30,22,1.0
ZI,1990-04,1990-04-30,20,0.0
ZI,1990-05,1990-05-31,22,0.0
ZI,1990-06,1990-06-29,21,1.0
ZI,1990-07,1990-07-31,21,0.0
ZI,1990-08,1990-08-31,22,0.0
ZI,1990-09,1990-09-28,19,2.0
ZI,1990-10,1990-10-31,23,0.0
ZI,1990-11,1990-11-30,21,0.0
ZI,1990-12,1990-12-31,19,0.0
ZI,1991-01,1991-01-31,22,0.0
ZI,1991-02,1991-02-28,19,0.0
ZI,1991-03,1991-03-28,20,3.0
ZI,1991-04,1991-04-30,22,0.0
ZI,1991-05,1991-05-31,22,0.0
ZI,1991-06,1991-06-28,20,2.0
ZI,1991-07,1991-07-31,21,0.0
ZI,1991-08,1991-08-30,22,1.0
ZI,1991-09,1991-09-30,20,0.0
ZI,1991-10,1991-10-31,23,0.0
ZI,1991-11,1991-11-29,20,1.0
ZI,1991-12,1991-12-31,21,0.0
ZI,1992-01,1992-01-31,22,0.0
ZI,1992-02,1992-02-28,19,1.0
ZI,1992-03,1992-03-31,22,0.0
ZI,1992-04,1992-04-30,21,0.0
ZI,1992-05,1992-05-29,20,2.0
ZI,1992-06,1992-06-30,22,0.0
ZI,1992-07,1992-07-31,22,0.0
ZI,1992-08,1992-08-31,21,0.0
ZI,1992-09,1992-09-30,21,0.0
ZI,1992-10,1992-10-30,22,1.0
ZI,1992-11,1992-11-30,20,0.0
ZI,1992-12,1992-12-31,22,0.0
ZI,1993-01,1993-01-29,20,2.0
ZI,1993-02,1993-02-26,19,2.0
ZI,1993-03,1993-03-31,23,0.0
ZI,1993-04,1993-04-30,21,0.0
ZI,1993-05,1993-05-28,20,3.0
ZI,1993-06,1993-06-30,22,0.0
ZI,1993-07,1993-07-30,21,1.0
ZI,1993-08,1993-08-31,22,0.0
ZI,1993-09,1993-09-30,21,0.0
ZI,1993-10,1993-10-29,21,2.0
ZI,1993-11,1993-11-30,20,0.0
ZI,1993-12,1993-12-30,21,1.0
ZI,1994-01,1994-01-31,21,0.0
ZI,1994-02,1994-02-28,19,0.0
ZI,1994-03,1994-03-31,23,0.0
ZI,1994-04,1994-04-29,19,1.0
ZI,1994-05,1994-05-31,21,0.0
ZI,1994-06,1994-06-30,22,0.0
ZI,1994-07,1994-07-29,20,2.0
ZI,1994-08,1994-08-31,23,0.0
ZI,1994-09,1994-09-30,21,0.0
ZI,1994-10,1994-10-31,21,0.0
ZI,1994-11,1994-11-30,20,0.0
ZI,1994-12,1994-12-30,21,1.0
ZI,1995-01,1995-01-31,21,0.0
ZI,1995-02,1995-02-28,19,0.0
ZI,1995-03,1995-03-31,23,0.0
ZI,1995-04,1995-04-28,19,2.0
ZI,1995-05,1995-05-31,22,0.0
ZI,1995-06,1995-06-30,22,0.0
ZI,1995-07,1995-07-31,19,0.0
ZI,1995-08,1995-08-31,23,0.0
ZI,1995-09,1995-09-29,20,1.0
ZI,1995-10,1995-10-31,22,0.0
ZI,1995-11,1995-11-30,20,0.0
ZI,1995-12,1995-12-29,20,2.0
ZI,1996-01,1996-01-31,21,0.0
ZI,1996-02,1996-02-29,20,0.0
ZI,1996-03,1996-03-29,21,2.0
ZI,1996-04,1996-04-30,21,0.0
ZI,1996-05,1996-05-31,22,0.0
ZI,1996-06,1996-06-28,20,2.0
ZI,1996-07,1996-07-31,21,0.0
ZI,1996-08,1996-08-30,22,1.0
ZI,1996-09,1996-09-30,20,0.0
ZI,1996-10,1996-10-31,23,0.0
ZI,1996-11,1996-11-27,19,3.0
ZI,1996-12,1996-12-31,21,0.0
ZI,1997-01,1997-01-31,22,0.0
ZI,1997-02,1997-02-28,19,0.0
ZI,1997-03,1997-03-31,20,0.0
ZI,1997-04,1997-04-30,22,0.0
ZI,1997-05,1997-05-30,21,1.0
ZI,1997-06,1997-06-30,21,0.0
ZI,1997-07,1997-07-31,22,0.0
ZI,1997-08,1997-08-29,21,2.0
ZI,1997-09,1997-09-30,21,0.0
ZI,1997-10,1997-10-31,23,0.0
ZI,1997-11,1997-11-26,18,4.0
ZI,1997-12,1997-12-31,22,0.0
ZI,1998-01,1998-01-30,20,1.0
ZI,1998-02,1998-02-27,19,1.0
ZI,1998-03,1998-03-31,22,0.0
ZI,1998-04,1998-04-30,21,0.0
ZI,1998-05,1998-05-29,20,2.0
ZI,1998-06,1998-06-30,22,0.0
ZI,1998-07,1998-07-31,22,0.0
ZI,1998-08,1998-08-31,21,0.0
ZI,1998-09,1998-09-30,21,0.0
ZI,1998-10,1998-10-30,22,1.0
ZI,1998-11,1998-11-30,19,0.0
ZI,1998-12,1998-12-31,22,0.0
ZI,1999-01,1999-01-29,19,2.0
ZI,1999-02,1999-02-26,19,2.0
ZI,1999-03,1999-03-31,23,0.0
ZI,1999-04,1999-04-30,21,0.0
ZI,1999-05,1999-05-28,20,3.0
ZI,1999-06,1999-06-30,22,0.0
ZI,1999-07,1999-07-30,21,1.0
ZI,1999-08,1999-08-31,22,0.0
ZI,1999-09,1999-09-30,21,0.0
ZI,1999-10,1999-10-29,21,2.0
ZI,1999-11,1999-11-30,20,0.0
ZI,1999-12,1999-12-30,21,1.0
ZI,2000-01,2000-01-31,19,0.0
ZI,2000-02,2000-02-29,20,0.0
ZI,2000-03,2000-03-31,23,0.0
ZI,2000-04,2000-04-28,19,2.0
ZI,2000-05,2000-05-31,22,0.0
ZI,2000-06,2000-06-30,22,0.0
ZI,2000-07,2000-07-31,19,0.0
ZI,2000-08,2000-08-31,23,0.0
ZI,2000-09,2000-09-29,20,1.0
ZI,2000-10,2000-10-31,22,0.0
ZI,2000-11,2000-11-30,20,0.0
ZI,2000-12,2000-12-29,20,2.0
ZI,2001-01,2001-01-31,21,0.0
ZI,2001-02,2001-02-28,19,0.0
ZI,2001-03,2001-03-30,22,1.0
ZI,2001-04,2001-04-30,20,0.0
ZI,2001-05,2001-05-31,22,0.0
ZI,2001-06,2001-06-29,21,1.0
ZI,2001-07,2001-07-31,21,0.0
ZI,2001-08,2001-08-31,23,0.0
ZI,2001-09,2001-09-28,17,2.0
ZI,2001-10,2001-10-31,23,0.0
ZI,2001-11,2001-11-30,20,0.0
ZI,2001-12,2001-12-31,19,0.0
ZI,2002-01,2002-01-31,21,0.0
ZI,2002-02,2002-02-28,19,0.0
ZI,2002-03,2002-03-28,20,3.0
ZI,2002-04,2002-04-30,22,0.0
ZI,2002-05,2002-05-31,22,0.0
ZI,2002-06,2002-06-28,20,2.0
ZI,2002-07,2002-07-31,21,0.0
ZI,2002-08,2002-08-30,22,1.0
ZI,2002-09,2002-09-30,20,0.0
ZI,2002-10,2002-10-31,23,0.0
ZI,2002-11,2002-11-27,19,3.0
ZI,2002-12,2002-12-31,21,0.0
ZI,2003-01,2003-01-31,21,0.0
ZI,2003-02,2003-02-28,19,0.0
ZI,2003-03,2003-03-31,21,0.0
ZI,2003-04,2003-04-30,21,0.0
ZI,2003-05,2003-05-30,21,1.0
ZI,2003-06,2003-06-30,21,0.0
ZI,2003-07,2003-07-31,22,0.0
ZI,2003-08,2003-08-29,21,2.0
ZI,2003-09,2003-09-30,21,0.0
ZI,2003-10,2003-10-31,23,0.0
ZI,2003-11,2003-11-26,18,4.0
ZI,2003-12,2003-12-31,21,0.0
ZI,2004-01,2004-01-30,19,1.0
ZI,2004-02,2004-02-27,19,2.0
ZI,2004-03,2004-03-31,23,0.0
ZI,2004-04,2004-04-30,21,0.0
ZI,2004-05,2004-05-28,20,3.0
ZI,2004-06,2004-06-30,21,0.0
ZI,2004-07,2004-07-30,21,1.0
ZI,2004-08,2004-08-31,22,0.0
ZI,2004-09,2004-09-30,21,0.0
ZI,2004-10,2004-10-29,21,2.0
ZI,2004-11,2004-11-30,20,0.0
ZI,2004-12,2004-12-30,21,1.0
ZI,2005-01,2005-01-31,20,0.0
ZI,2005-02,2005-02-28,19,0.0
ZI,2005-03,2005-03-31,22,0.0
ZI,2005-04,2005-04-29,21,1.0
ZI,2005-05,2005-05-31,21,0.0
ZI,2005-06,2005-06-30,22,0.0
ZI,2005-07,2005-07-29,20,2.0
ZI,2005-08,2005-08-31,23,0.0
ZI,2005-09,2005-09-30,21,0.0
ZI,2005-10,2005-10-31,21,0.0
ZI,2005-11,2005-11-30,20,0.0
ZI,2005-12,2005-12-30,21,1.0
ZI,2006-01,2006-01-31,20,0.0
ZI,2006-02,2006-02-28,19,0.0
ZI,2006-03,2006-03-31,23,0.0
ZI,2006-04,2006-04-28,19,2.0
ZI,2006-05,2006-05-31,22,0.0
ZI,2006-06,2006-06-30,22,0.0
ZI,2006-07,2006-07-31,19,0.0
ZI,2006-08,2006-08-31,23,0.0
ZI,2006-09,2006-09-29,20,1.0
ZI,2006-10,2006-10-31,22,0.0
ZI,2006-11,2006-11-30,20,0.0
ZI,2006-12,2006-12-29,20,2.0
ZI,2007-01,2007-01-31,20,0.0
ZI,2007-02,2007-02-28,19,0.0
ZI,2007-03,2007-03-30,22,1.0
ZI,2007-04,2007-04-30,20,0.0
ZI,2007-05,2007-05-31,22,0.0
ZI,2007-06,2007-06-29,21,1.0
ZI,2007-07,2007-07-31,21,0.0
ZI,2007-08,2007-08-31,23,0.0
ZI,2007-09,2007-09-28,19,2.0
ZI,2007-10,2007-10-31,23,0.0
ZI,2007-11,2007-11-30,21,0.0
ZI,2007-12,2007-12-31,20,0.0
ZI,2008-01,2008-01-31,21,0.0
ZI,2008-02,2008-02-29,20,0.0
ZI,2008-03,2008-03-31,20,0.0
ZI,2008-04,2008-04-30,22,0.0
ZI,2008-05,2008-05-30,22,1.0
ZI,2008-06,2008-06-30,21,0.0
ZI,2008-07,2008-07-31,23,0.0
ZI,2008-08,2008-08-29,21,2.0
ZI,2008-09,2008-09-30,22,0.0
ZI,2008-10,2008-10-31,23,0.0
ZI,2008-11,2008-11-28,19,2.0
ZI,2008-12,2008-12-31,22,0.0
ZI,2009-01,2009-01-30,20,1.0
ZI,2009-02,2009-02-27,19,1.0
ZI,2009-03,2009-03-31,22,0.0
ZI,2009-04,2009-04-30,21,0.0
ZI,2009-05,2009-05-29,20,2.0
ZI,2009-06,2009-06-30,22,0.0
ZI,2009-07,2009-07-31,23,0.0
ZI,2009-08,2009-08-31,21,0.0
ZI,2009-09,2009-09-30,21,0.0
ZI,2009-10,2009-10-30,22,1.0
ZI,2009-11,2009-11-30,20,0.0
ZI,2009-12,2009-12-31,22,0.0
ZI,2010-01,2010-01-29,19,2.0
ZI,2010-02,2010-02-26,19,2.0
ZI,2010-03,2010-03-31,23,0.0
ZI,2010-04,2010-04-30,21,0.0
ZI,2010-05,2010-05-28,20,3.0
ZI,2010-06,2010-06-30,22,0.0
ZI,2010-07,2010-07-30,21,1.0
ZI,2010-08,2010-08-31,22,0.0
ZI,2010-09,2010-09-30,21,0.0
ZI,2010-10,2010-10-29,21,2.0
ZI,2010-11,2010-11-30,21,0.0
ZI,2010-12,2010-12-31,22,0.0
ZI,2011-01,2011-01-31,20,0.0
ZI,2011-02,2011-02-28,19,0.0
ZI,2011-03,2011-03-31,23,0.0
ZI,2011-04,2011-04-29,20,1.0
ZI,2011-05,2011-05-31,21,0.0
ZI,2011-06,2011-06-30,22,0.0
ZI,2011-07,2011-07-29,20,2.0
ZI,2011-08,2011-08-31,23,0.0
ZI,2011-09,2011-09-30,21,0.0
ZI,2011-10,2011-10-31,21,0.0
ZI,2011-11,2011-11-30,21,0.0
ZI,2011-12,2011-12-30,21,1.0
ZI,2012-01,2012-01-31,20,0.0
ZI,2012-02,2012-02-29,20,0.0
ZI,2012-03,2012-03-30,22,1.0
ZI,2012-04,2012-04-30,20,0.0
ZI,2012-05,2012-05-31,22,0.0
ZI,2012-06,2012-06-29,21,1.0
ZI,2012-07,2012-07-31,21,0.0
ZI,2012-08,2012-08-31,23,0.0
ZI,2012-09,2012-09-28,19,2.0
ZI,2012-10,2012-10-31,23,0.0
ZI,2012-11,2012-11-30,21,0.0
ZI,2012-12,2012-12-31,20,0.0
ZI,2013-01,2013-01-31,21,0.0
ZI,2013-02,2013-02-28,19,0.0
ZI,2013-03,2013-03-28,20,3.0
ZI,2013-04,2013-04-30,22,0.0
ZI,2013-05,2013-05-31,22,0.0
ZI,2013-06,2013-06-28,20,2.0
ZI,2013-07,2013-07-31,22,0.0
ZI,2013-08,2013-08-30,22,1.0
ZI,2013-09,2013-09-30,20,0.0
ZI,2013-10,2013-10-31,23,0.0
ZI,2013-11,2013-11-29,20,1.0
ZI,2013-12,2013-12-31,21,0.0
ZI,2014-01,2014-01-31,21,0.0
ZI,2014-02,2014-02-28,19,0.0
ZI,2014-03,2014-03-31,21,0.0
ZI,2014-04,2014-04-30,21,0.0
ZI,2014-05,2014-05-30,21,1.0
ZI,2014-06,2014-06-30,21,0.0
ZI,2014-07,2014-07-31,22,0.0
ZI,2014-08,2014-08-29,21,2.0
ZI,2014-09,2014-09-30,21,0.0
ZI,2014-10,2014-10-31,23,0.0
ZI,2014-11,2014-11-28,19,2.0
ZI,2014-12,2014-12-31,22,0.0
ZK,1969-01,,0,
ZK,1969-02,,0,
ZK,1969-03,,0,
ZK,1969-04,,0,
ZK,1969-05,,0,
ZK,1969-06,,0,
ZK,1969-07,,0,
ZK,1969-08,,0,
ZK,1969-09,,0,
ZK,1969-10,,0,
ZK,1969-11,,0,
ZK,1969-12,,0,
ZK,1970-01,,0,
ZK,1970-02,,0,
ZK,1970-03,,0,
ZK,1970-04,,0,
ZK,1970-05,,0,
ZK,1970-06,,0,
ZK,1970-07,,0,
ZK,1970-08,,0,
ZK,1970-09,,0,
ZK,1970-10,,0,
ZK,1970-11,,0,
ZK,1970-12,,0,
ZK,1971-01,,0,
ZK,1971-02,,0,
ZK,1971-03,,0,
ZK,1971-04,,0,
ZK,1971-05,,0,
ZK,1971-06,,0,
ZK,1971-07,,0,
ZK,1971-08,,0,
ZK,1971-09,,0,
ZK,1971-10,,0,
ZK,1971-11,,0,
ZK,1971-12,,0,
ZK,1972-01,,0,
ZK,1972-02,,0,
ZK,1972-03,,0,
ZK,1972-04,,0,
ZK,1972-05,,0,
ZK,1972-06,,0,
ZK,1972-07,,0,
ZK,1972-08,,0,
ZK,1972-09,,0,
ZK,1972-10,,0,
ZK,1972-11,,0,
ZK,1972-12,,0,
ZK,1973-01,,0,
ZK,1973-02,,0,
ZK,1973-03,,0,
ZK,1973-04,,0,
ZK,1973-05,,0,
ZK,1973-06,,0,
ZK,1973-07,,0,
ZK,1973-08,,0,
ZK,1973-09,,0,
ZK,1973-10,,0,
ZK,1973-11,,0,
ZK,1973-12,,0,
ZK,1974-01,,0,
ZK,1974-02,,0,
ZK,1974-03,,0,
ZK,1974-04,,0,
ZK,1974-05,,0,
ZK,1974-06,,0,
ZK,1974-07,,0,
ZK,1974-08,,0,
ZK,1974-09,,0,
ZK,1974-10,,0,
ZK,1974-11,,0,
ZK,1974-12,,0,
ZK,1975-01,,0,
ZK,1975-02,,0,
ZK,1975-03,,0,
ZK,1975-04,,0,
ZK,1975-05,,0,
ZK,1975-06,,0,
ZK,1975-07,,0,
ZK,1975-08,,0,
ZK,1975-09,,0,
ZK,1975-10,,0,
ZK,1975-11,,0,
ZK,1975-12,,0,
ZK,1976-01,,0,
ZK,1976-02,,0,
ZK,1976-03,,0,
ZK,1976-04,,0,
ZK,1976-05,,0,
ZK,1976-06,,0,
ZK,1976-07,,0,
ZK,1976-08,,0,
ZK,1976-09,,0,
ZK,1976-10,,0,
ZK,1976-11,,0,
ZK,1976-12,,0,
ZK,1977-01,,0,
ZK,1977-02,,0,
ZK,1977-03,,0,
ZK,1977-04,,0,
ZK,1977-05,,0,
ZK,1977-06,,0,
ZK,1977-07,,0,
ZK,1977-08,,0,
ZK,1977-09,,0,
ZK,1977-10,,0,
ZK,1977-11,,0,
ZK,1977-12,,0,
ZK,1978-01,,0,
ZK,1978-02,,0,
ZK,1978-03,,0,
ZK,1978-04,,0,
ZK,1978-05,,0,
ZK,1978-06,,0,
ZK,1978-07,,0,
ZK,1978-08,,0,
ZK,1978-09,,0,
ZK,1978-10,,0,
ZK,1978-11,,0,
ZK,1978-12,,0,
ZK,1979-01,,0,
ZK,1979-02,,0,
ZK,1979-03,,0,
ZK,1979-04,,0,
ZK,1979-05,,0,
ZK,1979-06,,0,
ZK,1979-07,,0,
ZK,1979-08,,0,
ZK,1979-09,,0,
ZK,1979-10,,0,
ZK,1979-11,,0,
ZK,1979-12,,0,
ZK,1980-01,,0,
ZK,1980-02,,0,
ZK,1980-03,,0,
ZK,1980-04,,0,
ZK,1980-05,,0,
ZK,1980-06,,0,
ZK,1980-07,,0,
ZK,1980-08,,0,
ZK,1980-09,,0,
ZK,1980-10,,0,
ZK,1980-11,,0,
ZK,1980-12,,0,
ZK,1981-01,,0,
ZK,1981-02,,0,
ZK,1981-03,,0,
ZK,1981-04,,0,
ZK,1981-05,,0,
ZK,1981-06,,0,
ZK,1981-07,,0,
ZK,1981-08,,0,
ZK,1981-09,,0,
ZK,1981-10,,0,
ZK,1981-11,,0,
ZK,1981-12,,0,
ZK,1982-01,,0,
ZK,1982-02,,0,
ZK,1982-03,,0,
ZK,1982-04,,0,
ZK,1982-05,,0,
ZK,1982-06,,0,
ZK,1982-07,,0,
ZK,1982-08,,0,
ZK,1982-09,,0,
ZK,1982-10,,0,
ZK,1982-11,,0,
ZK,1982-12,,0,
ZK,1983-01,,0,
ZK,1983-02,,0,
ZK,1983-03,,0,
ZK,1983-04,,0,
ZK,1983-05,,0,
ZK,1983-06,,0,
ZK,1983-07,,0,
ZK,1983-08,,0,
ZK,1983-09,,0,
ZK,1983-10,,0,
ZK,1983-11,,0,
ZK,1983-12,,0,
ZK,1984-01,,0,
ZK,1984-02,,0,
ZK,1984-03,,0,
ZK,1984-04,,0,
ZK,1984-05,,0,
ZK,1984-06,,0,
ZK,1984-07,,0,
ZK,1984-08,,0,
ZK,1984-09,,0,
ZK,1984-10,,0,
ZK,1984-11,,0,
ZK,1984-12,,0,
ZK,1985-01,,0,
ZK,1985-02,,0,
ZK,1985-03,,0,
ZK,1985-04,,0,
ZK,1985-05,,0,
ZK,1985-06,,0,
ZK,1985-07,,0,
ZK,1985-08,,0,
ZK,1985-09,,0,
ZK,1985-10,,0,
ZK,1985-11,,0,
ZK,1985-12,,0,
ZK,1986-01,,0,
ZK,1986-02,,0,
ZK,1986-03,,0,
ZK,1986-04,,0,
ZK,1986-05,,0,
ZK,1986-06,,0,
ZK,1986-07,,0,
ZK,1986-08,,0,
ZK,1986-09,,0,
ZK,1986-10,,0,
ZK,1986-11,,0,
ZK,1986-12,,0,
ZK,1987-01,,0,
ZK,1987-02,,0,
ZK,1987-03,,0,
ZK,1987-04,,0,
ZK,1987-05,,0,
ZK,1987-06,,0,
ZK,1987-07,,0,
ZK,1987-08,,0,
ZK,1987-09,,0,
ZK,1987-10,,0,
ZK,1987-11,,0,
ZK,1987-12,,0,
ZK,1988-01,,0,
ZK,1988-02,,0,
ZK,1988-03,,0,
ZK,1988-04,,0,
ZK,1988-05,,0,
ZK,1988-06,,0,
ZK,1988-07,,0,
ZK,1988-08,,0,
ZK,1988-09,,0,
ZK,1988-10,,0,
ZK,1988-11,,0,
ZK,1988-12,,0,
ZK,1989-01,1989-01-31,21,0.0
ZK,1989-02,1989-02-28,19,0.0
ZK,1989-03,1989-03-31,22,0.0
ZK,1989-04,1989-04-28,20,2.0
ZK,1989-05,1989-05-31,22,0.0
ZK,1989-06,1989-06-30,22,0.0
ZK,1989-07,1989-07-31,20,0.0
ZK,1989-08,1989-08-31,23,0.0
ZK,1989-09,1989-09-29,20,1.0
ZK,1989-10,1989-10-31,22,0.0
ZK,1989-11,1989-11-30,21,0.0
ZK,1989-12,1989-12-29,20,2.0
ZK,1990-01,1990-01-31,22,0.0
ZK,1990-02,1990-02-28,19,0.0
ZK,1990-03,1990-03-30,22,1.0
ZK,1990-04,1990-04-30,20,0.0
ZK,1990-05,1990-05-31,22,0.0
ZK,1990-06,1990-06-29,21,1.0
ZK,1990-07,1990-07-31,21,0.0
ZK,1990-08,1990-08-31,22,0.0
ZK,1990-09,1990-09-28,19,2.0
ZK,1990-10,1990-10-31,23,0.0
ZK,1990-11,1990-11-30,21,0.0
ZK,1990-12,1990-12-31,19,0.0
ZK,1991-01,1991-01-31,22,0.0
ZK,1991-02,1991-02-28,19,0.0
ZK,1991-03,1991-03-28,20,3.0
ZK,1991-04,1991-04-30,22,0.0
ZK,1991-05,1991-05-31,22,0.0
ZK,1991-06,1991-06-28,20,2.0
ZK,1991-07,1991-07-31,21,0.0
ZK,1991-08,1991-08-30,22,1.0
ZK,1991-09,1991-09-30,20,0.0
ZK,1991-10,1991-10-31,23,0.0
ZK,1991-11,1991-11-29,20,1.0
ZK,1991-12,1991-12-31,21,0.0
ZK,1992-01,1992-01-31,22,0.0
ZK,1992-02,1992-02-28,19,1.0
ZK,1992-03,1992-03-31,22,0.0
ZK,1992-04,1992-04-30,21,0.0
ZK,1992-05,1992-05-29,20,2.0
ZK,1992-06,1992-06-30,22,0.0
ZK,1992-07,1992-07-31,22,0.0
ZK,1992-08,1992-08-31,21,0.0
ZK,1992-09,1992-09-30,21,0.0
ZK,1992-10,1992-10-30,22,1.0
ZK,1992-11,1992-11-30,20,0.0
ZK,1992-12,1992-12-31,22,0.0
ZK,1993-01,1993-01-29,20,2.0
ZK,1993-02,1993-02-26,19,2.0
ZK,1993-03,1993-03-31,23,0.0
ZK,1993-04,1993-04-30,21,0.0
ZK,1993-05,1993-05-28,20,3.0
ZK,1993-06,1993-06-30,22,0.0
ZK,1993-07,1993-07-30,21,1.0
ZK,1993-08,1993-08-31,22,0.0
ZK,1993-09,1993-09-30,21,0.0
ZK,1993-10,1993-10-29,21,2.0
ZK,1993-11,1993-11-30,20,0.0
ZK,1993-12,1993-12-30,21,1.0
ZK,1994-01,1994-01-31,21,0.0
ZK,1994-02,1994-02-28,19,0.0
ZK,1994-03,1994-03-31,23,0.0
ZK,1994-04,1994-04-29,19,1.0
ZK,1994-05,1994-05-31,21,0.0
ZK,1994-06,1994-06-30,22,0.0
ZK,1994-07,1994-07-29,20,2.0
ZK,1994-08,1994-08-31,23,0.0
ZK,1994-09,1994-09-30,21,0.0
ZK,1994-10,1994-10-31,21,0.0
ZK,1994-11,1994-11-30,20,0.0
ZK,1994-12,1994-12-30,21,1.0
ZK,1995-01,1995-01-31,21,0.0
ZK,1995-02,1995-02-28,19,0.0
ZK,1995-03,1995-03-31,23,0.0
ZK,1995-04,1995-04-28,19,2.0
ZK,1995-05,1995-05-31,22,0.0
ZK,1995-06,1995-06-30,22,0.0
ZK,1995-07,1995-07-31,19,0.0
ZK,1995-08,1995-08-31,23,0.0
ZK,1995-09,1995-09-29,20,1.0
ZK,1995-10,1995-10-31,22,0.0
ZK,1995-11,1995-11-30,20,0.0
ZK,1995-12,1995-12-29,20,2.0
ZK,1996-01,1996-01-31,21,0.0
ZK,1996-02,1996-02-29,20,0.0
ZK,1996-03,1996-03-29,21,2.0
ZK,1996-04,1996-04-30,21,0.0
ZK,1996-05,1996-05-31,22,0.0
ZK,1996-06,1996-06-28,20,2.0
ZK,1996-07,1996-07-31,21,0.0
ZK,1996-08,1996-08-30,22,1.0
ZK,1996-09,1996-09-30,20,0.0
ZK,1996-10,1996-10-31,23,0.0
ZK,1996-11,1996-11-27,19,3.0
ZK,1996-12,1996-12-31,21,0.0
ZK,1997-01,1997-01-31,22,0.0
ZK,1997-02,1997-02-28,19,0.0
ZK,1997-03,1997-03-31,20,0.0
ZK,1997-04,1997-04-30,22,0.0
ZK,1997-05,1997-05-30,21,1.0
ZK,1997-06,1997-06-30,21,0.0
ZK,1997-07,1997-07-31,22,0.0
ZK,1997-08,1997-08-29,21,2.0
ZK,1997-09,1997-09-30,21,0.0
ZK,1997-10,1997-10-31,23,0.0
ZK,1997-11,1997-11-26,18,4.0
ZK,1997-12,1997-12-31,22,0.0
ZK,1998-01,1998-01-30,20,1.0
ZK,1998-02,1998-02-27,19,1.0
ZK,1998-03,1998-03-31,22,0.0
ZK,1998-04,1998-04-30,21,0.0
ZK,1998-05,1998-05-29,20,2.0
ZK,1998-06,1998-06-30,22,0.0
ZK,1998-07,1998-07-31,22,0.0
ZK,1998-08,1998-08-31,21,0.0
ZK,1998-09,1998-09-30,21,0.0
ZK,1998-10,1998-10-30,22,1.0
ZK,1998-11,1998-11-30,19,0.0
ZK,1998-12,1998-12-31,22,0.0
ZK,1999-01,1999-01-29,19,2.0
ZK,1999-02,1999-02-26,19,2.0
ZK,1999-03,1999-03-31,23,0.0
ZK,1999-04,1999-04-30,21,0.0
ZK,1999-05,1999-05-28,20,3.0
ZK,1999-06,1999-06-30,22,0.0
ZK,1999-07,1999-07-30,21,1.0
ZK,1999-08,1999-08-31,22,0.0
ZK,1999-09,1999-09-30,21,0.0
ZK,1999-10,1999-10-29,21,2.0
ZK,1999-11,1999-11-30,20,0.0
ZK,1999-12,1999-12-30,21,1.0
ZK,2000-01,2000-01-31,19,0.0
ZK,2000-02,2000-02-29,20,0.0
ZK,2000-03,2000-03-31,23,0.0
ZK,2000-04,2000-04-28,19,2.0
ZK,2000-05,2000-05-31,22,0.0
ZK,2000-06,2000-06-30,22,0.0
ZK,2000-07,2000-07-31,19,0.0
ZK,2000-08,2000-08-31,23,0.0
ZK,2000-09,2000-09-29,20,1.0
ZK,2000-10,2000-10-31,22,0.0
ZK,2000-11,2000-11-30,20,0.0
ZK,2000-12,2000-12-29,20,2.0
ZK,2001-01,2001-01-31,21,0.0
ZK,2001-02,2001-02-28,19,0.0
ZK,2001-03,2001-03-30,22,1.0
ZK,2001-04,2001-04-30,20,0.0
ZK,2001-05,2001-05-31,22,0.0
ZK,2001-06,2001-06-29,21,1.0
ZK,2001-07,2001-07-31,21,0.0
ZK,2001-08,2001-08-31,23,0.0
ZK,2001-09,2001-09-28,17,2.0
ZK,2001-10,2001-10-31,23,0.0
ZK,2001-11,2001-11-30,20,0.0
ZK,2001-12,2001-12-31,19,0.0
ZK,2002-01,2002-01-31,21,0.0
ZK,2002-02,2002-02-28,19,0.0
ZK,2002-03,2002-03-28,20,3.0
ZK,2002-04,2002-04-30,22,0.0
ZK,2002-05,2002-05-31,22,0.0
ZK,2002-06,2002-06-28,20,2.0
ZK,2002-07,2002-07-31,21,0.0
ZK,2002-08,2002-08-30,22,1.0
ZK,2002-09,2002-09-30,20,0.0
ZK,2002-10,2002-10-31,23,0.0
ZK,2002-11,2002-11-27,19,3.0
ZK,2002-12,2002-12-31,21,0.0
ZK,2003-01,2003-01-31,21,0.0
ZK,2003-02,2003-02-28,19,0.0
ZK,2003-03,2003-03-31,21,0.0
ZK,2003-04,2003-04-30,21,0.0
ZK,2003-05,2003-05-30,21,1.0
ZK,2003-06,2003-06-30,21,0.0
ZK,2003-07,2003-07-31,22,0.0
ZK,2003-08,2003-08-29,21,2.0
ZK,2003-09,2003-09-30,21,0.0
ZK,2003-10,2003-10-31,23,0.0
ZK,2003-11,2003-11-26,18,4.0
ZK,2003-12,2003-12-31,21,0.0
ZK,2004-01,2004-01-30,19,1.0
ZK,2004-02,2004-02-27,19,2.0
ZK,2004-03,2004-03-31,23,0.0
ZK,2004-04,2004-04-30,21,0.0
ZK,2004-05,2004-05-28,20,3.0
ZK,2004-06,2004-06-30,21,0.0
ZK,2004-07,2004-07-30,21,1.0
ZK,2004-08,2004-08-31,22,0.0
ZK,2004-09,2004-09-30,21,0.0
ZK,2004-10,2004-10-29,21,2.0
ZK,2004-11,2004-11-30,20,0.0
ZK,2004-12,2004-12-30,21,1.0
ZK,2005-01,2005-01-31,20,0.0
ZK,2005-02,2005-02-28,19,0.0
ZK,2005-03,2005-03-31,22,0.0
ZK,2005-04,2005-04-29,21,1.0
ZK,2005-05,2005-05-31,21,0.0
ZK,2005-06,2005-06-30,22,0.0
ZK,2005-07,2005-07-29,20,2.0
ZK,2005-08,2005-08-31,23,0.0
ZK,2005-09,2005-09-30,21,0.0
ZK,2005-10,2005-10-31,21,0.0
ZK,2005-11,2005-11-30,20,0.0
ZK,2005-12,2005-12-30,21,1.0
ZK,2006-01,2006-01-31,20,0.0
ZK,2006-02,2006-02-28,19,0.0
ZK,2006-03,2006-03-31,23,0.0
ZK,2006-04,2006-04-28,19,2.0
ZK,2006-05,2006-05-31,22,0.0
ZK,2006-06,2006-06-30,22,0.0
ZK,2006-07,2006-07-31,19,0.0
ZK,2006-08,2006-08-31,23,0.0
ZK,2006-09,2006-09-29,20,1.0
ZK,2006-10,2006-10-31,22,0.0
ZK,2006-11,2006-11-30,20,0.0
ZK,2006-12,2006-12-29,20,2.0
ZK,2007-01,2007-01-31,20,0.0
ZK,2007-02,2007-02-28,19,0.0
ZK,2007-03,2007-03-30,22,1.0
ZK,2007-04,2007-04-30,20,0.0
ZK,2007-05,2007-05-31,22,0.0
ZK,2007-06,2007-06-29,21,1.0
ZK,2007-07,2007-07-31,21,0.0
ZK,2007-08,2007-08-31,23,0.0
ZK,2007-09,2007-09-28,19,2.0
ZK,2007-10,2007-10-31,23,0.0
ZK,2007-11,2007-11-30,21,0.0
ZK,2007-12,2007-12-31,20,0.0
ZK,2008-01,2008-01-31,21,0.0
ZK,2008-02,2008-02-29,20,0.0
ZK,2008-03,2008-03-31,20,0.0
ZK,2008-04,2008-04-30,22,0.0
ZK,2008-05,2008-05-30,22,1.0
ZK,2008-06,2008-06-30,21,0.0
ZK,2008-07,2008-07-31,22,0.0
ZK,2008-08,2008-08-29,21,2.0
ZK,2008-09,2008-09-30,22,0.0
ZK,2008-10,2008-10-31,23,0.0
ZK,2008-11,2008-11-28,19,2.0
ZK,2008-12,2008-12-31,22,0.0
ZK,2009-01,2009-01-30,20,1.0
ZK,2009-02,2009-02-27,19,1.0
ZK,2009-03,2009-03-31,22,0.0
ZK,2009-04,2009-04-30,21,0.0
ZK,2009-05,2009-05-29,20,2.0
ZK,2009-06,2009-06-30,22,0.0
ZK,2009-07,2009-07-31,23,0.0
ZK,2009-08,2009-08-31,21,0.0
ZK,2009-09,2009-09-30,21,0.0
ZK,2009-10,2009-10-30,22,1.0
ZK,2009-11,2009-11-30,20,0.0
ZK,2009-12,2009-12-31,22,0.0
ZK,2010-01,2010-01-29,19,2.0
ZK,2010-02,2010-02-26,19,2.0
ZK,2010-03,2010-03-31,23,0.0
ZK,2010-04,2010-04-30,21,0.0
ZK,2010-05,2010-05-28,20,3.0
ZK,2010-06,2010-06-30,22,0.0
ZK,2010-07,2010-07-30,21,1.0
ZK,2010-08,2010-08-31,22,0.0
ZK,2010-09,2010-09-30,21,0.0
ZK,2010-10,2010-10-29,21,2.0
ZK,2010-11,2010-11-30,21,0.0
ZK,2010-12,2010-12-31,22,0.0
ZK,2011-01,2011-01-31,20,0.0
ZK,2011-02,2011-02-28,19,0.0
ZK,2011-03,2011-03-31,23,0.0
ZK,2011-04,2011-04-29,20,1.0
ZK,2011-05,2011-05-31,21,0.0
ZK,2011-06,2011-06-30,22,0.0
ZK,2011-07,2011-07-29,20,2.0
ZK,2011-08,2011-08-31,23,0.0
ZK,2011-09,2011-09-30,21,0.0
ZK,2011-10,2011-10-31,21,0.0
ZK,2011-11,2011-11-30,21,0.0
ZK,2011-12,2011-12-30,21,1.0
ZK,2012-01,2012-01-31,20,0.0
ZK,2012-02,2012-02-29,20,0.0
ZK,2012-03,2012-03-30,22,1.0
ZK,2012-04,2012-04-30,20,0.0
ZK,2012-05,2012-05-31,22,0.0
ZK,2012-06,2012-06-29,21,1.0
ZK,2012-07,2012-07-31,21,0.0
ZK,2012-08,2012-08-31,23,0.0
ZK,2012-09,2012-09-28,19,2.0
ZK,2012-10,2012-10-31,23,0.0
ZK,2012-11,2012-11-30,21,0.0
ZK,2012-12,2012-12-31,20,0.0
ZK,2013-01,2013-01-31,21,0.0
ZK,2013-02,2013-02-28,19,0.0
ZK,2013-03,2013-03-28,20,3.0
ZK,2013-04,2013-04-30,22,0.0
ZK,2013-05,2013-05-31,22,0.0
ZK,2013-06,2013-06-28,20,2.0
ZK,2013-07,2013-07-31,22,0.0
ZK,2013-08,2013-08-30,22,1.0
ZK,2013-09,2013-09-30,20,0.0
ZK,2013-10,2013-10-31,23,0.0
ZK,2013-11,2013-11-29,20,1.0
ZK,2013-12,2013-12-31,21,0.0
ZK,2014-01,2014-01-31,21,0.0
ZK,2014-02,2014-02-28,19,0.0
ZK,2014-03,2014-03-31,21,0.0
ZK,2014-04,2014-04-30,21,0.0
ZK,2014-05,2014-05-30,21,1.0
ZK,2014-06,2014-06-30,21,0.0
ZK,2014-07,2014-07-31,22,0.0
ZK,2014-08,2014-08-29,21,2.0
ZK,2014-09,2014-09-30,21,0.0
ZK,2014-10,2014-10-31,23,0.0
ZK,2014-11,2014-11-28,19,2.0
ZK,2014-12,2014-12-31,22,0.0
ZL,1969-01,1969-01-31,22,0.0
ZL,1969-02,1969-02-28,19,0.0
ZL,1969-03,1969-03-28,20,3.0
ZL,1969-04,1969-04-30,21,0.0
ZL,1969-05,1969-05-29,21,2.0
ZL,1969-06,1969-06-30,21,0.0
ZL,1969-07,1969-07-31,21,0.0
ZL,1969-08,1969-08-29,21,2.0
ZL,1969-09,1969-09-30,21,0.0
ZL,1969-10,1969-10-31,23,0.0
ZL,1969-11,1969-11-28,19,2.0
ZL,1969-12,1969-12-31,21,0.0
ZL,1970-01,1970-01-30,20,1.0
ZL,1970-02,1970-02-27,19,1.0
ZL,1970-03,1970-03-31,21,0.0
ZL,1970-04,1970-04-30,22,0.0
ZL,1970-05,1970-05-28,20,3.0
ZL,1970-06,1970-06-30,22,0.0
ZL,1970-07,1970-07-31,22,0.0
ZL,1970-08,1970-08-31,21,0.0
ZL,1970-09,1970-09-30,21,0.0
ZL,1970-10,1970-10-30,22,1.0
ZL,1970-11,1970-11-30,19,0.0
ZL,1970-12,1970-12-31,22,0.0
ZL,1971-01,1971-01-29,20,2.0
ZL,1971-02,1971-02-26,19,2.0
ZL,1971-03,1971-03-31,23,0.0
ZL,1971-04,1971-04-30,21,0.0
ZL,1971-05,1971-05-28,20,3.0
ZL,1971-06,1971-06-30,22,0.0
ZL,1971-07,1971-07-30,21,1.0
ZL,1971-08,1971-08-31,22,0.0
ZL,1971-09,1971-09-30,21,0.0
ZL,1971-10,1971-10-29,21,2.0
ZL,1971-11,1971-11-30,21,0.0
ZL,1971-12,1971-12-30,21,1.0
ZL,1972-01,1972-01-31,21,0.0
ZL,1972-02,1972-02-29,20,0.0
ZL,1972-03,1972-03-30,22,1.0
ZL,1972-04,1972-04-28,20,2.0
ZL,1972-05,1972-05-31,22,0.0
ZL,1972-06,1972-06-30,22,0.0
ZL,1972-07,1972-07-31,20,0.0
ZL,1972-08,1972-08-31,23,0.0
ZL,1972-09,1972-09-29,20,1.0
ZL,1972-10,1972-10-31,22,0.0
ZL,1972-11,1972-11-30,20,0.0
ZL,1972-12,1972-12-29,19,2.0
ZL,1973-01,1973-01-31,21,0.0
ZL,1973-02,1973-02-28,19,0.0
ZL,1973-03,1973-03-30,22,1.0
ZL,1973-04,1973-04-30,20,0.0
ZL,1973-05,1973-05-31,22,0.0
ZL,1973-06,1973-06-29,19,1.0
ZL,1973-07,1973-07-31,21,0.0
ZL,1973-08,1973-08-31,23,0.0
ZL,1973-09,1973-09-28,19,2.0
ZL,1973-10,1973-10-31,22,0.0
ZL,1973-11,1973-11-30,21,0.0
ZL,1973-12,1973-12-31,19,0.0
ZL,1974-01,1974-01-31,22,0.0
ZL,1974-02,1974-02-28,18,0.0
ZL,1974-03,1974-03-29,21,2.0
ZL,1974-04,1974-04-30,21,0.0
ZL,1974-05,1974-05-31,22,0.0
ZL,1974-06,1974-06-28,20,2.0
ZL,1974-07,1974-07-31,22,0.0
ZL,1974-08,1974-08-30,22,1.0
ZL,1974-09,1974-09-30,20,0.0
ZL,1974-10,1974-10-31,23,0.0
ZL,1974-11,1974-11-29,19,1.0
ZL,1974-12,1974-12-31,21,0.0
ZL,1975-01,1975-01-31,22,0.0
ZL,1975-02,1975-02-28,19,0.0
ZL,1975-03,1975-03-31,20,0.0
ZL,1975-04,1975-04-30,22,0.0
ZL,1975-05,1975-05-30,21,1.0
ZL,1975-06,1975-06-30,21,0.0
ZL,1975-07,1975-07-31,22,0.0
ZL,1975-08,1975-08-29,21,2.0
ZL,1975-09,1975-09-30,21,0.0
ZL,1975-10,1975-10-31,23,0.0
ZL,1975-11,1975-11-28,19,2.0
ZL,1975-12,1975-12-31,21,0.0
ZL,1976-01,1976-01-30,21,1.0
ZL,1976-02,1976-02-27,19,2.0
ZL,1976-03,1976-03-31,23,0.0
ZL,1976-04,1976-04-30,21,0.0
ZL,1976-05,1976-05-28,20,3.0
ZL,1976-06,1976-06-30,22,0.0
ZL,1976-07,1976-07-30,21,1.0
ZL,1976-08,1976-08-31,22,0.0
ZL,1976-09,1976-09-30,21,0.0
ZL,1976-10,1976-10-29,21,2.0
ZL,1976-11,1976-11-30,20,0.0
ZL,1976-12,1976-12-30,21,1.0
ZL,1977-01,1977-01-31,21,0.0
ZL,1977-02,1977-02-28,19,0.0
ZL,1977-03,1977-03-31,23,0.0
ZL,1977-04,1977-04-29,20,1.0
ZL,1977-05,1977-05-31,20,0.0
ZL,1977-06,1977-06-30,22,0.0
ZL,1977-07,1977-07-29,20,2.0
ZL,1977-08,1977-08-31,23,0.0
ZL,1977-09,1977-09-30,21,0.0
ZL,1977-10,1977-10-31,21,0.0
ZL,1977-11,1977-11-30,21,0.0
ZL,1977-12,1977-12-30,21,1.0
ZL,1978-01,1978-01-31,21,0.0
ZL,1978-02,1978-02-28,19,0.0
ZL,1978-03,1978-03-31,22,0.0
ZL,1978-04,1978-04-28,20,2.0
ZL,1978-05,1978-05-31,22,0.0
ZL,1978-06,1978-06-30,22,0.0
ZL,1978-07,1978-07-31,20,0.0
ZL,1978-08,1978-08-31,23,0.0
ZL,1978-09,1978-09-29,20,1.0
ZL,1978-10,1978-10-31,22,0.0
ZL,1978-11,1978-11-30,20,0.0
ZL,1978-12,1978-12-29,20,2.0
ZL,1979-01,1979-01-31,22,0.0
ZL,1979-02,1979-02-28,19,0.0
ZL,1979-03,1979-03-30,22,1.0
ZL,1979-04,1979-04-30,20,0.0
ZL,1979-05,1979-05-31,22,0.0
ZL,1979-06,1979-06-29,21,1.0
ZL,1979-07,1979-07-31,21,0.0
ZL,1979-08,1979-08-31,23,0.0
ZL,1979-09,1979-09-28,19,2.0
ZL,1979-10,1979-10-31,23,0.0
ZL,1979-11,1979-11-30,21,0.0
ZL,1979-12,1979-12-31,19,0.0
ZL,1980-01,1980-01-31,20,0.0
ZL,1980-02,1980-02-29,20,0.0
ZL,1980-03,1980-03-31,21,0.0
ZL,1980-04,1980-04-30,21,0.0
ZL,1980-05,1980-05-30,21,1.0
ZL,1980-06,1980-06-30,21,0.0
ZL,1980-07,1980-07-31,22,0.0
ZL,1980-08,1980-08-29,21,2.0
ZL,1980-09,1980-09-30,21,0.0
ZL,1980-10,1980-10-31,23,0.0
ZL,1980-11,1980-11-28,18,2.0
ZL,1980-12,1980-12-31,21,0.0
ZL,1981-01,1981-01-30,21,1.0
ZL,1981-02,1981-02-27,19,1.0
ZL,1981-03,1981-03-31,22,0.0
ZL,1981-04,1981-04-30,21,0.0
ZL,1981-05,1981-05-29,20,2.0
ZL,1981-06,1981-06-30,22,0.0
ZL,1981-07,1981-07-31,22,0.0
ZL,1981-08,1981-08-31,21,0.0
ZL,1981-09,1981-09-30,21,0.0
ZL,1981-10,1981-10-30,22,1.0
ZL,1981-11,1981-11-30,20,0.0
ZL,1981-12,1981-12-31,22,0.0
ZL,1982-01,1982-01-29,20,2.0
ZL,1982-02,1982-02-26,19,2.0
ZL,1982-03,1982-03-31,23,0.0
ZL,1982-04,1982-04-30,21,0.0
ZL,1982-05,1982-05-28,20,3.0
ZL,1982-06,1982-06-30,22,0.0
ZL,1982-07,1982-07-30,21,1.0
ZL,1982-08,1982-08-31,22,0.0
ZL,1982-09,1982-09-30,21,0.0
ZL,1982-10,1982-10-29,21,2.0
ZL,1982-11,1982-11-30,20,0.0
ZL,1982-12,1982-12-30,21,1.0
ZL,1983-01,1983-01-31,21,0.0
ZL,1983-02,1983-02-28,19,0.0
ZL,1983-03,1983-03-31,23,0.0
ZL,1983-04,1983-04-29,20,1.0
ZL,1983-05,1983-05-31,21,0.0
ZL,1983-06,1983-06-30,22,0.0
ZL,1983-07,1983-07-29,20,2.0
ZL,1983-08,1983-08-31,23,0.0
ZL,1983-09,1983-09-30,21,0.0
ZL,1983-10,1983-10-31,21,0.0
ZL,1983-11,1983-11-30,21,0.0
ZL,1983-12,1983-12-30,21,1.0
ZL,1984-01,1984-01-31,21,0.0
ZL,1984-02,1984-02-29,20,0.0
ZL,1984-03,1984-03-30,22,1.0
ZL,1984-04,1984-04-30,20,0.0
ZL,1984-05,1984-05-31,22,0.0
ZL,1984-06,1984-06-29,21,1.0
ZL,1984-07,1984-07-31,21,0.0
ZL,1984-08,1984-08-31,23,0.0
ZL,1984-09,1984-09-28,19,2.0
ZL,1984-10,1984-10-31,23,0.0
ZL,1984-11,1984-11-30,21,0.0
ZL,1984-12,1984-12-31,20,0.0
ZL,1985-01,1985-01-31,22,0.0
ZL,1985-02,1985-02-28,19,0.0
ZL,1985-03,1985-03-29,21,2.0
ZL,1985-04,1985-04-30,21,0.0
ZL,1985-05,1985-05-31,22,0.0
ZL,1985-06,1985-06-28,20,2.0
ZL,1985-07,1985-07-31,22,0.0
ZL,1985-08,1985-08-30,22,1.0
ZL,1985-09,1985-09-30,20,0.0
ZL,1985-10,1985-10-31,23,0.0
ZL,1985-11,1985-11-29,20,1.0
ZL,1985-12,1985-12-31,21,0.0
ZL,1986-01,1986-01-31,22,0.0
ZL,1986-02,1986-02-28,19,0.0
ZL,1986-03,1986-03-31,20,0.0
ZL,1986-04,1986-04-30,22,0.0
ZL,1986-05,1986-05-30,21,1.0
ZL,1986-06,1986-06-30,21,0.0
ZL,1986-07,1986-07-31,22,0.0
ZL,1986-08,1986-08-29,21,2.0
ZL,1986-09,1986-09-30,21,0.0
ZL,1986-10,1986-10-31,23,0.0
ZL,1986-11,1986-11-28,19,2.0
ZL,1986-12,1986-12-31,22,0.0
ZL,1987-01,1987-01-30,21,1.0
ZL,1987-02,1987-02-27,19,1.0
ZL,1987-03,1987-03-31,22,0.0
ZL,1987-04,1987-04-30,21,0.0
ZL,1987-05,1987-05-29,20,2.0
ZL,1987-06,1987-06-30,22,0.0
ZL,1987-07,1987-07-31,22,0.0
ZL,1987-08,1987-08-31,21,0.0
ZL,1987-09,1987-09-30,21,0.0
ZL,1987-10,1987-10-30,22,1.0
ZL,1987-11,1987-11-30,20,0.0
ZL,1987-12,1987-12-31,22,0.0
ZL,1988-01,1988-01-29,20,2.0
ZL,1988-02,1988-02-29,20,0.0
ZL,1988-03,1988-03-31,23,0.0
ZL,1988-04,1988-04-29,20,1.0
ZL,1988-05,1988-05-31,21,0.0
ZL,1988-06,1988-06-30,22,0.0
ZL,1988-07,1988-07-29,20,2.0
ZL,1988-08,1988-08-31,23,0.0
ZL,1988-09,1988-09-30,21,0.0
ZL,1988-10,1988-10-31,21,0.0
ZL,1988-11,1988-11-30,21,0.0
ZL,1988-12,1988-12-30,21,1.0
ZL,1989-01,1989-01-31,21,0.0
ZL,1989-02,1989-02-28,19,0.0
ZL,1989-03,1989-03-31,22,0.0
ZL,1989-04,1989-04-28,20,2.0
ZL,1989-05,1989-05-31,22,0.0
ZL,1989-06,1989-06-30,22,0.0
ZL,1989-07,1989-07-31,20,0.0
ZL,1989-08,1989-08-31,23,0.0
ZL,1989-09,1989-09-29,20,1.0
ZL,1989-10,1989-10-31,22,0.0
ZL,1989-11,1989-11-30,21,0.0
ZL,1989-12,1989-12-29,20,2.0
ZL,1990-01,1990-01-31,22,0.0
ZL,1990-02,1990-02-28,19,0.0
ZL,1990-03,1990-03-30,22,1.0
ZL,1990-04,1990-04-30,20,0.0
ZL,1990-05,1990-05-31,22,0.0
ZL,1990-06,1990-06-29,21,1.0
ZL,1990-07,1990-07-31,21,0.0
ZL,1990-08,1990-08-31,23,0.0
ZL,1990-09,1990-09-28,19,2.0
ZL,1990-10,1990-10-31,23,0.0
ZL,1990-11,1990-11-30,21,0.0
ZL,1990-12,1990-12-31,20,0.0
ZL,1991-01,1991-01-31,22,0.0
ZL,1991-02,1991-02-28,19,0.0
ZL,1991-03,1991-03-28,20,3.0
ZL,1991-04,1991-04-30,22,0.0
ZL,1991-05,1991-05-31,22,0.0
ZL,1991-06,1991-06-28,20,2.0
ZL,1991-07,1991-07-31,22,0.0
ZL,1991-08,1991-08-30,22,1.0
ZL,1991-09,1991-09-30,20,0.0
ZL,1991-10,1991-10-31,23,0.0
ZL,1991-11,1991-11-29,20,1.0
ZL,1991-12,1991-12-31,21,0.0
ZL,1992-01,1992-01-31,22,0.0
ZL,1992-02,1992-02-28,19,1.0
ZL,1992-03,1992-03-31,22,0.0
ZL,1992-04,1992-04-30,19,0.0
ZL,1992-05,1992-05-29,20,2.0
ZL,1992-06,1992-06-30,22,0.0
ZL,1992-07,1992-07-31,22,0.0
ZL,1992-08,1992-08-31,21,0.0
ZL,1992-09,1992-09-30,21,0.0
ZL,1992-10,1992-10-30,22,1.0
ZL,1992-11,1992-11-30,20,0.0
ZL,1992-12,1992-12-31,22,0.0
ZL,1993-01,1993-01-29,20,2.0
ZL,1993-02,1993-02-26,19,2.0
ZL,1993-03,1993-03-31,23,0.0
ZL,1993-04,1993-04-30,21,0.0
ZL,1993-05,1993-05-28,20,3.0
ZL,1993-06,1993-06-30,22,0.0
ZL,1993-07,1993-07-30,21,1.0
ZL,1993-08,1993-08-31,22,0.0
ZL,1993-09,1993-09-30,21,0.0
ZL,1993-10,1993-10-29,21,2.0
ZL,1993-11,1993-11-30,21,0.0
ZL,1993-12,1993-12-30,21,1.0
ZL,1994-01,1994-01-31,21,0.0
ZL,1994-02,1994-02-28,19,0.0
ZL,1994-03,1994-03-31,23,0.0
ZL,1994-04,1994-04-29,19,1.0
ZL,1994-05,1994-05-31,21,0.0
ZL,1994-06,1994-06-30,22,0.0
ZL,1994-07,1994-07-29,20,2.0
ZL,1994-08,1994-08-31,23,0.0
ZL,1994-09,1994-09-30,21,0.0
ZL,1994-10,1994-10-31,21,0.0
ZL,1994-11,1994-11-30,21,0.0
ZL,1994-12,1994-12-30,21,1.0
ZL,1995-01,1995-01-31,21,0.0
ZL,1995-02,1995-02-28,19,0.0
ZL,1995-03,1995-03-31,23,0.0
ZL,1995-04,1995-04-28,19,2.0
ZL,1995-05,1995-05-31,22,0.0
ZL,1995-06,1995-06-30,22,0.0
ZL,1995-07,1995-07-31,20,0.0
ZL,1995-08,1995-08-31,23,0.0
ZL,1995-09,1995-09-29,20,1.0
ZL,1995-10,1995-10-31,22,0.0
ZL,1995-11,1995-11-30,21,0.0
ZL,1995-12,1995-12-29,20,2.0
ZL,1996-01,1996-01-31,22,0.0
ZL,1996-02,1996-02-29,20,0.0
ZL,1996-03,1996-03-29,21,2.0
ZL,1996-04,1996-04-30,21,0.0
ZL,1996-05,1996-05-31,22,0.0
ZL,1996-06,1996-06-28,20,2.0
ZL,1996-07,1996-07-31,22,0.0
ZL,1996-08,1996-08-30,22,1.0
ZL,1996-09,1996-09-30,20,0.0
ZL,1996-10,1996-10-31,23,0.0
ZL,1996-11,1996-11-29,20,1.0
ZL,1996-12,1996-12-31,21,0.0
ZL,1997-01,1997-01-31,22,0.0
ZL,1997-02,1997-02-28,19,0.0
ZL,1997-03,1997-03-31,20,0.0
ZL,1997-04,1997-04-30,22,0.0
ZL,1997-05,1997-05-30,21,1.0
ZL,1997-06,1997-06-30,21,0.0
ZL,1997-07,1997-07-31,22,0.0
ZL,1997-08,1997-08-29,21,2.0
ZL,1997-09,1997-09-30,21,0.0
ZL,1997-10,1997-10-31,23,0.0
ZL,1997-11,1997-11-28,19,2.0
ZL,1997-12,1997-12-31,22,0.0
ZL,1998-01,1998-01-30,20,1.0
ZL,1998-02,1998-02-27,19,1.0
ZL,1998-03,1998-03-31,22,0.0
ZL,1998-04,1998-04-30,21,0.0
ZL,1998-05,1998-05-29,20,2.0
ZL,1998-06,1998-06-30,22,0.0
ZL,1998-07,1998-07-31,22,0.0
ZL,1998-08,1998-08-31,21,0.0
ZL,1998-09,1998-09-30,21,0.0
ZL,1998-10,1998-10-30,22,1.0
ZL,1998-11,1998-11-30,20,0.0
ZL,1998-12,1998-12-31,22,0.0
ZL,1999-01,1999-01-29,19,2.0
ZL,1999-02,1999-02-26,19,2.0
ZL,1999-03,1999-03-31,23,0.0
ZL,1999-04,1999-04-30,21,0.0
ZL,1999-05,1999-05-28,20,3.0
ZL,1999-06,1999-06-30,22,0.0
ZL,1999-07,1999-07-30,21,1.0
ZL,1999-08,1999-08-31,22,0.0
ZL,1999-09,1999-09-30,21,0.0
ZL,1999-10,1999-10-29,21,2.0
ZL,1999-11,1999-11-30,21,0.0
ZL,1999-12,1999-12-30,21,1.0
ZL,2000-01,2000-01-31,20,0.0
ZL,2000-02,2000-02-29,20,0.0
ZL,2000-03,2000-03-31,23,0.0
ZL,2000-04,2000-04-28,19,2.0
ZL,2000-05,2000-05-31,22,0.0
ZL,2000-06,2000-06-30,22,0.0
ZL,2000-07,2000-07-31,20,0.0
ZL,2000-08,2000-08-31,23,0.0
ZL,2000-09,2000-09-29,20,1.0
ZL,2000-10,2000-10-31,22,0.0
ZL,2000-11,2000-11-30,21,0.0
ZL,2000-12,2000-12-29,20,2.0
ZL,2001-01,2001-01-31,21,0.0
ZL,2001-02,2001-02-28,19,0.0
ZL,2001-03,2001-03-30,22,1.0
ZL,2001-04,2001-04-30,20,0.0
ZL,2001-05,2001-05-31,22,0.0
ZL,2001-06,2001-06-29,21,1.0
ZL,2001-07,2001-07-31,21,0.0
ZL,2001-08,2001-08-31,23,0.0
ZL,2001-09,2001-09-28,17,2.0
ZL,2001-10,2001-10-31,23,0.0
ZL,2001-11,2001-11-30,21,0.0
ZL,2001-12,2001-12-31,19,0.0
ZL,2002-01,2002-01-31,21,0.0
ZL,2002-02,2002-02-28,19,0.0
ZL,2002-03,2002-03-28,20,3.0
ZL,2002-04,2002-04-30,22,0.0
ZL,2002-05,2002-05-31,22,0.0
ZL,2002-06,2002-06-28,20,2.0
ZL,2002-07,2002-07-31,22,0.0
ZL,2002-08,2002-08-30,22,1.0
ZL,2002-09,2002-09-30,20,0.0
ZL,2002-10,2002-10-31,23,0.0
ZL,2002-11,2002-11-29,20,1.0
ZL,2002-12,2002-12-31,20,0.0
ZL,2003-01,2003-01-31,21,0.0
ZL,2003-02,2003-02-28,19,0.0
ZL,2003-03,2003-03-31,21,0.0
ZL,2003-04,2003-04-30,21,0.0
ZL,2003-05,2003-05-30,21,1.0
ZL,2003-06,2003-06-30,21,0.0
ZL,2003-07,2003-07-31,22,0.0
ZL,2003-08,2003-08-29,21,2.0
ZL,2003-09,2003-09-30,21,0.0
ZL,2003-10,2003-10-31,23,0.0
ZL,2003-11,2003-11-28,19,2.0
ZL,2003-12,2003-12-31,22,0.0
ZL,2004-01,2004-01-30,20,1.0
ZL,2004-02,2004-02-27,19,2.0
ZL,2004-03,2004-03-31,23,0.0
ZL,2004-04,2004-04-30,21,0.0
ZL,2004-05,2004-05-28,20,3.0
ZL,2004-06,2004-06-30,21,0.0
ZL,2004-07,2004-07-30,21,1.0
ZL,2004-08,2004-08-31,22,0.0
ZL,2004-09,2004-09-30,21,0.0
ZL,2004-10,2004-10-29,21,2.0
ZL,2004-11,2004-11-30,21,0.0
ZL,2004-12,2004-12-30,21,1.0
ZL,2005-01,2005-01-31,20,0.0
ZL,2005-02,2005-02-28,19,0.0
ZL,2005-03,2005-03-31,22,0.0
ZL,2005-04,2005-04-29,21,1.0
ZL,2005-05,2005-05-31,21,0.0
ZL,2005-06,2005-06-30,22,0.0
ZL,2005-07,2005-07-29,20,2.0
ZL,2005-08,2005-08-31,23,0.0
ZL,2005-09,2005-09-30,21,0.0
ZL,2005-10,2005-10-31,21,0.0
ZL,2005-11,2005-11-30,21,0.0
ZL,2005-12,2005-12-30,21,1.0
ZL,2006-01,2006-01-31,20,0.0
ZL,2006-02,2006-02-28,19,0.0
ZL,2006-03,2006-03-31,23,0.0
ZL,2006-04,2006-04-28,19,2.0
ZL,2006-05,2006-05-31,22,0.0
ZL,2006-06,2006-06-30,22,0.0
ZL,2006-07,2006-07-31,20,0.0
ZL,2006-08,2006-08-31,23,0.0
ZL,2006-09,2006-09-29,20,1.0
ZL,2006-10,2006-10-31,22,0.0
ZL,2006-11,2006-11-30,21,0.0
ZL,2006-12,2006-12-29,20,2.0
ZL,2007-01,2007-01-31,20,0.0
ZL,2007-02,2007-02-28,19,0.0
ZL,2007-03,2007-03-30,22,1.0
ZL,2007-04,2007-04-30,20,0.0
ZL,2007-05,2007-05-31,22,0.0
ZL,2007-06,2007-06-29,21,1.0
ZL,2007-07,2007-07-31,21,0.0
ZL,2007-08,2007-08-31,23,0.0
ZL,2007-09,2007-09-28,19,2.0
ZL,2007-10,2007-10-31,23,0.0
ZL,2007-11,2007-11-30,21,0.0
ZL,2007-12,2007-12-31,20,0.0
ZL,2008-01,2008-01-31,21,0.0
ZL,2008-02,2008-02-29,20,0.0
ZL,2008-03,2008-03-31,20,0.0
ZL,2008-04,2008-04-30,22,0.0
ZL,2008-05,2008-05-30,21,1.0
ZL,2008-06,2008-06-30,21,0.0
ZL,2008-07,2008-07-31,22,0.0
ZL,2008-08,2008-08-29,21,2.0
ZL,2008-09,2008-09-30,21,0.0
ZL,2008-10,2008-10-31,23,0.0
ZL,2008-11,2008-11-28,19,2.0
ZL,2008-12,2008-12-31,22,0.0
ZL,2009-01,2009-01-30,20,1.0
ZL,2009-02,2009-02-27,19,1.0
ZL,2009-03,2009-03-31,22,0.0
ZL,2009-04,2009-04-30,21,0.0
ZL,2009-05,2009-05-29,20,2.0
ZL,2009-06,2009-06-30,22,0.0
ZL,2009-07,2009-07-31,23,0.0
ZL,2009-08,2009-08-31,21,0.0
ZL,2009-09,2009-09-30,21,0.0
ZL,2009-10,2009-10-30,22,1.0
ZL,2009-11,2009-11-30,20,0.0
ZL,2009-12,2009-12-31,22,0.0
ZL,2010-01,2010-01-29,19,2.0
ZL,2010-02,2010-02-26,19,2.0
ZL,2010-03,2010-03-31,23,0.0
ZL,2010-04,2010-04-30,21,0.0
ZL,2010-05,2010-05-28,20,3.0
ZL,2010-06,2010-06-30,22,0.0
ZL,2010-07,2010-07-30,21,1.0
ZL,2010-08,2010-08-31,22,0.0
ZL,2010-09,2010-09-30,21,0.0
ZL,2010-10,2010-10-29,21,2.0
ZL,2010-11,2010-11-30,21,0.0
ZL,2010-12,2010-12-31,22,0.0
ZL,2011-01,2011-01-31,20,0.0
ZL,2011-02,2011-02-28,19,0.0
ZL,2011-03,2011-03-31,23,0.0
ZL,2011-04,2011-04-29,20,1.0
ZL,2011-05,2011-05-31,21,0.0
ZL,2011-06,2011-06-30,22,0.0
ZL,2011-07,2011-07-29,20,2.0
ZL,2011-08,2011-08-31,23,0.0
ZL,2011-09,2011-09-30,21,0.0
ZL,2011-10,2011-10-31,21,0.0
ZL,2011-11,2011-11-30,21,0.0
ZL,2011-12,2011-12-30,21,1.0
ZL,2012-01,2012-01-31,20,0.0
ZL,2012-02,2012-02-29,20,0.0
ZL,2012-03,2012-03-30,22,1.0
ZL,2012-04,2012-04-30,20,0.0
ZL,2012-05,2012-05-31,22,0.0
ZL,2012-06,2012-06-29,21,1.0
ZL,2012-07,2012-07-31,21,0.0
ZL,2012-08,2012-08-31,23,0.0
ZL,2012-09,2012-09-28,19,2.0
ZL,2012-10,2012-10-31,23,0.0
ZL,2012-11,2012-11-30,21,0.0
ZL,2012-12,2012-12-31,20,0.0
ZL,2013-01,2013-01-31,21,0.0
ZL,2013-02,2013-02-28,19,0.0
ZL,2013-03,2013-03-28,20,3.0
ZL,2013-04,2013-04-30,22,0.0
ZL,2013-05,2013-05-31,22,0.0
ZL,2013-06,2013-06-28,20,2.0
ZL,2013-07,2013-07-31,22,0.0
ZL,2013-08,2013-08-30,22,1.0
ZL,2013-09,2013-09-30,20,0.0
ZL,2013-10,2013-10-31,23,0.0
ZL,2013-11,2013-11-29,20,1.0
ZL,2013-12,2013-12-31,21,0.0
ZL,2014-01,2014-01-31,21,0.0
ZL,2014-02,2014-02-28,19,0.0
ZL,2014-03,2014-03-31,21,0.0
ZL,2014-04,2014-04-30,21,0.0
ZL,2014-05,2014-05-30,21,1.0
ZL,2014-06,2014-06-30,21,0.0
ZL,2014-07,2014-07-31,22,0.0
ZL,2014-08,2014-08-29,21,2.0
ZL,2014-09,2014-09-30,21,0.0
ZL,2014-10,2014-10-31,23,0.0
ZL,2014-11,2014-11-28,19,2.0
ZL,2014-12,2014-12-31,22,0.0
ZM,1969-01,1969-01-31,22,0.0
ZM,1969-02,1969-02-28,19,0.0
ZM,1969-03,1969-03-28,20,3.0
ZM,1969-04,1969-04-30,21,0.0
ZM,1969-05,1969-05-29,21,2.0
ZM,1969-06,1969-06-30,21,0.0
ZM,1969-07,1969-07-31,21,0.0
ZM,1969-08,1969-08-29,21,2.0
ZM,1969-09,1969-09-30,21,0.0
ZM,1969-10,1969-10-31,23,0.0
ZM,1969-11,1969-11-28,19,2.0
ZM,1969-12,1969-12-31,21,0.0
ZM,1970-01,1970-01-30,20,1.0
ZM,1970-02,1970-02-27,19,1.0
ZM,1970-03,1970-03-31,21,0.0
ZM,1970-04,1970-04-30,22,0.0
ZM,1970-05,1970-05-28,20,3.0
ZM,1970-06,1970-06-30,22,0.0
ZM,1970-07,1970-07-31,22,0.0
ZM,1970-08,1970-08-31,21,0.0
ZM,1970-09,1970-09-30,21,0.0
ZM,1970-10,1970-10-30,22,1.0
ZM,1970-11,1970-11-30,19,0.0
ZM,1970-12,1970-12-31,22,0.0
ZM,1971-01,1971-01-29,20,2.0
ZM,1971-02,1971-02-26,19,2.0
ZM,1971-03,1971-03-31,23,0.0
ZM,1971-04,1971-04-30,21,0.0
ZM,1971-05,1971-05-28,20,3.0
ZM,1971-06,1971-06-30,22,0.0
ZM,1971-07,1971-07-30,21,1.0
ZM,1971-08,1971-08-31,22,0.0
ZM,1971-09,1971-09-30,21,0.0
ZM,1971-10,1971-10-29,21,2.0
ZM,1971-11,1971-11-30,21,0.0
ZM,1971-12,1971-12-30,21,1.0
ZM,1972-01,1972-01-31,21,0.0
ZM,1972-02,1972-02-29,20,0.0
ZM,1972-03,1972-03-30,22,1.0
ZM,1972-04,1972-04-28,20,2.0
ZM,1972-05,1972-05-31,22,0.0
ZM,1972-06,1972-06-30,22,0.0
ZM,1972-07,1972-07-31,20,0.0
ZM,1972-08,1972-08-31,23,0.0
ZM,1972-09,1972-09-29,20,1.0
ZM,1972-10,1972-10-31,22,0.0
ZM,1972-11,1972-11-30,20,0.0
ZM,1972-12,1972-12-29,19,2.0
ZM,1973-01,1973-01-31,21,0.0
ZM,1973-02,1973-02-28,19,0.0
ZM,1973-03,1973-03-30,22,1.0
ZM,1973-04,1973-04-30,20,0.0
ZM,1973-05,1973-05-31,22,0.0
ZM,1973-06,1973-06-29,19,1.0
ZM,1973-07,1973-07-31,21,0.0
ZM,1973-08,1973-08-31,23,0.0
ZM,1973-09,1973-09-28,19,2.0
ZM,1973-10,1973-10-31,22,0.0
ZM,1973-11,1973-11-30,21,0.0
ZM,1973-12,1973-12-31,19,0.0
ZM,1974-01,1974-01-31,22,0.0
ZM,1974-02,1974-02-28,18,0.0
ZM,1974-03,1974-03-29,21,2.0
ZM,1974-04,1974-04-30,21,0.0
ZM,1974-05,1974-05-31,22,0.0
ZM,1974-06,1974-06-28,20,2.0
ZM,1974-07,1974-07-31,22,0.0
ZM,1974-08,1974-08-30,22,1.0
ZM,1974-09,1974-09-30,20,0.0
ZM,1974-10,1974-10-31,23,0.0
ZM,1974-11,1974-11-29,19,1.0
ZM,1974-12,1974-12-31,21,0.0
ZM,1975-01,1975-01-31,22,0.0
ZM,1975-02,1975-02-28,19,0.0
ZM,1975-03,1975-03-31,20,0.0
ZM,1975-04,1975-04-30,22,0.0
ZM,1975-05,1975-05-30,21,1.0
ZM,1975-06,1975-06-30,21,0.0
ZM,1975-07,1975-07-31,22,0.0
ZM,1975-08,1975-08-29,21,2.0
ZM,1975-09,1975-09-30,21,0.0
ZM,1975-10,1975-10-31,23,0.0
ZM,1975-11,1975-11-28,19,2.0
ZM,1975-12,1975-12-31,21,0.0
ZM,1976-01,1976-01-30,21,1.0
ZM,1976-02,1976-02-27,19,2.0
ZM,1976-03,1976-03-31,23,0.0
ZM,1976-04,1976-04-30,21,0.0
ZM,1976-05,1976-05-28,20,3.0
ZM,1976-06,1976-06-30,22,0.0
ZM,1976-07,1976-07-30,21,1.0
ZM,1976-08,1976-08-31,22,0.0
ZM,1976-09,1976-09-30,21,0.0
ZM,1976-10,1976-10-29,21,2.0
ZM,1976-11,1976-11-30,20,0.0
ZM,1976-12,1976-12-30,21,1.0
ZM,1977-01,1977-01-31,21,0.0
ZM,1977-02,1977-02-28,19,0.0
ZM,1977-03,1977-03-31,23,0.0
ZM,1977-04,1977-04-29,20,1.0
ZM,1977-05,1977-05-31,20,0.0
ZM,1977-06,1977-06-30,22,0.0
ZM,1977-07,1977-07-29,20,2.0
ZM,1977-08,1977-08-31,23,0.0
ZM,1977-09,1977-09-30,21,0.0
ZM,1977-10,1977-10-31,21,0.0
ZM,1977-11,1977-11-30,21,0.0
ZM,1977-12,1977-12-30,21,1.0
ZM,1978-01,1978-01-31,21,0.0
ZM,1978-02,1978-02-28,19,0.0
ZM,1978-03,1978-03-31,22,0.0
ZM,1978-04,1978-04-28,20,2.0
ZM,1978-05,1978-05-31,22,0.0
ZM,1978-06,1978-06-30,22,0.0
ZM,1978-07,1978-07-31,20,0.0
ZM,1978-08,1978-08-31,23,0.0
ZM,1978-09,1978-09-29,20,1.0
ZM,1978-10,1978-10-31,22,0.0
ZM,1978-11,1978-11-30,20,0.0
ZM,1978-12,1978-12-29,20,2.0
ZM,1979-01,1979-01-31,22,0.0
ZM,1979-02,1979-02-28,19,0.0
ZM,1979-03,1979-03-30,22,1.0
ZM,1979-04,1979-04-30,20,0.0
ZM,1979-05,1979-05-31,22,0.0
ZM,1979-06,1979-06-29,21,1.0
ZM,1979-07,1979-07-31,21,0.0
ZM,1979-08,1979-08-31,23,0.0
ZM,1979-09,1979-09-28,19,2.0
ZM,1979-10,1979-10-31,23,0.0
ZM,1979-11,1979-11-30,21,0.0
ZM,1979-12,1979-12-31,19,0.0
ZM,1980-01,1980-01-31,20,0.0
ZM,1980-02,1980-02-29,20,0.0
ZM,1980-03,1980-03-31,21,0.0
ZM,1980-04,1980-04-30,21,0.0
ZM,1980-05,1980-05-30,21,1.0
ZM,1980-06,1980-06-30,21,0.0
ZM,1980-07,1980-07-31,22,0.0
ZM,1980-08,1980-08-29,21,2.0
ZM,1980-09,1980-09-30,21,0.0
ZM,1980-10,1980-10-31,23,0.0
ZM,1980-11,1980-11-28,18,2.0
ZM,1980-12,1980-12-31,21,0.0
ZM,1981-01,1981-01-30,21,1.0
ZM,1981-02,1981-02-27,19,1.0
ZM,1981-03,1981-03-31,22,0.0
ZM,1981-04,1981-04-30,21,0.0
ZM,1981-05,1981-05-29,20,2.0
ZM,1981-06,1981-06-30,22,0.0
ZM,1981-07,1981-07-31,22,0.0
ZM,1981-08,1981-08-31,21,0.0
ZM,1981-09,1981-09-30,21,0.0
ZM,1981-10,1981-10-30,22,1.0
ZM,1981-11,1981-11-30,20,0.0
ZM,1981-12,1981-12-31,22,0.0
ZM,1982-01,1982-01-29,20,2.0
ZM,1982-02,1982-02-26,19,2.0
ZM,1982-03,1982-03-31,23,0.0
ZM,1982-04,1982-04-30,21,0.0
ZM,1982-05,1982-05-28,20,3.0
ZM,1982-06,1982-06-30,22,0.0
ZM,1982-07,1982-07-30,21,1.0
ZM,1982-08,1982-08-31,22,0.0
ZM,1982-09,1982-09-30,21,0.0
ZM,1982-10,1982-10-29,21,2.0
ZM,1982-11,1982-11-30,20,0.0
ZM,1982-12,1982-12-30,21,1.0
ZM,1983-01,1983-01-31,21,0.0
ZM,1983-02,1983-02-28,19,0.0
ZM,1983-03,1983-03-31,23,0.0
ZM,1983-04,1983-04-29,20,1.0
ZM,1983-05,1983-05-31,21,0.0
ZM,1983-06,1983-06-30,22,0.0
ZM,1983-07,1983-07-29,20,2.0
ZM,1983-08,1983-08-31,23,0.0
ZM,1983-09,1983-09-30,21,0.0
ZM,1983-10,1983-10-31,21,0.0
ZM,1983-11,1983-11-30,21,0.0
ZM,1983-12,1983-12-30,21,1.0
ZM,1984-01,1984-01-31,21,0.0
ZM,1984-02,1984-02-29,20,0.0
ZM,1984-03,1984-03-30,22,1.0
ZM,1984-04,1984-04-30,20,0.0
ZM,1984-05,1984-05-31,22,0.0
ZM,1984-06,1984-06-29,21,1.0
ZM,1984-07,1984-07-31,21,0.0
ZM,1984-08,1984-08-31,23,0.0
ZM,1984-09,1984-09-28,19,2.0
ZM,1984-10,1984-10-31,23,0.0
ZM,1984-11,1984-11-30,21,0.0
ZM,1984-12,1984-12-31,20,0.0
ZM,1985-01,1985-01-31,22,0.0
ZM,1985-02,1985-02-28,19,0.0
ZM,1985-03,1985-03-29,21,2.0
ZM,1985-04,1985-04-30,21,0.0
ZM,1985-05,1985-05-31,22,0.0
ZM,1985-06,1985-06-28,20,2.0
ZM,1985-07,1985-07-31,22,0.0
ZM,1985-08,1985-08-30,22,1.0
ZM,1985-09,1985-09-30,20,0.0
ZM,1985-10,1985-10-31,23,0.0
ZM,1985-11,1985-11-29,20,1.0
ZM,1985-12,1985-12-31,21,0.0
ZM,1986-01,1986-01-31,22,0.0
ZM,1986-02,1986-02-28,19,0.0
ZM,1986-03,1986-03-31,20,0.0
ZM,1986-04,1986-04-30,22,0.0
ZM,1986-05,1986-05-30,21,1.0
ZM,1986-06,1986-06-30,21,0.0
ZM,1986-07,1986-07-31,22,0.0
ZM,1986-08,1986-08-29,21,2.0
ZM,1986-09,1986-09-30,21,0.0
ZM,1986-10,1986-10-31,23,0.0
ZM,1986-11,1986-11-28,19,2.0
ZM,1986-12,1986-12-31,22,0.0
ZM,1987-01,1987-01-30,21,1.0
ZM,1987-02,1987-02-27,19,1.0
ZM,1987-03,1987-03-31,22,0.0
ZM,1987-04,1987-04-30,21,0.0
ZM,1987-05,1987-05-29,20,2.0
ZM,1987-06,1987-06-30,22,0.0
ZM,1987-07,1987-07-31,22,0.0
ZM,1987-08,1987-08-31,21,0.0
ZM,1987-09,1987-09-30,21,0.0
ZM,1987-10,1987-10-30,22,1.0
ZM,1987-11,1987-11-30,20,0.0
ZM,1987-12,1987-12-31,22,0.0
ZM,1988-01,1988-01-29,20,2.0
ZM,1988-02,1988-02-29,20,0.0
ZM,1988-03,1988-03-31,23,0.0
ZM,1988-04,1988-04-29,20,1.0
ZM,1988-05,1988-05-31,21,0.0
ZM,1988-06,1988-06-30,22,0.0
ZM,1988-07,1988-07-29,20,2.0
ZM,1988-08,1988-08-31,23,0.0
ZM,1988-09,1988-09-30,21,0.0
ZM,1988-10,1988-10-31,21,0.0
ZM,1988-11,1988-11-30,21,0.0
ZM,1988-12,1988-12-30,21,1.0
ZM,1989-01,1989-01-31,21,0.0
ZM,1989-02,1989-02-28,19,0.0
ZM,1989-03,1989-03-31,22,0.0
ZM,1989-04,1989-04-28,20,2.0
ZM,1989-05,1989-05-31,22,0.0
ZM,1989-06,1989-06-30,22,0.0
ZM,1989-07,1989-07-31,20,0.0
ZM,1989-08,1989-08-31,23,0.0
ZM,1989-09,1989-09-29,20,1.0
ZM,1989-10,1989-10-31,22,0.0
ZM,1989-11,1989-11-30,21,0.0
ZM,1989-12,1989-12-29,20,2.0
ZM,1990-01,1990-01-31,22,0.0
ZM,1990-02,1990-02-28,19,0.0
ZM,1990-03,1990-03-30,22,1.0
ZM,1990-04,1990-04-30,20,0.0
ZM,1990-05,1990-05-31,22,0.0
ZM,1990-06,1990-06-29,21,1.0
ZM,1990-07,1990-07-31,21,0.0
ZM,1990-08,1990-08-31,23,0.0
ZM,1990-09,1990-09-28,19,2.0
ZM,1990-10,1990-10-31,23,0.0
ZM,1990-11,1990-11-30,21,0.0
ZM,1990-12,1990-12-31,20,0.0
ZM,1991-01,1991-01-31,22,0.0
ZM,1991-02,1991-02-28,19,0.0
ZM,1991-03,1991-03-28,20,3.0
ZM,1991-04,1991-04-30,22,0.0
ZM,1991-05,1991-05-31,22,0.0
ZM,1991-06,1991-06-28,20,2.0
ZM,1991-07,1991-07-31,22,0.0
ZM,1991-08,1991-08-30,22,1.0
ZM,1991-09,1991-09-30,20,0.0
ZM,1991-10,1991-10-31,23,0.0
ZM,1991-11,1991-11-29,20,1.0
ZM,1991-12,1991-12-31,21,0.0
ZM,1992-01,1992-01-31,22,0.0
ZM,1992-02,1992-02-28,19,1.0
ZM,1992-03,1992-03-31,22,0.0
ZM,1992-04,1992-04-30,19,0.0
ZM,1992-05,1992-05-29,20,2.0
ZM,1992-06,1992-06-30,22,0.0
ZM,1992-07,1992-07-31,22,0.0
ZM,1992-08,1992-08-31,21,0.0
ZM,1992-09,1992-09-30,21,0.0
ZM,1992-10,1992-10-30,22,1.0
ZM,1992-11,1992-11-30,20,0.0
ZM,1992-12,1992-12-31,22,0.0
ZM,1993-01,1993-01-29,20,2.0
ZM,1993-02,1993-02-26,19,2.0
ZM,1993-03,1993-03-31,23,0.0
ZM,1993-04,1993-04-30,21,0.0
ZM,1993-05,1993-05-28,20,3.0
ZM,1993-06,1993-06-30,22,0.0
ZM,1993-07,1993-07-30,21,1.0
ZM,1993-08,1993-08-31,22,0.0
ZM,1993-09,1993-09-30,21,0.0
ZM,1993-10,1993-10-29,21,2.0
ZM,1993-11,1993-11-30,21,0.0
ZM,1993-12,1993-12-30,21,1.0
ZM,1994-01,1994-01-31,21,0.0
ZM,1994-02,1994-02-28,19,0.0
ZM,1994-03,1994-03-31,23,0.0
ZM,1994-04,1994-04-29,19,1.0
ZM,1994-05,1994-05-31,21,0.0
ZM,1994-06,1994-06-30,22,0.0
ZM,1994-07,1994-07-29,20,2.0
ZM,1994-08,1994-08-31,23,0.0
ZM,1994-09,1994-09-30,21,0.0
ZM,1994-10,1994-10-31,21,0.0
ZM,1994-11,1994-11-30,21,0.0
ZM,1994-12,1994-12-30,21,1.0
ZM,1995-01,1995-01-31,21,0.0
ZM,1995-02,1995-02-28,19,0.0
ZM,1995-03,1995-03-31,23,0.0
ZM,1995-04,1995-04-28,19,2.0
ZM,1995-05,1995-05-31,22,0.0
ZM,1995-06,1995-06-30,22,0.0
ZM,1995-07,1995-07-31,20,0.0
ZM,1995-08,1995-08-31,23,0.0
ZM,1995-09,1995-09-29,20,1.0
ZM,1995-10,1995-10-31,22,0.0
ZM,1995-11,1995-11-30,21,0.0
ZM,1995-12,1995-12-29,20,2.0
ZM,1996-01,1996-01-31,22,0.0
ZM,1996-02,1996-02-29,20,0.0
ZM,1996-03,1996-03-29,21,2.0
ZM,1996-04,1996-04-30,21,0.0
ZM,1996-05,1996-05-31,22,0.0
ZM,1996-06,1996-06-28,20,2.0
ZM,1996-07,1996-07-31,22,0.0
ZM,1996-08,1996-08-30,22,1.0
ZM,1996-09,1996-09-30,20,0.0
ZM,1996-10,1996-10-31,23,0.0
ZM,1996-11,1996-11-29,20,1.0
ZM,1996-12,1996-12-31,21,0.0
ZM,1997-01,1997-01-31,22,0.0
ZM,1997-02,1997-02-28,19,0.0
ZM,1997-03,1997-03-31,20,0.0
ZM,1997-04,1997-04-30,22,0.0
ZM,1997-05,1997-05-30,21,1.0
ZM,1997-06,1997-06-30,21,0.0
ZM,1997-07,1997-07-31,22,0.0
ZM,1997-08,1997-08-29,21,2.0
ZM,1997-09,1997-09-30,21,0.0
ZM,1997-10,1997-10-31,23,0.0
ZM,1997-11,1997-11-28,19,2.0
ZM,1997-12,1997-12-31,22,0.0
ZM,1998-01,1998-01-30,20,1.0
ZM,1998-02,1998-02-27,19,1.0
ZM,1998-03,1998-03-31,22,0.0
ZM,1998-04,1998-04-30,21,0.0
ZM,1998-05,1998-05-29,20,2.0
ZM,1998-06,1998-06-30,22,0.0
ZM,1998-07,1998-07-31,22,0.0
ZM,1998-08,1998-08-31,21,0.0
ZM,1998-09,1998-09-30,21,0.0
ZM,1998-10,1998-10-30,22,1.0
ZM,1998-11,1998-11-30,20,0.0
ZM,1998-12,1998-12-31,22,0.0
ZM,1999-01,1999-01-29,19,2.0
ZM,1999-02,1999-02-26,19,2.0
ZM,1999-03,1999-03-31,23,0.0
ZM,1999-04,1999-04-30,21,0.0
ZM,1999-05,1999-05-28,20,3.0
ZM,1999-06,1999-06-30,22,0.0
ZM,1999-07,1999-07-30,21,1.0
ZM,1999-08,1999-08-31,22,0.0
ZM,1999-09,1999-09-30,21,0.0
ZM,1999-10,1999-10-29,21,2.0
ZM,1999-11,1999-11-30,21,0.0
ZM,1999-12,1999-12-30,21,1.0
ZM,2000-01,2000-01-31,20,0.0
ZM,2000-02,2000-02-29,20,0.0
ZM,2000-03,2000-03-31,23,0.0
ZM,2000-04,2000-04-28,19,2.0
ZM,2000-05,2000-05-31,22,0.0
ZM,2000-06,2000-06-30,22,0.0
ZM,2000-07,2000-07-31,20,0.0
ZM,2000-08,2000-08-31,23,0.0
ZM,2000-09,2000-09-29,20,1.0
ZM,2000-10,2000-10-31,22,0.0
ZM,2000-11,2000-11-30,21,0.0
ZM,2000-12,2000-12-29,20,2.0
ZM,2001-01,2001-01-31,21,0.0
ZM,2001-02,2001-02-28,19,0.0
ZM,2001-03,2001-03-30,22,1.0
ZM,2001-04,2001-04-30,20,0.0
ZM,2001-05,2001-05-31,22,0.0
ZM,2001-06,2001-06-29,21,1.0
ZM,2001-07,2001-07-31,21,0.0
ZM,2001-08,2001-08-31,23,0.0
ZM,2001-09,2001-09-28,17,2.0
ZM,2001-10,2001-10-31,23,0.0
ZM,2001-11,2001-11-30,21,0.0
ZM,2001-12,2001-12-31,19,0.0
ZM,2002-01,2002-01-31,21,0.0
ZM,2002-02,2002-02-28,19,0.0
ZM,2002-03,2002-03-28,20,3.0
ZM,2002-04,2002-04-30,22,0.0
ZM,2002-05,2002-05-31,22,0.0
ZM,2002-06,2002-06-28,20,2.0
ZM,2002-07,2002-07-31,22,0.0
ZM,2002-08,2002-08-30,22,1.0
ZM,2002-09,2002-09-30,20,0.0
ZM,2002-10,2002-10-31,23,0.0
ZM,2002-11,2002-11-29,20,1.0
ZM,2002-12,2002-12-31,20,0.0
ZM,2003-01,2003-01-31,21,0.0
ZM,2003-02,2003-02-28,19,0.0
ZM,2003-03,2003-03-31,21,0.0
ZM,2003-04,2003-04-30,21,0.0
ZM,2003-05,2003-05-30,21,1.0
ZM,2003-06,2003-06-30,21,0.0
ZM,2003-07,2003-07-31,22,0.0
ZM,2003-08,2003-08-29,21,2.0
ZM,2003-09,2003-09-30,21,0.0
ZM,2003-10,2003-10-31,23,0.0
ZM,2003-11,2003-11-28,19,2.0
ZM,2003-12,2003-12-31,22,0.0
ZM,2004-01,2004-01-30,20,1.0
ZM,2004-02,2004-02-27,19,2.0
ZM,2004-03,2004-03-31,23,0.0
ZM,2004-04,2004-04-30,21,0.0
ZM,2004-05,2004-05-28,20,3.0
ZM,2004-06,2004-06-30,21,0.0
ZM,2004-07,2004-07-30,21,1.0
ZM,2004-08,2004-08-31,22,0.0
ZM,2004-09,2004-09-30,21,0.0
ZM,2004-10,2004-10-29,21,2.0
ZM,2004-11,2004-11-30,21,0.0
ZM,2004-12,2004-12-30,21,1.0
ZM,2005-01,2005-01-31,20,0.0
ZM,2005-02,2005-02-28,19,0.0
ZM,2005-03,2005-03-31,22,0.0
ZM,2005-04,2005-04-29,21,1.0
ZM,2005-05,2005-05-31,21,0.0
ZM,2005-06,2005-06-30,22,0.0
ZM,2005-07,2005-07-29,20,2.0
ZM,2005-08,2005-08-31,23,0.0
ZM,2005-09,2005-09-30,21,0.0
ZM,2005-10,2005-10-31,21,0.0
ZM,2005-11,2005-11-30,21,0.0
ZM,2005-12,2005-12-30,21,1.0
ZM,2006-01,2006-01-31,20,0.0
ZM,2006-02,2006-02-28,19,0.0
ZM,2006-03,2006-03-31,23,0.0
ZM,2006-04,2006-04-28,19,2.0
ZM,2006-05,2006-05-31,22,0.0
ZM,2006-06,2006-06-30,22,0.0
ZM,2006-07,2006-07-31,20,0.0
ZM,2006-08,2006-08-31,23,0.0
ZM,2006-09,2006-09-29,20,1.0
ZM,2006-10,2006-10-31,22,0.0
ZM,2006-11,2006-11-30,21,0.0
ZM,2006-12,2006-12-29,20,2.0
ZM,2007-01,2007-01-31,20,0.0
ZM,2007-02,2007-02-28,19,0.0
ZM,2007-03,2007-03-30,22,1.0
ZM,2007-04,2007-04-30,20,0.0
ZM,2007-05,2007-05-31,22,0.0
ZM,2007-06,2007-06-29,21,1.0
ZM,2007-07,2007-07-31,21,0.0
ZM,2007-08,2007-08-31,23,0.0
ZM,2007-09,2007-09-28,19,2.0
ZM,2007-10,2007-10-31,23,0.0
ZM,2007-11,2007-11-30,21,0.0
ZM,2007-12,2007-12-31,20,0.0
ZM,2008-01,2008-01-31,21,0.0
ZM,2008-02,2008-02-29,20,0.0
ZM,2008-03,2008-03-31,20,0.0
ZM,2008-04,2008-04-30,22,0.0
ZM,2008-05,2008-05-30,21,1.0
ZM,2008-06,2008-06-30,21,0.0
ZM,2008-07,2008-07-31,22,0.0
ZM,2008-08,2008-08-29,21,2.0
ZM,2008-09,2008-09-30,21,0.0
ZM,2008-10,2008-10-31,23,0.0
ZM,2008-11,2008-11-28,19,2.0
ZM,2008-12,2008-12-31,22,0.0
ZM,2009-01,2009-01-30,20,1.0
ZM,2009-02,2009-02-27,19,1.0
ZM,2009-03,2009-03-31,22,0.0
ZM,2009-04,2009-04-30,21,0.0
ZM,2009-05,2009-05-29,20,2.0
ZM,2009-06,2009-06-30,22,0.0
ZM,2009-07,2009-07-31,23,0.0
ZM,2009-08,2009-08-31,21,0.0
ZM,2009-09,2009-09-30,21,0.0
ZM,2009-10,2009-10-30,22,1.0
ZM,2009-11,2009-11-30,20,0.0
ZM,2009-12,2009-12-31,22,0.0
ZM,2010-01,2010-01-29,19,2.0
ZM,2010-02,2010-02-26,19,2.0
ZM,2010-03,2010-03-31,23,0.0
ZM,2010-04,2010-04-30,21,0.0
ZM,2010-05,2010-05-28,20,3.0
ZM,2010-06,2010-06-30,22,0.0
ZM,2010-07,2010-07-30,21,1.0
ZM,2010-08,2010-08-31,22,0.0
ZM,2010-09,2010-09-30,21,0.0
ZM,2010-10,2010-10-29,21,2.0
ZM,2010-11,2010-11-30,21,0.0
ZM,2010-12,2010-12-31,22,0.0
ZM,2011-01,2011-01-31,20,0.0
ZM,2011-02,2011-02-28,19,0.0
ZM,2011-03,2011-03-31,23,0.0
ZM,2011-04,2011-04-29,20,1.0
ZM,2011-05,2011-05-31,21,0.0
ZM,2011-06,2011-06-30,22,0.0
ZM,2011-07,2011-07-29,20,2.0
ZM,2011-08,2011-08-31,23,0.0
ZM,2011-09,2011-09-30,21,0.0
ZM,2011-10,2011-10-31,21,0.0
ZM,2011-11,2011-11-30,21,0.0
ZM,2011-12,2011-12-30,21,1.0
ZM,2012-01,2012-01-31,20,0.0
ZM,2012-02,2012-02-29,20,0.0
ZM,2012-03,2012-03-30,22,1.0
ZM,2012-04,2012-04-30,20,0.0
ZM,2012-05,2012-05-31,22,0.0
ZM,2012-06,2012-06-29,21,1.0
ZM,2012-07,2012-07-31,21,0.0
ZM,2012-08,2012-08-31,23,0.0
ZM,2012-09,2012-09-28,19,2.0
ZM,2012-10,2012-10-31,23,0.0
ZM,2012-11,2012-11-30,21,0.0
ZM,2012-12,2012-12-31,20,0.0
ZM,2013-01,2013-01-31,21,0.0
ZM,2013-02,2013-02-28,19,0.0
ZM,2013-03,2013-03-28,20,3.0
ZM,2013-04,2013-04-30,22,0.0
ZM,2013-05,2013-05-31,22,0.0
ZM,2013-06,2013-06-28,20,2.0
ZM,2013-07,2013-07-31,22,0.0
ZM,2013-08,2013-08-30,22,1.0
ZM,2013-09,2013-09-30,20,0.0
ZM,2013-10,2013-10-31,23,0.0
ZM,2013-11,2013-11-29,20,1.0
ZM,2013-12,2013-12-31,21,0.0
ZM,2014-01,2014-01-31,21,0.0
ZM,2014-02,2014-02-28,19,0.0
ZM,2014-03,2014-03-31,21,0.0
ZM,2014-04,2014-04-30,21,0.0
ZM,2014-05,2014-05-30,21,1.0
ZM,2014-06,2014-06-30,21,0.0
ZM,2014-07,2014-07-31,22,0.0
ZM,2014-08,2014-08-29,21,2.0
ZM,2014-09,2014-09-30,21,0.0
ZM,2014-10,2014-10-31,23,0.0
ZM,2014-11,2014-11-28,19,2.0
ZM,2014-12,2014-12-31,22,0.0
ZN,1969-01,,0,
ZN,1969-02,,0,
ZN,1969-03,,0,
ZN,1969-04,,0,
ZN,1969-05,,0,
ZN,1969-06,,0,
ZN,1969-07,,0,
ZN,1969-08,,0,
ZN,1969-09,,0,
ZN,1969-10,,0,
ZN,1969-11,,0,
ZN,1969-12,,0,
ZN,1970-01,,0,
ZN,1970-02,,0,
ZN,1970-03,,0,
ZN,1970-04,,0,
ZN,1970-05,,0,
ZN,1970-06,,0,
ZN,1970-07,,0,
ZN,1970-08,,0,
ZN,1970-09,,0,
ZN,1970-10,,0,
ZN,1970-11,,0,
ZN,1970-12,,0,
ZN,1971-01,,0,
ZN,1971-02,,0,
ZN,1971-03,,0,
ZN,1971-04,,0,
ZN,1971-05,,0,
ZN,1971-06,,0,
ZN,1971-07,,0,
ZN,1971-08,,0,
ZN,1971-09,,0,
ZN,1971-10,,0,
ZN,1971-11,,0,
ZN,1971-12,,0,
ZN,1972-01,,0,
ZN,1972-02,,0,
ZN,1972-03,,0,
ZN,1972-04,,0,
ZN,1972-05,,0,
ZN,1972-06,,0,
ZN,1972-07,,0,
ZN,1972-08,,0,
ZN,1972-09,,0,
ZN,1972-10,,0,
ZN,1972-11,,0,
ZN,1972-12,,0,
ZN,1973-01,,0,
ZN,1973-02,,0,
ZN,1973-03,,0,
ZN,1973-04,,0,
ZN,1973-05,,0,
ZN,1973-06,,0,
ZN,1973-07,,0,
ZN,1973-08,,0,
ZN,1973-09,,0,
ZN,1973-10,,0,
ZN,1973-11,,0,
ZN,1973-12,,0,
ZN,1974-01,,0,
ZN,1974-02,,0,
ZN,1974-03,,0,
ZN,1974-04,,0,
ZN,1974-05,,0,
ZN,1974-06,,0,
ZN,1974-07,,0,
ZN,1974-08,,0,
ZN,1974-09,,0,
ZN,1974-10,,0,
ZN,1974-11,,0,
ZN,1974-12,,0,
ZN,1975-01,,0,
ZN,1975-02,,0,
ZN,1975-03,,0,
ZN,1975-04,,0,
ZN,1975-05,,0,
ZN,1975-06,,0,
ZN,1975-07,,0,
ZN,1975-08,,0,
ZN,1975-09,,0,
ZN,1975-10,,0,
ZN,1975-11,,0,
ZN,1975-12,,0,
ZN,1976-01,,0,
ZN,1976-02,,0,
ZN,1976-03,,0,
ZN,1976-04,,0,
ZN,1976-05,,0,
ZN,1976-06,,0,
ZN,1976-07,,0,
ZN,1976-08,,0,
ZN,1976-09,,0,
ZN,1976-10,,0,
ZN,1976-11,,0,
ZN,1976-12,,0,
ZN,1977-01,,0,
ZN,1977-02,,0,
ZN,1977-03,,0,
ZN,1977-04,,0,
ZN,1977-05,,0,
ZN,1977-06,,0,
ZN,1977-07,,0,
ZN,1977-08,,0,
ZN,1977-09,,0,
ZN,1977-10,,0,
ZN,1977-11,,0,
ZN,1977-12,,0,
ZN,1978-01,,0,
ZN,1978-02,,0,
ZN,1978-03,,0,
ZN,1978-04,,0,
ZN,1978-05,,0,
ZN,1978-06,,0,
ZN,1978-07,,0,
ZN,1978-08,,0,
ZN,1978-09,,0,
ZN,1978-10,,0,
ZN,1978-11,,0,
ZN,1978-12,,0,
ZN,1979-01,,0,
ZN,1979-02,,0,
ZN,1979-03,,0,
ZN,1979-04,,0,
ZN,1979-05,,0,
ZN,1979-06,,0,
ZN,1979-07,,0,
ZN,1979-08,,0,
ZN,1979-09,,0,
ZN,1979-10,,0,
ZN,1979-11,,0,
ZN,1979-12,,0,
ZN,1980-01,,0,
ZN,1980-02,,0,
ZN,1980-03,,0,
ZN,1980-04,,0,
ZN,1980-05,,0,
ZN,1980-06,,0,
ZN,1980-07,,0,
ZN,1980-08,,0,
ZN,1980-09,,0,
ZN,1980-10,,0,
ZN,1980-11,,0,
ZN,1980-12,,0,
ZN,1981-01,,0,
ZN,1981-02,,0,
ZN,1981-03,,0,
ZN,1981-04,,0,
ZN,1981-05,,0,
ZN,1981-06,,0,
ZN,1981-07,,0,
ZN,1981-08,,0,
ZN,1981-09,,0,
ZN,1981-10,,0,
ZN,1981-11,,0,
ZN,1981-12,,0,
ZN,1982-01,,0,
ZN,1982-02,,0,
ZN,1982-03,,0,
ZN,1982-04,,0,
ZN,1982-05,,0,
ZN,1982-06,,0,
ZN,1982-07,,0,
ZN,1982-08,,0,
ZN,1982-09,,0,
ZN,1982-10,,0,
ZN,1982-11,,0,
ZN,1982-12,,0,
ZN,1983-01,,0,
ZN,1983-02,,0,
ZN,1983-03,,0,
ZN,1983-04,,0,
ZN,1983-05,,0,
ZN,1983-06,,0,
ZN,1983-07,,0,
ZN,1983-08,,0,
ZN,1983-09,,0,
ZN,1983-10,,0,
ZN,1983-11,,0,
ZN,1983-12,,0,
ZN,1984-01,,0,
ZN,1984-02,,0,
ZN,1984-03,,0,
ZN,1984-04,,0,
ZN,1984-05,,0,
ZN,1984-06,,0,
ZN,1984-07,,0,
ZN,1984-08,,0,
ZN,1984-09,,0,
ZN,1984-10,,0,
ZN,1984-11,,0,
ZN,1984-12,,0,
ZN,1985-01,,0,
ZN,1985-02,,0,
ZN,1985-03,,0,
ZN,1985-04,,0,
ZN,1985-05,,0,
ZN,1985-06,,0,
ZN,1985-07,,0,
ZN,1985-08,,0,
ZN,1985-09,,0,
ZN,1985-10,,0,
ZN,1985-11,,0,
ZN,1985-12,,0,
ZN,1986-01,,0,
ZN,1986-02,,0,
ZN,1986-03,,0,
ZN,1986-04,,0,
ZN,1986-05,,0,
ZN,1986-06,,0,
ZN,1986-07,,0,
ZN,1986-08,,0,
ZN,1986-09,,0,
ZN,1986-10,,0,
ZN,1986-11,,0,
ZN,1986-12,,0,
ZN,1987-01,,0,
ZN,1987-02,,0,
ZN,1987-03,,0,
ZN,1987-04,,0,
ZN,1987-05,,0,
ZN,1987-06,,0,
ZN,1987-07,,0,
ZN,1987-08,,0,
ZN,1987-09,,0,
ZN,1987-10,,0,
ZN,1987-11,,0,
ZN,1987-12,,0,
ZN,1988-01,,0,
ZN,1988-02,,0,
ZN,1988-03,,0,
ZN,1988-04,,0,
ZN,1988-05,,0,
ZN,1988-06,,0,
ZN,1988-07,,0,
ZN,1988-08,,0,
ZN,1988-09,,0,
ZN,1988-10,,0,
ZN,1988-11,,0,
ZN,1988-12,,0,
ZN,1989-01,,0,
ZN,1989-02,,0,
ZN,1989-03,,0,
ZN,1989-04,,0,
ZN,1989-05,,0,
ZN,1989-06,,0,
ZN,1989-07,,0,
ZN,1989-08,,0,
ZN,1989-09,,0,
ZN,1989-10,,0,
ZN,1989-11,,0,
ZN,1989-12,,0,
ZN,1990-01,,0,
ZN,1990-02,,0,
ZN,1990-03,,0,
ZN,1990-04,,0,
ZN,1990-05,,0,
ZN,1990-06,,0,
ZN,1990-07,,0,
ZN,1990-08,,0,
ZN,1990-09,,0,
ZN,1990-10,,0,
ZN,1990-11,,0,
ZN,1990-12,,0,
ZN,1991-01,1991-01-31,22,0.0
ZN,1991-02,1991-02-28,19,0.0
ZN,1991-03,1991-03-28,20,3.0
ZN,1991-04,1991-04-30,22,0.0
ZN,1991-05,1991-05-31,21,0.0
ZN,1991-06,1991-06-28,20,2.0
ZN,1991-07,1991-07-31,22,0.0
ZN,1991-08,1991-08-30,22,1.0
ZN,1991-09,1991-09-30,20,0.0
ZN,1991-10,1991-10-31,23,0.0
ZN,1991-11,1991-11-29,20,1.0
ZN,1991-12,1991-12-31,21,0.0
ZN,1992-01,1992-01-31,22,0.0
ZN,1992-02,1992-02-28,19,1.0
ZN,1992-03,1992-03-31,22,0.0
ZN,1992-04,1992-04-30,21,0.0
ZN,1992-05,1992-05-29,20,2.0
ZN,1992-06,1992-06-30,22,0.0
ZN,1992-07,1992-07-31,22,0.0
ZN,1992-08,1992-08-31,21,0.0
ZN,1992-09,1992-09-30,21,0.0
ZN,1992-10,1992-10-30,22,1.0
ZN,1992-11,1992-11-30,19,0.0
ZN,1992-12,1992-12-31,21,0.0
ZN,1993-01,1993-01-29,20,2.0
ZN,1993-02,1993-02-26,19,2.0
ZN,1993-03,1993-03-31,22,0.0
ZN,1993-04,1993-04-30,21,0.0
ZN,1993-05,1993-05-28,20,3.0
ZN,1993-06,1993-06-30,22,0.0
ZN,1993-07,1993-07-30,21,1.0
ZN,1993-08,1993-08-31,22,0.0
ZN,1993-09,1993-09-30,21,0.0
ZN,1993-10,1993-10-29,21,2.0
ZN,1993-11,1993-11-30,20,0.0
ZN,1993-12,1993-12-30,21,1.0
ZN,1994-01,1994-01-31,21,0.0
ZN,1994-02,1994-02-28,19,0.0
ZN,1994-03,1994-03-31,23,0.0
ZN,1994-04,1994-04-29,19,1.0
ZN,1994-05,1994-05-31,21,0.0
ZN,1994-06,1994-06-30,22,0.0
ZN,1994-07,1994-07-29,20,2.0
ZN,1994-08,1994-08-31,23,0.0
ZN,1994-09,1994-09-30,21,0.0
ZN,1994-10,1994-10-31,21,0.0
ZN,1994-11,1994-11-30,20,0.0
ZN,1994-12,1994-12-30,21,1.0
ZN,1995-01,1995-01-31,21,0.0
ZN,1995-02,1995-02-28,19,0.0
ZN,1995-03,1995-03-31,23,0.0
ZN,1995-04,1995-04-28,19,2.0
ZN,1995-05,1995-05-31,22,0.0
ZN,1995-06,1995-06-30,22,0.0
ZN,1995-07,1995-07-31,19,0.0
ZN,1995-08,1995-08-31,23,0.0
ZN,1995-09,1995-09-29,20,1.0
ZN,1995-10,1995-10-31,22,0.0
ZN,1995-11,1995-11-30,20,0.0
ZN,1995-12,1995-12-29,20,2.0
ZN,1996-01,1996-01-31,21,0.0
ZN,1996-02,1996-02-29,20,0.0
ZN,1996-03,1996-03-29,21,2.0
ZN,1996-04,1996-04-30,21,0.0
ZN,1996-05,1996-05-31,22,0.0
ZN,1996-06,1996-06-28,20,2.0
ZN,1996-07,1996-07-31,21,0.0
ZN,1996-08,1996-08-30,22,1.0
ZN,1996-09,1996-09-30,20,0.0
ZN,1996-10,1996-10-31,23,0.0
ZN,1996-11,1996-11-27,19,3.0
ZN,1996-12,1996-12-31,21,0.0
ZN,1997-01,1997-01-31,22,0.0
ZN,1997-02,1997-02-28,19,0.0
ZN,1997-03,1997-03-31,20,0.0
ZN,1997-04,1997-04-30,22,0.0
ZN,1997-05,1997-05-30,21,1.0
ZN,1997-06,1997-06-30,21,0.0
ZN,1997-07,1997-07-31,22,0.0
ZN,1997-08,1997-08-29,21,2.0
ZN,1997-09,1997-09-30,21,0.0
ZN,1997-10,1997-10-31,23,0.0
ZN,1997-11,1997-11-26,18,4.0
ZN,1997-12,1997-12-31,22,0.0
ZN,1998-01,1998-01-30,20,1.0
ZN,1998-02,1998-02-27,19,1.0
ZN,1998-03,1998-03-31,22,0.0
ZN,1998-04,1998-04-30,21,0.0
ZN,1998-05,1998-05-29,20,2.0
ZN,1998-06,1998-06-30,22,0.0
ZN,1998-07,1998-07-31,22,0.0
ZN,1998-08,1998-08-31,21,0.0
ZN,1998-09,1998-09-30,21,0.0
ZN,1998-10,1998-10-30,22,1.0
ZN,1998-11,1998-11-30,19,0.0
ZN,1998-12,1998-12-31,22,0.0
ZN,1999-01,1999-01-29,19,2.0
ZN,1999-02,1999-02-26,19,2.0
ZN,1999-03,1999-03-31,23,0.0
ZN,1999-04,1999-04-30,21,0.0
ZN,1999-05,1999-05-28,20,3.0
ZN,1999-06,1999-06-30,22,0.0
ZN,1999-07,1999-07-30,21,1.0
ZN,1999-08,1999-08-31,22,0.0
ZN,1999-09,1999-09-30,21,0.0
ZN,1999-10,1999-10-29,21,2.0
ZN,1999-11,1999-11-30,20,0.0
ZN,1999-12,1999-12-30,21,1.0
ZN,2000-01,2000-01-31,19,0.0
ZN,2000-02,2000-02-29,20,0.0
ZN,2000-03,2000-03-31,23,0.0
ZN,2000-04,2000-04-28,19,2.0
ZN,2000-05,2000-05-31,22,0.0
ZN,2000-06,2000-06-30,22,0.0
ZN,2000-07,2000-07-31,19,0.0
ZN,2000-08,2000-08-31,23,0.0
ZN,2000-09,2000-09-29,20,1.0
ZN,2000-10,2000-10-31,22,0.0
ZN,2000-11,2000-11-30,20,0.0
ZN,2000-12,2000-12-29,20,2.0
ZN,2001-01,2001-01-31,21,0.0
ZN,2001-02,2001-02-28,19,0.0
ZN,2001-03,2001-03-30,22,1.0
ZN,2001-04,2001-04-30,20,0.0
ZN,2001-05,2001-05-31,22,0.0
ZN,2001-06,2001-06-29,21,1.0
ZN,2001-07,2001-07-31,21,0.0
ZN,2001-08,2001-08-31,23,0.0
ZN,2001-09,2001-09-28,16,2.0
ZN,2001-10,2001-10-31,23,0.0
ZN,2001-11,2001-11-30,20,0.0
ZN,2001-12,2001-12-31,19,0.0
ZN,2002-01,2002-01-31,21,0.0
ZN,2002-02,2002-02-28,19,0.0
ZN,2002-03,2002-03-28,20,3.0
ZN,2002-04,2002-04-30,22,0.0
ZN,2002-05,2002-05-31,22,0.0
ZN,2002-06,2002-06-28,20,2.0
ZN,2002-07,2002-07-31,21,0.0
ZN,2002-08,2002-08-30,22,1.0
ZN,2002-09,2002-09-30,20,0.0
ZN,2002-10,2002-10-31,23,0.0
ZN,2002-11,2002-11-27,19,3.0
ZN,2002-12,2002-12-31,21,0.0
ZN,2003-01,2003-01-31,21,0.0
ZN,2003-02,2003-02-28,19,0.0
ZN,2003-03,2003-03-31,21,0.0
ZN,2003-04,2003-04-30,21,0.0
ZN,2003-05,2003-05-30,21,1.0
ZN,2003-06,2003-06-30,21,0.0
ZN,2003-07,2003-07-31,22,0.0
ZN,2003-08,2003-08-29,21,2.0
ZN,2003-09,2003-09-30,21,0.0
ZN,2003-10,2003-10-31,23,0.0
ZN,2003-11,2003-11-26,18,4.0
ZN,2003-12,2003-12-31,21,0.0
ZN,2004-01,2004-01-30,19,1.0
ZN,2004-02,2004-02-27,19,2.0
ZN,2004-03,2004-03-31,23,0.0
ZN,2004-04,2004-04-30,21,0.0
ZN,2004-05,2004-05-28,20,3.0
ZN,2004-06,2004-06-30,21,0.0
ZN,2004-07,2004-07-30,21,1.0
ZN,2004-08,2004-08-31,22,0.0
ZN,2004-09,2004-09-30,21,0.0
ZN,2004-10,2004-10-29,21,2.0
ZN,2004-11,2004-11-30,20,0.0
ZN,2004-12,2004-12-30,21,1.0
ZN,2005-01,2005-01-31,20,0.0
ZN,2005-02,2005-02-28,19,0.0
ZN,2005-03,2005-03-31,22,0.0
ZN,2005-04,2005-04-29,21,1.0
ZN,2005-05,2005-05-31,21,0.0
ZN,2005-06,2005-06-30,22,0.0
ZN,2005-07,2005-07-29,20,2.0
ZN,2005-08,2005-08-31,23,0.0
ZN,2005-09,2005-09-30,21,0.0
ZN,2005-10,2005-10-31,21,0.0
ZN,2005-11,2005-11-30,20,0.0
ZN,2005-12,2005-12-30,21,1.0
ZN,2006-01,2006-01-31,20,0.0
ZN,2006-02,2006-02-28,19,0.0
ZN,2006-03,2006-03-31,23,0.0
ZN,2006-04,2006-04-28,19,2.0
ZN,2006-05,2006-05-31,22,0.0
ZN,2006-06,2006-06-30,22,0.0
ZN,2006-07,2006-07-31,19,0.0
ZN,2006-08,2006-08-31,23,0.0
ZN,2006-09,2006-09-29,20,1.0
ZN,2006-10,2006-10-31,22,0.0
ZN,2006-11,2006-11-30,20,0.0
ZN,2006-12,2006-12-29,20,2.0
ZN,2007-01,2007-01-31,20,0.0
ZN,2007-02,2007-02-28,19,0.0
ZN,2007-03,2007-03-30,22,1.0
ZN,2007-04,2007-04-30,20,0.0
ZN,2007-05,2007-05-31,22,0.0
ZN,2007-06,2007-06-29,21,1.0
ZN,2007-07,2007-07-31,21,0.0
ZN,2007-08,2007-08-31,23,0.0
ZN,2007-09,2007-09-28,19,2.0
ZN,2007-10,2007-10-31,23,0.0
ZN,2007-11,2007-11-30,21,0.0
ZN,2007-12,2007-12-31,20,0.0
ZN,2008-01,2008-01-31,21,0.0
ZN,2008-02,2008-02-29,20,0.0
ZN,2008-03,2008-03-31,20,0.0
ZN,2008-04,2008-04-30,22,0.0
ZN,2008-05,2008-05-30,21,1.0
ZN,2008-06,2008-06-30,21,0.0
ZN,2008-07,2008-07-31,22,0.0
ZN,2008-08,2008-08-29,21,2.0
ZN,2008-09,2008-09-30,22,0.0
ZN,2008-10,2008-10-31,23,0.0
ZN,2008-11,2008-11-28,19,2.0
ZN,2008-12,2008-12-31,22,0.0
ZN,2009-01,2009-01-30,20,1.0
ZN,2009-02,2009-02-27,19,1.0
ZN,2009-03,2009-03-31,22,0.0
ZN,2009-04,2009-04-30,21,0.0
ZN,2009-05,2009-05-29,20,2.0
ZN,2009-06,2009-06-30,22,0.0
ZN,2009-07,2009-07-31,22,0.0
ZN,2009-08,2009-08-31,21,0.0
ZN,2009-09,2009-09-30,21,0.0
ZN,2009-10,2009-10-30,22,1.0
ZN,2009-11,2009-11-30,20,0.0
ZN,2009-12,2009-12-31,22,0.0
ZN,2010-01,2010-01-29,19,2.0
ZN,2010-02,2010-02-26,19,2.0
ZN,2010-03,2010-03-31,23,0.0
ZN,2010-04,2010-04-30,21,0.0
ZN,2010-05,2010-05-28,20,3.0
ZN,2010-06,2010-06-30,22,0.0
ZN,2010-07,2010-07-30,21,1.0
ZN,2010-08,2010-08-31,22,0.0
ZN,2010-09,2010-09-30,21,0.0
ZN,2010-10,2010-10-29,21,2.0
ZN,2010-11,2010-11-30,21,0.0
ZN,2010-12,2010-12-31,22,0.0
ZN,2011-01,2011-01-31,20,0.0
ZN,2011-02,2011-02-28,19,0.0
ZN,2011-03,2011-03-31,23,0.0
ZN,2011-04,2011-04-29,20,1.0
ZN,2011-05,2011-05-31,21,0.0
ZN,2011-06,2011-06-30,22,0.0
ZN,2011-07,2011-07-29,20,2.0
ZN,2011-08,2011-08-31,23,0.0
ZN,2011-09,2011-09-30,21,0.0
ZN,2011-10,2011-10-31,21,0.0
ZN,2011-11,2011-11-30,21,0.0
ZN,2011-12,2011-12-30,21,1.0
ZN,2012-01,2012-01-31,20,0.0
ZN,2012-02,2012-02-29,20,0.0
ZN,2012-03,2012-03-30,22,1.0
ZN,2012-04,2012-04-30,20,0.0
ZN,2012-05,2012-05-31,22,0.0
ZN,2012-06,2012-06-29,21,1.0
ZN,2012-07,2012-07-31,21,0.0
ZN,2012-08,2012-08-31,23,0.0
ZN,2012-09,2012-09-28,19,2.0
ZN,2012-10,2012-10-31,23,0.0
ZN,2012-11,2012-11-30,21,0.0
ZN,2012-12,2012-12-31,20,0.0
ZN,2013-01,2013-01-31,21,0.0
ZN,2013-02,2013-02-28,19,0.0
ZN,2013-03,2013-03-28,20,3.0
ZN,2013-04,2013-04-30,22,0.0
ZN,2013-05,2013-05-31,22,0.0
ZN,2013-06,2013-06-28,20,2.0
ZN,2013-07,2013-07-31,22,0.0
ZN,2013-08,2013-08-30,22,1.0
ZN,2013-09,2013-09-30,20,0.0
ZN,2013-10,2013-10-31,23,0.0
ZN,2013-11,2013-11-29,20,1.0
ZN,2013-12,2013-12-31,21,0.0
ZN,2014-01,2014-01-31,21,0.0
ZN,2014-02,2014-02-28,19,0.0
ZN,2014-03,2014-03-31,21,0.0
ZN,2014-04,2014-04-30,21,0.0
ZN,2014-05,2014-05-30,21,1.0
ZN,2014-06,2014-06-30,21,0.0
ZN,2014-07,2014-07-31,22,0.0
ZN,2014-08,2014-08-29,21,2.0
ZN,2014-09,2014-09-30,21,0.0
ZN,2014-10,2014-10-31,23,0.0
ZN,2014-11,2014-11-28,19,2.0
ZN,2014-12,2014-12-31,22,0.0
ZO,1969-01,,0,
ZO,1969-02,,0,
ZO,1969-03,,0,
ZO,1969-04,,0,
ZO,1969-05,,0,
ZO,1969-06,,0,
ZO,1969-07,,0,
ZO,1969-08,,0,
ZO,1969-09,,0,
ZO,1969-10,,0,
ZO,1969-11,,0,
ZO,1969-12,,0,
ZO,1970-01,,0,
ZO,1970-02,,0,
ZO,1970-03,,0,
ZO,1970-04,,0,
ZO,1970-05,,0,
ZO,1970-06,,0,
ZO,1970-07,,0,
ZO,1970-08,,0,
ZO,1970-09,,0,
ZO,1970-10,,0,
ZO,1970-11,,0,
ZO,1970-12,,0,
ZO,1971-01,,0,
ZO,1971-02,,0,
ZO,1971-03,,0,
ZO,1971-04,,0,
ZO,1971-05,,0,
ZO,1971-06,,0,
ZO,1971-07,,0,
ZO,1971-08,,0,
ZO,1971-09,,0,
ZO,1971-10,,0,
ZO,1971-11,,0,
ZO,1971-12,,0,
ZO,1972-01,,0,
ZO,1972-02,,0,
ZO,1972-03,,0,
ZO,1972-04,,0,
ZO,1972-05,,0,
ZO,1972-06,,0,
ZO,1972-07,,0,
ZO,1972-08,,0,
ZO,1972-09,,0,
ZO,1972-10,,0,
ZO,1972-11,,0,
ZO,1972-12,,0,
ZO,1973-01,,0,
ZO,1973-02,,0,
ZO,1973-03,,0,
ZO,1973-04,,0,
ZO,1973-05,,0,
ZO,1973-06,,0,
ZO,1973-07,,0,
ZO,1973-08,,0,
ZO,1973-09,,0,
ZO,1973-10,,0,
ZO,1973-11,,0,
ZO,1973-12,,0,
ZO,1974-01,,0,
ZO,1974-02,,0,
ZO,1974-03,,0,
ZO,1974-04,,0,
ZO,1974-05,,0,
ZO,1974-06,,0,
ZO,1974-07,,0,
ZO,1974-08,,0,
ZO,1974-09,,0,
ZO,1974-10,,0,
ZO,1974-11,,0,
ZO,1974-12,,0,
ZO,1975-01,1975-01-31,22,0.0
ZO,1975-02,1975-02-28,19,0.0
ZO,1975-03,1975-03-31,20,0.0
ZO,1975-04,1975-04-30,22,0.0
ZO,1975-05,1975-05-30,21,1.0
ZO,1975-06,1975-06-30,21,0.0
ZO,1975-07,1975-07-31,22,0.0
ZO,1975-08,1975-08-29,21,2.0
ZO,1975-09,1975-09-30,21,0.0
ZO,1975-10,1975-10-31,23,0.0
ZO,1975-11,1975-11-28,19,2.0
ZO,1975-12,1975-12-31,21,0.0
ZO,1976-01,1976-01-30,21,1.0
ZO,1976-02,1976-02-27,19,2.0
ZO,1976-03,1976-03-31,23,0.0
ZO,1976-04,1976-04-30,21,0.0
ZO,1976-05,1976-05-28,20,3.0
ZO,1976-06,1976-06-30,22,0.0
ZO,1976-07,1976-07-30,21,1.0
ZO,1976-08,1976-08-31,22,0.0
ZO,1976-09,1976-09-30,21,0.0
ZO,1976-10,1976-10-29,21,2.0
ZO,1976-11,1976-11-30,20,0.0
ZO,1976-12,1976-12-30,21,1.0
ZO,1977-01,1977-01-31,21,0.0
ZO,1977-02,1977-02-28,19,0.0
ZO,1977-03,1977-03-31,23,0.0
ZO,1977-04,1977-04-29,20,1.0
ZO,1977-05,1977-05-31,20,0.0
ZO,1977-06,1977-06-30,22,0.0
ZO,1977-07,1977-07-29,20,2.0
ZO,1977-08,1977-08-31,23,0.0
ZO,1977-09,1977-09-30,21,0.0
ZO,1977-10,1977-10-31,21,0.0
ZO,1977-11,1977-11-30,21,0.0
ZO,1977-12,1977-12-30,21,1.0
ZO,1978-01,1978-01-31,21,0.0
ZO,1978-02,1978-02-28,19,0.0
ZO,1978-03,1978-03-31,22,0.0
ZO,1978-04,1978-04-28,20,2.0
ZO,1978-05,1978-05-31,22,0.0
ZO,1978-06,1978-06-30,22,0.0
ZO,1978-07,1978-07-31,20,0.0
ZO,1978-08,1978-08-31,23,0.0
ZO,1978-09,1978-09-29,20,1.0
ZO,1978-10,1978-10-31,22,0.0
ZO,1978-11,1978-11-30,20,0.0
ZO,1978-12,1978-12-29,20,2.0
ZO,1979-01,1979-01-31,22,0.0
ZO,1979-02,1979-02-28,19,0.0
ZO,1979-03,1979-03-30,22,1.0
ZO,1979-04,1979-04-30,20,0.0
ZO,1979-05,1979-05-31,22,0.0
ZO,1979-06,1979-06-29,21,1.0
ZO,1979-07,1979-07-31,21,0.0
ZO,1979-08,1979-08-31,23,0.0
ZO,1979-09,1979-09-28,19,2.0
ZO,1979-10,1979-10-31,23,0.0
ZO,1979-11,1979-11-30,21,0.0
ZO,1979-12,1979-12-31,19,0.0
ZO,1980-01,1980-01-31,20,0.0
ZO,1980-02,1980-02-29,20,0.0
ZO,1980-03,1980-03-31,21,0.0
ZO,1980-04,1980-04-30,21,0.0
ZO,1980-05,1980-05-30,21,1.0
ZO,1980-06,1980-06-30,21,0.0
ZO,1980-07,1980-07-31,22,0.0
ZO,1980-08,1980-08-29,21,2.0
ZO,1980-09,1980-09-30,21,0.0
ZO,1980-10,1980-10-31,23,0.0
ZO,1980-11,1980-11-28,18,2.0
ZO,1980-12,1980-12-31,21,0.0
ZO,1981-01,1981-01-30,21,1.0
ZO,1981-02,1981-02-27,19,1.0
ZO,1981-03,1981-03-31,22,0.0
ZO,1981-04,1981-04-30,21,0.0
ZO,1981-05,1981-05-29,20,2.0
ZO,1981-06,1981-06-30,22,0.0
ZO,1981-07,1981-07-31,22,0.0
ZO,1981-08,1981-08-31,21,0.0
ZO,1981-09,1981-09-30,21,0.0
ZO,1981-10,1981-10-30,22,1.0
ZO,1981-11,1981-11-30,20,0.0
ZO,1981-12,1981-12-31,22,0.0
ZO,1982-01,1982-01-29,20,2.0
ZO,1982-02,1982-02-26,19,2.0
ZO,1982-03,1982-03-31,23,0.0
ZO,1982-04,1982-04-30,21,0.0
ZO,1982-05,1982-05-28,20,3.0
ZO,1982-06,1982-06-30,22,0.0
ZO,1982-07,1982-07-30,21,1.0
ZO,1982-08,1982-08-31,22,0.0
ZO,1982-09,1982-09-30,21,0.0
ZO,1982-10,1982-10-29,21,2.0
ZO,1982-11,1982-11-30,20,0.0
ZO,1982-12,1982-12-30,21,1.0
ZO,1983-01,1983-01-31,21,0.0
ZO,1983-02,1983-02-28,19,0.0
ZO,1983-03,1983-03-31,23,0.0
ZO,1983-04,1983-04-29,20,1.0
ZO,1983-05,1983-05-31,21,0.0
ZO,1983-06,1983-06-30,22,0.0
ZO,1983-07,1983-07-29,20,2.0
ZO,1983-08,1983-08-31,23,0.0
ZO,1983-09,1983-09-30,21,0.0
ZO,1983-10,1983-10-31,21,0.0
ZO,1983-11,1983-11-30,21,0.0
ZO,1983-12,1983-12-30,21,1.0
ZO,1984-01,1984-01-31,21,0.0
ZO,1984-02,1984-02-29,20,0.0
ZO,1984-03,1984-03-30,22,1.0
ZO,1984-04,1984-04-30,20,0.0
ZO,1984-05,1984-05-31,22,0.0
ZO,1984-06,1984-06-29,21,1.0
ZO,1984-07,1984-07-31,21,0.0
ZO,1984-08,1984-08-31,23,0.0
ZO,1984-09,1984-09-28,19,2.0
ZO,1984-10,1984-10-31,23,0.0
ZO,1984-11,1984-11-30,21,0.0
ZO,1984-12,1984-12-31,20,0.0
ZO,1985-01,1985-01-31,22,0.0
ZO,1985-02,1985-02-28,19,0.0
ZO,1985-03,1985-03-29,21,2.0
ZO,1985-04,1985-04-30,21,0.0
ZO,1985-05,1985-05-31,22,0.0
ZO,1985-06,1985-06-28,20,2.0
ZO,1985-07,1985-07-31,22,0.0
ZO,1985-08,1985-08-30,22,1.0
ZO,1985-09,1985-09-30,20,0.0
ZO,1985-10,1985-10-31,23,0.0
ZO,1985-11,1985-11-29,20,1.0
ZO,1985-12,1985-12-31,21,0.0
ZO,1986-01,1986-01-31,22,0.0
ZO,1986-02,1986-02-28,19,0.0
ZO,1986-03,1986-03-31,20,0.0
ZO,1986-04,1986-04-30,22,0.0
ZO,1986-05,1986-05-30,21,1.0
ZO,1986-06,1986-06-30,21,0.0
ZO,1986-07,1986-07-31,22,0.0
ZO,1986-08,1986-08-29,21,2.0
ZO,1986-09,1986-09-30,21,0.0
ZO,1986-10,1986-10-31,23,0.0
ZO,1986-11,1986-11-28,19,2.0
ZO,1986-12,1986-12-31,22,0.0
ZO,1987-01,1987-01-30,21,1.0
ZO,1987-02,1987-02-27,19,1.0
ZO,1987-03,1987-03-31,22,0.0
ZO,1987-04,1987-04-30,21,0.0
ZO,1987-05,1987-05-29,20,2.0
ZO,1987-06,1987-06-30,22,0.0
ZO,1987-07,1987-07-31,22,0.0
ZO,1987-08,1987-08-31,21,0.0
ZO,1987-09,1987-09-30,21,0.0
ZO,1987-10,1987-10-30,22,1.0
ZO,1987-11,1987-11-30,20,0.0
ZO,1987-12,1987-12-31,22,0.0
ZO,1988-01,1988-01-29,20,2.0
ZO,1988-02,1988-02-29,20,0.0
ZO,1988-03,1988-03-31,23,0.0
ZO,1988-04,1988-04-29,20,1.0
ZO,1988-05,1988-05-31,21,0.0
ZO,1988-06,1988-06-30,22,0.0
ZO,1988-07,1988-07-29,20,2.0
ZO,1988-08,1988-08-31,23,0.0
ZO,1988-09,1988-09-30,21,0.0
ZO,1988-10,1988-10-31,21,0.0
ZO,1988-11,1988-11-30,21,0.0
ZO,1988-12,1988-12-30,21,1.0
ZO,1989-01,1989-01-31,21,0.0
ZO,1989-02,1989-02-28,19,0.0
ZO,1989-03,1989-03-31,22,0.0
ZO,1989-04,1989-04-28,20,2.0
ZO,1989-05,1989-05-31,22,0.0
ZO,1989-06,1989-06-30,22,0.0
ZO,1989-07,1989-07-31,20,0.0
ZO,1989-08,1989-08-31,23,0.0
ZO,1989-09,1989-09-29,20,1.0
ZO,1989-10,1989-10-31,22,0.0
ZO,1989-11,1989-11-30,21,0.0
ZO,1989-12,1989-12-29,20,2.0
ZO,1990-01,1990-01-31,22,0.0
ZO,1990-02,1990-02-28,19,0.0
ZO,1990-03,1990-03-30,22,1.0
ZO,1990-04,1990-04-30,20,0.0
ZO,1990-05,1990-05-31,22,0.0
ZO,1990-06,1990-06-29,21,1.0
ZO,1990-07,1990-07-31,21,0.0
ZO,1990-08,1990-08-31,23,0.0
ZO,1990-09,1990-09-28,19,2.0
ZO,1990-10,1990-10-31,23,0.0
ZO,1990-11,1990-11-30,21,0.0
ZO,1990-12,1990-12-31,20,0.0
ZO,1991-01,1991-01-31,22,0.0
ZO,1991-02,1991-02-28,19,0.0
ZO,1991-03,1991-03-28,20,3.0
ZO,1991-04,1991-04-30,22,0.0
ZO,1991-05,1991-05-31,22,0.0
ZO,1991-06,1991-06-28,20,2.0
ZO,1991-07,1991-07-31,22,0.0
ZO,1991-08,1991-08-30,22,1.0
ZO,1991-09,1991-09-30,20,0.0
ZO,1991-10,1991-10-31,23,0.0
ZO,1991-11,1991-11-29,20,1.0
ZO,1991-12,1991-12-31,21,0.0
ZO,1992-01,1992-01-31,22,0.0
ZO,1992-02,1992-02-28,19,1.0
ZO,1992-03,1992-03-31,22,0.0
ZO,1992-04,1992-04-30,19,0.0
ZO,1992-05,1992-05-29,20,2.0
ZO,1992-06,1992-06-30,22,0.0
ZO,1992-07,1992-07-31,22,0.0
ZO,1992-08,1992-08-31,21,0.0
ZO,1992-09,1992-09-30,21,0.0
ZO,1992-10,1992-10-30,22,1.0
ZO,1992-11,1992-11-30,20,0.0
ZO,1992-12,1992-12-31,22,0.0
ZO,1993-01,1993-01-29,20,2.0
ZO,1993-02,1993-02-26,19,2.0
ZO,1993-03,1993-03-31,23,0.0
ZO,1993-04,1993-04-30,21,0.0
ZO,1993-05,1993-05-28,20,3.0
ZO,1993-06,1993-06-30,22,0.0
ZO,1993-07,1993-07-30,21,1.0
ZO,1993-08,1993-08-31,22,0.0
ZO,1993-09,1993-09-30,21,0.0
ZO,1993-10,1993-10-29,21,2.0
ZO,1993-11,1993-11-30,21,0.0
ZO,1993-12,1993-12-30,21,1.0
ZO,1994-01,1994-01-31,21,0.0
ZO,1994-02,1994-02-28,19,0.0
ZO,1994-03,1994-03-31,23,0.0
ZO,1994-04,1994-04-29,19,1.0
ZO,1994-05,1994-05-31,21,0.0
ZO,1994-06,1994-06-30,22,0.0
ZO,1994-07,1994-07-29,20,2.0
ZO,1994-08,1994-08-31,23,0.0
ZO,1994-09,1994-09-30,21,0.0
ZO,1994-10,1994-10-31,21,0.0
ZO,1994-11,1994-11-30,21,0.0
ZO,1994-12,1994-12-30,21,1.0
ZO,1995-01,1995-01-31,21,0.0
ZO,1995-02,1995-02-28,19,0.0
ZO,1995-03,1995-03-31,23,0.0
ZO,1995-04,1995-04-28,19,2.0
ZO,1995-05,1995-05-31,22,0.0
ZO,1995-06,1995-06-30,22,0.0
ZO,1995-07,1995-07-31,20,0.0
ZO,1995-08,1995-08-31,23,0.0
ZO,1995-09,1995-09-29,20,1.0
ZO,1995-10,1995-10-31,22,0.0
ZO,1995-11,1995-11-30,21,0.0
ZO,1995-12,1995-12-29,20,2.0
ZO,1996-01,1996-01-31,22,0.0
ZO,1996-02,1996-02-29,20,0.0
ZO,1996-03,1996-03-29,21,2.0
ZO,1996-04,1996-04-30,21,0.0
ZO,1996-05,1996-05-31,22,0.0
ZO,1996-06,1996-06-28,20,2.0
ZO,1996-07,1996-07-31,22,0.0
ZO,1996-08,1996-08-30,22,1.0
ZO,1996-09,1996-09-30,20,0.0
ZO,1996-10,1996-10-31,23,0.0
ZO,1996-11,1996-11-29,20,1.0
ZO,1996-12,1996-12-31,21,0.0
ZO,1997-01,1997-01-31,22,0.0
ZO,1997-02,1997-02-28,19,0.0
ZO,1997-03,1997-03-31,20,0.0
ZO,1997-04,1997-04-30,22,0.0
ZO,1997-05,1997-05-30,21,1.0
ZO,1997-06,1997-06-30,21,0.0
ZO,1997-07,1997-07-31,22,0.0
ZO,1997-08,1997-08-29,21,2.0
ZO,1997-09,1997-09-30,21,0.0
ZO,1997-10,1997-10-31,23,0.0
ZO,1997-11,1997-11-28,19,2.0
ZO,1997-12,1997-12-31,22,0.0
ZO,1998-01,1998-01-30,20,1.0
ZO,1998-02,1998-02-27,19,1.0
ZO,1998-03,1998-03-31,22,0.0
ZO,1998-04,1998-04-30,21,0.0
ZO,1998-05,1998-05-29,20,2.0
ZO,1998-06,1998-06-30,22,0.0
ZO,1998-07,1998-07-31,22,0.0
ZO,1998-08,1998-08-31,21,0.0
ZO,1998-09,1998-09-30,21,0.0
ZO,1998-10,1998-10-30,22,1.0
ZO,1998-11,1998-11-30,20,0.0
ZO,1998-12,1998-12-31,22,0.0
ZO,1999-01,1999-01-29,19,2.0
ZO,1999-02,1999-02-26,19,2.0
ZO,1999-03,1999-03-31,23,0.0
ZO,1999-04,1999-04-30,21,0.0
ZO,1999-05,1999-05-28,20,3.0
ZO,1999-06,1999-06-30,22,0.0
ZO,1999-07,1999-07-30,21,1.0
ZO,1999-08,1999-08-31,22,0.0
ZO,1999-09,1999-09-30,21,0.0
ZO,1999-10,1999-10-29,21,2.0
ZO,1999-11,1999-11-30,21,0.0
ZO,1999-12,1999-12-30,21,1.0
ZO,2000-01,2000-01-31,20,0.0
ZO,2000-02,2000-02-29,20,0.0
ZO,2000-03,2000-03-31,23,0.0
ZO,2000-04,2000-04-28,19,2.0
ZO,2000-05,2000-05-31,22,0.0
ZO,2000-06,2000-06-30,22,0.0
ZO,2000-07,2000-07-31,20,0.0
ZO,2000-08,2000-08-31,23,0.0
ZO,2000-09,2000-09-29,20,1.0
ZO,2000-10,2000-10-31,22,0.0
ZO,2000-11,2000-11-30,21,0.0
ZO,2000-12,2000-12-29,20,2.0
ZO,2001-01,2001-01-31,21,0.0
ZO,2001-02,2001-02-28,19,0.0
ZO,2001-03,2001-03-30,22,1.0
ZO,2001-04,2001-04-30,20,0.0
ZO,2001-05,2001-05-31,22,0.0
ZO,2001-06,2001-06-29,21,1.0
ZO,2001-07,2001-07-31,21,0.0
ZO,2001-08,2001-08-31,23,0.0
ZO,2001-09,2001-09-28,17,2.0
ZO,2001-10,2001-10-31,23,0.0
ZO,2001-11,2001-11-30,21,0.0
ZO,2001-12,2001-12-31,19,0.0
ZO,2002-01,2002-01-31,21,0.0
ZO,2002-02,2002-02-28,19,0.0
ZO,2002-03,2002-03-28,20,3.0
ZO,2002-04,2002-04-30,22,0.0
ZO,2002-05,2002-05-31,22,0.0
ZO,2002-06,2002-06-28,20,2.0
ZO,2002-07,2002-07-31,22,0.0
ZO,2002-08,2002-08-30,22,1.0
ZO,2002-09,2002-09-30,20,0.0
ZO,2002-10,2002-10-31,23,0.0
ZO,2002-11,2002-11-29,20,1.0
ZO,2002-12,2002-12-31,20,0.0
ZO,2003-01,2003-01-31,21,0.0
ZO,2003-02,2003-02-28,19,0.0
ZO,2003-03,2003-03-31,21,0.0
ZO,2003-04,2003-04-30,21,0.0
ZO,2003-05,2003-05-30,21,1.0
ZO,2003-06,2003-06-30,21,0.0
ZO,2003-07,2003-07-31,22,0.0
ZO,2003-08,2003-08-29,21,2.0
ZO,2003-09,2003-09-30,21,0.0
ZO,2003-10,2003-10-31,23,0.0
ZO,2003-11,2003-11-28,19,2.0
ZO,2003-12,2003-12-31,22,0.0
ZO,2004-01,2004-01-30,20,1.0
ZO,2004-02,2004-02-27,19,2.0
ZO,2004-03,2004-03-31,23,0.0
ZO,2004-04,2004-04-30,21,0.0
ZO,2004-05,2004-05-28,20,3.0
ZO,2004-06,2004-06-30,21,0.0
ZO,2004-07,2004-07-30,21,1.0
ZO,2004-08,2004-08-31,22,0.0
ZO,2004-09,2004-09-30,21,0.0
ZO,2004-10,2004-10-29,21,2.0
ZO,2004-11,2004-11-30,21,0.0
ZO,2004-12,2004-12-30,21,1.0
ZO,2005-01,2005-01-31,20,0.0
ZO,2005-02,2005-02-28,19,0.0
ZO,2005-03,2005-03-31,22,0.0
ZO,2005-04,2005-04-29,21,1.0
ZO,2005-05,2005-05-31,21,0.0
ZO,2005-06,2005-06-30,22,0.0
ZO,2005-07,2005-07-29,20,2.0
ZO,2005-08,2005-08-31,23,0.0
ZO,2005-09,2005-09-30,21,0.0
ZO,2005-10,2005-10-31,21,0.0
ZO,2005-11,2005-11-30,21,0.0
ZO,2005-12,2005-12-30,21,1.0
ZO,2006-01,2006-01-31,20,0.0
ZO,2006-02,2006-02-28,19,0.0
ZO,2006-03,2006-03-31,23,0.0
ZO,2006-04,2006-04-28,19,2.0
ZO,2006-05,2006-05-31,22,0.0
ZO,2006-06,2006-06-30,22,0.0
ZO,2006-07,2006-07-31,20,0.0
ZO,2006-08,2006-08-31,23,0.0
ZO,2006-09,2006-09-29,20,1.0
ZO,2006-10,2006-10-31,22,0.0
ZO,2006-11,2006-11-30,21,0.0
ZO,2006-12,2006-12-29,20,2.0
ZO,2007-01,2007-01-31,20,0.0
ZO,2007-02,2007-02-28,19,0.0
ZO,2007-03,2007-03-30,22,1.0
ZO,2007-04,2007-04-30,20,0.0
ZO,2007-05,2007-05-31,22,0.0
ZO,2007-06,2007-06-29,21,1.0
ZO,2007-07,2007-07-31,21,0.0
ZO,2007-08,2007-08-31,23,0.0
ZO,2007-09,2007-09-28,19,2.0
ZO,2007-10,2007-10-31,23,0.0
ZO,2007-11,2007-11-30,21,0.0
ZO,2007-12,2007-12-31,20,0.0
ZO,2008-01,2008-01-31,21,0.0
ZO,2008-02,2008-02-29,18,0.0
ZO,2008-03,2008-03-31,20,0.0
ZO,2008-04,2008-04-30,22,0.0
ZO,2008-05,2008-05-30,21,1.0
ZO,2008-06,2008-06-30,21,0.0
ZO,2008-07,2008-07-31,22,0.0
ZO,2008-08,2008-08-29,21,2.0
ZO,2008-09,2008-09-30,21,0.0
ZO,2008-10,2008-10-31,23,0.0
ZO,2008-11,2008-11-28,19,2.0
ZO,2008-12,2008-12-31,22,0.0
ZO,2009-01,2009-01-30,20,1.0
ZO,2009-02,2009-02-27,19,1.0
ZO,2009-03,2009-03-31,22,0.0
ZO,2009-04,2009-04-30,21,0.0
ZO,2009-05,2009-05-29,20,2.0
ZO,2009-06,2009-06-30,22,0.0
ZO,2009-07,2009-07-31,23,0.0
ZO,2009-08,2009-08-31,21,0.0
ZO,2009-09,2009-09-30,21,0.0
ZO,2009-10,2009-10-30,22,1.0
ZO,2009-11,2009-11-30,20,0.0
ZO,2009-12,2009-12-31,22,0.0
ZO,2010-01,2010-01-29,19,2.0
ZO,2010-02,2010-02-26,19,2.0
ZO,2010-03,2010-03-31,23,0.0
ZO,2010-04,2010-04-30,21,0.0
ZO,2010-05,2010-05-28,20,3.0
ZO,2010-06,2010-06-30,22,0.0
ZO,2010-07,2010-07-30,21,1.0
ZO,2010-08,2010-08-31,22,0.0
ZO,2010-09,2010-09-30,21,0.0
ZO,2010-10,2010-10-29,21,2.0
ZO,2010-11,2010-11-30,21,0.0
ZO,2010-12,2010-12-31,22,0.0
ZO,2011-01,2011-01-31,20,0.0
ZO,2011-02,2011-02-28,19,0.0
ZO,2011-03,2011-03-31,23,0.0
ZO,2011-04,2011-04-29,20,1.0
ZO,2011-05,2011-05-31,21,0.0
ZO,2011-06,2011-06-30,22,0.0
ZO,2011-07,2011-07-29,20,2.0
ZO,2011-08,2011-08-31,23,0.0
ZO,2011-09,2011-09-30,21,0.0
ZO,2011-10,2011-10-31,21,0.0
ZO,2011-11,2011-11-30,21,0.0
ZO,2011-12,2011-12-30,21,1.0
ZO,2012-01,2012-01-31,20,0.0
ZO,2012-02,2012-02-29,20,0.0
ZO,2012-03,2012-03-30,22,1.0
ZO,2012-04,2012-04-30,20,0.0
ZO,2012-05,2012-05-31,22,0.0
ZO,2012-06,2012-06-29,21,1.0
ZO,2012-07,2012-07-31,21,0.0
ZO,2012-08,2012-08-31,23,0.0
ZO,2012-09,2012-09-28,19,2.0
ZO,2012-10,2012-10-31,23,0.0
ZO,2012-11,2012-11-30,21,0.0
ZO,2012-12,2012-12-31,20,0.0
ZO,2013-01,2013-01-31,21,0.0
ZO,2013-02,2013-02-28,19,0.0
ZO,2013-03,2013-03-28,20,3.0
ZO,2013-04,2013-04-30,22,0.0
ZO,2013-05,2013-05-31,22,0.0
ZO,2013-06,2013-06-28,20,2.0
ZO,2013-07,2013-07-31,22,0.0
ZO,2013-08,2013-08-30,22,1.0
ZO,2013-09,2013-09-30,20,0.0
ZO,2013-10,2013-10-31,23,0.0
ZO,2013-11,2013-11-29,20,1.0
ZO,2013-12,2013-12-31,21,0.0
ZO,2014-01,2014-01-31,21,0.0
ZO,2014-02,2014-02-28,19,0.0
ZO,2014-03,2014-03-31,21,0.0
ZO,2014-04,2014-04-30,21,0.0
ZO,2014-05,2014-05-30,21,1.0
ZO,2014-06,2014-06-30,21,0.0
ZO,2014-07,2014-07-31,22,0.0
ZO,2014-08,2014-08-29,21,2.0
ZO,2014-09,2014-09-30,21,0.0
ZO,2014-10,2014-10-31,23,0.0
ZO,2014-11,2014-11-28,19,2.0
ZO,2014-12,2014-12-31,22,0.0
ZP,1969-01,,0,
ZP,1969-02,,0,
ZP,1969-03,,0,
ZP,1969-04,,0,
ZP,1969-05,,0,
ZP,1969-06,,0,
ZP,1969-07,,0,
ZP,1969-08,,0,
ZP,1969-09,,0,
ZP,1969-10,,0,
ZP,1969-11,,0,
ZP,1969-12,,0,
ZP,1970-01,,0,
ZP,1970-02,,0,
ZP,1970-03,,0,
ZP,1970-04,,0,
ZP,1970-05,,0,
ZP,1970-06,,0,
ZP,1970-07,,0,
ZP,1970-08,,0,
ZP,1970-09,,0,
ZP,1970-10,,0,
ZP,1970-11,,0,
ZP,1970-12,,0,
ZP,1971-01,,0,
ZP,1971-02,,0,
ZP,1971-03,,0,
ZP,1971-04,,0,
ZP,1971-05,,0,
ZP,1971-06,,0,
ZP,1971-07,,0,
ZP,1971-08,,0,
ZP,1971-09,,0,
ZP,1971-10,,0,
ZP,1971-11,,0,
ZP,1971-12,,0,
ZP,1972-01,,0,
ZP,1972-02,,0,
ZP,1972-03,,0,
ZP,1972-04,,0,
ZP,1972-05,,0,
ZP,1972-06,,0,
ZP,1972-07,,0,
ZP,1972-08,,0,
ZP,1972-09,,0,
ZP,1972-10,,0,
ZP,1972-11,,0,
ZP,1972-12,,0,
ZP,1973-01,1973-01-31,21,0.0
ZP,1973-02,1973-02-28,19,0.0
ZP,1973-03,1973-03-30,22,1.0
ZP,1973-04,1973-04-30,20,0.0
ZP,1973-05,1973-05-31,22,0.0
ZP,1973-06,1973-06-29,21,1.0
ZP,1973-07,1973-07-31,21,0.0
ZP,1973-08,1973-08-31,23,0.0
ZP,1973-09,1973-09-28,19,2.0
ZP,1973-10,1973-10-31,21,0.0
ZP,1973-11,1973-11-30,21,0.0
ZP,1973-12,1973-12-28,18,3.0
ZP,1974-01,1974-01-31,22,0.0
ZP,1974-02,1974-02-28,19,0.0
ZP,1974-03,1974-03-29,21,2.0
ZP,1974-04,1974-04-30,21,0.0
ZP,1974-05,1974-05-31,22,0.0
ZP,1974-06,1974-06-28,20,2.0
ZP,1974-07,1974-07-31,22,0.0
ZP,1974-08,1974-08-30,22,1.0
ZP,1974-09,1974-09-30,20,0.0
ZP,1974-10,1974-10-31,23,0.0
ZP,1974-11,1974-11-29,19,1.0
ZP,1974-12,1974-12-31,21,0.0
ZP,1975-01,1975-01-31,22,0.0
ZP,1975-02,1975-02-28,19,0.0
ZP,1975-03,1975-03-31,20,0.0
ZP,1975-04,1975-04-30,22,0.0
ZP,1975-05,1975-05-30,21,1.0
ZP,1975-06,1975-06-30,21,0.0
ZP,1975-07,1975-07-31,22,0.0
ZP,1975-08,1975-08-29,21,2.0
ZP,1975-09,1975-09-30,21,0.0
ZP,1975-10,1975-10-31,23,0.0
ZP,1975-11,1975-11-28,19,2.0
ZP,1975-12,1975-12-31,21,0.0
ZP,1976-01,1976-01-30,20,1.0
ZP,1976-02,1976-02-27,19,2.0
ZP,1976-03,1976-03-31,23,0.0
ZP,1976-04,1976-04-30,21,0.0
ZP,1976-05,1976-05-28,20,3.0
ZP,1976-06,1976-06-30,22,0.0
ZP,1976-07,1976-07-30,21,1.0
ZP,1976-08,1976-08-31,22,0.0
ZP,1976-09,1976-09-30,21,0.0
ZP,1976-10,1976-10-29,21,2.0
ZP,1976-11,1976-11-30,20,0.0
ZP,1976-12,1976-12-30,21,1.0
ZP,1977-01,1977-01-31,21,0.0
ZP,1977-02,1977-02-28,19,0.0
ZP,1977-03,1977-03-31,23,0.0
ZP,1977-04,1977-04-29,20,1.0
ZP,1977-05,1977-05-31,21,0.0
ZP,1977-06,1977-06-30,22,0.0
ZP,1977-07,1977-07-29,19,2.0
ZP,1977-08,1977-08-31,23,0.0
ZP,1977-09,1977-09-30,21,0.0
ZP,1977-10,1977-10-31,21,0.0
ZP,1977-11,1977-11-30,21,0.0
ZP,1977-12,1977-12-30,21,1.0
ZP,1978-01,1978-01-31,20,0.0
ZP,1978-02,1978-02-28,18,0.0
ZP,1978-03,1978-03-31,22,0.0
ZP,1978-04,1978-04-28,20,2.0
ZP,1978-05,1978-05-31,22,0.0
ZP,1978-06,1978-06-30,22,0.0
ZP,1978-07,1978-07-31,20,0.0
ZP,1978-08,1978-08-31,23,0.0
ZP,1978-09,1978-09-29,20,1.0
ZP,1978-10,1978-10-31,22,0.0
ZP,1978-11,1978-11-30,20,0.0
ZP,1978-12,1978-12-29,20,2.0
ZP,1979-01,1979-01-31,22,0.0
ZP,1979-02,1979-02-28,19,0.0
ZP,1979-03,1979-03-30,22,1.0
ZP,1979-04,1979-04-30,20,0.0
ZP,1979-05,1979-05-31,22,0.0
ZP,1979-06,1979-06-29,21,1.0
ZP,1979-07,1979-07-31,21,0.0
ZP,1979-08,1979-08-31,23,0.0
ZP,1979-09,1979-09-28,19,2.0
ZP,1979-10,1979-10-31,23,0.0
ZP,1979-11,1979-11-30,21,0.0
ZP,1979-12,1979-12-28,18,3.0
ZP,1980-01,1980-01-31,22,0.0
ZP,1980-02,1980-02-29,20,0.0
ZP,1980-03,1980-03-31,21,0.0
ZP,1980-04,1980-04-30,21,0.0
ZP,1980-05,1980-05-30,21,1.0
ZP,1980-06,1980-06-30,21,0.0
ZP,1980-07,1980-07-31,22,0.0
ZP,1980-08,1980-08-29,21,2.0
ZP,1980-09,1980-09-30,21,0.0
ZP,1980-10,1980-10-31,23,0.0
ZP,1980-11,1980-11-28,18,2.0
ZP,1980-12,1980-12-31,21,0.0
ZP,1981-01,1981-01-30,20,1.0
ZP,1981-02,1981-02-27,19,1.0
ZP,1981-03,1981-03-31,22,0.0
ZP,1981-04,1981-04-30,21,0.0
ZP,1981-05,1981-05-29,20,2.0
ZP,1981-06,1981-06-30,22,0.0
ZP,1981-07,1981-07-31,22,0.0
ZP,1981-08,1981-08-31,21,0.0
ZP,1981-09,1981-09-30,21,0.0
ZP,1981-10,1981-10-30,22,1.0
ZP,1981-11,1981-11-30,20,0.0
ZP,1981-12,1981-12-31,21,0.0
ZP,1982-01,1982-01-29,20,2.0
ZP,1982-02,1982-02-26,19,2.0
ZP,1982-03,1982-03-31,23,0.0
ZP,1982-04,1982-04-30,21,0.0
ZP,1982-05,1982-05-28,20,3.0
ZP,1982-06,1982-06-30,22,0.0
ZP,1982-07,1982-07-30,21,1.0
ZP,1982-08,1982-08-31,22,0.0
ZP,1982-09,1982-09-30,21,0.0
ZP,1982-10,1982-10-29,21,2.0
ZP,1982-11,1982-11-30,20,0.0
ZP,1982-12,1982-12-30,21,1.0
ZP,1983-01,1983-01-31,21,0.0
ZP,1983-02,1983-02-28,19,0.0
ZP,1983-03,1983-03-31,23,0.0
ZP,1983-04,1983-04-29,20,1.0
ZP,1983-05,1983-05-31,21,0.0
ZP,1983-06,1983-06-30,22,0.0
ZP,1983-07,1983-07-29,20,2.0
ZP,1983-08,1983-08-31,23,0.0
ZP,1983-09,1983-09-30,21,0.0
ZP,1983-10,1983-10-31,21,0.0
ZP,1983-11,1983-11-30,20,0.0
ZP,1983-12,1983-12-30,21,1.0
ZP,1984-01,1984-01-31,21,0.0
ZP,1984-02,1984-02-29,20,0.0
ZP,1984-03,1984-03-30,22,1.0
ZP,1984-04,1984-04-30,20,0.0
ZP,1984-05,1984-05-31,22,0.0
ZP,1984-06,1984-06-29,21,1.0
ZP,1984-07,1984-07-31,21,0.0
ZP,1984-08,1984-08-31,23,0.0
ZP,1984-09,1984-09-28,19,2.0
ZP,1984-10,1984-10-31,23,0.0
ZP,1984-11,1984-11-30,20,0.0
ZP,1984-12,1984-12-28,18,3.0
ZP,1985-01,1985-01-31,22,0.0
ZP,1985-02,1985-02-28,19,0.0
ZP,1985-03,1985-03-29,21,2.0
ZP,1985-04,1985-04-30,21,0.0
ZP,1985-05,1985-05-31,22,0.0
ZP,1985-06,1985-06-28,20,2.0
ZP,1985-07,1985-07-31,21,0.0
ZP,1985-08,1985-08-30,22,1.0
ZP,1985-09,1985-09-30,20,0.0
ZP,1985-10,1985-10-31,23,0.0
ZP,1985-11,1985-11-27,19,3.0
ZP,1985-12,1985-12-31,20,0.0
ZP,1986-01,1986-01-31,22,0.0
ZP,1986-02,1986-02-28,19,0.0
ZP,1986-03,1986-03-31,20,0.0
ZP,1986-04,1986-04-30,22,0.0
ZP,1986-05,1986-05-30,21,1.0
ZP,1986-06,1986-06-30,21,0.0
ZP,1986-07,1986-07-31,21,0.0
ZP,1986-08,1986-08-29,21,2.0
ZP,1986-09,1986-09-30,21,0.0
ZP,1986-10,1986-10-31,23,0.0
ZP,1986-11,1986-11-26,18,4.0
ZP,1986-12,1986-12-31,21,0.0
ZP,1987-01,1987-01-30,21,1.0
ZP,1987-02,1987-02-27,19,1.0
ZP,1987-03,1987-03-31,22,0.0
ZP,1987-04,1987-04-30,21,0.0
ZP,1987-05,1987-05-29,20,2.0
ZP,1987-06,1987-06-30,22,0.0
ZP,1987-07,1987-07-31,22,0.0
ZP,1987-08,1987-08-31,21,0.0
ZP,1987-09,1987-09-30,21,0.0
ZP,1987-10,1987-10-30,22,1.0
ZP,1987-11,1987-11-30,19,0.0
ZP,1987-12,1987-12-31,22,0.0
ZP,1988-01,1988-01-29,20,2.0
ZP,1988-02,1988-02-29,20,0.0
ZP,1988-03,1988-03-31,23,0.0
ZP,1988-04,1988-04-29,20,1.0
ZP,1988-05,1988-05-31,21,0.0
ZP,1988-06,1988-06-30,22,0.0
ZP,1988-07,1988-07-29,20,2.0
ZP,1988-08,1988-08-31,23,0.0
ZP,1988-09,1988-09-30,21,0.0
ZP,1988-10,1988-10-31,21,0.0
ZP,1988-11,1988-11-30,20,0.0
ZP,1988-12,1988-12-30,21,1.0
ZP,1989-01,1989-01-31,21,0.0
ZP,1989-02,1989-02-28,19,0.0
ZP,1989-03,1989-03-31,22,0.0
ZP,1989-04,1989-04-28,20,2.0
ZP,1989-05,1989-05-31,22,0.0
ZP,1989-06,1989-06-30,22,0.0
ZP,1989-07,1989-07-31,19,0.0
ZP,1989-08,1989-08-31,23,0.0
ZP,1989-09,1989-09-29,20,1.0
ZP,1989-10,1989-10-31,22,0.0
ZP,1989-11,1989-11-30,21,0.0
ZP,1989-12,1989-12-29,20,2.0
ZP,1990-01,1990-01-31,22,0.0
ZP,1990-02,1990-02-28,19,0.0
ZP,1990-03,1990-03-30,22,1.0
ZP,1990-04,1990-04-30,20,0.0
ZP,1990-05,1990-05-31,22,0.0
ZP,1990-06,1990-06-29,21,1.0
ZP,1990-07,1990-07-31,21,0.0
ZP,1990-08,1990-08-31,22,0.0
ZP,1990-09,1990-09-28,19,2.0
ZP,1990-10,1990-10-31,23,0.0
ZP,1990-11,1990-11-30,21,0.0
ZP,1990-12,1990-12-31,19,0.0
ZP,1991-01,1991-01-31,22,0.0
ZP,1991-02,1991-02-28,19,0.0
ZP,1991-03,1991-03-28,20,3.0
ZP,1991-04,1991-04-30,22,0.0
ZP,1991-05,1991-05-31,22,0.0
ZP,1991-06,1991-06-28,20,2.0
ZP,1991-07,1991-07-31,22,0.0
ZP,1991-08,1991-08-30,22,1.0
ZP,1991-09,1991-09-30,20,0.0
ZP,1991-10,1991-10-31,23,0.0
ZP,1991-11,1991-11-29,20,1.0
ZP,1991-12,1991-12-31,21,0.0
ZP,1992-01,1992-01-31,22,0.0
ZP,1992-02,1992-02-28,19,1.0
ZP,1992-03,1992-03-31,22,0.0
ZP,1992-04,1992-04-30,21,0.0
ZP,1992-05,1992-05-29,20,2.0
ZP,1992-06,1992-06-30,22,0.0
ZP,1992-07,1992-07-31,22,0.0
ZP,1992-08,1992-08-31,21,0.0
ZP,1992-09,1992-09-30,21,0.0
ZP,1992-10,1992-10-30,22,1.0
ZP,1992-11,1992-11-30,19,0.0
ZP,1992-12,1992-12-31,21,0.0
ZP,1993-01,1993-01-29,20,2.0
ZP,1993-02,1993-02-26,19,2.0
ZP,1993-03,1993-03-31,22,0.0
ZP,1993-04,1993-04-30,21,0.0
ZP,1993-05,1993-05-28,20,3.0
ZP,1993-06,1993-06-30,22,0.0
ZP,1993-07,1993-07-30,21,1.0
ZP,1993-08,1993-08-31,22,0.0
ZP,1993-09,1993-09-30,21,0.0
ZP,1993-10,1993-10-29,21,2.0
ZP,1993-11,1993-11-30,20,0.0
ZP,1993-12,1993-12-30,21,1.0
ZP,1994-01,1994-01-31,21,0.0
ZP,1994-02,1994-02-28,19,0.0
ZP,1994-03,1994-03-31,23,0.0
ZP,1994-04,1994-04-29,19,1.0
ZP,1994-05,1994-05-31,21,0.0
ZP,1994-06,1994-06-30,22,0.0
ZP,1994-07,1994-07-29,20,2.0
ZP,1994-08,1994-08-31,23,0.0
ZP,1994-09,1994-09-30,21,0.0
ZP,1994-10,1994-10-31,21,0.0
ZP,1994-11,1994-11-30,20,0.0
ZP,1994-12,1994-12-30,21,1.0
ZP,1995-01,1995-01-31,21,0.0
ZP,1995-02,1995-02-28,19,0.0
ZP,1995-03,1995-03-31,23,0.0
ZP,1995-04,1995-04-28,19,2.0
ZP,1995-05,1995-05-31,22,0.0
ZP,1995-06,1995-06-30,22,0.0
ZP,1995-07,1995-07-31,19,0.0
ZP,1995-08,1995-08-31,23,0.0
ZP,1995-09,1995-09-29,20,1.0
ZP,1995-10,1995-10-31,22,0.0
ZP,1995-11,1995-11-30,20,0.0
ZP,1995-12,1995-12-29,20,2.0
ZP,1996-01,1996-01-31,21,0.0
ZP,1996-02,1996-02-29,20,0.0
ZP,1996-03,1996-03-29,21,2.0
ZP,1996-04,1996-04-30,21,0.0
ZP,1996-05,1996-05-31,22,0.0
ZP,1996-06,1996-06-28,20,2.0
ZP,1996-07,1996-07-31,21,0.0
ZP,1996-08,1996-08-30,22,1.0
ZP,1996-09,1996-09-30,20,0.0
ZP,1996-10,1996-10-31,23,0.0
ZP,1996-11,1996-11-27,19,3.0
ZP,1996-12,1996-12-31,21,0.0
ZP,1997-01,1997-01-31,22,0.0
ZP,1997-02,1997-02-28,19,0.0
ZP,1997-03,1997-03-31,20,0.0
ZP,1997-04,1997-04-30,22,0.0
ZP,1997-05,1997-05-30,21,1.0
ZP,1997-06,1997-06-30,21,0.0
ZP,1997-07,1997-07-31,22,0.0
ZP,1997-08,1997-08-29,21,2.0
ZP,1997-09,1997-09-30,21,0.0
ZP,1997-10,1997-10-31,23,0.0
ZP,1997-11,1997-11-26,18,4.0
ZP,1997-12,1997-12-31,22,0.0
ZP,1998-01,1998-01-30,20,1.0
ZP,1998-02,1998-02-27,19,1.0
ZP,1998-03,1998-03-31,22,0.0
ZP,1998-04,1998-04-30,21,0.0
ZP,1998-05,1998-05-29,20,2.0
ZP,1998-06,1998-06-30,22,0.0
ZP,1998-07,1998-07-31,22,0.0
ZP,1998-08,1998-08-31,21,0.0
ZP,1998-09,1998-09-30,21,0.0
ZP,1998-10,1998-10-30,22,1.0
ZP,1998-11,1998-11-30,19,0.0
ZP,1998-12,1998-12-31,22,0.0
ZP,1999-01,1999-01-29,19,2.0
ZP,1999-02,1999-02-26,19,2.0
ZP,1999-03,1999-03-31,23,0.0
ZP,1999-04,1999-04-30,21,0.0
ZP,1999-05,1999-05-28,20,3.0
ZP,1999-06,1999-06-30,22,0.0
ZP,1999-07,1999-07-30,21,1.0
ZP,1999-08,1999-08-31,22,0.0
ZP,1999-09,1999-09-30,21,0.0
ZP,1999-10,1999-10-29,21,2.0
ZP,1999-11,1999-11-30,20,0.0
ZP,1999-12,1999-12-30,21,1.0
ZP,2000-01,2000-01-31,19,0.0
ZP,2000-02,2000-02-29,20,0.0
ZP,2000-03,2000-03-31,23,0.0
ZP,2000-04,2000-04-28,19,2.0
ZP,2000-05,2000-05-31,22,0.0
ZP,2000-06,2000-06-30,22,0.0
ZP,2000-07,2000-07-31,19,0.0
ZP,2000-08,2000-08-31,23,0.0
ZP,2000-09,2000-09-29,20,1.0
ZP,2000-10,2000-10-31,22,0.0
ZP,2000-11,2000-11-30,20,0.0
ZP,2000-12,2000-12-29,20,2.0
ZP,2001-01,2001-01-31,21,0.0
ZP,2001-02,2001-02-28,19,0.0
ZP,2001-03,2001-03-30,22,1.0
ZP,2001-04,2001-04-30,20,0.0
ZP,2001-05,2001-05-31,22,0.0
ZP,2001-06,2001-06-29,21,1.0
ZP,2001-07,2001-07-31,21,0.0
ZP,2001-08,2001-08-31,23,0.0
ZP,2001-09,2001-09-28,17,2.0
ZP,2001-10,2001-10-31,23,0.0
ZP,2001-11,2001-11-30,20,0.0
ZP,2001-12,2001-12-31,19,0.0
ZP,2002-01,2002-01-31,21,0.0
ZP,2002-02,2002-02-28,19,0.0
ZP,2002-03,2002-03-28,20,3.0
ZP,2002-04,2002-04-30,22,0.0
ZP,2002-05,2002-05-31,22,0.0
ZP,2002-06,2002-06-28,20,2.0
ZP,2002-07,2002-07-31,21,0.0
ZP,2002-08,2002-08-30,22,1.0
ZP,2002-09,2002-09-30,20,0.0
ZP,2002-10,2002-10-31,23,0.0
ZP,2002-11,2002-11-27,19,3.0
ZP,2002-12,2002-12-31,21,0.0
ZP,2003-01,2003-01-31,21,0.0
ZP,2003-02,2003-02-28,19,0.0
ZP,2003-03,2003-03-31,21,0.0
ZP,2003-04,2003-04-30,21,0.0
ZP,2003-05,2003-05-30,21,1.0
ZP,2003-06,2003-06-30,21,0.0
ZP,2003-07,2003-07-31,22,0.0
ZP,2003-08,2003-08-29,21,2.0
ZP,2003-09,2003-09-30,21,0.0
ZP,2003-10,2003-10-31,23,0.0
ZP,2003-11,2003-11-26,18,4.0
ZP,2003-12,2003-12-31,21,0.0
ZP,2004-01,2004-01-30,19,1.0
ZP,2004-02,2004-02-27,19,2.0
ZP,2004-03,2004-03-31,23,0.0
ZP,2004-04,2004-04-30,21,0.0
ZP,2004-05,2004-05-28,20,3.0
ZP,2004-06,2004-06-30,21,0.0
ZP,2004-07,2004-07-30,21,1.0
ZP,2004-08,2004-08-31,22,0.0
ZP,2004-09,2004-09-30,21,0.0
ZP,2004-10,2004-10-29,21,2.0
ZP,2004-11,2004-11-30,20,0.0
ZP,2004-12,2004-12-30,21,1.0
ZP,2005-01,2005-01-31,20,0.0
ZP,2005-02,2005-02-28,19,0.0
ZP,2005-03,2005-03-31,22,0.0
ZP,2005-04,2005-04-29,21,1.0
ZP,2005-05,2005-05-31,21,0.0
ZP,2005-06,2005-06-30,22,0.0
ZP,2005-07,2005-07-29,20,2.0
ZP,2005-08,2005-08-31,23,0.0
ZP,2005-09,2005-09-30,21,0.0
ZP,2005-10,2005-10-31,21,0.0
ZP,2005-11,2005-11-30,20,0.0
ZP,2005-12,2005-12-30,21,1.0
ZP,2006-01,2006-01-31,20,0.0
ZP,2006-02,2006-02-28,19,0.0
ZP,2006-03,2006-03-31,23,0.0
ZP,2006-04,2006-04-28,19,2.0
ZP,2006-05,2006-05-31,22,0.0
ZP,2006-06,2006-06-30,22,0.0
ZP,2006-07,2006-07-31,19,0.0
ZP,2006-08,2006-08-31,23,0.0
ZP,2006-09,2006-09-29,20,1.0
ZP,2006-10,2006-10-31,22,0.0
ZP,2006-11,2006-11-30,20,0.0
ZP,2006-12,2006-12-29,20,2.0
ZP,2007-01,2007-01-31,20,0.0
ZP,2007-02,2007-02-28,19,0.0
ZP,2007-03,2007-03-30,22,1.0
ZP,2007-04,2007-04-30,20,0.0
ZP,2007-05,2007-05-31,22,0.0
ZP,2007-06,2007-06-29,21,1.0
ZP,2007-07,2007-07-31,21,0.0
ZP,2007-08,2007-08-31,23,0.0
ZP,2007-09,2007-09-28,19,2.0
ZP,2007-10,2007-10-31,23,0.0
ZP,2007-11,2007-11-30,21,0.0
ZP,2007-12,2007-12-31,20,0.0
ZP,2008-01,2008-01-31,21,0.0
ZP,2008-02,2008-02-29,20,0.0
ZP,2008-03,2008-03-31,20,0.0
ZP,2008-04,2008-04-30,22,0.0
ZP,2008-05,2008-05-30,22,1.0
ZP,2008-06,2008-06-30,21,0.0
ZP,2008-07,2008-07-31,23,0.0
ZP,2008-08,2008-08-29,21,2.0
ZP,2008-09,2008-09-30,22,0.0
ZP,2008-10,2008-10-31,23,0.0
ZP,2008-11,2008-11-28,19,2.0
ZP,2008-12,2008-12-31,22,0.0
ZP,2009-01,2009-01-30,20,1.0
ZP,2009-02,2009-02-27,19,1.0
ZP,2009-03,2009-03-31,22,0.0
ZP,2009-04,2009-04-30,21,0.0
ZP,2009-05,2009-05-29,20,2.0
ZP,2009-06,2009-06-30,22,0.0
ZP,2009-07,2009-07-31,23,0.0
ZP,2009-08,2009-08-31,21,0.0
ZP,2009-09,2009-09-30,21,0.0
ZP,2009-10,2009-10-30,22,1.0
ZP,2009-11,2009-11-30,20,0.0
ZP,2009-12,2009-12-31,22,0.0
ZP,2010-01,2010-01-29,19,2.0
ZP,2010-02,2010-02-26,19,2.0
ZP,2010-03,2010-03-31,23,0.0
ZP,2010-04,2010-04-30,21,0.0
ZP,2010-05,2010-05-28,20,3.0
ZP,2010-06,2010-06-30,22,0.0
ZP,2010-07,2010-07-30,21,1.0
ZP,2010-08,2010-08-31,22,0.0
ZP,2010-09,2010-09-30,21,0.0
ZP,2010-10,2010-10-29,21,2.0
ZP,2010-11,2010-11-30,21,0.0
ZP,2010-12,2010-12-31,22,0.0
ZP,2011-01,2011-01-31,20,0.0
ZP,2011-02,2011-02-28,19,0.0
ZP,2011-03,2011-03-31,23,0.0
ZP,2011-04,2011-04-29,20,1.0
ZP,2011-05,2011-05-31,21,0.0
ZP,2011-06,2011-06-30,22,0.0
ZP,2011-07,2011-07-29,20,2.0
ZP,2011-08,2011-08-31,23,0.0
ZP,2011-09,2011-09-30,21,0.0
ZP,2011-10,2011-10-31,21,0.0
ZP,2011-11,2011-11-30,21,0.0
ZP,2011-12,2011-12-30,21,1.0
ZP,2012-01,2012-01-31,20,0.0
ZP,2012-02,2012-02-29,20,0.0
ZP,2012-03,2012-03-30,22,1.0
ZP,2012-04,2012-04-30,20,0.0
ZP,2012-05,2012-05-31,22,0.0
ZP,2012-06,2012-06-29,21,1.0
ZP,2012-07,2012-07-31,21,0.0
ZP,2012-08,2012-08-31,23,0.0
ZP,2012-09,2012-09-28,19,2.0
ZP,2012-10,2012-10-31,23,0.0
ZP,2012-11,2012-11-30,21,0.0
ZP,2012-12,2012-12-31,20,0.0
ZP,2013-01,2013-01-31,21,0.0
ZP,2013-02,2013-02-28,19,0.0
ZP,2013-03,2013-03-28,20,3.0
ZP,2013-04,2013-04-30,22,0.0
ZP,2013-05,2013-05-31,22,0.0
ZP,2013-06,2013-06-28,20,2.0
ZP,2013-07,2013-07-31,22,0.0
ZP,2013-08,2013-08-30,22,1.0
ZP,2013-09,2013-09-30,20,0.0
ZP,2013-10,2013-10-31,23,0.0
ZP,2013-11,2013-11-29,20,1.0
ZP,2013-12,2013-12-31,21,0.0
ZP,2014-01,2014-01-31,21,0.0
ZP,2014-02,2014-02-28,19,0.0
ZP,2014-03,2014-03-31,21,0.0
ZP,2014-04,2014-04-30,21,0.0
ZP,2014-05,2014-05-30,21,1.0
ZP,2014-06,2014-06-30,21,0.0
ZP,2014-07,2014-07-31,22,0.0
ZP,2014-08,2014-08-29,21,2.0
ZP,2014-09,2014-09-30,21,0.0
ZP,2014-10,2014-10-31,23,0.0
ZP,2014-11,2014-11-28,19,2.0
ZP,2014-12,2014-12-31,22,0.0
ZR,1969-01,,0,
ZR,1969-02,,0,
ZR,1969-03,,0,
ZR,1969-04,,0,
ZR,1969-05,,0,
ZR,1969-06,,0,
ZR,1969-07,,0,
ZR,1969-08,,0,
ZR,1969-09,,0,
ZR,1969-10,,0,
ZR,1969-11,,0,
ZR,1969-12,,0,
ZR,1970-01,,0,
ZR,1970-02,,0,
ZR,1970-03,,0,
ZR,1970-04,,0,
ZR,1970-05,,0,
ZR,1970-06,,0,
ZR,1970-07,,0,
ZR,1970-08,,0,
ZR,1970-09,,0,
ZR,1970-10,,0,
ZR,1970-11,,0,
ZR,1970-12,,0,
ZR,1971-01,,0,
ZR,1971-02,,0,
ZR,1971-03,,0,
ZR,1971-04,,0,
ZR,1971-05,,0,
ZR,1971-06,,0,
ZR,1971-07,,0,
ZR,1971-08,,0,
ZR,1971-09,,0,
ZR,1971-10,,0,
ZR,1971-11,,0,
ZR,1971-12,,0,
ZR,1972-01,,0,
ZR,1972-02,,0,
ZR,1972-03,,0,
ZR,1972-04,,0,
ZR,1972-05,,0,
ZR,1972-06,,0,
ZR,1972-07,,0,
ZR,1972-08,,0,
ZR,1972-09,,0,
ZR,1972-10,,0,
ZR,1972-11,,0,
ZR,1972-12,,0,
ZR,1973-01,,0,
ZR,1973-02,,0,
ZR,1973-03,,0,
ZR,1973-04,,0,
ZR,1973-05,,0,
ZR,1973-06,,0,
ZR,1973-07,,0,
ZR,1973-08,,0,
ZR,1973-09,,0,
ZR,1973-10,,0,
ZR,1973-11,,0,
ZR,1973-12,,0,
ZR,1974-01,,0,
ZR,1974-02,,0,
ZR,1974-03,,0,
ZR,1974-04,,0,
ZR,1974-05,,0,
ZR,1974-06,,0,
ZR,1974-07,,0,
ZR,1974-08,,0,
ZR,1974-09,,0,
ZR,1974-10,,0,
ZR,1974-11,,0,
ZR,1974-12,,0,
ZR,1975-01,,0,
ZR,1975-02,,0,
ZR,1975-03,,0,
ZR,1975-04,,0,
ZR,1975-05,,0,
ZR,1975-06,,0,
ZR,1975-07,,0,
ZR,1975-08,,0,
ZR,1975-09,,0,
ZR,1975-10,,0,
ZR,1975-11,,0,
ZR,1975-12,,0,
ZR,1976-01,,0,
ZR,1976-02,,0,
ZR,1976-03,,0,
ZR,1976-04,,0,
ZR,1976-05,,0,
ZR,1976-06,,0,
ZR,1976-07,,0,
ZR,1976-08,,0,
ZR,1976-09,,0,
ZR,1976-10,,0,
ZR,1976-11,,0,
ZR,1976-12,,0,
ZR,1977-01,,0,
ZR,1977-02,,0,
ZR,1977-03,,0,
ZR,1977-04,,0,
ZR,1977-05,,0,
ZR,1977-06,,0,
ZR,1977-07,,0,
ZR,1977-08,,0,
ZR,1977-09,,0,
ZR,1977-10,,0,
ZR,1977-11,,0,
ZR,1977-12,,0,
ZR,1978-01,,0,
ZR,1978-02,,0,
ZR,1978-03,,0,
ZR,1978-04,,0,
ZR,1978-05,,0,
ZR,1978-06,,0,
ZR,1978-07,,0,
ZR,1978-08,,0,
ZR,1978-09,,0,
ZR,1978-10,,0,
ZR,1978-11,,0,
ZR,1978-12,,0,
ZR,1979-01,,0,
ZR,1979-02,,0,
ZR,1979-03,,0,
ZR,1979-04,,0,
ZR,1979-05,,0,
ZR,1979-06,,0,
ZR,1979-07,,0,
ZR,1979-08,,0,
ZR,1979-09,,0,
ZR,1979-10,,0,
ZR,1979-11,,0,
ZR,1979-12,,0,
ZR,1980-01,,0,
ZR,1980-02,,0,
ZR,1980-03,,0,
ZR,1980-04,,0,
ZR,1980-05,,0,
ZR,1980-06,,0,
ZR,1980-07,,0,
ZR,1980-08,,0,
ZR,1980-09,,0,
ZR,1980-10,,0,
ZR,1980-11,,0,
ZR,1980-12,,0,
ZR,1981-01,,0,
ZR,1981-02,,0,
ZR,1981-03,,0,
ZR,1981-04,,0,
ZR,1981-05,,0,
ZR,1981-06,,0,
ZR,1981-07,,0,
ZR,1981-08,,0,
ZR,1981-09,,0,
ZR,1981-10,,0,
ZR,1981-11,,0,
ZR,1981-12,,0,
ZR,1982-01,,0,
ZR,1982-02,,0,
ZR,1982-03,,0,
ZR,1982-04,,0,
ZR,1982-05,,0,
ZR,1982-06,,0,
ZR,1982-07,,0,
ZR,1982-08,,0,
ZR,1982-09,,0,
ZR,1982-10,,0,
ZR,1982-11,,0,
ZR,1982-12,,0,
ZR,1983-01,,0,
ZR,1983-02,,0,
ZR,1983-03,,0,
ZR,1983-04,,0,
ZR,1983-05,,0,
ZR,1983-06,,0,
ZR,1983-07,,0,
ZR,1983-08,,0,
ZR,1983-09,,0,
ZR,1983-10,,0,
ZR,1983-11,,0,
ZR,1983-12,,0,
ZR,1984-01,,0,
ZR,1984-02,,0,
ZR,1984-03,,0,
ZR,1984-04,,0,
ZR,1984-05,,0,
ZR,1984-06,,0,
ZR,1984-07,,0,
ZR,1984-08,,0,
ZR,1984-09,,0,
ZR,1984-10,,0,
ZR,1984-11,,0,
ZR,1984-12,,0,
ZR,1985-01,,0,
ZR,1985-02,,0,
ZR,1985-03,,0,
ZR,1985-04,,0,
ZR,1985-05,,0,
ZR,1985-06,,0,
ZR,1985-07,,0,
ZR,1985-08,,0,
ZR,1985-09,,0,
ZR,1985-10,,0,
ZR,1985-11,,0,
ZR,1985-12,,0,
ZR,1986-01,,0,
ZR,1986-02,,0,
ZR,1986-03,,0,
ZR,1986-04,,0,
ZR,1986-05,,0,
ZR,1986-06,,0,
ZR,1986-07,,0,
ZR,1986-08,,0,
ZR,1986-09,,0,
ZR,1986-10,,0,
ZR,1986-11,,0,
ZR,1986-12,,0,
ZR,1987-01,1987-01-30,21,1.0
ZR,1987-02,1987-02-27,19,1.0
ZR,1987-03,1987-03-31,22,0.0
ZR,1987-04,1987-04-30,21,0.0
ZR,1987-05,1987-05-29,20,2.0
ZR,1987-06,1987-06-30,22,0.0
ZR,1987-07,1987-07-31,22,0.0
ZR,1987-08,1987-08-31,21,0.0
ZR,1987-09,1987-09-30,21,0.0
ZR,1987-10,1987-10-30,22,1.0
ZR,1987-11,1987-11-30,20,0.0
ZR,1987-12,1987-12-31,22,0.0
ZR,1988-01,1988-01-29,20,2.0
ZR,1988-02,1988-02-29,20,0.0
ZR,1988-03,1988-03-31,23,0.0
ZR,1988-04,1988-04-29,20,1.0
ZR,1988-05,1988-05-31,21,0.0
ZR,1988-06,1988-06-30,22,0.0
ZR,1988-07,1988-07-29,20,2.0
ZR,1988-08,1988-08-31,23,0.0
ZR,1988-09,1988-09-30,21,0.0
ZR,1988-10,1988-10-31,21,0.0
ZR,1988-11,1988-11-30,21,0.0
ZR,1988-12,1988-12-30,21,1.0
ZR,1989-01,1989-01-31,21,0.0
ZR,1989-02,1989-02-28,18,0.0
ZR,1989-03,1989-03-31,22,0.0
ZR,1989-04,1989-04-28,19,2.0
ZR,1989-05,1989-05-31,21,0.0
ZR,1989-06,1989-06-30,21,0.0
ZR,1989-07,1989-07-31,16,0.0
ZR,1989-08,1989-08-31,23,0.0
ZR,1989-09,1989-09-29,20,1.0
ZR,1989-10,1989-10-31,21,0.0
ZR,1989-11,1989-11-30,21,0.0
ZR,1989-12,1989-12-29,20,2.0
ZR,1990-01,1990-01-31,22,0.0
ZR,1990-02,1990-02-28,19,0.0
ZR,1990-03,1990-03-30,22,1.0
ZR,1990-04,1990-04-30,20,0.0
ZR,1990-05,1990-05-31,22,0.0
ZR,1990-06,1990-06-29,21,1.0
ZR,1990-07,1990-07-31,21,0.0
ZR,1990-08,1990-08-31,23,0.0
ZR,1990-09,1990-09-28,19,2.0
ZR,1990-10,1990-10-31,23,0.0
ZR,1990-11,1990-11-30,21,0.0
ZR,1990-12,1990-12-31,20,0.0
ZR,1991-01,1991-01-31,21,0.0
ZR,1991-02,1991-02-28,19,0.0
ZR,1991-03,1991-03-28,19,3.0
ZR,1991-04,1991-04-30,22,0.0
ZR,1991-05,1991-05-31,21,0.0
ZR,1991-06,1991-06-28,20,2.0
ZR,1991-07,1991-07-31,22,0.0
ZR,1991-08,1991-08-30,22,1.0
ZR,1991-09,1991-09-30,20,0.0
ZR,1991-10,1991-10-31,23,0.0
ZR,1991-11,1991-11-29,20,1.0
ZR,1991-12,1991-12-31,21,0.0
ZR,1992-01,1992-01-31,22,0.0
ZR,1992-02,1992-02-28,19,1.0
ZR,1992-03,1992-03-31,22,0.0
ZR,1992-04,1992-04-30,20,0.0
ZR,1992-05,1992-05-29,20,2.0
ZR,1992-06,1992-06-30,22,0.0
ZR,1992-07,1992-07-31,22,0.0
ZR,1992-08,1992-08-31,21,0.0
ZR,1992-09,1992-09-30,21,0.0
ZR,1992-10,1992-10-30,22,1.0
ZR,1992-11,1992-11-30,20,0.0
ZR,1992-12,1992-12-31,22,0.0
ZR,1993-01,1993-01-29,20,2.0
ZR,1993-02,1993-02-26,19,2.0
ZR,1993-03,1993-03-31,23,0.0
ZR,1993-04,1993-04-30,21,0.0
ZR,1993-05,1993-05-28,20,3.0
ZR,1993-06,1993-06-30,22,0.0
ZR,1993-07,1993-07-30,21,1.0
ZR,1993-08,1993-08-31,22,0.0
ZR,1993-09,1993-09-30,21,0.0
ZR,1993-10,1993-10-29,21,2.0
ZR,1993-11,1993-11-30,21,0.0
ZR,1993-12,1993-12-30,21,1.0
ZR,1994-01,1994-01-31,21,0.0
ZR,1994-02,1994-02-28,19,0.0
ZR,1994-03,1994-03-31,23,0.0
ZR,1994-04,1994-04-29,19,1.0
ZR,1994-05,1994-05-31,21,0.0
ZR,1994-06,1994-06-30,22,0.0
ZR,1994-07,1994-07-29,20,2.0
ZR,1994-08,1994-08-31,23,0.0
ZR,1994-09,1994-09-30,21,0.0
ZR,1994-10,1994-10-31,21,0.0
ZR,1994-11,1994-11-30,21,0.0
ZR,1994-12,1994-12-30,21,1.0
ZR,1995-01,1995-01-31,21,0.0
ZR,1995-02,1995-02-28,19,0.0
ZR,1995-03,1995-03-31,23,0.0
ZR,1995-04,1995-04-28,19,2.0
ZR,1995-05,1995-05-31,22,0.0
ZR,1995-06,1995-06-30,22,0.0
ZR,1995-07,1995-07-31,20,0.0
ZR,1995-08,1995-08-31,23,0.0
ZR,1995-09,1995-09-29,20,1.0
ZR,1995-10,1995-10-31,22,0.0
ZR,1995-11,1995-11-30,21,0.0
ZR,1995-12,1995-12-29,20,2.0
ZR,1996-01,1996-01-31,22,0.0
ZR,1996-02,1996-02-29,20,0.0
ZR,1996-03,1996-03-29,21,2.0
ZR,1996-04,1996-04-30,21,0.0
ZR,1996-05,1996-05-31,22,0.0
ZR,1996-06,1996-06-28,20,2.0
ZR,1996-07,1996-07-31,22,0.0
ZR,1996-08,1996-08-30,22,1.0
ZR,1996-09,1996-09-30,20,0.0
ZR,1996-10,1996-10-31,23,0.0
ZR,1996-11,1996-11-29,20,1.0
ZR,1996-12,1996-12-31,21,0.0
ZR,1997-01,1997-01-31,22,0.0
ZR,1997-02,1997-02-28,19,0.0
ZR,1997-03,1997-03-31,20,0.0
ZR,1997-04,1997-04-30,22,0.0
ZR,1997-05,1997-05-30,21,1.0
ZR,1997-06,1997-06-30,21,0.0
ZR,1997-07,1997-07-31,22,0.0
ZR,1997-08,1997-08-29,21,2.0
ZR,1997-09,1997-09-30,21,0.0
ZR,1997-10,1997-10-31,23,0.0
ZR,1997-11,1997-11-28,19,2.0
ZR,1997-12,1997-12-31,22,0.0
ZR,1998-01,1998-01-30,20,1.0
ZR,1998-02,1998-02-27,19,1.0
ZR,1998-03,1998-03-31,22,0.0
ZR,1998-04,1998-04-30,21,0.0
ZR,1998-05,1998-05-29,20,2.0
ZR,1998-06,1998-06-30,22,0.0
ZR,1998-07,1998-07-31,22,0.0
ZR,1998-08,1998-08-31,21,0.0
ZR,1998-09,1998-09-30,21,0.0
ZR,1998-10,1998-10-30,22,1.0
ZR,1998-11,1998-11-30,20,0.0
ZR,1998-12,1998-12-31,22,0.0
ZR,1999-01,1999-01-29,19,2.0
ZR,1999-02,1999-02-26,19,2.0
ZR,1999-03,1999-03-31,23,0.0
ZR,1999-04,1999-04-30,21,0.0
ZR,1999-05,1999-05-28,20,3.0
ZR,1999-06,1999-06-30,22,0.0
ZR,1999-07,1999-07-30,21,1.0
ZR,1999-08,1999-08-31,22,0.0
ZR,1999-09,1999-09-30,21,0.0
ZR,1999-10,1999-10-29,21,2.0
ZR,1999-11,1999-11-30,21,0.0
ZR,1999-12,1999-12-30,21,1.0
ZR,2000-01,2000-01-31,20,0.0
ZR,2000-02,2000-02-29,20,0.0
ZR,2000-03,2000-03-31,23,0.0
ZR,2000-04,2000-04-28,19,2.0
ZR,2000-05,2000-05-31,22,0.0
ZR,2000-06,2000-06-30,22,0.0
ZR,2000-07,2000-07-31,20,0.0
ZR,2000-08,2000-08-31,23,0.0
ZR,2000-09,2000-09-29,20,1.0
ZR,2000-10,2000-10-31,22,0.0
ZR,2000-11,2000-11-30,21,0.0
ZR,2000-12,2000-12-29,20,2.0
ZR,2001-01,2001-01-31,21,0.0
ZR,2001-02,2001-02-28,19,0.0
ZR,2001-03,2001-03-30,22,1.0
ZR,2001-04,2001-04-30,20,0.0
ZR,2001-05,2001-05-31,22,0.0
ZR,2001-06,2001-06-29,21,1.0
ZR,2001-07,2001-07-31,21,0.0
ZR,2001-08,2001-08-31,23,0.0
ZR,2001-09,2001-09-28,17,2.0
ZR,2001-10,2001-10-31,23,0.0
ZR,2001-11,2001-11-30,21,0.0
ZR,2001-12,2001-12-31,19,0.0
ZR,2002-01,2002-01-31,21,0.0
ZR,2002-02,2002-02-28,19,0.0
ZR,2002-03,2002-03-28,20,3.0
ZR,2002-04,2002-04-30,22,0.0
ZR,2002-05,2002-05-31,22,0.0
ZR,2002-06,2002-06-28,20,2.0
ZR,2002-07,2002-07-31,22,0.0
ZR,2002-08,2002-08-30,22,1.0
ZR,2002-09,2002-09-30,20,0.0
ZR,2002-10,2002-10-31,23,0.0
ZR,2002-11,2002-11-29,20,1.0
ZR,2002-12,2002-12-31,20,0.0
ZR,2003-01,2003-01-31,21,0.0
ZR,2003-02,2003-02-28,19,0.0
ZR,2003-03,2003-03-31,21,0.0
ZR,2003-04,2003-04-30,21,0.0
ZR,2003-05,2003-05-30,21,1.0
ZR,2003-06,2003-06-30,21,0.0
ZR,2003-07,2003-07-31,22,0.0
ZR,2003-08,2003-08-29,21,2.0
ZR,2003-09,2003-09-30,21,0.0
ZR,2003-10,2003-10-31,23,0.0
ZR,2003-11,2003-11-28,19,2.0
ZR,2003-12,2003-12-31,22,0.0
ZR,2004-01,2004-01-30,20,1.0
ZR,2004-02,2004-02-27,19,2.0
ZR,2004-03,2004-03-31,23,0.0
ZR,2004-04,2004-04-30,21,0.0
ZR,2004-05,2004-05-28,20,3.0
ZR,2004-06,2004-06-30,21,0.0
ZR,2004-07,2004-07-30,21,1.0
ZR,2004-08,2004-08-31,22,0.0
ZR,2004-09,2004-09-30,21,0.0
ZR,2004-10,2004-10-29,21,2.0
ZR,2004-11,2004-11-30,21,0.0
ZR,2004-12,2004-12-30,21,1.0
ZR,2005-01,2005-01-31,20,0.0
ZR,2005-02,2005-02-28,19,0.0
ZR,2005-03,2005-03-31,22,0.0
ZR,2005-04,2005-04-29,21,1.0
ZR,2005-05,2005-05-31,21,0.0
ZR,2005-06,2005-06-30,22,0.0
ZR,2005-07,2005-07-29,20,2.0
ZR,2005-08,2005-08-31,23,0.0
ZR,2005-09,2005-09-30,21,0.0
ZR,2005-10,2005-10-31,21,0.0
ZR,2005-11,2005-11-30,21,0.0
ZR,2005-12,2005-12-30,21,1.0
ZR,2006-01,2006-01-31,20,0.0
ZR,2006-02,2006-02-28,19,0.0
ZR,2006-03,2006-03-31,23,0.0
ZR,2006-04,2006-04-28,19,2.0
ZR,2006-05,2006-05-31,22,0.0
ZR,2006-06,2006-06-30,22,0.0
ZR,2006-07,2006-07-31,20,0.0
ZR,2006-08,2006-08-31,23,0.0
ZR,2006-09,2006-09-29,20,1.0
ZR,2006-10,2006-10-31,22,0.0
ZR,2006-11,2006-11-30,21,0.0
ZR,2006-12,2006-12-29,20,2.0
ZR,2007-01,2007-01-31,20,0.0
ZR,2007-02,2007-02-28,19,0.0
ZR,2007-03,2007-03-30,22,1.0
ZR,2007-04,2007-04-30,20,0.0
ZR,2007-05,2007-05-31,22,0.0
ZR,2007-06,2007-06-29,21,1.0
ZR,2007-07,2007-07-31,21,0.0
ZR,2007-08,2007-08-31,23,0.0
ZR,2007-09,2007-09-28,19,2.0
ZR,2007-10,2007-10-31,23,0.0
ZR,2007-11,2007-11-30,21,0.0
ZR,2007-12,2007-12-31,20,0.0
ZR,2008-01,2008-01-31,21,0.0
ZR,2008-02,2008-02-29,20,0.0
ZR,2008-03,2008-03-31,20,0.0
ZR,2008-04,2008-04-30,22,0.0
ZR,2008-05,2008-05-30,21,1.0
ZR,2008-06,2008-06-30,21,0.0
ZR,2008-07,2008-07-31,22,0.0
ZR,2008-08,2008-08-29,21,2.0
ZR,2008-09,2008-09-30,21,0.0
ZR,2008-10,2008-10-31,23,0.0
ZR,2008-11,2008-11-28,19,2.0
ZR,2008-12,2008-12-31,22,0.0
ZR,2009-01,2009-01-30,20,1.0
ZR,2009-02,2009-02-27,19,1.0
ZR,2009-03,2009-03-31,22,0.0
ZR,2009-04,2009-04-30,21,0.0
ZR,2009-05,2009-05-29,20,2.0
ZR,2009-06,2009-06-30,22,0.0
ZR,2009-07,2009-07-31,23,0.0
ZR,2009-08,2009-08-31,21,0.0
ZR,2009-09,2009-09-30,21,0.0
ZR,2009-10,2009-10-30,22,1.0
ZR,2009-11,2009-11-30,20,0.0
ZR,2009-12,2009-12-31,22,0.0
ZR,2010-01,2010-01-29,19,2.0
ZR,2010-02,2010-02-26,19,2.0
ZR,2010-03,2010-03-31,23,0.0
ZR,2010-04,2010-04-30,21,0.0
ZR,2010-05,2010-05-28,20,3.0
ZR,2010-06,2010-06-30,22,0.0
ZR,2010-07,2010-07-30,21,1.0
ZR,2010-08,2010-08-31,22,0.0
ZR,2010-09,2010-09-30,21,0.0
ZR,2010-10,2010-10-29,21,2.0
ZR,2010-11,2010-11-30,21,0.0
ZR,2010-12,2010-12-31,22,0.0
ZR,2011-01,2011-01-31,20,0.0
ZR,2011-02,2011-02-28,19,0.0
ZR,2011-03,2011-03-31,23,0.0
ZR,2011-04,2011-04-29,20,1.0
ZR,2011-05,2011-05-31,21,0.0
ZR,2011-06,2011-06-30,22,0.0
ZR,2011-07,2011-07-29,20,2.0
ZR,2011-08,2011-08-31,23,0.0
ZR,2011-09,2011-09-30,21,0.0
ZR,2011-10,2011-10-31,21,0.0
ZR,2011-11,2011-11-30,21,0.0
ZR,2011-12,2011-12-30,21,1.0
ZR,2012-01,2012-01-31,20,0.0
ZR,2012-02,2012-02-29,20,0.0
ZR,2012-03,2012-03-30,22,1.0
ZR,2012-04,2012-04-30,20,0.0
ZR,2012-05,2012-05-31,22,0.0
ZR,2012-06,2012-06-29,21,1.0
ZR,2012-07,2012-07-31,21,0.0
ZR,2012-08,2012-08-31,23,0.0
ZR,2012-09,2012-09-28,19,2.0
ZR,2012-10,2012-10-31,23,0.0
ZR,2012-11,2012-11-30,21,0.0
ZR,2012-12,2012-12-31,20,0.0
ZR,2013-01,2013-01-31,21,0.0
ZR,2013-02,2013-02-28,19,0.0
ZR,2013-03,2013-03-28,20,3.0
ZR,2013-04,2013-04-30,22,0.0
ZR,2013-05,2013-05-31,22,0.0
ZR,2013-06,2013-06-28,20,2.0
ZR,2013-07,2013-07-31,22,0.0
ZR,2013-08,2013-08-30,22,1.0
ZR,2013-09,2013-09-30,20,0.0
ZR,2013-10,2013-10-31,23,0.0
ZR,2013-11,2013-11-29,20,1.0
ZR,2013-12,2013-12-31,21,0.0
ZR,2014-01,2014-01-31,21,0.0
ZR,2014-02,2014-02-28,19,0.0
ZR,2014-03,2014-03-31,21,0.0
ZR,2014-04,2014-04-30,21,0.0
ZR,2014-05,2014-05-30,21,1.0
ZR,2014-06,2014-06-30,21,0.0
ZR,2014-07,2014-07-31,22,0.0
ZR,2014-08,2014-08-29,21,2.0
ZR,2014-09,2014-09-30,21,0.0
ZR,2014-10,2014-10-31,23,0.0
ZR,2014-11,2014-11-28,19,2.0
ZR,2014-12,2014-12-31,22,0.0
ZS,1969-01,1969-01-31,22,0.0
ZS,1969-02,1969-02-28,19,0.0
ZS,1969-03,1969-03-28,20,3.0
ZS,1969-04,1969-04-30,21,0.0
ZS,1969-05,1969-05-29,21,2.0
ZS,1969-06,1969-06-30,21,0.0
ZS,1969-07,1969-07-31,21,0.0
ZS,1969-08,1969-08-29,21,2.0
ZS,1969-09,1969-09-30,21,0.0
ZS,1969-10,1969-10-31,23,0.0
ZS,1969-11,1969-11-28,19,2.0
ZS,1969-12,1969-12-31,21,0.0
ZS,1970-01,1970-01-30,20,1.0
ZS,1970-02,1970-02-27,19,1.0
ZS,1970-03,1970-03-31,21,0.0
ZS,1970-04,1970-04-30,22,0.0
ZS,1970-05,1970-05-28,20,3.0
ZS,1970-06,1970-06-30,22,0.0
ZS,1970-07,1970-07-31,22,0.0
ZS,1970-08,1970-08-31,21,0.0
ZS,1970-09,1970-09-30,21,0.0
ZS,1970-10,1970-10-30,22,1.0
ZS,1970-11,1970-11-30,19,0.0
ZS,1970-12,1970-12-31,22,0.0
ZS,1971-01,1971-01-29,20,2.0
ZS,1971-02,1971-02-26,19,2.0
ZS,1971-03,1971-03-31,23,0.0
ZS,1971-04,1971-04-30,21,0.0
ZS,1971-05,1971-05-28,20,3.0
ZS,1971-06,1971-06-30,22,0.0
ZS,1971-07,1971-07-30,21,1.0
ZS,1971-08,1971-08-31,22,0.0
ZS,1971-09,1971-09-30,21,0.0
ZS,1971-10,1971-10-29,21,2.0
ZS,1971-11,1971-11-30,21,0.0
ZS,1971-12,1971-12-30,21,1.0
ZS,1972-01,1972-01-31,21,0.0
ZS,1972-02,1972-02-29,20,0.0
ZS,1972-03,1972-03-30,22,1.0
ZS,1972-04,1972-04-28,20,2.0
ZS,1972-05,1972-05-31,22,0.0
ZS,1972-06,1972-06-30,22,0.0
ZS,1972-07,1972-07-31,20,0.0
ZS,1972-08,1972-08-31,23,0.0
ZS,1972-09,1972-09-29,20,1.0
ZS,1972-10,1972-10-31,22,0.0
ZS,1972-11,1972-11-30,20,0.0
ZS,1972-12,1972-12-29,19,2.0
ZS,1973-01,1973-01-31,21,0.0
ZS,1973-02,1973-02-28,19,0.0
ZS,1973-03,1973-03-30,22,1.0
ZS,1973-04,1973-04-30,20,0.0
ZS,1973-05,1973-05-31,22,0.0
ZS,1973-06,1973-06-29,19,1.0
ZS,1973-07,1973-07-31,21,0.0
ZS,1973-08,1973-08-31,23,0.0
ZS,1973-09,1973-09-28,19,2.0
ZS,1973-10,1973-10-31,22,0.0
ZS,1973-11,1973-11-30,21,0.0
ZS,1973-12,1973-12-31,19,0.0
ZS,1974-01,1974-01-31,22,0.0
ZS,1974-02,1974-02-28,18,0.0
ZS,1974-03,1974-03-29,21,2.0
ZS,1974-04,1974-04-30,21,0.0
ZS,1974-05,1974-05-31,22,0.0
ZS,1974-06,1974-06-28,20,2.0
ZS,1974-07,1974-07-31,22,0.0
ZS,1974-08,1974-08-30,22,1.0
ZS,1974-09,1974-09-30,20,0.0
ZS,1974-10,1974-10-31,23,0.0
ZS,1974-11,1974-11-29,19,1.0
ZS,1974-12,1974-12-31,21,0.0
ZS,1975-01,1975-01-31,22,0.0
ZS,1975-02,1975-02-28,19,0.0
ZS,1975-03,1975-03-31,20,0.0
ZS,1975-04,1975-04-30,22,0.0
ZS,1975-05,1975-05-30,21,1.0
ZS,1975-06,1975-06-30,21,0.0
ZS,1975-07,1975-07-31,22,0.0
ZS,1975-08,1975-08-29,21,2.0
ZS,1975-09,1975-09-30,21,0.0
ZS,1975-10,1975-10-31,23,0.0
ZS,1975-11,1975-11-28,19,2.0
ZS,1975-12,1975-12-31,21,0.0
ZS,1976-01,1976-01-30,21,1.0
ZS,1976-02,1976-02-27,19,2.0
ZS,1976-03,1976-03-31,23,0.0
ZS,1976-04,1976-04-30,21,0.0
ZS,1976-05,1976-05-28,20,3.0
ZS,1976-06,1976-06-30,22,0.0
ZS,1976-07,1976-07-30,21,1.0
ZS,1976-08,1976-08-31,22,0.0
ZS,1976-09,1976-09-30,21,0.0
ZS,1976-10,1976-10-29,21,2.0
ZS,1976-11,1976-11-30,20,0.0
ZS,1976-12,1976-12-30,21,1.0
ZS,1977-01,1977-01-31,21,0.0
ZS,1977-02,1977-02-28,19,0.0
ZS,1977-03,1977-03-31,23,0.0
ZS,1977-04,1977-04-29,20,1.0
ZS,1977-05,1977-05-31,20,0.0
ZS,1977-06,1977-06-30,22,0.0
ZS,1977-07,1977-07-29,20,2.0
ZS,1977-08,1977-08-31,23,0.0
ZS,1977-09,1977-09-30,21,0.0
ZS,1977-10,1977-10-31,21,0.0
ZS,1977-11,1977-11-30,21,0.0
ZS,1977-12,1977-12-30,21,1.0
ZS,1978-01,1978-01-31,21,0.0
ZS,1978-02,1978-02-28,19,0.0
ZS,1978-03,1978-03-31,22,0.0
ZS,1978-04,1978-04-28,20,2.0
ZS,1978-05,1978-05-31,22,0.0
ZS,1978-06,1978-06-30,22,0.0
ZS,1978-07,1978-07-31,20,0.0
ZS,1978-08,1978-08-31,23,0.0
ZS,1978-09,1978-09-29,20,1.0
ZS,1978-10,1978-10-31,22,0.0
ZS,1978-11,1978-11-30,20,0.0
ZS,1978-12,1978-12-29,20,2.0
ZS,1979-01,1979-01-31,22,0.0
ZS,1979-02,1979-02-28,19,0.0
ZS,1979-03,1979-03-30,22,1.0
ZS,1979-04,1979-04-30,20,0.0
ZS,1979-05,1979-05-31,22,0.0
ZS,1979-06,1979-06-29,21,1.0
ZS,1979-07,1979-07-31,21,0.0
ZS,1979-08,1979-08-31,23,0.0
ZS,1979-09,1979-09-28,19,2.0
ZS,1979-10,1979-10-31,23,0.0
ZS,1979-11,1979-11-30,21,0.0
ZS,1979-12,1979-12-31,19,0.0
ZS,1980-01,1980-01-31,20,0.0
ZS,1980-02,1980-02-29,20,0.0
ZS,1980-03,1980-03-31,21,0.0
ZS,1980-04,1980-04-30,21,0.0
ZS,1980-05,1980-05-30,21,1.0
ZS,1980-06,1980-06-30,21,0.0
ZS,1980-07,1980-07-31,22,0.0
ZS,1980-08,1980-08-29,21,2.0
ZS,1980-09,1980-09-30,21,0.0
ZS,1980-10,1980-10-31,23,0.0
ZS,1980-11,1980-11-28,18,2.0
ZS,1980-12,1980-12-31,21,0.0
ZS,1981-01,1981-01-30,21,1.0
ZS,1981-02,1981-02-27,19,1.0
ZS,1981-03,1981-03-31,22,0.0
ZS,1981-04,1981-04-30,21,0.0
ZS,1981-05,1981-05-29,20,2.0
ZS,1981-06,1981-06-30,22,0.0
ZS,1981-07,1981-07-31,22,0.0
ZS,1981-08,1981-08-31,21,0.0
ZS,1981-09,1981-09-30,21,0.0
ZS,1981-10,1981-10-30,22,1.0
ZS,1981-11,1981-11-30,20,0.0
ZS,1981-12,1981-12-31,22,0.0
ZS,1982-01,1982-01-29,20,2.0
ZS,1982-02,1982-02-26,19,2.0
ZS,1982-03,1982-03-31,23,0.0
ZS,1982-04,1982-04-30,21,0.0
ZS,1982-05,1982-05-28,20,3.0
ZS,1982-06,1982-06-30,22,0.0
ZS,1982-07,1982-07-30,21,1.0
ZS,1982-08,1982-08-31,22,0.0
ZS,1982-09,1982-09-30,21,0.0
ZS,1982-10,1982-10-29,21,2.0
ZS,1982-11,1982-11-30,20,0.0
ZS,1982-12,1982-12-30,21,1.0
ZS,1983-01,1983-01-31,21,0.0
ZS,1983-02,1983-02-28,19,0.0
ZS,1983-03,1983-03-31,23,0.0
ZS,1983-04,1983-04-29,20,1.0
ZS,1983-05,1983-05-31,21,0.0
ZS,1983-06,1983-06-30,22,0.0
ZS,1983-07,1983-07-29,20,2.0
ZS,1983-08,1983-08-31,23,0.0
ZS,1983-09,1983-09-30,21,0.0
ZS,1983-10,1983-10-31,21,0.0
ZS,1983-11,1983-11-30,21,0.0
ZS,1983-12,1983-12-30,21,1.0
ZS,1984-01,1984-01-31,21,0.0
ZS,1984-02,1984-02-29,20,0.0
ZS,1984-03,1984-03-30,22,1.0
ZS,1984-04,1984-04-30,20,0.0
ZS,1984-05,1984-05-31,22,0.0
ZS,1984-06,1984-06-29,21,1.0
ZS,1984-07,1984-07-31,21,0.0
ZS,1984-08,1984-08-31,23,0.0
ZS,1984-09,1984-09-28,19,2.0
ZS,1984-10,1984-10-31,23,0.0
ZS,1984-11,1984-11-30,21,0.0
ZS,1984-12,1984-12-31,20,0.0
ZS,1985-01,1985-01-31,22,0.0
ZS,1985-02,1985-02-28,19,0.0
ZS,1985-03,1985-03-29,21,2.0
ZS,1985-04,1985-04-30,21,0.0
ZS,1985-05,1985-05-31,22,0.0
ZS,1985-06,1985-06-28,20,2.0
ZS,1985-07,1985-07-31,22,0.0
ZS,1985-08,1985-08-30,22,1.0
ZS,1985-09,1985-09-30,20,0.0
ZS,1985-10,1985-10-31,23,0.0
ZS,1985-11,1985-11-29,20,1.0
ZS,1985-12,1985-12-31,21,0.0
ZS,1986-01,1986-01-31,22,0.0
ZS,1986-02,1986-02-28,19,0.0
ZS,1986-03,1986-03-31,20,0.0
ZS,1986-04,1986-04-30,22,0.0
ZS,1986-05,1986-05-30,21,1.0
ZS,1986-06,1986-06-30,21,0.0
ZS,1986-07,1986-07-31,22,0.0
ZS,1986-08,1986-08-29,21,2.0
ZS,1986-09,1986-09-30,21,0.0
ZS,1986-10,1986-10-31,23,0.0
ZS,1986-11,1986-11-28,19,2.0
ZS,1986-12,1986-12-31,22,0.0
ZS,1987-01,1987-01-30,21,1.0
ZS,1987-02,1987-02-27,19,1.0
ZS,1987-03,1987-03-31,22,0.0
ZS,1987-04,1987-04-30,21,0.0
ZS,1987-05,1987-05-29,20,2.0
ZS,1987-06,1987-06-30,22,0.0
ZS,1987-07,1987-07-31,22,0.0
ZS,1987-08,1987-08-31,21,0.0
ZS,1987-09,1987-09-30,21,0.0
ZS,1987-10,1987-10-30,22,1.0
ZS,1987-11,1987-11-30,20,0.0
ZS,1987-12,1987-12-31,22,0.0
ZS,1988-01,1988-01-29,20,2.0
ZS,1988-02,1988-02-29,20,0.0
ZS,1988-03,1988-03-31,23,0.0
ZS,1988-04,1988-04-29,20,1.0
ZS,1988-05,1988-05-31,21,0.0
ZS,1988-06,1988-06-30,22,0.0
ZS,1988-07,1988-07-29,20,2.0
ZS,1988-08,1988-08-31,23,0.0
ZS,1988-09,1988-09-30,21,0.0
ZS,1988-10,1988-10-31,21,0.0
ZS,1988-11,1988-11-30,21,0.0
ZS,1988-12,1988-12-30,21,1.0
ZS,1989-01,1989-01-31,21,0.0
ZS,1989-02,1989-02-28,19,0.0
ZS,1989-03,1989-03-31,22,0.0
ZS,1989-04,1989-04-28,20,2.0
ZS,1989-05,1989-05-31,22,0.0
ZS,1989-06,1989-06-30,22,0.0
ZS,1989-07,1989-07-31,20,0.0
ZS,1989-08,1989-08-31,23,0.0
ZS,1989-09,1989-09-29,20,1.0
ZS,1989-10,1989-10-31,22,0.0
ZS,1989-11,1989-11-30,21,0.0
ZS,1989-12,1989-12-29,20,2.0
ZS,1990-01,1990-01-31,22,0.0
ZS,1990-02,1990-02-28,19,0.0
ZS,1990-03,1990-03-30,22,1.0
ZS,1990-04,1990-04-30,20,0.0
ZS,1990-05,1990-05-31,22,0.0
ZS,1990-06,1990-06-29,21,1.0
ZS,1990-07,1990-07-31,21,0.0
ZS,1990-08,1990-08-31,23,0.0
ZS,1990-09,1990-09-28,19,2.0
ZS,1990-10,1990-10-31,23,0.0
ZS,1990-11,1990-11-30,21,0.0
ZS,1990-12,1990-12-31,20,0.0
ZS,1991-01,1991-01-31,22,0.0
ZS,1991-02,1991-02-28,19,0.0
ZS,1991-03,1991-03-28,20,3.0
ZS,1991-04,1991-04-30,22,0.0
ZS,1991-05,1991-05-31,22,0.0
ZS,1991-06,1991-06-28,20,2.0
ZS,1991-07,1991-07-31,22,0.0
ZS,1991-08,1991-08-30,22,1.0
ZS,1991-09,1991-09-30,20,0.0
ZS,1991-10,1991-10-31,23,0.0
ZS,1991-11,1991-11-29,20,1.0
ZS,1991-12,1991-12-31,21,0.0
ZS,1992-01,1992-01-31,22,0.0
ZS,1992-02,1992-02-28,19,1.0
ZS,1992-03,1992-03-31,22,0.0
ZS,1992-04,1992-04-30,19,0.0
ZS,1992-05,1992-05-29,20,2.0
ZS,1992-06,1992-06-30,22,0.0
ZS,1992-07,1992-07-31,22,0.0
ZS,1992-08,1992-08-31,21,0.0
ZS,1992-09,1992-09-30,21,0.0
ZS,1992-10,1992-10-30,22,1.0
ZS,1992-11,1992-11-30,20,0.0
ZS,1992-12,1992-12-31,22,0.0
ZS,1993-01,1993-01-29,20,2.0
ZS,1993-02,1993-02-26,19,2.0
ZS,1993-03,1993-03-31,23,0.0
ZS,1993-04,1993-04-30,21,0.0
ZS,1993-05,1993-05-28,20,3.0
ZS,1993-06,1993-06-30,22,0.0
ZS,1993-07,1993-07-30,21,1.0
ZS,1993-08,1993-08-31,22,0.0
ZS,1993-09,1993-09-30,21,0.0
ZS,1993-10,1993-10-29,21,2.0
ZS,1993-11,1993-11-30,21,0.0
ZS,1993-12,1993-12-30,21,1.0
ZS,1994-01,1994-01-31,21,0.0
ZS,1994-02,1994-02-28,19,0.0
ZS,1994-03,1994-03-31,23,0.0
ZS,1994-04,1994-04-29,19,1.0
ZS,1994-05,1994-05-31,21,0.0
ZS,1994-06,1994-06-30,22,0.0
ZS,1994-07,1994-07-29,20,2.0
ZS,1994-08,1994-08-31,23,0.0
ZS,1994-09,1994-09-30,21,0.0
ZS,1994-10,1994-10-31,21,0.0
ZS,1994-11,1994-11-30,21,0.0
ZS,1994-12,1994-12-30,21,1.0
ZS,1995-01,1995-01-31,21,0.0
ZS,1995-02,1995-02-28,19,0.0
ZS,1995-03,1995-03-31,23,0.0
ZS,1995-04,1995-04-28,19,2.0
ZS,1995-05,1995-05-31,22,0.0
ZS,1995-06,1995-06-30,22,0.0
ZS,1995-07,1995-07-31,20,0.0
ZS,1995-08,1995-08-31,23,0.0
ZS,1995-09,1995-09-29,20,1.0
ZS,1995-10,1995-10-31,22,0.0
ZS,1995-11,1995-11-30,21,0.0
ZS,1995-12,1995-12-29,20,2.0
ZS,1996-01,1996-01-31,22,0.0
ZS,1996-02,1996-02-29,20,0.0
ZS,1996-03,1996-03-29,21,2.0
ZS,1996-04,1996-04-30,21,0.0
ZS,1996-05,1996-05-31,22,0.0
ZS,1996-06,1996-06-28,20,2.0
ZS,1996-07,1996-07-31,22,0.0
ZS,1996-08,1996-08-30,22,1.0
ZS,1996-09,1996-09-30,20,0.0
ZS,1996-10,1996-10-31,23,0.0
ZS,1996-11,1996-11-29,20,1.0
ZS,1996-12,1996-12-31,21,0.0
ZS,1997-01,1997-01-31,22,0.0
ZS,1997-02,1997-02-28,19,0.0
ZS,1997-03,1997-03-31,20,0.0
ZS,1997-04,1997-04-30,22,0.0
ZS,1997-05,1997-05-30,21,1.0
ZS,1997-06,1997-06-30,21,0.0
ZS,1997-07,1997-07-31,22,0.0
ZS,1997-08,1997-08-29,21,2.0
ZS,1997-09,1997-09-30,21,0.0
ZS,1997-10,1997-10-31,23,0.0
ZS,1997-11,1997-11-28,19,2.0
ZS,1997-12,1997-12-31,22,0.0
ZS,1998-01,1998-01-30,20,1.0
ZS,1998-02,1998-02-27,19,1.0
ZS,1998-03,1998-03-31,22,0.0
ZS,1998-04,1998-04-30,21,0.0
ZS,1998-05,1998-05-29,20,2.0
ZS,1998-06,1998-06-30,22,0.0
ZS,1998-07,1998-07-31,22,0.0
ZS,1998-08,1998-08-31,21,0.0
ZS,1998-09,1998-09-30,21,0.0
ZS,1998-10,1998-10-30,22,1.0
ZS,1998-11,1998-11-30,20,0.0
ZS,1998-12,1998-12-31,22,0.0
ZS,1999-01,1999-01-29,19,2.0
ZS,1999-02,1999-02-26,19,2.0
ZS,1999-03,1999-03-31,23,0.0
ZS,1999-04,1999-04-30,21,0.0
ZS,1999-05,1999-05-28,20,3.0
ZS,1999-06,1999-06-30,22,0.0
ZS,1999-07,1999-07-30,21,1.0
ZS,1999-08,1999-08-31,22,0.0
ZS,1999-09,1999-09-30,21,0.0
ZS,1999-10,1999-10-29,21,2.0
ZS,1999-11,1999-11-30,21,0.0
ZS,1999-12,1999-12-30,21,1.0
ZS,2000-01,2000-01-31,20,0.0
ZS,2000-02,2000-02-29,20,0.0
ZS,2000-03,2000-03-31,23,0.0
ZS,2000-04,2000-04-28,19,2.0
ZS,2000-05,2000-05-31,22,0.0
ZS,2000-06,2000-06-30,22,0.0
ZS,2000-07,2000-07-31,20,0.0
ZS,2000-08,2000-08-31,23,0.0
ZS,2000-09,2000-09-29,20,1.0
ZS,2000-10,2000-10-31,22,0.0
ZS,2000-11,2000-11-30,21,0.0
ZS,2000-12,2000-12-29,20,2.0
ZS,2001-01,2001-01-31,21,0.0
ZS,2001-02,2001-02-28,19,0.0
ZS,2001-03,2001-03-30,22,1.0
ZS,2001-04,2001-04-30,20,0.0
ZS,2001-05,2001-05-31,22,0.0
ZS,2001-06,2001-06-29,21,1.0
ZS,2001-07,2001-07-31,21,0.0
ZS,2001-08,2001-08-31,23,0.0
ZS,2001-09,2001-09-28,17,2.0
ZS,2001-10,2001-10-31,23,0.0
ZS,2001-11,2001-11-30,21,0.0
ZS,2001-12,2001-12-31,19,0.0
ZS,2002-01,2002-01-31,21,0.0
ZS,2002-02,2002-02-28,19,0.0
ZS,2002-03,2002-03-28,20,3.0
ZS,2002-04,2002-04-30,22,0.0
ZS,2002-05,2002-05-31,22,0.0
ZS,2002-06,2002-06-28,20,2.0
ZS,2002-07,2002-07-31,22,0.0
ZS,2002-08,2002-08-30,22,1.0
ZS,2002-09,2002-09-30,20,0.0
ZS,2002-10,2002-10-31,23,0.0
ZS,2002-11,2002-11-29,20,1.0
ZS,2002-12,2002-12-31,20,0.0
ZS,2003-01,2003-01-31,21,0.0
ZS,2003-02,2003-02-28,19,0.0
ZS,2003-03,2003-03-31,21,0.0
ZS,2003-04,2003-04-30,21,0.0
ZS,2003-05,2003-05-30,21,1.0
ZS,2003-06,2003-06-30,21,0.0
ZS,2003-07,2003-07-31,22,0.0
ZS,2003-08,2003-08-29,21,2.0
ZS,2003-09,2003-09-30,21,0.0
ZS,2003-10,2003-10-31,23,0.0
ZS,2003-11,2003-11-28,19,2.0
ZS,2003-12,2003-12-31,22,0.0
ZS,2004-01,2004-01-30,20,1.0
ZS,2004-02,2004-02-27,19,2.0
ZS,2004-03,2004-03-31,23,0.0
ZS,2004-04,2004-04-30,21,0.0
ZS,2004-05,2004-05-28,20,3.0
ZS,2004-06,2004-06-30,21,0.0
ZS,2004-07,2004-07-30,21,1.0
ZS,2004-08,2004-08-31,22,0.0
ZS,2004-09,2004-09-30,21,0.0
ZS,2004-10,2004-10-29,21,2.0
ZS,2004-11,2004-11-30,21,0.0
ZS,2004-12,2004-12-30,21,1.0
ZS,2005-01,2005-01-31,20,0.0
ZS,2005-02,2005-02-28,19,0.0
ZS,2005-03,2005-03-31,22,0.0
ZS,2005-04,2005-04-29,21,1.0
ZS,2005-05,2005-05-31,21,0.0
ZS,2005-06,2005-06-30,22,0.0
ZS,2005-07,2005-07-29,20,2.0
ZS,2005-08,2005-08-31,23,0.0
ZS,2005-09,2005-09-30,21,0.0
ZS,2005-10,2005-10-31,21,0.0
ZS,2005-11,2005-11-30,21,0.0
ZS,2005-12,2005-12-30,21,1.0
ZS,2006-01,2006-01-31,20,0.0
ZS,2006-02,2006-02-28,19,0.0
ZS,2006-03,2006-03-31,23,0.0
ZS,2006-04,2006-04-28,19,2.0
ZS,2006-05,2006-05-31,22,0.0
ZS,2006-06,2006-06-30,22,0.0
ZS,2006-07,2006-07-31,20,0.0
ZS,2006-08,2006-08-31,23,0.0
ZS,2006-09,2006-09-29,20,1.0
ZS,2006-10,2006-10-31,22,0.0
ZS,2006-11,2006-11-30,21,0.0
ZS,2006-12,2006-12-29,20,2.0
ZS,2007-01,2007-01-31,20,0.0
ZS,2007-02,2007-02-28,19,0.0
ZS,2007-03,2007-03-30,22,1.0
ZS,2007-04,2007-04-30,20,0.0
ZS,2007-05,2007-05-31,22,0.0
ZS,2007-06,2007-06-29,21,1.0
ZS,2007-07,2007-07-31,21,0.0
ZS,2007-08,2007-08-31,23,0.0
ZS,2007-09,2007-09-28,19,2.0
ZS,2007-10,2007-10-31,23,0.0
ZS,2007-11,2007-11-30,21,0.0
ZS,2007-12,2007-12-31,20,0.0
ZS,2008-01,2008-01-31,21,0.0
ZS,2008-02,2008-02-29,20,0.0
ZS,2008-03,2008-03-31,20,0.0
ZS,2008-04,2008-04-30,22,0.0
ZS,2008-05,2008-05-30,21,1.0
ZS,2008-06,2008-06-30,21,0.0
ZS,2008-07,2008-07-31,22,0.0
ZS,2008-08,2008-08-29,21,2.0
ZS,2008-09,2008-09-30,21,0.0
ZS,2008-10,2008-10-31,23,0.0
ZS,2008-11,2008-11-28,19,2.0
ZS,2008-12,2008-12-31,22,0.0
ZS,2009-01,2009-01-30,20,1.0
ZS,2009-02,2009-02-27,19,1.0
ZS,2009-03,2009-03-31,22,0.0
ZS,2009-04,2009-04-30,21,0.0
ZS,2009-05,2009-05-29,20,2.0
ZS,2009-06,2009-06-30,22,0.0
ZS,2009-07,2009-07-31,22,0.0
ZS,2009-08,2009-08-31,21,0.0
ZS,2009-09,2009-09-30,21,0.0
ZS,2009-10,2009-10-30,22,1.0
ZS,2009-11,2009-11-30,20,0.0
ZS,2009-12,2009-12-31,22,0.0
ZS,2010-01,2010-01-29,19,2.0
ZS,2010-02,2010-02-26,19,2.0
ZS,2010-03,2010-03-31,23,0.0
ZS,2010-04,2010-04-30,21,0.0
ZS,2010-05,2010-05-28,20,3.0
ZS,2010-06,2010-06-30,22,0.0
ZS,2010-07,2010-07-30,21,1.0
ZS,2010-08,2010-08-31,22,0.0
ZS,2010-09,2010-09-30,21,0.0
ZS,2010-10,2010-10-29,21,2.0
ZS,2010-11,2010-11-30,21,0.0
ZS,2010-12,2010-12-31,22,0.0
ZS,2011-01,2011-01-31,20,0.0
ZS,2011-02,2011-02-28,19,0.0
ZS,2011-03,2011-03-31,23,0.0
ZS,2011-04,2011-04-29,20,1.0
ZS,2011-05,2011-05-31,21,0.0
ZS,2011-06,2011-06-30,22,0.0
ZS,2011-07,2011-07-29,20,2.0
ZS,2011-08,2011-08-31,23,0.0
ZS,2011-09,2011-09-30,21,0.0
ZS,2011-10,2011-10-31,21,0.0
ZS,2011-11,2011-11-30,21,0.0
ZS,2011-12,2011-12-30,21,1.0
ZS,2012-01,2012-01-31,20,0.0
ZS,2012-02,2012-02-29,20,0.0
ZS,2012-03,2012-03-30,22,1.0
ZS,2012-04,2012-04-30,20,0.0
ZS,2012-05,2012-05-31,22,0.0
ZS,2012-06,2012-06-29,21,1.0
ZS,2012-07,2012-07-31,21,0.0
ZS,2012-08,2012-08-31,23,0.0
ZS,2012-09,2012-09-28,19,2.0
ZS,2012-10,2012-10-31,23,0.0
ZS,2012-11,2012-11-30,21,0.0
ZS,2012-12,2012-12-31,20,0.0
ZS,2013-01,2013-01-31,21,0.0
ZS,2013-02,2013-02-28,19,0.0
ZS,2013-03,2013-03-28,20,3.0
ZS,2013-04,2013-04-30,22,0.0
ZS,2013-05,2013-05-31,22,0.0
ZS,2013-06,2013-06-28,20,2.0
ZS,2013-07,2013-07-31,22,0.0
ZS,2013-08,2013-08-30,22,1.0
ZS,2013-09,2013-09-30,20,0.0
ZS,2013-10,2013-10-31,23,0.0
ZS,2013-11,2013-11-29,20,1.0
ZS,2013-12,2013-12-31,21,0.0
ZS,2014-01,2014-01-31,21,0.0
ZS,2014-02,2014-02-28,19,0.0
ZS,2014-03,2014-03-31,21,0.0
ZS,2014-04,2014-04-30,21,0.0
ZS,2014-05,2014-05-30,21,1.0
ZS,2014-06,2014-06-30,21,0.0
ZS,2014-07,2014-07-31,22,0.0
ZS,2014-08,2014-08-29,21,2.0
ZS,2014-09,2014-09-30,21,0.0
ZS,2014-10,2014-10-31,23,0.0
ZS,2014-11,2014-11-28,19,2.0
ZS,2014-12,2014-12-31,22,0.0
ZT,1969-01,,0,
ZT,1969-02,,0,
ZT,1969-03,,0,
ZT,1969-04,,0,
ZT,1969-05,,0,
ZT,1969-06,,0,
ZT,1969-07,,0,
ZT,1969-08,,0,
ZT,1969-09,,0,
ZT,1969-10,,0,
ZT,1969-11,,0,
ZT,1969-12,,0,
ZT,1970-01,,0,
ZT,1970-02,,0,
ZT,1970-03,,0,
ZT,1970-04,,0,
ZT,1970-05,,0,
ZT,1970-06,,0,
ZT,1970-07,,0,
ZT,1970-08,,0,
ZT,1970-09,,0,
ZT,1970-10,,0,
ZT,1970-11,,0,
ZT,1970-12,,0,
ZT,1971-01,1971-01-29,20,2.0
ZT,1971-02,1971-02-26,19,2.0
ZT,1971-03,1971-03-31,23,0.0
ZT,1971-04,1971-04-30,21,0.0
ZT,1971-05,1971-05-28,20,3.0
ZT,1971-06,1971-06-30,22,0.0
ZT,1971-07,1971-07-30,21,1.0
ZT,1971-08,1971-08-31,22,0.0
ZT,1971-09,1971-09-30,21,0.0
ZT,1971-10,1971-10-29,21,2.0
ZT,1971-11,1971-11-30,21,0.0
ZT,1971-12,1971-12-30,21,1.0
ZT,1972-01,1972-01-31,21,0.0
ZT,1972-02,1972-02-29,20,0.0
ZT,1972-03,1972-03-30,22,1.0
ZT,1972-04,1972-04-28,20,2.0
ZT,1972-05,1972-05-31,22,0.0
ZT,1972-06,1972-06-30,22,0.0
ZT,1972-07,1972-07-31,20,0.0
ZT,1972-08,1972-08-31,23,0.0
ZT,1972-09,1972-09-29,20,1.0
ZT,1972-10,1972-10-31,22,0.0
ZT,1972-11,1972-11-30,19,0.0
ZT,1972-12,1972-12-29,19,2.0
ZT,1973-01,1973-01-31,21,0.0
ZT,1973-02,1973-02-28,19,0.0
ZT,1973-03,1973-03-30,22,1.0
ZT,1973-04,1973-04-30,20,0.0
ZT,1973-05,1973-05-31,22,0.0
ZT,1973-06,1973-06-29,21,1.0
ZT,1973-07,1973-07-31,21,0.0
ZT,1973-08,1973-08-31,23,0.0
ZT,1973-09,1973-09-28,19,2.0
ZT,1973-10,1973-10-31,23,0.0
ZT,1973-11,1973-11-30,21,0.0
ZT,1973-12,1973-12-31,19,0.0
ZT,1974-01,1974-01-31,22,0.0
ZT,1974-02,1974-02-28,19,0.0
ZT,1974-03,1974-03-29,21,2.0
ZT,1974-04,1974-04-30,21,0.0
ZT,1974-05,1974-05-31,22,0.0
ZT,1974-06,1974-06-28,20,2.0
ZT,1974-07,1974-07-31,22,0.0
ZT,1974-08,1974-08-30,22,1.0
ZT,1974-09,1974-09-30,20,0.0
ZT,1974-10,1974-10-31,23,0.0
ZT,1974-11,1974-11-29,19,1.0
ZT,1974-12,1974-12-31,21,0.0
ZT,1975-01,1975-01-31,22,0.0
ZT,1975-02,1975-02-28,19,0.0
ZT,1975-03,1975-03-31,20,0.0
ZT,1975-04,1975-04-30,22,0.0
ZT,1975-05,1975-05-30,21,1.0
ZT,1975-06,1975-06-30,21,0.0
ZT,1975-07,1975-07-31,22,0.0
ZT,1975-08,1975-08-29,21,2.0
ZT,1975-09,1975-09-30,21,0.0
ZT,1975-10,1975-10-31,23,0.0
ZT,1975-11,1975-11-28,19,2.0
ZT,1975-12,1975-12-31,21,0.0
ZT,1976-01,1976-01-30,21,1.0
ZT,1976-02,1976-02-27,19,2.0
ZT,1976-03,1976-03-31,23,0.0
ZT,1976-04,1976-04-30,21,0.0
ZT,1976-05,1976-05-28,20,3.0
ZT,1976-06,1976-06-30,22,0.0
ZT,1976-07,1976-07-30,21,1.0
ZT,1976-08,1976-08-31,22,0.0
ZT,1976-09,1976-09-30,21,0.0
ZT,1976-10,1976-10-29,21,2.0
ZT,1976-11,1976-11-30,20,0.0
ZT,1976-12,1976-12-30,21,1.0
ZT,1977-01,1977-01-31,21,0.0
ZT,1977-02,1977-02-28,19,0.0
ZT,1977-03,1977-03-31,23,0.0
ZT,1977-04,1977-04-29,20,1.0
ZT,1977-05,1977-05-31,21,0.0
ZT,1977-06,1977-06-30,22,0.0
ZT,1977-07,1977-07-29,19,2.0
ZT,1977-08,1977-08-31,23,0.0
ZT,1977-09,1977-09-30,21,0.0
ZT,1977-10,1977-10-31,21,0.0
ZT,1977-11,1977-11-30,21,0.0
ZT,1977-12,1977-12-30,21,1.0
ZT,1978-01,1978-01-31,21,0.0
ZT,1978-02,1978-02-28,19,0.0
ZT,1978-03,1978-03-31,22,0.0
ZT,1978-04,1978-04-28,20,2.0
ZT,1978-05,1978-05-31,22,0.0
ZT,1978-06,1978-06-30,22,0.0
ZT,1978-07,1978-07-31,20,0.0
ZT,1978-08,1978-08-31,23,0.0
ZT,1978-09,1978-09-29,20,1.0
ZT,1978-10,1978-10-31,22,0.0
ZT,1978-11,1978-11-30,19,0.0
ZT,1978-12,1978-12-29,20,2.0
ZT,1979-01,1979-01-31,22,0.0
ZT,1979-02,1979-02-28,19,0.0
ZT,1979-03,1979-03-30,22,1.0
ZT,1979-04,1979-04-30,20,0.0
ZT,1979-05,1979-05-31,22,0.0
ZT,1979-06,1979-06-29,21,1.0
ZT,1979-07,1979-07-31,21,0.0
ZT,1979-08,1979-08-31,23,0.0
ZT,1979-09,1979-09-28,19,2.0
ZT,1979-10,1979-10-31,23,0.0
ZT,1979-11,1979-11-30,21,0.0
ZT,1979-12,1979-12-31,19,0.0
ZT,1980-01,1980-01-31,22,0.0
ZT,1980-02,1980-02-29,20,0.0
ZT,1980-03,1980-03-31,21,0.0
ZT,1980-04,1980-04-30,21,0.0
ZT,1980-05,1980-05-30,21,1.0
ZT,1980-06,1980-06-30,21,0.0
ZT,1980-07,1980-07-31,22,0.0
ZT,1980-08,1980-08-29,21,2.0
ZT,1980-09,1980-09-30,21,0.0
ZT,1980-10,1980-10-31,23,0.0
ZT,1980-11,1980-11-28,18,2.0
ZT,1980-12,1980-12-31,21,0.0
ZT,1981-01,1981-01-30,21,1.0
ZT,1981-02,1981-02-27,19,1.0
ZT,1981-03,1981-03-31,22,0.0
ZT,1981-04,1981-04-30,21,0.0
ZT,1981-05,1981-05-29,20,2.0
ZT,1981-06,1981-06-30,22,0.0
ZT,1981-07,1981-07-31,22,0.0
ZT,1981-08,1981-08-31,21,0.0
ZT,1981-09,1981-09-30,21,0.0
ZT,1981-10,1981-10-30,22,1.0
ZT,1981-11,1981-11-30,20,0.0
ZT,1981-12,1981-12-31,22,0.0
ZT,1982-01,1982-01-29,20,2.0
ZT,1982-02,1982-02-26,19,2.0
ZT,1982-03,1982-03-31,23,0.0
ZT,1982-04,1982-04-30,21,0.0
ZT,1982-05,1982-05-28,20,3.0
ZT,1982-06,1982-06-30,22,0.0
ZT,1982-07,1982-07-30,21,1.0
ZT,1982-08,1982-08-31,22,0.0
ZT,1982-09,1982-09-30,21,0.0
ZT,1982-10,1982-10-29,21,2.0
ZT,1982-11,1982-11-30,21,0.0
ZT,1982-12,1982-12-31,22,0.0
ZT,1983-01,1983-01-31,21,0.0
ZT,1983-02,1983-02-28,19,0.0
ZT,1983-03,1983-03-31,23,0.0
ZT,1983-04,1983-04-29,20,1.0
ZT,1983-05,1983-05-31,21,0.0
ZT,1983-06,1983-06-30,22,0.0
ZT,1983-07,1983-07-29,20,2.0
ZT,1983-08,1983-08-31,23,0.0
ZT,1983-09,1983-09-30,21,0.0
ZT,1983-10,1983-10-31,21,0.0
ZT,1983-11,1983-11-30,20,0.0
ZT,1983-12,1983-12-30,21,1.0
ZT,1984-01,1984-01-31,21,0.0
ZT,1984-02,1984-02-29,20,0.0
ZT,1984-03,1984-03-30,22,1.0
ZT,1984-04,1984-04-30,20,0.0
ZT,1984-05,1984-05-31,22,0.0
ZT,1984-06,1984-06-29,21,1.0
ZT,1984-07,1984-07-31,21,0.0
ZT,1984-08,1984-08-31,23,0.0
ZT,1984-09,1984-09-28,19,2.0
ZT,1984-10,1984-10-31,23,0.0
ZT,1984-11,1984-11-30,21,0.0
ZT,1984-12,1984-12-31,20,0.0
ZT,1985-01,1985-01-31,22,0.0
ZT,1985-02,1985-02-28,19,0.0
ZT,1985-03,1985-03-29,21,2.0
ZT,1985-04,1985-04-30,21,0.0
ZT,1985-05,1985-05-31,22,0.0
ZT,1985-06,1985-06-28,20,2.0
ZT,1985-07,1985-07-31,22,0.0
ZT,1985-08,1985-08-30,22,1.0
ZT,1985-09,1985-09-30,20,0.0
ZT,1985-10,1985-10-31,23,0.0
ZT,1985-11,1985-11-29,20,1.0
ZT,1985-12,1985-12-31,21,0.0
ZT,1986-01,1986-01-31,22,0.0
ZT,1986-02,1986-02-28,19,0.0
ZT,1986-03,1986-03-31,20,0.0
ZT,1986-04,1986-04-30,22,0.0
ZT,1986-05,1986-05-30,21,1.0
ZT,1986-06,1986-06-30,21,0.0
ZT,1986-07,1986-07-31,22,0.0
ZT,1986-08,1986-08-29,21,2.0
ZT,1986-09,1986-09-30,21,0.0
ZT,1986-10,1986-10-31,23,0.0
ZT,1986-11,1986-11-28,19,2.0
ZT,1986-12,1986-12-31,22,0.0
ZT,1987-01,1987-01-30,21,1.0
ZT,1987-02,1987-02-27,19,1.0
ZT,1987-03,1987-03-31,22,0.0
ZT,1987-04,1987-04-30,21,0.0
ZT,1987-05,1987-05-29,20,2.0
ZT,1987-06,1987-06-30,22,0.0
ZT,1987-07,1987-07-31,22,0.0
ZT,1987-08,1987-08-31,21,0.0
ZT,1987-09,1987-09-30,21,0.0
ZT,1987-10,1987-10-30,22,1.0
ZT,1987-11,1987-11-30,20,0.0
ZT,1987-12,1987-12-31,22,0.0
ZT,1988-01,1988-01-29,20,2.0
ZT,1988-02,1988-02-29,20,0.0
ZT,1988-03,1988-03-31,23,0.0
ZT,1988-04,1988-04-29,20,1.0
ZT,1988-05,1988-05-31,21,0.0
ZT,1988-06,1988-06-30,22,0.0
ZT,1988-07,1988-07-29,20,2.0
ZT,1988-08,1988-08-31,23,0.0
ZT,1988-09,1988-09-30,21,0.0
ZT,1988-10,1988-10-31,21,0.0
ZT,1988-11,1988-11-30,21,0.0
ZT,1988-12,1988-12-30,21,1.0
ZT,1989-01,1989-01-31,21,0.0
ZT,1989-02,1989-02-28,19,0.0
ZT,1989-03,1989-03-31,22,0.0
ZT,1989-04,1989-04-28,20,2.0
ZT,1989-05,1989-05-31,22,0.0
ZT,1989-06,1989-06-30,22,0.0
ZT,1989-07,1989-07-31,20,0.0
ZT,1989-08,1989-08-31,23,0.0
ZT,1989-09,1989-09-29,20,1.0
ZT,1989-10,1989-10-31,22,0.0
ZT,1989-11,1989-11-30,21,0.0
ZT,1989-12,1989-12-29,20,2.0
ZT,1990-01,1990-01-31,22,0.0
ZT,1990-02,1990-02-28,19,0.0
ZT,1990-03,1990-03-30,22,1.0
ZT,1990-04,1990-04-30,20,0.0
ZT,1990-05,1990-05-31,22,0.0
ZT,1990-06,1990-06-29,21,1.0
ZT,1990-07,1990-07-31,21,0.0
ZT,1990-08,1990-08-31,23,0.0
ZT,1990-09,1990-09-28,19,2.0
ZT,1990-10,1990-10-31,23,0.0
ZT,1990-11,1990-11-30,21,0.0
ZT,1990-12,1990-12-31,20,0.0
ZT,1991-01,1991-01-31,22,0.0
ZT,1991-02,1991-02-28,19,0.0
ZT,1991-03,1991-03-28,20,3.0
ZT,1991-04,1991-04-30,22,0.0
ZT,1991-05,1991-05-31,22,0.0
ZT,1991-06,1991-06-28,20,2.0
ZT,1991-07,1991-07-31,22,0.0
ZT,1991-08,1991-08-30,22,1.0
ZT,1991-09,1991-09-30,20,0.0
ZT,1991-10,1991-10-31,23,0.0
ZT,1991-11,1991-11-29,20,1.0
ZT,1991-12,1991-12-31,21,0.0
ZT,1992-01,1992-01-31,22,0.0
ZT,1992-02,1992-02-28,19,1.0
ZT,1992-03,1992-03-31,22,0.0
ZT,1992-04,1992-04-30,21,0.0
ZT,1992-05,1992-05-29,20,2.0
ZT,1992-06,1992-06-30,22,0.0
ZT,1992-07,1992-07-31,22,0.0
ZT,1992-08,1992-08-31,21,0.0
ZT,1992-09,1992-09-30,21,0.0
ZT,1992-10,1992-10-30,22,1.0
ZT,1992-11,1992-11-30,20,0.0
ZT,1992-12,1992-12-31,22,0.0
ZT,1993-01,1993-01-29,20,2.0
ZT,1993-02,1993-02-26,19,2.0
ZT,1993-03,1993-03-31,23,0.0
ZT,1993-04,1993-04-30,21,0.0
ZT,1993-05,1993-05-28,20,3.0
ZT,1993-06,1993-06-30,22,0.0
ZT,1993-07,1993-07-30,21,1.0
ZT,1993-08,1993-08-31,22,0.0
ZT,1993-09,1993-09-30,21,0.0
ZT,1993-10,1993-10-29,21,2.0
ZT,1993-11,1993-11-30,21,0.0
ZT,1993-12,1993-12-31,22,0.0
ZT,1994-01,1994-01-31,21,0.0
ZT,1994-02,1994-02-28,19,0.0
ZT,1994-03,1994-03-31,23,0.0
ZT,1994-04,1994-04-29,19,1.0
ZT,1994-05,1994-05-31,21,0.0
ZT,1994-06,1994-06-30,22,0.0
ZT,1994-07,1994-07-29,20,2.0
ZT,1994-08,1994-08-31,23,0.0
ZT,1994-09,1994-09-30,21,0.0
ZT,1994-10,1994-10-31,21,0.0
ZT,1994-11,1994-11-30,21,0.0
ZT,1994-12,1994-12-30,21,1.0
ZT,1995-01,1995-01-31,21,0.0
ZT,1995-02,1995-02-28,19,0.0
ZT,1995-03,1995-03-31,23,0.0
ZT,1995-04,1995-04-28,19,2.0
ZT,1995-05,1995-05-31,22,0.0
ZT,1995-06,1995-06-30,22,0.0
ZT,1995-07,1995-07-31,20,0.0
ZT,1995-08,1995-08-31,23,0.0
ZT,1995-09,1995-09-29,20,1.0
ZT,1995-10,1995-10-31,22,0.0
ZT,1995-11,1995-11-30,21,0.0
ZT,1995-12,1995-12-29,20,2.0
ZT,1996-01,1996-01-31,22,0.0
ZT,1996-02,1996-02-29,20,0.0
ZT,1996-03,1996-03-29,21,2.0
ZT,1996-04,1996-04-30,21,0.0
ZT,1996-05,1996-05-31,22,0.0
ZT,1996-06,1996-06-28,20,2.0
ZT,1996-07,1996-07-31,22,0.0
ZT,1996-08,1996-08-30,22,1.0
ZT,1996-09,1996-09-30,20,0.0
ZT,1996-10,1996-10-31,23,0.0
ZT,1996-11,1996-11-29,20,1.0
ZT,1996-12,1996-12-31,21,0.0
ZT,1997-01,1997-01-31,22,0.0
ZT,1997-02,1997-02-28,19,0.0
ZT,1997-03,1997-03-31,20,0.0
ZT,1997-04,1997-04-30,22,0.0
ZT,1997-05,1997-05-30,21,1.0
ZT,1997-06,1997-06-30,21,0.0
ZT,1997-07,1997-07-31,22,0.0
ZT,1997-08,1997-08-29,21,2.0
ZT,1997-09,1997-09-30,21,0.0
ZT,1997-10,1997-10-31,23,0.0
ZT,1997-11,1997-11-28,19,2.0
ZT,1997-12,1997-12-31,22,0.0
ZT,1998-01,1998-01-30,20,1.0
ZT,1998-02,1998-02-27,19,1.0
ZT,1998-03,1998-03-31,22,0.0
ZT,1998-04,1998-04-30,21,0.0
ZT,1998-05,1998-05-29,20,2.0
ZT,1998-06,1998-06-30,22,0.0
ZT,1998-07,1998-07-31,22,0.0
ZT,1998-08,1998-08-31,21,0.0
ZT,1998-09,1998-09-30,21,0.0
ZT,1998-10,1998-10-30,22,1.0
ZT,1998-11,1998-11-30,20,0.0
ZT,1998-12,1998-12-31,22,0.0
ZT,1999-01,1999-01-29,19,2.0
ZT,1999-02,1999-02-26,19,2.0
ZT,1999-03,1999-03-31,23,0.0
ZT,1999-04,1999-04-30,21,0.0
ZT,1999-05,1999-05-28,20,3.0
ZT,1999-06,1999-06-30,22,0.0
ZT,1999-07,1999-07-30,21,1.0
ZT,1999-08,1999-08-31,22,0.0
ZT,1999-09,1999-09-30,21,0.0
ZT,1999-10,1999-10-29,21,2.0
ZT,1999-11,1999-11-30,21,0.0
ZT,1999-12,1999-12-30,21,1.0
ZT,2000-01,2000-01-31,20,0.0
ZT,2000-02,2000-02-29,20,0.0
ZT,2000-03,2000-03-31,23,0.0
ZT,2000-04,2000-04-28,19,2.0
ZT,2000-05,2000-05-31,22,0.0
ZT,2000-06,2000-06-30,22,0.0
ZT,2000-07,2000-07-31,20,0.0
ZT,2000-08,2000-08-31,23,0.0
ZT,2000-09,2000-09-29,20,1.0
ZT,2000-10,2000-10-31,22,0.0
ZT,2000-11,2000-11-30,21,0.0
ZT,2000-12,2000-12-29,20,2.0
ZT,2001-01,2001-01-31,21,0.0
ZT,2001-02,2001-02-28,19,0.0
ZT,2001-03,2001-03-30,22,1.0
ZT,2001-04,2001-04-30,20,0.0
ZT,2001-05,2001-05-31,22,0.0
ZT,2001-06,2001-06-29,21,1.0
ZT,2001-07,2001-07-31,21,0.0
ZT,2001-08,2001-08-31,23,0.0
ZT,2001-09,2001-09-28,17,2.0
ZT,2001-10,2001-10-31,23,0.0
ZT,2001-11,2001-11-30,21,0.0
ZT,2001-12,2001-12-31,20,0.0
ZT,2002-01,2002-01-31,21,0.0
ZT,2002-02,2002-02-28,19,0.0
ZT,2002-03,2002-03-28,20,3.0
ZT,2002-04,2002-04-30,22,0.0
ZT,2002-05,2002-05-31,22,0.0
ZT,2002-06,2002-06-28,20,2.0
ZT,2002-07,2002-07-31,22,0.0
ZT,2002-08,2002-08-30,22,1.0
ZT,2002-09,2002-09-30,20,0.0
ZT,2002-10,2002-10-31,23,0.0
ZT,2002-11,2002-11-29,20,1.0
ZT,2002-12,2002-12-31,20,0.0
ZT,2003-01,2003-01-31,21,0.0
ZT,2003-02,2003-02-28,19,0.0
ZT,2003-03,2003-03-31,21,0.0
ZT,2003-04,2003-04-30,21,0.0
ZT,2003-05,2003-05-30,21,1.0
ZT,2003-06,2003-06-30,21,0.0
ZT,2003-07,2003-07-31,22,0.0
ZT,2003-08,2003-08-29,21,2.0
ZT,2003-09,2003-09-30,21,0.0
ZT,2003-10,2003-10-31,23,0.0
ZT,2003-11,2003-11-28,19,2.0
ZT,2003-12,2003-12-31,22,0.0
ZT,2004-01,2004-01-30,20,1.0
ZT,2004-02,2004-02-27,19,2.0
ZT,2004-03,2004-03-31,23,0.0
ZT,2004-04,2004-04-30,21,0.0
ZT,2004-05,2004-05-28,20,3.0
ZT,2004-06,2004-06-30,21,0.0
ZT,2004-07,2004-07-30,21,1.0
ZT,2004-08,2004-08-31,22,0.0
ZT,2004-09,2004-09-30,21,0.0
ZT,2004-10,2004-10-29,21,2.0
ZT,2004-11,2004-11-30,21,0.0
ZT,2004-12,2004-12-30,21,1.0
ZT,2005-01,2005-01-31,20,0.0
ZT,2005-02,2005-02-28,19,0.0
ZT,2005-03,2005-03-31,22,0.0
ZT,2005-04,2005-04-29,21,1.0
ZT,2005-05,2005-05-31,21,0.0
ZT,2005-06,2005-06-30,22,0.0
ZT,2005-07,2005-07-29,20,2.0
ZT,2005-08,2005-08-31,23,0.0
ZT,2005-09,2005-09-30,21,0.0
ZT,2005-10,2005-10-31,21,0.0
ZT,2005-11,2005-11-30,21,0.0
ZT,2005-12,2005-12-30,21,1.0
ZT,2006-01,2006-01-31,20,0.0
ZT,2006-02,2006-02-28,19,0.0
ZT,2006-03,2006-03-31,23,0.0
ZT,2006-04,2006-04-28,19,2.0
ZT,2006-05,2006-05-31,22,0.0
ZT,2006-06,2006-06-30,22,0.0
ZT,2006-07,2006-07-31,20,0.0
ZT,2006-08,2006-08-31,23,0.0
ZT,2006-09,2006-09-29,20,1.0
ZT,2006-10,2006-10-31,22,0.0
ZT,2006-11,2006-11-30,21,0.0
ZT,2006-12,2006-12-29,20,2.0
ZT,2007-01,2007-01-31,20,0.0
ZT,2007-02,2007-02-28,19,0.0
ZT,2007-03,2007-03-30,22,1.0
ZT,2007-04,2007-04-30,20,0.0
ZT,2007-05,2007-05-31,22,0.0
ZT,2007-06,2007-06-29,21,1.0
ZT,2007-07,2007-07-31,21,0.0
ZT,2007-08,2007-08-31,23,0.0
ZT,2007-09,2007-09-28,19,2.0
ZT,2007-10,2007-10-31,23,0.0
ZT,2007-11,2007-11-30,21,0.0
ZT,2007-12,2007-12-31,20,0.0
ZT,2008-01,2008-01-31,21,0.0
ZT,2008-02,2008-02-29,20,0.0
ZT,2008-03,2008-03-31,20,0.0
ZT,2008-04,2008-04-30,22,0.0
ZT,2008-05,2008-05-30,21,1.0
ZT,2008-06,2008-06-30,21,0.0
ZT,2008-07,2008-07-31,22,0.0
ZT,2008-08,2008-08-29,21,2.0
ZT,2008-09,2008-09-30,21,0.0
ZT,2008-10,2008-10-31,23,0.0
ZT,2008-11,2008-11-28,19,2.0
ZT,2008-12,2008-12-31,22,0.0
ZT,2009-01,2009-01-30,20,1.0
ZT,2009-02,2009-02-27,19,1.0
ZT,2009-03,2009-03-31,22,0.0
ZT,2009-04,2009-04-30,21,0.0
ZT,2009-05,2009-05-29,20,2.0
ZT,2009-06,2009-06-30,22,0.0
ZT,2009-07,2009-07-31,22,0.0
ZT,2009-08,2009-08-31,21,0.0
ZT,2009-09,2009-09-30,21,0.0
ZT,2009-10,2009-10-30,22,1.0
ZT,2009-11,2009-11-30,20,0.0
ZT,2009-12,2009-12-31,22,0.0
ZT,2010-01,2010-01-29,19,2.0
ZT,2010-02,2010-02-26,19,2.0
ZT,2010-03,2010-03-31,23,0.0
ZT,2010-04,2010-04-30,21,0.0
ZT,2010-05,2010-05-28,20,3.0
ZT,2010-06,2010-06-30,22,0.0
ZT,2010-07,2010-07-30,21,1.0
ZT,2010-08,2010-08-31,22,0.0
ZT,2010-09,2010-09-30,21,0.0
ZT,2010-10,2010-10-29,21,2.0
ZT,2010-11,2010-11-30,21,0.0
ZT,2010-12,2010-12-31,22,0.0
ZT,2011-01,2011-01-31,20,0.0
ZT,2011-02,2011-02-28,19,0.0
ZT,2011-03,2011-03-31,23,0.0
ZT,2011-04,2011-04-29,20,1.0
ZT,2011-05,2011-05-31,21,0.0
ZT,2011-06,2011-06-30,22,0.0
ZT,2011-07,2011-07-29,20,2.0
ZT,2011-08,2011-08-31,23,0.0
ZT,2011-09,2011-09-30,21,0.0
ZT,2011-10,2011-10-31,21,0.0
ZT,2011-11,2011-11-30,21,0.0
ZT,2011-12,2011-12-30,21,1.0
ZT,2012-01,2012-01-31,20,0.0
ZT,2012-02,2012-02-29,20,0.0
ZT,2012-03,2012-03-30,22,1.0
ZT,2012-04,2012-04-30,20,0.0
ZT,2012-05,2012-05-31,22,0.0
ZT,2012-06,2012-06-29,21,1.0
ZT,2012-07,2012-07-31,21,0.0
ZT,2012-08,2012-08-31,23,0.0
ZT,2012-09,2012-09-28,19,2.0
ZT,2012-10,2012-10-31,23,0.0
ZT,2012-11,2012-11-30,21,0.0
ZT,2012-12,2012-12-31,20,0.0
ZT,2013-01,2013-01-31,21,0.0
ZT,2013-02,2013-02-28,19,0.0
ZT,2013-03,2013-03-28,20,3.0
ZT,2013-04,2013-04-30,22,0.0
ZT,2013-05,2013-05-31,22,0.0
ZT,2013-06,2013-06-28,20,2.0
ZT,2013-07,2013-07-31,22,0.0
ZT,2013-08,2013-08-30,22,1.0
ZT,2013-09,2013-09-30,20,0.0
ZT,2013-10,2013-10-31,23,0.0
ZT,2013-11,2013-11-29,20,1.0
ZT,2013-12,2013-12-31,21,0.0
ZT,2014-01,2014-01-31,21,0.0
ZT,2014-02,2014-02-28,19,0.0
ZT,2014-03,2014-03-31,21,0.0
ZT,2014-04,2014-04-30,21,0.0
ZT,2014-05,2014-05-30,21,1.0
ZT,2014-06,2014-06-30,21,0.0
ZT,2014-07,2014-07-31,22,0.0
ZT,2014-08,2014-08-29,21,2.0
ZT,2014-09,2014-09-30,21,0.0
ZT,2014-10,2014-10-31,23,0.0
ZT,2014-11,2014-11-28,19,2.0
ZT,2014-12,2014-12-31,22,0.0
ZU,1969-01,,0,
ZU,1969-02,,0,
ZU,1969-03,,0,
ZU,1969-04,,0,
ZU,1969-05,,0,
ZU,1969-06,,0,
ZU,1969-07,,0,
ZU,1969-08,,0,
ZU,1969-09,,0,
ZU,1969-10,,0,
ZU,1969-11,,0,
ZU,1969-12,,0,
ZU,1970-01,,0,
ZU,1970-02,,0,
ZU,1970-03,,0,
ZU,1970-04,,0,
ZU,1970-05,,0,
ZU,1970-06,,0,
ZU,1970-07,,0,
ZU,1970-08,,0,
ZU,1970-09,,0,
ZU,1970-10,,0,
ZU,1970-11,,0,
ZU,1970-12,,0,
ZU,1971-01,,0,
ZU,1971-02,,0,
ZU,1971-03,,0,
ZU,1971-04,,0,
ZU,1971-05,,0,
ZU,1971-06,,0,
ZU,1971-07,,0,
ZU,1971-08,,0,
ZU,1971-09,,0,
ZU,1971-10,,0,
ZU,1971-11,,0,
ZU,1971-12,,0,
ZU,1972-01,,0,
ZU,1972-02,,0,
ZU,1972-03,,0,
ZU,1972-04,,0,
ZU,1972-05,,0,
ZU,1972-06,,0,
ZU,1972-07,,0,
ZU,1972-08,,0,
ZU,1972-09,,0,
ZU,1972-10,,0,
ZU,1972-11,,0,
ZU,1972-12,,0,
ZU,1973-01,,0,
ZU,1973-02,,0,
ZU,1973-03,,0,
ZU,1973-04,,0,
ZU,1973-05,,0,
ZU,1973-06,,0,
ZU,1973-07,,0,
ZU,1973-08,,0,
ZU,1973-09,,0,
ZU,1973-10,,0,
ZU,1973-11,,0,
ZU,1973-12,,0,
ZU,1974-01,,0,
ZU,1974-02,,0,
ZU,1974-03,,0,
ZU,1974-04,,0,
ZU,1974-05,,0,
ZU,1974-06,,0,
ZU,1974-07,,0,
ZU,1974-08,,0,
ZU,1974-09,,0,
ZU,1974-10,,0,
ZU,1974-11,,0,
ZU,1974-12,,0,
ZU,1975-01,,0,
ZU,1975-02,,0,
ZU,1975-03,,0,
ZU,1975-04,,0,
ZU,1975-05,,0,
ZU,1975-06,,0,
ZU,1975-07,,0,
ZU,1975-08,,0,
ZU,1975-09,,0,
ZU,1975-10,,0,
ZU,1975-11,,0,
ZU,1975-12,,0,
ZU,1976-01,,0,
ZU,1976-02,,0,
ZU,1976-03,,0,
ZU,1976-04,,0,
ZU,1976-05,,0,
ZU,1976-06,,0,
ZU,1976-07,,0,
ZU,1976-08,,0,
ZU,1976-09,,0,
ZU,1976-10,,0,
ZU,1976-11,,0,
ZU,1976-12,,0,
ZU,1977-01,,0,
ZU,1977-02,,0,
ZU,1977-03,,0,
ZU,1977-04,,0,
ZU,1977-05,,0,
ZU,1977-06,,0,
ZU,1977-07,,0,
ZU,1977-08,,0,
ZU,1977-09,,0,
ZU,1977-10,,0,
ZU,1977-11,,0,
ZU,1977-12,,0,
ZU,1978-01,,0,
ZU,1978-02,,0,
ZU,1978-03,,0,
ZU,1978-04,,0,
ZU,1978-05,,0,
ZU,1978-06,,0,
ZU,1978-07,,0,
ZU,1978-08,,0,
ZU,1978-09,,0,
ZU,1978-10,,0,
ZU,1978-11,,0,
ZU,1978-12,,0,
ZU,1979-01,,0,
ZU,1979-02,,0,
ZU,1979-03,,0,
ZU,1979-04,,0,
ZU,1979-05,,0,
ZU,1979-06,,0,
ZU,1979-07,,0,
ZU,1979-08,,0,
ZU,1979-09,,0,
ZU,1979-10,,0,
ZU,1979-11,,0,
ZU,1979-12,,0,
ZU,1980-01,,0,
ZU,1980-02,,0,
ZU,1980-03,,0,
ZU,1980-04,,0,
ZU,1980-05,,0,
ZU,1980-06,,0,
ZU,1980-07,,0,
ZU,1980-08,,0,
ZU,1980-09,,0,
ZU,1980-10,,0,
ZU,1980-11,,0,
ZU,1980-12,,0,
ZU,1981-01,,0,
ZU,1981-02,,0,
ZU,1981-03,,0,
ZU,1981-04,,0,
ZU,1981-05,,0,
ZU,1981-06,,0,
ZU,1981-07,,0,
ZU,1981-08,,0,
ZU,1981-09,,0,
ZU,1981-10,,0,
ZU,1981-11,,0,
ZU,1981-12,,0,
ZU,1982-01,,0,
ZU,1982-02,,0,
ZU,1982-03,,0,
ZU,1982-04,,0,
ZU,1982-05,,0,
ZU,1982-06,,0,
ZU,1982-07,,0,
ZU,1982-08,,0,
ZU,1982-09,,0,
ZU,1982-10,,0,
ZU,1982-11,,0,
ZU,1982-12,,0,
ZU,1983-01,,0,
ZU,1983-02,,0,
ZU,1983-03,,0,
ZU,1983-04,,0,
ZU,1983-05,,0,
ZU,1983-06,,0,
ZU,1983-07,,0,
ZU,1983-08,,0,
ZU,1983-09,,0,
ZU,1983-10,,0,
ZU,1983-11,,0,
ZU,1983-12,,0,
ZU,1984-01,1984-01-31,21,0.0
ZU,1984-02,1984-02-29,20,0.0
ZU,1984-03,1984-03-30,22,1.0
ZU,1984-04,1984-04-30,20,0.0
ZU,1984-05,1984-05-31,22,0.0
ZU,1984-06,1984-06-29,21,1.0
ZU,1984-07,1984-07-31,21,0.0
ZU,1984-08,1984-08-31,23,0.0
ZU,1984-09,1984-09-28,19,2.0
ZU,1984-10,1984-10-31,23,0.0
ZU,1984-11,1984-11-30,20,0.0
ZU,1984-12,1984-12-28,18,3.0
ZU,1985-01,1985-01-31,22,0.0
ZU,1985-02,1985-02-28,19,0.0
ZU,1985-03,1985-03-29,21,2.0
ZU,1985-04,1985-04-30,21,0.0
ZU,1985-05,1985-05-31,22,0.0
ZU,1985-06,1985-06-28,20,2.0
ZU,1985-07,1985-07-31,21,0.0
ZU,1985-08,1985-08-30,22,1.0
ZU,1985-09,1985-09-30,20,0.0
ZU,1985-10,1985-10-31,23,0.0
ZU,1985-11,1985-11-27,19,3.0
ZU,1985-12,1985-12-31,20,0.0
ZU,1986-01,1986-01-31,22,0.0
ZU,1986-02,1986-02-28,19,0.0
ZU,1986-03,1986-03-31,20,0.0
ZU,1986-04,1986-04-30,22,0.0
ZU,1986-05,1986-05-30,21,1.0
ZU,1986-06,1986-06-30,21,0.0
ZU,1986-07,1986-07-31,21,0.0
ZU,1986-08,1986-08-29,21,2.0
ZU,1986-09,1986-09-30,21,0.0
ZU,1986-10,1986-10-31,23,0.0
ZU,1986-11,1986-11-26,18,4.0
ZU,1986-12,1986-12-31,21,0.0
ZU,1987-01,1987-01-30,21,1.0
ZU,1987-02,1987-02-27,19,1.0
ZU,1987-03,1987-03-31,22,0.0
ZU,1987-04,1987-04-30,21,0.0
ZU,1987-05,1987-05-29,20,2.0
ZU,1987-06,1987-06-30,22,0.0
ZU,1987-07,1987-07-31,22,0.0
ZU,1987-08,1987-08-31,21,0.0
ZU,1987-09,1987-09-30,21,0.0
ZU,1987-10,1987-10-30,22,1.0
ZU,1987-11,1987-11-30,19,0.0
ZU,1987-12,1987-12-31,22,0.0
ZU,1988-01,1988-01-29,20,2.0
ZU,1988-02,1988-02-29,20,0.0
ZU,1988-03,1988-03-31,23,0.0
ZU,1988-04,1988-04-29,20,1.0
ZU,1988-05,1988-05-31,21,0.0
ZU,1988-06,1988-06-30,22,0.0
ZU,1988-07,1988-07-29,20,2.0
ZU,1988-08,1988-08-31,23,0.0
ZU,1988-09,1988-09-30,21,0.0
ZU,1988-10,1988-10-31,21,0.0
ZU,1988-11,1988-11-30,20,0.0
ZU,1988-12,1988-12-30,21,1.0
ZU,1989-01,1989-01-31,21,0.0
ZU,1989-02,1989-02-28,19,0.0
ZU,1989-03,1989-03-31,22,0.0
ZU,1989-04,1989-04-28,20,2.0
ZU,1989-05,1989-05-31,22,0.0
ZU,1989-06,1989-06-30,22,0.0
ZU,1989-07,1989-07-31,19,0.0
ZU,1989-08,1989-08-31,23,0.0
ZU,1989-09,1989-09-29,20,1.0
ZU,1989-10,1989-10-31,22,0.0
ZU,1989-11,1989-11-30,21,0.0
ZU,1989-12,1989-12-29,20,2.0
ZU,1990-01,1990-01-31,22,0.0
ZU,1990-02,1990-02-28,19,0.0
ZU,1990-03,1990-03-30,22,1.0
ZU,1990-04,1990-04-30,20,0.0
ZU,1990-05,1990-05-31,22,0.0
ZU,1990-06,1990-06-29,21,1.0
ZU,1990-07,1990-07-31,21,0.0
ZU,1990-08,1990-08-31,22,0.0
ZU,1990-09,1990-09-28,19,2.0
ZU,1990-10,1990-10-31,23,0.0
ZU,1990-11,1990-11-30,21,0.0
ZU,1990-12,1990-12-31,19,0.0
ZU,1991-01,1991-01-31,22,0.0
ZU,1991-02,1991-02-28,19,0.0
ZU,1991-03,1991-03-28,20,3.0
ZU,1991-04,1991-04-30,22,0.0
ZU,1991-05,1991-05-31,22,0.0
ZU,1991-06,1991-06-28,20,2.0
ZU,1991-07,1991-07-31,22,0.0
ZU,1991-08,1991-08-30,22,1.0
ZU,1991-09,1991-09-30,20,0.0
ZU,1991-10,1991-10-31,23,0.0
ZU,1991-11,1991-11-29,20,1.0
ZU,1991-12,1991-12-31,21,0.0
ZU,1992-01,1992-01-31,22,0.0
ZU,1992-02,1992-02-28,19,1.0
ZU,1992-03,1992-03-31,22,0.0
ZU,1992-04,1992-04-30,21,0.0
ZU,1992-05,1992-05-29,20,2.0
ZU,1992-06,1992-06-30,22,0.0
ZU,1992-07,1992-07-31,22,0.0
ZU,1992-08,1992-08-31,21,0.0
ZU,1992-09,1992-09-30,21,0.0
ZU,1992-10,1992-10-30,22,1.0
ZU,1992-11,1992-11-30,19,0.0
ZU,1992-12,1992-12-31,21,0.0
ZU,1993-01,1993-01-29,20,2.0
ZU,1993-02,1993-02-26,19,2.0
ZU,1993-03,1993-03-31,23,0.0
ZU,1993-04,1993-04-30,20,0.0
ZU,1993-05,1993-05-28,20,3.0
ZU,1993-06,1993-06-30,22,0.0
ZU,1993-07,1993-07-30,21,1.0
ZU,1993-08,1993-08-31,22,0.0
ZU,1993-09,1993-09-30,21,0.0
ZU,1993-10,1993-10-29,21,2.0
ZU,1993-11,1993-11-30,20,0.0
ZU,1993-12,1993-12-30,21,1.0
ZU,1994-01,1994-01-31,21,0.0
ZU,1994-02,1994-02-28,19,0.0
ZU,1994-03,1994-03-31,23,0.0
ZU,1994-04,1994-04-29,19,1.0
ZU,1994-05,1994-05-31,21,0.0
ZU,1994-06,1994-06-30,22,0.0
ZU,1994-07,1994-07-29,20,2.0
ZU,1994-08,1994-08-31,23,0.0
ZU,1994-09,1994-09-30,21,0.0
ZU,1994-10,1994-10-31,21,0.0
ZU,1994-11,1994-11-30,20,0.0
ZU,1994-12,1994-12-30,21,1.0
ZU,1995-01,1995-01-31,21,0.0
ZU,1995-02,1995-02-28,19,0.0
ZU,1995-03,1995-03-31,23,0.0
ZU,1995-04,1995-04-28,19,2.0
ZU,1995-05,1995-05-31,22,0.0
ZU,1995-06,1995-06-30,22,0.0
ZU,1995-07,1995-07-31,19,0.0
ZU,1995-08,1995-08-31,23,0.0
ZU,1995-09,1995-09-29,20,1.0
ZU,1995-10,1995-10-31,22,0.0
ZU,1995-11,1995-11-30,20,0.0
ZU,1995-12,1995-12-29,20,2.0
ZU,1996-01,1996-01-31,21,0.0
ZU,1996-02,1996-02-29,20,0.0
ZU,1996-03,1996-03-29,21,2.0
ZU,1996-04,1996-04-30,21,0.0
ZU,1996-05,1996-05-31,22,0.0
ZU,1996-06,1996-06-28,20,2.0
ZU,1996-07,1996-07-31,21,0.0
ZU,1996-08,1996-08-30,22,1.0
ZU,1996-09,1996-09-30,20,0.0
ZU,1996-10,1996-10-31,23,0.0
ZU,1996-11,1996-11-27,19,3.0
ZU,1996-12,1996-12-31,21,0.0
ZU,1997-01,1997-01-31,22,0.0
ZU,1997-02,1997-02-28,19,0.0
ZU,1997-03,1997-03-31,20,0.0
ZU,1997-04,1997-04-30,22,0.0
ZU,1997-05,1997-05-30,21,1.0
ZU,1997-06,1997-06-30,21,0.0
ZU,1997-07,1997-07-31,22,0.0
ZU,1997-08,1997-08-29,21,2.0
ZU,1997-09,1997-09-30,21,0.0
ZU,1997-10,1997-10-31,23,0.0
ZU,1997-11,1997-11-26,18,4.0
ZU,1997-12,1997-12-31,22,0.0
ZU,1998-01,1998-01-30,20,1.0
ZU,1998-02,1998-02-27,19,1.0
ZU,1998-03,1998-03-31,22,0.0
ZU,1998-04,1998-04-30,21,0.0
ZU,1998-05,1998-05-29,20,2.0
ZU,1998-06,1998-06-30,22,0.0
ZU,1998-07,1998-07-31,22,0.0
ZU,1998-08,1998-08-31,21,0.0
ZU,1998-09,1998-09-30,21,0.0
ZU,1998-10,1998-10-30,22,1.0
ZU,1998-11,1998-11-30,19,0.0
ZU,1998-12,1998-12-31,22,0.0
ZU,1999-01,1999-01-29,19,2.0
ZU,1999-02,1999-02-26,19,2.0
ZU,1999-03,1999-03-31,23,0.0
ZU,1999-04,1999-04-30,21,0.0
ZU,1999-05,1999-05-28,20,3.0
ZU,1999-06,1999-06-30,22,0.0
ZU,1999-07,1999-07-30,21,1.0
ZU,1999-08,1999-08-31,22,0.0
ZU,1999-09,1999-09-30,21,0.0
ZU,1999-10,1999-10-29,21,2.0
ZU,1999-11,1999-11-30,20,0.0
ZU,1999-12,1999-12-30,21,1.0
ZU,2000-01,2000-01-31,19,0.0
ZU,2000-02,2000-02-29,20,0.0
ZU,2000-03,2000-03-31,23,0.0
ZU,2000-04,2000-04-28,19,2.0
ZU,2000-05,2000-05-31,22,0.0
ZU,2000-06,2000-06-30,22,0.0
ZU,2000-07,2000-07-31,19,0.0
ZU,2000-08,2000-08-31,23,0.0
ZU,2000-09,2000-09-29,20,1.0
ZU,2000-10,2000-10-31,22,0.0
ZU,2000-11,2000-11-30,20,0.0
ZU,2000-12,2000-12-29,20,2.0
ZU,2001-01,2001-01-31,21,0.0
ZU,2001-02,2001-02-28,19,0.0
ZU,2001-03,2001-03-30,22,1.0
ZU,2001-04,2001-04-30,20,0.0
ZU,2001-05,2001-05-31,22,0.0
ZU,2001-06,2001-06-29,21,1.0
ZU,2001-07,2001-07-31,21,0.0
ZU,2001-08,2001-08-31,23,0.0
ZU,2001-09,2001-09-28,16,2.0
ZU,2001-10,2001-10-31,23,0.0
ZU,2001-11,2001-11-30,20,0.0
ZU,2001-12,2001-12-31,19,0.0
ZU,2002-01,2002-01-31,21,0.0
ZU,2002-02,2002-02-28,19,0.0
ZU,2002-03,2002-03-28,20,3.0
ZU,2002-04,2002-04-30,22,0.0
ZU,2002-05,2002-05-31,22,0.0
ZU,2002-06,2002-06-28,20,2.0
ZU,2002-07,2002-07-31,21,0.0
ZU,2002-08,2002-08-30,22,1.0
ZU,2002-09,2002-09-30,20,0.0
ZU,2002-10,2002-10-31,23,0.0
ZU,2002-11,2002-11-27,19,3.0
ZU,2002-12,2002-12-31,21,0.0
ZU,2003-01,2003-01-31,21,0.0
ZU,2003-02,2003-02-28,19,0.0
ZU,2003-03,2003-03-31,21,0.0
ZU,2003-04,2003-04-30,21,0.0
ZU,2003-05,2003-05-30,21,1.0
ZU,2003-06,2003-06-30,21,0.0
ZU,2003-07,2003-07-31,22,0.0
ZU,2003-08,2003-08-29,21,2.0
ZU,2003-09,2003-09-30,21,0.0
ZU,2003-10,2003-10-31,23,0.0
ZU,2003-11,2003-11-26,18,4.0
ZU,2003-12,2003-12-31,21,0.0
ZU,2004-01,2004-01-30,19,1.0
ZU,2004-02,2004-02-27,19,2.0
ZU,2004-03,2004-03-31,23,0.0
ZU,2004-04,2004-04-30,21,0.0
ZU,2004-05,2004-05-28,20,3.0
ZU,2004-06,2004-06-30,21,0.0
ZU,2004-07,2004-07-30,21,1.0
ZU,2004-08,2004-08-31,22,0.0
ZU,2004-09,2004-09-30,21,0.0
ZU,2004-10,2004-10-29,21,2.0
ZU,2004-11,2004-11-30,20,0.0
ZU,2004-12,2004-12-30,21,1.0
ZU,2005-01,2005-01-31,20,0.0
ZU,2005-02,2005-02-28,19,0.0
ZU,2005-03,2005-03-31,22,0.0
ZU,2005-04,2005-04-29,21,1.0
ZU,2005-05,2005-05-31,21,0.0
ZU,2005-06,2005-06-30,22,0.0
ZU,2005-07,2005-07-29,20,2.0
ZU,2005-08,2005-08-31,23,0.0
ZU,2005-09,2005-09-30,21,0.0
ZU,2005-10,2005-10-31,21,0.0
ZU,2005-11,2005-11-30,20,0.0
ZU,2005-12,2005-12-30,21,1.0
ZU,2006-01,2006-01-31,20,0.0
ZU,2006-02,2006-02-28,19,0.0
ZU,2006-03,2006-03-31,23,0.0
ZU,2006-04,2006-04-28,19,2.0
ZU,2006-05,2006-05-31,22,0.0
ZU,2006-06,2006-06-30,22,0.0
ZU,2006-07,2006-07-31,19,0.0
ZU,2006-08,2006-08-31,23,0.0
ZU,2006-09,2006-09-29,20,1.0
ZU,2006-10,2006-10-31,22,0.0
ZU,2006-11,2006-11-30,20,0.0
ZU,2006-12,2006-12-29,20,2.0
ZU,2007-01,2007-01-31,20,0.0
ZU,2007-02,2007-02-28,19,0.0
ZU,2007-03,2007-03-30,22,1.0
ZU,2007-04,2007-04-30,20,0.0
ZU,2007-05,2007-05-31,22,0.0
ZU,2007-06,2007-06-29,21,1.0
ZU,2007-07,2007-07-31,21,0.0
ZU,2007-08,2007-08-31,23,0.0
ZU,2007-09,2007-09-28,19,2.0
ZU,2007-10,2007-10-31,23,0.0
ZU,2007-11,2007-11-30,21,0.0
ZU,2007-12,2007-12-31,20,0.0
ZU,2008-01,2008-01-31,21,0.0
ZU,2008-02,2008-02-29,20,0.0
ZU,2008-03,2008-03-31,20,0.0
ZU,2008-04,2008-04-30,22,0.0
ZU,2008-05,2008-05-30,21,1.0
ZU,2008-06,2008-06-30,21,0.0
ZU,2008-07,2008-07-31,22,0.0
ZU,2008-08,2008-08-29,21,2.0
ZU,2008-09,2008-09-30,21,0.0
ZU,2008-10,2008-10-31,23,0.0
ZU,2008-11,2008-11-28,19,2.0
ZU,2008-12,2008-12-31,22,0.0
ZU,2009-01,2009-01-30,20,1.0
ZU,2009-02,2009-02-27,19,1.0
ZU,2009-03,2009-03-31,22,0.0
ZU,2009-04,2009-04-30,21,0.0
ZU,2009-05,2009-05-29,20,2.0
ZU,2009-06,2009-06-30,22,0.0
ZU,2009-07,2009-07-31,22,0.0
ZU,2009-08,2009-08-31,21,0.0
ZU,2009-09,2009-09-30,21,0.0
ZU,2009-10,2009-10-30,22,1.0
ZU,2009-11,2009-11-30,20,0.0
ZU,2009-12,2009-12-31,22,0.0
ZU,2010-01,2010-01-29,19,2.0
ZU,2010-02,2010-02-26,19,2.0
ZU,2010-03,2010-03-31,23,0.0
ZU,2010-04,2010-04-30,21,0.0
ZU,2010-05,2010-05-28,20,3.0
ZU,2010-06,2010-06-30,22,0.0
ZU,2010-07,2010-07-30,21,1.0
ZU,2010-08,2010-08-31,22,0.0
ZU,2010-09,2010-09-30,21,0.0
ZU,2010-10,2010-10-29,21,2.0
ZU,2010-11,2010-11-30,21,0.0
ZU,2010-12,2010-12-31,22,0.0
ZU,2011-01,2011-01-31,20,0.0
ZU,2011-02,2011-02-28,19,0.0
ZU,2011-03,2011-03-31,23,0.0
ZU,2011-04,2011-04-29,20,1.0
ZU,2011-05,2011-05-31,21,0.0
ZU,2011-06,2011-06-30,22,0.0
ZU,2011-07,2011-07-29,20,2.0
ZU,2011-08,2011-08-31,23,0.0
ZU,2011-09,2011-09-30,21,0.0
ZU,2011-10,2011-10-31,21,0.0
ZU,2011-11,2011-11-30,21,0.0
ZU,2011-12,2011-12-30,21,1.0
ZU,2012-01,2012-01-31,20,0.0
ZU,2012-02,2012-02-29,20,0.0
ZU,2012-03,2012-03-30,22,1.0
ZU,2012-04,2012-04-30,20,0.0
ZU,2012-05,2012-05-31,22,0.0
ZU,2012-06,2012-06-29,21,1.0
ZU,2012-07,2012-07-31,21,0.0
ZU,2012-08,2012-08-31,23,0.0
ZU,2012-09,2012-09-28,19,2.0
ZU,2012-10,2012-10-31,23,0.0
ZU,2012-11,2012-11-30,21,0.0
ZU,2012-12,2012-12-31,20,0.0
ZU,2013-01,2013-01-31,21,0.0
ZU,2013-02,2013-02-28,19,0.0
ZU,2013-03,2013-03-28,20,3.0
ZU,2013-04,2013-04-30,22,0.0
ZU,2013-05,2013-05-31,22,0.0
ZU,2013-06,2013-06-28,20,2.0
ZU,2013-07,2013-07-31,22,0.0
ZU,2013-08,2013-08-30,22,1.0
ZU,2013-09,2013-09-30,20,0.0
ZU,2013-10,2013-10-31,23,0.0
ZU,2013-11,2013-11-29,20,1.0
ZU,2013-12,2013-12-31,21,0.0
ZU,2014-01,2014-01-31,21,0.0
ZU,2014-02,2014-02-28,19,0.0
ZU,2014-03,2014-03-31,21,0.0
ZU,2014-04,2014-04-30,21,0.0
ZU,2014-05,2014-05-30,21,1.0
ZU,2014-06,2014-06-30,21,0.0
ZU,2014-07,2014-07-31,22,0.0
ZU,2014-08,2014-08-29,21,2.0
ZU,2014-09,2014-09-30,21,0.0
ZU,2014-10,2014-10-31,23,0.0
ZU,2014-11,2014-11-28,19,2.0
ZU,2014-12,2014-12-31,22,0.0
ZW,1969-01,1969-01-31,22,0.0
ZW,1969-02,1969-02-28,19,0.0
ZW,1969-03,1969-03-28,20,3.0
ZW,1969-04,1969-04-30,21,0.0
ZW,1969-05,1969-05-29,21,2.0
ZW,1969-06,1969-06-30,21,0.0
ZW,1969-07,1969-07-31,21,0.0
ZW,1969-08,1969-08-29,21,2.0
ZW,1969-09,1969-09-30,21,0.0
ZW,1969-10,1969-10-31,23,0.0
ZW,1969-11,1969-11-28,19,2.0
ZW,1969-12,1969-12-31,21,0.0
ZW,1970-01,1970-01-30,20,1.0
ZW,1970-02,1970-02-27,19,1.0
ZW,1970-03,1970-03-31,21,0.0
ZW,1970-04,1970-04-30,22,0.0
ZW,1970-05,1970-05-28,20,3.0
ZW,1970-06,1970-06-30,22,0.0
ZW,1970-07,1970-07-31,22,0.0
ZW,1970-08,1970-08-31,21,0.0
ZW,1970-09,1970-09-30,21,0.0
ZW,1970-10,1970-10-30,22,1.0
ZW,1970-11,1970-11-30,19,0.0
ZW,1970-12,1970-12-31,22,0.0
ZW,1971-01,1971-01-29,20,2.0
ZW,1971-02,1971-02-26,19,2.0
ZW,1971-03,1971-03-31,23,0.0
ZW,1971-04,1971-04-30,21,0.0
ZW,1971-05,1971-05-28,20,3.0
ZW,1971-06,1971-06-30,22,0.0
ZW,1971-07,1971-07-30,21,1.0
ZW,1971-08,1971-08-31,22,0.0
ZW,1971-09,1971-09-30,21,0.0
ZW,1971-10,1971-10-29,21,2.0
ZW,1971-11,1971-11-30,21,0.0
ZW,1971-12,1971-12-30,21,1.0
ZW,1972-01,1972-01-31,21,0.0
ZW,1972-02,1972-02-29,20,0.0
ZW,1972-03,1972-03-30,22,1.0
ZW,1972-04,1972-04-28,20,2.0
ZW,1972-05,1972-05-31,22,0.0
ZW,1972-06,1972-06-30,22,0.0
ZW,1972-07,1972-07-31,20,0.0
ZW,1972-08,1972-08-31,23,0.0
ZW,1972-09,1972-09-29,20,1.0
ZW,1972-10,1972-10-31,22,0.0
ZW,1972-11,1972-11-30,20,0.0
ZW,1972-12,1972-12-29,19,2.0
ZW,1973-01,1973-01-31,21,0.0
ZW,1973-02,1973-02-28,19,0.0
ZW,1973-03,1973-03-30,22,1.0
ZW,1973-04,1973-04-30,20,0.0
ZW,1973-05,1973-05-31,22,0.0
ZW,1973-06,1973-06-29,21,1.0
ZW,1973-07,1973-07-31,21,0.0
ZW,1973-08,1973-08-31,23,0.0
ZW,1973-09,1973-09-28,19,2.0
ZW,1973-10,1973-10-31,22,0.0
ZW,1973-11,1973-11-30,21,0.0
ZW,1973-12,1973-12-31,19,0.0
ZW,1974-01,1974-01-31,22,0.0
ZW,1974-02,1974-02-28,18,0.0
ZW,1974-03,1974-03-29,21,2.0
ZW,1974-04,1974-04-30,21,0.0
ZW,1974-05,1974-05-31,22,0.0
ZW,1974-06,1974-06-28,20,2.0
ZW,1974-07,1974-07-31,22,0.0
ZW,1974-08,1974-08-30,22,1.0
ZW,1974-09,1974-09-30,20,0.0
ZW,1974-10,1974-10-31,23,0.0
ZW,1974-11,1974-11-29,19,1.0
ZW,1974-12,1974-12-31,21,0.0
ZW,1975-01,1975-01-31,22,0.0
ZW,1975-02,1975-02-28,19,0.0
ZW,1975-03,1975-03-31,20,0.0
ZW,1975-04,1975-04-30,22,0.0
ZW,1975-05,1975-05-30,21,1.0
ZW,1975-06,1975-06-30,21,0.0
ZW,1975-07,1975-07-31,22,0.0
ZW,1975-08,1975-08-29,21,2.0
ZW,1975-09,1975-09-30,21,0.0
ZW,1975-10,1975-10-31,23,0.0
ZW,1975-11,1975-11-28,19,2.0
ZW,1975-12,1975-12-31,21,0.0
ZW,1976-01,1976-01-30,21,1.0
ZW,1976-02,1976-02-27,19,2.0
ZW,1976-03,1976-03-31,23,0.0
ZW,1976-04,1976-04-30,21,0.0
ZW,1976-05,1976-05-28,20,3.0
ZW,1976-06,1976-06-30,22,0.0
ZW,1976-07,1976-07-30,21,1.0
ZW,1976-08,1976-08-31,22,0.0
ZW,1976-09,1976-09-30,21,0.0
ZW,1976-10,1976-10-29,21,2.0
ZW,1976-11,1976-11-30,20,0.0
ZW,1976-12,1976-12-30,21,1.0
ZW,1977-01,1977-01-31,21,0.0
ZW,1977-02,1977-02-28,19,0.0
ZW,1977-03,1977-03-31,23,0.0
ZW,1977-04,1977-04-29,20,1.0
ZW,1977-05,1977-05-31,20,0.0
ZW,1977-06,1977-06-30,22,0.0
ZW,1977-07,1977-07-29,20,2.0
ZW,1977-08,1977-08-31,23,0.0
ZW,1977-09,1977-09-30,21,0.0
ZW,1977-10,1977-10-31,21,0.0
ZW,1977-11,1977-11-30,21,0.0
ZW,1977-12,1977-12-30,21,1.0
ZW,1978-01,1978-01-31,21,0.0
ZW,1978-02,1978-02-28,19,0.0
ZW,1978-03,1978-03-31,22,0.0
ZW,1978-04,1978-04-28,20,2.0
ZW,1978-05,1978-05-31,22,0.0
ZW,1978-06,1978-06-30,22,0.0
ZW,1978-07,1978-07-31,20,0.0
ZW,1978-08,1978-08-31,23,0.0
ZW,1978-09,1978-09-29,20,1.0
ZW,1978-10,1978-10-31,22,0.0
ZW,1978-11,1978-11-30,20,0.0
ZW,1978-12,1978-12-29,20,2.0
ZW,1979-01,1979-01-31,22,0.0
ZW,1979-02,1979-02-28,19,0.0
ZW,1979-03,1979-03-30,22,1.0
ZW,1979-04,1979-04-30,20,0.0
ZW,1979-05,1979-05-31,22,0.0
ZW,1979-06,1979-06-29,21,1.0
ZW,1979-07,1979-07-31,21,0.0
ZW,1979-08,1979-08-31,23,0.0
ZW,1979-09,1979-09-28,19,2.0
ZW,1979-10,1979-10-31,23,0.0
ZW,1979-11,1979-11-30,21,0.0
ZW,1979-12,1979-12-31,19,0.0
ZW,1980-01,1980-01-31,20,0.0
ZW,1980-02,1980-02-29,20,0.0
ZW,1980-03,1980-03-31,21,0.0
ZW,1980-04,1980-04-30,21,0.0
ZW,1980-05,1980-05-30,21,1.0
ZW,1980-06,1980-06-30,21,0.0
ZW,1980-07,1980-07-31,22,0.0
ZW,1980-08,1980-08-29,21,2.0
ZW,1980-09,1980-09-30,21,0.0
ZW,1980-10,1980-10-31,23,0.0
ZW,1980-11,1980-11-28,18,2.0
ZW,1980-12,1980-12-31,21,0.0
ZW,1981-01,1981-01-30,21,1.0
ZW,1981-02,1981-02-27,19,1.0
ZW,1981-03,1981-03-31,22,0.0
ZW,1981-04,1981-04-30,21,0.0
ZW,1981-05,1981-05-29,20,2.0
ZW,1981-06,1981-06-30,22,0.0
ZW,1981-07,1981-07-31,22,0.0
ZW,1981-08,1981-08-31,21,0.0
ZW,1981-09,1981-09-30,21,0.0
ZW,1981-10,1981-10-30,22,1.0
ZW,1981-11,1981-11-30,20,0.0
ZW,1981-12,1981-12-31,22,0.0
ZW,1982-01,1982-01-29,20,2.0
ZW,1982-02,1982-02-26,19,2.0
ZW,1982-03,1982-03-31,23,0.0
ZW,1982-04,1982-04-30,21,0.0
ZW,1982-05,1982-05-28,20,3.0
ZW,1982-06,1982-06-30,22,0.0
ZW,1982-07,1982-07-30,21,1.0
ZW,1982-08,1982-08-31,22,0.0
ZW,1982-09,1982-09-30,21,0.0
ZW,1982-10,1982-10-29,21,2.0
ZW,1982-11,1982-11-30,20,0.0
ZW,1982-12,1982-12-30,21,1.0
ZW,1983-01,1983-01-31,21,0.0
ZW,1983-02,1983-02-28,19,0.0
ZW,1983-03,1983-03-31,23,0.0
ZW,1983-04,1983-04-29,20,1.0
ZW,1983-05,1983-05-31,21,0.0
ZW,1983-06,1983-06-30,22,0.0
ZW,1983-07,1983-07-29,20,2.0
ZW,1983-08,1983-08-31,23,0.0
ZW,1983-09,1983-09-30,21,0.0
ZW,1983-10,1983-10-31,21,0.0
ZW,1983-11,1983-11-30,21,0.0
ZW,1983-12,1983-12-30,21,1.0
ZW,1984-01,1984-01-31,21,0.0
ZW,1984-02,1984-02-29,20,0.0
ZW,1984-03,1984-03-30,22,1.0
ZW,1984-04,1984-04-30,20,0.0
ZW,1984-05,1984-05-31,22,0.0
ZW,1984-06,1984-06-29,21,1.0
ZW,1984-07,1984-07-31,21,0.0
ZW,1984-08,1984-08-31,23,0.0
ZW,1984-09,1984-09-28,19,2.0
ZW,1984-10,1984-10-31,23,0.0
ZW,1984-11,1984-11-30,21,0.0
ZW,1984-12,1984-12-31,20,0.0
ZW,1985-01,1985-01-31,22,0.0
ZW,1985-02,1985-02-28,19,0.0
ZW,1985-03,1985-03-29,21,2.0
ZW,1985-04,1985-04-30,21,0.0
ZW,1985-05,1985-05-31,22,0.0
ZW,1985-06,1985-06-28,20,2.0
ZW,1985-07,1985-07-31,22,0.0
ZW,1985-08,1985-08-30,22,1.0
ZW,1985-09,1985-09-30,20,0.0
ZW,1985-10,1985-10-31,23,0.0
ZW,1985-11,1985-11-29,20,1.0
ZW,1985-12,1985-12-31,21,0.0
ZW,1986-01,1986-01-31,22,0.0
ZW,1986-02,1986-02-28,19,0.0
ZW,1986-03,1986-03-31,20,0.0
ZW,1986-04,1986-04-30,22,0.0
ZW,1986-05,1986-05-30,21,1.0
ZW,1986-06,1986-06-30,21,0.0
ZW,1986-07,1986-07-31,22,0.0
ZW,1986-08,1986-08-29,21,2.0
ZW,1986-09,1986-09-30,21,0.0
ZW,1986-10,1986-10-31,23,0.0
ZW,1986-11,1986-11-28,19,2.0
ZW,1986-12,1986-12-31,22,0.0
ZW,1987-01,1987-01-30,21,1.0
ZW,1987-02,1987-02-27,19,1.0
ZW,1987-03,1987-03-31,22,0.0
ZW,1987-04,1987-04-30,21,0.0
ZW,1987-05,1987-05-29,20,2.0
ZW,1987-06,1987-06-30,22,0.0
ZW,1987-07,1987-07-31,22,0.0
ZW,1987-08,1987-08-31,21,0.0
ZW,1987-09,1987-09-30,21,0.0
ZW,1987-10,1987-10-30,22,1.0
ZW,1987-11,1987-11-30,20,0.0
ZW,1987-12,1987-12-31,22,0.0
ZW,1988-01,1988-01-29,20,2.0
ZW,1988-02,1988-02-29,20,0.0
ZW,1988-03,1988-03-31,23,0.0
ZW,1988-04,1988-04-29,20,1.0
ZW,1988-05,1988-05-31,21,0.0
ZW,1988-06,1988-06-30,22,0.0
ZW,1988-07,1988-07-29,20,2.0
ZW,1988-08,1988-08-31,23,0.0
ZW,1988-09,1988-09-30,21,0.0
ZW,1988-10,1988-10-31,21,0.0
ZW,1988-11,1988-11-30,21,0.0
ZW,1988-12,1988-12-30,21,1.0
ZW,1989-01,1989-01-31,21,0.0
ZW,1989-02,1989-02-28,19,0.0
ZW,1989-03,1989-03-31,22,0.0
ZW,1989-04,1989-04-28,20,2.0
ZW,1989-05,1989-05-31,22,0.0
ZW,1989-06,1989-06-30,22,0.0
ZW,1989-07,1989-07-31,20,0.0
ZW,1989-08,1989-08-31,23,0.0
ZW,1989-09,1989-09-29,20,1.0
ZW,1989-10,1989-10-31,22,0.0
ZW,1989-11,1989-11-30,21,0.0
ZW,1989-12,1989-12-29,20,2.0
ZW,1990-01,1990-01-31,22,0.0
ZW,1990-02,1990-02-28,19,0.0
ZW,1990-03,1990-03-30,22,1.0
ZW,1990-04,1990-04-30,20,0.0
ZW,1990-05,1990-05-31,22,0.0
ZW,1990-06,1990-06-29,21,1.0
ZW,1990-07,1990-07-31,21,0.0
ZW,1990-08,1990-08-31,23,0.0
ZW,1990-09,1990-09-28,19,2.0
ZW,1990-10,1990-10-31,23,0.0
ZW,1990-11,1990-11-30,21,0.0
ZW,1990-12,1990-12-31,20,0.0
ZW,1991-01,1991-01-31,22,0.0
ZW,1991-02,1991-02-28,19,0.0
ZW,1991-03,1991-03-28,20,3.0
ZW,1991-04,1991-04-30,22,0.0
ZW,1991-05,1991-05-31,22,0.0
ZW,1991-06,1991-06-28,20,2.0
ZW,1991-07,1991-07-31,22,0.0
ZW,1991-08,1991-08-30,22,1.0
ZW,1991-09,1991-09-30,20,0.0
ZW,1991-10,1991-10-31,23,0.0
ZW,1991-11,1991-11-29,20,1.0
ZW,1991-12,1991-12-31,21,0.0
ZW,1992-01,1992-01-31,22,0.0
ZW,1992-02,1992-02-28,19,1.0
ZW,1992-03,1992-03-31,22,0.0
ZW,1992-04,1992-04-30,19,0.0
ZW,1992-05,1992-05-29,20,2.0
ZW,1992-06,1992-06-30,22,0.0
ZW,1992-07,1992-07-31,22,0.0
ZW,1992-08,1992-08-31,21,0.0
ZW,1992-09,1992-09-30,21,0.0
ZW,1992-10,1992-10-30,22,1.0
ZW,1992-11,1992-11-30,20,0.0
ZW,1992-12,1992-12-31,22,0.0
ZW,1993-01,1993-01-29,20,2.0
ZW,1993-02,1993-02-26,19,2.0
ZW,1993-03,1993-03-31,23,0.0
ZW,1993-04,1993-04-30,21,0.0
ZW,1993-05,1993-05-28,20,3.0
ZW,1993-06,1993-06-30,22,0.0
ZW,1993-07,1993-07-30,21,1.0
ZW,1993-08,1993-08-31,22,0.0
ZW,1993-09,1993-09-30,21,0.0
ZW,1993-10,1993-10-29,21,2.0
ZW,1993-11,1993-11-30,21,0.0
ZW,1993-12,1993-12-30,21,1.0
ZW,1994-01,1994-01-31,21,0.0
ZW,1994-02,1994-02-28,19,0.0
ZW,1994-03,1994-03-31,23,0.0
ZW,1994-04,1994-04-29,19,1.0
ZW,1994-05,1994-05-31,21,0.0
ZW,1994-06,1994-06-30,22,0.0
ZW,1994-07,1994-07-29,20,2.0
ZW,1994-08,1994-08-31,23,0.0
ZW,1994-09,1994-09-30,21,0.0
ZW,1994-10,1994-10-31,21,0.0
ZW,1994-11,1994-11-30,21,0.0
ZW,1994-12,1994-12-30,21,1.0
ZW,1995-01,1995-01-31,21,0.0
ZW,1995-02,1995-02-28,19,0.0
ZW,1995-03,1995-03-31,23,0.0
ZW,1995-04,1995-04-28,19,2.0
ZW,1995-05,1995-05-31,22,0.0
ZW,1995-06,1995-06-30,22,0.0
ZW,1995-07,1995-07-31,20,0.0
ZW,1995-08,1995-08-31,23,0.0
ZW,1995-09,1995-09-29,20,1.0
ZW,1995-10,1995-10-31,22,0.0
ZW,1995-11,1995-11-30,21,0.0
ZW,1995-12,1995-12-29,20,2.0
ZW,1996-01,1996-01-31,22,0.0
ZW,1996-02,1996-02-29,20,0.0
ZW,1996-03,1996-03-29,21,2.0
ZW,1996-04,1996-04-30,21,0.0
ZW,1996-05,1996-05-31,22,0.0
ZW,1996-06,1996-06-28,20,2.0
ZW,1996-07,1996-07-31,22,0.0
ZW,1996-08,1996-08-30,22,1.0
ZW,1996-09,1996-09-30,20,0.0
ZW,1996-10,1996-10-31,23,0.0
ZW,1996-11,1996-11-29,20,1.0
ZW,1996-12,1996-12-31,21,0.0
ZW,1997-01,1997-01-31,22,0.0
ZW,1997-02,1997-02-28,19,0.0
ZW,1997-03,1997-03-31,20,0.0
ZW,1997-04,1997-04-30,22,0.0
ZW,1997-05,1997-05-30,21,1.0
ZW,1997-06,1997-06-30,21,0.0
ZW,1997-07,1997-07-31,22,0.0
ZW,1997-08,1997-08-29,21,2.0
ZW,1997-09,1997-09-30,21,0.0
ZW,1997-10,1997-10-31,23,0.0
ZW,1997-11,1997-11-28,19,2.0
ZW,1997-12,1997-12-31,22,0.0
ZW,1998-01,1998-01-30,20,1.0
ZW,1998-02,1998-02-27,19,1.0
ZW,1998-03,1998-03-31,22,0.0
ZW,1998-04,1998-04-30,21,0.0
ZW,1998-05,1998-05-29,20,2.0
ZW,1998-06,1998-06-30,22,0.0
ZW,1998-07,1998-07-31,22,0.0
ZW,1998-08,1998-08-31,21,0.0
ZW,1998-09,1998-09-30,21,0.0
ZW,1998-10,1998-10-30,22,1.0
ZW,1998-11,1998-11-30,20,0.0
ZW,1998-12,1998-12-31,22,0.0
ZW,1999-01,1999-01-29,19,2.0
ZW,1999-02,1999-02-26,19,2.0
ZW,1999-03,1999-03-31,23,0.0
ZW,1999-04,1999-04-30,21,0.0
ZW,1999-05,1999-05-28,20,3.0
ZW,1999-06,1999-06-30,22,0.0
ZW,1999-07,1999-07-30,21,1.0
ZW,1999-08,1999-08-31,22,0.0
ZW,1999-09,1999-09-30,21,0.0
ZW,1999-10,1999-10-29,21,2.0
ZW,1999-11,1999-11-30,21,0.0
ZW,1999-12,1999-12-30,21,1.0
ZW,2000-01,2000-01-31,20,0.0
ZW,2000-02,2000-02-29,20,0.0
ZW,2000-03,2000-03-31,23,0.0
ZW,2000-04,2000-04-28,19,2.0
ZW,2000-05,2000-05-31,22,0.0
ZW,2000-06,2000-06-30,22,0.0
ZW,2000-07,2000-07-31,20,0.0
ZW,2000-08,2000-08-31,23,0.0
ZW,2000-09,2000-09-29,20,1.0
ZW,2000-10,2000-10-31,22,0.0
ZW,2000-11,2000-11-30,21,0.0
ZW,2000-12,2000-12-29,20,2.0
ZW,2001-01,2001-01-31,21,0.0
ZW,2001-02,2001-02-28,19,0.0
ZW,2001-03,2001-03-30,22,1.0
ZW,2001-04,2001-04-30,20,0.0
ZW,2001-05,2001-05-31,22,0.0
ZW,2001-06,2001-06-29,21,1.0
ZW,2001-07,2001-07-31,21,0.0
ZW,2001-08,2001-08-31,23,0.0
ZW,2001-09,2001-09-28,17,2.0
ZW,2001-10,2001-10-31,23,0.0
ZW,2001-11,2001-11-30,21,0.0
ZW,2001-12,2001-12-31,19,0.0
ZW,2002-01,2002-01-31,21,0.0
ZW,2002-02,2002-02-28,19,0.0
ZW,2002-03,2002-03-28,20,3.0
ZW,2002-04,2002-04-30,22,0.0
ZW,2002-05,2002-05-31,22,0.0
ZW,2002-06,2002-06-28,20,2.0
ZW,2002-07,2002-07-31,22,0.0
ZW,2002-08,2002-08-30,22,1.0
ZW,2002-09,2002-09-30,20,0.0
ZW,2002-10,2002-10-31,23,0.0
ZW,2002-11,2002-11-29,20,1.0
ZW,2002-12,2002-12-31,20,0.0
ZW,2003-01,2003-01-31,21,0.0
ZW,2003-02,2003-02-28,19,0.0
ZW,2003-03,2003-03-31,21,0.0
ZW,2003-04,2003-04-30,21,0.0
ZW,2003-05,2003-05-30,21,1.0
ZW,2003-06,2003-06-30,21,0.0
ZW,2003-07,2003-07-31,22,0.0
ZW,2003-08,2003-08-29,21,2.0
ZW,2003-09,2003-09-30,21,0.0
ZW,2003-10,2003-10-31,23,0.0
ZW,2003-11,2003-11-28,19,2.0
ZW,2003-12,2003-12-31,22,0.0
ZW,2004-01,2004-01-30,20,1.0
ZW,2004-02,2004-02-27,19,2.0
ZW,2004-03,2004-03-31,23,0.0
ZW,2004-04,2004-04-30,21,0.0
ZW,2004-05,2004-05-28,20,3.0
ZW,2004-06,2004-06-30,21,0.0
ZW,2004-07,2004-07-30,21,1.0
ZW,2004-08,2004-08-31,22,0.0
ZW,2004-09,2004-09-30,21,0.0
ZW,2004-10,2004-10-29,21,2.0
ZW,2004-11,2004-11-30,21,0.0
ZW,2004-12,2004-12-30,21,1.0
ZW,2005-01,2005-01-31,20,0.0
ZW,2005-02,2005-02-28,19,0.0
ZW,2005-03,2005-03-31,22,0.0
ZW,2005-04,2005-04-29,21,1.0
ZW,2005-05,2005-05-31,21,0.0
ZW,2005-06,2005-06-30,22,0.0
ZW,2005-07,2005-07-29,20,2.0
ZW,2005-08,2005-08-31,23,0.0
ZW,2005-09,2005-09-30,21,0.0
ZW,2005-10,2005-10-31,21,0.0
ZW,2005-11,2005-11-30,21,0.0
ZW,2005-12,2005-12-30,21,1.0
ZW,2006-01,2006-01-31,20,0.0
ZW,2006-02,2006-02-28,19,0.0
ZW,2006-03,2006-03-31,23,0.0
ZW,2006-04,2006-04-28,19,2.0
ZW,2006-05,2006-05-31,22,0.0
ZW,2006-06,2006-06-30,22,0.0
ZW,2006-07,2006-07-31,20,0.0
ZW,2006-08,2006-08-31,23,0.0
ZW,2006-09,2006-09-29,20,1.0
ZW,2006-10,2006-10-31,22,0.0
ZW,2006-11,2006-11-30,21,0.0
ZW,2006-12,2006-12-29,20,2.0
ZW,2007-01,2007-01-31,20,0.0
ZW,2007-02,2007-02-28,19,0.0
ZW,2007-03,2007-03-30,22,1.0
ZW,2007-04,2007-04-30,20,0.0
ZW,2007-05,2007-05-31,22,0.0
ZW,2007-06,2007-06-29,21,1.0
ZW,2007-07,2007-07-31,21,0.0
ZW,2007-08,2007-08-31,23,0.0
ZW,2007-09,2007-09-28,19,2.0
ZW,2007-10,2007-10-31,23,0.0
ZW,2007-11,2007-11-30,21,0.0
ZW,2007-12,2007-12-31,20,0.0
ZW,2008-01,2008-01-31,21,0.0
ZW,2008-02,2008-02-29,20,0.0
ZW,2008-03,2008-03-31,20,0.0
ZW,2008-04,2008-04-30,22,0.0
ZW,2008-05,2008-05-30,21,1.0
ZW,2008-06,2008-06-30,21,0.0
ZW,2008-07,2008-07-31,22,0.0
ZW,2008-08,2008-08-29,21,2.0
ZW,2008-09,2008-09-30,21,0.0
ZW,2008-10,2008-10-31,23,0.0
ZW,2008-11,2008-11-28,19,2.0
ZW,2008-12,2008-12-31,22,0.0
ZW,2009-01,2009-01-30,20,1.0
ZW,2009-02,2009-02-27,19,1.0
ZW,2009-03,2009-03-31,22,0.0
ZW,2009-04,2009-04-30,21,0.0
ZW,2009-05,2009-05-29,20,2.0
ZW,2009-06,2009-06-30,22,0.0
ZW,2009-07,2009-07-31,23,0.0
ZW,2009-08,2009-08-31,21,0.0
ZW,2009-09,2009-09-30,21,0.0
ZW,2009-10,2009-10-30,22,1.0
ZW,2009-11,2009-11-30,20,0.0
ZW,2009-12,2009-12-31,22,0.0
ZW,2010-01,2010-01-29,19,2.0
ZW,2010-02,2010-02-26,19,2.0
ZW,2010-03,2010-03-31,23,0.0
ZW,2010-04,2010-04-30,21,0.0
ZW,2010-05,2010-05-28,20,3.0
ZW,2010-06,2010-06-30,22,0.0
ZW,2010-07,2010-07-30,21,1.0
ZW,2010-08,2010-08-31,22,0.0
ZW,2010-09,2010-09-30,21,0.0
ZW,2010-10,2010-10-29,21,2.0
ZW,2010-11,2010-11-30,21,0.0
ZW,2010-12,2010-12-31,22,0.0
ZW,2011-01,2011-01-31,20,0.0
ZW,2011-02,2011-02-28,19,0.0
ZW,2011-03,2011-03-31,23,0.0
ZW,2011-04,2011-04-29,20,1.0
ZW,2011-05,2011-05-31,21,0.0
ZW,2011-06,2011-06-30,22,0.0
ZW,2011-07,2011-07-29,20,2.0
ZW,2011-08,2011-08-31,23,0.0
ZW,2011-09,2011-09-30,21,0.0
ZW,2011-10,2011-10-31,21,0.0
ZW,2011-11,2011-11-30,21,0.0
ZW,2011-12,2011-12-30,21,1.0
ZW,2012-01,2012-01-31,20,0.0
ZW,2012-02,2012-02-29,20,0.0
ZW,2012-03,2012-03-30,22,1.0
ZW,2012-04,2012-04-30,20,0.0
ZW,2012-05,2012-05-31,22,0.0
ZW,2012-06,2012-06-29,21,1.0
ZW,2012-07,2012-07-31,21,0.0
ZW,2012-08,2012-08-31,23,0.0
ZW,2012-09,2012-09-28,19,2.0
ZW,2012-10,2012-10-31,23,0.0
ZW,2012-11,2012-11-30,21,0.0
ZW,2012-12,2012-12-31,20,0.0
ZW,2013-01,2013-01-31,21,0.0
ZW,2013-02,2013-02-28,19,0.0
ZW,2013-03,2013-03-28,20,3.0
ZW,2013-04,2013-04-30,22,0.0
ZW,2013-05,2013-05-31,22,0.0
ZW,2013-06,2013-06-28,20,2.0
ZW,2013-07,2013-07-31,22,0.0
ZW,2013-08,2013-08-30,22,1.0
ZW,2013-09,2013-09-30,20,0.0
ZW,2013-10,2013-10-31,23,0.0
ZW,2013-11,2013-11-29,20,1.0
ZW,2013-12,2013-12-31,21,0.0
ZW,2014-01,2014-01-31,21,0.0
ZW,2014-02,2014-02-28,19,0.0
ZW,2014-03,2014-03-31,21,0.0
ZW,2014-04,2014-04-30,21,0.0
ZW,2014-05,2014-05-30,21,1.0
ZW,2014-06,2014-06-30,21,0.0
ZW,2014-07,2014-07-31,22,0.0
ZW,2014-08,2014-08-29,21,2.0
ZW,2014-09,2014-09-30,21,0.0
ZW,2014-10,2014-10-31,23,0.0
ZW,2014-11,2014-11-28,19,2.0
ZW,2014-12,2014-12-31,22,0.0
ZZ,1969-01,,0,
ZZ,1969-02,,0,
ZZ,1969-03,,0,
ZZ,1969-04,,0,
ZZ,1969-05,,0,
ZZ,1969-06,,0,
ZZ,1969-07,,0,
ZZ,1969-08,,0,
ZZ,1969-09,,0,
ZZ,1969-10,,0,
ZZ,1969-11,,0,
ZZ,1969-12,,0,
ZZ,1970-01,1970-01-30,20,1.0
ZZ,1970-02,1970-02-27,19,1.0
ZZ,1970-03,1970-03-31,21,0.0
ZZ,1970-04,1970-04-30,22,0.0
ZZ,1970-05,1970-05-28,20,3.0
ZZ,1970-06,1970-06-30,22,0.0
ZZ,1970-07,1970-07-31,22,0.0
ZZ,1970-08,1970-08-31,21,0.0
ZZ,1970-09,1970-09-30,21,0.0
ZZ,1970-10,1970-10-30,22,1.0
ZZ,1970-11,1970-11-30,19,0.0
ZZ,1970-12,1970-12-31,22,0.0
ZZ,1971-01,1971-01-29,20,2.0
ZZ,1971-02,1971-02-26,19,2.0
ZZ,1971-03,1971-03-31,23,0.0
ZZ,1971-04,1971-04-30,21,0.0
ZZ,1971-05,1971-05-28,20,3.0
ZZ,1971-06,1971-06-30,22,0.0
ZZ,1971-07,1971-07-30,21,1.0
ZZ,1971-08,1971-08-31,22,0.0
ZZ,1971-09,1971-09-30,21,0.0
ZZ,1971-10,1971-10-29,21,2.0
ZZ,1971-11,1971-11-30,21,0.0
ZZ,1971-12,1971-12-30,21,1.0
ZZ,1972-01,1972-01-31,21,0.0
ZZ,1972-02,1972-02-29,20,0.0
ZZ,1972-03,1972-03-30,22,1.0
ZZ,1972-04,1972-04-28,20,2.0
ZZ,1972-05,1972-05-31,22,0.0
ZZ,1972-06,1972-06-30,22,0.0
ZZ,1972-07,1972-07-31,20,0.0
ZZ,1972-08,1972-08-31,23,0.0
ZZ,1972-09,1972-09-29,20,1.0
ZZ,1972-10,1972-10-31,22,0.0
ZZ,1972-11,1972-11-30,19,0.0
ZZ,1972-12,1972-12-29,19,2.0
ZZ,1973-01,1973-01-31,21,0.0
ZZ,1973-02,1973-02-28,19,0.0
ZZ,1973-03,1973-03-30,22,1.0
ZZ,1973-04,1973-04-30,20,0.0
ZZ,1973-05,1973-05-31,22,0.0
ZZ,1973-06,1973-06-29,21,1.0
ZZ,1973-07,1973-07-31,21,0.0
ZZ,1973-08,1973-08-31,23,0.0
ZZ,1973-09,1973-09-28,19,2.0
ZZ,1973-10,1973-10-31,23,0.0
ZZ,1973-11,1973-11-30,21,0.0
ZZ,1973-12,1973-12-31,19,0.0
ZZ,1974-01,1974-01-31,22,0.0
ZZ,1974-02,1974-02-28,19,0.0
ZZ,1974-03,1974-03-29,21,2.0
ZZ,1974-04,1974-04-30,21,0.0
ZZ,1974-05,1974-05-31,22,0.0
ZZ,1974-06,1974-06-28,20,2.0
ZZ,1974-07,1974-07-31,22,0.0
ZZ,1974-08,1974-08-30,22,1.0
ZZ,1974-09,1974-09-30,20,0.0
ZZ,1974-10,1974-10-31,23,0.0
ZZ,1974-11,1974-11-29,19,1.0
ZZ,1974-12,1974-12-31,21,0.0
ZZ,1975-01,1975-01-31,22,0.0
ZZ,1975-02,1975-02-28,19,0.0
ZZ,1975-03,1975-03-31,20,0.0
ZZ,1975-04,1975-04-30,22,0.0
ZZ,1975-05,1975-05-30,21,1.0
ZZ,1975-06,1975-06-30,21,0.0
ZZ,1975-07,1975-07-31,22,0.0
ZZ,1975-08,1975-08-29,21,2.0
ZZ,1975-09,1975-09-30,21,0.0
ZZ,1975-10,1975-10-31,23,0.0
ZZ,1975-11,1975-11-28,19,2.0
ZZ,1975-12,1975-12-31,21,0.0
ZZ,1976-01,1976-01-30,21,1.0
ZZ,1976-02,1976-02-27,19,2.0
ZZ,1976-03,1976-03-31,23,0.0
ZZ,1976-04,1976-04-30,21,0.0
ZZ,1976-05,1976-05-28,20,3.0
ZZ,1976-06,1976-06-30,22,0.0
ZZ,1976-07,1976-07-30,21,1.0
ZZ,1976-08,1976-08-31,22,0.0
ZZ,1976-09,1976-09-30,21,0.0
ZZ,1976-10,1976-10-29,21,2.0
ZZ,1976-11,1976-11-30,20,0.0
ZZ,1976-12,1976-12-30,21,1.0
ZZ,1977-01,1977-01-31,21,0.0
ZZ,1977-02,1977-02-28,19,0.0
ZZ,1977-03,1977-03-31,23,0.0
ZZ,1977-04,1977-04-29,20,1.0
ZZ,1977-05,1977-05-31,21,0.0
ZZ,1977-06,1977-06-30,22,0.0
ZZ,1977-07,1977-07-29,19,2.0
ZZ,1977-08,1977-08-31,23,0.0
ZZ,1977-09,1977-09-30,21,0.0
ZZ,1977-10,1977-10-31,21,0.0
ZZ,1977-11,1977-11-30,21,0.0
ZZ,1977-12,1977-12-30,21,1.0
ZZ,1978-01,1978-01-31,21,0.0
ZZ,1978-02,1978-02-28,19,0.0
ZZ,1978-03,1978-03-31,22,0.0
ZZ,1978-04,1978-04-28,20,2.0
ZZ,1978-05,1978-05-31,22,0.0
ZZ,1978-06,1978-06-30,22,0.0
ZZ,1978-07,1978-07-31,20,0.0
ZZ,1978-08,1978-08-31,23,0.0
ZZ,1978-09,1978-09-29,20,1.0
ZZ,1978-10,1978-10-31,22,0.0
ZZ,1978-11,1978-11-30,19,0.0
ZZ,1978-12,1978-12-29,20,2.0
ZZ,1979-01,1979-01-31,22,0.0
ZZ,1979-02,1979-02-28,19,0.0
ZZ,1979-03,1979-03-30,22,1.0
ZZ,1979-04,1979-04-30,20,0.0
ZZ,1979-05,1979-05-31,22,0.0
ZZ,1979-06,1979-06-29,21,1.0
ZZ,1979-07,1979-07-31,21,0.0
ZZ,1979-08,1979-08-31,23,0.0
ZZ,1979-09,1979-09-28,19,2.0
ZZ,1979-10,1979-10-31,23,0.0
ZZ,1979-11,1979-11-30,21,0.0
ZZ,1979-12,1979-12-31,19,0.0
ZZ,1980-01,1980-01-31,22,0.0
ZZ,1980-02,1980-02-29,20,0.0
ZZ,1980-03,1980-03-31,21,0.0
ZZ,1980-04,1980-04-30,21,0.0
ZZ,1980-05,1980-05-30,21,1.0
ZZ,1980-06,1980-06-30,21,0.0
ZZ,1980-07,1980-07-31,22,0.0
ZZ,1980-08,1980-08-29,21,2.0
ZZ,1980-09,1980-09-30,21,0.0
ZZ,1980-10,1980-10-31,23,0.0
ZZ,1980-11,1980-11-28,18,2.0
ZZ,1980-12,1980-12-31,21,0.0
ZZ,1981-01,1981-01-30,21,1.0
ZZ,1981-02,1981-02-27,19,1.0
ZZ,1981-03,1981-03-31,22,0.0
ZZ,1981-04,1981-04-30,21,0.0
ZZ,1981-05,1981-05-29,20,2.0
ZZ,1981-06,1981-06-30,22,0.0
ZZ,1981-07,1981-07-31,22,0.0
ZZ,1981-08,1981-08-31,21,0.0
ZZ,1981-09,1981-09-30,21,0.0
ZZ,1981-10,1981-10-30,22,1.0
ZZ,1981-11,1981-11-30,20,0.0
ZZ,1981-12,1981-12-31,22,0.0
ZZ,1982-01,1982-01-29,20,2.0
ZZ,1982-02,1982-02-26,19,2.0
ZZ,1982-03,1982-03-31,23,0.0
ZZ,1982-04,1982-04-30,21,0.0
ZZ,1982-05,1982-05-28,20,3.0
ZZ,1982-06,1982-06-30,22,0.0
ZZ,1982-07,1982-07-30,21,1.0
ZZ,1982-08,1982-08-31,22,0.0
ZZ,1982-09,1982-09-30,21,0.0
ZZ,1982-10,1982-10-29,21,2.0
ZZ,1982-11,1982-11-30,21,0.0
ZZ,1982-12,1982-12-31,22,0.0
ZZ,1983-01,1983-01-31,21,0.0
ZZ,1983-02,1983-02-28,19,0.0
ZZ,1983-03,1983-03-31,23,0.0
ZZ,1983-04,1983-04-29,20,1.0
ZZ,1983-05,1983-05-31,21,0.0
ZZ,1983-06,1983-06-30,22,0.0
ZZ,1983-07,1983-07-29,20,2.0
ZZ,1983-08,1983-08-31,23,0.0
ZZ,1983-09,1983-09-30,21,0.0
ZZ,1983-10,1983-10-31,21,0.0
ZZ,1983-11,1983-11-30,20,0.0
ZZ,1983-12,1983-12-30,21,1.0
ZZ,1984-01,1984-01-31,21,0.0
ZZ,1984-02,1984-02-29,20,0.0
ZZ,1984-03,1984-03-30,22,1.0
ZZ,1984-04,1984-04-30,20,0.0
ZZ,1984-05,1984-05-31,22,0.0
ZZ,1984-06,1984-06-29,21,1.0
ZZ,1984-07,1984-07-31,21,0.0
ZZ,1984-08,1984-08-31,23,0.0
ZZ,1984-09,1984-09-28,19,2.0
ZZ,1984-10,1984-10-31,23,0.0
ZZ,1984-11,1984-11-30,21,0.0
ZZ,1984-12,1984-12-31,20,0.0
ZZ,1985-01,1985-01-31,22,0.0
ZZ,1985-02,1985-02-28,19,0.0
ZZ,1985-03,1985-03-29,21,2.0
ZZ,1985-04,1985-04-30,21,0.0
ZZ,1985-05,1985-05-31,22,0.0
ZZ,1985-06,1985-06-28,20,2.0
ZZ,1985-07,1985-07-31,22,0.0
ZZ,1985-08,1985-08-30,22,1.0
ZZ,1985-09,1985-09-30,20,0.0
ZZ,1985-10,1985-10-31,23,0.0
ZZ,1985-11,1985-11-29,20,1.0
ZZ,1985-12,1985-12-31,21,0.0
ZZ,1986-01,1986-01-31,22,0.0
ZZ,1986-02,1986-02-28,19,0.0
ZZ,1986-03,1986-03-31,20,0.0
ZZ,1986-04,1986-04-30,22,0.0
ZZ,1986-05,1986-05-30,21,1.0
ZZ,1986-06,1986-06-30,21,0.0
ZZ,1986-07,1986-07-31,22,0.0
ZZ,1986-08,1986-08-29,21,2.0
ZZ,1986-09,1986-09-30,21,0.0
ZZ,1986-10,1986-10-31,23,0.0
ZZ,1986-11,1986-11-28,19,2.0
ZZ,1986-12,1986-12-31,22,0.0
ZZ,1987-01,1987-01-30,21,1.0
ZZ,1987-02,1987-02-27,19,1.0
ZZ,1987-03,1987-03-31,22,0.0
ZZ,1987-04,1987-04-30,21,0.0
ZZ,1987-05,1987-05-29,20,2.0
ZZ,1987-06,1987-06-30,22,0.0
ZZ,1987-07,1987-07-31,22,0.0
ZZ,1987-08,1987-08-31,21,0.0
ZZ,1987-09,1987-09-30,21,0.0
ZZ,1987-10,1987-10-30,22,1.0
ZZ,1987-11,1987-11-30,20,0.0
ZZ,1987-12,1987-12-31,22,0.0
ZZ,1988-01,1988-01-29,20,2.0
ZZ,1988-02,1988-02-29,20,0.0
ZZ,1988-03,1988-03-31,23,0.0
ZZ,1988-04,1988-04-29,20,1.0
ZZ,1988-05,1988-05-31,21,0.0
ZZ,1988-06,1988-06-30,22,0.0
ZZ,1988-07,1988-07-29,20,2.0
ZZ,1988-08,1988-08-31,23,0.0
ZZ,1988-09,1988-09-30,21,0.0
ZZ,1988-10,1988-10-31,21,0.0
ZZ,1988-11,1988-11-30,21,0.0
ZZ,1988-12,1988-12-30,21,1.0
ZZ,1989-01,1989-01-31,21,0.0
ZZ,1989-02,1989-02-28,19,0.0
ZZ,1989-03,1989-03-31,22,0.0
ZZ,1989-04,1989-04-28,20,2.0
ZZ,1989-05,1989-05-31,22,0.0
ZZ,1989-06,1989-06-30,22,0.0
ZZ,1989-07,1989-07-31,20,0.0
ZZ,1989-08,1989-08-31,23,0.0
ZZ,1989-09,1989-09-29,20,1.0
ZZ,1989-10,1989-10-31,22,0.0
ZZ,1989-11,1989-11-30,21,0.0
ZZ,1989-12,1989-12-29,20,2.0
ZZ,1990-01,1990-01-31,22,0.0
ZZ,1990-02,1990-02-28,19,0.0
ZZ,1990-03,1990-03-30,22,1.0
ZZ,1990-04,1990-04-30,20,0.0
ZZ,1990-05,1990-05-31,22,0.0
ZZ,1990-06,1990-06-29,21,1.0
ZZ,1990-07,1990-07-31,21,0.0
ZZ,1990-08,1990-08-31,23,0.0
ZZ,1990-09,1990-09-28,19,2.0
ZZ,1990-10,1990-10-31,23,0.0
ZZ,1990-11,1990-11-30,21,0.0
ZZ,1990-12,1990-12-31,20,0.0
ZZ,1991-01,1991-01-31,22,0.0
ZZ,1991-02,1991-02-28,19,0.0
ZZ,1991-03,1991-03-28,20,3.0
ZZ,1991-04,1991-04-30,22,0.0
ZZ,1991-05,1991-05-31,22,0.0
ZZ,1991-06,1991-06-28,20,2.0
ZZ,1991-07,1991-07-31,22,0.0
ZZ,1991-08,1991-08-30,22,1.0
ZZ,1991-09,1991-09-30,20,0.0
ZZ,1991-10,1991-10-31,23,0.0
ZZ,1991-11,1991-11-29,20,1.0
ZZ,1991-12,1991-12-31,21,0.0
ZZ,1992-01,1992-01-31,22,0.0
ZZ,1992-02,1992-02-28,19,1.0
ZZ,1992-03,1992-03-31,22,0.0
ZZ,1992-04,1992-04-30,21,0.0
ZZ,1992-05,1992-05-29,20,2.0
ZZ,1992-06,1992-06-30,22,0.0
ZZ,1992-07,1992-07-31,22,0.0
ZZ,1992-08,1992-08-31,21,0.0
ZZ,1992-09,1992-09-30,21,0.0
ZZ,1992-10,1992-10-30,22,1.0
ZZ,1992-11,1992-11-30,20,0.0
ZZ,1992-12,1992-12-31,22,0.0
ZZ,1993-01,1993-01-29,20,2.0
ZZ,1993-02,1993-02-26,19,2.0
ZZ,1993-03,1993-03-31,23,0.0
ZZ,1993-04,1993-04-30,21,0.0
ZZ,1993-05,1993-05-28,20,3.0
ZZ,1993-06,1993-06-30,22,0.0
ZZ,1993-07,1993-07-30,21,1.0
ZZ,1993-08,1993-08-31,22,0.0
ZZ,1993-09,1993-09-30,21,0.0
ZZ,1993-10,1993-10-29,21,2.0
ZZ,1993-11,1993-11-30,21,0.0
ZZ,1993-12,1993-12-31,22,0.0
ZZ,1994-01,1994-01-31,21,0.0
ZZ,1994-02,1994-02-28,19,0.0
ZZ,1994-03,1994-03-31,23,0.0
ZZ,1994-04,1994-04-29,19,1.0
ZZ,1994-05,1994-05-31,21,0.0
ZZ,1994-06,1994-06-30,22,0.0
ZZ,1994-07,1994-07-29,20,2.0
ZZ,1994-08,1994-08-31,23,0.0
ZZ,1994-09,1994-09-30,21,0.0
ZZ,1994-10,1994-10-31,21,0.0
ZZ,1994-11,1994-11-30,21,0.0
ZZ,1994-12,1994-12-30,21,1.0
ZZ,1995-01,1995-01-31,21,0.0
ZZ,1995-02,1995-02-28,19,0.0
ZZ,1995-03,1995-03-31,23,0.0
ZZ,1995-04,1995-04-28,19,2.0
ZZ,1995-05,1995-05-31,22,0.0
ZZ,1995-06,1995-06-30,22,0.0
ZZ,1995-07,1995-07-31,20,0.0
ZZ,1995-08,1995-08-31,23,0.0
ZZ,1995-09,1995-09-29,20,1.0
ZZ,1995-10,1995-10-31,22,0.0
ZZ,1995-11,1995-11-30,21,0.0
ZZ,1995-12,1995-12-29,20,2.0
ZZ,1996-01,1996-01-31,22,0.0
ZZ,1996-02,1996-02-29,20,0.0
ZZ,1996-03,1996-03-29,21,2.0
ZZ,1996-04,1996-04-30,21,0.0
ZZ,1996-05,1996-05-31,22,0.0
ZZ,1996-06,1996-06-28,20,2.0
ZZ,1996-07,1996-07-31,22,0.0
ZZ,1996-08,1996-08-30,22,1.0
ZZ,1996-09,1996-09-30,20,0.0
ZZ,1996-10,1996-10-31,23,0.0
ZZ,1996-11,1996-11-29,20,1.0
ZZ,1996-12,1996-12-31,21,0.0
ZZ,1997-01,1997-01-31,22,0.0
ZZ,1997-02,1997-02-28,19,0.0
ZZ,1997-03,1997-03-31,20,0.0
ZZ,1997-04,1997-04-30,22,0.0
ZZ,1997-05,1997-05-30,21,1.0
ZZ,1997-06,1997-06-30,21,0.0
ZZ,1997-07,1997-07-31,22,0.0
ZZ,1997-08,1997-08-29,21,2.0
ZZ,1997-09,1997-09-30,21,0.0
ZZ,1997-10,1997-10-31,23,0.0
ZZ,1997-11,1997-11-28,19,2.0
ZZ,1997-12,1997-12-31,22,0.0
ZZ,1998-01,1998-01-30,20,1.0
ZZ,1998-02,1998-02-27,19,1.0
ZZ,1998-03,1998-03-31,22,0.0
ZZ,1998-04,1998-04-30,21,0.0
ZZ,1998-05,1998-05-29,20,2.0
ZZ,1998-06,1998-06-30,22,0.0
ZZ,1998-07,1998-07-31,22,0.0
ZZ,1998-08,1998-08-31,21,0.0
ZZ,1998-09,1998-09-30,21,0.0
ZZ,1998-10,1998-10-30,22,1.0
ZZ,1998-11,1998-11-30,20,0.0
ZZ,1998-12,1998-12-31,22,0.0
ZZ,1999-01,1999-01-29,19,2.0
ZZ,1999-02,1999-02-26,19,2.0
ZZ,1999-03,1999-03-31,23,0.0
ZZ,1999-04,1999-04-30,21,0.0
ZZ,1999-05,1999-05-28,20,3.0
ZZ,1999-06,1999-06-30,22,0.0
ZZ,1999-07,1999-07-30,21,1.0
ZZ,1999-08,1999-08-31,22,0.0
ZZ,1999-09,1999-09-30,21,0.0
ZZ,1999-10,1999-10-29,21,2.0
ZZ,1999-11,1999-11-30,21,0.0
ZZ,1999-12,1999-12-30,21,1.0
ZZ,2000-01,2000-01-31,20,0.0
ZZ,2000-02,2000-02-29,20,0.0
ZZ,2000-03,2000-03-31,23,0.0
ZZ,2000-04,2000-04-28,19,2.0
ZZ,2000-05,2000-05-31,22,0.0
ZZ,2000-06,2000-06-30,22,0.0
ZZ,2000-07,2000-07-31,20,0.0
ZZ,2000-08,2000-08-31,23,0.0
ZZ,2000-09,2000-09-29,20,1.0
ZZ,2000-10,2000-10-31,22,0.0
ZZ,2000-11,2000-11-30,21,0.0
ZZ,2000-12,2000-12-29,20,2.0
ZZ,2001-01,2001-01-31,21,0.0
ZZ,2001-02,2001-02-28,19,0.0
ZZ,2001-03,2001-03-30,22,1.0
ZZ,2001-04,2001-04-30,20,0.0
ZZ,2001-05,2001-05-31,22,0.0
ZZ,2001-06,2001-06-29,21,1.0
ZZ,2001-07,2001-07-31,21,0.0
ZZ,2001-08,2001-08-31,23,0.0
ZZ,2001-09,2001-09-28,17,2.0
ZZ,2001-10,2001-10-31,23,0.0
ZZ,2001-11,2001-11-30,21,0.0
ZZ,2001-12,2001-12-31,20,0.0
ZZ,2002-01,2002-01-31,21,0.0
ZZ,2002-02,2002-02-28,19,0.0
ZZ,2002-03,2002-03-28,20,3.0
ZZ,2002-04,2002-04-30,22,0.0
ZZ,2002-05,2002-05-31,22,0.0
ZZ,2002-06,2002-06-28,20,2.0
ZZ,2002-07,2002-07-31,22,0.0
ZZ,2002-08,2002-08-30,22,1.0
ZZ,2002-09,2002-09-30,20,0.0
ZZ,2002-10,2002-10-31,23,0.0
ZZ,2002-11,2002-11-29,20,1.0
ZZ,2002-12,2002-12-31,20,0.0
ZZ,2003-01,2003-01-31,21,0.0
ZZ,2003-02,2003-02-28,19,0.0
ZZ,2003-03,2003-03-31,21,0.0
ZZ,2003-04,2003-04-30,21,0.0
ZZ,2003-05,2003-05-30,21,1.0
ZZ,2003-06,2003-06-30,21,0.0
ZZ,2003-07,2003-07-31,22,0.0
ZZ,2003-08,2003-08-29,21,2.0
ZZ,2003-09,2003-09-30,21,0.0
ZZ,2003-10,2003-10-31,23,0.0
ZZ,2003-11,2003-11-28,19,2.0
ZZ,2003-12,2003-12-31,22,0.0
ZZ,2004-01,2004-01-30,20,1.0
ZZ,2004-02,2004-02-27,19,2.0
ZZ,2004-03,2004-03-31,23,0.0
ZZ,2004-04,2004-04-30,21,0.0
ZZ,2004-05,2004-05-28,20,3.0
ZZ,2004-06,2004-06-30,21,0.0
ZZ,2004-07,2004-07-30,21,1.0
ZZ,2004-08,2004-08-31,22,0.0
ZZ,2004-09,2004-09-30,21,0.0
ZZ,2004-10,2004-10-29,21,2.0
ZZ,2004-11,2004-11-30,21,0.0
ZZ,2004-12,2004-12-30,21,1.0
ZZ,2005-01,2005-01-31,20,0.0
ZZ,2005-02,2005-02-28,19,0.0
ZZ,2005-03,2005-03-31,22,0.0
ZZ,2005-04,2005-04-29,21,1.0
ZZ,2005-05,2005-05-31,21,0.0
ZZ,2005-06,2005-06-30,22,0.0
ZZ,2005-07,2005-07-29,20,2.0
ZZ,2005-08,2005-08-31,23,0.0
ZZ,2005-09,2005-09-30,21,0.0
ZZ,2005-10,2005-10-31,21,0.0
ZZ,2005-11,2005-11-30,21,0.0
ZZ,2005-12,2005-12-30,21,1.0
ZZ,2006-01,2006-01-31,20,0.0
ZZ,2006-02,2006-02-28,19,0.0
ZZ,2006-03,2006-03-31,23,0.0
ZZ,2006-04,2006-04-28,19,2.0
ZZ,2006-05,2006-05-31,22,0.0
ZZ,2006-06,2006-06-30,22,0.0
ZZ,2006-07,2006-07-31,20,0.0
ZZ,2006-08,2006-08-31,23,0.0
ZZ,2006-09,2006-09-29,20,1.0
ZZ,2006-10,2006-10-31,22,0.0
ZZ,2006-11,2006-11-30,21,0.0
ZZ,2006-12,2006-12-29,20,2.0
ZZ,2007-01,2007-01-31,20,0.0
ZZ,2007-02,2007-02-28,19,0.0
ZZ,2007-03,2007-03-30,22,1.0
ZZ,2007-04,2007-04-30,20,0.0
ZZ,2007-05,2007-05-31,22,0.0
ZZ,2007-06,2007-06-29,21,1.0
ZZ,2007-07,2007-07-31,21,0.0
ZZ,2007-08,2007-08-31,23,0.0
ZZ,2007-09,2007-09-28,19,2.0
ZZ,2007-10,2007-10-31,23,0.0
ZZ,2007-11,2007-11-30,21,0.0
ZZ,2007-12,2007-12-31,20,0.0
ZZ,2008-01,2008-01-31,21,0.0
ZZ,2008-02,2008-02-29,20,0.0
ZZ,2008-03,2008-03-31,20,0.0
ZZ,2008-04,2008-04-30,22,0.0
ZZ,2008-05,2008-05-30,21,1.0
ZZ,2008-06,2008-06-30,21,0.0
ZZ,2008-07,2008-07-31,22,0.0
ZZ,2008-08,2008-08-29,21,2.0
ZZ,2008-09,2008-09-30,21,0.0
ZZ,2008-10,2008-10-31,23,0.0
ZZ,2008-11,2008-11-28,19,2.0
ZZ,2008-12,2008-12-31,22,0.0
ZZ,2009-01,2009-01-30,20,1.0
ZZ,2009-02,2009-02-27,19,1.0
ZZ,2009-03,2009-03-31,22,0.0
ZZ,2009-04,2009-04-30,21,0.0
ZZ,2009-05,2009-05-29,20,2.0
ZZ,2009-06,2009-06-30,22,0.0
ZZ,2009-07,2009-07-31,22,0.0
ZZ,2009-08,2009-08-31,21,0.0
ZZ,2009-09,2009-09-30,21,0.0
ZZ,2009-10,2009-10-30,22,1.0
ZZ,2009-11,2009-11-30,20,0.0
ZZ,2009-12,2009-12-31,22,0.0
ZZ,2010-01,2010-01-29,19,2.0
ZZ,2010-02,2010-02-26,19,2.0
ZZ,2010-03,2010-03-31,23,0.0
ZZ,2010-04,2010-04-30,21,0.0
ZZ,2010-05,2010-05-28,20,3.0
ZZ,2010-06,2010-06-30,22,0.0
ZZ,2010-07,2010-07-30,21,1.0
ZZ,2010-08,2010-08-31,22,0.0
ZZ,2010-09,2010-09-30,21,0.0
ZZ,2010-10,2010-10-29,21,2.0
ZZ,2010-11,2010-11-30,21,0.0
ZZ,2010-12,2010-12-31,22,0.0
ZZ,2011-01,2011-01-31,20,0.0
ZZ,2011-02,2011-02-28,19,0.0
ZZ,2011-03,2011-03-31,23,0.0
ZZ,2011-04,2011-04-29,20,1.0
ZZ,2011-05,2011-05-31,21,0.0
ZZ,2011-06,2011-06-30,22,0.0
ZZ,2011-07,2011-07-29,20,2.0
ZZ,2011-08,2011-08-31,23,0.0
ZZ,2011-09,2011-09-30,21,0.0
ZZ,2011-10,2011-10-31,21,0.0
ZZ,2011-11,2011-11-30,21,0.0
ZZ,2011-12,2011-12-30,21,1.0
ZZ,2012-01,2012-01-31,20,0.0
ZZ,2012-02,2012-02-29,20,0.0
ZZ,2012-03,2012-03-30,22,1.0
ZZ,2012-04,2012-04-30,20,0.0
ZZ,2012-05,2012-05-31,22,0.0
ZZ,2012-06,2012-06-29,21,1.0
ZZ,2012-07,2012-07-31,21,0.0
ZZ,2012-08,2012-08-31,23,0.0
ZZ,2012-09,2012-09-28,19,2.0
ZZ,2012-10,2012-10-31,23,0.0
ZZ,2012-11,2012-11-30,21,0.0
ZZ,2012-12,2012-12-31,20,0.0
ZZ,2013-01,2013-01-31,21,0.0
ZZ,2013-02,2013-02-28,19,0.0
ZZ,2013-03,2013-03-28,20,3.0
ZZ,2013-04,2013-04-30,22,0.0
ZZ,2013-05,2013-05-31,22,0.0
ZZ,2013-06,2013-06-28,20,2.0
ZZ,2013-07,2013-07-31,22,0.0
ZZ,2013-08,2013-08-30,22,1.0
ZZ,2013-09,2013-09-30,20,0.0
ZZ,2013-10,2013-10-31,23,0.0
ZZ,2013-11,2013-11-29,20,1.0
ZZ,2013-12,2013-12-31,21,0.0
ZZ,2014-01,2014-01-31,21,0.0
ZZ,2014-02,2014-02-28,19,0.0
ZZ,2014-03,2014-03-31,21,0.0
ZZ,2014-04,2014-04-30,21,0.0
ZZ,2014-05,2014-05-30,21,1.0
ZZ,2014-06,2014-06-30,21,0.0
ZZ,2014-07,2014-07-31,22,0.0
ZZ,2014-08,2014-08-29,21,2.0
ZZ,2014-09,2014-09-30,21,0.0
ZZ,2014-10,2014-10-31,23,0.0
ZZ,2014-11,2014-11-28,19,2.0
ZZ,2014-12,2014-12-31,22,0.0
